variant,block,scalar,mode,deficiency,n,D_min_ns,D_median_ns,D_max_ns,CPP_min_ns,CPP_median_ns,CPP_max_ns,D_over_CPP
default,0,double,brettel,0,1024,21.453857422,21.459960938,22.015380859,4.104370117,4.140136719,5.27532959,5.183394267999776
default,0,double,brettel,1,1024,21.447753906,21.499633789,24.615478516,4.134887695,4.156616210499999,5.589660645,5.172388476638744
default,0,double,brettel,2,1024,21.301269531,21.408081054999997,28.552246094,4.242553711,4.2581176759999995,5.299865723,5.02759263222391
default,0,double,lookup,0,1024,46.008300781,46.51184082,46.826171875,5.803710938,5.8208007815,6.347351074,7.990625786030434
default,0,double,lookup,1,1024,46.063232422,46.6033935545,64.282226562,5.803710938,5.8217163085,6.818786621,8.00509524767751
default,0,double,lookup,2,1024,46.063232422,47.235107422,55.358886719,5.805480957,5.816833495999999,7.432678223,8.120415936691616
default,0,double,lookupApply,0,1024,55.242919922,55.7281494145,55.883789062,10.073791504,10.080444336,11.240478516,5.5283425568335
default,0,double,lookupApply,1,1024,55.242919922,55.688476562,57.556152344,10.069458008,10.087524414,13.01751709,5.520529544861629
default,0,double,lookupApply,2,1024,55.242919922,56.1767578125,58.972167969,10.074401855,10.080749512,11.86730957,5.572676688933484
default,0,double,prepared,0,1024,26.239013672,26.287841797,27.313232422,1.205810547,1.2244873045000002,1.828369141,21.46844781517291
default,0,double,prepared,1,1024,26.239013672,26.2634277345,26.885986328,1.205871582,1.2254333495,1.244995117,21.43195119115697
default,0,double,prepared,2,1024,26.239013672,26.2634277345,28.674316406,1.206420898,1.235778809,2.688781738,21.252531232310524
default,0,double,vienot,0,1024,21.917724609,21.923828125,25.048828125,1.211303711,1.230621338,1.248718262,17.815251083351523
default,0,double,vienot,1,1024,21.917724609,21.923828125,22.515869141,1.212585449,1.2419433595,2.277160645,17.65284057223545
default,0,float,brettel,0,1024,28.735351562,29.1076660155,30.621337891,2.181213379,2.1863708495,2.235656738,13.313233673123944
default,0,float,brettel,1,1024,28.875732422,29.248046875,30.035400391,2.127990723,2.1340942385000004,3.11315918,13.705133703728892
default,0,float,brettel,2,1024,28.973388672,29.504394531,30.224609375,2.131713867,2.1374816895,3.335693359,13.803343755380507
default,0,float,lookup,0,1024,28.875732422,29.229736328,32.604980469,4.464538574,4.473083496,5.066833496,6.534583214048728
default,0,float,lookup,1,1024,28.894042969,29.083251953,29.663085938,4.463867188,4.470031737999999,5.570129395,6.506274151425277
default,0,float,lookup,2,1024,28.936767578,29.0924072265,30.688476562,4.468139648,4.474914551,5.985290527,6.501220726102754
default,0,float,lookupApply,0,1024,41.510009766,42.6208496095,43.5546875,9.928222656,9.940124512,11.763916016,4.287758121947758
default,0,float,lookupApply,1,1024,41.528320312,42.0379638675,59.802246094,9.931274414,9.938598633,11.450805664,4.229767738875948
default,0,float,lookupApply,2,1024,41.510009766,42.056274414,43.017578125,9.927001953,9.939819336,12.348510742,4.231090424519161
default,0,float,prepared,0,1024,15.447998047,15.4510498045,16.510009766,0.779663086,0.78515625,0.790039062,19.678949004736317
default,0,float,prepared,1,1024,15.447998047,15.454101562,16.265869141,0.779052734,0.7842407225,1.444335938,19.705813685287172
default,0,float,prepared,2,1024,15.447998047,15.631103515500001,16.162109375,0.781494141,0.78515625,0.790039062,19.908271144119404
default,0,float,vienot,0,1024,19.146728516,19.146728516,20.60546875,0.779602051,0.782104492,2.612915039,24.481036372822675
default,0,float,vienot,1,1024,19.451904297,19.458007812,20.660400391,0.778991699,0.781494141,0.786376953,24.898469215778807
bv_compiler,0,double,brettel,0,1024,5.120849609,5.123901367,5.676269531,4.090270996,4.1027832029999995,4.915161133,1.2488842606290647
bv_compiler,0,double,brettel,1,1024,5.114746094,5.120849609,5.749511719,4.103759766,4.134918213000001,5.231323242,1.2384403621092854
bv_compiler,0,double,brettel,2,1024,5.126953125,5.126953125,5.895996094,4.218688965,4.2559814455,4.754333496,1.2046464935651704
bv_compiler,0,double,lookup,0,1024,46.063232422,46.545410156,46.728515625,5.802429199,5.814361571999999,7.274963379,8.005248655354867
bv_compiler,0,double,lookup,1,1024,46.057128906,46.569824219,65.197753906,5.803649902,5.813751221,7.109191895,8.010288443506825
bv_compiler,0,double,lookup,2,1024,46.09375,46.6430664065,47.735595703,5.799987793,5.8131713865000005,7.493225098,8.02368678047576
bv_compiler,0,double,lookupApply,0,1024,55.059814453,55.6854248045,58.679199219,10.072509766,10.087188720499999,11.1640625,5.520410725669441
bv_compiler,0,double,lookupApply,1,1024,55.102539062,55.7556152345,62.603759766,10.073120117,10.085998535,11.707641602,5.5280213496977275
bv_compiler,0,double,lookupApply,2,1024,55.291748047,56.0913085935,56.719970703,10.075012207,10.084777832,11.309509277,5.5619776189334305
bv_compiler,0,double,prepared,0,1024,26.239013672,26.287841797,26.910400391,1.206481934,1.214416504,1.223632812,21.646479367180934
bv_compiler,0,double,prepared,1,1024,26.239013672,26.2634277345,26.867675781,1.20526123,1.214416504,1.223571777,21.626375833986526
bv_compiler,0,double,prepared,2,1024,26.239013672,26.287841797,27.459716797,1.206481934,1.2159729005,2.456420898,21.61877274254271
bv_compiler,0,double,vienot,0,1024,4.046630859,4.046630859,4.663085938,1.210754395,1.2205505369999998,1.229736328,3.315414426793211
bv_compiler,0,double,vienot,1,1024,4.046630859,4.046630859,4.595947266,1.211364746,1.2205200194999999,1.271911621,3.315497324376334
bv_compiler,0,float,brettel,0,1024,4.339599609,4.351806641,5.871582031,2.179382324,2.212097168,3.368713379,1.967276439730065
bv_compiler,0,float,brettel,1,1024,4.339599609,4.345703125,5.236816406,2.129211426,2.1564331054999997,3.088012695,2.015227420649521
bv_compiler,0,float,brettel,2,1024,4.345703125,4.351806641,4.858398438,2.13470459,2.1524658205,2.184265137,2.0217773492863693
bv_compiler,0,float,lookup,0,1024,28.747558594,29.39453125,32.147216797,4.465698242,4.477355957,5.681396484,6.565153973081796
bv_compiler,0,float,lookup,1,1024,28.796386719,29.104614257500003,29.943847656,4.464477539,4.4754943845,5.779846191,6.503105971554371
bv_compiler,0,float,lookup,2,1024,28.796386719,29.351806641,30.053710938,4.465087891,4.4761352535,5.633728027,6.557399403436056
bv_compiler,0,float,lookupApply,0,1024,41.528320312,42.141723633,43.109130859,9.934326172,9.987213135000001,13.876037598,4.219567867768348
bv_compiler,0,float,lookupApply,1,1024,41.534423828,42.5231933595,57.891845703,9.932495117,9.986022948999999,11.436706543,4.258271143244095
bv_compiler,0,float,lookupApply,2,1024,41.516113281,42.068481445,43.1640625,9.933105469,9.9847717285,11.178100586,4.213264217640747
bv_compiler,0,float,prepared,0,1024,15.447998047,15.49987793,17.358398438,0.779663086,0.785766602,0.789489746,19.725803935352292
bv_compiler,0,float,prepared,1,1024,15.447998047,15.447998047,16.809082031,0.782104492,0.7848815920000001,0.790039062,19.68194719363478
bv_compiler,0,float,prepared,2,1024,15.447998047,15.454101562,16.644287109,0.780273438,0.7857666015,0.791259766,19.667546994869316
bv_compiler,0,float,vienot,0,1024,3.424072266,3.424072266,3.472900391,0.779602051,0.783905029,0.789428711,4.367968235090886
bv_compiler,0,float,vienot,1,1024,3.41796875,3.424072266,4.266357422,0.77722168,0.783935547,0.789428711,4.367798193491027
bv_vienot_index,0,double,brettel,0,1024,5.126953125,5.126953125,5.6640625,4.089660645,4.1036987305,4.156921387,1.2493492972315066
bv_vienot_index,0,double,brettel,1,1024,5.114746094,5.227661133,5.834960938,4.119018555,4.137664795,5.318786621,1.2634327312635774
bv_vienot_index,0,double,brettel,2,1024,5.126953125,5.133056641,6.005859375,4.229064941,4.243133544999999,4.261474609,1.2097325211573091
bv_vienot_index,0,double,lookup,0,1024,45.623779297,46.1669921875,46.453857422,5.800048828,5.8098144529999995,7.052368164,7.946379795943546
bv_vienot_index,0,double,lookup,1,1024,45.623779297,46.710205078,63.525390625,5.795166016,5.8110046385,7.059692383,8.038232282336871
bv_vienot_index,0,double,lookup,2,1024,45.623779297,46.173095703499996,47.320556641,5.79510498,5.8100585935,7.298828125,7.94709639506151
bv_vienot_index,0,double,lookupApply,0,1024,54.925537109,55.679321289,56.317138672,10.082275391,10.141906738,11.268615723,5.4900249753213615
bv_vienot_index,0,double,lookupApply,1,1024,54.931640625,55.9936523435,57.604980469,10.082946777,10.130004883000002,11.947387695,5.527504970650861
bv_vienot_index,0,double,lookupApply,2,1024,55.139160156,55.828857422,56.817626953,10.086608887,10.1416015625,11.505249023,5.504935002419644
bv_vienot_index,0,double,prepared,0,1024,26.239013672,26.290893554500002,27.716064453,1.205871582,1.2159729005,2.453918457,21.621282467470586
bv_vienot_index,0,double,prepared,1,1024,26.239013672,26.287841797,27.722167969,1.205871582,1.2153320315,1.222351074,21.63017275579805
bv_vienot_index,0,double,prepared,2,1024,26.239013672,26.6174316405,27.734375,1.207092285,1.2165527345,2.441040039,21.8793899233967
bv_vienot_index,0,double,vienot,0,1024,2.197265625,2.215576172,4.449462891,1.210754395,1.2208251954999998,1.23034668,1.814818517971847
bv_vienot_index,0,double,vienot,1,1024,2.197265625,2.209472656,2.789306641,1.210144043,1.2202148435,1.23034668,1.810724289881989
bv_vienot_index,0,float,brettel,0,1024,4.644775391,4.650878906,5.450439453,2.18182373,2.186401367,4.192993164,2.1271844118820473
bv_vienot_index,0,float,brettel,1,1024,4.644775391,4.650878906,6.091308594,2.128601074,2.135040283,2.183044434,2.1783565130044904
bv_vienot_index,0,float,brettel,2,1024,4.650878906,4.656982422,5.249023438,2.13104248,2.137756348,2.189758301,2.1784439683020413
bv_vienot_index,0,float,lookup,0,1024,28.723144531,28.884887695499998,30.407714844,4.463317871,4.4819641115,5.770690918,6.444694106627497
bv_vienot_index,0,float,lookup,1,1024,28.771972656,28.973388672,30.053710938,4.46081543,4.476470947499999,5.738830566,6.4723727712744195
bv_vienot_index,0,float,lookup,2,1024,28.802490234,29.037475586,30.615234375,4.471862793,4.477050781,5.810424805,6.485849056979905
bv_vienot_index,0,float,lookupApply,0,1024,41.516113281,42.2424316405,44.274902344,9.930053711,9.9422912595,11.453918457,4.24876223578109
bv_vienot_index,0,float,lookupApply,1,1024,41.528320312,42.465209961,58.905029297,9.916625977,9.941680908,11.008728027,4.271431597329637
bv_vienot_index,0,float,lookupApply,2,1024,41.540527344,42.184448242,42.87109375,9.925109863,9.941345214999998,13.422241211,4.243334008595738
bv_vienot_index,0,float,prepared,0,1024,15.447998047,15.454101562,16.900634766,0.781494141,0.785125732,0.789428711,19.683600896168308
bv_vienot_index,0,float,prepared,1,1024,15.447998047,15.454101562,16.741943359,0.779663086,0.78515625,0.789489746,19.682835820258706
bv_vienot_index,0,float,prepared,2,1024,15.447998047,15.475463867,16.082763672,0.77722168,0.785766602,0.788208008,19.694733560335262
bv_vienot_index,0,float,vienot,0,1024,2.191162109,2.197265625,3.466796875,0.780883789,0.782714844,2.172058105,2.8072364307939455
bv_vienot_index,0,float,vienot,1,1024,2.191162109,2.197265625,2.197265625,0.778442383,0.7827148435,1.885253906,2.8072364325872146
bv_vienot_ref,0,double,brettel,0,1024,5.120849609,5.123901367,6.488037109,4.086669922,4.1064453125,4.616760254,1.2477705112504163
bv_vienot_ref,0,double,brettel,1,1024,5.114746094,5.120849609,5.120849609,4.101928711,4.13861084,6.357727051,1.2373353782159426
bv_vienot_ref,0,double,brettel,2,1024,5.126953125,5.133056641,6.323242188,4.22479248,4.2593688965,5.43737793,1.2051214078259163
bv_vienot_ref,0,double,lookup,0,1024,45.642089844,46.224975586,46.759033203,5.790222168,5.8067321775,7.329406738,7.960583366512602
bv_vienot_ref,0,double,lookup,1,1024,45.703125,46.60949707,62.622070312,5.79699707,5.810119629000001,6.851806641,8.022123475282404
bv_vienot_ref,0,double,lookup,2,1024,45.703125,46.3836669925,47.601318359,5.799377441,5.815032959,7.339172363,7.976509732539247
bv_vienot_ref,0,double,lookupApply,0,1024,54.998779297,55.59387207,58.905029297,10.073791504,10.094848633000002,11.306518555,5.507152617253117
bv_vienot_ref,0,double,lookupApply,1,1024,54.943847656,55.615234375,57.458496094,10.071289062,10.087219238,11.313842773,5.513435671695272
bv_vienot_ref,0,double,lookupApply,2,1024,54.937744141,55.813598633,57.989501953,10.075561523,10.0902404785,11.533996582,5.531443849324111
bv_vienot_ref,0,double,prepared,0,1024,26.239013672,26.290893554500002,26.934814453,1.208312988,1.217468262,1.351989746,21.594726018820854
bv_vienot_ref,0,double,prepared,1,1024,26.239013672,26.2634277345,27.575683594,1.207092285,1.2147216795,1.265197754,21.620942622272512
bv_vienot_ref,0,double,prepared,2,1024,26.239013672,26.266479492499997,27.526855469,1.206481934,1.2156677249999999,1.222961426,21.606627331082596
bv_vienot_ref,0,double,vienot,0,1024,2.197265625,2.203369141,3.619384766,1.211975098,1.2242126464999998,2.486328125,1.7998255019660103
bv_vienot_ref,0,double,vienot,1,1024,2.203369141,2.227783203,2.880859375,1.210754395,1.221435547,1.232177734,1.8239056563170417
bv_vienot_ref,0,float,brettel,0,1024,4.498291016,4.498291016,6.549072266,2.181213379,2.2169494629999997,2.263183594,2.0290453576297875
bv_vienot_ref,0,float,brettel,1,1024,4.4921875,4.4921875,4.498291016,2.128601074,2.1640930175,2.199523926,2.0757830017812533
bv_vienot_ref,0,float,brettel,2,1024,4.498291016,4.504394531,5.596923828,2.129821777,2.1774902344999996,2.228942871,2.068617557788639
bv_vienot_ref,0,float,lookup,0,1024,28.491210938,28.6224365235,29.852294922,4.457763672,4.471588135,8.1640625,6.400955468028586
bv_vienot_ref,0,float,lookup,1,1024,28.509521484,28.594970703,32.409667969,4.460205078,4.471557617,5.704040527,6.3948568155059515
bv_vienot_ref,0,float,lookup,2,1024,28.540039062,28.741455078,29.833984375,4.459594727,4.4669494625,5.691833496,6.434246753692706
bv_vienot_ref,0,float,lookupApply,0,1024,41.546630859,42.2546386715,43.249511719,9.93371582,10.042236328000001,11.363952637,4.207692120696723
bv_vienot_ref,0,float,lookupApply,1,1024,41.546630859,42.483520508,58.654785156,9.933105469,10.0545043945,14.338928223,4.225322188057252
bv_vienot_ref,0,float,lookupApply,2,1024,41.564941406,42.1112060545,43.060302734,9.939208984,10.050506592,11.257568359,4.189958552737996
bv_vienot_ref,0,float,prepared,0,1024,15.447998047,15.45715332,16.790771484,0.780273438,0.788208008,2.397705078,19.610500227244582
bv_vienot_ref,0,float,prepared,1,1024,15.447998047,15.4510498045,18.328857422,0.780273438,0.788543701,2.092529297,19.594411552467655
bv_vienot_ref,0,float,prepared,2,1024,15.447998047,15.45715332,16.680908203,0.783935547,0.7885131835,0.795532227,19.60291044391904
bv_vienot_ref,0,float,vienot,0,1024,1.892089844,1.9317626955,1.965332031,0.779052734,0.78692627,0.793701172,2.454820443978824
bv_vienot_ref,0,float,vienot,1,1024,1.898193359,1.956176758,3.247070312,0.780883789,0.7864074704999999,0.794311523,2.487484963432834
default,1,double,brettel,0,1024,21.453857422,21.493530273,22.784423828,4.091491699,4.1012573240000005,5.174438477,5.2407173154492845
default,1,double,brettel,1,1024,21.447753906,21.4874267575,22.045898438,4.098876953,4.1349487305,5.438598633,5.196540068080053
default,1,double,brettel,2,1024,21.307373047,21.3439941405,22.528076172,4.222412109,4.258758545,5.587280273,5.011787805053879
default,1,double,lookup,0,1024,46.026611328,46.527099609,47.619628906,5.79699707,5.848022460999999,7.038330078,7.95603982701598
default,1,double,lookup,1,1024,46.069335938,46.563720703,55.126953125,5.79876709,5.8394470215,7.049255371,7.973994888824081
default,1,double,lookup,2,1024,46.002197266,46.6461181645,47.839355469,5.805480957,5.8449707029999995,7.69140625,7.980556367982877
default,1,double,lookupApply,0,1024,55.6640625,55.786132812,59.350585938,10.063964844,10.0716247555,12.404174805,5.538940753480299
default,1,double,lookupApply,1,1024,55.279541016,55.7037353515,55.883789062,10.065185547,10.075592041,11.680175781,5.52858185651306
default,1,double,lookupApply,2,1024,55.242919922,56.3201904295,58.30078125,10.058532715,10.0734558105,11.219665527,5.590950264634608
default,1,double,prepared,0,1024,26.239013672,26.4251708985,26.85546875,1.207641602,1.2153320315,2.208068848,21.743169943348935
default,1,double,prepared,1,1024,26.239013672,26.242065429999997,27.868652344,1.206481934,1.2156372069999999,1.223571777,21.58708640940767
default,1,double,prepared,2,1024,26.239013672,26.330566406499997,27.587890625,1.205810547,1.2159423829999998,1.840576172,21.654452361086918
default,1,double,vienot,0,1024,21.917724609,21.926879882999998,23.651123047,1.210754395,1.2208251954999998,1.229675293,17.960703927002136
default,1,double,vienot,1,1024,21.923828125,21.97265625,24.774169922,1.211364746,1.223876953,2.838562012,17.953321366286076
default,1,float,brettel,0,1024,28.753662109,29.324340820499998,30.633544922,2.181152344,2.18548584,2.33770752,13.417767474759753
default,1,float,brettel,1,1024,28.875732422,29.431152343999997,30.895996094,2.129882812,2.13470459,5.20501709,13.78699070675629
default,1,float,brettel,2,1024,28.973388672,29.9560546875,30.975341797,2.133483887,2.1365661620000003,2.139648438,14.020653897962461
default,1,float,lookup,0,1024,28.936767578,29.3212890625,30.261230469,4.471862793,4.4791870115000005,7.273742676,6.546118522673788
default,1,float,lookup,1,1024,28.918457031,29.275512695,30.041503906,4.473083496,4.4788513185,5.668518066,6.5363885990313655
default,1,float,lookup,2,1024,28.918457031,29.0924072265,29.656982422,4.468811035,4.476135254,5.779174805,6.499447754734893
default,1,float,lookupApply,0,1024,41.522216797,42.288208008,44.256591797,9.930053711,9.9376831055,11.250305176,4.2553387503970255
default,1,float,lookupApply,1,1024,41.510009766,42.071533203,60.357666016,9.925170898,9.934936523,11.234985352,4.2347057885676245
default,1,float,lookupApply,2,1024,41.516113281,42.041015625,43.255615234,9.923339844,9.9364624025,12.846252441,4.230984219738258
default,1,float,prepared,0,1024,15.447998047,15.454101562,16.931152344,0.779663086,0.7845458985,0.932556152,19.698148434077883
default,1,float,prepared,1,1024,15.447998047,15.475463867,18.298339844,0.778991699,0.784545898,2.115112305,19.725377325215458
default,1,float,prepared,2,1024,15.447998047,15.4510498045,16.729736328,0.778991699,0.782409668,0.790649414,19.74803026654318
default,1,float,vienot,0,1024,19.146728516,19.1497802735,20.544433594,0.780883789,0.782714844,1.849121094,24.465845282346528
default,1,float,vienot,1,1024,19.451904297,19.479370117000002,20.654296875,0.779663086,0.781494141,0.78704834,24.925804423913142
bv_compiler,1,double,brettel,0,1024,5.120849609,5.126953125,5.670166016,4.122131348,4.162109375,5.871582031,1.2318160488033787
bv_compiler,1,double,brettel,1,1024,5.114746094,5.120849609,5.853271484,4.151489258,4.17376709,5.669128418,1.2269131215465117
bv_compiler,1,double,brettel,2,1024,5.126953125,5.130004883,5.17578125,4.262756348,4.272827148499999,5.523071289,1.2006113761940773
bv_compiler,1,double,lookup,0,1024,46.069335938,46.566772461,46.746826172,5.79083252,5.8082885740000005,7.051147461,8.017296638712082
bv_compiler,1,double,lookup,1,1024,46.069335938,47.0275878905,51.318359375,5.793945312,5.8095092775,6.808349609,8.09493291845423
bv_compiler,1,double,lookup,2,1024,46.057128906,46.5606689455,47.534179688,5.799987793,5.810119629000001,8.119445801,8.013719496084406
bv_compiler,1,double,lookupApply,0,1024,55.249023438,55.697631836,68.719482422,10.073791504,10.1679382325,12.187072754,5.477770474448051
bv_compiler,1,double,lookupApply,1,1024,55.242919922,55.7495117185,57.946777344,10.073181152,10.1624145505,11.341369629,5.485852937947417
bv_compiler,1,double,lookupApply,2,1024,55.242919922,56.0302734375,59.124755859,10.072509766,10.1642456055,12.043945312,5.512487164534997
bv_compiler,1,double,prepared,0,1024,26.239013672,26.287841797,26.879882812,1.214416504,1.2431640625,1.273742676,21.14591516113747
bv_compiler,1,double,prepared,1,1024,26.239013672,26.254272461,27.459716797,1.211364746,1.244415283,1.273742676,21.09767761587351
bv_compiler,1,double,prepared,2,1024,26.239013672,26.290893554500002,27.648925781,1.214416504,1.262695312,1.270690918,20.821249041352267
bv_compiler,1,double,vienot,0,1024,4.046630859,4.046630859,4.656982422,1.219360352,1.248046875,1.27746582,3.24237089171831
bv_compiler,1,double,vienot,1,1024,4.046630859,4.22668457,5.560302734,1.218139648,1.246826172,1.281066895,3.3899549631847155
bv_compiler,1,float,brettel,0,1024,4.345703125,4.345703125,6.091308594,2.183044434,2.1979980465,2.21484375,1.977118738535694
bv_compiler,1,float,brettel,1,1024,4.339599609,4.345703125,4.39453125,2.13104248,2.147857666,2.162841797,2.023273326622752
bv_compiler,1,float,brettel,2,1024,4.345703125,4.351806641,4.895019531,2.134765625,2.1463317875000003,3.272094727,2.0275554163361145
bv_compiler,1,float,lookup,0,1024,28.784179688,29.12902832,29.766845703,4.454101562,4.4721374515,5.670959473,6.513446564624222
bv_compiler,1,float,lookup,1,1024,28.839111328,28.976440429500002,29.522705078,4.45111084,4.4785766605,6.85546875,6.470011038342927
bv_compiler,1,float,lookup,2,1024,28.753662109,29.217529297,30.46875,4.452270508,4.4660644529999995,4.484069824,6.542119936798861
bv_compiler,1,float,lookupApply,0,1024,41.534423828,42.166137695,43.249511719,9.936767578,9.971923828000001,14.327941895,4.228485738790182
bv_compiler,1,float,lookupApply,1,1024,41.534423828,42.1234130855,59.057617188,9.939208984,9.9722595215,11.604919434,4.2240590504772495
bv_compiler,1,float,lookupApply,2,1024,41.528320312,42.071533203,43.408203125,9.937988281,9.968261718499999,11.057067871,4.220548616306879
bv_compiler,1,float,prepared,0,1024,15.447998047,15.447998047,16.723632812,0.780273438,0.7857666015,0.792480469,19.659779402064597
bv_compiler,1,float,prepared,1,1024,15.447998047,15.4724121095,16.400146484,0.780212402,0.7842712405000001,0.79309082,19.728394094415346
bv_compiler,1,float,prepared,2,1024,15.447998047,15.454101562,16.131591797,0.780273438,0.783935547,0.792480469,19.71348489188997
bv_compiler,1,float,vienot,0,1024,3.424072266,3.424072266,3.918457031,0.781494141,0.7842407225,0.791931152,4.366098530416469
bv_compiler,1,float,vienot,1,1024,3.41796875,3.424072266,4.187011719,0.779052734,0.78515625,0.79309082,4.361007463164179
bv_vienot_index,1,double,brettel,0,1024,5.120849609,5.126953125,5.694580078,4.103759766,4.122375487999999,6.129577637,1.243689018606934
bv_vienot_index,1,double,brettel,1,1024,5.114746094,5.178833008,5.712890625,4.127624512,4.1355285639999995,5.307189941,1.2522783793786414
bv_vienot_index,1,double,brettel,2,1024,5.126953125,5.163574219,6.475830078,4.249267578,4.259643555,5.509521484,1.2122080526993766
bv_vienot_index,1,double,lookup,0,1024,45.623779297,46.1700439455,48.138427734,5.793884277,5.807067871,7.183227539,7.950663737902779
bv_vienot_index,1,double,lookup,1,1024,45.593261719,46.240234375,63.104248047,5.796936035,5.806152344,6.848754883,7.964006391045532
bv_vienot_index,1,double,lookup,2,1024,45.623779297,46.182250977,47.393798828,5.792053223,5.799682617,7.635131836,7.962892804104628
bv_vienot_index,1,double,lookupApply,0,1024,54.925537109,55.532836914,56.414794922,10.075561523,10.0911865235,12.086181641,5.503102810029038
bv_vienot_index,1,double,lookupApply,1,1024,54.705810547,55.5908203125,56.170654297,10.071960449,10.0862731935,11.195861816,5.511532282144108
bv_vienot_index,1,double,lookupApply,2,1024,54.931640625,55.9539794925,56.481933594,10.075012207,10.093322754,12.032958984,5.543662959784511
bv_vienot_index,1,double,prepared,0,1024,26.239013672,26.364135742499997,27.978515625,1.204589844,1.2150268555000001,1.222961426,21.69839754830011
bv_vienot_index,1,double,prepared,1,1024,26.239013672,26.3244628905,26.928710938,1.206420898,1.2144470214999998,1.224182129,21.676089960668577
bv_vienot_index,1,double,prepared,2,1024,26.239013672,26.306152343999997,30.139160156,1.204650879,1.2150268555000001,1.222351074,21.650675641382968
bv_vienot_index,1,double,vienot,0,1024,2.197265625,2.203369141,2.795410156,1.210754395,1.2202148435,1.23034668,1.805722289592849
bv_vienot_index,1,double,vienot,1,1024,2.197265625,2.209472656,2.801513672,1.210754395,1.221130371,2.496154785,1.8093667215816056
bv_vienot_index,1,float,brettel,0,1024,4.644775391,4.650878906,4.699707031,2.231384277,2.2393188475,2.613525391,2.0769167870811662
bv_vienot_index,1,float,brettel,1,1024,4.644775391,4.650878906,5.755615234,2.183654785,2.188232422,2.19342041,2.1254044402418604
bv_vienot_index,1,float,brettel,2,1024,4.650878906,4.656982422,5.212402344,2.17199707,2.1836547855,3.606567383,2.132655057440168
bv_vienot_index,1,float,lookup,0,1024,28.759765625,29.3395996095,31.573486328,4.462646484,4.470336914000001,5.546875,6.56317413517884
bv_vienot_index,1,float,lookup,1,1024,28.753662109,28.93371582,30.249023438,4.455932617,4.459655762,4.471862793,6.487880985465174
bv_vienot_index,1,float,lookup,2,1024,28.771972656,29.12902832,34.991455078,4.45715332,4.4653930665,5.488769531,6.523284263266771
bv_vienot_index,1,float,lookupApply,0,1024,41.516113281,42.0959472655,43.65234375,9.978942871,10.042266846,12.932495117,4.191876984653869
bv_vienot_index,1,float,lookupApply,1,1024,41.516113281,42.565917969,59.362792969,9.983825684,10.042877197500001,13.273681641,4.238418645564644
bv_vienot_index,1,float,lookupApply,2,1024,41.528320312,42.105102539,43.267822266,9.980163574,10.0382995605,11.45324707,4.1944457111721
bv_vienot_index,1,float,prepared,0,1024,15.447998047,15.609741211,17.034912109,0.781494141,0.789428711,0.793701172,19.773465283808253
bv_vienot_index,1,float,prepared,1,1024,15.447998047,15.454101562,16.857910156,0.785766602,0.789489746,0.794311523,19.574797063925388
bv_vienot_index,1,float,prepared,2,1024,15.447998047,15.454101562,16.864013672,0.780883789,0.7885131835,0.794921875,19.59904017508415
bv_vienot_index,1,float,vienot,0,1024,2.185058594,2.191162109,3.631591797,0.784484863,0.788818359,0.793701172,2.777777778622924
bv_vienot_index,1,float,vienot,1,1024,2.191162109,2.197265625,3.466796875,0.78515625,0.788543701,2.04119873,2.786485545713591
bv_vienot_ref,1,double,brettel,0,1024,5.120849609,5.126953125,5.676269531,4.14465332,4.1587524415,4.177062988,1.2328103673203459
bv_vienot_ref,1,double,brettel,1,1024,5.114746094,5.139160156,5.737304688,4.163024902,4.17678833,8.602539062,1.230409527599882
bv_vienot_ref,1,double,brettel,2,1024,5.126953125,5.133056641,6.524658203,4.2578125,4.2746582035,4.331237793,1.200811011462194
bv_vienot_ref,1,double,lookup,0,1024,45.709228516,46.26159668,46.453857422,5.800598145,5.8201904295,7.15020752,7.948467879250169
bv_vienot_ref,1,double,lookup,1,1024,45.703125,46.636962890999996,64.050292969,5.801818848,5.824462891,7.311035156,8.0070838743026
bv_vienot_ref,1,double,lookup,2,1024,45.709228516,46.3287353515,47.302246094,5.802490234,5.8235473634999995,7.283508301,7.955414880262269
bv_vienot_ref,1,double,lookupApply,0,1024,54.919433594,55.5267333985,56.427001953,10.15447998,10.219879150499999,11.471618652,5.43320841477694
bv_vienot_ref,1,double,lookupApply,1,1024,54.937744141,55.813598633,57.427978516,10.157531738,10.226013184,12.231140137,5.458001826198311
bv_vienot_ref,1,double,lookupApply,2,1024,54.943847656,55.8837890625,56.286621094,10.143432617,10.220214843499999,11.287597656,5.467966174707353
bv_vienot_ref,1,double,prepared,0,1024,26.239013672,26.242065429999997,26.965332031,1.221191406,1.237976074,2.446533203,21.1975546063744
bv_vienot_ref,1,double,prepared,1,1024,26.239013672,26.239013672,26.849365234,1.222961426,1.2361450194999999,1.241943359,21.226484965828075
bv_vienot_ref,1,double,prepared,2,1024,26.239013672,26.266479492499997,28.643798828,1.221191406,1.2379455565,2.392150879,21.217798597510452
bv_vienot_ref,1,double,vienot,0,1024,2.197265625,2.203369141,2.252197266,1.222961426,1.2404174805000001,1.248046875,1.7763125525382337
bv_vienot_ref,1,double,vienot,1,1024,2.197265625,2.203369141,2.209472656,1.224243164,1.2391967775000001,1.24987793,1.778062355395368
bv_vienot_ref,1,float,brettel,0,1024,4.498291016,4.498291016,6.396484375,2.178771973,2.186401367,3.094787598,2.0573948973386273
bv_vienot_ref,1,float,brettel,1,1024,4.4921875,4.4921875,4.748535156,2.129821777,2.1341247560000003,2.140197754,2.1049320042656396
bv_vienot_ref,1,float,brettel,2,1024,4.498291016,4.504394531,5.041503906,2.134094238,2.137207031,2.140197754,2.1076079507806935
bv_vienot_ref,1,float,lookup,0,1024,28.405761719,28.570556641,32.464599609,4.46081543,4.4960021975,5.644714355,6.35465806864744
bv_vienot_ref,1,float,lookup,1,1024,28.411865234,28.5095214845,29.113769531,4.464538574,4.496887207,5.72479248,6.339834683894485
bv_vienot_ref,1,float,lookup,2,1024,28.393554688,28.512573242000002,29.846191406,4.46081543,4.498168945,5.738830566,6.338706613875305
bv_vienot_ref,1,float,lookupApply,0,1024,41.571044922,42.1813964845,43.774414062,9.928833008,9.937408447,11.112731934,4.244707934615904
bv_vienot_ref,1,float,lookupApply,1,1024,41.540527344,42.5354003905,60.05859375,9.924499512,9.940124512,12.23236084,4.279161728723826
bv_vienot_ref,1,float,lookupApply,2,1024,41.564941406,42.071533203499996,42.199707031,9.931274414,9.9398498535,11.229431152,4.232612546826937
bv_vienot_ref,1,float,prepared,0,1024,15.447998047,15.447998047,17.327880859,0.779602051,0.78515625,0.788208008,19.675062189213932
bv_vienot_ref,1,float,prepared,1,1024,15.447998047,15.4510498045,16.815185547,0.780273438,0.7848815920000001,2.289428711,19.68583536929224
bv_vienot_ref,1,float,prepared,2,1024,15.447998047,15.447998047,16.046142578,0.780273438,0.7842407225,0.790039062,19.698030979257137
bv_vienot_ref,1,float,vienot,0,1024,1.904296875,1.937866211,1.971435547,0.779052734,0.7817993165,2.309570312,2.478725895637183
bv_vienot_ref,1,float,vienot,1,1024,1.898193359,1.9744873045,3.259277344,0.779663086,0.780883789,0.785766602,2.5285289979300622
default,2,double,brettel,0,1024,21.453857422,21.499633789,22.149658203,4.084228516,4.1065063475,6.328369141,5.235504823239531
default,2,double,brettel,1,1024,21.447753906,21.505737304500002,25.738525391,4.102478027,4.123321533,4.147766113,5.2156343211132254
default,2,double,brettel,2,1024,21.301269531,21.307373047,23.205566406,4.218139648,4.260253906,5.576171875,5.001432665079282
default,2,double,lookup,0,1024,46.026611328,46.502685547,46.667480469,5.806762695,5.8220214845000005,7.251098633,7.9873778670869475
default,2,double,lookup,1,1024,46.069335938,46.7895507815,62.805175781,5.797607422,5.8186645509999995,7.101257324,8.041286857387012
default,2,double,lookup,2,1024,46.075439453,46.5759277345,47.528076172,5.801818848,5.815307617,7.561096191,8.009194147931865
default,2,double,lookupApply,0,1024,55.291748047,55.728149414,56.433105469,10.080505371,10.156311035,11.374328613,5.4870463519631665
default,2,double,lookupApply,1,1024,55.242919922,55.7220458985,57.977294922,10.08416748,10.1501770015,11.319396973,5.489761005179059
default,2,double,lookupApply,2,1024,55.291748047,56.1828613285,59.350585938,10.081115723,10.155670166,12.106933594,5.53216680043368
default,2,double,prepared,0,1024,26.239013672,26.351928711,26.800537109,1.205871582,1.2147827150000001,1.223022461,21.692709639023796
default,2,double,prepared,1,1024,26.239013672,26.2634277345,26.831054688,1.205871582,1.214416504,1.222351074,21.626375833986526
default,2,double,prepared,2,1024,26.239013672,26.287841797,28.106689453,1.207092285,1.2138061525000001,1.223571777,21.657364104520795
default,2,double,vienot,0,1024,21.917724609,21.923828125,22.583007812,1.211975098,1.2208251950000002,1.273742676,17.95820418417888
default,2,double,vienot,1,1024,21.917724609,21.951293945499998,22.802734375,1.210754395,1.2202453615,2.651428223,17.989245964857535
default,2,float,brettel,0,1024,28.735351562,29.040527343999997,30.517578125,2.179931641,2.184539795,2.191040039,13.29365910864535
default,2,float,brettel,1,1024,28.875732422,29.409790039,30.780029297,2.127990723,2.13293457,2.136535645,13.788416415886587
default,2,float,brettel,2,1024,28.991699219,29.5959472655,30.944824219,2.132873535,2.1387023925,3.26965332,13.838272856142607
default,2,float,lookup,0,1024,28.900146484,29.162597656000003,30.236816406,4.47064209,4.480407715,5.751708984,6.508916043146311
default,2,float,lookup,1,1024,28.918457031,29.263305664,29.656982422,4.474304199,4.4825439455,4.490234375,6.528280819952086
default,2,float,lookup,2,1024,28.948974609,29.086303711,30.169677734,4.467590332,4.482879639,6.031738281,6.488307974623273
default,2,float,lookupApply,0,1024,41.534423828,42.337036133,44.372558594,9.930053711,9.9429016115,14.228820801,4.258016199620522
default,2,float,lookupApply,1,1024,41.510009766,42.105102539,60.314941406,9.931884766,9.942626953000001,11.379882812,4.234806629881208
default,2,float,lookupApply,2,1024,41.528320312,42.037963867,42.797851562,9.921447754,9.939819336,11.238037109,4.229248283693353
default,2,float,prepared,0,1024,15.447998047,15.493774414,22.454833984,0.779663086,0.78515625,0.790039062,19.733364427781094
default,2,float,prepared,1,1024,15.447998047,15.447998047,16.296386719,0.782043457,0.784545898,0.789489746,19.690368767946833
default,2,float,prepared,2,1024,15.447998047,15.472412109,15.979003906,0.782043457,0.783935547,0.788818359,19.736842101637727
default,2,float,vienot,0,1024,19.146728516,19.152832031,20.495605469,0.779052734,0.783630371,0.788818359,24.4411558558646
default,2,float,vienot,1,1024,19.451904297,19.479370117000002,20.336914062,0.779052734,0.7805786135,0.78692627,24.955039479825565
bv_compiler,2,double,brettel,0,1024,5.120849609,5.126953125,5.676269531,4.1171875,4.152648926,5.356079102,1.2346223377805474
bv_compiler,2,double,brettel,1,1024,5.114746094,5.120849609,5.670166016,4.143493652,4.16885376,4.189331055,1.228359137500664
bv_compiler,2,double,brettel,2,1024,5.126953125,5.133056641,5.920410156,4.140441895,4.280456543,5.27166748,1.199184383589711
bv_compiler,2,double,lookup,0,1024,46.069335938,46.5881347655,48.455810547,5.796325684,5.841003418,6.996704102,7.976049906413529
bv_compiler,2,double,lookup,1,1024,46.063232422,47.055053711,58.569335938,5.800598145,5.840972900500001,7.93170166,8.056030136173373
bv_compiler,2,double,lookup,2,1024,46.063232422,46.6705322265,47.998046875,5.799377441,5.8538208009999995,7.70111084,7.972661585152614
bv_compiler,2,double,lookupApply,0,1024,55.242919922,55.725097656,56.585693359,10.069458008,10.2085876465,11.862426758,5.458649088946724
bv_compiler,2,double,lookupApply,1,1024,55.236816406,55.743408203,57.720947266,10.063964844,10.2070617675,11.390319824,5.461259025637615
bv_compiler,2,double,lookupApply,2,1024,55.010986328,56.219482422,56.616210938,10.067016602,10.207977295,12.298400879,5.507406687663484
bv_compiler,2,double,prepared,0,1024,26.239013672,26.242065429999997,26.873779297,1.221191406,1.2496032714999998,1.288452148,21.000317483563823
bv_compiler,2,double,prepared,1,1024,26.239013672,26.730346679999997,28.784179688,1.221740723,1.2618408200000002,1.282958984,21.183612272108927
bv_compiler,2,double,prepared,2,1024,26.239013672,26.287841797,29.278564453,1.219299316,1.252624512,1.287841797,20.986210588381013
bv_compiler,2,double,vienot,0,1024,4.046630859,4.046630859,4.632568359,1.221740723,1.2529296875,1.294555664,3.2297349958035855
bv_compiler,2,double,vienot,1,1024,4.046630859,4.046630859,4.675292969,1.222961426,1.2798461915,1.381347656,3.161810290857908
bv_compiler,2,float,brettel,0,1024,4.345703125,4.345703125,6.311035156,2.180541992,2.187316895,2.196472168,1.9867734460122661
bv_compiler,2,float,brettel,1,1024,4.339599609,4.345703125,5.572509766,2.127441406,2.13470459,2.139587402,2.03573981400396
bv_compiler,2,float,brettel,2,1024,4.345703125,4.351806641,5.865478516,2.13470459,2.1371765135,3.207275391,2.0362410935693633
bv_compiler,2,float,lookup,0,1024,28.796386719,29.2022705075,30.487060547,4.466369629,4.481933594,5.547485352,6.5155518025954935
bv_compiler,2,float,lookup,1,1024,28.723144531,29.0863037105,30.303955078,4.465698242,4.47857666,5.578063965,6.4945418865510725
bv_compiler,2,float,lookup,2,1024,28.790283203,29.031372070499998,30.145263672,4.462036133,4.472747803000001,5.601257324,6.490724125117858
bv_compiler,2,float,lookupApply,0,1024,41.522216797,42.086791992,44.036865234,9.931884766,9.9401550295,11.606140137,4.2340176654284045
bv_compiler,2,float,lookupApply,1,1024,41.528320312,42.70324707,45.721435547,9.933105469,9.938598633,13.941467285,4.296707075805302
bv_compiler,2,float,lookupApply,2,1024,41.516113281,42.0928955075,43.170166016,9.933654785,9.9398498535,11.309631348,4.234761704441475
bv_compiler,2,float,prepared,0,1024,15.447998047,15.475463867,16.748046875,0.780822754,0.7848815920000001,0.786376953,19.716940777737083
bv_compiler,2,float,prepared,1,1024,15.447998047,15.447998047,17.071533203,0.780883789,0.783935547,0.791870117,19.705699156157795
bv_compiler,2,float,prepared,2,1024,15.447998047,15.447998047,15.979003906,0.779052734,0.7845458985,0.790039062,19.690368755397937
bv_compiler,2,float,vienot,0,1024,3.424072266,3.424072266,3.472900391,0.779663086,0.781768799,0.829772949,4.379903969536651
bv_compiler,2,float,vienot,1,1024,3.41796875,3.424072266,3.436279297,0.779663086,0.781494141,1.98425293,4.381443297346486
bv_vienot_index,2,double,brettel,0,1024,5.120849609,5.126953125,5.6640625,4.139770508,4.151733398499999,5.20501709,1.2348945929072284
bv_vienot_index,2,double,brettel,1,1024,5.114746094,5.120849609,6.420898438,4.158752441,4.171569824,5.563354492,1.2275593661500226
bv_vienot_index,2,double,brettel,2,1024,5.126953125,5.130004883,6.225585938,4.252990723,4.281402587500001,5.670349121,1.1982066106041
bv_vienot_index,2,double,lookup,0,1024,45.629882812,46.1791992185,46.612548828,5.79876709,5.8131713865000005,7.29699707,7.9438908898751075
bv_vienot_index,2,double,lookup,1,1024,45.629882812,46.5270996095,62.969970703,5.793945312,5.8061523435,6.919616699,8.01341350637952
bv_vienot_index,2,double,lookup,2,1024,45.617675781,46.2646484375,47.75390625,5.792114258,5.8180541990000005,7.221130371,7.951910871757074
bv_vienot_index,2,double,lookupApply,0,1024,54.98046875,55.627441406,56.201171875,10.089660645,10.2201843265,11.395141602,5.442900013237839
bv_vienot_index,2,double,lookupApply,1,1024,55.029296875,55.6732177735,56.451416016,10.085998535,10.209197998,11.324279785,5.453241065988384
bv_vienot_index,2,double,lookupApply,2,1024,55.151367188,55.9753417965,56.854248047,10.087158203,10.220214844000001,11.807373047,5.476924179276088
bv_vienot_index,2,double,prepared,0,1024,26.239013672,26.266479492499997,27.563476562,1.219909668,1.2618408204999998,1.273742676,20.816000771073487
bv_vienot_index,2,double,prepared,1,1024,26.239013672,26.486206054999997,28.033447266,1.218688965,1.2440795900000001,1.274902344,21.28980032137654
bv_vienot_index,2,double,prepared,2,1024,26.239013672,26.242065429999997,27.557373047,1.219909668,1.2609252930000001,2.191589355,20.811752746718827
bv_vienot_index,2,double,vienot,0,1024,2.197265625,2.203369141,2.209472656,1.221740723,1.2486572265,1.278015137,1.7645908694863106
bv_vienot_index,2,double,vienot,1,1024,2.197265625,2.2064208985000002,2.221679688,1.221740723,1.2462158205,4.15814209,1.770496620412628
bv_vienot_index,2,float,brettel,0,1024,4.650878906,4.650878906,5.316162109,2.181762695,2.1857910155,3.211547852,2.127778398309552
bv_vienot_index,2,float,brettel,1,1024,4.650878906,4.650878906,5.816650391,2.127990723,2.1331787110000002,3.832214355,2.1802575105485382
bv_vienot_index,2,float,brettel,2,1024,4.650878906,4.656982422,5.206298828,2.133483887,2.138092041,3.185913086,2.1781019398126085
bv_vienot_index,2,float,lookup,0,1024,28.7109375,28.9031982425,30.029296875,4.460876465,4.4697265625,5.770629883,6.466435438129779
bv_vienot_index,2,float,lookup,1,1024,28.753662109,29.0863037105,29.461669922,4.462646484,4.470031738,5.691162109,6.5069568663765045
bv_vienot_index,2,float,lookup,2,1024,28.735351562,29.074096679500002,29.449462891,4.46697998,4.471557617,5.952880859,6.502006497459831
bv_vienot_index,2,float,lookupApply,0,1024,41.516113281,42.269897461,43.249511719,9.929443359,9.940765381,11.311462402,4.252177356664244
bv_vienot_index,2,float,lookupApply,1,1024,41.534423828,42.575073242,59.777832031,9.934387207,9.941345215,12.62677002,4.282626980678691
bv_vienot_index,2,float,lookupApply,2,1024,41.522216797,42.06237793,44.555664062,9.930053711,9.938323974500001,12.025634766,4.23234119132408
bv_vienot_index,2,float,prepared,0,1024,15.447998047,15.454101562,16.632080078,0.780273438,0.784545898,0.832885742,19.698148446631738
bv_vienot_index,2,float,prepared,1,1024,15.447998047,15.460205078,16.668701172,0.781494141,0.783630371,0.789428711,19.72895085507093
bv_vienot_index,2,float,prepared,2,1024,15.447998047,15.670776367,16.284179688,0.779663086,0.7845458985,0.790649414,19.974327055894996
bv_vienot_index,2,float,vienot,0,1024,2.191162109,2.197265625,2.203369141,0.778991699,0.7809143064999999,0.786376953,2.813709016099323
bv_vienot_index,2,float,vienot,1,1024,2.191162109,2.197265625,3.61328125,0.779052734,0.783630371,0.787597656,2.8039566947820607
bv_vienot_ref,2,double,brettel,0,1024,5.120849609,5.126953125,5.6640625,4.090270996,4.1425476075,5.279663086,1.2376328797568321
bv_vienot_ref,2,double,brettel,1,1024,5.114746094,5.120849609,5.670166016,4.10925293,4.1664123535,5.370788574,1.2290789231887296
bv_vienot_ref,2,double,brettel,2,1024,5.126953125,5.133056641,6.469726562,4.105529785,4.274047852000001,5.308959961,1.20098249218198
bv_vienot_ref,2,double,lookup,0,1024,45.697021484,46.2524414065,46.606445312,5.799377441,5.8116455075,5.824462891,7.958579260694868
bv_vienot_ref,2,double,lookup,1,1024,45.703125,46.2951660155,66.040039062,5.80670166,5.8159484865,7.029724121,7.960037150081454
bv_vienot_ref,2,double,lookup,2,1024,45.611572266,46.2493896485,49.847412109,5.80065918,5.8153076175,7.324523926,7.953042674702496
bv_vienot_ref,2,double,lookupApply,0,1024,55.084228516,55.6640625,56.298828125,10.067626953,10.211303711,11.545654297,5.451219949518942
bv_vienot_ref,2,double,lookupApply,1,1024,54.931640625,55.5908203125,56.469726562,10.064575195,10.209197998,11.373779297,5.44517016159255
bv_vienot_ref,2,double,lookupApply,2,1024,54.949951172,55.9448242185,56.93359375,10.066467285,10.206176758,12.382751465,5.4814673060260555
bv_vienot_ref,2,double,prepared,0,1024,26.239013672,26.348876953,26.873779297,1.219909668,1.2388610839999998,1.260864258,21.268629141150747
bv_vienot_ref,2,double,prepared,1,1024,26.239013672,26.287841797,29.534912109,1.221801758,1.2461853029999999,2.597595215,21.09464919359589
bv_vienot_ref,2,double,prepared,2,1024,26.239013672,26.287841797,36.511230469,1.218688965,1.2388610839999998,1.268859863,21.21936199022618
bv_vienot_ref,2,double,vienot,0,1024,2.197265625,2.203369141,2.215576172,1.222351074,1.237976074,1.254821777,1.7798156097482056
bv_vienot_ref,2,double,vienot,1,1024,2.197265625,2.209472656,2.252197266,1.224182129,1.236755371,1.372192383,1.7865074272638835
bv_vienot_ref,2,float,brettel,0,1024,4.498291016,4.504394531,6.097412109,2.18182373,2.1866760254999997,3.998535156,2.059927706926789
bv_vienot_ref,2,float,brettel,1,1024,4.4921875,4.498291016,7.250976562,2.127990723,2.1340942385000004,3.39074707,2.107822107781769
bv_vienot_ref,2,float,brettel,2,1024,4.498291016,4.504394531,5.914306641,2.13470459,2.1405029295,3.274536133,2.1043627032326375
bv_vienot_ref,2,float,lookup,0,1024,28.485107422,29.040527343999997,30.029296875,4.472473145,4.47857666,4.525634766,6.484320700228897
bv_vienot_ref,2,float,lookup,1,1024,28.472900391,28.8146972655,29.943847656,4.476745605,4.4831542970000005,8.594604492,6.4273266893316565
bv_vienot_ref,2,float,lookup,2,1024,28.460693359,29.0435791015,29.913330078,4.463317871,4.4816589355000005,5.722351074,6.480542031309155
bv_vienot_ref,2,float,lookupApply,0,1024,41.564941406,42.150878906,45.025634766,9.922729492,9.941955566499999,11.748046875,4.239696971492194
bv_vienot_ref,2,float,lookupApply,1,1024,41.564941406,42.495727539,60.302734375,9.930053711,9.941040039499999,11.308349609,4.2747768211521455
bv_vienot_ref,2,float,lookupApply,2,1024,41.558837891,42.1020507815,44.360351562,9.929443359,9.939239502,11.220947266,4.235942878026846
bv_vienot_ref,2,float,prepared,0,1024,15.447998047,15.454101562,17.114257812,0.778442383,0.7845764159999999,0.790100098,19.697382239437594
bv_vienot_ref,2,float,prepared,1,1024,15.447998047,15.454101562,16.961669922,0.780883789,0.784545898,0.790039062,19.698148446631738
bv_vienot_ref,2,float,prepared,2,1024,15.447998047,15.454101562,16.625976562,0.778991699,0.78515625,0.786987305,19.682835820258706
bv_vienot_ref,2,float,vienot,0,1024,1.892089844,1.9287109375,2.563476562,0.779052734,0.7812194825000001,2.005737305,2.4688464390671414
bv_vienot_ref,2,float,vienot,1,1024,1.898193359,1.9317626955,2.014160156,0.779052734,0.782714844,0.824279785,2.4680286956458946
default,0,double,brettel,0,8191,23.968379929,24.2602398975,25.379227201,4.015100415,4.1065269805,4.187179526,5.907726897375976
default,0,double,brettel,1,8191,23.93633256,24.2209437185,25.421957026,4.06204218,4.1506722315,4.35276523,5.835426737549657
default,0,double,brettel,2,8191,23.834849225,24.101147601,25.398303016,4.084055671,4.1856534615,4.241377732,5.758037024011764
default,0,double,lookup,0,8191,46.493865218,46.535832011,46.989836406,5.810363509,5.921663258500001,6.027545477,7.8585745219811525
default,0,double,lookup,1,8191,46.494628251,46.617858015,46.915059211,5.815712367,5.891161030499999,6.016077097,7.913186852922167
default,0,double,lookup,2,8191,46.470211207,46.5892442925,48.022982542,5.810668722,5.900408985,6.06531559,7.895934741293191
default,0,double,lookupApply,0,8191,55.636521792,55.694130753500005,56.165303382,10.160992248,10.201692406,10.55314522,5.459303078060282
default,0,double,lookupApply,1,8191,55.653308509,55.844448175,57.115278965,10.170240203,10.2081858135,10.290471249,5.470555610493247
default,0,double,lookupApply,2,8191,55.636521792,55.8475003055,56.201165914,10.191177817,10.2552038825,10.578836528,5.445771819398053
default,0,double,prepared,0,8191,26.437553412,26.5108045415,26.811439385,1.163586558,1.1954622449999999,1.270685814,22.17619556985675
default,0,double,prepared,1,8191,26.442131608,26.5424703945,27.148699792,1.163281345,1.195309639,1.269152118,22.20551857734998
default,0,double,prepared,2,8191,26.448998901,26.5424703945,28.880783787,1.163205042,1.1951608475,1.274279697,22.20828305246169
default,0,double,vienot,0,8191,22.066139665,22.147784153499998,22.295049445,1.170308876,1.1993231899999999,1.273814247,18.466902281360873
default,0,double,vienot,1,8191,22.117262849,22.1535068975,22.592632157,1.170469112,1.1990561285,1.276874008,18.475788056071806
default,0,float,brettel,0,8191,32.692131608,33.4818703455,39.854718594,2.114805885,2.120040288,2.660397082,15.793034941371829
default,0,float,brettel,1,8191,33.153766329,33.7424459775,35.956385057,2.091258699,2.0949288855,2.203020083,16.106726204907254
default,0,float,brettel,2,8191,33.225491393,33.6360029305,35.830484678,2.078950983,2.0804846785000004,2.158756562,16.167387954402564
default,0,float,lookup,0,8191,29.179892565,29.256577341000003,30.076455866,4.461856,4.5288197409999995,4.714122207,6.46008872380951
default,0,float,lookup,1,8191,29.143267,29.229871199999998,29.80710536,4.461245574,4.528934196,4.622314125,6.454028682027686
default,0,float,lookup,2,8191,29.115797827,29.19896838,29.279086803,4.46208491,4.530040593000001,4.596325235,6.445630625279476
default,0,float,lookupApply,0,8191,41.935508485,42.128174216000005,43.064796728,10.025149554,10.101693169499999,10.68211299,4.170407228680973
default,0,float,lookupApply,1,8191,41.93398242,42.085444390000006,42.449792455,10.026980833,10.048910389,10.160442864,4.188060472314359
default,0,float,lookupApply,2,8191,41.988920767,42.1167287265,43.122024173,10.029651447,10.042493284999999,10.122756684,4.193851818592479
default,0,float,prepared,0,8191,15.571206202,15.60745025,16.157978269,0.766595959,0.7673666219999999,0.890596386,20.33897462118179
default,0,float,prepared,1,8191,15.600964473,15.612028446,15.834452448,0.766450983,0.7671758635,0.843585948,20.34999950959745
default,0,float,prepared,2,8191,15.57654743,15.6131729945,15.757386156,0.766679893,0.7674047735,0.850613478,20.345420739684776
default,0,float,vienot,0,8191,19.257416677,19.3218929315,19.651141497,0.765985533,0.7668668354999999,0.900615004,25.195890651474134
default,0,float,vienot,1,8191,19.565681846,19.6446557195,19.741942376,0.766367049,0.767137712,0.859563851,25.607730414249275
bv_compiler,0,double,brettel,0,8191,5.097820779,5.1764131365,5.816597485,4.001190331,4.101910633499999,4.447633073,1.26195170958251
bv_compiler,0,double,brettel,1,8191,5.100109877,5.1787022345,5.249664266,4.056464412,4.146471737000001,4.30758607,1.2489418867344855
bv_compiler,0,double,brettel,2,8191,5.109266268,5.188621658,5.861616408,4.054396594,4.2164227505,4.482419729,1.2305743434727254
bv_compiler,0,double,lookup,0,8191,46.509888902,46.673177878000004,47.508698572,5.807380051,5.9062652605,6.099865706,7.902316577303345
bv_compiler,0,double,lookup,1,8191,46.49157612,46.534305945499995,46.675466976,5.803938774,5.94123886,6.357412099,7.832424691556668
bv_compiler,0,double,lookup,2,8191,46.466396044,46.537358076,47.591869125,5.803786168,5.896021548,6.021654865,7.893010175952633
bv_compiler,0,double,lookupApply,0,8191,55.593028934,55.696419851,55.812782322,10.165349164,10.245307349499999,10.401332255,5.436285896656692
bv_compiler,0,double,lookupApply,1,8191,55.644915151,55.770434012500004,56.721554145,10.173071054,10.247104291,10.585116286,5.442555518975542
bv_compiler,0,double,lookupApply,2,8191,55.610578684,55.754028812,56.282810402,10.236509584,10.2963771215,10.481679587,5.414917126100527
bv_compiler,0,double,prepared,0,8191,26.439079477,26.520342448999997,27.280704432,1.165188927,1.196839519,1.269464962,22.158645355526563
bv_compiler,0,double,prepared,1,8191,26.449761934,26.535603101,27.358533757,1.164578501,1.197259187,1.319924307,22.16362454272819
bv_compiler,0,double,prepared,2,8191,26.437553412,26.548574655,28.818215114,1.165112624,1.197373642,1.39231321,22.172339296408197
bv_compiler,0,double,vienot,0,8191,4.016603589,4.089854719,4.134110609,1.170926932,1.2007805820000002,1.276194909,3.405996716059487
bv_compiler,0,double,vienot,1,8191,4.016603589,4.0883286535,4.445427909,1.170766695,1.1997810095,1.281620071,3.4075623977443854
bv_compiler,0,float,brettel,0,8191,4.326394824,4.4129990235,4.696465633,2.115484984,2.1200784400000003,2.656269076,2.0815262964987276
bv_compiler,0,float,brettel,1,8191,4.328683921,4.401935051,4.980313759,2.091716518,2.0941620375,2.183219387,2.1020030791194206
bv_compiler,0,float,brettel,2,8191,4.338603345,4.412617507,4.660603101,2.079721646,2.0847652915,2.160366561,2.116601578600293
bv_compiler,0,float,lookup,0,8191,29.088328653,29.20202051,31.343089977,4.461772067,4.528438225,4.652354719,6.448585375148846
bv_compiler,0,float,lookup,1,8191,29.089091686,29.190575021,29.575906483,4.458643633,4.5259545535,4.548544134,6.44959525685613
bv_compiler,0,float,lookup,2,8191,29.135636674,29.1894304725,29.460688561,4.462161214,4.5266756195,4.548238921,6.448315038691498
bv_compiler,0,float,lookupApply,0,8191,41.93703455,42.099560493,42.804602613,10.031108839,10.0982290015,10.457674582,4.1690043359827245
bv_compiler,0,float,lookupApply,1,8191,41.970607984,42.163655231,42.441399097,10.032253388,10.049185081000001,10.125213649,4.195728797026422
bv_compiler,0,float,lookupApply,2,8191,41.953821267,42.0736173845,42.258271273,10.031177512,10.047121078,10.201356672,4.187629178335259
bv_compiler,0,float,prepared,0,8191,15.575784398,15.732587596,16.145006715,0.766290746,0.767214015,0.889222928,20.50612643722365
bv_compiler,0,float,prepared,1,8191,15.572732267,15.59409718,15.990111098,0.766222073,0.766946954,0.867438347,20.332693282982905
bv_compiler,0,float,prepared,2,8191,15.565864974,15.581888658,15.689476254,0.766298376,0.767137712,0.914372482,20.311722933522006
bv_compiler,0,float,vienot,0,8191,3.405414479,3.4378433645,3.62898303,0.766290746,0.766756196,0.89770785,4.483619933473612
bv_compiler,0,float,vienot,1,8191,3.399310219,3.4164784519999998,3.480191674,0.766214443,0.7670957455,0.876068246,4.453783601384868
bv_vienot_index,0,double,brettel,0,8191,5.101635942,5.1790837505,5.841777561,4.017854963,4.1405162675,4.273722683,1.2508304317391503
bv_vienot_index,0,double,brettel,1,8191,5.100872909,5.1817543645,9.254059333,4.06295782,4.1401309365,4.37149005,1.2515919046948238
bv_vienot_index,0,double,brettel,2,8191,5.1100293,5.190147723,5.763948236,4.083063728,4.215621565999999,4.368285313,1.231170218138124
bv_vienot_index,0,double,lookup,0,8191,46.166524234,46.216884385,46.947869613,5.806006593,5.9046972285,6.426138445,7.82713873319813
bv_vienot_index,0,double,lookup,1,8191,46.167287267,46.2020052495,47.487333659,5.837046759,5.987642687499999,6.245269198,7.716226177950269
bv_vienot_index,0,double,lookup,2,8191,46.15660481,46.286701868,46.736509584,5.828325296,5.9842433765,6.795904041,7.734762601696135
bv_vienot_index,0,double,lookupApply,0,8191,55.634232694,55.715114149499996,56.031009645,10.160450494,10.1846119215,10.251732084,5.4705191104909785
bv_vienot_index,0,double,lookupApply,1,8191,55.629654499,55.738386644,56.771914296,10.167180442,10.1975300635,10.4183021,5.46587127440833
bv_vienot_index,0,double,lookupApply,2,8191,55.604474423,55.714351117,57.144274203,10.169400867,10.2535671775,11.487554938,5.433655444249416
bv_vienot_index,0,double,prepared,0,8191,26.437553412,26.524920645,26.721401538,1.162899829,1.1948899705,1.317322366,22.198630250365802
bv_vienot_index,0,double,prepared,1,8191,26.447472836,26.529880356,26.95107435,1.163433952,1.1945084545,1.294538213,22.20987240069802
bv_vienot_index,0,double,prepared,2,8191,26.445183738,26.5527713345,28.70528629,1.163052436,1.1943558475,1.310363509,22.2318761950885
bv_vienot_index,0,double,vienot,0,8191,2.185325357,2.1921926505,2.746154316,1.170240203,1.2269564155000001,1.30149707,1.7866915424266754
bv_vienot_index,0,double,vienot,1,8191,2.183036259,2.262010133,4.066200708,1.16970608,1.225624924,1.299963374,1.8455973672741663
bv_vienot_index,0,float,brettel,0,8191,4.635423025,4.728894518,5.03067391,2.115416311,2.118395953,2.306075266,2.232299637517293
bv_vienot_index,0,float,brettel,1,8191,4.640001221,4.709437187,5.307654743,2.091190026,2.09504334,2.270525577,2.247894875053038
bv_vienot_index,0,float,brettel,2,8191,4.638475156,4.710581736,4.741484556,2.079714015,2.0813965024999996,2.240256074,2.263183266783644
bv_vienot_index,0,float,lookup,0,8191,28.978451959,29.076120131499998,31.414052008,4.460177329,4.533638292,4.696465633,6.413418596452069
bv_vienot_index,0,float,lookup,1,8191,28.94640459,29.037968502,29.339366378,4.461169271,4.535625992,4.618796545,6.402196422989367
bv_vienot_index,0,float,lookup,2,8191,28.958613112,29.0082102305,29.414143572,4.465526187,4.534019808,4.986273044,6.397901080916496
bv_vienot_index,0,float,lookupApply,0,8191,41.940086681,42.129700281,42.620711757,10.033397937,10.106095867,10.507058052,4.168741404736568
bv_vienot_index,0,float,lookupApply,1,8191,41.938560615,42.2029514105,42.343730924,10.0301932,10.040204187499999,10.428168111,4.2033957300432645
bv_vienot_index,0,float,lookupApply,2,8191,41.932456355,42.034321206499996,42.790868026,10.029651447,10.045972714,10.178877732,4.184196234966999
bv_vienot_index,0,float,prepared,0,8191,15.761201319,15.8664998165,16.457087047,0.766214443,0.7770342450000001,0.952440178,20.41930573664742
bv_vienot_index,0,float,prepared,1,8191,15.565864974,15.5914265655,15.848950067,0.766443352,0.7771143635,0.831888658,20.063233029535944
bv_vienot_index,0,float,prepared,2,8191,15.645220364,15.771120742499999,15.87031498,0.766603589,0.7775340310000001,0.839297705,20.283511864061417
bv_vienot_index,0,float,vienot,0,8191,2.166249542,2.1765504824999997,2.405841778,0.766595959,0.767252167,0.902446283,2.836812427666952
bv_vienot_index,0,float,vienot,1,8191,2.170064705,2.1719722865,2.257050421,0.766443352,0.7671720485,0.92484892,2.831141059879217
bv_vienot_ref,0,double,brettel,0,8191,5.096294714,5.169927359,5.87382493,3.999435356,4.0955622025,4.614439629,1.2623242190886979
bv_vienot_ref,0,double,brettel,1,8191,5.104688072,5.1832804295,5.342754242,4.06601758,4.1395968135,4.286869735,1.2521220454601647
bv_vienot_ref,0,double,brettel,2,8191,5.10697717,5.1916737885,5.793706507,4.095295141,4.39958491,4.709620315,1.1800371841215358
bv_vienot_ref,0,double,lookup,0,8191,46.226040776,46.331339274499996,46.60908314,5.802870529,5.9063797155,6.019518374,7.84428728022913
bv_vienot_ref,0,double,lookup,1,8191,46.238249298,46.2977658405,47.057746307,5.797369064,5.920404254999999,6.468181541,7.820034552775654
bv_vienot_ref,0,double,lookup,2,8191,46.227566842,46.307303748,46.900561592,5.815941277,5.8839808940000005,6.138551459,7.870063581481099
bv_vienot_ref,0,double,lookupApply,0,8191,55.512910512,55.7124435355,56.252289098,10.147761262,10.2349110305,10.416928641,5.443373505590533
bv_vienot_ref,0,double,lookupApply,1,8191,55.520540838,55.748306067499996,57.252624832,10.145929984,10.2344913625,10.805274081,5.447100797970896
bv_vienot_ref,0,double,lookupApply,2,8191,55.578531315,55.733808448,56.650592113,10.158848126,10.246417562000001,10.562942559,5.439345811427316
bv_vienot_ref,0,double,prepared,0,8191,26.430686119,26.493636308,26.964808937,1.164654804,1.195237151,1.275576853,22.166008047720062
bv_vienot_ref,0,double,prepared,1,8191,26.445946771,26.51614577,26.770998657,1.164578501,1.1953859420000001,1.276187279,22.182079308742615
bv_vienot_ref,0,double,prepared,2,8191,26.44289464,26.5298803565,28.163533146,1.164586131,1.195157032,1.346523623,22.197819739306023
bv_vienot_ref,0,double,vienot,0,8191,2.193718716,2.4283512395,2.801855695,1.170308876,1.1980641859999999,1.273364058,2.0268957772684812
bv_vienot_ref,0,double,vienot,1,8191,2.199059944,2.231107313,2.386765963,1.171155842,1.1986784275,1.275119033,1.861305969819833
bv_vienot_ref,0,float,brettel,0,8191,4.479764376,4.552252472,4.778873153,2.114958491,2.1220661395000002,2.359663045,2.1451982043653923
bv_vienot_ref,0,float,brettel,1,8191,4.497314125,4.5705652545,5.168019778,2.092258271,2.0957758515,2.277942254,2.1808464160080527
bv_vienot_ref,0,float,brettel,2,8191,4.486631669,4.555304603,4.575906483,2.079569039,2.0830408374999996,2.170072335,2.186853239261086
bv_vienot_ref,0,float,lookup,0,8191,28.670949823,28.775866805,30.915791723,4.460093395,4.543271578500001,4.717876328,6.333732489419132
bv_vienot_ref,0,float,lookup,1,8191,28.699945062,28.7594616045,28.934959101,4.462924246,4.5357366315,4.576143023,6.340637462230483
bv_vienot_ref,0,float,lookup,2,8191,28.662556464,28.7598431205,29.241698205,4.466830973,4.541314399999999,4.858762666,6.332933725200793
bv_vienot_ref,0,float,lookupApply,0,8191,41.939323648,42.0194420705,42.38646075,10.02270022,10.099987791499998,10.480840251,4.160345827928915
bv_vienot_ref,0,float,lookupApply,1,8191,41.924826029,42.044622146500004,42.452844586,10.028430595,10.073418996000001,10.287510682,4.17381845857849
bv_vienot_ref,0,float,lookupApply,2,8191,41.962977658,42.138856672,43.705744109,10.028506898,10.037369520999999,10.414258027,4.198197205337301
bv_vienot_ref,0,float,prepared,0,8191,15.592571115,15.7341136615,16.537205469,0.76637468,0.767252167,0.951448236,20.507095760995096
bv_vienot_ref,0,float,prepared,1,8191,15.569680137,15.581507142,15.65285069,0.766519656,0.7672102000000001,0.914372482,20.309306552493695
bv_vienot_ref,0,float,prepared,2,8191,15.571969235,15.586848369999998,15.728390917,0.766450983,0.767252167,0.836627091,20.31515718091155
bv_vienot_ref,0,float,vienot,0,8191,1.954889513,2.0346264195,2.131913075,0.766214443,0.766908802,0.892282688,2.6530226464919355
bv_vienot_ref,0,float,vienot,1,8191,2.028903675,2.036534001,2.141832499,0.76591686,0.7668706505,0.893579844,2.655642121226284
default,1,double,brettel,0,8191,24.003479429,24.301443657500002,25.395250885,4.000045782,4.096168813,4.398478513,5.93272513095031
default,1,double,brettel,1,8191,23.875289952,24.2030124525,25.992705408,4.103780063,4.185119338,4.27692742,5.783111662489946
default,1,double,brettel,2,8191,23.716579172,24.1732541815,25.289952387,4.051718349,4.2044164325,4.515817666,5.749490938776079
default,1,double,lookup,0,8191,46.507599805,46.583140032,47.501831278,5.85745025,5.949262147500001,6.209566903,7.830070162831062
default,1,double,lookup,1,8191,46.503021609,46.603741912000004,46.854016604,5.851483335,6.0030025335,6.087168844,7.763405337899814
default,1,double,lookup,2,8191,46.482419729,46.548803565,47.233243804,5.843769076,5.983968685,6.126846539,7.7789183091288185
default,1,double,lookupApply,0,8191,55.619735075,55.7235075085,56.121810524,10.204553779,10.282680685999999,10.683028629,5.419161521213847
default,1,double,lookupApply,1,8191,55.647204249,55.7330454155,56.163014284,10.216556281,10.279472133999999,10.44826639,5.421780874443879
default,1,double,lookupApply,2,8191,55.657123672,55.7223629595,56.149279697,10.253174216,10.325032810500002,10.483350629,5.396821877682884
default,1,double,prepared,0,8191,26.445946771,26.487532047499997,26.613813942,1.177420339,1.198785252,1.271372543,22.09531023451396
default,1,double,prepared,1,8191,26.450524966,26.5260651935,27.200586009,1.183837444,1.1982511295,1.346599927,22.13731707857322
default,1,double,prepared,2,8191,26.458918325,26.543233426999997,28.783115615,1.178564888,1.1984037355,1.384896533,22.148824007066022
default,1,double,vienot,0,8191,22.06156147,22.188606397,22.757447198,1.168324991,1.2010819805000001,1.303862471,18.4738483777461
default,1,double,vienot,1,8191,22.060035405,22.152362349,22.484281529,1.169164327,1.2011582834999999,1.296979917,18.442500587392406
default,1,float,brettel,0,8191,33.064491515,33.6699578805,35.594707606,2.114645648,2.120650714,2.358510866,15.877182252701706
default,1,float,brettel,1,8191,33.160633622,33.553976926000004,35.964778415,2.091182395,2.0943527955,2.231687218,16.02116749293398
default,1,float,brettel,2,8191,33.117903797,33.685600049,35.928152851,2.078950983,2.08005738,2.242087352,16.194553271890992
default,1,float,lookup,0,8191,29.11961299,29.258484922,30.42439873,4.467357466,4.5404330975,4.74860365,6.443985473128095
default,1,float,lookup,1,8191,29.132584544,29.1970607985,29.336314247,4.472317177,4.5434547065,4.583941216,6.426180667484112
default,1,float,lookup,2,8191,29.14021487,29.2367384935,29.411854474,4.464450311,4.5308455930000004,4.55220669,6.452821640770488
default,1,float,lookupApply,0,8191,41.952295202,42.429572091500006,43.09760713,10.023913442,10.109304419499999,10.674925223,4.197081256120542
default,1,float,lookupApply,1,8191,41.918721768,42.103375656,42.452081553,10.028583201,10.0654605665,10.388787999,4.182955700619305
default,1,float,lookupApply,2,8191,42.004181419,42.128174215499996,55.939445733,10.023760835,10.039509828,10.438552985,4.196238156767906
default,1,float,prepared,0,8191,15.577310463,15.6143175435,16.244963985,0.766450983,0.767061409,0.921865462,20.356020209458876
default,1,float,prepared,1,8191,15.571206202,15.591808082,15.9527225,0.766290746,0.766985106,0.837847943,20.328697337181406
default,1,float,prepared,2,8191,15.568917104,15.596004761500001,15.832926383,0.766298376,0.767061409,0.832880601,20.33214626431559
default,1,float,vienot,0,8191,19.263520938,19.34058723,22.923788304,0.766069466,0.766908802,0.893419607,25.21888806017381
default,1,float,vienot,1,8191,19.574075204,19.6416035895,19.751098767,0.766069466,0.766832499,0.844272677,25.613942569092917
bv_compiler,1,double,brettel,0,8191,5.095531681,5.17603162,5.956995483,4.005234404,4.154765901499999,4.252235686,1.2458058390561288
bv_compiler,1,double,brettel,1,8191,5.10697717,5.179465267,5.206171408,4.051794653,4.1453996765,4.439453363,1.2494489485204647
bv_compiler,1,double,brettel,2,8191,5.118422659,5.2004486635,5.874587962,4.05898242,4.2247512515,4.498161091,1.2309478958444187
bv_compiler,1,double,lookup,0,8191,46.503021609,46.560249053999996,47.332438042,5.844677085,5.954305793,6.033428458,7.819593194010484
bv_compiler,1,double,lookup,1,8191,46.541936272,46.6273959225,47.880295446,5.841090831,5.94265047,6.035946466,7.846228910464593
bv_compiler,1,double,lookup,2,8191,46.454187523,46.564445733,47.228665609,5.859052619,5.954420248,6.20436302,7.820147687533526
bv_compiler,1,double,lookupApply,0,8191,55.625076303,55.744109388,56.399554389,10.143480649,10.251533695500001,10.371284031,5.437636069271211
bv_compiler,1,double,lookupApply,1,8191,55.579294347,55.706339275000005,59.175466976,10.144617568,10.302214321000001,10.420285985,5.407219995554585
bv_compiler,1,double,lookupApply,2,8191,55.644915151,55.738005128,56.941307533,10.216708888,10.282608198,10.461718655,5.4206096405424855
bv_compiler,1,double,prepared,0,8191,26.452814064,26.5256836775,26.97472836,1.162586986,1.1990523135,1.275347943,22.122207162148143
bv_compiler,1,double,prepared,1,8191,26.454340129,26.5531528505,26.741240386,1.162899829,1.199555915,1.278484007,22.13581919647322
bv_compiler,1,double,prepared,2,8191,26.446709803,26.5260651935,28.873916494,1.163044805,1.199327005,1.332911122,22.117458443704432
bv_compiler,1,double,vienot,0,8191,4.016603589,4.190193505,4.328683921,1.169164327,1.223595257,1.296911244,3.4244930919996204
bv_compiler,1,double,vienot,1,8191,4.016603589,4.0738310339999995,4.187522891,1.170156269,1.221607557,1.325959895,3.3348115854853044
bv_compiler,1,float,brettel,0,8191,4.332499084,4.405368697,4.552252472,2.113966549,2.118891924,2.30477048,2.0790907960438285
bv_compiler,1,float,brettel,1,8191,4.330973019,4.4015535345,4.962000977,2.090953486,2.0925177025,2.249198816,2.1034725437406423
bv_compiler,1,float,brettel,2,8191,4.332499084,4.399645953,4.498077158,2.079103589,2.0852536319999997,2.509499756,2.109885284688477
bv_compiler,1,float,lookup,0,8191,29.075357099,29.185233793000002,31.655170309,4.460780125,4.5452898,4.798589916,6.420984156609773
bv_compiler,1,float,lookup,1,8191,29.034916372,29.1726437555,29.366072519,4.467731351,4.541276248,4.58684074,6.423886626220498
bv_compiler,1,float,lookup,2,8191,29.082224393,29.1982053475,29.578958613,4.46911244,4.5166989685,4.638368331,6.464501077253938
bv_compiler,1,float,lookupApply,0,8191,41.942375778,42.1266481505,42.584086192,10.024523868,10.104180656,10.912060493,4.169229508528693
bv_compiler,1,float,lookupApply,1,8191,41.97518618,42.146868514000005,43.017488707,10.024447564,10.044862501499999,10.386880418,4.19586315967055
bv_compiler,1,float,lookupApply,2,8191,41.966792821,42.162892199,42.728299353,10.030483152,10.053267306,10.108999206,4.193949182454972
bv_compiler,1,float,prepared,0,8191,15.583414723,15.670018923,16.177054084,0.76637468,0.7670957455,0.932410573,20.427722373543002
bv_compiler,1,float,prepared,1,8191,15.568154072,15.585322305,15.652087657,0.766290746,0.7668706505,0.895029606,20.32327393783862
bv_compiler,1,float,prepared,2,8191,15.572732267,15.596004761,16.600537175,0.766290746,0.7672865035,0.835322305,20.326181536959613
bv_compiler,1,float,vienot,0,8191,3.399310219,3.4355542669999997,3.574807716,0.766061836,0.7667180444999999,0.885018618,4.480857456850946
bv_compiler,1,float,vienot,1,8191,3.400836284,3.424490294,3.514528141,0.76614577,0.766756196,0.910694665,4.4662049186753485
bv_vienot_index,1,double,brettel,0,8191,5.10697717,5.183661946,5.795995605,4.019617568,4.1110746549999995,4.256981748,1.2609019249250293
bv_vienot_index,1,double,brettel,1,8191,5.107740203,5.185569528,5.219142962,4.067154499,4.139325937,4.308349103,1.2527569964104521
bv_vienot_index,1,double,brettel,2,8191,5.105451105,5.192818337,5.917317788,4.078248993,4.2102688925,4.345882676,1.2333697608364809
bv_vienot_index,1,double,lookup,0,8191,46.170339397,46.2142137715,46.540410206,5.843311256,5.978997528,6.511140276,7.729425134410258
bv_vienot_index,1,double,lookup,1,8191,46.174917592,46.2145952875,46.596874618,5.814636491,5.986528659499999,6.153293249,7.7197651453922695
bv_vienot_index,1,double,lookup,2,8191,46.151263582,46.252746917500005,47.515565865,5.821908192,5.979798712,6.156505616,7.734833419172121
bv_vienot_index,1,double,lookupApply,0,8191,55.527408131,55.712825052,56.05313759,10.160671774,10.238722377999999,10.371131425,5.441384480910476
bv_vienot_index,1,double,lookupApply,1,8191,55.539616652,55.6929862045,56.16759248,10.166096936,10.2416295325,10.403392443,5.437902828623918
bv_vienot_index,1,double,lookupApply,2,8191,55.554877304,55.7288487365,56.665852765,10.185828959,10.250873672,10.424497925,5.4364974654523275
bv_vienot_index,1,double,prepared,0,8191,26.443657673,26.521486998,26.989989012,1.163426322,1.193054877,1.275729459,22.229896972291577
bv_vienot_index,1,double,prepared,1,8191,26.448235869,26.5016481505,26.683249908,1.163739165,1.19336009,1.355618972,22.207587108514748
bv_vienot_index,1,double,prepared,2,8191,26.449761934,26.539799780499997,28.88765108,1.163662862,1.194008668,1.333368942,22.227476643829522
bv_vienot_index,1,double,vienot,0,8191,2.181510194,2.2009675255000003,2.273074106,1.170385179,1.1974499454999998,1.359365462,1.8380455348227336
bv_vienot_index,1,double,vienot,1,8191,2.188377487,2.193718716,2.278415334,1.169858686,1.19733549,1.384049567,1.832167119676708
bv_vienot_index,1,float,brettel,0,8191,4.634659993,4.739576975,4.98947015,2.114882188,2.1204218045000003,2.363325601,2.2352047903589645
bv_vienot_index,1,float,brettel,1,8191,4.63389696,4.7067665729999995,5.340465145,2.092326944,2.097183647,2.396128373,2.2443273290505488
bv_vienot_index,1,float,brettel,2,8191,4.640764253,4.7109632525,4.790318642,2.078798376,2.0896181785000003,2.665982481,2.2544612699922486
bv_vienot_index,1,float,lookup,0,8191,28.965480405,29.0608594795,31.247710902,4.463839885,4.5452173115,8.636109755,6.393722783280832
bv_vienot_index,1,float,lookup,1,8191,28.973110731,29.090999267500003,29.274508607,4.463839885,4.5329439325,5.61305091,6.41768345267306
bv_vienot_index,1,float,lookup,2,8191,28.985319253,29.094051398,29.207361738,4.462535099,4.533634477,4.730176413,6.417379156965504
bv_vienot_index,1,float,lookupApply,0,8191,41.966029789,42.117491759,45.167714565,10.027431022,10.1159924,12.090861922,4.163456247653963
bv_vienot_index,1,float,lookupApply,1,8191,41.930930289,42.0461482115,42.48641802,10.031177512,10.106362929,11.2216686,4.160363971379797
bv_vienot_index,1,float,lookupApply,2,8191,41.949243072,42.048055793,42.229276035,10.026896899,10.101662648,11.584101453,4.162488617784616
bv_vienot_index,1,float,prepared,0,8191,15.778751068,15.943566108999999,16.354840679,0.766832499,0.923849347,1.727452387,17.25775545631251
bv_vienot_index,1,float,prepared,1,8191,15.59714931,15.620421804500001,15.87336711,0.766367049,0.7670995604999999,0.929121902,20.362965394372694
bv_vienot_index,1,float,prepared,2,8191,15.736784275,15.834452448,16.22588817,0.766450983,0.7670995604999999,0.92790105,20.6419782559633
bv_vienot_index,1,float,vienot,0,8191,2.167775607,2.172353803,2.333353681,0.766222073,0.7669088024999999,1.044019351,2.832610338958784
bv_vienot_index,1,float,vienot,1,8191,2.17159077,2.1742613845000003,2.274600171,0.766061836,0.766832499,0.939979856,2.8353798089353024
bv_vienot_ref,1,double,brettel,0,8191,5.101635942,5.1767946525,5.937156635,4.044614516,4.1343929315,4.272646807,1.252129330296094
bv_vienot_ref,1,double,brettel,1,8191,5.108503235,5.184043462,5.251190331,4.057372421,4.185043035,4.380593029,1.2387073247862075
bv_vienot_ref,1,double,brettel,2,8191,5.100109877,5.1832804295,6.186668294,4.10346722,4.2442848855,4.403979978,1.2212376335075776
bv_vienot_ref,1,double,lookup,0,8191,46.251220852,46.287846417,46.551092663,5.815330851,5.9142503965,6.238920767,7.826494198553502
bv_vienot_ref,1,double,lookup,1,8191,46.251983885,46.4023013065,47.329385911,5.858526126,5.968143389,6.436149432,7.7749977307892735
bv_vienot_ref,1,double,lookup,2,8191,46.238249298,46.367583323,47.216457087,5.840327799,5.948075632,6.033962581,7.795392357411772
bv_vienot_ref,1,double,lookupApply,0,8191,55.591502869,55.6842113295,56.597179832,10.168698877,10.311843792000001,10.444977719,5.400024714561734
bv_vienot_ref,1,double,lookupApply,1,8191,55.607526554,55.760133073000006,56.006592602,10.169851056,10.312496184499999,10.471958552,5.407045207619976
bv_vienot_ref,1,double,lookupApply,2,8191,55.631943597,55.7189293125,56.465938225,10.224812294,10.332449487,10.604443902,5.3926156989786405
bv_vienot_ref,1,double,prepared,0,8191,26.440605543,26.5256836775,26.835093395,1.164349591,1.2212260405,1.315025638,21.72053559113408
bv_vienot_ref,1,double,prepared,1,8191,26.44289464,26.5272097425,27.606519351,1.164433525,1.221416799,1.368842327,21.71839274211587
bv_vienot_ref,1,double,prepared,2,8191,26.449761934,26.5134751555,28.769381028,1.164349591,1.2226758025,1.332300696,21.684795839819525
bv_vienot_ref,1,double,vienot,0,8191,2.202875107,2.233777927,2.379898669,1.191185447,1.204099774,1.312194787,1.8551435480960403
bv_vienot_ref,1,double,vienot,1,8191,2.196007813,2.226147601,2.350140398,1.188354597,1.2033367414999998,1.302252472,1.8499789163131777
bv_vienot_ref,1,float,brettel,0,8191,4.477475278,4.561027347,4.826944207,2.115263704,2.1172475889999998,2.666821817,2.1542248392188394
bv_vienot_ref,1,float,brettel,1,8191,4.494261995,4.562171896,5.178702234,2.091342632,2.0928610675,2.298505982,2.1798732686301454
bv_vienot_ref,1,float,brettel,2,8191,4.488157734,4.5549230865,4.639238188,2.079408802,2.0840709315000003,2.150958369,2.1855892799299372
bv_vienot_ref,1,float,lookup,0,8191,28.706049322,28.8185966305,30.539616652,4.462382493,4.533630662,4.749900806,6.356626461006584
bv_vienot_ref,1,float,lookup,1,8191,28.68773654,28.762895251,28.852551581,4.466136613,4.534092296,4.593486754,6.343694255270185
bv_vienot_ref,1,float,lookup,2,8191,28.683921377,28.7586985715,29.144793066,4.462687706,4.5392923634999995,4.617186546,6.335502600084949
bv_vienot_ref,1,float,lookupApply,0,8191,41.927878159,42.073235869,42.584849225,10.026591686,10.088740691,10.365095837,4.170315915298809
bv_vienot_ref,1,float,lookupApply,1,8191,41.959162495,42.032032107999996,42.310920523,10.022311073,10.0885880845,16.387429801,4.166294803192288
bv_vienot_ref,1,float,lookupApply,2,8191,41.979001343,42.0526339885,42.245299719,10.021395434,10.044591624999999,10.410885423,4.186594692793198
bv_vienot_ref,1,float,prepared,0,8191,15.583414723,15.7333506285,16.253357343,0.766214443,0.767366622,0.902522586,20.503042714438
bv_vienot_ref,1,float,prepared,1,8191,15.5734953,15.583033207,15.885575632,0.76637468,0.7674047735,0.861242522,20.306145785265954
bv_vienot_ref,1,float,prepared,2,8191,15.5734953,15.602109022,15.981717739,0.766527286,0.7672903185,0.838839885,20.334036082328076
bv_vienot_ref,1,float,vienot,0,8191,1.95107435,2.031955805,2.115889391,0.765840557,0.766679893,0.912541204,2.6503314141303562
bv_vienot_ref,1,float,vienot,1,8191,2.031955805,2.035770968,2.189903553,0.766214443,0.7666379255,0.857114516,2.655452985413256
default,2,double,brettel,0,8191,23.847820779,24.2514650225,25.350994995,4.004166158,4.104005158,4.286633195,5.909218943164886
default,2,double,brettel,1,8191,23.905811256,24.2499389575,25.491392992,4.107755463,4.1802244845,4.346264192,5.801109257987745
default,2,double,brettel,2,8191,23.834086192,24.075967525,25.615767306,4.057608961,4.212252777,4.305441948,5.715698653333691
default,2,double,lookup,0,8191,46.506073739,46.6186210475,46.998229764,5.8466686,5.9475033575000005,6.17837413,7.838351362797023
default,2,double,lookup,1,8191,46.508362837,46.607557075,47.121078012,5.843303626,5.944367293,6.187385545,7.840625381591811
default,2,double,lookup,2,8191,46.525912587,47.4499450615,48.926413136,5.84621078,5.987329844,6.151156757,7.925059466875767
default,2,double,lookupApply,0,8191,55.634995727,55.749450617,56.098919546,10.220607984,10.251800757,10.467761873,5.438015421723241
default,2,double,lookupApply,1,8191,55.623550238,55.7734861435,56.180564034,10.206995483,10.2638757475,10.392687096,5.433959599236663
default,2,double,lookupApply,2,8191,55.681540715,55.792943475,56.379715541,10.242850385,10.281688744,10.709101453,5.426437705338885
default,2,double,prepared,0,8191,26.444420706,26.539418264,26.879349286,1.18865981,1.2023066475,1.295072335,22.073751583412083
default,2,double,prepared,1,8191,26.447472836,26.5390367475,26.918263948,1.182463985,1.2018488280000001,1.331995483,22.08184268204819
default,2,double,prepared,2,8191,26.46044439,26.540181296500002,28.896807472,1.177725552,1.203111647,1.330087901,22.059616298020927
default,2,double,vienot,0,8191,22.066139665,22.1451135395,23.540318642,1.169553473,1.204908589,1.292935844,18.37908181721825
default,2,double,vienot,1,8191,22.070717861,22.152362349,22.227902576,1.169774753,1.2044851054999999,1.437644976,18.391561878055953
default,2,float,brettel,0,8191,32.896624344,33.568093028999996,36.00445611,2.117323892,2.2047025700000003,2.281070687,15.225678731349232
default,2,float,brettel,1,8191,33.075937004,33.890474301,40.273623489,2.091182395,2.132649402,2.42135423,15.891254450552204
default,2,float,brettel,2,8191,33.0805152,33.829050177,36.164692956,2.079179893,2.088656757,2.443367721,16.196557937834495
default,2,float,lookup,0,8191,29.145556098,29.2623000855,31.72613234,4.459254059,4.5789242765000004,4.958674155,6.390649488501101
default,2,float,lookup,1,8191,29.152423392,29.239409107500002,29.799475034,4.459399036,4.5281330115,4.883988524,6.457276991033903
default,2,float,lookup,2,8191,29.170736174,29.2329233305,29.646868514,4.4585597,4.528018557,4.562835734,6.4560078459280925
default,2,float,lookupApply,0,8191,41.950006104,42.1537358075,42.58637529,10.029643816,10.247325571000001,10.814827249,4.113632919675681
default,2,float,lookupApply,1,8191,41.953058235,42.037754852999996,42.278110121,10.026896899,10.09901874,10.849377365,4.162558356932012
default,2,float,lookupApply,2,8191,41.956110365,42.1190178245,42.838176047,10.025668417,10.045587382499999,10.332453302,4.192787959604412
default,2,float,prepared,0,8191,15.571206202,15.589518984,16.129746063,0.766290746,0.7671758635,1.307456355,20.320658828964838
default,2,float,prepared,1,8191,15.5734953,15.594097179999999,15.976376511,0.766367049,0.766985106,0.964137468,20.3316818775357
default,2,float,prepared,2,8191,15.574258332,15.613554511499999,15.851239165,0.766290746,0.7668668354999999,0.835864058,20.360190046971983
default,2,float,vienot,0,8191,19.262757905,19.3382981325,19.386369186,0.766069466,0.767214015,0.924696313,25.20587183551385
default,2,float,vienot,1,8191,19.574838237,19.638932975000003,19.731259919,0.766367049,0.767366622,0.956644488,25.5926338362421
bv_compiler,2,double,brettel,0,8191,5.095531681,5.178702234,5.83872543,4.002869003,4.1311843795000005,4.22050879,1.2535635687668778
bv_compiler,2,double,brettel,1,8191,5.103162007,5.180991332,5.287052863,4.05454157,4.170743804,4.391290746,1.2422223889731876
bv_compiler,2,double,brettel,2,8191,5.102398974,5.1867140764999995,5.863142473,4.146822732,4.214320596,4.374320901,1.2307355262489856
bv_compiler,2,double,lookup,0,8191,46.512941033,46.5991637165,46.932608961,5.807608961,5.920976529000001,6.156734526,7.870182137737705
bv_compiler,2,double,lookup,1,8191,46.504547674,46.562156634999994,47.127945306,5.805625076,5.9148570075,6.001854169,7.872068010428567
bv_compiler,2,double,lookup,2,8191,46.483182762,46.5957300695,47.10276523,5.811736967,5.935500854500001,6.177221951,7.8503451034251714
bv_compiler,2,double,lookupApply,0,8191,55.596081065,55.7364790625,56.338511781,10.164723477,10.3423879865,10.578226102,5.389130550435089
bv_compiler,2,double,lookupApply,1,8191,55.625076303,55.700998047,56.249236967,10.159305946,10.29529743,10.434966732,5.410334031214094
bv_compiler,2,double,lookupApply,2,8191,55.666280063,55.726559639,56.436942986,10.244307777,10.359933921,10.516687523,5.379045857236602
bv_compiler,2,double,prepared,0,8191,26.449761934,26.532932486500002,26.827463069,1.163739165,1.206091289,1.281696374,21.99910796843505
bv_compiler,2,double,prepared,1,8191,26.452814064,26.5298803565,26.658832865,1.163662862,1.206507142,1.402095288,21.988995699206562
bv_compiler,2,double,prepared,2,8191,26.463496521,26.5542973995,28.938774264,1.163662862,1.2064689905,1.304251618,22.00992947899559
bv_compiler,2,double,vienot,0,8191,4.021181785,4.082224392500001,4.159290685,1.171537358,1.207850079,1.399272067,3.3797442774352797
bv_compiler,2,double,vienot,1,8191,4.015840557,4.0909992675,4.160053717,1.170995605,1.20716335,1.284145709,3.388935944335951
bv_compiler,2,float,brettel,0,8191,4.328683921,4.4107099255,4.61024295,2.115187401,2.11786183,2.675528019,2.082624023447271
bv_compiler,2,float,brettel,1,8191,4.327920889,4.394304725,5.04822366,2.091640215,2.0931281285,2.287335185,2.099395954393434
bv_compiler,2,float,brettel,2,8191,4.330973019,4.4019350505,4.493498962,2.081621597,2.0929373705,2.172437737,2.103233050613637
bv_compiler,2,float,lookup,0,8191,29.076883164,29.244750336000003,31.246184837,4.470646136,4.5428519105,4.688591137,6.4375310734664115
bv_compiler,2,float,lookup,1,8191,29.062385545,29.1859968255,29.659840068,4.467433769,4.5455187095,4.7481382,6.420828664614696
bv_compiler,2,float,lookup,2,8191,29.046361861,29.182181663,29.343181541,4.467357466,4.5387544255,4.591121353,6.429557303000641
bv_compiler,2,float,lookupApply,0,8191,41.945427909,42.08239226,42.981626175,10.028354291,10.109991148999999,10.533886278,4.162455895340963
bv_compiler,2,float,lookupApply,1,8191,41.942375778,42.061027347,42.507782932,10.025668417,10.044896838,10.206087474,4.187303067950134
bv_compiler,2,float,lookupApply,2,8191,41.940849713,42.112913564,42.639787572,10.026515383,10.041035893,10.172597973,4.194080572240416
bv_compiler,2,float,prepared,0,8191,15.580362593,15.5963862775,16.119826639,0.766298376,0.7672865035,0.919187218,20.32667876517653
bv_compiler,2,float,prepared,1,8191,15.569680137,15.6028720545,16.864546453,0.766595959,0.7669851055,0.946328287,20.34312262730114
bv_compiler,2,float,prepared,2,8191,15.578073495,15.589518984,16.959162495,0.766527286,0.7670957455,0.836474484,20.322781185337703
bv_compiler,2,float,vienot,0,8191,3.409229642,3.4618788915,3.569466488,0.766138139,0.7670957455,0.904811684,4.512968442086086
bv_compiler,2,float,vienot,1,8191,3.402362349,3.4271609085,3.503082652,0.766222073,0.7670995604999999,0.846256562,4.467687227282671
bv_vienot_index,2,double,brettel,0,8191,5.094768649,5.1817543645,5.882218288,4.060126969,4.1361517215,4.553435173,1.2527960078361935
bv_vienot_index,2,double,brettel,1,8191,5.100872909,5.1870955925,5.30689171,4.092616897,4.18890398,4.382584544,1.2382942214158845
bv_vienot_index,2,double,brettel,2,8191,5.10392504,5.193199853,5.821938713,4.111501953,4.2091930170000005,4.29657551,1.233775650588085
bv_vienot_index,2,double,lookup,0,8191,46.181021853,46.231763520499996,47.311836162,5.840945855,5.9194466485,6.037632768,7.810149540280968
bv_vienot_index,2,double,lookup,1,8191,46.177969723,46.208109510499995,46.579324869,5.842311684,5.9464732635,6.10743499,7.770674728183783
bv_vienot_index,2,double,lookup,2,8191,46.138292028,46.321419851,46.794500061,5.833292638,5.9963527045,6.456026431,7.7249324937537125
bv_vienot_index,2,double,lookupApply,0,8191,55.654071542,55.784550116000005,56.257630326,10.202188377,10.272364485499999,10.34644732,5.430546218910255
bv_vienot_index,2,double,lookupApply,1,8191,55.65636064,55.73876816,56.658222439,10.203561836,10.2720630875,10.465014955,5.4262486206717435
bv_vienot_index,2,double,lookupApply,2,8191,55.509858381,55.7490691005,56.089000122,10.235365035,10.301371169500001,10.570504212,5.411810542810088
bv_vienot_index,2,double,prepared,0,8191,26.452051032,26.523776096,27.001434501,1.179709437,1.216529575,1.290715419,21.802820614533765
bv_vienot_index,2,double,prepared,1,8191,26.448235869,26.533314003,27.557685264,1.185142229,1.216941613,1.360052191,21.803276114118717
bv_vienot_index,2,double,prepared,2,8191,26.456629227,26.538273715000003,28.454248565,1.182319009,1.2139619705000002,1.300573801,21.86087732556363
bv_vienot_index,2,double,vienot,0,8191,2.18608839,2.208216335,2.456201929,1.193550848,1.200051886,1.3466686,1.8401007162785292
bv_vienot_index,2,double,vienot,1,8191,2.185325357,2.1925741665,2.289860823,1.192329996,1.199933616,1.390321695,1.8272462220110017
bv_vienot_index,2,float,brettel,0,8191,4.633133927,4.7472073004999995,4.969631303,2.11587413,2.127033482,2.720485899,2.2318441814260073
bv_vienot_index,2,float,brettel,1,8191,4.633133927,4.701043829,5.306128678,2.091479978,2.0932883655000003,2.263414113,2.2457698167529414
bv_vienot_index,2,float,brettel,2,8191,4.636186058,4.7082926385,4.845256989,2.078950983,2.0873252659999997,2.239332804,2.255658337103653
bv_vienot_index,2,float,lookup,0,8191,28.931143938,29.055899768000003,31.540715419,4.460474911,4.5345882675,4.681411,6.407615874686467
bv_vienot_index,2,float,lookup,1,8191,28.973110731,29.062767061499997,29.393541692,4.461932304,4.5318413500000005,4.875190758,6.413015111727155
bv_vienot_index,2,float,lookup,2,8191,28.990660481,29.0898547185,29.538517885,4.461161641,4.530078745000001,4.709841594,6.421489858340198
bv_vienot_index,2,float,lookupApply,0,8191,41.953058235,42.132370895,42.641313637,10.02621017,10.1011628615,10.250419668,4.171041638738951
bv_vienot_index,2,float,lookupApply,1,8191,41.9545843,42.0156269075,42.593242583,10.024294958,10.0528896045,10.318543218,4.179457704249775
bv_vienot_index,2,float,lookupApply,2,8191,41.943138811,42.06980222200001,42.478787694,10.032169454,10.04505326,10.215945855,4.188111414951324
bv_vienot_index,2,float,prepared,0,8191,15.578836528,15.849713099999999,16.309058723,0.766679893,0.7671758635,1.028049078,20.659817199788638
bv_vienot_index,2,float,prepared,1,8191,15.603253571,15.791341106,16.582987425,0.76614577,0.767137712,0.845798743,20.584754026536505
bv_vienot_index,2,float,prepared,2,8191,15.654376755,15.7985899155,16.217494811,0.76614577,0.767057594,0.839152729,20.59635422304417
bv_vienot_index,2,float,vienot,0,8191,2.16548651,2.169301673,2.317329996,0.766298376,0.766985106,0.912541204,2.828349150498367
bv_vienot_index,2,float,vienot,1,8191,2.16853864,2.1704462214999998,2.25094616,0.766069466,0.7667905325,0.838618606,2.830559493768919
bv_vienot_ref,2,double,brettel,0,8191,5.103162007,5.1779392015,6.28815163,4.004776584,4.116850812,4.46208491,1.2577427353954842
bv_vienot_ref,2,double,brettel,1,8191,5.104688072,5.1828989135,5.271029178,4.058600903,4.138711696,4.352376084,1.2522976457889519
bv_vienot_ref,2,double,brettel,2,8191,5.123763887,5.241270907,5.808967159,4.13060829,4.284119002500001,4.384255585,1.2234186081062297
bv_vienot_ref,2,double,lookup,0,8191,46.266481504,46.3057776825,46.676993041,5.837802161,5.9219684715,6.00866042,7.819321886860877
bv_vienot_ref,2,double,lookup,1,8191,46.257325113,46.308448297,46.608320107,5.829469845,5.9432990475,6.078683921,7.7917075898240835
bv_vienot_ref,2,double,lookup,2,8191,46.237486265,46.3652942255,46.75024417,5.835970883,5.978387102,6.430411427,7.755485456936877
bv_vienot_ref,2,double,lookupApply,0,8191,55.568611891,55.6918416555,55.977597363,10.162968502,10.241362470999999,10.306227872,5.437932873990161
bv_vienot_ref,2,double,lookupApply,1,8191,55.602185325,55.687644976,55.91502869,10.16877518,10.239611311,10.34621078,5.438453011998318
bv_vienot_ref,2,double,lookupApply,2,8191,55.568611891,55.723507508,56.105023807,10.22588817,10.2878006345,10.493521853,5.416464557169972
bv_vienot_ref,2,double,prepared,0,8191,26.445946771,26.540944329,26.662648028,1.165883287,1.1994796115000002,1.357610487,22.127049159101105
bv_vienot_ref,2,double,prepared,1,8191,26.447472836,26.535984617,27.50656208,1.166035893,1.1995177635,1.297361433,22.1222106286882
bv_vienot_ref,2,double,prepared,2,8191,26.452051032,26.5352215845,28.587016237,1.166112196,1.1992812234999999,1.299124039,22.125937657107
bv_vienot_ref,2,double,vienot,0,8191,2.201349042,2.5050360155,2.753021609,1.172071481,1.2035274994999998,1.276034672,2.0814115311371832
bv_vienot_ref,2,double,vienot,1,8191,2.202112074,2.203638139,2.300543279,1.171995178,1.204099774,1.319840374,1.8301125758703118
bv_vienot_ref,2,float,brettel,0,8191,4.479764376,4.5644609935,4.794133805,2.116713466,2.1273768465,2.711001404,2.1455817764537284
bv_vienot_ref,2,float,brettel,1,8191,4.486631669,4.553015505,5.207697473,2.091411305,2.097217983,2.345600354,2.17097866883969
bv_vienot_ref,2,float,brettel,2,8191,4.491209864,4.5602643145,4.640764253,2.078569466,2.084307472,2.169767122,2.187903836531466
bv_vienot_ref,2,float,lookup,0,8191,28.791508973,28.8636155535,29.968105237,4.465144671,4.535812935,4.672002808,6.363493373101376
bv_vienot_ref,2,float,lookup,1,8191,28.735807594,28.829660603,29.310371139,4.469188744,4.5439544925,5.776797705,6.344619130888006
bv_vienot_ref,2,float,lookup,2,8191,28.690025638,28.8315681845,29.052466121,4.464831828,4.531452203500001,4.561233366,6.362544917108711
bv_vienot_ref,2,float,lookupApply,0,8191,41.940086681,42.0797216455,42.312446588,10.033779453,10.1021929555,10.396662495,4.165404663211296
bv_vienot_ref,2,float,lookupApply,1,8191,41.986631669,42.12359602,42.265901599,10.030109266,10.0444428335,10.222981016,4.193721515295038
bv_vienot_ref,2,float,lookupApply,2,8191,41.959162495,42.119780856999995,42.429190575,10.031406422,10.043748474000001,10.121764742,4.193631587453072
bv_vienot_ref,2,float,prepared,0,8191,15.5734953,15.605542669,16.217494811,0.766138139,0.767019442,0.833033207,20.345693752310385
bv_vienot_ref,2,float,prepared,1,8191,15.575021365,15.596004761,16.085490172,0.76591686,0.766946954,0.885705347,20.33518052279793
bv_vienot_ref,2,float,prepared,2,8191,15.581125626,15.5975308265,15.736784275,0.76591686,0.7669851055,0.836856,20.33615870067245
bv_vienot_ref,2,float,vienot,0,8191,1.956415578,2.035007936,2.124282749,0.766298376,0.7668668354999999,0.837390123,2.6536653324865296
bv_vienot_ref,2,float,vienot,1,8191,2.03348187,2.037297033,2.129623978,0.765993163,0.7669851055,0.865217922,2.6562406732421224
default,0,double,brettel,0,65536,29.408550262,29.436588287,29.661273956,4.181509018,4.1991853715000005,4.224667549,7.010071164466095
default,0,double,brettel,1,65536,29.210186005,29.2791843415,29.346179962,4.205300331,4.2337298395000005,4.25439167,6.915695013963821
default,0,double,brettel,2,65536,29.182815552,29.245138168,29.319858551,4.224189758,4.2421755789999995,4.272592545,6.893900929695584
default,0,double,lookup,0,65536,46.50478363,46.583843231,46.761608124,5.885092735,5.918776989,6.006235123,7.870518405673284
default,0,double,lookup,1,65536,46.556663513,46.637773513499994,48.362159729,5.898698807,5.944966793,8.351419449,7.844917412896977
default,0,double,lookup,2,65536,46.542167664,46.591901779,46.755313873,5.894159317,5.9337301255,6.054151535,7.852042609550594
default,0,double,lookupApply,0,65536,55.730724335,55.817270279,57.397460938,10.291871071,10.312761784,10.367265701,5.412446389055466
default,0,double,lookupApply,1,65536,55.733776093,55.811738968,56.21919632,10.288957596,10.320458412,10.381473541,5.407874024578744
default,0,double,lookupApply,2,65536,55.767250061,55.818414688000004,55.992984772,10.283557892,10.316130161,10.442804337,5.410790075043916
default,0,double,prepared,0,65536,26.501369476,26.543903350500003,27.707958221,1.21350956,1.2264556885,1.257938385,21.642774051595914
default,0,double,prepared,1,65536,26.508235931,26.592493057,27.709579468,1.216069221,1.232093334,1.306026459,21.583180691893915
default,0,double,prepared,2,65536,26.496887207,26.554822922,26.716995239,1.216557503,1.2264609334999999,1.25962925,21.651584813402458
default,0,double,vienot,0,65536,22.171974182,22.208929062,22.725963593,1.217321396,1.2272396085000001,1.25274086,18.09665277112835
default,0,double,vienot,1,65536,22.166728973,22.192525864,22.280597687,1.218191147,1.2289686204999999,1.291197777,18.057845817878636
default,0,float,brettel,0,65536,42.506885529,42.560958862,42.696380615,2.147852898,2.2134208675,2.256774902,19.228588420272494
default,0,float,brettel,1,65536,42.639541626,42.791414261,43.08757782,2.165920258,2.180472374,2.197488785,19.624836696509323
default,0,float,brettel,2,65536,42.681312561,42.82784462,43.127059937,2.171463013,2.1840548515,2.254052162,19.60932647391434
default,0,float,lookup,0,65536,29.216861725,29.310178757,29.369258881,4.519130707,4.5544633865,4.616978645,6.435484549920643
default,0,float,lookup,1,65536,29.228401184,29.297447205,29.441070557,4.528035164,4.5626182555,4.601252556,6.421191860547054
default,0,float,lookup,2,65536,29.268550873,29.303216933999998,29.470539093,4.522102356,4.546743393,4.568737984,6.444880302485107
default,0,float,lookupApply,0,65536,42.074775696,42.2680854795,42.802333832,10.071828842,10.0842022895,10.147443771,4.191515031735421
default,0,float,lookupApply,1,65536,42.130851746,42.2159194945,42.447948456,10.072611809,10.093092441500001,10.248856544,4.182654596614991
default,0,float,lookupApply,2,65536,42.163848877,42.2810554505,42.682266235,10.067519188,10.095934868,10.274643898,4.187928706286895
default,0,float,prepared,0,65536,15.605640411,15.6309604645,15.725421906,0.776568413,0.787537098,0.801382065,19.847903678691207
default,0,float,prepared,1,65536,15.619277954,15.659427643,15.7289505,0.779635429,0.7905373575,0.809579849,19.8085865195814
default,0,float,prepared,2,65536,15.61088562,15.6344890595,15.669822693,0.778833389,0.790355682,0.815073967,19.781586209308735
default,0,float,vienot,0,65536,19.334411621,19.3706035615,19.441413879,0.780924797,0.790336609,0.811337471,24.50930823767522
default,0,float,vienot,1,65536,19.64673996,19.6735858915,19.855499268,0.78122139,0.789782524,0.809484482,24.910130692509473
bv_compiler,0,double,brettel,0,65536,13.603496552,13.620710373,13.809394836,4.181099892,4.2081522945,4.239496231,3.236743686962587
bv_compiler,0,double,brettel,1,65536,13.600921631,13.633251190500001,13.69304657,4.220282555,4.2461652755,4.28397274,3.2107208047606295
bv_compiler,0,double,brettel,2,65536,13.623428345,13.656520843500001,13.836765289,4.221725464,4.2450280185,4.271838188,3.2170625927518834
bv_compiler,0,double,lookup,0,65536,46.535587311,46.59280777,47.27973938,5.895001411,5.932015419000001,6.396570206,7.8544650475393505
bv_compiler,0,double,lookup,1,65536,46.542739868,46.58536911,46.715354919,5.888332367,5.918109417,6.008663177,7.871664044632516
bv_compiler,0,double,lookup,2,65536,46.549510956,46.632528305,46.936893463,5.889593124,5.9245538715,5.987106323,7.871061571289824
bv_compiler,0,double,lookupApply,0,65536,55.755901337,55.868625640999994,55.934619904,10.283177376,10.328809738,10.410377502,5.409009078312058
bv_compiler,0,double,lookupApply,1,65536,55.764579773,55.8152198795,56.640720367,10.294308662,10.329372406000001,10.419185638,5.403544154055161
bv_compiler,0,double,lookupApply,2,65536,55.770111084,55.845260620000005,55.936813354,10.294872284,10.3313031195,10.395575523,5.405442079672785
bv_compiler,0,double,prepared,0,65536,26.526832581,26.552295684999997,27.283096313,1.215391159,1.224196434,1.251832008,21.68957117301977
bv_compiler,0,double,prepared,1,65536,26.530456543,26.564359664999998,26.681804657,1.217494011,1.236459732,1.3042593,21.484209293279275
bv_compiler,0,double,prepared,2,65536,26.513767242,26.5834331515,27.291202545,1.216432571,1.2300057414999999,1.265850067,21.612446393202468
bv_compiler,0,double,vienot,0,65536,4.079627991,4.0942192075,4.157924652,1.219137192,1.2315106395000002,1.265563011,3.3245504148971663
bv_compiler,0,double,vienot,1,65536,4.073905945,4.08949852,4.140853882,1.219786644,1.228123188,1.281863213,3.3298764814136868
bv_compiler,0,float,brettel,0,65536,12.863826752,12.8883838655,13.023757935,2.164611816,2.2110233304999998,2.244659424,5.829148741992436
bv_compiler,0,float,brettel,1,65536,12.8865242,12.9060745235,12.957763672,2.169026375,2.1809453965000003,2.238458633,5.917651374588184
bv_compiler,0,float,brettel,2,65536,12.87651062,12.9032611845,12.961959839,2.169054031,2.1856174470000003,2.202314377,5.903714395312474
bv_compiler,0,float,lookup,0,65536,29.170131683,29.2385101315,29.416465759,4.524385452,4.547121048,4.580442429,6.430114752357479
bv_compiler,0,float,lookup,1,65536,29.186630249,29.2552948,30.350208282,4.520956039,4.555419445,4.591076851,6.4220858590991945
bv_compiler,0,float,lookup,2,65536,29.217243195,29.2522907255,30.482292175,4.521834373,4.544464111,4.583108902,6.436906533092434
bv_compiler,0,float,lookupApply,0,65536,42.098617554,42.319679260499996,42.547893524,10.072450638,10.0943870545,10.155478477,4.192397124462769
bv_compiler,0,float,lookupApply,1,65536,42.157077789,42.282485961999996,42.671203613,10.07002449,10.092820644,10.126977921,4.189362662174738
bv_compiler,0,float,lookupApply,2,65536,42.148780823,42.345905304,42.568016052,10.069087982,10.103334427,10.378407478,4.191280176852845
bv_compiler,0,float,prepared,0,65536,15.613746643,15.6423568725,15.754985809,0.782224655,0.792596817,0.833972931,19.735578716688188
bv_compiler,0,float,prepared,1,65536,15.619564056,15.633678436,15.730285645,0.781431198,0.791856289,0.829902649,19.743075420595666
bv_compiler,0,float,prepared,2,65536,15.616798401,15.632677078,15.784168243,0.780151367,0.7904181480000001,0.81043911,19.77773045514638
bv_compiler,0,float,vienot,0,65536,3.440189362,3.459405899,3.735923767,0.777523994,0.789639473,0.805003166,4.380994133762105
bv_compiler,0,float,vienot,1,65536,3.43875885,3.4605979920000003,3.680992126,0.777906418,0.787876606,0.809379578,4.39230961504142
bv_vienot_index,0,double,brettel,0,65536,13.599300385,13.6105060575,13.663673401,4.181929588,4.2055339815,4.227313995,3.2363324413432752
bv_vienot_index,0,double,brettel,1,65536,13.60244751,13.623094559,13.686466217,4.215130806,4.2228899,4.251583099,3.22601225265191
bv_vienot_index,0,double,brettel,2,65536,13.621234894,13.649320602500001,14.614391327,4.222967148,4.2465806005,4.330733299,3.2141908718023404
bv_vienot_index,0,double,lookup,0,65536,46.205043793,46.2673664095,46.374988556,5.896519661,5.924705982,6.02048111,7.809225732055913
bv_vienot_index,0,double,lookup,1,65536,46.212673187,46.2809085845,46.525478363,5.895344734,5.9287190435,6.166666985,7.806223949040131
bv_vienot_index,0,double,lookup,2,65536,46.214389801,46.256637573,46.415901184,5.89529705,5.925809383,6.455521584,7.8059611073048245
bv_vienot_index,0,double,lookupApply,0,65536,55.752277374,55.839395523,56.264019012,10.281847954,10.305380344500001,10.364408493,5.418470124957744
bv_vienot_index,0,double,lookupApply,1,65536,55.753231049,55.8810710905,57.08398819,10.283157349,10.3073349,10.386250496,5.421485925571313
bv_vienot_index,0,double,lookupApply,2,65536,55.731010437,55.8356285095,56.007671356,10.291947365,10.302284717500001,10.351453781,5.419732616654893
bv_vienot_index,0,double,prepared,0,65536,26.528549194,26.560163498,26.932525635,1.21125412,1.223312855,1.631522179,21.71166876031888
bv_vienot_index,0,double,prepared,1,65536,26.521205902,26.5408992765,26.655292511,1.210633278,1.2194523815,1.2403965,21.764604899006464
bv_vienot_index,0,double,prepared,2,65536,26.534175873,26.577186584499998,27.798938751,1.211025238,1.226178169,1.259095192,21.67481631660007
bv_vienot_index,0,double,vienot,0,65536,2.219295502,2.2305488584999997,2.305221558,1.21776104,1.233970642,1.452030182,1.8076190653002582
bv_vienot_index,0,double,vienot,1,65536,2.217960358,2.2327423095,2.297496796,1.21968174,1.2309846875,1.243023872,1.8137856077109002
bv_vienot_index,0,float,brettel,0,65536,13.100719452,13.1333351135,13.226413727,2.152172089,2.2157382964999996,2.229640961,5.927295265079605
bv_vienot_index,0,float,brettel,1,65536,13.157558441,13.178396225,13.22221756,2.167085648,2.175857067,2.209775925,6.056646102756161
bv_vienot_index,0,float,brettel,2,65536,13.129520416,13.165903091,13.224697113,2.162958145,2.176803589,2.21336937,6.048273329541998
bv_vienot_index,0,float,lookup,0,65536,29.063224792,29.136610031,40.907382965,4.521595955,4.5411105155,4.573544502,6.416186069805859
bv_vienot_index,0,float,lookup,1,65536,29.071331024,29.102563858,29.236507416,4.530013084,4.5433320995,4.606908798,6.405555046526927
bv_vienot_index,0,float,lookup,2,65536,29.04548645,29.118490219,29.329109192,4.533356667,4.5472106935,4.633708954,6.403593803256876
bv_vienot_index,0,float,lookupApply,0,65536,42.113780975,42.234849929999996,42.612838745,10.068016052,10.081507206000001,10.168024063,4.189338862433581
bv_vienot_index,0,float,lookupApply,1,65536,42.102813721,42.236566543500004,42.429637909,10.070757866,10.0814261435,10.174415588,4.189542822840798
bv_vienot_index,0,float,lookupApply,2,65536,42.116737366,42.237281799,42.814350128,10.065034866,10.0853481295,10.142140388,4.1879845154233655
bv_vienot_index,0,float,prepared,0,65536,15.685272217,15.860414505,15.942764282,0.779951096,0.792906761,0.814442635,20.002874593977637
bv_vienot_index,0,float,prepared,1,65536,15.739536285,15.8522129055,16.061782837,0.778841972,0.7914214135,0.818790436,20.030053060347225
bv_vienot_index,0,float,prepared,2,65536,15.723991394,15.8502578735,15.954017639,0.780370712,0.793293476,0.838224411,19.980320465285157
bv_vienot_index,0,float,vienot,0,65536,2.199745178,2.208900452,2.246189117,0.778087616,0.789920807,0.814414024,2.796356840363619
bv_vienot_index,0,float,vienot,1,65536,2.198696136,2.2091388705,2.293682098,0.777065277,0.7876901629999999,0.808414459,2.804578467866432
bv_vienot_ref,0,double,brettel,0,65536,13.596630096,13.622379303,13.684082031,4.179236412,4.2083973885,5.011317253,3.236951752756274
bv_vienot_ref,0,double,brettel,1,65536,13.606357574,13.628959656,13.741111755,4.216881752,4.23338747,4.763471603,3.219398118547367
bv_vienot_ref,0,double,brettel,2,65536,13.626098633,13.642501831,13.725566864,4.225213051,4.251546383,4.357000351,3.2088328815016953
bv_vienot_ref,0,double,lookup,0,65536,46.291065216,46.351385117,46.943950653,5.901605606,5.936235428,6.102690697,7.808212069617398
bv_vienot_ref,0,double,lookup,1,65536,46.272659302,46.33708000199999,46.443271637,5.90712738,5.9279761314999995,6.08494854,7.816677897162008
bv_vienot_ref,0,double,lookup,2,65536,46.285915375,46.3603019715,46.905899048,5.896531105,5.928386688,6.042010307,7.820053652259332
bv_vienot_ref,0,double,lookupApply,0,65536,55.754184723,55.837821960499994,63.921260834,10.313916206,10.338261604,10.433808327,5.401084253748779
bv_vienot_ref,0,double,lookupApply,1,65536,55.747890472,55.8269500735,56.01234436,10.318951607,10.3323616985,10.39228344,5.403116122193504
bv_vienot_ref,0,double,lookupApply,2,65536,55.743789673,55.8733940125,57.686233521,10.316018105,10.334177017,10.383177757,5.406661209749626
bv_vienot_ref,0,double,prepared,0,65536,26.519966125,26.5580654145,26.60484314,1.213825226,1.2238907815000002,1.298487663,21.699702143315797
bv_vienot_ref,0,double,prepared,1,65536,26.508235931,26.552772521999998,26.681613922,1.220026016,1.2346205715,1.294150352,21.50682819883663
bv_vienot_ref,0,double,prepared,2,65536,26.522922516,26.571989059499998,27.676773071,1.214981079,1.2319550515,1.275136948,21.568959863549047
bv_vienot_ref,0,double,vienot,0,65536,2.236366272,2.244472504,2.273845673,1.222643852,1.2355666159999998,1.325890541,1.8165532112434482
bv_vienot_ref,0,double,vienot,1,65536,2.226066589,2.2449016569999998,2.275371552,1.219146729,1.2242975235,1.255301476,1.833624273438302
bv_vienot_ref,0,float,brettel,0,65536,12.945079803,12.9814624785,14.644813538,2.169657707,2.2195897105,2.279974937,5.8485865279920155
bv_vienot_ref,0,float,brettel,1,65536,12.992668152,13.008928299,13.044643402,2.170937538,2.1842517855,2.383584976,5.955782380657233
bv_vienot_ref,0,float,brettel,2,65536,12.964725494,13.005208969,13.043498993,2.161785126,2.1782751085000003,2.20536232,5.970416187675956
bv_vienot_ref,0,float,lookup,0,65536,28.801727295,28.840208054,28.950309753,4.533053398,4.5498642920000005,4.574061394,6.338696322153953
bv_vienot_ref,0,float,lookup,1,65536,28.793716431,28.839588165499997,28.955078125,4.523449898,4.544594764999999,4.560388565,6.345909736024616
bv_vienot_ref,0,float,lookup,2,65536,28.797149658,28.854751587,28.93819809,4.520517349,4.552443981,4.619923592,6.338299099874196
bv_vienot_ref,0,float,lookupApply,0,65536,42.094612122,42.1532630925,42.272567749,10.073933601,10.0821175575,10.151708603,4.180993015811699
bv_vienot_ref,0,float,lookupApply,1,65536,42.09394455,42.1525001525,42.265605927,10.073207855,10.0845351215,10.113213539,4.179915052567155
bv_vienot_ref,0,float,lookupApply,2,65536,42.108821869,42.151117325,42.206859589,10.069108009,10.0822649005,10.12567234,4.180719088516474
bv_vienot_ref,0,float,prepared,0,65536,15.614128113,15.644216537,15.793132782,0.779168129,0.7956352234999999,0.816545486,19.662548960792712
bv_vienot_ref,0,float,prepared,1,65536,15.616607666,15.639400482,15.703201294,0.779817581,0.790527821,0.812924385,19.78349156923599
bv_vienot_ref,0,float,prepared,2,65536,15.613079071,15.642166138,15.754508972,0.781049728,0.7898163794999999,0.833217621,19.80481355413572
bv_vienot_ref,0,float,vienot,0,65536,2.06193924,2.0739555359999997,2.163505554,0.777849197,0.7945981025,0.801640511,2.6100685736283893
bv_vienot_ref,0,float,vienot,1,65536,2.060031891,2.068567276,2.111434937,0.775442123,0.7902178765000001,0.811203957,2.6177176415724883
default,1,double,brettel,0,65536,29.342460632,29.400396347,29.551792145,4.185320854,4.2095947265,4.620370865,6.984139390407421
default,1,double,brettel,1,65536,29.228115082,29.2681217195,29.437446594,4.204363823,4.226821899,4.296747208,6.924380165254747
default,1,double,brettel,2,65536,29.17098999,29.226303101,29.346942902,4.219249725,4.2417798045,4.286887169,6.890103788507487
default,1,double,lookup,0,65536,46.534347534,46.5787887575,46.729850769,5.893730164,5.91714859,6.000818253,7.871830164315681
default,1,double,lookup,1,65536,46.551132202,46.584033966,46.697902679,5.891551018,5.919689655,6.027054787,7.8693371917991195
default,1,double,lookup,2,65536,46.538066864,46.599149704,48.02904129,5.88839817,5.928800582499999,6.024781227,7.859793739992941
default,1,double,lookupApply,0,65536,55.779075623,55.8253765105,55.973625183,10.292176247,10.3118543625,10.369998932,5.413708780984542
default,1,double,lookupApply,1,65536,55.746459961,55.818223953499995,56.116199493,10.288497925,10.312002182,10.39589119,5.412937562303164
default,1,double,lookupApply,2,65536,55.760478973,55.849647522,56.078243256,10.290494919,10.3175439835,10.361533165,5.413075787349755
default,1,double,prepared,0,65536,26.526260376,26.5580654145,26.63640976,1.210146904,1.223183155,1.264826775,21.71225568790636
default,1,double,prepared,1,65536,26.520061493,26.559638977,26.777076721,1.208866119,1.2215304375,1.267531395,21.742920324897757
default,1,double,prepared,2,65536,26.523113251,26.5563488005,26.708126068,1.210958481,1.22163105,1.294054985,21.738436331083758
default,1,double,vienot,0,65536,22.179412842,22.196912765500002,22.239494324,1.218182564,1.232819557,1.425124168,18.004997275931437
default,1,double,vienot,1,65536,22.165393829,22.189617157,22.321510315,1.218544006,1.2255148884999998,1.266717911,18.106362774718754
default,1,float,brettel,0,65536,42.560958862,42.605113982999995,42.694473267,2.149783134,2.2166275974999996,2.264504433,19.220690941072704
default,1,float,brettel,1,65536,42.586517334,42.70029068,43.398571014,2.16655159,2.1801376345000003,2.192043304,19.58605273551595
default,1,float,brettel,2,65536,42.683696747,42.828130722,43.133449554,2.170506477,2.1809358595,2.230805397,19.637501275172188
default,1,float,lookup,0,65536,29.238414764,29.3029308315,29.360580444,4.521251678,4.5468912125,4.612143517,6.444607856669718
default,1,float,lookup,1,65536,29.244804382,29.3105125425,29.451370239,4.525379181,4.546752453,4.610385895,6.446472035916665
default,1,float,lookup,2,65536,29.295158386,29.335403442500002,29.451656342,4.52954483,4.5512099265,4.698890686,6.445627408151593
default,1,float,lookupApply,0,65536,42.125701904,42.226600647,43.994617462,10.074159622,10.092332363499999,10.132002831,4.184027945781594
default,1,float,lookupApply,1,65536,42.112922668,42.1880722045,42.449760437,10.070863724,10.0886354445,10.123871803,4.181742162910603
default,1,float,lookupApply,2,65536,42.098617554,42.162799835499996,42.438316345,10.069660187,10.0837955475,10.115703583,4.181243028668218
default,1,float,prepared,0,65536,15.613460541,15.6420707705,15.690612793,0.777896881,0.7901883125,0.807467461,19.795370955325286
default,1,float,prepared,1,65536,15.616893768,15.636253357000001,15.784454346,0.779587746,0.789796829,0.849183083,19.797817340945542
default,1,float,prepared,2,65536,15.617370605,15.643596649500001,15.722751617,0.779635429,0.7904849055000001,0.816430092,19.78987396300131
default,1,float,vienot,0,65536,19.364643097,19.375562668,19.480609894,0.776817322,0.78682518,0.799107552,24.62499060846019
default,1,float,vienot,1,65536,19.654178619,19.6794986725,19.758987427,0.776492119,0.7886505125000001,0.808289528,24.953383483029178
bv_compiler,1,double,brettel,0,65536,13.599300385,13.6206150055,13.669586182,4.183161736,4.2075357435,4.228928566,3.237195317126365
bv_compiler,1,double,brettel,1,65536,13.599205017,13.623809814,13.718509674,4.21480751,4.2383394244999995,4.35200119,3.214421604661173
bv_compiler,1,double,brettel,2,65536,13.629341125,13.6605262755,13.805103302,4.22205925,4.239314556,4.400472641,3.222343163039398
bv_compiler,1,double,lookup,0,65536,46.544933319,46.577072143500004,46.676826477,5.893568039,5.9228281974999994,6.016612053,7.863991760416077
bv_compiler,1,double,lookup,1,65536,46.543598175,46.5891838075,46.848678589,5.889888763,5.9202871325,6.032520294,7.869412878936915
bv_compiler,1,double,lookup,2,65536,46.534347534,46.5823173525,46.855926514,5.894589424,5.947441101,6.116322517,7.832329326416981
bv_compiler,1,double,lookupApply,0,65536,55.774211884,55.828475952,57.482147217,10.2768507,10.326711178,10.432495117,5.406220333820979
bv_compiler,1,double,lookupApply,1,65536,55.743026733,55.8193683625,57.104301453,10.280118942,10.3238444325,10.528232574,5.406839354027626
bv_compiler,1,double,lookupApply,2,65536,55.758476257,55.855560303000004,56.546401978,10.28713131,10.3225126265,10.368707657,5.411043059381431
bv_compiler,1,double,prepared,0,65536,26.52425766,26.556205749500002,26.787090302,1.213442802,1.2243776325,1.307574272,21.689554794688725
bv_compiler,1,double,prepared,1,65536,26.526355743,26.560688018500002,26.609230042,1.209850311,1.2234458925,1.257679939,21.7097365574751
bv_compiler,1,double,prepared,2,65536,26.522541046,26.560592651,27.343940735,1.210939407,1.2323989865,1.274573326,21.551942951877784
bv_compiler,1,double,vienot,0,65536,4.077625275,4.094552993500001,4.171848297,1.217808723,1.2270770075000001,1.273302078,3.33683458207899
bv_compiler,1,double,vienot,1,65536,4.074954987,4.087686539,4.131221771,1.217808723,1.227660179,1.268725395,3.329656373093128
bv_compiler,1,float,brettel,0,65536,12.860012054,12.886428833,13.055896759,2.169608116,2.2191824915,2.244469643,5.806836022885953
bv_compiler,1,float,brettel,1,65536,12.873935699,12.901544570999999,12.987422943,2.171596527,2.1869316105000003,2.219302177,5.89938181379632
bv_compiler,1,float,brettel,2,65536,12.866783142,12.9174232485,12.959575653,2.167477608,2.1762781145,2.215939522,5.9355572077090795
bv_compiler,1,float,lookup,0,65536,29.151630402,29.2902469635,39.201068878,4.528207779,4.551979065,4.650850296,6.4346181178010315
bv_compiler,1,float,lookup,1,65536,29.227352142,29.253864288499997,29.386901855,4.527146339,4.545815945,4.58027935,6.435338483221409
bv_compiler,1,float,lookup,2,65536,29.2096138,29.285192489499998,29.340171814,4.528722763,4.5477318765,4.62092495,6.43951606752118
bv_compiler,1,float,lookupApply,0,65536,42.125797272,42.194890975999996,43.865299225,10.076405525,10.0924372675,10.153654099,4.180842531652625
bv_compiler,1,float,lookupApply,1,65536,42.115020752,42.189693451,42.73109436,10.076300621,10.089600086,10.169839859,4.181503041883794
bv_compiler,1,float,lookupApply,2,65536,42.102146149,42.1614170075,42.901706696,10.074714661,10.0964741705,10.566813469,4.175855481380593
bv_compiler,1,float,prepared,0,65536,15.620803833,15.6367301945,15.750598907,0.777982712,0.799695015,0.823710442,19.55336709770537
bv_compiler,1,float,prepared,1,65536,15.620326996,15.6386852265,15.724468231,0.780638695,0.7917308805000001,0.834039688,19.752526536067073
bv_compiler,1,float,prepared,2,65536,15.621566772,15.649986267,15.795993805,0.777830124,0.7905039785,0.87344265,19.797479446841265
bv_compiler,1,float,vienot,0,65536,3.44247818,3.4554958344999998,3.47661972,0.777227402,0.79373312,0.808996201,4.353473160474896
bv_compiler,1,float,vienot,1,65536,3.438949585,3.4506320955,3.464508057,0.776263237,0.7875032424999999,0.799002647,4.381737000276543
bv_vienot_index,1,double,brettel,0,65536,13.596439362,13.610124588000001,13.673400879,4.179272652,4.205486774500001,4.247522354,3.2362780619178473
bv_vienot_index,1,double,brettel,1,65536,13.595962524,13.620233536,13.669490814,4.218017578,4.2343702315,4.247330666,3.21659014005847
bv_vienot_index,1,double,brettel,2,65536,13.621711731,13.6397361755,13.732719421,4.230609894,4.243962765,4.281269073,3.213915137990142
bv_vienot_index,1,double,lookup,0,65536,46.21219635,46.2629318235,46.377086639,5.891962051,5.939553737500001,6.04969883,7.788957532518661
bv_vienot_index,1,double,lookup,1,65536,46.188545227,46.242237091,46.808433533,5.900465965,5.911262989000001,5.96252346,7.822733851809684
bv_vienot_index,1,double,lookup,2,65536,46.193885803,46.240520477000004,46.471405029,5.907995224,5.957077026,7.958304405,7.76228346136547
bv_vienot_index,1,double,lookupApply,0,65536,55.760765076,55.818986893,55.944347382,10.297183037,10.307582855,10.366214752,5.415332350777403
bv_vienot_index,1,double,lookupApply,1,65536,55.756187439,55.8348178865,56.018543243,10.292806625,10.3080272675,10.362728119,5.41663467097537
bv_vienot_index,1,double,lookupApply,2,65536,55.756568909,55.840873718,58.035755157,10.301692963,10.317648887499999,10.364647865,5.412170381728354
bv_vienot_index,1,double,prepared,0,65536,26.509284973,26.5582561495,26.598739624,1.217551231,1.2409739494999998,1.298277855,21.40113912963328
bv_vienot_index,1,double,prepared,1,65536,26.523017883,26.544904709,26.652526855,1.215993881,1.2272877690000001,1.249607086,21.62891652593337
bv_vienot_index,1,double,prepared,2,65536,26.522541046,26.5553474425,26.643562317,1.217722893,1.236904144,1.305664062,21.469204037608918
bv_vienot_index,1,double,vienot,0,65536,2.217578888,2.2324085235,2.263259888,1.219250679,1.230773926,1.28542614,1.8138250058280811
bv_vienot_index,1,double,vienot,1,65536,2.219963074,2.2336483,2.251529694,1.220503807,1.228605747,1.254498482,1.8180350413093094
bv_vienot_index,1,float,brettel,0,65536,13.105583191,13.130760193,13.302135468,2.166169167,2.2206735615,2.250087738,5.912962814818472
bv_vienot_index,1,float,brettel,1,65536,13.143157959,13.167476654,13.218402863,2.172265053,2.183066368,2.207492828,6.031642852005129
bv_vienot_index,1,float,brettel,2,65536,13.132762909,13.157653808500001,13.334560394,2.166999817,2.1825833325,2.220133781,6.028477177743682
bv_vienot_index,1,float,lookup,0,65536,29.057502747,29.123926163,29.522418976,4.529659271,4.554113865,4.636193275,6.3950808052534285
bv_vienot_index,1,float,lookup,1,65536,29.074764252,29.104900360000002,29.304599762,4.524223328,4.553597927,4.684949875,6.391627198226279
bv_vienot_index,1,float,lookup,2,65536,29.056072235,29.097080231,29.219341278,4.532554626,4.559947491,4.583948135,6.381012125343353
bv_vienot_index,1,float,lookupApply,0,65536,42.136764526,42.26102829,42.512607574,10.073022842,10.0907993315,10.125085831,4.1880753844817455
bv_vienot_index,1,float,lookupApply,1,65536,42.134571075,42.227363586500005,42.36125946,10.068388939,10.091630459,10.222953796,4.1843945592399745
bv_vienot_index,1,float,lookupApply,2,65536,42.114925385,42.304992676,42.550849915,10.06511116,10.083260536000001,10.135653496,4.195566753924447
bv_vienot_index,1,float,prepared,0,65536,15.729522705,15.8755302425,15.927410126,0.77933979,0.793670654,0.840354919,20.002667557996922
bv_vienot_index,1,float,prepared,1,65536,15.84444046,15.8693790435,16.158676147,0.778909683,0.7908096314999999,0.815972328,20.067255647100705
bv_vienot_index,1,float,prepared,2,65536,15.620803833,15.861129760499999,15.942001343,0.781565666,0.791024685,0.837975502,20.05137141895894
bv_vienot_index,1,float,vienot,0,65536,2.197265625,2.2130966185,2.265739441,0.777762413,0.788956165,0.814786911,2.8050945244847663
bv_vienot_index,1,float,vienot,1,65536,2.198219299,2.2033214565,2.247905731,0.777867317,0.787938118,0.809876442,2.7963128146314657
bv_vienot_ref,1,double,brettel,0,65536,13.590335846,13.618850708,13.68637085,4.172575951,4.1965146065,4.230418205,3.245276612860039
bv_vienot_ref,1,double,brettel,1,65536,13.604354858,13.626718521,13.699245453,4.206628799,4.2313981055,4.284029961,3.220382053697074
bv_vienot_ref,1,double,brettel,2,65536,13.619709015,13.649225235,14.156627655,4.230620384,4.251835823,5.194965363,3.2101957373719596
bv_vienot_ref,1,double,lookup,0,65536,46.276378632,46.3391304015,46.825218201,5.889564514,5.9103989605,5.994560242,7.840271140948472
bv_vienot_ref,1,double,lookup,1,65536,46.279239655,46.3523387905,46.478939056,5.892354965,5.9120850565000005,6.005949974,7.840269270067122
bv_vienot_ref,1,double,lookup,2,65536,46.28238678,46.3454246525,46.914482117,5.900227547,5.920397282,6.002614021,7.828093697935726
bv_vienot_ref,1,double,lookupApply,0,65536,55.735778809,55.789709091,55.916976929,10.290858269,10.306317806,10.358160973,5.413156293173985
bv_vienot_ref,1,double,lookupApply,1,65536,55.742454529,55.8208465575,55.944633484,10.280241966,10.3016643525,10.35975647,5.418624083200055
bv_vienot_ref,1,double,lookupApply,2,65536,55.72385788,55.8255672455,56.026554108,10.280197144,10.3022718425,10.366301537,5.41876278348651
bv_vienot_ref,1,double,prepared,0,65536,26.521492004,26.54876709,26.782512665,1.211933136,1.226222038,1.331546783,21.650864417101594
bv_vienot_ref,1,double,prepared,1,65536,26.522922516,26.540851593,26.602840424,1.216300011,1.231725216,1.281576157,21.54770499802774
bv_vienot_ref,1,double,prepared,2,65536,26.530361176,26.547193527,26.62115097,1.212869644,1.231529713,1.247877121,21.556275294674926
bv_vienot_ref,1,double,vienot,0,65536,2.233791351,2.2478103640000002,2.27394104,1.216108322,1.226895332,1.24428463,1.8321125733975816
bv_vienot_ref,1,double,vienot,1,65536,2.242279053,2.2507190704999998,2.433586121,1.222882271,1.2327189445000002,1.269174576,1.8258168908184564
bv_vienot_ref,1,float,brettel,0,65536,12.940692902,12.963628769,13.125514984,2.166732788,2.2135310175000003,2.261505127,5.856538113317853
bv_vienot_ref,1,float,brettel,1,65536,12.977218628,13.006925583,13.069248199,2.164343834,2.360376358,2.572669029,5.510530360514651
bv_vienot_ref,1,float,brettel,2,65536,12.964248657,12.989759445,13.040447235,2.168844223,2.1809163089999997,2.198625565,5.956101750165784
bv_vienot_ref,1,float,lookup,0,65536,28.806209564,28.8834095,29.360103607,4.532219887,4.545749664500001,4.603449821,6.353937553043182
bv_vienot_ref,1,float,lookup,1,65536,28.818893433,28.869104385500002,30.43088913,4.521003723,4.541827202,4.653410912,6.35627537146007
bv_vienot_ref,1,float,lookup,2,65536,28.839969635,28.884744644,29.078197479,4.520535469,4.5380387305,4.603803635,6.365028233423095
bv_vienot_ref,1,float,lookupApply,0,65536,42.100334167,42.1659469605,42.293262482,10.064767838,10.0914149285,10.142504692,4.178397901508901
bv_vienot_ref,1,float,lookupApply,1,65536,42.115592957,42.157745361500005,42.300224304,10.068293571,10.088147639999999,10.152841568,4.178938182302416
bv_vienot_ref,1,float,lookupApply,2,65536,42.099952698,42.182111739999996,42.368412018,10.063965797,10.086065292,10.143717766,4.182216802964554
bv_vienot_ref,1,float,prepared,0,65536,15.61794281,15.6389713285,15.679264069,0.778392792,0.789610386,0.808730125,19.805934174351147
bv_vienot_ref,1,float,prepared,1,65536,15.618991852,15.634918212999999,15.698432922,0.779854774,0.790546894,0.803120613,19.77734443290343
bv_vienot_ref,1,float,prepared,2,65536,15.619277954,15.636253357000001,15.763568878,0.780094147,0.7895622255,0.809664726,19.80369988837568
bv_vienot_ref,1,float,vienot,0,65536,2.063655853,2.0741939545,2.134227753,0.775517464,0.793676853,0.813467979,2.613398572302826
bv_vienot_ref,1,float,vienot,1,65536,2.061843872,2.069377899,2.137184143,0.777819633,0.787876129,0.812637329,2.6265269663982926
default,2,double,brettel,0,65536,29.34513092,29.4507026675,36.938285828,4.183468819,4.2043838505,4.243481636,7.004760677119815
default,2,double,brettel,1,65536,29.224872589,29.259967804,30.605792999,4.214779854,4.2307972905,4.264395714,6.9159465214042495
default,2,double,brettel,2,65536,29.193687439,29.254245758,30.181026459,4.223254204,4.245812893,4.264387131,6.89014012045396
default,2,double,lookup,0,65536,46.534633636,46.602773666,46.67301178,5.894486427,5.9282765390000005,5.996156693,7.861099825458057
default,2,double,lookup,1,65536,46.536159515,46.5844631195,46.660041809,5.890837669,5.9179086685,6.009045601,7.871777975800979
default,2,double,lookup,2,65536,46.55456543,46.6133117675,46.810817719,5.892069817,5.9323124885,5.998354912,7.8575280479343546
default,2,double,lookupApply,0,65536,55.767822266,55.832719803,55.951499939,10.293879509,10.3120760915,10.526676178,5.414304482200397
default,2,double,lookupApply,1,65536,55.763149261,55.8750152585,56.107521057,10.284649849,10.309009075,10.37592411,5.420018049455447
default,2,double,lookupApply,2,65536,55.758476257,55.826663971,63.719367981,10.290985107,10.3152623175,10.383300781,5.412045011816056
default,2,double,prepared,0,65536,26.521492004,26.557254791,26.663589478,1.211359978,1.2266421315,1.25812912,21.650369010662015
default,2,double,prepared,1,65536,26.528930664,26.5573978425,26.63898468,1.215382576,1.2249703410000001,1.291838646,21.680033347435955
default,2,double,prepared,2,65536,26.527309418,26.5560626985,26.579284668,1.214590073,1.226313114,1.279828072,21.655205669194203
default,2,double,vienot,0,65536,22.171020508,22.196149826000003,22.246837616,1.220666885,1.232638359,1.310718536,18.00702506451854
default,2,double,vienot,1,65536,22.166442871,22.2033023835,23.317432404,1.219910622,1.2372341155,1.25540638,17.945918323248822
default,2,float,brettel,0,65536,42.539024353,42.584705353000004,44.285869598,2.157866478,2.220210075,2.239691734,19.180484690395797
default,2,float,brettel,1,65536,42.641162872,42.854452132999995,43.131446838,2.174071312,2.1843996045000003,2.200222015,19.6184123292813
default,2,float,brettel,2,65536,42.641067505,42.813634871999994,43.010234833,2.166762352,2.1782083510000003,2.200031281,19.655436015725748
default,2,float,lookup,0,65536,29.253005981,29.313850403,30.095863342,4.521807671,4.558907509,4.616597176,6.43001647766046
default,2,float,lookup,1,65536,29.245853424,29.303121566999998,29.415035248,4.538948059,4.5513973235,4.62555027,6.438269279568424
default,2,float,lookup,2,65536,29.267501831,29.319477081000002,29.411411285,4.522743225,4.5444455145,4.649541855,6.451717153930025
default,2,float,lookupApply,0,65536,42.17634201,42.322492599499995,42.735767365,10.073606491,10.0872411725,10.187393188,4.195645952718991
default,2,float,lookupApply,1,65536,42.130661011,42.398881912,42.76971817,10.070215225,10.088956356,10.135778427,4.202504244830534
default,2,float,lookupApply,2,65536,42.119979858,42.291545868,42.638111115,10.067454338,10.087577343,10.158873558,4.192438325872869
default,2,float,prepared,0,65536,15.617752075,15.6325817105,15.762996674,0.778765678,0.7908811565,0.816630363,19.766031320914397
default,2,float,prepared,1,65536,15.617275238,15.637636185000002,15.689086914,0.778699875,0.7889037130000001,0.816325188,19.821983250064893
default,2,float,prepared,2,65536,15.613555908,15.639257431,15.717983246,0.780514717,0.7902169225,0.818112373,19.79109404734369
default,2,float,vienot,0,65536,19.352626801,19.3865299225,19.889450073,0.777791023,0.7883925439999999,0.800827026,24.589945795453897
default,2,float,vienot,1,65536,19.654464722,19.705486297500002,20.422363281,0.777992249,0.787890911,0.809703827,25.01042469507559
bv_compiler,2,double,brettel,0,65536,13.603591919,13.6244773865,13.680171967,4.185685158,4.1986217495,4.211024284,3.2449880459278084
bv_compiler,2,double,brettel,1,65536,13.604736328,13.634538650500001,13.683605194,4.210307121,4.2386078835,4.301782608,3.2167492311747834
bv_compiler,2,double,brettel,2,65536,13.618278503,13.6486053465,13.711547852,4.223339081,4.248114586,4.310334206,3.212861863820733
bv_compiler,2,double,lookup,0,65536,46.552753448,46.6460704805,46.727657318,5.893348694,5.915477275500001,5.975642204,7.885428057291841
bv_compiler,2,double,lookup,1,65536,46.555614471,46.656990051,46.742534637,5.882732391,5.910598755,5.979245186,7.893784028484607
bv_compiler,2,double,lookup,2,65536,46.54712677,46.625566482500005,46.764564514,5.893052101,5.916929245,6.042629242,7.880027722471101
bv_compiler,2,double,lookupApply,0,65536,55.746173859,55.840063095000005,56.056404114,10.287285805,10.3069057465,10.384608269,5.417732971310238
bv_compiler,2,double,lookupApply,1,65536,55.74054718,55.843782425,56.080341339,10.290189743,10.3130159375,10.488715172,5.414883751118998
bv_compiler,2,double,lookupApply,2,65536,55.799102783,55.874633789,56.011867523,10.29942894,10.3237838745,10.42976284,5.412224284064268
bv_compiler,2,double,prepared,0,65536,26.527309418,26.5623569485,27.613162994,1.213317871,1.230015278,1.289459229,21.595143916984746
bv_compiler,2,double,prepared,1,65536,26.524925232,26.542854309,26.62820816,1.213824272,1.221625805,1.283698082,21.727483326205604
bv_compiler,2,double,prepared,2,65536,26.520061493,26.559782028,28.681468964,1.216176033,1.2369418145,1.308615685,21.47213532330627
bv_compiler,2,double,vienot,0,65536,4.072284698,4.086446762,4.117965698,1.222949028,1.2360730174999999,1.265237808,3.305991397065667
bv_compiler,2,double,vienot,1,65536,4.072284698,4.0870189665000005,4.191875458,1.219347954,1.228500843,1.25006485,3.3268344826850074
bv_compiler,2,float,brettel,0,65536,12.84866333,12.8866672515,13.062095642,2.176020622,2.2177977560000004,2.237847328,5.810569163322753
bv_compiler,2,float,brettel,1,65536,12.878227234,12.906169891000001,12.967205048,2.172541618,2.1852588655,2.217458725,5.9060142003116844
bv_compiler,2,float,brettel,2,65536,12.87355423,12.8975391385,12.928581238,2.166350365,2.182641506,2.260989189,5.909142249446438
bv_compiler,2,float,lookup,0,65536,29.189395905,29.2318344115,29.368495941,4.536299706,4.5493564605,4.618192673,6.4254877948797295
bv_compiler,2,float,lookup,1,65536,29.218482971,29.238986969,29.322624207,4.535507202,4.552567005,4.584293365,6.422527540371698
bv_compiler,2,float,lookup,2,65536,29.187679291,29.249095917,29.310798645,4.515757561,4.545826435,4.599198341,6.4342746770533035
bv_compiler,2,float,lookupApply,0,65536,42.100429535,42.196369171,42.281723022,10.073730469,10.093852519999999,10.184210777,4.180402783515209
bv_compiler,2,float,lookupApply,1,65536,42.124271393,42.185688019,43.054866791,10.077476501,10.0958733555,10.814182281,4.178508043191548
bv_compiler,2,float,lookupApply,2,65536,42.151451111,42.2083854675,42.816543579,10.074887276,10.0970487595,10.1769104,4.18026954933613
bv_compiler,2,float,prepared,0,65536,15.613555908,15.642261505,15.692329407,0.783294678,0.791516781,0.805337906,19.7623877098823
bv_compiler,2,float,prepared,1,65536,15.614414215,15.6382083895,15.734100342,0.77849865,0.804769039,0.895608902,19.431921000504595
bv_compiler,2,float,prepared,2,65536,15.619182587,15.637969970499999,17.853736877,0.779214859,0.793112278,0.866152763,19.71722088319505
bv_compiler,2,float,vienot,0,65536,3.443527222,3.460884094,3.515625,0.781097412,0.7934994694999999,0.870662689,4.361545567485726
bv_compiler,2,float,vienot,1,65536,3.440856934,3.459358215,3.471279144,0.777992249,0.7882442475,0.800607681,4.388688183861437
bv_vienot_index,2,double,brettel,0,65536,13.597106934,13.623571396,13.654708862,4.171669006,4.2015309335,4.538038254,3.2425255488125515
bv_vienot_index,2,double,brettel,1,65536,13.599681854,13.6176109315,13.656711578,4.207890511,4.2260432245,4.322898865,3.2223075364098186
bv_vienot_index,2,double,brettel,2,65536,13.618946075,13.6433124545,13.730049133,4.223388672,4.242501259,4.283063889,3.2158652694698
bv_vienot_index,2,double,lookup,0,65536,46.190929413,46.2651252745,46.371841431,5.892468452,5.926598072,5.980811119,7.8063544570498085
bv_vienot_index,2,double,lookup,1,65536,46.217536926,46.271991729999996,46.481323242,5.891046524,5.9122614865,6.008451462,7.826445402602204
bv_vienot_index,2,double,lookup,2,65536,46.192169189,46.298551559,47.749519348,5.889162064,5.914726734,6.046852112,7.827673811684163
bv_vienot_index,2,double,lookupApply,0,65536,55.737781525,55.8458805085,57.971858978,10.310132027,10.3388781545,10.452396393,5.40154160576823
bv_vienot_index,2,double,lookupApply,1,65536,55.724430084,55.8483600615,56.080436707,10.311593056,10.338720798499999,10.768796921,5.401863649282685
bv_vienot_index,2,double,lookupApply,2,65536,55.756568909,55.8204650875,57.124996185,10.302783966,10.339595317499999,10.402941704,5.39870888302781
bv_vienot_index,2,double,prepared,0,65536,26.526260376,26.575946807500003,26.892471313,1.216892242,1.2259931565,1.45680809,21.677075982519977
bv_vienot_index,2,double,prepared,1,65536,26.534557343,26.5779972075,26.794052124,1.210404396,1.2185254095,1.273015976,21.811606881801346
bv_vienot_index,2,double,prepared,2,65536,26.52463913,26.5691280365,26.748561859,1.216729164,1.2203936574999998,1.245594025,21.770948966522308
bv_vienot_index,2,double,vienot,0,65536,2.216529846,2.2337913515,2.554130554,1.218907356,1.232170105,1.271840096,1.8128920207003398
bv_vienot_index,2,double,vienot,1,65536,2.216434479,2.235031128,2.315044403,1.21773243,1.2274589535,1.308873177,1.8208601775456439
bv_vienot_index,2,float,brettel,0,65536,13.102245331,13.1325244905,13.306808472,2.169016838,2.221241474,2.242233276,5.912245311560394
bv_vienot_index,2,float,brettel,1,65536,13.150882721,13.173484802499999,13.211536407,2.172656059,2.182030201,2.219311714,6.037260527586987
bv_vienot_index,2,float,brettel,2,65536,13.143348694,13.169479370000001,13.233947754,2.169675827,2.1809401514999998,2.20035553,6.038441431298489
bv_vienot_index,2,float,lookup,0,65536,29.061412811,29.132986068500003,29.228687286,4.523076057,4.542808056,4.690921783,6.412990755799611
bv_vienot_index,2,float,lookup,1,65536,29.060649872,29.1122436525,29.303359985,4.516599655,4.535319805,4.585086823,6.419005694020732
bv_vienot_index,2,float,lookup,2,65536,29.071903229,29.109430312999997,29.238986969,4.521032333,4.545124054,4.658283234,6.404540330946926
bv_vienot_index,2,float,lookupApply,0,65536,42.100143433,42.178726196,42.809963226,10.080426216,10.099412917999999,10.157580376,4.176354263209263
bv_vienot_index,2,float,lookupApply,1,65536,42.1210289,42.192029953,42.319869995,10.073833466,10.09267807,10.256364822,4.180459305287244
bv_vienot_index,2,float,lookupApply,2,65536,42.127609253,42.1900749205,42.273616791,10.076302528,10.1233887675,10.412372589,4.167584184452788
bv_vienot_index,2,float,prepared,0,65536,15.616512299,15.862607956,15.961933136,0.782205582,0.7917656895,0.8034935,20.034472529388378
bv_vienot_index,2,float,prepared,1,65536,15.831565857,15.8599376675,15.926742554,0.78584671,0.7912869455,0.828211784,20.043219160501113
bv_vienot_index,2,float,prepared,2,65536,15.755748749,15.861415863000001,15.928173065,0.779951096,0.791326046,0.811288834,20.04409679572205
bv_vienot_index,2,float,vienot,0,65536,2.200222015,2.2099018095,2.296352386,0.779013634,0.7893910405,0.819488525,2.799502016263383
bv_vienot_index,2,float,vienot,1,65536,2.199649811,2.2058963775000002,2.265453339,0.778785706,0.7896389964999999,0.834124565,2.7935504544195853
bv_vienot_ref,2,double,brettel,0,65536,13.576412201,13.6055469515,13.657188416,4.184988022,4.200217724,4.229626656,3.239248021300907
bv_vienot_ref,2,double,brettel,1,65536,13.59539032,13.6262893675,13.669109344,4.211502075,4.2303910254999995,4.278928757,3.221047247255229
bv_vienot_ref,2,double,brettel,2,65536,13.618946075,13.6474132535,13.680839539,4.228126526,4.2472219465,4.303809166,3.2132564357147375
bv_vienot_ref,2,double,lookup,0,65536,46.294307709,46.3519096375,47.846317291,5.888571739,5.9057788845,5.986544609,7.848568418156123
bv_vienot_ref,2,double,lookup,1,65536,46.303653717,46.354579925500005,46.537494659,5.890501022,5.905387402000001,5.957928658,7.849540897147733
bv_vienot_ref,2,double,lookup,2,65536,46.277427673,46.3336467745,46.428203583,5.888428688,5.9141345025,6.122067451,7.834391787152291
bv_vienot_ref,2,double,lookupApply,0,65536,55.701828003,55.8340072635,55.958080292,10.281992912,10.3242526055,10.380854607,5.408043506583301
bv_vienot_ref,2,double,lookupApply,1,65536,55.725288391,55.8376789095,57.152271271,10.283846855,10.325437546,10.353814125,5.407778475318086
bv_vienot_ref,2,double,lookupApply,2,65536,55.711746216,55.822658539,56.040287018,10.282948494,10.341728210500001,10.422865868,5.397807542681601
bv_vienot_ref,2,double,prepared,0,65536,26.524925232,26.555967330999998,26.735305786,1.214139938,1.229097843,1.273081779,21.606064547458487
bv_vienot_ref,2,double,prepared,1,65536,26.520252228,26.5442848205,26.628112793,1.218268394,1.2323656085,1.310842514,21.53929372697193
bv_vienot_ref,2,double,prepared,2,65536,26.520442963,26.545047760000003,26.617622375,1.211398125,1.231119156,1.276646614,21.561721000465045
bv_vienot_ref,2,double,vienot,0,65536,2.232074738,2.2501945494999998,2.278518677,1.221048355,1.2334070205,1.283000946,1.8243730675278733
bv_vienot_ref,2,double,vienot,1,65536,2.234649658,2.2539138789999997,2.356719971,1.221411705,1.2308659555,1.258654594,1.8311611178525276
bv_vienot_ref,2,float,brettel,0,65536,12.931919098,12.965774536,13.147830963,2.157245636,2.216688633,2.273687363,5.849163632175308
bv_vienot_ref,2,float,brettel,1,65536,12.993431091,13.0135059355,13.055229187,2.169198036,2.1820635795,2.269101143,5.9638527757664725
bv_vienot_ref,2,float,brettel,2,65536,12.964057922,13.002204895,13.045310974,2.164726257,2.1777739525,2.20263958,5.970410693944601
bv_vienot_ref,2,float,lookup,0,65536,28.823947906,28.8578987125,28.938484192,4.523258209,4.547665596,4.607826233,6.345650994629553
bv_vienot_ref,2,float,lookup,1,65536,28.791904449,28.8722515105,28.957653046,4.529632568,4.549782276,4.620782852,6.345853440680114
bv_vienot_ref,2,float,lookup,2,65536,28.826904297,28.875589370500002,28.961467743,4.529985428,4.5501160625,4.583299637,6.346121499730426
bv_vienot_ref,2,float,lookupApply,0,65536,42.121124268,42.194128036500004,42.28925705,10.070798874,10.0862908365,10.136706352,4.183314631758289
bv_vienot_ref,2,float,lookupApply,1,65536,42.117595673,42.205286025999996,42.338275909,10.067234039,10.088512420499999,10.139180183,4.18349943647175
bv_vienot_ref,2,float,lookupApply,2,65536,42.12141037,42.1677589415,42.454528809,10.072336197,10.0924010275,10.149691582,4.178169181605085
bv_vienot_ref,2,float,prepared,0,65536,15.616321564,15.657329559,15.711212158,0.778670311,0.789601326,0.807735443,19.82941143009175
bv_vienot_ref,2,float,prepared,1,65536,15.625476837,15.659189224,15.732479095,0.778450966,0.7896585465,0.818571091,19.830329568908173
bv_vienot_ref,2,float,prepared,2,65536,15.617370605,15.637731552,15.780830383,0.778765678,0.791139126,0.809742928,19.766095542593604
bv_vienot_ref,2,float,vienot,0,65536,2.059459686,2.074766159,2.105331421,0.777352333,0.7872838975,0.804955482,2.6353468749816518
bv_vienot_ref,2,float,vienot,1,65536,2.061080933,2.0875930785000003,2.136802673,0.776100159,0.787250996,0.804831505,2.651750317379084
