variant,block,scalar,mode,deficiency,n,D_min_ns,D_median_ns,D_max_ns,CPP_min_ns,CPP_median_ns,CPP_max_ns,D_over_CPP
default,0,double,brettel,0,1024,23.406982422,23.8189697265,24.499511719,4.429199219,4.456726074500001,5.300292969,5.344499376523213
default,0,double,brettel,1,1024,23.547363281,23.9288330075,24.810791016,4.371765137,4.469543457,5.156005859,5.353753294427359
default,0,double,brettel,2,1024,23.162841797,23.596191406499997,26.07421875,4.432861328,4.475982666,5.670043945,5.271734313391998
default,0,double,lookup,0,1024,38.922119141,39.4104003905,40.0390625,6.195129395,6.203979492,7.553955078,6.3524388565951115
default,0,double,lookup,1,1024,38.793945312,39.5141601565,58.148193359,6.195800781,6.204925537,8.599243164,6.368192482065558
default,0,double,lookup,2,1024,38.787841797,39.776611328,40.356445312,6.196960449,6.2049560545,7.715393066,6.410458185139432
default,0,double,lookupApply,0,1024,53.308105469,54.473876953,56.103515625,10.176879883,10.322692871,11.430603027,5.277099457839716
default,0,double,lookupApply,1,1024,53.332519531,54.5837402345,55.480957031,10.176330566,10.313537598,11.224060059,5.292436248555963
default,0,double,lookupApply,2,1024,53.240966797,54.653930664,55.249023438,10.169555664,10.327636718499999,11.786987305,5.292007470218028
default,0,double,prepared,0,1024,18.829345703,20.526123047,22.241210938,1.190124512,1.196533203,1.20300293,17.154662315710098
default,0,double,prepared,1,1024,18.823242188,20.504760742000002,22.711181641,1.191955566,1.197479248,2.102722168,17.123270216370383
default,0,double,prepared,2,1024,18.823242188,20.526123047,22.662353516,1.191345215,1.1977539065,1.203613281,17.137178961060645
default,0,double,vienot,0,1024,24.816894531,24.938964843500003,26.593017578,1.190124512,1.1956176755,1.201782227,20.8586451626944
default,0,double,vienot,1,1024,24.829101562,25.173950195499998,25.927734375,1.191345215,1.196533203,1.20111084,21.039073660791676
default,0,float,brettel,0,1024,47.857666016,48.553466797,49.401855469,2.295288086,2.3115234375,3.736022949,21.004964089618927
default,0,float,brettel,1,1024,47.943115234,48.6389160155,49.310302734,2.289794922,2.311828613,4.219604492,21.039153050529357
default,0,float,brettel,2,1024,48.236083984,49.1149902345,49.658203125,2.283691406,2.2995605465000004,4.107666016,21.358424464732828
default,0,float,lookup,0,1024,30.340576172,30.6396484375,31.512451172,4.373596191,4.38369751,5.364440918,6.989453165416972
default,0,float,lookup,1,1024,30.310058594,30.7312011715,33.276367188,4.373596191,4.376342773499999,5.337585449,7.022119327029447
default,0,float,lookup,2,1024,30.334472656,30.8624267575,31.207275391,4.371154785,4.3787841795,5.508666992,7.04817261878024
default,0,float,lookupApply,0,1024,43.9453125,44.546508789,45.196533203,10.172607422,10.3156738285,11.410461426,4.318332425936881
default,0,float,lookupApply,1,1024,43.951416016,44.5739746095,63.055419922,10.205688477,10.283569336,11.538818359,4.3344847642985735
default,0,float,lookupApply,2,1024,43.969726562,44.464111328,45.202636719,10.225769043,10.2911987305,12.680053711,4.320595927879793
default,0,float,prepared,0,1024,16.387939453,16.387939453,17.462158203,0.774475098,0.7787475585,0.791564941,21.04396896545776
default,0,float,prepared,1,1024,16.387939453,16.394042969,17.193603516,0.773864746,0.7787475585,0.783081055,21.05180657076821
default,0,float,prepared,2,1024,16.387939453,16.387939453,17.095947266,0.772033691,0.779052734,1.769042969,21.03572548787179
default,0,float,vienot,0,1024,28.503417969,28.952026367000002,30.267333984,0.774475098,0.777526855,0.782409668,37.23604680766943
default,0,float,vienot,1,1024,28.491210938,29.0222167965,30.456542969,0.773864746,0.7799682615,0.784851074,37.209484320151404
prepared,0,double,brettel,0,1024,25.103759766,25.112915039,27.880859375,4.429199219,4.4337768555,5.516052246,5.664000660711646
prepared,0,double,brettel,1,1024,25.103759766,25.3173828125,26.080322266,4.369262695,4.4396057125,5.164550781,5.7026196585920355
prepared,0,double,brettel,2,1024,25.109863281,25.1220703125,27.355957031,4.371765137,4.419433594,5.400512695,5.68445475605895
prepared,0,double,lookup,0,1024,38.793945312,39.291381836,41.497802734,6.199462891,6.203979492,7.450683594,6.333254629011272
prepared,0,double,lookup,1,1024,38.836669922,39.535522461,58.215332031,6.196350098,6.20401001,7.502075195,6.372575543442748
prepared,0,double,lookup,2,1024,38.824462891,39.6911621095,42.376708984,6.194580078,6.204010009999999,6.758728027,6.3976624869275485
prepared,0,double,lookupApply,0,1024,52.856445312,53.759765625,54.736328125,10.184265137,10.2227783205,11.249084473,5.258821422078004
prepared,0,double,lookupApply,1,1024,53.076171875,54.1351318355,55.511474609,10.177490234,10.2325439455,11.222839355,5.290486131682551
prepared,0,double,lookupApply,2,1024,52.899169922,54.214477539,54.998779297,10.178710938,10.2340698245,11.41595459,5.297450424777488
prepared,0,double,prepared,0,1024,18.829345703,18.829345703,19.464111328,1.187072754,1.1916503905,1.775085449,15.80106535701253
prepared,0,double,prepared,1,1024,18.823242188,18.829345703,19.671630859,1.186462402,1.192871094,1.218261719,15.784895616726212
prepared,0,double,prepared,2,1024,18.823242188,18.829345703,19.927978516,1.187072754,1.191040039,1.941955566,15.809162653179287
prepared,0,double,vienot,0,1024,10.479736328,10.479736328,11.248779297,1.186462402,1.1895141605,1.195007324,8.8100980013512
prepared,0,double,vienot,1,1024,10.479736328,10.504150391,11.389160156,1.188293457,1.191345215,2.204833984,8.817050052952116
prepared,0,float,brettel,0,1024,20.922851562,20.9381103515,22.906494141,2.297729492,2.3133239745000003,2.31854248,9.051092965059313
prepared,0,float,brettel,1,1024,20.922851562,20.922851562,22.296142578,2.313049316,2.3179016115,2.321533203,9.026634891745923
prepared,0,float,brettel,2,1024,20.928955078,21.038818359,21.520996094,2.283081055,2.2958984375,2.308166504,9.163653764192258
prepared,0,float,lookup,0,1024,30.334472656,30.838012695499998,31.451416016,4.376647949,4.383666992,7.231262207,7.034752583117745
prepared,0,float,lookup,1,1024,30.303955078,30.441284179500002,31.774902344,4.375366211,4.382751465,8.174438477,6.945701672248486
prepared,0,float,lookup,2,1024,30.352783203,30.880737304500002,31.0546875,4.37298584,4.380310058499999,5.244628906,7.0498975853492105
prepared,0,float,lookupApply,0,1024,43.939208984,44.598388672,47.100830078,10.252746582,10.371582031500001,12.766235352,4.300056494423726
prepared,0,float,lookupApply,1,1024,43.951416016,44.488525391,62.811279297,10.217834473,10.2906188965,11.515563965,4.3232118338510475
prepared,0,float,lookupApply,2,1024,43.951416016,44.464111328,45.251464844,10.201965332,10.339538573999999,11.488098145,4.300396096960294
prepared,0,float,prepared,0,1024,16.387939453,16.387939453,17.669677734,0.775085449,0.77935791,1.43951416,21.02748845264174
prepared,0,float,prepared,1,1024,16.387939453,16.6748046875,22.961425781,0.773803711,0.778137207,0.78302002,21.42913169746425
prepared,0,float,prepared,2,1024,16.387939453,16.387939453,16.888427734,0.774475098,0.7787475585,0.784912109,21.04396896545776
prepared,0,float,vienot,0,1024,9.094238281,9.100341797,9.967041016,0.774414062,0.77935791,0.784240723,11.6767170516047
prepared,0,float,vienot,1,1024,9.094238281,9.097290039,10.223388672,0.775085449,0.778442383,0.784912109,11.686529713272305
bv_direct,0,double,brettel,0,1024,10.827636719,10.934448242,11.462402344,4.423706055,4.4325561525,5.287475586,2.466849345119492
bv_direct,0,double,brettel,1,1024,10.827636719,10.833740234,12.042236328,4.375976562,4.4387207029999995,4.911499023,2.4407348330517387
bv_direct,0,double,brettel,2,1024,10.833740234,10.833740234,11.639404297,4.436523438,4.4552001955,5.73059082,2.431706715433951
bv_direct,0,double,lookup,0,1024,39.080810547,39.5416259765,40.441894531,6.202514648,6.2092285154999995,7.359008789,6.368202728856389
bv_direct,0,double,lookup,1,1024,38.824462891,39.532470703,57.598876953,6.207336426,6.2131958009999995,7.241027832,6.362662946601062
bv_direct,0,double,lookup,2,1024,39.019775391,39.779663086,42.657470703,6.195739746,6.206451416,8.423217773,6.40940537832126
bv_direct,0,double,lookupApply,0,1024,52.844238281,53.6376953125,54.8828125,10.168945312,10.2175598145,12.143371582,5.249560196983763
bv_direct,0,double,lookupApply,1,1024,52.972412109,54.315185547,54.98046875,10.154907227,10.2080993655,11.88848877,5.320793186101554
bv_direct,0,double,lookupApply,2,1024,53.033447266,54.537963867,55.407714844,10.14263916,10.2200317385,11.51373291,5.336379109425796
bv_direct,0,double,prepared,0,1024,18.823242188,18.832397461,19.744873047,1.18951416,1.192565918,1.196838379,15.791493934845118
bv_direct,0,double,prepared,1,1024,18.823242188,18.829345703,19.409179688,1.187683105,1.192260742,1.196838379,15.7929763513089
bv_direct,0,double,prepared,2,1024,18.823242188,18.9025878905,20.031738281,1.18951416,1.191955566,1.196838379,15.858466900686464
bv_direct,0,double,vienot,0,1024,4.559326172,4.559326172,5.133056641,1.187683105,1.1913757325,2.225036621,3.826942288334717
bv_direct,0,double,vienot,1,1024,4.559326172,4.559326172,5.2734375,1.188293457,1.191040039,1.195678711,3.8280209083718297
bv_direct,0,float,brettel,0,1024,9.075927734,9.075927734,10.809326172,2.292236328,2.3074951175,2.926757812,3.933238109657669
bv_direct,0,float,brettel,1,1024,9.075927734,9.075927734,9.954833984,2.293457031,2.3038635254999997,2.811828613,3.939438093248289
bv_direct,0,float,brettel,2,1024,9.08203125,9.08203125,9.619140625,2.284912109,2.302307129,2.344238281,3.9447522598536855
bv_direct,0,float,lookup,0,1024,30.346679688,30.938720703,33.392333984,4.379699707,4.386138916,7.579040527,7.053748477992802
bv_direct,0,float,lookup,1,1024,30.316162109,30.7098388675,32.434082031,4.374206543,4.3858337405,5.513549805,7.002052673341643
bv_direct,0,float,lookup,2,1024,30.310058594,30.5114746095,31.170654297,4.377258301,4.384277344,5.833862305,6.9592939076392515
bv_direct,0,float,lookupApply,0,1024,43.963623047,44.467163086,45.300292969,10.187927246,10.2716674805,10.968505859,4.329108508469303
bv_direct,0,float,lookupApply,1,1024,43.981933594,44.644165039,63.275146484,10.237426758,10.300689697,11.315734863,4.334094740471824
bv_direct,0,float,lookupApply,2,1024,43.939208984,44.451904297,45.239257812,10.187316895,10.275939941499999,12.424560547,4.325823676477353
bv_direct,0,float,prepared,0,1024,16.387939453,16.387939453,17.401123047,0.771362305,0.7790527345,0.78302002,21.035725474370953
bv_direct,0,float,prepared,1,1024,16.387939453,16.387939453,17.858886719,0.775085449,0.778137207,0.783630371,21.06047533208369
bv_direct,0,float,prepared,2,1024,16.387939453,16.390991211,23.638916016,0.77142334,0.780578613,0.785461426,20.99851435591408
bv_direct,0,float,vienot,0,1024,4.211425781,4.211425781,4.699707031,0.775695801,0.7793579105,1.615600586,5.403712112575009
bv_direct,0,float,vienot,1,1024,4.211425781,4.211425781,4.852294922,0.773864746,0.780883789,2.437133789,5.393153040599233
bv_split,0,double,brettel,0,1024,5.603027344,5.609130859,6.170654297,4.450561523,4.4738464355000005,5.440856934,1.2537602575026963
bv_split,0,double,brettel,1,1024,5.596923828,5.603027344,6.164550781,4.421875,4.4457092285,6.822937012,1.2603224943459659
bv_split,0,double,brettel,2,1024,5.609130859,5.609130859,6.323242188,4.430419922,4.5114135740000005,5.535583496,1.2433200297410818
bv_split,0,double,lookup,0,1024,38.665771484,39.3798828125,42.08984375,6.202453613,6.219604492,7.326599121,6.331573472742935
bv_split,0,double,lookup,1,1024,38.647460938,39.5568847655,57.342529297,6.198181152,6.2192993165,8.677490234,6.360344269097054
bv_split,0,double,lookup,2,1024,38.76953125,39.178466796500004,39.978027344,6.207397461,6.2238769529999995,7.378540039,6.294865257195583
bv_split,0,double,lookupApply,0,1024,54.162597656,54.7271728515,55.609130859,10.191589355,10.627410889,13.378112793,5.1496242521446
bv_split,0,double,lookupApply,1,1024,54.150390625,54.901123046500004,55.139160156,10.183654785,10.603881836,11.610961914,5.1774551900523464
bv_split,0,double,lookupApply,2,1024,54.376220703,55.0018310545,56.256103516,10.202636719,10.6353759765,12.096923828,5.171592539467568
bv_split,0,double,prepared,0,1024,18.823242188,18.829345703,19.604492188,1.187072754,1.2020568845000001,1.215820312,15.664271754353901
bv_split,0,double,prepared,1,1024,18.823242188,18.829345703,19.927978516,1.187683105,1.199890137,1.214599609,15.692558112093227
bv_split,0,double,prepared,2,1024,18.823242188,18.829345703,21.057128906,1.188293457,1.202056885,1.215759277,15.664271747838292
bv_split,0,double,vienot,0,1024,4.559326172,4.565429688,5.047607422,1.187072754,1.201751709,1.211547852,3.7989791516909754
bv_split,0,double,vienot,1,1024,4.559326172,4.565429688,5.072021484,1.185241699,1.199890137,1.865539551,3.8048730856431736
bv_split,0,float,brettel,0,1024,4.895019531,4.901123047,5.462646484,2.290405273,2.295288086,3.576477051,2.1352975588964913
bv_split,0,float,brettel,1,1024,4.895019531,4.901123047,5.487060547,2.291015625,2.2943725585,3.021484375,2.136149610420822
bv_split,0,float,brettel,2,1024,4.901123047,4.907226562,5.523681641,2.281860352,2.286132812,3.374755859,2.1465185820534036
bv_split,0,float,lookup,0,1024,30.334472656,30.5114746095,31.506347656,4.373596191,4.387329101500001,4.393798828,6.9544531316486635
bv_split,0,float,lookup,1,1024,30.340576172,30.856323242000002,31.066894531,4.377868652,4.382751465,4.394348145,7.040399960712808
bv_split,0,float,lookup,2,1024,30.340576172,30.892944336,31.842041016,4.373535156,4.3787841795,6.256896973,7.055142037059148
bv_split,0,float,lookupApply,0,1024,43.951416016,44.515991211,46.228027344,10.191589355,10.3355407715,11.690429688,4.307079058093579
bv_split,0,float,lookupApply,1,1024,43.9453125,44.467163086,63.647460938,10.211730957,10.325134277,11.57244873,4.306691021447914
bv_split,0,float,lookupApply,2,1024,43.908691406,44.4549560545,45.135498047,10.202575684,10.2716674805,11.365844727,4.32792009076369
bv_split,0,float,prepared,0,1024,16.387939453,16.387939453,17.712402344,0.774475098,0.775695801,0.778137207,21.12676055726129
bv_split,0,float,prepared,1,1024,16.387939453,16.387939453,18.127441406,0.773864746,0.775085449,0.778747559,21.143397123689265
bv_split,0,float,prepared,2,1024,16.387939453,16.387939453,16.925048828,0.772644043,0.7760009765,0.778137207,21.118452101587017
bv_split,0,float,vienot,0,1024,3.863525391,3.863525391,4.534912109,0.773864746,0.776306152,1.360656738,4.976806355387481
bv_split,0,float,vienot,1,1024,3.863525391,3.863525391,4.455566406,0.773803711,0.775085449,0.778137207,4.984644462084335
default,1,double,brettel,0,1024,23.388671875,24.108886718999997,24.877929688,4.429260254,4.485198974499999,4.975158691,5.3752100756438805
default,1,double,brettel,1,1024,23.498535156,23.9288330075,25.384521484,4.373046875,4.4314270019999995,5.461120605,5.399803042383502
default,1,double,brettel,2,1024,23.486328125,24.044799804500002,26.397705078,4.436645508,4.5017089845000005,5.385925293,5.341260371847566
default,1,double,lookup,0,1024,38.745117188,39.2669677735,39.434814453,6.192810059,6.2166137695,7.238708496,6.316456069082482
default,1,double,lookup,1,1024,38.812255859,39.462280273,58.294677734,6.194030762,6.2142028805,7.293701172,6.350336645240786
default,1,double,lookup,2,1024,38.696289062,39.3280029295,40.234375,6.19708252,6.2194213865000005,7.48626709,6.323418286927164
default,1,double,lookupApply,0,1024,53.338623047,54.461669922,55.993652344,10.18560791,10.484222412,12.262695312,5.194631302333345
default,1,double,lookupApply,1,1024,53.125,54.3182373045,55.389404297,10.180786133,10.4802856445,12.693725586,5.182896644902606
default,1,double,lookupApply,2,1024,53.204345703,54.510498047,56.658935547,10.169128418,10.486968994,11.935119629,5.197926882227606
default,1,double,prepared,0,1024,18.829345703,18.829345703,20.263671875,1.194396973,1.2036132815,2.251342773,15.644016223827288
default,1,double,prepared,1,1024,18.823242188,18.841552734,19.403076172,1.193237305,1.203613281,1.218933105,15.654158217950073
default,1,double,prepared,2,1024,18.823242188,18.829345703,19.616699219,1.19317627,1.203857422,1.242126465,15.640843640535367
default,1,double,vienot,0,1024,24.829101562,25.09765625,25.659179688,1.191345215,1.2060546875,1.212768555,20.809716599190285
default,1,double,vienot,1,1024,24.822998047,25.09765625,25.677490234,1.190734863,1.2088012694999999,1.739074707,20.762433729393102
default,1,float,brettel,0,1024,48.077392578,48.675537109,50.073242188,2.292236328,2.2962646485000002,3.657287598,21.19770347063286
default,1,float,brettel,1,1024,47.979736328,48.8861083985,49.591064453,2.290466309,2.297454834,3.590026855,21.278376260127168
default,1,float,brettel,2,1024,47.955322266,48.6541748045,49.291992188,2.283752441,2.2886047365,3.10345459,21.25931753462488
default,1,float,lookup,0,1024,30.316162109,30.615234375,32.672119141,4.37487793,4.3831481935,5.099853516,6.984759132807997
default,1,float,lookup,1,1024,30.310058594,30.429077148,31.884765625,4.373046875,4.3825378415,6.370056152,6.943254855635227
default,1,float,lookup,2,1024,30.334472656,30.859375,32.354736328,4.376098633,4.391418457,5.26550293,7.027199822146213
default,1,float,lookupApply,0,1024,43.939208984,44.5526123045,45.812988281,10.254089355,10.314941406500001,14.566589355,4.319230769107907
default,1,float,lookupApply,1,1024,43.939208984,44.464111328,49.328613281,10.197875977,10.334472655999999,11.352539062,4.302504134275781
default,1,float,lookupApply,2,1024,43.951416016,44.470214844,45.208740234,10.215576172,10.281890869000001,11.529174805,4.325100840943383
default,1,float,prepared,0,1024,16.387939453,16.387939453,17.547607422,0.774475098,0.776306152,1.316101074,21.110150178225048
default,1,float,prepared,1,1024,16.387939453,16.387939453,17.205810547,0.773254395,0.775695801,0.778747559,21.12676055726129
default,1,float,prepared,2,1024,16.387939453,16.387939453,16.89453125,0.772644043,0.7760009765,0.779968262,21.118452101587017
default,1,float,vienot,0,1024,28.491210938,28.979492188,31.414794922,0.773254395,0.7763366700000001,0.777526855,37.328511337742164
default,1,float,vienot,1,1024,28.503417969,29.125976563,29.925537109,0.77331543,0.7760009765,0.778137207,37.53342772114411
prepared,1,double,brettel,0,1024,25.103759766,25.112915039,28.930664062,4.421936035,4.473602295,5.461730957,5.6135779139482045
prepared,1,double,brettel,1,1024,25.103759766,25.115966797,26.574707031,4.421325684,4.439361571999999,7.026611328,5.65756278006544
prepared,1,double,brettel,2,1024,25.115966797,25.128173828,27.34375,4.453735352,4.4689941404999995,5.54119873,5.622780661150881
prepared,1,double,lookup,0,1024,38.629150391,40.228271484000004,41.131591797,6.201965332,6.22366333,7.254577637,6.46376086734756
prepared,1,double,lookup,1,1024,38.806152344,40.0238037105,58.203125,6.206848145,6.2218322755,7.077331543,6.432800168545784
prepared,1,double,lookup,2,1024,38.800048828,39.8803710935,41.656494141,6.202575684,6.2203063965,7.458129883,6.411319403163102
prepared,1,double,lookupApply,0,1024,53.936767578,63.1927490235,72.155761719,10.185668945,10.479034424,11.345214844,6.030398075491616
prepared,1,double,lookupApply,1,1024,49.591064453,60.6414794925,73.779296875,10.179504395,10.488830566,11.432617188,5.781529133388043
prepared,1,double,lookupApply,2,1024,48.687744141,59.0606689455,70.397949219,10.184448242,10.4723205565,11.752319336,5.639692618924084
prepared,1,double,prepared,0,1024,18.823242188,18.890380859,20.465087891,1.186462402,1.199920654,1.214599609,15.743025004218321
prepared,1,double,prepared,1,1024,18.823242188,18.829345703,19.738769531,1.190795898,1.2106018065,2.266601562,15.553706926506228
prepared,1,double,prepared,2,1024,18.829345703,18.829345703,19.53125,1.18951416,1.1993408205,1.217041016,15.699745544515135
prepared,1,double,vienot,0,1024,10.479736328,10.485839844,11.126708984,1.183410645,1.1984252930000001,2.09173584,8.749681690838612
prepared,1,double,vienot,1,1024,10.479736328,10.485839844,11.022949219,1.184631348,1.209411621,2.244018555,8.670199344810165
prepared,1,float,brettel,0,1024,20.922851562,20.935058594,22.418212891,2.290405273,2.3008117675,3.78137207,9.098987970123028
prepared,1,float,brettel,1,1024,20.922851562,20.928955078,21.97265625,2.29107666,2.3017578125,3.275756836,9.092596520946968
prepared,1,float,brettel,2,1024,20.922851562,20.928955078,21.539306641,2.276977539,2.2834472655,2.287414551,9.16550839347597
prepared,1,float,lookup,0,1024,30.340576172,30.889892578,34.307861328,4.370605469,4.379150391,5.271606445,7.05385515909312
prepared,1,float,lookup,1,1024,30.316162109,30.651855469,31.042480469,4.369384766,4.375793457,5.422607422,7.004867978849853
prepared,1,float,lookup,2,1024,30.310058594,30.746459961,31.726074219,4.373046875,4.3782348634999995,5.604736328,7.022569807143925
prepared,1,float,lookupApply,0,1024,43.951416016,44.561767578,45.1171875,10.180725098,10.3167419435,11.205200195,4.319364371236975
prepared,1,float,lookupApply,1,1024,43.951416016,44.4915771485,52.740478516,10.180786133,10.2550048825,14.170532227,4.338523253599241
prepared,1,float,lookupApply,2,1024,43.9453125,44.519042969,47.711181641,10.237609863,10.320098877,11.523071289,4.3138194216547525
prepared,1,float,prepared,0,1024,16.387939453,16.387939453,18.206787109,0.772033691,0.7754211424999999,2.508666992,21.13424377385996
prepared,1,float,prepared,1,1024,16.387939453,16.387939453,17.224121094,0.773864746,0.775085449,1.987854004,21.143397123689265
prepared,1,float,prepared,2,1024,16.387939453,16.387939453,17.016601562,0.773254395,0.7760314939999999,0.817260742,21.11762161678454
prepared,1,float,vienot,0,1024,9.094238281,9.097290039,10.308837891,0.772033691,0.775695801,0.77935791,11.72790935218689
prepared,1,float,vienot,1,1024,9.094238281,9.094238281,9.631347656,0.773254395,0.775695801,0.778137207,11.723975132102076
bv_direct,1,double,brettel,0,1024,10.827636719,10.827636719,11.566162109,4.43170166,4.4353637695,4.972106934,2.4412060163941414
bv_direct,1,double,brettel,1,1024,10.827636719,10.827636719,11.431884766,4.37487793,4.4192199705,5.557067871,2.4501239565531145
bv_direct,1,double,brettel,2,1024,10.833740234,10.833740234,11.798095703,4.440246582,4.459228516,5.217834473,2.4295099914991667
bv_direct,1,double,lookup,0,1024,38.800048828,39.373779297,39.94140625,6.192199707,6.2028808595000005,7.183044434,6.347660093567205
bv_direct,1,double,lookup,1,1024,38.885498047,40.0939941405,58.520507812,6.19519043,6.204711914000001,7.312011719,6.4618623227347465
bv_direct,1,double,lookup,2,1024,38.928222656,39.8193359375,41.278076172,6.198303223,6.2105102535,7.359680176,6.41160457227478
bv_direct,1,double,lookupApply,0,1024,52.813720703,53.793334961,54.638671875,10.150817871,10.269378662,11.204040527,5.238226842296957
bv_direct,1,double,lookupApply,1,1024,49.865722656,52.215576171500004,53.472900391,10.145874023,10.259613037000001,11.261474609,5.08942939496754
bv_direct,1,double,lookupApply,2,1024,49.761962891,52.0751953125,72.900390625,10.145263672,10.247680664,11.135498047,5.081656720182513
bv_direct,1,double,prepared,0,1024,18.823242188,18.908691406,19.451904297,1.190124512,1.192016602,1.92980957,15.86277521158216
bv_direct,1,double,prepared,1,1024,18.823242188,18.832397461,19.616699219,1.188903809,1.19317627,2.811218262,15.783416025362289
bv_direct,1,double,prepared,2,1024,18.829345703,18.829345703,23.388671875,1.19140625,1.193786621,1.197509766,15.772790021073623
bv_direct,1,double,vienot,0,1024,4.559326172,4.559326172,5.126953125,1.185913086,1.1929016115,2.247680664,3.8220471227857
bv_direct,1,double,vienot,1,1024,4.559326172,4.571533203,6.030273438,1.187133789,1.191040039,1.194458008,3.838269960125161
bv_direct,1,float,brettel,0,1024,9.075927734,9.075927734,10.748291016,2.292297363,2.3084716795,3.635253906,3.9315742162216116
bv_direct,1,float,brettel,1,1024,9.075927734,9.075927734,10.192871094,2.292297363,2.3106384275,3.466552734,3.927887472995816
bv_direct,1,float,brettel,2,1024,9.08203125,9.088134766,10.150146484,2.284973145,2.2895202635,2.296569824,3.9694493693219934
bv_direct,1,float,lookup,0,1024,30.322265625,30.465698242000002,32.666015625,4.369384766,4.392578125,5.340698242,6.935721431704758
bv_direct,1,float,lookup,1,1024,30.358886719,30.670166016,31.585693359,4.371826172,4.375793457,5.723937988,7.009052487826323
bv_direct,1,float,lookup,2,1024,30.334472656,30.8410644535,31.134033203,4.369384766,4.3767089845000005,5.238586426,7.046633569360635
bv_direct,1,float,lookupApply,0,1024,43.951416016,44.5068359375,45.935058594,10.181945801,10.277038573999999,14.389953613,4.330706323327264
bv_direct,1,float,lookupApply,1,1024,43.951416016,44.5770263675,63.232421875,10.166625977,10.290466309,11.373901367,4.331876226883238
bv_direct,1,float,lookupApply,2,1024,43.9453125,44.4976806645,46.472167969,10.199645996,10.2849731445,11.678955078,4.326475143816551
bv_direct,1,float,prepared,0,1024,16.387939453,16.387939453,18.5546875,0.773254395,0.7784423825,0.781799316,21.052218920004655
bv_direct,1,float,prepared,1,1024,16.387939453,16.387939453,17.486572266,0.772644043,0.7790527345,0.788513184,21.035725474370953
bv_direct,1,float,prepared,2,1024,16.387939453,16.387939453,17.492675781,0.773254395,0.7799682615,1.871704102,21.011033732941197
bv_direct,1,float,vienot,0,1024,4.211425781,4.211425781,4.711914062,0.774475098,0.779968262,0.784851074,5.399483525395037
bv_direct,1,float,vienot,1,1024,4.211425781,4.211425781,4.901123047,0.775085449,0.7793884280000001,0.784851074,5.403500526440969
bv_split,1,double,brettel,0,1024,5.596923828,5.606079101500001,6.182861328,4.428039551,4.4460754394999995,4.454956055,1.2609050785990383
bv_split,1,double,brettel,1,1024,5.596923828,5.603027344,7.196044922,4.369995117,4.4619750975,6.91229248,1.2557280624760367
bv_split,1,double,brettel,2,1024,5.603027344,5.609130859,6.298828125,4.437194824,4.4619750975,5.476989746,1.2570959578287966
bv_split,1,double,lookup,0,1024,38.775634766,39.459228516,43.383789062,6.202575684,6.209289551,7.31628418,6.354870100983635
bv_split,1,double,lookup,1,1024,39.044189453,40.0787353515,58.575439453,6.203186035,6.211456299,7.098754883,6.452389491648261
bv_split,1,double,lookup,2,1024,38.946533203,39.810180664,41.674804688,6.202575684,6.2141723634999995,7.464233398,6.406352823077757
bv_split,1,double,lookupApply,0,1024,54.083251953,54.7332763675,56.146240234,10.150146484,10.5881652835,11.659423828,5.169288059074148
bv_split,1,double,lookupApply,1,1024,48.712158203,51.5380859375,53.814697266,10.155700684,10.5960998535,13.742675781,4.863873184478952
bv_split,1,double,lookupApply,2,1024,48.773193359,52.3223876955,54.040527344,10.157531738,10.594879150499999,11.669189453,4.938460076067104
bv_split,1,double,prepared,0,1024,18.829345703,18.829345703,19.403076172,1.191345215,1.1950378415,2.066711426,15.756275700328944
bv_split,1,double,prepared,1,1024,18.823242188,18.829345703,19.451904297,1.190795898,1.1971740725,1.205444336,15.728160286398118
bv_split,1,double,prepared,2,1024,18.823242188,18.829345703,20.031738281,1.192565918,1.1993103029999999,2.284301758,15.700145038277057
bv_split,1,double,vienot,0,1024,4.559326172,4.56237793,5.151367188,1.190795898,1.1953430175,1.199279785,3.81679389364066
bv_split,1,double,vienot,1,1024,4.559326172,4.565429688,5.206298828,1.191345215,1.1959533690000002,1.202392578,3.8173977400284405
bv_split,1,float,brettel,0,1024,4.901123047,4.901123047,6.390380859,2.29284668,2.2950439455,2.454833984,2.13552470601265
bv_split,1,float,brettel,1,1024,4.895019531,4.901123047,5.560302734,2.289855957,2.2931518554999997,2.306945801,2.137286737136454
bv_split,1,float,brettel,2,1024,4.907226562,4.907226562,5.651855469,2.272705078,2.282196045,2.295898438,2.150221306688839
bv_split,1,float,lookup,0,1024,30.297851562,30.636596679500002,32.196044922,4.382202148,4.388977050499999,5.283203125,6.9803501651962
bv_split,1,float,lookup,1,1024,30.316162109,30.6762695315,31.469726562,4.381591797,4.3892211915,6.348083496,6.989000597852418
bv_split,1,float,lookup,2,1024,30.328369141,30.679321289,31.121826172,4.381591797,4.3871154785,5.324157715,6.993050773190401
bv_split,1,float,lookupApply,0,1024,43.969726562,44.775390625,46.447753906,10.19543457,10.289855957,11.807922363,4.351410827528652
bv_split,1,float,lookupApply,1,1024,43.951416016,44.6716308595,63.098144531,10.19543457,10.315551758,14.042785645,4.3305129873306
bv_split,1,float,lookupApply,2,1024,43.951416016,44.467163086,46.697998047,10.188720703,10.2822265625,11.410644531,4.324662835982904
bv_split,1,float,prepared,0,1024,16.387939453,16.387939453,17.681884766,0.772033691,0.775085449,0.915710449,21.143397123689265
bv_split,1,float,prepared,1,1024,16.387939453,16.387939453,17.413330078,0.773254395,0.775695801,1.377807617,21.12676055726129
bv_split,1,float,prepared,2,1024,16.387939453,16.390991211,18.872070312,0.773254395,0.775695801,0.778747559,21.1306947773461
bv_split,1,float,vienot,0,1024,3.863525391,3.887939453,4.870605469,0.773864746,0.775085449,0.778747559,5.0161430046405115
bv_split,1,float,vienot,1,1024,3.863525391,3.863525391,5.102539062,0.773864746,0.7760314939999999,0.784240723,4.978567778332976
default,2,double,brettel,0,1024,23.425292969,23.9593505855,24.530029297,4.424377441,4.4311218265,6.360900879,5.4070620316085325
default,2,double,brettel,1,1024,23.498535156,23.8525390625,24.615478516,4.376098633,4.4295959475,5.637756348,5.3848114693083975
default,2,double,brettel,2,1024,23.492431641,24.041748047,24.975585938,4.376708984,4.4204101565,4.46105957,5.438804815803747
default,2,double,lookup,0,1024,38.793945312,39.3951416015,39.898681641,6.195251465,6.208374023499999,7.602416992,6.345484574927528
default,2,double,lookup,1,1024,39.013671875,40.6341552735,59.069824219,6.196472168,6.2071533205,7.702636719,6.546343094071798
default,2,double,lookup,2,1024,38.848876953,39.84375,41.284179688,6.198913574,6.207458496,7.386657715,6.418689714264664
default,2,double,lookupApply,0,1024,53.466796875,54.574584961,55.633544922,10.164245605,10.246459961,11.370300293,5.3261892564574875
default,2,double,lookupApply,1,1024,51.300048828,52.9174804685,53.765869141,10.157531738,10.2378845215,11.244934082,5.16879052087089
default,2,double,lookupApply,2,1024,51.025390625,52.978515625,53.991699219,10.164245605,10.2262878415,11.560974121,5.180620421225017
default,2,double,prepared,0,1024,18.823242188,18.829345703,19.543457031,1.185913086,1.1913757325,1.196228027,15.8047081112591
default,2,double,prepared,1,1024,18.823242188,18.835449219,19.934082031,1.184631348,1.1922607424999998,1.195068359,15.798095624204455
default,2,double,prepared,2,1024,18.823242188,18.829345703,21.112060547,1.187683105,1.1929016115,2.318603516,15.784491798383325
default,2,double,vienot,0,1024,25.225830078,25.555419922,26.300048828,1.184020996,1.191711426,2.102783203,21.44430217286513
default,2,double,vienot,1,1024,24.829101562,25.259399414,26.263427734,1.185241699,1.1895446775,1.195617676,21.234510894610764
default,2,float,brettel,0,1024,47.839355469,48.7182617185,50.048828125,2.290466309,2.2932128905,3.830871582,21.244543810268627
default,2,float,brettel,1,1024,48.004150391,48.85559082,49.609375,2.289794922,2.2937927245,2.298400879,21.2990434131966
default,2,float,brettel,2,1024,48.162841797,48.645019531,49.566650391,2.272094727,2.279785156,3.294128418,21.337545515188012
default,2,float,lookup,0,1024,30.322265625,30.46875,31.799316406,4.371154785,4.37701416,5.013671875,6.961080975803834
default,2,float,lookup,1,1024,30.303955078,30.5084228515,30.975341797,4.371826172,4.3764038085,5.407348633,6.971116968741665
default,2,float,lookup,2,1024,30.316162109,30.807495117000002,31.732177734,4.370605469,4.3760986325,4.379211426,7.039945326689344
default,2,float,lookupApply,0,1024,43.939208984,44.515991211,45.477294922,10.281005859,10.359252929499998,14.759765625,4.297220225623801
default,2,float,lookupApply,1,1024,43.951416016,44.497680664,63.226318359,10.161743164,10.2730407715,12.67779541,4.33150044409906
default,2,float,lookupApply,2,1024,43.939208984,44.549560546500004,44.781494141,10.155700684,10.349456787000001,11.680786133,4.304531287328906
default,2,float,prepared,0,1024,16.387939453,16.387939453,17.504882812,0.772644043,0.775085449,0.776977539,21.143397123689265
default,2,float,prepared,1,1024,16.387939453,16.387939453,17.358398438,0.773864746,0.775695801,0.952331543,21.12676055726129
default,2,float,prepared,2,1024,16.387939453,16.387939453,17.144775391,0.772033691,0.775695801,0.778137207,21.12676055726129
default,2,float,vienot,0,1024,28.509521484,28.936767578,30.163574219,0.773254395,0.775695801,0.777526855,37.304272552069676
default,2,float,vienot,1,1024,28.491210938,28.97644043,29.925537109,0.772094727,0.775085449,0.93951416,37.38483346240706
prepared,2,double,brettel,0,1024,25.109863281,25.155639648,25.909423828,4.430480957,4.475433349499999,5.282043457,5.620827679359904
prepared,2,double,brettel,1,1024,25.109863281,25.222778320499998,26.202392578,4.420715332,4.439666748,6.898193359,5.681232342914582
prepared,2,double,brettel,2,1024,25.109863281,25.143432617000002,26.672363281,4.454345703,4.4717407225,5.579101562,5.622739370931853
prepared,2,double,lookup,0,1024,38.635253906,39.2181396485,40.173339844,6.195800781,6.206237793,7.307128906,6.31914872690409
prepared,2,double,lookup,1,1024,38.708496094,39.572143555,58.386230469,6.199523926,6.206237793,9.387939453,6.37618874346602
prepared,2,double,lookup,2,1024,38.677978516,39.5874023435,42.834472656,6.199523926,6.2077636720000005,7.891540527,6.377079482271244
prepared,2,double,lookupApply,0,1024,52.770996094,53.7414550785,54.730224609,10.181945801,10.210998535,11.147216797,5.263094974922549
prepared,2,double,lookupApply,1,1024,53.045654297,54.4342041015,55.151367188,10.18927002,10.209777832,12.193664551,5.331575769542171
prepared,2,double,lookupApply,2,1024,52.709960938,54.052734375,56.561279297,10.190490723,10.2219848635,11.386169434,5.287890277357776
prepared,2,double,prepared,0,1024,18.829345703,18.994140625,22.924804688,1.186462402,1.212158203,1.22442627,15.669687816318808
prepared,2,double,prepared,1,1024,18.823242188,18.832397461,20.013427734,1.187133789,1.2118530275000001,2.316711426,15.540166203034053
prepared,2,double,prepared,2,1024,18.823242188,18.829345703,19.946289062,1.187683105,1.2005310059999998,1.215209961,15.684181090613167
prepared,2,double,vienot,0,1024,10.479736328,10.482788086,11.383056641,1.185241699,1.199005127,2.149841309,8.742905138553256
prepared,2,double,vienot,1,1024,10.479736328,10.485839844,11.120605469,1.187133789,1.2078552245,2.06060791,8.6813714353396
prepared,2,float,brettel,0,1024,20.922851562,25.149536132999998,28.869628906,2.292236328,2.306610107,2.860717773,10.903245440864618
prepared,2,float,brettel,1,1024,20.922851562,24.8962402345,28.790283203,2.292907715,2.305114746,3.067993164,10.800434242027098
prepared,2,float,brettel,2,1024,20.922851562,24.670410156499997,28.564453125,2.283691406,2.2926025389999998,2.302062988,10.760875353152525
prepared,2,float,lookup,0,1024,30.322265625,30.9051513675,32.147216797,4.372436523,4.3785400395,5.5234375,7.058323342643034
prepared,2,float,lookup,1,1024,30.310058594,30.612182617499997,35.052490234,4.370605469,4.379150391,5.495361328,6.990438757347532
prepared,2,float,lookup,2,1024,30.352783203,30.6701660155,31.713867188,4.37121582,4.3782348634999995,5.499023438,7.005144075569761
prepared,2,float,lookupApply,0,1024,43.957519531,44.680786133,47.021484375,10.235717773,10.2999267575,11.164306641,4.337971248238753
prepared,2,float,lookupApply,1,1024,43.9453125,44.5739746095,64.123535156,10.22479248,10.308502197500001,14.08984375,4.324001077509592
prepared,2,float,lookupApply,2,1024,43.927001953,44.464111328,44.720458984,10.206970215,10.300537109,11.458312988,4.316678912709308
prepared,2,float,prepared,0,1024,16.387939453,16.387939453,17.272949219,0.774475098,0.7805786135,2.100952148,20.99460473240342
prepared,2,float,prepared,1,1024,16.387939453,16.387939453,17.565917969,0.773254395,0.7793884275,2.041625977,21.026665106597314
prepared,2,float,prepared,2,1024,16.387939453,16.390991211,16.998291016,0.773254395,0.7787475585,3.16394043,21.047887768112982
prepared,2,float,vienot,0,1024,9.094238281,9.100341797,10.15625,0.772705078,0.780029297,0.784240723,11.66666666495733
prepared,2,float,vienot,1,1024,9.094238281,9.100341797,9.838867188,0.773864746,0.7790527345,0.784301758,11.681291129592974
bv_direct,2,double,brettel,0,1024,10.821533203,10.833740234,11.401367188,4.426208496,4.4494323735000005,5.506347656,2.4348589493176167
bv_direct,2,double,brettel,1,1024,10.827636719,10.833740234,17.279052734,4.373657227,4.4638061525,4.557617188,2.4270185272119074
bv_direct,2,double,brettel,2,1024,10.833740234,10.83984375,11.791992188,4.437194824,4.4928588865000005,5.486755371,2.4126828871859782
bv_direct,2,double,lookup,0,1024,38.76953125,39.4378662105,54.248046875,6.195251465,6.2209472654999995,7.419006348,6.339527491128835
bv_direct,2,double,lookup,1,1024,38.677978516,40.2893066405,56.524658203,6.198913574,6.2224731445,7.16229248,6.474806030478642
bv_direct,2,double,lookup,2,1024,38.751220703,39.865112305,41.241455078,6.203796387,6.2242736815,7.706298828,6.4047814001958905
bv_direct,2,double,lookupApply,0,1024,53.814697266,54.8065185545,55.181884766,10.170349121,10.352508545,11.328125,5.294032679738301
bv_direct,2,double,lookupApply,1,1024,48.937988281,52.7130126955,55.047607422,10.168518066,10.341491699,11.44732666,5.097234927974388
bv_direct,2,double,lookupApply,2,1024,49.053955078,52.7069091795,55.194091797,10.182006836,10.349761963,11.73828125,5.092572115950605
bv_direct,2,double,prepared,0,1024,18.823242188,18.829345703,19.946289062,1.194458008,1.1993103029999999,1.206665039,15.700145038277057
bv_direct,2,double,prepared,1,1024,18.823242188,19.079589843500003,25.29296875,1.193786621,1.2002563474999999,2.291687012,15.89626239697933
bv_direct,2,double,prepared,2,1024,18.829345703,18.829345703,19.519042969,1.191955566,1.199645996,1.214599609,15.69575171824272
bv_direct,2,double,vienot,0,1024,4.559326172,4.565429688,5.102539062,1.190124512,1.194458008,1.204223633,3.822176801044981
bv_direct,2,double,vienot,1,1024,4.559326172,4.565429688,5.743408203,1.190734863,1.2014160155,2.943908691,3.800040642957452
bv_direct,2,float,brettel,0,1024,9.075927734,9.075927734,10.443115234,2.294067383,2.3023681639999998,3.613220215,3.9419967127377293
bv_direct,2,float,brettel,1,1024,9.075927734,9.075927734,9.948730469,2.293457031,2.2962341310000003,3.46472168,3.9525271449769246
bv_direct,2,float,brettel,2,1024,9.08203125,9.088134766,9.649658203,2.272094727,2.2809448244999997,3.328369141,3.9843729091483775
bv_direct,2,float,lookup,0,1024,30.346679688,30.697631836,32.794189453,4.369995117,4.377960205,4.901794434,7.011857211708026
bv_direct,2,float,lookup,1,1024,30.303955078,30.651855468999997,31.451416016,4.369995117,4.3770141605,5.414672852,7.00291439438673
bv_direct,2,float,lookup,2,1024,30.328369141,30.831909179999997,31.079101562,4.371826172,4.3794555665,5.330932617,7.040123757812305
bv_direct,2,float,lookupApply,0,1024,43.951416016,44.6014404295,45.355224609,10.188720703,10.326538086,14.422973633,4.319108694322982
bv_direct,2,float,lookupApply,1,1024,43.9453125,44.6166992185,57.891845703,10.186218262,10.307586669500001,12.834838867,4.328530105938393
bv_direct,2,float,lookupApply,2,1024,43.969726562,44.564819336,45.245361328,10.204589844,10.313720703000001,11.339111328,4.3209255533783475
bv_direct,2,float,prepared,0,1024,16.387939453,16.387939453,17.504882812,0.773254395,0.775085449,0.777587891,21.143397123689265
bv_direct,2,float,prepared,1,1024,16.387939453,16.387939453,17.431640625,0.772644043,0.775085449,0.776916504,21.143397123689265
bv_direct,2,float,prepared,2,1024,16.387939453,16.387939453,17.395019531,0.772033691,0.775390625,1.61315918,21.13507556658942
bv_direct,2,float,vienot,0,1024,4.211425781,4.211425781,4.809570312,0.772644043,0.775085449,0.777587891,5.433498701896028
bv_direct,2,float,vienot,1,1024,4.211425781,4.211425781,5.499267578,0.773254395,0.775085449,0.778747559,5.433498701896028
bv_split,2,double,brettel,0,1024,5.603027344,5.603027344,6.909179688,4.449462891,4.475128174,5.483703613,1.2520372883514197
bv_split,2,double,brettel,1,1024,5.596923828,5.603027344,6.396484375,4.42199707,4.458343506,5.668334961,1.2567509292317862
bv_split,2,double,brettel,2,1024,5.609130859,5.609130859,6.427001953,4.470825195,4.4772644045,6.268615723,1.252803129822395
bv_split,2,double,lookup,0,1024,38.922119141,39.4927978515,40.246582031,6.195251465,6.206848145,7.573059082,6.362778165164857
bv_split,2,double,lookup,1,1024,38.763427734,40.383911133,57.891845703,6.19708252,6.206237793,7.556518555,6.506987402021385
bv_split,2,double,lookup,2,1024,38.928222656,39.8010253905,41.217041016,6.192199707,6.2050170895,7.356689453,6.4143296974718185
bv_split,2,double,lookupApply,0,1024,53.021240234,53.985595703,55.218505859,10.176452637,10.35067749,11.502258301,5.215658178429052
bv_split,2,double,lookupApply,1,1024,51.092529297,53.6651611325,55.035400391,10.181945801,10.3329467775,11.510253906,5.193596975584539
bv_split,2,double,lookupApply,2,1024,51.147460938,53.500366211,58.331298828,10.178894043,10.334777832,11.704589844,5.176731138365123
bv_split,2,double,prepared,0,1024,18.829345703,18.84765625,19.927978516,1.192626953,1.2044982910000002,1.770874023,15.64772353006186
bv_split,2,double,prepared,1,1024,18.823242188,18.829345703,19.927978516,1.198669434,1.2100219724999999,2.312438965,15.561160153230196
bv_split,2,double,prepared,2,1024,18.823242188,18.829345703,21.124267578,1.197509766,1.2057189940000002,1.213989258,15.61669493198678
bv_split,2,double,vienot,0,1024,4.559326172,4.565429688,5.17578125,1.194396973,1.2035827635,1.212158203,3.7931996256940415
bv_split,2,double,vienot,1,1024,4.559326172,4.565429688,5.084228516,1.196228027,1.2057189940000002,1.213989258,3.786479030950722
bv_split,2,float,brettel,0,1024,4.901123047,4.9346923825,5.615234375,2.292236328,2.309112549,2.884033203,2.137051476610376
bv_split,2,float,brettel,1,1024,4.895019531,4.901123047,6.018066406,2.291015625,2.3170166014999998,3.419433594,2.1152731680157535
bv_split,2,float,brettel,2,1024,4.901123047,4.913330078,5.755615234,2.27331543,2.2791442870000003,2.289245605,2.1557784235184756
bv_split,2,float,lookup,0,1024,30.334472656,30.6884765625,32.086181641,4.375488281,4.3858642575,5.269775391,6.99713323548979
bv_split,2,float,lookup,1,1024,30.328369141,30.685424804999997,31.646728516,4.376708984,4.383422851500001,7.041259766,7.000334178232312
bv_split,2,float,lookup,2,1024,30.249023438,30.813598632999998,36.413574219,4.374206543,4.381011963,7.265014648,7.0334431618168125
bv_split,2,float,lookupApply,0,1024,43.9453125,44.5739746095,46.044921875,10.281555176,10.361968994,14.816650391,4.301689634017448
bv_split,2,float,lookupApply,1,1024,43.920898438,44.506835938,63.824462891,10.201538086,10.3192138675,12.620361328,4.313006446951614
bv_split,2,float,lookupApply,2,1024,43.9453125,44.464111328,44.775390625,10.174621582,10.265106201,11.83605957,4.331578305898913
bv_split,2,float,prepared,0,1024,16.387939453,16.387939453,17.572021484,0.773254395,0.776306152,0.778747559,21.110150178225048
bv_split,2,float,prepared,1,1024,16.387939453,16.387939453,17.211914062,0.772644043,0.775390625,0.777587891,21.13507556658942
bv_split,2,float,prepared,2,1024,16.387939453,16.387939453,17.492675781,0.772033691,0.7760009765,0.778198242,21.118452101587017
bv_split,2,float,vienot,0,1024,3.863525391,3.869628906,4.962158203,0.774475098,0.776306152,0.784851074,4.98466860790767
bv_split,2,float,vienot,1,1024,3.863525391,3.863525391,4.418945312,0.772094727,0.775085449,0.777526855,4.984644462084335
default,0,double,brettel,0,8191,23.610517641,23.76732084,29.788792577,4.262178,4.39513643,4.503570993,5.407641200343808
default,0,double,brettel,1,8191,23.789830302,23.930991331999998,24.437644976,4.277988036,4.395018159999999,4.558974789,5.445026723621092
default,0,double,brettel,2,8191,23.683005738,23.896273348999998,24.638322549,4.289380112,4.457113753,4.93960597,5.361378388181334
default,0,double,lookup,0,8191,39.173330485,39.442299475,39.84479917,6.195527103,6.2650317425,6.326814492,6.295626438320476
default,0,double,lookup,1,8191,39.240477353,39.3751526065,39.719661824,6.195832316,6.267206385,6.385804542,6.282727931338104
default,0,double,lookup,2,8191,39.123733366,39.4506928335,39.726529117,6.196137529,6.294221554,6.431502564,6.267763613822736
default,0,double,lookupApply,0,8191,53.580148944,54.359205225500006,55.04517153,10.217594006,10.405696801000001,10.636895678,5.223985117486415
default,0,double,lookupApply,1,8191,53.62898303,54.4339824195,55.467128556,10.216838603,10.450746246,10.563919241,5.208621579567534
default,0,double,lookupApply,2,8191,53.400836284,54.401935050999995,54.939109999,10.281330118,10.441956110500001,10.578355817,5.209937149256512
default,0,double,prepared,0,8191,18.930838725,19.009812599,19.453516054,1.149470455,1.1730443475,1.234823282,16.20553616707999
default,0,double,prepared,1,8191,18.946099377,19.0090495665,19.091838603,1.148394579,1.1729260775,1.423048163,16.206519687085734
default,0,double,prepared,2,8191,18.931601758,18.981198876500002,19.648089366,1.148623489,1.1730443475,1.309257111,16.18114346397292
default,0,double,vienot,0,8191,25.083170553,25.494826639000003,27.706476621,1.14793676,1.173540319,1.24017214,21.724713012608476
default,0,double,vienot,1,8191,25.045781956,25.297582713,25.71114638,1.147402637,1.1733915275000002,1.239561714,21.559370525623635
default,0,float,brettel,0,8191,48.28088756,48.6517214015,49.336924673,2.20670553,2.2326448235000003,2.39934837,21.791070791650256
default,0,float,brettel,1,8191,48.289280918,48.8512544255,50.331156147,2.207315957,2.244071237,2.327134965,21.769030153787405
default,0,float,brettel,2,8191,48.309119766,48.765413258500004,50.859174704,2.219150592,2.2380280185,2.429610243,21.789456099474656
default,0,float,lookup,0,8191,30.599133195,30.6994719815,44.30548773,4.367476499,4.430174887,4.569901416,6.929629814747312
default,0,float,lookup,1,8191,30.582346478,30.6269838845,31.294255891,4.367323892,4.434917135,4.720592724,6.905875116086019
default,0,float,lookup,2,8191,30.568611891,30.789509828,50.879013551,4.365484984,4.429945977499999,4.466357893,6.950312709089917
default,0,float,lookupApply,0,8191,44.238340862,44.451226956499994,45.613325601,10.332529606,10.401721401500001,10.921705225,4.273449099500955
default,0,float,lookupApply,1,8191,44.253601514,44.362715175000005,45.034946893,10.32396838,10.4062652605,10.686721707,4.263077488846221
default,0,float,lookupApply,2,8191,44.307013796,44.5065468195,54.440849713,10.33146136,10.383000397,10.451967098,4.286482241911447
default,0,float,prepared,0,8191,16.496764742,16.5104993285,17.008759614,0.761193688,0.7624908435,0.935119338,21.653373898515543
default,0,float,prepared,1,8191,16.496001709,16.517748138,16.60206324,0.761117385,0.7628342079999999,0.829965816,21.653129821362185
default,0,float,prepared,2,8191,16.496001709,21.476696984500002,27.353192528,0.761041082,0.7626434499999999,0.824082835,28.160862044379986
default,0,float,vienot,0,8191,28.679343182,29.173025272,29.855176413,0.761186058,0.762109327,0.872382798,38.279317990816295
default,0,float,vienot,1,8191,28.690025638,29.2458948845,29.891038945,0.761422598,0.762109327,0.824540654,38.37493368520341
prepared,0,double,brettel,0,8191,25.269350507,25.326577951,25.899615432,4.259339519,4.3871131425000005,4.534290685,5.772948435190716
prepared,0,double,brettel,1,8191,25.267061409,25.335734343,25.436454645,4.27271548,4.3995696495,4.556456782,5.758684680870853
prepared,0,double,brettel,2,8191,25.264772311,25.339167989,25.945397387,4.285404712,4.4513414115,4.653735808,5.692479108328221
prepared,0,double,lookup,0,8191,53.387101697,54.876159809499995,55.561744598,6.211039556,6.2775645525,7.089755524,8.741632101201716
prepared,0,double,lookup,1,8191,53.323006959,54.455728848999996,55.304602613,6.207369369,6.3010239895,6.434859907,8.642361771633436
prepared,0,double,lookup,2,8191,53.429831522,54.493117446,55.647204249,6.212496948,6.2948357955,6.413701013,8.656797288494099
prepared,0,double,lookupApply,0,8191,53.110883897,54.1871413745,54.896380173,10.226307838,10.345516420500001,10.414906605,5.237741565720808
prepared,0,double,lookupApply,1,8191,53.171926505,54.344326089999996,54.881119521,10.223332011,10.343990354999999,10.462359602,5.253710050467269
prepared,0,double,lookupApply,2,8191,53.142168233,53.944878525,54.619399341,10.239760103,10.3516321265,10.652560737,5.211243779316891
prepared,0,double,prepared,0,8191,18.932364791,19.009431083000003,19.134568429,1.149157612,1.1720485900000002,1.245528629,16.218978671353547
prepared,0,double,prepared,1,8191,18.939232084,19.0101941155,19.567207911,1.147173727,1.1718959835,1.249114882,16.221741846681564
prepared,0,double,prepared,2,8191,18.937706019,19.0189689905,21.316841655,1.148707423,1.1719341349999999,1.243079294,16.228701274666772
prepared,0,double,vienot,0,8191,10.516115248,10.5824990845,11.108991576,1.148096997,1.1718196805,1.207010743,9.03082552768237
prepared,0,double,vienot,1,8191,10.514589183,10.530612867999999,10.624465877,1.147868087,1.1716670735,1.272112685,8.98771767695322
prepared,0,float,brettel,0,8191,21.039860823,21.188270662999997,21.734983518,2.207315957,2.221718197,2.303213893,9.53688487208263
prepared,0,float,brettel,1,8191,21.031467464,21.119979245499998,22.289708216,2.207544866,2.210906025,2.379784214,9.552635438451075
prepared,0,float,brettel,2,8191,21.031467464,21.116164083,21.509888902,2.217632157,2.240553656,2.382920278,9.424529524857762
prepared,0,float,lookup,0,8191,30.573953119,30.6452966675,31.494170431,4.365484984,4.4364393845,4.558974789,6.907633354479792
prepared,0,float,lookup,1,8191,30.58310951,30.647204248500003,31.243132707,4.366782139,4.4331926809999995,4.479886461,6.913122540296824
prepared,0,float,lookup,2,8191,30.578531315,30.636140276,31.268312782,4.367781712,4.4284504335,5.310546637,6.918027137493985
prepared,0,float,lookupApply,0,8191,44.290227079,44.372253082499995,45.464534245,10.326715297,10.3769266575,10.787670919,4.276049599948712
prepared,0,float,lookupApply,1,8191,44.227658406,44.363859724,45.367629105,10.307387682,10.353886888,10.487959346,4.284754141501879
prepared,0,float,lookupApply,2,8191,44.192558906,44.3695824685,44.577127335,10.329012025,10.357518923,10.490248443,4.2838041425125954
prepared,0,float,prepared,0,8191,16.493712611,16.516222073,16.685996826,0.761346295,0.76264345,0.831423208,21.656544841498345
prepared,0,float,prepared,1,8191,16.496001709,16.526523013000002,16.616560859,0.760812172,0.7627197535,0.864737212,21.6678838291029
prepared,0,float,prepared,2,8191,16.495238677,16.523852399,17.156787938,0.760659565,0.7624145405,0.825990416,21.673055170437163
prepared,0,float,vienot,0,8191,9.132737151,9.1811897205,9.736295935,0.761186058,0.7617659625,0.767923636,12.052507164232875
prepared,0,float,vienot,1,8191,9.130448053,9.1724148455,9.389879136,0.761117385,0.7623000855,0.832567757,12.032551248480742
bv_direct,0,double,brettel,0,8191,10.864821145,10.8766481505,11.456171408,4.267442925,4.38753281,4.513658283,2.4789895874305725
bv_direct,0,double,brettel,1,8191,10.865584178,10.9151812965,11.041081675,4.27646197,4.3939499145,4.557906544,2.4841387609995254
bv_direct,0,double,brettel,2,8191,10.862532047,10.941505921000001,11.479825418,4.291821817,4.4394609935,4.543233427,2.4646023328102027
bv_direct,0,double,lookup,0,8191,39.187828104,39.288548407,39.493041143,6.207529606,6.306716213,6.850575327,6.229636324211755
bv_direct,0,double,lookup,1,8191,39.043614943,39.485410817,44.386369186,6.205614394,6.312522891,7.311370712,6.255091902050102
bv_direct,0,double,lookup,2,8191,39.031406422,39.268328043,40.117964839,6.193993407,6.3021685385,6.452058662,6.23092318193483
bv_direct,0,double,lookupApply,0,8191,53.25280796,54.1562385545,54.837626663,10.26520724,10.3909054145,10.558112563,5.211888319080224
bv_direct,0,double,lookupApply,1,8191,53.330637285,54.185996826,54.678915883,10.263520938,10.387086436,10.456018801,5.216669482810877
bv_direct,0,double,lookupApply,2,8191,53.339793676,54.118849956999995,54.685020144,10.272692589,10.3895319555,10.699716152,5.208978632415738
bv_direct,0,double,prepared,0,8191,18.931601758,20.252792699,21.525912587,1.148928702,1.1733495605,1.237043707,17.26066415397102
bv_direct,0,double,prepared,1,8191,18.944573312,20.302008301500003,21.535068978,1.149699365,1.1707514345,1.28793035,17.34100655633235
bv_direct,0,double,prepared,2,8191,18.955255769,21.459910266999998,22.422475888,1.149546759,1.173196954,1.292447503,18.291822352447053
bv_direct,0,double,vienot,0,8191,4.533176657,4.598415944,6.096630448,1.14816567,1.173616622,1.358083567,3.9181585006555917
bv_direct,0,double,vienot,1,8191,4.532413625,4.5946007815000005,4.714015383,1.14793676,1.1725064095,1.243308204,3.9186146397777972
bv_direct,0,float,brettel,0,8191,9.124343792,9.1735593945,9.370040288,2.207697473,2.210253632,2.359380723,4.1504555231514715
bv_direct,0,float,brettel,1,8191,9.120528629,9.132355634,9.866774509,2.206240081,2.2117072095,2.311309669,4.129097918012642
bv_direct,0,float,brettel,2,8191,9.122817727,9.154483579499999,9.590556709,2.2186241,2.220607984,2.287625137,4.122512233343389
bv_direct,0,float,lookup,0,8191,30.592265902,30.6742919055,33.207178611,4.367094982,4.4254364545,4.59901874,6.931359702229795
bv_direct,0,float,lookup,1,8191,30.569374924,30.6369033085,31.24694787,4.365484984,4.4285305515,4.48760072,6.918074280445664
bv_direct,0,float,lookup,2,8191,30.568611891,30.6716212915,32.568520327,4.364721951,4.4262376385,4.444504639,6.929501711501928
bv_direct,0,float,lookupApply,0,8191,44.235288732,44.327615676,44.861738493,10.325425772,10.402411946,10.872337016,4.261282470460625
bv_direct,0,float,lookupApply,1,8191,44.210108656,44.3169332195,45.347790258,10.318543218,10.3667630635,10.547025699,4.274905575447562
bv_direct,0,float,lookupApply,2,8191,44.253601514,44.4321511415,45.198998901,10.303877732,10.3765413255,10.454263826,4.281980840023206
bv_direct,0,float,prepared,0,8191,16.496764742,16.5360609205,16.937797583,0.760575632,0.7623000855,0.975544805,21.69232463046864
bv_direct,0,float,prepared,1,8191,16.495238677,16.517366622,16.669973141,0.760880845,0.7625328105,0.830652545,21.6611880755261
bv_direct,0,float,prepared,2,8191,16.498290807,16.521181785000003,17.300238066,0.760423025,0.7624145405,0.934127396,21.669552333255904
bv_direct,0,float,vienot,0,8191,4.185233793,4.250091564,4.808631425,0.761109755,0.7622237825,1.164746368,5.5759104630141865
bv_direct,0,float,vienot,1,8191,4.185233793,4.245131852,4.2813759,0.760888475,0.7620673605,0.821641131,5.570546741714179
bv_split,0,double,brettel,0,8191,5.577768282,5.6460596995,5.752502747,4.266801978,4.38904743,4.517175864,1.286397513252665
bv_split,0,double,brettel,1,8191,5.579294347,5.650256379,5.821938713,4.276202539,4.392141527,4.55195489,1.2864467923599312
bv_split,0,double,brettel,2,8191,5.578531315,5.6464412159999995,6.197350751,4.286602674,4.44136476,4.598652484,1.2713302151746706
bv_split,0,double,lookup,0,8191,39.294652668,44.751098767,50.66689049,6.20225705,6.2870528629999995,6.39607496,7.117977173432907
bv_split,0,double,lookup,1,8191,39.181723843,44.7263002075,50.779056281,6.226330729,6.304823892,6.710734343,7.093980890449906
bv_split,0,double,lookup,2,8191,39.071847149,44.896837993000005,51.06366744,6.226407032,6.3099018739999995,6.553824319,7.115298920573992
bv_split,0,double,lookupApply,0,8191,54.678152851,54.8101574895,55.090953486,10.21768557,10.3787617505,10.851429923,5.2809919725596846
bv_split,0,double,lookupApply,1,8191,54.567513124,54.773150408999996,55.021517519,10.220363814,10.397143205999999,10.533871017,5.268096180246072
bv_split,0,double,lookupApply,2,8191,54.576669515,54.8212214625,55.095531681,10.221966182,10.451562690500001,10.701631364,5.245265524965947
bv_split,0,double,prepared,0,8191,18.935416921,18.9922628495,19.281070687,1.149020266,1.173433494,1.250129716,16.185206018586683
bv_split,0,double,prepared,1,8191,18.932364791,18.9834879745,19.040715419,1.14840221,1.1731626175,1.273669271,16.181463414640383
bv_split,0,double,prepared,2,8191,18.937706019,19.0075235015,21.522097424,1.149165242,1.173013826,1.288342388,16.20400636394545
bv_split,0,double,vienot,0,8191,4.53393969,4.597652912,5.235929679,1.146563301,1.1735059825,1.236822427,3.9178776934782262
bv_split,0,double,vienot,1,8191,4.533176657,4.5995604935,4.870437065,1.146258088,1.1733152245,1.238203516,3.9201404681849845
bv_split,0,float,brettel,0,8191,4.881882554,4.952081552999999,5.22143206,2.207537236,2.2109365465,2.402965145,2.2398117037050835
bv_split,0,float,brettel,1,8191,4.881882554,4.9486479065,5.446526676,2.206850507,2.2134965205,2.352208216,2.235670063480454
bv_split,0,float,brettel,2,8191,4.882645587,4.9478848735,4.990233183,2.2186241,2.2210619885,2.28816689,2.2277112926693086
bv_split,0,float,lookup,0,8191,30.62126114,30.693749237,33.237699915,4.369292516,4.432608961,4.679663655,6.924533498681432
bv_split,0,float,lookup,1,8191,30.612867782,30.659412770000003,31.235502381,4.366232755,4.4312355025,4.486379868,6.918931018832711
bv_split,0,float,lookup,2,8191,30.619735075,30.7101544375,31.566658528,4.366392992,4.422445367,4.648028324,6.944156883577846
bv_split,0,float,lookupApply,0,8191,44.259705775,44.371871566500005,44.455805152,10.321015444,10.409481443,10.771784581,4.262639960450525
bv_split,0,float,lookupApply,1,8191,44.285648883,44.4462672445,45.459956049,10.320565255,10.400580668,10.527988036,4.273440941739927
bv_split,0,float,lookupApply,2,8191,44.282596753,44.4088786475,45.472927603,10.334925528,10.380898242,10.517748138,4.277941813149313
bv_split,0,float,prepared,0,8191,16.504395068,16.562004029,17.007996582,0.761376816,0.762330607,0.897799414,21.725487441959682
bv_split,0,float,prepared,1,8191,16.496764742,16.521563301,16.973660115,0.761292882,0.763131791,0.831377426,21.649685540357737
bv_split,0,float,prepared,2,8191,16.497527774,16.5181296545,17.475735563,0.761071603,0.763017336,0.828401599,21.64843297151508
bv_split,0,float,vienot,0,8191,3.837290929,3.868193749,4.541570016,0.761292882,0.76217037,0.875099194,5.075235014712
bv_split,0,float,vienot,1,8191,3.837290929,3.8540776460000004,4.159290685,0.761453119,0.762216152,0.836878891,5.056410357989895
default,1,double,brettel,0,8191,23.587626663,23.7463374435,24.195763643,4.286686607,4.403110121,4.504326395,5.393082796236519
default,1,double,brettel,1,8191,23.779910878,23.891313637,24.156848981,4.286686607,4.404102063,4.595646136,5.424786550183998
default,1,double,brettel,2,8191,23.606702478,23.9237425225,24.445275302,4.286152484,4.444378738999999,4.534588268,5.382921647195829
default,1,double,lookup,0,8191,39.240477353,39.4159748505,39.901263582,6.189430472,6.268862166,6.427626358,6.287580394457823
default,1,double,lookup,1,8191,39.13975705,39.272143205999996,39.887528995,6.191795874,6.2784954525,6.363127213,6.255024552158023
default,1,double,lookup,2,8191,38.938316445,39.401477231,40.00350995,6.198983641,6.291753143999999,6.48898944,6.262400372235584
default,1,double,lookupApply,0,8191,53.701471127,54.5846813575,55.670095226,10.249153034,10.405738767999999,10.475277744,5.245632489387514
default,1,double,lookupApply,1,8191,53.500030521,54.673956171499995,55.036015139,10.249458247,10.3979024235,10.860113234,5.258171691237741
default,1,double,lookupApply,2,8191,53.400073251,54.467555854,55.348858503,10.256256867,10.4019541265,10.536106702,5.236281105608661
default,1,double,prepared,0,8191,18.943047247,18.989592235499998,19.137620559,1.14887529,1.172178305,1.246001709,16.200259085583397
default,1,double,prepared,1,8191,18.936179954,19.001419241,19.580179465,1.148951593,1.171720486,1.678908253,16.21668262015861
default,1,double,prepared,2,8191,18.940758149,19.014009278,21.393907948,1.149401782,1.1718769075000002,1.384392931,16.225261506827668
default,1,double,vienot,0,8191,25.029758271,25.105680015,25.917165181,1.147425528,1.1719951775,1.24836711,21.42131682534163
default,1,double,vienot,1,8191,25.067146869,25.408985472,25.518099133,1.148570077,1.172029514,1.232702051,21.67947578835459
default,1,float,brettel,0,8191,48.361005982,48.744048345500005,49.303351239,2.208033207,2.2130730375,2.547102002,22.025503686296663
default,1,float,brettel,1,8191,48.406024905,48.6967403245,49.369735075,2.207644061,2.2139161885,2.330148944,21.995746983309978
default,1,float,brettel,2,8191,48.535740447,48.7142900745,48.957697473,2.225300635,2.227288335,2.32396075,21.871568808130988
default,1,float,lookup,0,8191,30.574716152,30.698708949,31.449151508,4.364485411,4.4358594794999995,4.645548468,6.920577419296495
default,1,float,lookup,1,8191,30.588450739,30.6124862655,31.220241729,4.368613417,4.441204523,4.459772921,6.892834164012221
default,1,float,lookup,2,8191,30.586161641,30.662083384,31.25,4.368911,4.433948083500001,4.644243682,6.915300496661756
default,1,float,lookupApply,0,8191,44.210108656,44.3581369795,45.007477719,10.356595654,10.412613692,11.02411183,4.260038669597463
default,1,float,lookupApply,1,8191,44.214686851,44.403918935,44.618331095,10.332369369,10.397520907,10.546880723,4.270625597406168
default,1,float,lookupApply,2,8191,44.239866927,44.400866805,44.873183982,10.302870529,10.3856328595,11.013719326,4.275220143603036
default,1,float,prepared,0,8191,16.491423514,16.538350018499997,16.918721768,0.760896105,0.7630745635,0.909077036,21.67330796959529
default,1,float,prepared,1,8191,16.496001709,16.517366621999997,16.99273593,0.760133073,0.763269137,0.946213832,21.640291505720867
default,1,float,prepared,2,8191,16.493712611,16.5150775245,17.055304603,0.760819802,0.7633072885,0.826394824,21.636210964203315
default,1,float,vienot,0,8191,28.706812355,29.1341106095,29.706385057,0.761208949,0.7626548955000001,0.917638262,38.20090945643185
default,1,float,vienot,1,8191,28.731229398,29.0539921865,29.442375778,0.761735441,0.762429801,1.057708155,38.107104612638295
prepared,1,double,brettel,0,8191,25.280795996,25.325051886,25.891985106,4.262155109,4.427603467,4.63974179,5.71981029348128
prepared,1,double,brettel,1,8191,25.265535344,25.3227627885,25.755402271,4.277980405,4.4015840555,4.557517397,5.753102171673387
prepared,1,double,brettel,2,8191,25.277743865,25.330774630999997,25.451715297,4.288296606,4.439445733,4.875335734,5.705841709632177
prepared,1,double,lookup,0,8191,39.230557929,39.483121719,40.007325113,6.19264284,6.2729558354999995,6.310012514,6.294181364318965
prepared,1,double,lookup,1,8191,39.161884996,39.222927603,39.738737639,6.190803931,6.2799108775,6.38459895,6.245777745593493
prepared,1,double,lookup,2,8191,38.997069955,39.385453547,39.927969723,6.195008241,6.2806319434999995,6.460406239,6.270938004536486
prepared,1,double,lookupApply,0,8191,53.896807472,54.5636979615,55.26263582,10.238455317,10.381241607,11.073632646,5.255989603855099
prepared,1,double,lookupApply,1,8191,53.969295568,54.4847240875,54.836863631,10.236013613,10.3911381395,10.722103528,5.243383675209392
prepared,1,double,lookupApply,2,8191,54.404224148,54.60833536849999,55.16878281,10.237699915,10.393129654500001,10.825273166,5.25427250345672
prepared,1,double,prepared,0,8191,18.941521182,19.0002746915,19.297094372,1.149478086,1.1708048469999999,1.239431999,16.228387455163997
prepared,1,double,prepared,1,8191,18.932364791,18.996841045,19.26123184,1.147578135,1.17088115,1.238279819,16.224397365180916
prepared,1,double,prepared,2,8191,18.940758149,19.017824441000002,21.451135393,1.14818093,1.1704614819999999,1.31531559,16.24814206487489
prepared,1,double,vienot,0,8191,10.515352216,10.565330850999999,10.929678916,1.148028324,1.1701181175,1.238737639,9.029285755845926
prepared,1,double,vienot,1,8191,10.516878281,10.52832377,10.72518618,1.147807044,1.1703851790000002,1.234159443,8.995605856010245
prepared,1,float,brettel,0,8191,21.057410573,21.261521792,22.435447442,2.206728421,2.210440575,2.597767367,9.618680561905629
prepared,1,float,brettel,1,8191,21.036808692,21.16385362,25.391435722,2.206194299,2.213225644,2.309516543,9.562447316374941
prepared,1,float,brettel,2,8191,21.047491149,21.1020479795,21.35041509,2.219646563,2.2213633870000002,2.292470394,9.499592954036565
prepared,1,float,lookup,0,8191,30.573190087,30.649111830499997,34.261689659,4.363638445,4.4262300085,4.724644427,6.924428186434586
prepared,1,float,lookup,1,8191,30.642626053,30.7235075085,31.290440728,4.366011476,4.4272601025,4.464442681,6.939621074251081
prepared,1,float,lookup,2,8191,30.593791967,30.7067207915,31.694848004,4.365019534,4.4267641315,4.568291417,6.936606487117056
prepared,1,float,lookupApply,0,8191,44.270388231,44.457331217000004,45.220363814,10.342761873,10.412762483,10.78018557,4.269504013904243
prepared,1,float,lookupApply,1,8191,44.211634721,44.359663045,48.197717006,10.315407154,10.3999702415,11.946938713,4.26536442075453
prepared,1,float,lookupApply,2,8191,44.290990111,44.38179099,45.181449152,10.314880662,10.3609907215,10.444710658,4.283547025855716
prepared,1,float,prepared,0,8191,16.494475644,16.5208002685,16.920247833,0.760514589,0.7621207725,0.880341228,21.677404506777172
prepared,1,float,prepared,1,8191,16.494475644,16.526141496999998,16.659290685,0.760438286,0.7621207725,0.867430717,21.684412882211525
prepared,1,float,prepared,2,8191,16.491423514,16.5196557195,17.145342449,0.760209376,0.762498474,0.85626755,21.665165613826527
prepared,1,float,vienot,0,8191,9.133500183,9.1472347695,9.837016237,0.761208949,0.7617774085,0.911823953,12.007752746975827
prepared,1,float,vienot,1,8191,9.128921988,9.1430380905,9.222011964,0.761048712,0.7621589245,0.827302832,11.996235688636878
bv_direct,1,double,brettel,0,8191,10.865584178,10.912510682499999,10.986906361,4.268885057,4.392145342499999,4.913090587,2.4845513596525524
bv_direct,1,double,brettel,1,8191,10.870162373,10.906406422,10.975460872,4.278590831,4.40590282,4.560188011,2.475407848873072
bv_direct,1,double,brettel,2,8191,10.870925406,10.920904041,11.43328043,4.29073831,4.4406704005,4.610853376,2.459291741123222
bv_direct,1,double,lookup,0,8191,39.193932365,39.356839824,39.731870346,6.196915822,6.270434013,6.306578867,6.276573478391534
bv_direct,1,double,lookup,1,8191,39.23361006,39.366759247999994,39.869216213,6.195618667,6.278232206,6.450250275,6.2703573165672095
bv_direct,1,double,lookup,2,8191,38.994780857,39.346538884,39.799780247,6.193558479,6.278609907,6.354268404,6.2667595959629026
bv_direct,1,double,lookupApply,0,8191,54.283664998,54.544240630000004,54.698754731,10.241972897,10.3687850995,10.757035161,5.260427340964972
bv_direct,1,double,lookupApply,1,8191,54.401172018,54.5369918205,54.960474911,10.241362471,10.370997894,10.501335307,5.258606006665148
bv_direct,1,double,lookupApply,2,8191,54.22262239,54.504944451,54.835337566,10.276057563,10.3834200645,10.651957942,5.249228492387361
bv_direct,1,double,prepared,0,8191,18.934653888,19.016298376,19.507691369,1.150019839,1.1693894215,1.241644793,16.26173285508894
bv_direct,1,double,prepared,1,8191,18.936942986,18.981198877,19.267336101,1.149790929,1.169198663,1.239576975,16.234365876109457
bv_direct,1,double,prepared,2,8191,18.933127823,19.0552130385,20.149401782,1.149027896,1.1691261750000002,1.302855268,16.29867968570629
bv_direct,1,double,vienot,0,8191,4.533176657,4.598797461,5.222958125,1.14841747,1.169431388,1.233083567,3.9325072921678754
bv_direct,1,double,vienot,1,8191,4.533176657,4.602612624,5.055090953,1.148333537,1.168935417,1.240263704,3.9374396198998904
bv_direct,1,float,brettel,0,8191,9.123580759,9.190346111499998,9.480680015,2.207193871,2.210627518,2.391519656,4.157347195159632
bv_direct,1,float,brettel,1,8191,9.123580759,9.134644732,9.991911854,2.206659749,2.2110510015,2.348950067,4.131358673229592
bv_direct,1,float,brettel,2,8191,9.123580759,9.1312110855,9.630997436,2.219036137,2.221061989,2.383492553,4.11119146188765
bv_direct,1,float,lookup,0,8191,30.62126114,30.752502747,35.52527164,4.364638017,4.4393350935,5.490431571,6.927276742867934
bv_direct,1,float,lookup,1,8191,30.604474423,30.6533085095,31.30570138,4.366698205,4.433867965,4.471081065,6.913446397472956
bv_direct,1,float,lookup,2,8191,30.607526554,30.655216091,31.317146869,4.369063606,4.431464412,4.455118423,6.917626599457389
bv_direct,1,float,lookupApply,0,8191,44.165852765,44.341731778500005,44.616041997,10.326188805,10.401000335500001,10.707743255,4.263217993288181
bv_direct,1,float,lookupApply,1,8191,44.268099133,44.443978147,45.18679038,10.321824258,10.371657917,10.466953058,4.285137294602888
bv_direct,1,float,lookupApply,2,8191,44.215449884,44.3745421805,44.835795385,10.318314308,10.362295506999999,10.474972531,4.282308118941778
bv_direct,1,float,prepared,0,8191,16.492949579,16.527667561999998,16.712702967,0.760743499,0.763040227,1.268846905,21.660283399449135
bv_direct,1,float,prepared,1,8191,16.497527774,16.531101208499997,16.750091564,0.760598523,0.7620482845000001,0.86306617,21.692983954876937
bv_direct,1,float,prepared,2,8191,16.49905384,16.539876083499998,17.199517763,0.760819802,0.762193261,0.82302222,21.700370404481966
bv_direct,1,float,vienot,0,8191,4.185996826,4.2485654985,4.944451227,0.760972409,0.7620444694999999,0.897532353,5.575219909787693
bv_direct,1,float,vienot,1,8191,4.185233793,4.2478024659999996,4.27832377,0.761353925,0.7624603225,0.82210658,5.57117838220362
bv_split,1,double,brettel,0,8191,5.577768282,5.6563606395,5.67696252,4.245574411,4.387063545,4.522433158,1.289327264462954
bv_split,1,double,brettel,1,8191,5.577768282,5.6464412159999995,5.763185203,4.267427665,4.417817574000001,4.5805152,1.2781064680512764
bv_split,1,double,brettel,2,8191,5.579294347,5.647967281,6.211085338,4.251999145,4.4341388415,4.635232267,1.2737461506932382
bv_split,1,double,lookup,0,8191,39.265657429,49.431922232,58.851941155,6.195237151,6.266267855000001,6.334780552,7.888574726750169
bv_split,1,double,lookup,1,8191,39.250396777,49.443749237000006,58.700097668,6.195084544,6.270624771,6.608587169,7.8849797337044345
bv_split,1,double,lookup,2,8191,39.302282994,49.3609602,58.808448297,6.197984068,6.3011155535,8.242636735,7.833685921309934
bv_split,1,double,lookupApply,0,8191,53.119277256,54.0986295935,54.92766451,10.244422232,10.396067330000001,10.536259309,5.2037590635246485
bv_split,1,double,lookupApply,1,8191,53.297826883,54.2802313515,55.080271029,10.232877549,10.3867812235,10.561477536,5.225895316702297
bv_split,1,double,lookupApply,2,8191,53.242888536,54.204309608,55.625839336,10.295385179,10.4621306925,12.183150714,5.181001002678881
bv_split,1,double,prepared,0,8191,18.934653888,19.0025637895,19.667928214,1.147723111,1.180781498,1.276492492,16.09320930391137
bv_split,1,double,prepared,1,8191,18.932364791,18.998748626500003,19.426809913,1.14933311,1.180358015,1.244239104,16.09575093748146
bv_split,1,double,prepared,2,8191,18.939232084,19.001800756999998,21.486997925,1.147494201,1.180548773,1.260598523,16.095735467762836
bv_split,1,double,vienot,0,8191,4.533176657,4.6010865585000005,5.239744842,1.146204676,1.18001465,1.242331522,3.899177487754072
bv_split,1,double,vienot,1,8191,4.533176657,4.593074716,4.612532047,1.146197046,1.1802817115000002,1.245994079,3.891507147190088
bv_split,1,float,brettel,0,8191,4.881882554,4.998245025,5.51825174,2.210711452,2.2424955745,2.394953302,2.2288762046339547
bv_split,1,float,brettel,1,8191,4.880356489,4.949792455000001,5.535801489,2.215984007,2.2428809055,2.383561226,2.2068904518568524
bv_split,1,float,brettel,2,8191,4.881882554,4.9501739715,5.135209376,2.219951776,2.2484548589999998,2.335574106,2.20158921656163
bv_split,1,float,lookup,0,8191,30.567085826,30.6468227325,33.263643023,4.366537969,4.433410145,4.683303321,6.9126973887276115
bv_split,1,float,lookup,1,8191,30.58005738,30.6700952265,31.499511659,4.368224271,4.431578867000001,4.472759736,6.920805461657599
bv_split,1,float,lookup,2,8191,30.568611891,30.637666341,31.17064461,4.365858869,4.430083323,4.564392321,6.915821691645415
bv_split,1,float,lookupApply,0,8191,44.216212917,44.344402392999996,45.018923208,10.315414785,10.395342449000001,10.571488524,4.265795245376047
bv_split,1,float,lookupApply,1,8191,44.234525699,44.328760224999996,44.686240996,10.307769198,10.3687469475,10.696351178,4.275228284521696
bv_split,1,float,lookupApply,2,8191,44.247497253,44.35088817,45.350842388,10.318772128,10.3551840435,10.437301612,4.282964743426194
bv_split,1,float,prepared,0,8191,16.489897448,16.557044317,16.696679282,0.761582835,0.7698388475,1.345424857,21.507156167512058
bv_split,1,float,prepared,1,8191,16.496001709,16.52270785,16.718044195,0.761132646,0.770296667,0.875297583,21.44979792571269
bv_split,1,float,prepared,2,8191,16.496764742,16.521944817,17.165944329,0.761048712,0.7699533025,0.851529117,21.45837255760066
bv_split,1,float,vienot,0,8191,3.837290929,3.90520083,4.488920767,0.760896105,0.7700296055,0.917249115,5.071494397237172
bv_split,1,float,vienot,1,8191,3.836527896,3.8685752655,4.208887804,0.760972409,0.770186027,0.84175467,5.0229102189359764
default,2,double,brettel,0,8191,23.5838115,23.785252106,24.040104993,4.260323831,4.389814278,4.524508607,5.418282095714665
default,2,double,brettel,1,8191,23.724209498,23.97448419,24.699365157,4.274768038,4.397417898,4.559203699,5.451945834145964
default,2,double,brettel,2,8191,23.59830912,23.700555488,24.227047979,4.287991393,4.448964565000001,4.5472775,5.327207070708597
default,2,double,lookup,0,8191,39.120681236,39.329370650499996,39.641069466,6.194695397,6.265047003,6.317429191,6.277585887490906
default,2,double,lookup,1,8191,39.107709681,39.329370650499996,39.876083506,6.192871749,6.2716548655,6.377724026,6.270971776021751
default,2,double,lookup,2,8191,39.138230985,39.404147845,40.25912587,6.195778904,6.285561134,6.469120071,6.26899444694829
default,2,double,lookupApply,0,8191,53.69078867,54.5781955805,55.246612135,10.234640154,10.3915616225,10.58684837,5.252164935665328
default,2,double,lookupApply,1,8191,53.726651203,54.5030368695,55.197778049,10.238234037,10.4228574045,10.496062752,5.229183778909675
default,2,double,lookupApply,2,8191,53.56717739,54.565987058999994,55.105451105,10.253899097,10.4295034185,10.572480466,5.231887355462206
default,2,double,prepared,0,8191,18.935416921,19.001800756999998,19.097179832,1.149562019,1.174475034,1.24111067,16.178973760118257
default,2,double,prepared,1,8191,18.936942986,19.006760469,19.223843243,1.147417898,1.1741316689999999,1.238592663,16.18792931902427
default,2,double,prepared,2,8191,18.943047247,19.022402637,21.441979001,1.149409413,1.174436882,1.325860701,16.197041261686127
default,2,double,vienot,0,8191,24.990843609,25.0854596505,26.120894885,1.147654438,1.173940911,1.712687706,21.36858798892306
default,2,double,vienot,1,8191,25.05570138,25.3155139785,25.615004273,1.148028324,1.1739409109999999,1.241186974,21.564555542182653
default,2,float,brettel,0,8191,48.30148944,48.6452356245,49.267488707,2.206507142,2.2109403615,2.826867904,22.00205689469476
default,2,float,brettel,1,8191,48.267152973,48.6005982175,49.488005128,2.206430839,2.2118560005,2.314636491,21.97276775997787
default,2,float,brettel,2,8191,48.476223904,48.689109998999996,48.979062386,2.220485899,2.226872482,2.293927787,21.86434580002143
default,2,float,lookup,0,8191,30.594554999,30.650256378999998,33.030918081,4.367613844,4.430697564500001,5.089770785,6.9177044771862795
default,2,float,lookup,1,8191,30.576242217,30.650256378999998,31.137834208,4.368376877,4.432647113,4.479726224,6.9146619610456685
default,2,float,lookup,2,8191,30.575479184,30.650256379,31.353772433,4.369902942,4.4284466185,4.448846295,6.921220694172404
default,2,float,lookupApply,0,8191,44.219265047,44.3756867295,45.243254792,10.352246368,10.413224118,10.603276462,4.261474277960988
default,2,float,lookupApply,1,8191,44.292516176,44.398196191,45.34550116,10.314415212,10.3608800815,10.472752106,4.285176147369542
default,2,float,lookupApply,2,8191,44.293279209,44.369200952499995,45.041814186,10.314956965,10.368869033,10.451898425,4.279078153199777
default,2,float,prepared,0,8191,16.496001709,16.519274203000002,16.969844952,0.760819802,0.7624679525,0.891573068,21.66553249724945
default,2,float,prepared,1,8191,16.494475644,16.524233915499998,16.580698327,0.760819802,0.762193261,0.869796118,21.679847829958707
default,2,float,prepared,2,8191,16.497527774,16.513551459,17.612318398,0.760667196,0.7626587105,0.824700891,21.652609786851702
default,2,float,vienot,0,8191,28.732755463,29.1405963865,29.891038945,0.760896105,0.7621589245,0.916104566,38.23427824533727
default,2,float,vienot,1,8191,28.692314736,28.758317055,29.102826273,0.760743499,0.76193383,0.833651264,37.74385113599694
prepared,2,double,brettel,0,8191,25.275454767,25.345653765999998,25.74929801,4.264146624,4.386491271000001,4.669316933,5.778115628216417
prepared,2,double,brettel,1,8191,25.273928702,25.347942864,25.774478086,4.273852399,4.3886735439999995,4.610853376,5.775764045756966
prepared,2,double,brettel,2,8191,25.270113539,25.3242888535,26.16667684,4.286305091,4.4391061835,4.51754975,5.704817097556594
prepared,2,double,lookup,0,8191,39.106946649,44.5435539005,50.516573068,6.204179893,6.2845691915,6.471638078,7.087765691361312
prepared,2,double,lookup,1,8191,39.23361006,44.581324014,50.748534977,6.203264253,6.2741041995,6.350903431,7.105607843993539
prepared,2,double,lookup,2,8191,39.1924063,44.5893358565,51.059852277,6.202424918,6.271769320000001,6.487158161,7.109530593593323
prepared,2,double,lookupApply,0,8191,54.373702845,54.6323708945,54.926901477,10.221645709,10.309642443000001,10.400462398,5.2991528267397925
prepared,2,double,lookupApply,1,8191,54.41643267,54.560645831,55.212275668,10.23058082,10.3262612925,10.4948419,5.283678602112034
prepared,2,double,lookupApply,2,8191,54.26077402,54.590022586,55.148943963,10.281322488,10.3398661645,10.750686729,5.279567618914126
prepared,2,double,prepared,0,8191,18.933890856,18.971660969,19.150592113,1.149180503,1.1696984495,1.359174704,16.219275127798653
prepared,2,double,prepared,1,8191,18.933127823,19.008286534,19.509980466,1.149409413,1.170041814,1.236601148,16.24581814646156
prepared,2,double,prepared,2,8191,18.947625443,19.048345745,21.58542913,1.149485716,1.1696602975000001,1.250663838,16.285365747399833
prepared,2,double,vienot,0,8191,10.516115248,10.56952753,11.206659749,1.14864638,1.1694657249999998,1.231710109,9.037911333399704
prepared,2,double,vienot,1,8191,10.516878281,10.546255036,10.653461116,1.148333537,1.1695458429999999,1.346187889,9.017393460138186
prepared,2,float,brettel,0,8191,21.041386888,21.1329507995,21.448846295,2.208185814,2.2135728235,2.342449029,9.546986923197561
prepared,2,float,brettel,1,8191,21.030704432,21.109678305499997,21.687675497,2.20833842,2.214297705,2.464572397,9.533351481073769
prepared,2,float,brettel,2,8191,21.026126236,21.125701990000003,21.457239653,2.21934135,2.221672415,2.286442437,9.508918527936984
prepared,2,float,lookup,0,8191,30.606000488,30.673147356999998,33.182761568,4.36494323,4.4306975645,4.543607313,6.9228709273144515
prepared,2,float,lookup,1,8191,30.591502869,30.694893786,31.359113661,4.364180198,4.4296674705,4.46535832,6.929390070567827
prepared,2,float,lookup,2,8191,30.616682945,30.659794286500002,30.774630692,4.363943658,4.427527164,4.457789037,6.9248122373575125
prepared,2,float,lookupApply,0,8191,44.273440361,44.4180350385,45.160084239,10.298139727,10.363172994500001,10.67580271,4.286142387285611
prepared,2,float,lookupApply,1,8191,44.253601514,44.351269686,44.914387743,10.320374496,10.381550635,10.492629105,4.272123813226481
prepared,2,float,lookupApply,2,8191,44.274966427,44.406971066,45.029605665,10.31976407,10.382199213,10.503242889,4.277222017700846
prepared,2,float,prepared,0,8191,16.492186546,16.524996948000002,16.742461238,0.760667196,0.7618880475,0.958056098,21.689534311797956
prepared,2,float,prepared,1,8191,16.496001709,16.510880845,16.630295446,0.760514589,0.762273379,0.936889574,21.66005176077387
prepared,2,float,prepared,2,8191,16.494475644,16.521563301,17.38646075,0.760972409,0.76299826,0.938720852,21.65347441421426
prepared,2,float,vienot,0,8191,9.142656574,9.2082773775,10.03464168,0.760819802,0.761659138,0.832270175,12.089761571927731
prepared,2,float,vienot,1,8191,9.131211085,9.149523867500001,9.309760713,0.760827433,0.7620025025,0.845493529,12.007209736821043
bv_direct,2,double,brettel,0,8191,10.864821145,10.880081796999999,10.965541448,4.266512025,4.3872581185,4.522974911,2.479927440585577
bv_direct,2,double,brettel,1,8191,10.86329508,10.894960932499998,10.9457026,4.279277561,4.396582377,4.556372848,2.47805226839265
bv_direct,2,double,brettel,2,8191,10.868636308,10.9319680135,11.60954096,4.289288548,4.4459467705,4.620406544,2.458861650354525
bv_direct,2,double,lookup,0,8191,39.127548529,39.362562569,39.832590648,6.198144305,6.2749435355,6.465526187,6.272974783965687
bv_direct,2,double,lookup,1,8191,39.203851789,39.456415578,40.074471981,6.194321511,6.2718456235,6.366950006,6.291037430857772
bv_direct,2,double,lookup,2,8191,39.19851056,39.5632401415,40.14467098,6.188125687,6.273413655000001,6.516275485,6.306493133920403
bv_direct,2,double,lookupApply,0,8191,53.099438408,55.421728116,57.43117446,10.215602491,10.366915669499999,10.512498474,5.346018997632399
bv_direct,2,double,lookupApply,1,8191,53.326059089,55.634995727,57.411335612,10.211482115,10.3651530645,10.516466243,5.367503536204051
bv_direct,2,double,lookupApply,2,8191,53.345134904,55.4408039315,58.08356733,10.223400684,10.427134202,10.504471371,5.316974238316225
bv_direct,2,double,prepared,0,8191,18.931601758,20.1047643755,21.246642657,1.149478086,1.1701944205,1.236143328,17.180704354161634
bv_direct,2,double,prepared,1,8191,18.948388475,20.087214626,21.280979123,1.147646807,1.1704233305,1.235914418,17.16234981185724
bv_direct,2,double,prepared,2,8191,18.959833964,21.03909779,21.64723477,1.149409413,1.1701181175,1.240652851,17.980319657771645
bv_direct,2,double,vienot,0,8191,4.533176657,4.5965083625,4.696465633,1.148035954,1.1698510560000002,1.232862288,3.929139815641624
bv_direct,2,double,vienot,1,8191,4.533176657,4.592693199999999,5.105451105,1.147959651,1.1698892075,1.249595593,3.92575055018618
bv_direct,2,float,brettel,0,8191,9.123580759,9.169744231500001,9.354779636,2.207956904,2.210936546,2.386544683,4.1474479437638285
bv_direct,2,float,brettel,1,8191,9.12663289,9.153720546999999,10.39021487,2.207033634,2.212271853,2.33496368,4.137701492059801
bv_direct,2,float,brettel,2,8191,9.124343792,9.135789281000001,9.242613844,2.21934135,2.220489714,2.296064278,4.1143128127996365
bv_direct,2,float,lookup,0,8191,30.58005738,30.6498748625,33.22167623,4.366316689,4.428141405,4.662670919,6.921611588078904
bv_direct,2,float,lookup,1,8191,30.569374924,30.634995727,30.730374802,4.366545599,4.4303961665,4.459925528,6.914730551331611
bv_direct,2,float,lookup,2,8191,30.594554999,30.718547796499998,32.109937737,4.366850812,4.426302497,4.453813637,6.940001912955566
bv_direct,2,float,lookupApply,0,8191,44.26123184,44.366148821500005,45.160084239,10.319001038,10.4072648335,10.955484678,4.262997966448358
bv_direct,2,float,lookupApply,1,8191,44.252838481,44.386750702,45.182212184,10.295011293,10.373718105,10.493460811,4.278769699805719
bv_direct,2,float,lookupApply,2,8191,44.237577829,44.375305213000004,44.697686485,10.327333354,10.361837688000001,10.562087962,4.282570963680588
bv_direct,2,float,prepared,0,8191,16.491423514,16.5551367355,16.753906727,0.760896105,0.7621589245,0.899668844,21.72137096782103
bv_direct,2,float,prepared,1,8191,16.498290807,16.5299566595,16.728726651,0.760819802,0.762429801,0.90027927,21.680627695585052
bv_direct,2,float,prepared,2,8191,16.494475644,16.5131699425,17.78628983,0.760667196,0.7625022889999999,0.823403736,21.656551305775817
bv_direct,2,float,vienot,0,8191,4.185233793,4.2596294715,4.835337566,0.761201319,0.7620063175,0.903644244,5.590018578159623
bv_direct,2,float,vienot,1,8191,4.185233793,4.247039434,4.277560737,0.761353925,0.7620444694999999,0.831201929,5.573217317339249
bv_split,2,double,brettel,0,8191,5.58005738,5.6521639605,5.676199487,4.263383592,4.3801085035,4.501884691,1.2904164259820374
bv_split,2,double,brettel,1,8191,5.578531315,5.6472042485,6.115706263,4.278049078,4.3947053165,4.540547552,1.2850018014398987
bv_split,2,double,brettel,2,8191,5.579294347,5.655216091,6.417867171,4.290356794,4.4447221035,4.618872848,1.272344132954183
bv_split,2,double,lookup,0,8191,39.189354169,39.562477109,40.309486021,6.198678428,6.267908374999999,6.396982969,6.311910567614193
bv_split,2,double,lookup,1,8191,39.148913442,39.345012819000004,39.890581126,6.198754731,6.2756684165,6.480588451,6.269453739071684
bv_split,2,double,lookup,2,8191,39.167989257,39.377060188,45.370681236,6.195389757,6.272646807499999,6.594989928,6.27758287632553
bv_split,2,double,lookupApply,0,8191,53.294774753,54.161579783,55.235929679,10.237768587,10.360342144,10.491934745,5.227779066579058
bv_split,2,double,lookupApply,1,8191,53.278751068,54.325631791,55.173361006,10.234182334,10.374633744499999,10.499351422,5.236390327494708
bv_split,2,double,lookupApply,2,8191,53.245177634,54.362638872,55.370223416,10.240133989,10.4187293985,10.491942376,5.217780095126251
bv_split,2,double,prepared,0,8191,18.935416921,18.974331583500003,19.111677451,1.149562019,1.1696183310000001,1.23805854,16.222669464557153
bv_split,2,double,prepared,1,8191,18.937706019,19.006760469,19.124649005,1.14933311,1.1696984495,1.236219631,16.249282434395496
bv_split,2,double,prepared,2,8191,18.931601758,19.016298376,21.503784642,1.1491042,1.169236815,1.317154499,16.263855304624496
bv_split,2,double,vienot,0,8191,4.533176657,4.597652912,5.370223416,1.147646807,1.1695839945,1.231175986,3.931015586414132
bv_split,2,double,vienot,1,8191,4.533176657,4.594982298,4.627029667,1.147883348,1.1692024785,1.242941948,3.930014161358109
bv_split,2,float,brettel,0,8191,4.881882554,4.955515200000001,5.207697473,2.207270175,2.213992492,2.40191216,2.238271004940698
bv_split,2,float,brettel,1,8191,4.881119521,4.9448327435,5.531223294,2.208491027,2.2155986755,2.350933952,2.231826908988419
bv_split,2,float,brettel,2,8191,4.881882554,4.950555488,4.977261629,2.21934135,2.223812721,2.310279575,2.226156654852592
bv_split,2,float,lookup,0,8191,30.566322793,30.660557319,33.06601758,4.367384935,4.427870529,4.665188927,6.924447568688159
bv_split,2,float,lookup,1,8191,30.595318032,30.662464900499998,31.490355268,4.368071664,4.428675528,4.486677451,6.923619648050223
bv_split,2,float,lookup,2,8191,30.58005738,30.626602368500002,31.583445245,4.369445123,4.4300909535,4.634392931,6.91331232021397
bv_split,2,float,lookupApply,0,8191,44.215449884,44.363478208000004,45.083780979,10.335741973,10.387200891500001,10.695366866,4.270975277305293
bv_split,2,float,lookupApply,1,8191,44.223843243,44.353177267999996,44.873183982,10.313041753,10.392442925000001,10.597393481,4.267829767080486
bv_split,2,float,lookupApply,2,8191,44.28183372,44.487852521,45.554572091,10.317780186,10.36527515,10.528468746,4.292008834999426
bv_split,2,float,prepared,0,8191,16.499816872,16.558188866000002,17.078195581,0.759980466,0.7627693504999999,1.337931876,21.707989256707823
bv_split,2,float,prepared,1,8191,16.497527774,16.5253784645,17.017916005,0.761430228,0.7628456539999999,0.856191246,21.6628073816096
bv_split,2,float,prepared,2,8191,16.493712611,16.505921133,17.129318764,0.761048712,0.762464137,0.856420156,21.648127868602952
bv_split,2,float,vienot,0,8191,3.837290929,3.8720089125,4.392015627,0.761285252,0.7622733795000001,0.899371261,5.079554155544271
bv_split,2,float,vienot,1,8191,3.837290929,3.86094494,3.923513613,0.761506532,0.762384019,0.828218471,5.064304659827871
default,0,double,brettel,0,65536,26.041889191,26.22628212,27.108192444,4.484724045,4.505358219,4.528942108,5.821131382938321
default,0,double,brettel,1,65536,26.777839661,27.032232284499997,27.941322327,4.502623558,4.518199444,4.565631866,5.98296569674404
default,0,double,brettel,2,65536,26.159572601,26.393079758,27.21414566,4.500579834,4.516584873,4.570585251,5.843592116640381
default,0,double,lookup,0,65536,39.381217957,39.508008957,39.756393433,6.27070713,6.3014445304999995,6.359295845,6.269674955603421
default,0,double,lookup,1,65536,39.321804047,39.4352436065,39.745140076,6.274289131,6.296387196,6.347182274,6.263154151566888
default,0,double,lookup,2,65536,39.315795898,39.506053924499994,41.164016724,6.281541824,6.305783749,6.392753601,6.265050546772247
default,0,double,lookupApply,0,65536,54.872512817,55.052709579500004,55.320167542,10.467514992,10.488928318,10.586387634,5.2486496151398345
default,0,double,lookupApply,1,65536,54.846763611,55.058526993,55.283260345,10.466879845,10.481853485,10.500599861,5.252747242822198
default,0,double,lookupApply,2,65536,54.877662659,55.114364624000004,55.261325836,10.464845657,10.484506130500002,10.581539154,5.256743993278739
default,0,double,prepared,0,65536,19.015598297,19.045448303,20.496082306,1.187333107,1.1937818525,1.219679832,15.953876550489783
default,0,double,prepared,1,65536,19.010066986,19.0440654755,19.198226929,1.188612938,1.192460537,1.219281197,15.970394729716743
default,0,double,prepared,2,65536,19.00510788,19.044351578,19.293689728,1.187218666,1.1909589765000002,1.241551399,15.990770424324518
default,0,double,vienot,0,65536,25.103473663,25.3157615665,26.512241364,1.183588982,1.1882801055,1.260227203,21.304540444062834
default,0,double,vienot,1,65536,25.410842896,25.4390716555,25.527858734,1.184104919,1.1864137645000001,1.213376045,21.441989647027565
default,0,float,brettel,0,65536,54.416465759,54.8079013825,55.933094025,2.247589111,2.3148164744999997,2.797392845,23.6769964212124
default,0,float,brettel,1,65536,54.92515564,55.2239894865,56.416511536,2.320953369,2.3288464545,2.348174095,23.71302297744508
default,0,float,brettel,2,65536,53.674411774,53.985357285,55.346107483,2.309721947,2.3179769515,2.339913368,23.289859396602374
default,0,float,lookup,0,65536,30.96704483,31.0206890105,31.303882599,4.42209816,4.4368138315,4.476917267,6.991658922054097
default,0,float,lookup,1,65536,30.966663361,31.022024155,31.709957123,4.420213699,4.4325351715,4.500098228,6.998709080632504
default,0,float,lookup,2,65536,30.961608887,31.0118198395,31.171131134,4.415380478,4.4334917065,4.510652542,6.994897451603026
default,0,float,lookupApply,0,65536,44.34337616,44.4491386415,44.619560242,10.404644966,10.426466942000001,10.522691727,4.263106466338039
default,0,float,lookupApply,1,65536,44.371700287,44.436073303499995,44.62480545,10.414258003,10.427648544,10.481435776,4.261370443777396
default,0,float,lookupApply,2,65536,44.36674118,44.437694549499994,45.038414001,10.4080019,10.4232554435,10.449811935,4.2633220293196965
default,0,float,prepared,0,65536,16.549301147,16.565418243499998,22.452449799,0.773365021,0.7841143605,0.803619385,21.12627835681629
default,0,float,prepared,1,65536,16.547870636,16.577291488999997,16.627502441,0.772253036,0.7833933829999999,0.793469429,21.160877598324056
default,0,float,prepared,2,65536,16.54958725,16.5632247925,16.745567322,0.772390366,0.7834248545,0.786841393,21.14207214305326
default,0,float,vienot,0,65536,28.835296631,29.048156738,29.401493073,0.771483421,0.7822241784999999,0.798203468,37.13533477538754
default,0,float,vienot,1,65536,28.841781616,28.9975643155,29.229068756,0.771961212,0.781601906,0.796382904,37.10017093471622
prepared,0,double,brettel,0,65536,30.573272705,30.739307404,31.072235107,4.48329258,4.506520270999999,4.530311584,6.821073812052094
prepared,0,double,brettel,1,65536,30.571937561,30.7388782505,31.099414825,4.503196716,4.52589035,4.551716805,6.791785897000355
prepared,0,double,brettel,2,65536,30.487728119,30.692338943499998,30.966758728,4.495756149,4.5188078879999996,4.582203865,6.792131841896971
prepared,0,double,lookup,0,65536,39.374351501,47.690486908,55.926513672,6.275811195,6.289764881,6.349345207,7.5822368260636415
prepared,0,double,lookup,1,65536,39.383602142,47.689151764,56.723117828,6.274177551,6.2865176205,6.310585022,7.585940999908791
prepared,0,double,lookup,2,65536,39.249229431,47.584581375,55.944156647,6.279621124,6.3002853395,6.467120171,7.55276607500072
prepared,0,double,lookupApply,0,65536,54.695892334,54.8242092135,56.632423401,10.450332642,10.477778435,10.539970398,5.232426850177044
prepared,0,double,lookupApply,1,65536,54.580402374,54.817438125500004,55.067443848,10.450342178,10.473036289500001,10.514565468,5.234149544622372
prepared,0,double,lookupApply,2,65536,54.676437378,54.802083968999995,54.938220978,10.454229355,10.4783272745,10.511107445,5.230041258814854
prepared,0,double,prepared,0,65536,19.022750854,19.0510749815,19.208145142,1.183203697,1.191317558,1.260367393,15.991600940964224
prepared,0,double,prepared,1,65536,19.030380249,19.054365158,19.225788116,1.183662415,1.1911940575,1.235669136,15.996020999290455
prepared,0,double,prepared,2,65536,19.020366669,19.050502777,19.100189209,1.184521675,1.1934380535,1.209860802,15.96270767563555
prepared,0,double,vienot,0,65536,10.569763184,10.5768680575,10.921859741,1.183003426,1.186379433,1.206871033,8.915249003225092
prepared,0,double,vienot,1,65536,10.572814941,10.586690903000001,10.688400269,1.183251381,1.18626976,1.195801735,8.924353684106388
prepared,0,float,brettel,0,65536,27.494907379,27.645778655999997,28.255176544,2.241192818,2.310112953,2.373780251,11.967284378929673
prepared,0,float,brettel,1,65536,27.518081665,27.698326111,28.091239929,2.324754715,2.3389291764999998,2.354774475,11.842310741725019
prepared,0,float,brettel,2,65536,27.444458008,27.569627762000003,28.072929382,2.311918259,2.319832325,2.332139015,11.884319166041452
prepared,0,float,lookup,0,65536,30.948829651,30.9933185575,31.121921539,4.415707588,4.4293713565,4.466071129,6.9972273857819625
prepared,0,float,lookup,1,65536,30.982208252,31.029176712,31.186771393,4.414399147,4.4295806885,4.496186256,7.004991870349582
prepared,0,float,lookup,2,65536,30.908298492,31.0012340545,31.095504761,4.415248871,4.433119774,4.611028671,6.993096427558874
prepared,0,float,lookupApply,0,65536,44.363307953,44.3981170655,45.217990875,10.416387558,10.4269280435,10.48720932,4.258024691479209
prepared,0,float,lookupApply,1,65536,44.35968399,44.429254532,44.624614716,10.4123106,10.4276485445,10.486103058,4.260716530903215
prepared,0,float,lookupApply,2,65536,44.35710907,44.433450699000005,44.992828369,10.413493156,10.42598629,10.44418335,4.261798305031149
prepared,0,float,prepared,0,65536,16.54253006,16.569519043,16.649341583,0.775446892,0.7852129935000001,0.811578751,21.101941995563777
prepared,0,float,prepared,1,65536,16.554546356,16.5785312655,16.753101349,0.773488998,0.7855324745000001,0.799420357,21.10483245909396
prepared,0,float,prepared,2,65536,16.545295715,16.5742397305,16.672801971,0.773488998,0.7852845195,0.802581787,21.106031405092534
prepared,0,float,vienot,0,65536,9.167957306,9.1936588285,9.260559082,0.771186829,0.781588554,0.828570366,11.76278590755821
prepared,0,float,vienot,1,65536,9.168434143,9.1978549955,9.327411652,0.771388054,0.781626701,0.783612251,11.767580334362195
bv_direct,0,double,brettel,0,65536,17.682552338,17.848062515000002,18.516635895,4.488591194,4.498476982,4.511898041,3.9675789353633295
bv_direct,0,double,brettel,1,65536,17.697811127,17.9044723515,18.569946289,4.50371933,4.521226883000001,4.687590599,3.9600915448020437
bv_direct,0,double,brettel,2,65536,17.658805847,17.8385734555,18.539905548,4.490882874,4.508058071000001,4.554465294,3.957041629577535
bv_direct,0,double,lookup,0,65536,39.498996735,39.597892761,39.841461182,6.271814346,6.283931732,6.366065025,6.301451774110394
bv_direct,0,double,lookup,1,65536,39.468669891,39.668178558,39.846229553,6.274874687,6.29096365,6.414011955,6.305580633580676
bv_direct,0,double,lookup,2,65536,39.466571808,39.620876312,41.119861603,6.274501801,6.2888031005,6.372678757,6.300225285929192
bv_direct,0,double,lookupApply,0,65536,53.395557404,53.4840106965,53.552246094,10.467907906,10.486742973,10.610385895,5.100154627056673
bv_direct,0,double,lookupApply,1,65536,53.33147049,53.511714935499995,55.164527893,10.468576431,10.497306347,11.44165802,5.097661549221432
bv_direct,0,double,lookupApply,2,65536,53.376102448,53.515768050999995,53.824615479,10.468652725,10.4853959085,10.561776161,5.103838569187204
bv_direct,0,double,prepared,0,65536,19.013881683,19.0404415135,19.240760803,1.183031082,1.1928071975,1.236040115,15.96271514240255
bv_direct,0,double,prepared,1,65536,19.024944305,19.050741195500002,19.196128845,1.184396744,1.1881752015,1.202134132,16.033612864036872
bv_direct,0,double,prepared,2,65536,19.015407562,19.0432071685,19.250106812,1.184053421,1.1925740244999998,1.254760742,15.968155248462736
bv_direct,0,double,vienot,0,65536,4.577922821,4.5894145965,4.651451111,1.184807777,1.1886668205,1.206488609,3.8609764463430656
bv_direct,0,double,vienot,1,65536,4.575538635,4.587650299,4.609394073,1.184721947,1.188056469,1.209488869,3.861474954015843
bv_direct,0,float,brettel,0,65536,15.960884094,16.1321163175,16.9880867,2.248555183,2.311975002,2.335891724,6.977634405019401
bv_direct,0,float,brettel,1,65536,16.059494019,16.2264823915,16.885280609,2.320371628,2.3286318780000004,2.378058434,6.968247126049176
bv_direct,0,float,brettel,2,65536,15.910625458,16.129875183,16.930675507,2.305107117,2.3137617114999998,2.331431389,6.971277596491595
bv_direct,0,float,lookup,0,65536,30.86643219,30.9383869175,31.729888916,4.417272568,4.431796073999999,4.490264893,6.981004179999642
bv_direct,0,float,lookup,1,65536,30.838489532,30.914449691999998,30.977916718,4.417446136,4.4301004410000004,4.444245338,6.97827286394927
bv_direct,0,float,lookup,2,65536,30.855369568,30.9335708615,31.002998352,4.419975281,4.429083824,4.471993446,6.984191785641852
bv_direct,0,float,lookupApply,0,65536,44.341087341,44.391059874999996,44.57950592,10.408146858,10.443381786,10.506851196,4.2506403370706
bv_direct,0,float,lookupApply,1,65536,44.314479828,44.3678379055,44.508361816,10.413685799,10.428110123,10.5023489,4.254638413114119
bv_direct,0,float,lookupApply,2,65536,44.333076477,44.366121292,45.432949066,10.409455299,10.432573795,10.70441246,4.252653483578833
bv_direct,0,float,prepared,0,65536,16.544055939,16.5687561035,16.660690308,0.772715569,0.7824521065,0.800642967,21.175425263552537
bv_direct,0,float,prepared,1,65536,16.546535492,16.564893722500003,16.758918762,0.773536682,0.7826237675000001,0.79432869,21.16584546801411
bv_direct,0,float,prepared,2,65536,16.544437408,16.5791988375,16.637992859,0.771349907,0.781998634,0.791798592,21.201058565404093
bv_direct,0,float,vienot,0,65536,4.227733612,4.236507416,4.284858704,0.769906998,0.7822284695,0.805866241,5.415946339447315
bv_direct,0,float,vienot,1,65536,4.228687286,4.236936569,4.31804657,0.768473625,0.7789707185,0.786717415,5.439147413857508
bv_split,0,double,brettel,0,65536,12.246894836,12.434864044000001,13.187599182,4.482050896,4.495666980499999,4.513493538,2.7659664512376803
bv_split,0,double,brettel,1,65536,12.330913544,12.513542175000001,13.164329529,4.496263504,4.5055804255,4.547037125,2.777342982089001
bv_split,0,double,brettel,2,65536,12.21704483,12.3896121975,14.50214386,4.490818977,4.504176617000001,4.527514458,2.7506941336932034
bv_split,0,double,lookup,0,65536,39.259052277,39.491558075,40.740203857,6.274064064,6.2890634535,6.330568314,6.279402071070232
bv_split,0,double,lookup,1,65536,39.288330078,39.4808769225,39.814376831,6.271312714,6.2882089615000005,6.307253838,6.278556766199157
bv_split,0,double,lookup,2,65536,39.256763458,39.4438743595,39.75353241,6.276260376,6.304106712499999,6.364809036,6.2568538507270715
bv_split,0,double,lookupApply,0,65536,54.730129242,54.903078079,55.195999146,10.445521355,10.4585108755,10.510946274,5.249607590657613
bv_split,0,double,lookupApply,1,65536,54.595088959,54.886388778500006,55.014419556,10.447469711,10.456443310000001,10.498654366,5.249049523943721
bv_split,0,double,lookupApply,2,65536,54.782485962,54.9211502075,55.940151215,10.442588806,10.4599967005,10.610803604,5.250589630193163
bv_split,0,double,prepared,0,65536,19.016265869,19.0455913545,19.098758698,1.186757088,1.1880989075000001,1.215333939,16.030307943448722
bv_split,0,double,prepared,1,65536,19.024372101,19.046163558499998,19.104194641,1.183470726,1.187874317,1.216661453,16.033820485825018
bv_split,0,double,prepared,2,65536,19.020175934,19.0345287325,19.074344635,1.185811043,1.1904296875,1.237044334,15.989628730172273
bv_split,0,double,vienot,0,65536,4.57649231,4.5897960665,4.76102829,1.181972504,1.1869430539999999,1.242478371,3.8669050305592845
bv_split,0,double,vienot,1,65536,4.580402374,4.58855629,4.601287842,1.182268143,1.1850576400000001,1.205352783,3.8720110609978424
bv_split,0,float,brettel,0,65536,11.555290222,11.8920326235,13.008880615,2.246828079,2.316479683,2.332348824,5.133665842516264
bv_split,0,float,brettel,1,65536,11.702919006,11.9675159455,13.000392914,2.319302559,2.3317899705,2.366818428,5.132330139894132
bv_split,0,float,brettel,2,65536,11.591053009,11.9320869445,12.968444824,2.309483528,2.3180508614999997,2.35219574,5.147465546454319
bv_split,0,float,lookup,0,65536,30.905723572,30.992794037,31.170558929,4.415881157,4.428966522,4.508355141,6.99774854541111
bv_split,0,float,lookup,1,65536,30.877685547,30.9535980225,31.070709229,4.418946266,4.430632591,4.451908112,6.9862705577024
bv_split,0,float,lookup,2,65536,30.875015259,30.976867675999998,32.874965668,4.415594101,4.4295630455,4.476980209,6.993210697716436
bv_split,0,float,lookupApply,0,65536,44.368457794,44.4366931915,44.723129272,10.404805183,10.424777031,10.514040947,4.262603704554954
bv_split,0,float,lookupApply,1,65536,44.36750412,44.446897507,50.262355804,10.406763077,10.420411587,10.523572922,4.265368707935663
bv_split,0,float,lookupApply,2,65536,44.353580475,44.422721863,44.576358795,10.398960114,10.421605587,10.449007988,4.262560264074212
bv_split,0,float,prepared,0,65536,16.547870636,16.5791988375,17.584228516,0.771923065,0.785065174,0.808904648,21.11824519361497
bv_split,0,float,prepared,1,65536,16.549015045,16.56832695,16.645050049,0.773355484,0.7818369869999999,0.787777901,21.191536375855804
bv_split,0,float,prepared,2,65536,16.545963287,16.5759563445,16.673469543,0.773345947,0.7828536035,0.79475975,21.17376259161589
bv_split,0,float,vienot,0,65536,3.877353668,3.882265091,3.903961182,0.772410393,0.781894207,0.811999321,4.9652050830452055
bv_split,0,float,vienot,1,65536,3.877067566,3.8815021515,3.978538513,0.770843506,0.781545639,0.796717644,4.9664433627528695
default,1,double,brettel,0,65536,26.018428802,26.3494968415,27.484130859,4.481377602,4.494696617000001,4.532953262,5.862352698475799
default,1,double,brettel,1,65536,26.780796051,27.090406418,27.854061127,4.498818398,4.5126719474999994,4.572533607,6.00318541501958
default,1,double,brettel,2,65536,26.147937775,26.433944701999998,27.161407471,4.497872353,4.510618687,4.535455704,5.860381144206437
default,1,double,lookup,0,65536,39.265060425,39.499568939,41.090393066,6.273646355,6.2969026565,6.315259933,6.272856846250661
default,1,double,lookup,1,65536,39.242935181,39.6204471585,39.803314209,6.275144577,6.294075966,6.350675583,6.294879085115255
default,1,double,lookup,2,65536,39.244556427,39.5280838015,40.843486786,6.27159214,6.321272372999999,6.519740105,6.253184718053915
default,1,double,lookupApply,0,65536,53.474521637,54.4473171235,55.023479462,10.423656464,10.483599663,10.672816277,5.19357080332456
default,1,double,lookupApply,1,65536,53.810787201,54.556655883999994,55.047225952,10.429664612,10.4745206835,10.531412125,5.208510969856637
default,1,double,lookupApply,2,65536,53.858470917,54.626131058,55.038547516,10.43061924,10.474688053,10.553953171,5.215060418181601
default,1,double,prepared,0,65536,19.006156921,19.040489197,19.151306152,1.184921265,1.191321373,1.208847046,15.982663980124865
default,1,double,prepared,1,65536,19.017887115,19.049310683999998,19.303035736,1.18434906,1.188985348,1.28613472,16.021484803023828
default,1,double,prepared,2,65536,19.022274017,19.0396785735,19.10867691,1.185266495,1.1895828245,1.257205009,16.00534084837907
default,1,double,vienot,0,65536,25.176429749,25.3123760225,25.65870285,1.184396744,1.1867604255,1.205609322,21.3289687443323
default,1,double,vienot,1,65536,25.141811371,25.322294235500003,25.493335724,1.183842659,1.1862354275,1.201731682,21.346769493191523
default,1,float,brettel,0,65536,53.894901276,54.4990062715,55.778598785,2.247379303,2.3241271975,2.356014252,23.449235622784798
default,1,float,brettel,1,65536,54.892444611,55.6564331055,56.928157806,2.325841904,2.3363242150000003,2.352088928,23.822221568464972
default,1,float,brettel,2,65536,53.7981987,54.1140556335,55.31463623,2.316729546,2.3300728795,2.350483894,23.224190157138818
default,1,float,lookup,0,65536,30.859279633,30.9567451475,31.090164185,4.417394638,4.4340610505,4.504195213,6.981578466090179
default,1,float,lookup,1,65536,30.886173248,30.990505218499997,31.539535522,4.416640282,4.4291138645,4.502752304,6.996998985935644
default,1,float,lookup,2,65536,30.862617493,30.9678077695,31.085777283,4.416726112,4.432265282,4.448493004,6.986903039234644
default,1,float,lookupApply,0,65536,44.378089905,44.419527054,44.651603699,10.396818161,10.4269518855,10.495299339,4.260068286664964
default,1,float,lookupApply,1,65536,44.384002686,44.410562514999995,44.594669342,10.412615776,10.430146694000001,10.485108376,4.2579039219599295
default,1,float,lookupApply,2,65536,44.365310669,44.4441318515,44.643497467,10.408403397,10.419377327,10.487439156,4.265526667925807
default,1,float,prepared,0,65536,16.542816162,16.56498909,16.619968414,0.774023056,0.7890758515,0.813765526,20.992898285393796
default,1,float,prepared,1,65536,16.548442841,16.569328308499998,16.622924805,0.774147034,0.789901733,0.844682693,20.97644253237763
default,1,float,prepared,2,65536,16.550159454,16.568183898999997,16.614532471,0.774204254,0.787481308,0.792208672,21.039463071293618
default,1,float,vienot,0,65536,28.955078125,29.222583771,29.376792908,0.772304535,0.789925575,0.823431969,36.99409754013851
default,1,float,vienot,1,65536,28.778934479,28.94949913,29.4465065,0.773144722,0.7843146325,0.804519653,36.910568705984204
prepared,1,double,brettel,0,65536,30.593395233,30.750513077,31.045722961,4.494886398,4.5234537125,4.552317619,6.798016522646135
prepared,1,double,brettel,1,65536,30.620479584,30.767059326000002,31.135749817,4.507559776,4.531692028,4.576815605,6.789309409355123
prepared,1,double,brettel,2,65536,30.554008484,30.657720566000002,30.983352661,4.499756813,4.526863575,4.577418327,6.772397722632938
prepared,1,double,lookup,0,65536,39.222717285,39.6028518675,39.721488953,6.275848389,6.284954548,6.307872772,6.30121531747631
prepared,1,double,lookup,1,65536,39.343929291,39.57490921,40.049648285,6.271942139,6.2884354595000005,6.340565681,6.2932838326604434
prepared,1,double,lookup,2,65536,39.430904388,39.544343948,39.925479889,6.270737648,6.2941327094999995,6.464663506,6.282731199536682
prepared,1,double,lookupApply,0,65536,53.682899475,54.280900955,54.875850677,10.396214485,10.5081839565,10.60886097,5.16558343284652
prepared,1,double,lookupApply,1,65536,53.589344025,54.2245864865,54.712295532,10.403721809,10.4640040395,10.579157829,5.182011234113687
prepared,1,double,lookupApply,2,65536,53.680229187,54.257774353,54.83379364,10.396729469,10.4849209785,10.55305481,5.174838652981652
prepared,1,double,prepared,0,65536,19.018363953,19.0413951875,19.101428986,1.186250687,1.1908016204999998,1.207596779,15.990400802028471
prepared,1,double,prepared,1,65536,19.015407562,19.049501419000002,19.22826767,1.187387466,1.1906633375,1.202048302,15.999066082775059
prepared,1,double,prepared,2,65536,19.015407562,19.050550461,19.200325012,1.184693336,1.1917948725,1.215649605,15.9847561863042
prepared,1,double,vienot,0,65536,10.568141937,10.5919361115,10.708999634,1.184301376,1.1868472099999998,1.213739395,8.924431065983635
prepared,1,double,vienot,1,65536,10.567092896,10.5797290805,10.616397858,1.184904099,1.1883468625,1.238036156,8.902896464288851
prepared,1,float,brettel,0,65536,27.453041077,27.6718616485,28.13129425,2.262711525,2.323847294,2.342624664,11.907779706500799
prepared,1,float,brettel,1,65536,27.475261688,27.6765823365,28.12871933,2.32339859,2.3386611935,2.350819588,11.834370200105687
prepared,1,float,brettel,2,65536,27.35748291,27.567243576,28.243923187,2.31211853,2.3274674415,2.357563019,11.844309004912883
prepared,1,float,lookup,0,65536,30.869960785,30.975151062000002,31.082344055,4.413004875,4.4292893410000005,4.498315811,6.993255278059289
prepared,1,float,lookup,1,65536,30.918502808,31.003332137999998,32.757663727,4.416395187,4.4317674635,4.477226257,6.995703721673843
prepared,1,float,lookup,2,65536,30.877399445,30.981302261499998,31.063747406,4.417770386,4.4305496215,4.63548851,6.992654390136593
prepared,1,float,lookupApply,0,65536,44.37046051,44.4456577305,53.567790985,10.402165413,10.42716074,10.46774292,4.2624889784234785
prepared,1,float,lookupApply,1,65536,44.367790222,44.401073456,44.613647461,10.399224281,10.430240631,10.490427971,4.256955810207711
prepared,1,float,lookupApply,2,65536,44.350528717,44.448566437,44.582653046,10.415719032,10.430341244000001,11.486697197,4.261468095549492
prepared,1,float,prepared,0,65536,16.545772552,16.5702819825,16.654205322,0.772151947,0.789018631,0.797299385,21.001128910604898
prepared,1,float,prepared,1,65536,16.549777985,16.565656662000002,16.69921875,0.774691582,0.787118435,0.805609703,21.04595182299345
prepared,1,float,prepared,2,65536,16.546344757,16.572332382,16.604995728,0.775341034,0.786549568,0.807404518,21.0696605226538
prepared,1,float,vienot,0,65536,9.170913696,9.1867923735,9.309101105,0.772571564,0.7857522965,0.810270309,11.691715588259816
prepared,1,float,vienot,1,65536,9.168148041,9.1888427735,9.248733521,0.77285862,0.7862586975,0.794243813,11.686793167079719
bv_direct,1,double,brettel,0,65536,17.7069664,17.8547382355,18.570232391,4.492393494,4.5077371594999995,4.537341118,3.9609093440311542
bv_direct,1,double,brettel,1,65536,17.743301392,17.9179668425,18.590831757,4.50014019,4.5174646375,4.545412064,3.9663767799665486
bv_direct,1,double,brettel,2,65536,17.709445953,17.8938388825,18.544006348,4.499365807,4.518386841,4.540807724,3.960227291769417
bv_direct,1,double,lookup,0,65536,39.437389374,46.137714386,50.536251068,6.271692276,6.3003125195,6.484386444,7.323083457082466
bv_direct,1,double,lookup,1,65536,39.432525635,44.857597351,50.409126282,6.276563644,6.287409305500001,6.333966255,7.134512033717955
bv_direct,1,double,lookup,2,65536,39.400005341,45.0837135315,50.351047516,6.274013519,6.2916550635,6.419333458,7.165636557707325
bv_direct,1,double,lookupApply,0,65536,53.596878052,54.1580200195,54.788017273,10.457609177,10.478708743999999,10.591984749,5.168386806295225
bv_direct,1,double,lookupApply,1,65536,53.514671326,54.5766830445,54.705047607,10.448182106,10.478545665999999,10.703398705,5.208421548572942
bv_direct,1,double,lookupApply,2,65536,53.547000885,54.219055176,54.70905304,10.457772255,10.4773659705,10.541306496,5.174874613396039
bv_direct,1,double,prepared,0,65536,19.009971619,19.0480232235,19.106960297,1.184340477,1.187047958,1.199144363,16.04654900008682
bv_direct,1,double,prepared,1,65536,19.034671783,19.059801102,19.116306305,1.183576584,1.191809177,1.227835655,15.99232617924371
bv_direct,1,double,prepared,2,65536,19.018650055,19.045972824499998,19.318771362,1.184826851,1.1900992394999999,1.204474449,16.00368456037485
bv_direct,1,double,vienot,0,65536,4.581642151,4.5894622805,4.648017883,1.183481216,1.186059475,1.2003479,3.8695043353538408
bv_direct,1,double,vienot,1,65536,4.57572937,4.59113121,5.33952713,1.185314178,1.1896934510000001,1.226517677,3.859087570954444
bv_direct,1,float,brettel,0,65536,15.998363495,16.1721229555,17.035388947,2.249042511,2.31328392,2.350160599,6.990980577732111
bv_direct,1,float,brettel,1,65536,16.004180908,16.226911545,16.923046112,2.319673538,2.3267178535,2.37563324,6.974163850846989
bv_direct,1,float,brettel,2,65536,15.942192078,16.1479949955,16.904163361,2.30978775,2.3215742109999997,2.477993011,6.955623007435277
bv_direct,1,float,lookup,0,65536,30.886173248,30.9747219085,31.07509613,4.417674065,4.4286537169999995,4.453329086,6.994162083524221
bv_direct,1,float,lookup,1,65536,30.871200562,30.9654712675,31.032943726,4.420320511,4.428940773,4.455229759,6.991620085839427
bv_direct,1,float,lookup,2,65536,30.881786346,30.9791088105,31.12411499,4.415640831,4.429699898,4.459899902,6.993500581040942
bv_direct,1,float,lookupApply,0,65536,44.325447083,44.390058517499995,44.686889648,10.404179573,10.4232826235,10.600246429,4.258740755759571
bv_direct,1,float,lookupApply,1,65536,44.338512421,44.419002533,44.561767578,10.403234482,10.430894852,10.488441467,4.258407659481217
bv_direct,1,float,lookupApply,2,65536,44.315910339,44.410276413,44.666576385,10.401152611,10.422771930500002,10.482910156,4.2608892057824725
bv_direct,1,float,prepared,0,65536,16.551017761,16.5635108945,16.788101196,0.771435738,0.7833600045,0.795953751,21.144187601295897
bv_direct,1,float,prepared,1,65536,16.547584534,16.564416885500002,16.683006287,0.771502495,0.782767773,0.830164909,21.161342427289735
bv_direct,1,float,prepared,2,65536,16.54882431,16.560554504499997,16.605949402,0.772094727,0.7826247215,0.797060966,21.16027522457965
bv_direct,1,float,vienot,0,65536,4.233837128,4.2410850525,4.30316925,0.770824432,0.7854704859999999,0.807155609,5.3994200012500535
bv_direct,1,float,vienot,1,65536,4.225635529,4.2392730714999995,4.396724701,0.771883965,0.783536434,0.791530609,5.410435159802664
bv_split,1,double,brettel,0,65536,12.254905701,12.470674514999999,13.13123703,4.487914085,4.5009703635000005,4.523053169,2.770663547605027
bv_split,1,double,brettel,1,65536,12.36000061,12.5096321105,13.18321228,4.502966881,4.524886131,4.547025681,2.764629152719777
bv_split,1,double,brettel,2,65536,12.24899292,12.424182892000001,13.079738617,4.505325317,4.515645504,4.56342411,2.7513636491160667
bv_split,1,double,lookup,0,65536,39.319610596,39.573287964,39.792060852,6.272982597,6.291639805,6.325083733,6.2898209672700744
bv_split,1,double,lookup,1,65536,39.270782471,39.521074295,39.956283569,6.275045395,6.2909383775,6.350833893,6.282222448140647
bv_split,1,double,lookup,2,65536,39.281845093,39.5644664765,39.761924744,6.26858902,6.2924709320000005,6.358111382,6.2875882787629855
bv_split,1,double,lookupApply,0,65536,53.876399994,54.403781890999994,55.037117004,10.428469658,10.458993912,10.690551758,5.201626690745127
bv_split,1,double,lookupApply,1,65536,53.91960144,54.437112808500004,55.031585693,10.429328918,10.4493050575,10.494485855,5.209639541476273
bv_split,1,double,lookupApply,2,65536,51.968002319,54.9011707305,70.383644104,10.430016518,10.452886105000001,10.520569801,5.2522499699139304
bv_split,1,double,prepared,0,65536,19.026184082,19.0567493435,19.212436676,1.182792664,1.19427824,1.376022339,15.956708165008516
bv_split,1,double,prepared,1,65536,19.025230408,19.0494537355,19.123458862,1.182917595,1.1896123885,1.21356678,16.013160185327035
bv_split,1,double,prepared,2,65536,19.020843506,19.056463241499998,19.093418121,1.184970856,1.1911931034999999,1.236317635,15.997795139602234
bv_split,1,double,vienot,0,65536,4.579639435,4.5946121215,4.632472992,1.184493065,1.185902119,1.212228775,3.8743603269503892
bv_split,1,double,vienot,1,65536,4.576683044,4.5904159545,4.624557495,1.183815002,1.1859784125,1.195658684,3.8705729430804463
bv_split,1,float,brettel,0,65536,11.59696579,11.911535263,13.102149963,2.247581482,2.303537369,2.335394859,5.170975484617806
bv_split,1,float,brettel,1,65536,11.731052399,11.9863986965,12.992668152,2.319444656,2.327305317,2.344200134,5.150333567729309
bv_split,1,float,brettel,2,65536,11.551380157,11.897563934499999,12.96377182,2.311459541,2.3199505805,2.333436966,5.12836955860319
bv_split,1,float,lookup,0,65536,30.875778198,30.965185165,31.046772003,4.421027184,4.4315195085,4.464332581,6.987487047186944
bv_split,1,float,lookup,1,65536,30.90429306,30.9732437135,31.066036224,4.419126511,4.429121971,4.480922699,6.993088904821222
bv_split,1,float,lookup,2,65536,30.883693695,30.9876441955,31.46238327,4.417359352,4.428811550000001,4.480301857,6.9968306047025175
bv_split,1,float,lookupApply,0,65536,44.337654114,44.43025589,46.350955963,10.409682274,10.4303450585,10.483416557,4.259711029770051
bv_split,1,float,lookupApply,1,65536,44.357585907,44.422197342000004,44.725894928,10.399529457,10.422093391,10.486272812,4.262310427995281
bv_split,1,float,lookupApply,2,65536,44.378852844,44.461488724,45.11680603,10.402565956,10.4286694525,11.277068138,4.26339035161782
bv_split,1,float,prepared,0,65536,16.553211212,16.580486298,16.610145569,0.773068428,0.7839708329999999,0.799706459,21.14936627750793
bv_split,1,float,prepared,1,65536,16.554450989,16.5750980375,16.618537903,0.772333145,0.7834939955,0.793804169,21.15536064436884
bv_split,1,float,prepared,2,65536,16.554737091,16.566801071500002,16.662502289,0.772007942,0.7840433124999999,0.819667816,21.12995647992343
bv_split,1,float,vienot,0,65536,3.877353668,3.8816928864999998,3.907299042,0.772496223,0.7826766965,0.82596302,4.95950997884348
bv_split,1,float,vienot,1,65536,3.878688812,3.8834571835,3.930473328,0.771453857,0.782982826,0.795064926,4.959824219056371
default,2,double,brettel,0,65536,26.132392883,26.310300827,27.149581909,4.482548714,4.49671793,4.524230957,5.851000938144234
default,2,double,brettel,1,65536,26.70211792,26.9946575165,28.012561798,4.492303848,4.508591652,4.525109291,5.987381337701151
default,2,double,brettel,2,65536,26.267719269,26.4001846315,27.286338806,4.491718292,4.507148266,4.527651787,5.857403190095101
default,2,double,lookup,0,65536,39.38741684,39.508199691499996,39.631080627,6.268440247,6.282574653499999,6.366199493,6.288536447313065
default,2,double,lookup,1,65536,39.356613159,39.518594741499996,39.707279205,6.268669128,6.2865486145,6.372217178,6.286214768203634
default,2,double,lookup,2,65536,39.369869232,39.468431473,40.966129303,6.270273209,6.299595356,6.369571686,6.2652328034702425
default,2,double,lookupApply,0,65536,54.773521423,54.9041748045,55.055236816,10.44998455,10.461409569,10.534492493,5.248257841581501
default,2,double,lookupApply,1,65536,54.752922058,54.9306869505,55.134296417,10.451264381,10.468871593500001,10.54120636,5.247049451309137
default,2,double,lookupApply,2,65536,54.808330536,54.9568653105,56.142139435,10.446508408,10.462954998,10.516287804,5.252518559145579
default,2,double,prepared,0,65536,19.012451172,19.0408706665,19.108581543,1.183233261,1.188328266,1.557159424,16.02324139826528
default,2,double,prepared,1,65536,19.014644623,19.0370082855,19.989585876,1.183691978,1.1868386265,1.199442863,16.040098342299782
default,2,double,prepared,2,65536,19.013214111,19.0531253815,19.151496887,1.181494713,1.1870489119999998,1.209547043,16.050834290727188
default,2,double,vienot,0,65536,25.36277771,25.404500961,25.568199158,1.182555199,1.189664841,1.200395584,21.354334502855163
default,2,double,vienot,1,65536,25.375366211,25.409078598,25.563526154,1.18347168,1.1889977455,1.214198112,21.37016549792945
default,2,float,brettel,0,65536,54.081726074,54.3322086335,55.401420593,2.253218651,2.8471932410000003,3.395427704,19.082726051434875
default,2,float,brettel,1,65536,53.905677795,54.9530506135,56.344223022,2.322892189,2.3347129825,2.368051529,23.537390259704008
default,2,float,brettel,2,65536,53.59172821,53.834390640500004,55.156993866,2.314621925,2.3220767975000003,2.344211578,23.183725317982294
default,2,float,lookup,0,65536,30.871772766,30.926370620500002,31.084251404,4.415240288,4.427528381,4.488631248,6.985019170789591
default,2,float,lookup,1,65536,30.859088898,30.9629917145,32.100582123,4.415642738,4.4253697395,4.497915268,6.996701640120663
default,2,float,lookup,2,65536,30.871200562,30.932426452500003,30.968856812,4.415834427,4.426196575500001,4.446608543,6.988489084221424
default,2,float,lookupApply,0,65536,44.352245331,44.416475296,45.362949371,10.39202404,10.42186594,10.467616081,4.261854408002489
default,2,float,lookupApply,1,65536,44.359207153,44.421482086,44.549274445,10.397305489,10.420348167,10.479182243,4.262955649282193
default,2,float,lookupApply,2,65536,44.362068176,44.4095611575,44.598579407,10.404397011,10.423069477,10.469407082,4.260698948183745
default,2,float,prepared,0,65536,16.540813446,16.5649414065,16.613674164,0.771674156,0.7841148375,0.93196106,21.125657383699235
default,2,float,prepared,1,65536,16.539287567,16.567134857,16.653156281,0.776240349,0.7831311224999999,0.796584129,21.154994841875922
default,2,float,prepared,2,65536,16.550254822,16.56832695,16.638946533,0.772935867,0.783389568,0.788092613,21.1495373780622
default,2,float,vienot,0,65536,28.775501251,28.921222687,29.931735992,0.773135185,0.7841053005,0.821885109,36.88436064461982
default,2,float,vienot,1,65536,29.205036163,29.2625427245,30.445671082,0.771713257,0.7831020360000001,0.787223816,37.36747113309765
prepared,2,double,brettel,0,65536,30.538272858,30.683851242000003,31.051921844,4.485939026,4.504123688,4.671536446,6.812390903861876
prepared,2,double,brettel,1,65536,30.563831329,30.755567551,31.121635437,4.492384911,4.509773731499999,4.54604435,6.819758458429436
prepared,2,double,brettel,2,65536,30.510520935,30.685806274500003,30.997562408,4.496779442,4.509720802,4.532299042,6.804369410383734
prepared,2,double,lookup,0,65536,39.423465729,39.535665512,39.778804779,6.270424843,6.2850956915000005,6.347072601,6.290384021593858
prepared,2,double,lookup,1,65536,39.332866669,39.4907951355,39.750576019,6.265696526,6.2857494355,6.344751358,6.282591366507232
prepared,2,double,lookup,2,65536,39.419078827,39.5186901095,39.791584015,6.274655342,6.2895512579999995,6.480444908,6.283228880476039
prepared,2,double,lookupApply,0,65536,53.369998932,54.0987491605,55.760097504,10.449151993,10.460063457499999,10.513497353,5.171933170415951
prepared,2,double,lookupApply,1,65536,53.271102905,54.196405411,54.893302917,10.451786995,10.465775013,10.538837433,5.178441667595592
prepared,2,double,lookupApply,2,65536,53.416538239,54.044342041,54.895496368,10.451806068,10.465359688,14.663417816,5.164117015774375
prepared,2,double,prepared,0,65536,19.009685516,19.0317630765,19.109153748,1.183586121,1.188442707,1.21005249,16.014034975688563
prepared,2,double,prepared,1,65536,19.011974335,19.0422058105,19.16179657,1.181580544,1.1881661415,1.200263023,16.026551460606488
prepared,2,double,prepared,2,65536,19.025230408,19.061374664,19.159889221,1.185123444,1.1891689300000001,1.214130402,16.029156315074594
prepared,2,double,vienot,0,65536,10.565376282,10.5766773225,10.622882843,1.184464455,1.1876597405,1.282468796,8.905477690139822
prepared,2,double,vienot,1,65536,10.562896729,10.571193695,10.599422455,1.184101105,1.1898999215,1.233481407,8.884103195564418
prepared,2,float,brettel,0,65536,27.44846344,27.604198456,28.090000153,2.28748703,2.327252865,2.340256691,11.861280254992831
prepared,2,float,brettel,1,65536,27.502059937,27.663040161,28.083229065,2.322710991,2.3336529735,2.345510483,11.853964781880626
prepared,2,float,brettel,2,65536,27.392578125,27.578163147,27.979564667,2.310620308,2.3206057545,2.329454422,11.88403635280221
prepared,2,float,lookup,0,65536,30.861568451,30.9170246125,30.989837646,4.414133072,4.429424763,4.799951553,6.979918672681155
prepared,2,float,lookup,1,65536,30.858421326,30.9179782865,32.039833069,4.413731575,4.427055359000001,4.481534958,6.983869813971304
prepared,2,float,lookup,2,65536,30.876350403,30.910587311,31.044483185,4.415060043,4.423398018,4.475776672,6.987973314907788
prepared,2,float,lookupApply,0,65536,44.31219101,44.3893432615,44.747543335,10.397909164,10.411089897,10.559983253,4.26365958806013
prepared,2,float,lookupApply,1,65536,44.334602356,44.41614151,44.547557831,10.398625374,10.417451382,10.597280502,4.263628394440632
prepared,2,float,lookupApply,2,65536,44.305992126,44.416809082,44.486904144,10.399237633,10.414657116,10.475684166,4.264836430741691
prepared,2,float,prepared,0,65536,16.544532776,16.567039489499997,16.692829132,0.773574829,0.784248829,0.808283806,21.12472327261836
prepared,2,float,prepared,1,65536,16.552257538,16.5748119355,16.644763947,0.774062157,0.7836084365,0.831607819,21.15190593089027
prepared,2,float,prepared,2,65536,16.54624939,16.562795639,16.629219055,0.773814201,0.783952236,0.802343369,21.127301994199556
prepared,2,float,vienot,0,65536,9.169960022,9.18006897,9.21869278,0.773365021,0.7832741735,0.79703331,11.720122124006176
prepared,2,float,vienot,1,65536,9.164619446,9.1786384585,9.196376801,0.773441315,0.783240795,0.793354988,11.718795186734368
bv_direct,2,double,brettel,0,65536,17.708301544,17.882966995,18.59331131,4.484946251,4.498870372500001,4.968728065,3.9749905007959856
bv_direct,2,double,brettel,1,65536,17.757320404,17.952871322500002,18.670463562,4.489309311,4.5018987655,4.514105797,3.9878442980727664
bv_direct,2,double,brettel,2,65536,17.636013031,17.8949832915,18.667030334,4.497961998,4.5094614024999995,4.535058975,3.9683194275882268
bv_direct,2,double,lookup,0,65536,39.383983612,39.4920825955,39.717483521,6.268764496,6.2806973455,6.31298542,6.287849966818625
bv_direct,2,double,lookup,1,65536,39.315032959,39.477396010999996,39.581489563,6.266471863,6.281899929,6.759899139,6.284308323466768
bv_direct,2,double,lookup,2,65536,39.345932007,39.476203918500005,39.588356018,6.270738602,6.284139633500001,6.360203743,6.281878860243184
bv_direct,2,double,lookupApply,0,65536,54.426765442,54.7135829925,54.846858978,10.418030739,10.442946911,10.525222778,5.239285755141382
bv_direct,2,double,lookupApply,1,65536,54.514980316,54.684877396000005,54.876613617,10.421115875,10.443054198999999,11.010822296,5.236483154634637
bv_direct,2,double,lookupApply,2,65536,54.59280014,54.705142975,54.895973206,10.417629242,10.446082592,10.508327484,5.236905078358776
bv_direct,2,double,prepared,0,65536,19.024467468,19.0522193905,19.131469727,1.182897568,1.1857066155,1.201724052,16.068240778487922
bv_direct,2,double,prepared,1,65536,19.018173218,19.039916992,19.16437149,1.182735443,1.1872777939999999,1.262946129,16.036615093973534
bv_direct,2,double,prepared,2,65536,19.017601013,19.038438796999998,20.452594757,1.182516098,1.1857061385,1.199212074,16.056624975463933
bv_direct,2,double,vienot,0,65536,4.575157166,4.5885562895,4.65555191,1.185486794,1.1886048315000002,1.265095711,3.860455693848489
bv_direct,2,double,vienot,1,65536,4.576873779,4.5882701875,4.646778107,1.185495377,1.1879606245,1.265516281,3.862308306246391
bv_direct,2,float,brettel,0,65536,15.952396393,16.161298752,16.874790192,2.239988327,2.3141250610000004,2.346112251,6.9837620379152
bv_direct,2,float,brettel,1,65536,16.051006317,16.255569458,16.913509369,2.32336998,2.332640171,2.353016853,6.968742826301948
bv_direct,2,float,brettel,2,65536,16.003704071,16.1820411685,16.879272461,2.311049461,2.317372799,2.338440895,6.982925308989095
bv_direct,2,float,lookup,0,65536,30.87015152,30.9665679935,31.058120728,4.409062386,4.429166794,4.503139496,6.991510917007926
bv_direct,2,float,lookup,1,65536,30.878829956,30.9820652005,31.139945984,4.411629677,4.426267623999999,4.505784035,6.999591491601143
bv_direct,2,float,lookup,2,65536,30.872631073,30.983734130499997,31.147766113,4.411705971,4.423421383,4.451851845,7.004472657652746
bv_direct,2,float,lookupApply,0,65536,44.379711151,44.4481372835,44.554042816,10.406477928,10.434525489999999,10.547289848,4.259718118097195
bv_direct,2,float,lookupApply,1,65536,44.375514984,44.435024261500004,44.491577148,10.404462814,10.4216332435,10.503637314,4.263729419687096
bv_direct,2,float,lookupApply,2,65536,44.355964661,44.431877136,44.633102417,10.415178299,10.426158905000001,10.487772942,4.2615768223801105
bv_direct,2,float,prepared,0,65536,16.541481018,16.568136215000003,16.73002243,0.774529457,0.7855377195,0.821751595,21.091458505068008
bv_direct,2,float,prepared,1,65536,16.552066803,16.5687561035,16.643047333,0.774988174,0.785953522,0.839944839,21.081088944468142
bv_direct,2,float,prepared,2,65536,16.550540924,16.5720939635,16.63646698,0.77322197,0.784263134,0.788149834,21.130782826647565
bv_direct,2,float,vienot,0,65536,4.226207733,4.2472839355000005,4.29725647,0.771951675,0.7818126679999999,0.789945602,5.432610789442978
bv_direct,2,float,vienot,1,65536,4.226398468,4.2346954345,4.257011414,0.772686005,0.7824668885,0.834386826,5.411980362029083
bv_split,2,double,brettel,0,65536,12.238883972,12.412405014,13.048648834,4.48093605,4.4980702400000006,4.636886597,2.7594955951599367
bv_split,2,double,brettel,1,65536,12.342643738,12.564134598,13.151168823,4.49492836,4.5139226914999995,4.556772232,2.783418205557454
bv_split,2,double,brettel,2,65536,12.241840363,12.432336807,13.11378479,4.492530823,4.516311169,4.566617012,2.752763558971683
bv_split,2,double,lookup,0,65536,39.421367645,39.5580768585,39.739894867,6.272155762,6.290460587,6.337491989,6.288581942672301
bv_split,2,double,lookup,1,65536,39.282035828,39.442539215,40.783786774,6.266931534,6.2870254515,6.341503143,6.273640773251448
bv_split,2,double,lookup,2,65536,39.265346527,39.4639015195,39.793682098,6.272219658,6.2961182595,6.378221512,6.267973359609987
bv_split,2,double,lookupApply,0,65536,54.807281494,55.018568039,55.254936218,10.417315483,10.4323172565,10.496208191,5.273858787674419
bv_split,2,double,lookupApply,1,65536,54.786682129,55.100202560499994,55.353832245,10.414679527,10.4377179145,11.159445763,5.278951109030759
bv_split,2,double,lookupApply,2,65536,54.792881012,55.048227310499996,55.37071228,10.409216881,10.4389457705,10.503529549,5.273351210048801
bv_split,2,double,prepared,0,65536,19.01884079,19.041585922499998,20.144367218,1.183501244,1.1900134085,1.203194618,16.001152412645272
bv_split,2,double,prepared,1,65536,19.024944305,19.0442085265,19.121932983,1.183042526,1.1896891594999999,1.207483292,16.00771796097046
bv_split,2,double,prepared,2,65536,19.017791748,19.036340713500003,19.146251678,1.183682442,1.1879076955,1.201264381,16.025100927970207
bv_split,2,double,vienot,0,65536,4.576396942,4.592466354,4.641437531,1.184131622,1.187520504,1.204064369,3.867273313202514
bv_split,2,double,vienot,1,65536,4.578113556,4.5925140385,4.65555191,1.184103012,1.1864323615,1.203433037,3.8708603941767983
bv_split,2,float,brettel,0,65536,11.65895462,11.9315624235,13.048839569,2.250963211,2.304330826,2.342226028,5.1778860434773355
bv_split,2,float,brettel,1,65536,11.742401123,11.9944095615,13.051986694,2.321165085,2.334689617,2.353334427,5.137475009167353
bv_split,2,float,brettel,2,65536,11.638355255,11.933422089,12.978076935,2.312339783,2.321026325,2.340304375,5.141441939052544
bv_split,2,float,lookup,0,65536,30.962657928,30.9978485105,31.088256836,4.415613174,4.425600052,4.516447067,7.004213698996947
bv_split,2,float,lookup,1,65536,30.949211121,31.002473831000003,31.180667877,4.415336609,4.427223205500001,4.487829208,7.002690488359656
bv_split,2,float,lookup,2,65536,30.951881409,31.019449234,31.113529205,4.414211273,4.42597723,4.539023399,7.008497247510693
bv_split,2,float,lookupApply,0,65536,44.376277924,44.4415569305,44.525814056,10.396504402,10.420935630999999,10.481954575,4.264641727398844
bv_split,2,float,lookupApply,1,65536,44.376468658,44.440460205,44.649124146,10.403973579,10.4200553895,10.474791527,4.264896734597151
bv_split,2,float,lookupApply,2,65536,44.357013702,44.429874420000004,44.578170776,10.402976036,10.4225211145,10.476252556,4.262872095139088
bv_split,2,float,prepared,0,65536,16.551113129,16.577100753499998,16.647529602,0.772247314,0.783293724,0.788703918,21.16332640691501
bv_split,2,float,prepared,1,65536,16.545009613,16.5685653685,16.65763855,0.772801399,0.783078194,0.832295418,21.15825149448613
bv_split,2,float,prepared,2,65536,16.544628143,16.563606262,16.64981842,0.775800705,0.7839570044999999,0.788579941,21.12820749980301
bv_split,2,float,vienot,0,65536,3.876876831,3.8818836215,3.900718689,0.771990776,0.7815122605,0.786392212,4.967143597998614
bv_split,2,float,vienot,1,65536,3.876304626,3.882598877,3.911590576,0.771407127,0.7820181850000001,0.796401978,4.964844745905748
