variant,scalar,mode,deficiency,n,block,reverse,samples,min_ns,median_ns,max_ns
index,double,brettel,0,1024,0,0,9,3.778076172,3.784179688,3.784179688
index,double,brettel,0,1024,0,1,9,3.778076172,3.784179688,5.438232422
index,double,brettel,0,1024,1,0,9,3.778076172,3.784179688,4.840087891
index,double,brettel,0,1024,1,1,9,3.784179688,3.857421875,4.187011719
index,double,brettel,0,1024,2,0,9,3.765869141,3.778076172,4.870605469
index,double,brettel,0,1024,2,1,9,3.80859375,3.814697266,3.820800781
index,double,brettel,0,65536,0,0,9,3.858184814,3.904151917,3.919124603
index,double,brettel,0,65536,0,1,9,3.845310211,3.852462769,3.912639618
index,double,brettel,0,65536,1,0,9,3.848934174,3.869915009,3.91254425
index,double,brettel,0,65536,1,1,9,3.852272034,3.870296478,3.885555267
index,double,brettel,0,65536,2,0,9,3.847694397,3.861045837,3.877258301
index,double,brettel,0,65536,2,1,9,3.849506378,3.859329224,3.904914856
index,double,brettel,0,8191,0,0,9,3.780826517,3.857129777,3.882309852
index,double,brettel,0,8191,0,1,9,3.809058723,3.910542058,4.578195581
index,double,brettel,0,8191,1,0,9,3.780063484,3.854077646,3.882309852
index,double,brettel,0,8191,1,1,9,3.791508973,3.84644732,4.570565255
index,double,brettel,0,8191,2,0,9,3.785404712,3.8670492,3.950219753
index,double,brettel,0,8191,2,1,9,3.783878647,3.860181907,4.531650592
index,double,brettel,1,1024,0,0,9,3.778076172,3.790283203,6.109619141
index,double,brettel,1,1024,0,1,9,3.778076172,3.790283203,4.559326172
index,double,brettel,1,1024,1,0,9,3.778076172,3.784179688,3.784179688
index,double,brettel,1,1024,1,1,9,3.778076172,3.778076172,4.937744141
index,double,brettel,1,1024,2,0,9,3.778076172,3.778076172,3.967285156
index,double,brettel,1,1024,2,1,9,3.80859375,3.80859375,5.242919922
index,double,brettel,1,65536,0,0,9,3.847408295,3.854560852,3.934001923
index,double,brettel,1,65536,0,1,9,3.846645355,3.858852386,3.919506073
index,double,brettel,1,65536,1,0,9,3.846645355,3.860378265,3.894615173
index,double,brettel,1,65536,1,1,9,3.851604462,3.866100311,3.896141052
index,double,brettel,1,65536,2,0,9,3.847312927,3.855514526,3.91330719
index,double,brettel,1,65536,2,1,9,3.849601746,3.869724274,3.897380829
index,double,brettel,1,8191,0,0,9,3.780063484,3.78464168,4.324105726
index,double,brettel,1,8191,0,1,9,3.835001831,3.914357221,3.954034916
index,double,brettel,1,8191,1,0,9,3.774722256,3.783878647,3.888414113
index,double,brettel,1,8191,1,1,9,3.824319375,3.895281406,3.918172384
index,double,brettel,1,8191,2,0,9,3.778537419,3.782352582,3.942589427
index,double,brettel,1,8191,2,1,9,3.780063484,3.859418874,3.950219753
index,double,brettel,2,1024,0,0,9,3.814697266,3.814697266,24.938964844
index,double,brettel,2,1024,0,1,9,3.778076172,3.784179688,3.790283203
index,double,brettel,2,1024,1,0,9,3.80859375,3.814697266,6.93359375
index,double,brettel,2,1024,1,1,9,3.778076172,3.790283203,4.791259766
index,double,brettel,2,1024,2,0,9,3.80859375,3.80859375,3.820800781
index,double,brettel,2,1024,2,1,9,3.814697266,3.814697266,14.959716797
index,double,brettel,2,65536,0,0,9,3.831100464,3.846168518,3.890991211
index,double,brettel,2,65536,0,1,9,3.842926025,3.860855103,3.877544403
index,double,brettel,2,65536,1,0,9,3.83644104,3.854942322,3.90253067
index,double,brettel,2,65536,1,1,9,3.849411011,3.857898712,3.891468048
index,double,brettel,2,65536,2,0,9,3.828620911,3.852272034,3.867053986
index,double,brettel,2,65536,2,1,9,3.841876984,3.853034973,3.880405426
index,double,brettel,2,8191,0,0,9,3.779300452,3.856366744,3.875442559
index,double,brettel,2,8191,0,1,9,3.828897571,3.913594189,3.96395434
index,double,brettel,2,8191,1,0,9,3.780826517,3.839580027,3.870101331
index,double,brettel,2,8191,1,1,9,3.782352582,3.861707972,4.009736296
index,double,brettel,2,8191,2,0,9,3.780063484,3.859418874,3.954034916
index,double,brettel,2,8191,2,1,9,3.791508973,3.861707972,3.98455622
index,double,lookup,0,1024,0,0,9,8.386230469,8.3984375,9.014892578
index,double,lookup,0,1024,0,1,9,8.386230469,8.3984375,9.039306641
index,double,lookup,0,1024,1,0,9,8.514404297,8.532714844,9.948730469
index,double,lookup,0,1024,1,1,9,8.392333984,8.404541016,11.566162109
index,double,lookup,0,1024,2,0,9,8.380126953,8.386230469,9.832763672
index,double,lookup,0,1024,2,1,9,8.380126953,8.3984375,9.875488281
index,double,lookup,0,65536,0,0,9,8.517837524,8.554553986,8.626365662
index,double,lookup,0,65536,0,1,9,8.518314362,8.548164368,8.595466614
index,double,lookup,0,65536,1,0,9,8.53767395,8.569431305,9.169101715
index,double,lookup,0,65536,1,1,9,8.528804779,8.563423157,8.632850647
index,double,lookup,0,65536,2,0,9,8.519935608,8.540439606,8.644485474
index,double,lookup,0,65536,2,1,9,8.512496948,8.563041687,8.611297607
index,double,lookup,0,8191,0,0,9,8.55664754,8.610822854,8.954187523
index,double,lookup,0,8191,0,1,9,8.491789769,8.525363204,8.606244659
index,double,lookup,0,8191,1,0,9,8.513154682,8.565040899,8.762666341
index,double,lookup,0,8191,1,1,9,8.513154682,8.557410573,8.930533512
index,double,lookup,0,8191,2,0,9,8.535282627,8.566566964,8.652026615
index,double,lookup,0,8191,2,1,9,8.541386888,8.552832377,8.690178244
index,double,lookup,1,1024,0,0,9,8.386230469,8.3984375,9.722900391
index,double,lookup,1,1024,0,1,9,8.374023438,8.380126953,9.704589844
index,double,lookup,1,1024,1,0,9,8.386230469,8.392333984,26.623535156
index,double,lookup,1,1024,1,1,9,8.502197266,8.673095703,9.790039062
index,double,lookup,1,1024,2,0,9,8.374023438,8.386230469,10.101318359
index,double,lookup,1,1024,2,1,9,8.380126953,8.386230469,10.076904297
index,double,lookup,1,65536,0,0,9,8.53099823,8.575630188,8.591938019
index,double,lookup,1,65536,0,1,9,8.525753021,8.55550766,8.642482758
index,double,lookup,1,65536,1,0,9,8.530426025,8.546066284,8.588600159
index,double,lookup,1,65536,1,1,9,8.532524109,8.565235138,8.663654327
index,double,lookup,1,65536,2,0,9,8.52766037,8.55550766,8.668804169
index,double,lookup,1,65536,2,1,9,8.524799347,8.548355103,8.579063416
index,double,lookup,1,8191,0,0,9,8.531467464,8.588694909,8.658893908
index,double,lookup,1,8191,0,1,9,8.503998291,8.588694909,8.654315712
index,double,lookup,1,8191,1,0,9,8.493315834,8.537571725,9.111372238
index,double,lookup,1,8191,1,1,9,8.527652301,8.554358442,8.660419973
index,double,lookup,1,8191,2,0,9,8.533756562,8.540623855,8.780979123
index,double,lookup,1,8191,2,1,9,8.520785008,8.668050299,8.768007569
index,double,lookup,2,1024,0,0,9,8.380126953,8.392333984,9.924316406
index,double,lookup,2,1024,0,1,9,8.374023438,8.386230469,9.924316406
index,double,lookup,2,1024,1,0,9,8.374023438,8.386230469,9.649658203
index,double,lookup,2,1024,1,1,9,8.3984375,8.410644531,9.991455078
index,double,lookup,2,1024,2,0,9,8.380126953,8.392333984,9.735107422
index,double,lookup,2,1024,2,1,9,8.380126953,8.386230469,193.591308594
index,double,lookup,2,65536,0,0,9,8.524894714,8.591270447,8.737468719
index,double,lookup,2,65536,0,1,9,8.520030975,8.543205261,8.648967743
index,double,lookup,2,65536,1,0,9,8.556270599,8.585071564,8.631801605
index,double,lookup,2,65536,1,1,9,8.518505096,8.561038971,8.754920959
index,double,lookup,2,65536,2,0,9,8.528614044,8.567428589,8.856868744
index,double,lookup,2,65536,2,1,9,8.515453339,8.559989929,8.696365356
index,double,lookup,2,8191,0,0,9,8.536808692,8.578012453,9.325021365
index,double,lookup,2,8191,0,1,9,8.516206812,8.600903431,9.553931144
index,double,lookup,2,8191,1,0,9,8.513154682,8.661183006,9.276950311
index,double,lookup,2,8191,1,1,9,8.582590648,8.623794408,8.932059578
index,double,lookup,2,8191,2,0,9,8.504761323,8.623031376,9.372329386
index,double,lookup,2,8191,2,1,9,8.520021975,8.578775485,8.779453058
index,double,lookupApply,0,1024,0,0,9,11.395263672,11.456298828,13.226318359
index,double,lookupApply,0,1024,0,1,9,11.42578125,11.431884766,14.324951172
index,double,lookupApply,0,1024,1,0,9,11.401367188,11.413574219,13.4765625
index,double,lookupApply,0,1024,1,1,9,11.389160156,11.401367188,12.542724609
index,double,lookupApply,0,1024,2,0,9,11.383056641,11.401367188,12.493896484
index,double,lookupApply,0,1024,2,1,9,11.437988281,11.450195312,12.738037109
index,double,lookupApply,0,65536,0,0,9,11.604881287,11.620998383,11.685752869
index,double,lookupApply,0,65536,0,1,9,11.611652374,11.617946625,11.715984344
index,double,lookupApply,0,65536,1,0,9,11.602020264,11.661720276,11.761569977
index,double,lookupApply,0,65536,1,1,9,11.619567871,11.634540558,11.658477783
index,double,lookupApply,0,65536,2,0,9,11.60697937,11.671161652,11.708927155
index,double,lookupApply,0,65536,2,1,9,11.608505249,11.627864838,11.697006226
index,double,lookupApply,0,8191,0,0,9,11.543157124,11.634721035,12.329080698
index,double,lookupApply,0,8191,0,1,9,11.53628983,11.602673666,11.745360762
index,double,lookupApply,0,8191,1,0,9,11.569863265,11.644640459,12.278720547
index,double,lookupApply,0,8191,1,1,9,11.569100232,11.642351361,11.688133317
index,double,lookupApply,0,8191,2,0,9,11.527896472,11.602673666,12.242094982
index,double,lookupApply,0,8191,2,1,9,11.539341961,11.642351361,11.765962642
index,double,lookupApply,1,1024,0,0,9,11.389160156,11.401367188,12.646484375
index,double,lookupApply,1,1024,0,1,9,11.383056641,11.407470703,12.683105469
index,double,lookupApply,1,1024,1,0,9,11.401367188,11.431884766,12.829589844
index,double,lookupApply,1,1024,1,1,9,11.395263672,11.413574219,12.847900391
index,double,lookupApply,1,1024,2,0,9,11.383056641,11.395263672,12.750244141
index,double,lookupApply,1,1024,2,1,9,11.444091797,11.468505859,59.057617188
index,double,lookupApply,1,65536,0,0,9,11.620044708,11.648845673,11.706924438
index,double,lookupApply,1,65536,0,1,9,11.637401581,11.650943756,11.710357666
index,double,lookupApply,1,65536,1,0,9,11.6065979,11.63110733,11.689662933
index,double,lookupApply,1,65536,1,1,9,11.62519455,11.65599823,11.778259277
index,double,lookupApply,1,65536,2,0,9,11.608409882,11.63187027,11.749649048
index,double,lookupApply,1,65536,2,1,9,11.606025696,11.622142792,11.703014374
index,double,lookupApply,1,8191,0,0,9,11.539341961,11.614119155,11.642351361
index,double,lookupApply,1,8191,0,1,9,11.575204493,12.728909779,13.982572335
index,double,lookupApply,1,8191,1,0,9,11.553076547,11.624801612,11.799536076
index,double,lookupApply,1,8191,1,1,9,11.582834819,11.658375046,11.735441338
index,double,lookupApply,1,8191,2,0,9,11.53018557,11.531711635,11.631668905
index,double,lookupApply,1,8191,2,1,9,11.55383958,11.631668905,11.761384446
index,double,lookupApply,2,1024,0,0,9,11.437988281,11.456298828,13.201904297
index,double,lookupApply,2,1024,0,1,9,11.267089844,11.285400391,16.632080078
index,double,lookupApply,2,1024,1,0,9,11.450195312,11.474609375,12.841796875
index,double,lookupApply,2,1024,1,1,9,11.395263672,11.413574219,14.630126953
index,double,lookupApply,2,1024,2,0,9,11.505126953,11.5234375,13.342285156
index,double,lookupApply,2,1024,2,1,9,11.431884766,11.444091797,12.969970703
index,double,lookupApply,2,65536,0,0,9,11.605739594,11.626338959,11.689758301
index,double,lookupApply,2,65536,0,1,9,11.606311798,11.634731293,11.688423157
index,double,lookupApply,2,65536,1,0,9,11.602210999,11.657333374,11.681747437
index,double,lookupApply,2,65536,1,1,9,11.61813736,11.641979218,11.722278595
index,double,lookupApply,2,65536,2,0,9,11.609649658,11.643409729,11.73324585
index,double,lookupApply,2,65536,2,1,9,11.615657806,11.627960205,11.670780182
index,double,lookupApply,2,8191,0,0,9,11.534000733,11.604199731,11.728574045
index,double,lookupApply,2,8191,0,1,9,11.359266268,11.488981809,11.649981687
index,double,lookupApply,2,8191,1,0,9,11.526370407,11.599621536,11.640062263
index,double,lookupApply,2,8191,1,1,9,11.434043462,11.614882188,12.254303504
index,double,lookupApply,2,8191,2,0,9,11.540104993,11.617934318,11.648455622
index,double,lookupApply,2,8191,2,1,9,11.403522158,11.579782688,11.901782444
index,double,prepared,0,1024,0,0,9,1.892089844,2.410888672,5.151367188
index,double,prepared,0,1024,0,1,9,1.898193359,1.904296875,1.904296875
index,double,prepared,0,1024,1,0,9,1.892089844,1.892089844,1.898193359
index,double,prepared,0,1024,1,1,9,1.892089844,1.898193359,2.996826172
index,double,prepared,0,1024,2,0,9,1.879882812,1.885986328,1.885986328
index,double,prepared,0,1024,2,1,9,1.934814453,1.940917969,1.947021484
index,double,prepared,0,65536,0,0,9,1.924419403,1.935863495,1.960754395
index,double,prepared,0,65536,0,1,9,1.928329468,1.94234848,1.955318451
index,double,prepared,0,65536,1,0,9,1.94978714,1.973724365,1.98802948
index,double,prepared,0,65536,1,1,9,1.941680908,1.950263977,1.982593536
index,double,prepared,0,65536,2,0,9,1.923370361,1.944732666,1.96056366
index,double,prepared,0,65536,2,1,9,1.919460297,1.943969727,1.998901367
index,double,prepared,0,8191,0,0,9,1.906055427,1.906818459,2.002960566
index,double,prepared,0,8191,0,1,9,1.939628861,1.954889513,2.074685631
index,double,prepared,0,8191,1,0,9,1.905292394,1.916737883,2.028140642
index,double,prepared,0,8191,1,1,9,1.931235502,1.938865828,2.018221218
index,double,prepared,0,8191,2,0,9,1.907581492,1.90987059,2.005249664
index,double,prepared,0,8191,2,1,9,1.912159687,1.941917959,2.101391771
index,double,prepared,1,1024,0,0,9,1.898193359,1.904296875,1.947021484
index,double,prepared,1,1024,0,1,9,1.898193359,1.904296875,2.374267578
index,double,prepared,1,1024,1,0,9,1.892089844,1.898193359,1.898193359
index,double,prepared,1,1024,1,1,9,1.885986328,1.892089844,1.898193359
index,double,prepared,1,1024,2,0,9,1.879882812,1.885986328,1.892089844
index,double,prepared,1,1024,2,1,9,1.928710938,1.940917969,1.953125
index,double,prepared,1,65536,0,0,9,1.92489624,1.93157196,1.991653442
index,double,prepared,1,65536,0,1,9,1.912021637,1.929187775,1.991462708
index,double,prepared,1,65536,1,0,9,1.952171326,1.965141296,1.980304718
index,double,prepared,1,65536,1,1,9,1.93605423,1.948070526,1.978111267
index,double,prepared,1,65536,2,0,9,1.935100555,1.949501038,1.964759827
index,double,prepared,1,65536,2,1,9,1.918029785,1.935577393,1.999950409
index,double,prepared,1,8191,0,0,9,1.906818459,1.908344524,1.994567208
index,double,prepared,1,8191,0,1,9,1.918263948,1.943444024,2.156330118
index,double,prepared,1,8191,1,0,9,1.903766329,1.906818459,2.061714076
index,double,prepared,1,8191,1,1,9,1.914448785,1.91597485,2.011353925
index,double,prepared,1,8191,2,0,9,1.906055427,1.906818459,1.986936882
index,double,prepared,1,8191,2,1,9,1.893846905,1.910633622,2.028140642
index,double,prepared,2,1024,0,0,9,1.922607422,1.922607422,1.977539062
index,double,prepared,2,1024,0,1,9,1.885986328,1.885986328,3.3203125
index,double,prepared,2,1024,1,0,9,1.934814453,1.940917969,1.989746094
index,double,prepared,2,1024,1,1,9,1.885986328,1.885986328,1.892089844
index,double,prepared,2,1024,2,0,9,1.910400391,1.916503906,22.076416016
index,double,prepared,2,1024,2,1,9,1.940917969,1.947021484,1.953125
index,double,prepared,2,65536,0,0,9,1.913452148,1.936244965,1.942539215
index,double,prepared,2,65536,0,1,9,1.924610138,1.9323349,1.95684433
index,double,prepared,2,65536,1,0,9,1.931858063,1.958847046,1.975154877
index,double,prepared,2,65536,1,1,9,1.937484741,1.944160461,1.958179474
index,double,prepared,2,65536,2,0,9,1.920413971,1.952362061,2.010631561
index,double,prepared,2,65536,2,1,9,1.917076111,1.926040649,1.950263977
index,double,prepared,2,8191,0,0,9,1.908344524,1.90987059,2.122756684
index,double,prepared,2,8191,0,1,9,1.924368209,1.944970089,4.142503968
index,double,prepared,2,8191,1,0,9,1.908344524,1.913685753,2.110548163
index,double,prepared,2,8191,1,1,9,1.925894274,1.943444024,4.335551215
index,double,prepared,2,8191,2,0,9,1.90987059,1.922842144,2.022799414
index,double,prepared,2,8191,2,1,9,1.908344524,1.913685753,3.748779148
index,double,vienot,0,1024,0,0,9,1.049804688,1.049804688,1.110839844
index,double,vienot,0,1024,0,1,9,1.049804688,1.055908203,1.062011719
index,double,vienot,0,1024,1,0,9,1.049804688,1.049804688,1.055908203
index,double,vienot,0,1024,1,1,9,1.049804688,1.055908203,2.618408203
index,double,vienot,0,1024,2,0,9,1.049804688,1.055908203,1.055908203
index,double,vienot,0,1024,2,1,9,1.068115234,1.07421875,1.080322266
index,double,vienot,0,65536,0,0,9,1.090908051,1.129150391,1.233482361
index,double,vienot,0,65536,0,1,9,1.0887146,1.1054039,1.142406464
index,double,vienot,0,65536,1,0,9,1.089096069,1.107788086,1.218032837
index,double,vienot,0,65536,1,1,9,1.072502136,1.090049744,1.210975647
index,double,vienot,0,65536,2,0,9,1.086139679,1.134395599,1.262569427
index,double,vienot,0,65536,2,1,9,1.081085205,1.096725464,1.147651672
index,double,vienot,0,8191,0,0,9,1.065193505,1.1048712,1.229245513
index,double,vienot,0,8191,0,1,9,1.056800147,1.058326212,1.164387743
index,double,vienot,0,8191,1,0,9,1.057563179,1.059089244,1.210932731
index,double,vienot,0,8191,1,1,9,1.077402027,1.079691124,1.287235991
index,double,vienot,0,8191,2,0,9,1.049932853,1.060615309,1.220852155
index,double,vienot,0,8191,2,1,9,1.055274081,1.057563179,1.146837993
index,double,vienot,1,1024,0,0,9,1.049804688,1.055908203,1.055908203
index,double,vienot,1,1024,0,1,9,1.049804688,1.049804688,1.055908203
index,double,vienot,1,1024,1,0,9,1.055908203,1.062011719,2.520751953
index,double,vienot,1,1024,1,1,9,1.049804688,1.055908203,1.062011719
index,double,vienot,1,1024,2,0,9,1.049804688,1.055908203,2.600097656
index,double,vienot,1,1024,2,1,9,1.068115234,1.07421875,1.07421875
index,double,vienot,1,65536,0,0,9,1.071071625,1.091575623,1.231575012
index,double,vienot,1,65536,0,1,9,1.097679138,1.120567322,1.139640808
index,double,vienot,1,65536,1,0,9,1.102256775,1.141929626,1.27696991
index,double,vienot,1,65536,1,1,9,1.083278656,1.113700867,1.543903351
index,double,vienot,1,65536,2,0,9,1.080036163,1.116847992,1.244354248
index,double,vienot,1,65536,2,1,9,1.091384888,1.13697052,1.181030273
index,double,vienot,1,8191,0,0,9,1.054511049,1.055274081,1.162861677
index,double,vienot,1,8191,0,1,9,1.058326212,1.059852277,1.77481382
index,double,vienot,1,8191,1,0,9,1.055274081,1.056800147,1.443657673
index,double,vienot,1,8191,1,1,9,1.051458918,1.06366744,1.764894396
index,double,vienot,1,8191,2,0,9,1.054511049,1.056037114,1.152179221
index,double,vienot,1,8191,2,1,9,1.08121719,1.086558418,1.781681113
index,float,brettel,0,1024,0,0,9,2.355957031,2.392578125,2.404785156
index,float,brettel,0,1024,0,1,9,2.435302734,2.447509766,3.41796875
index,float,brettel,0,1024,1,0,9,2.349853516,2.392578125,2.398681641
index,float,brettel,0,1024,1,1,9,2.435302734,2.447509766,2.453613281
index,float,brettel,0,1024,2,0,9,2.337646484,2.392578125,2.398681641
index,float,brettel,0,1024,2,1,9,2.44140625,2.447509766,2.453613281
index,float,brettel,0,65536,0,0,9,2.410030365,2.429485321,2.485084534
index,float,brettel,0,65536,0,1,9,2.454280853,2.462291718,2.475166321
index,float,brettel,0,65536,1,0,9,2.407741547,2.486228943,2.554607391
index,float,brettel,0,65536,1,1,9,2.451038361,2.459812164,2.520561218
index,float,brettel,0,65536,2,0,9,2.388095856,2.424716949,2.467155457
index,float,brettel,0,65536,2,1,9,2.454662323,2.460098267,2.492904663
index,float,brettel,0,8191,0,0,9,2.323434257,2.373794408,2.58286534
index,float,brettel,0,8191,0,1,9,2.416524234,2.425680625,3.565651325
index,float,brettel,0,8191,1,0,9,2.323434257,2.376083506,2.552344036
index,float,brettel,0,8191,1,1,9,2.424917592,2.448571603,3.168111342
index,float,brettel,0,8191,2,0,9,2.372268343,2.419576364,2.62101697
index,float,brettel,0,8191,2,1,9,2.422628495,2.431784886,3.267305579
index,float,brettel,1,1024,0,0,9,2.386474609,2.392578125,3.90625
index,float,brettel,1,1024,0,1,9,2.435302734,2.44140625,24.151611328
index,float,brettel,1,1024,1,0,9,2.386474609,2.398681641,3.753662109
index,float,brettel,1,1024,1,1,9,2.435302734,2.44140625,2.453613281
index,float,brettel,1,1024,2,0,9,2.380371094,2.398681641,3.668212891
index,float,brettel,1,1024,2,1,9,2.435302734,2.44140625,3.479003906
index,float,brettel,1,65536,0,0,9,2.443218231,2.464103699,2.501487732
index,float,brettel,1,65536,0,1,9,2.449989319,2.46257782,2.494049072
index,float,brettel,1,65536,1,0,9,2.459812164,2.463054657,2.472400665
index,float,brettel,1,65536,1,1,9,2.451896667,2.469062805,2.499961853
index,float,brettel,1,65536,2,0,9,2.441692352,2.470207214,2.514839172
index,float,brettel,1,65536,2,1,9,2.4518013,2.464008331,2.483081818
index,float,brettel,1,8191,0,0,9,2.907154194,2.958277378,3.190239287
index,float,brettel,1,8191,0,1,9,2.424917592,2.431784886,2.507325113
index,float,brettel,1,8191,1,0,9,2.421102429,2.425680625,2.592784764
index,float,brettel,1,8191,1,1,9,2.421102429,2.423391527,2.50045782
index,float,brettel,1,8191,2,0,9,2.42415456,2.438652179,2.543950678
index,float,brettel,1,8191,2,1,9,2.421865462,2.42415456,2.501983885
index,float,brettel,2,1024,0,0,9,2.386474609,2.392578125,2.435302734
index,float,brettel,2,1024,0,1,9,2.386474609,2.392578125,2.435302734
index,float,brettel,2,1024,1,0,9,2.386474609,2.398681641,2.398681641
index,float,brettel,2,1024,1,1,9,2.386474609,2.392578125,2.398681641
index,float,brettel,2,1024,2,0,9,2.380371094,2.392578125,2.398681641
index,float,brettel,2,1024,2,1,9,2.44140625,2.447509766,2.453613281
index,float,brettel,2,65536,0,0,9,2.444267273,2.45923996,2.47297287
index,float,brettel,2,65536,0,1,9,2.451133728,2.464294434,2.478027344
index,float,brettel,2,65536,1,0,9,2.447986603,2.464962006,2.485275269
index,float,brettel,2,65536,1,1,9,2.451610565,2.467918396,2.480888367
index,float,brettel,2,65536,2,0,9,2.449798584,2.466392517,2.477264404
index,float,brettel,2,65536,2,1,9,2.45141983,2.460384369,2.478790283
index,float,brettel,2,8191,0,0,9,2.420339397,2.425680625,2.756836772
index,float,brettel,2,8191,0,1,9,2.421102429,2.428732755,2.496642657
index,float,brettel,2,8191,1,0,9,2.421865462,2.42415456,2.518007569
index,float,brettel,2,8191,1,1,9,2.420339397,2.423391527,2.491301428
index,float,brettel,2,8191,2,0,9,2.423391527,2.426443658,2.583628373
index,float,brettel,2,8191,2,1,9,2.421865462,2.424917592,2.496642657
index,float,lookup,0,1024,0,0,9,6.701660156,6.719970703,12.145996094
index,float,lookup,0,1024,0,1,9,7.12890625,7.141113281,8.081054688
index,float,lookup,0,1024,1,0,9,6.994628906,7.006835938,8.099365234
index,float,lookup,0,1024,1,1,9,6.707763672,6.713867188,8.068847656
index,float,lookup,0,1024,2,0,9,6.884765625,6.903076172,8.111572266
index,float,lookup,0,1024,2,1,9,6.994628906,7.019042969,8.380126953
index,float,lookup,0,65536,0,0,9,6.978034973,6.992816925,7.034301758
index,float,lookup,0,65536,0,1,9,6.986236572,7.035923004,7.29932785
index,float,lookup,0,65536,1,0,9,7.109069824,7.130718231,7.173347473
index,float,lookup,0,65536,1,1,9,6.806659698,6.828212738,6.974887848
index,float,lookup,0,65536,2,0,9,6.799697876,6.833171844,6.884860992
index,float,lookup,0,65536,2,1,9,7.039356232,7.075691223,7.169532776
index,float,lookup,0,8191,0,0,9,6.707819558,6.817696252,11.110517641
index,float,lookup,0,8191,0,1,9,6.704767428,6.777255524,6.813118056
index,float,lookup,0,8191,1,0,9,6.717738982,6.808539861,7.330454157
index,float,lookup,0,8191,1,1,9,6.747497253,6.790227079,6.99929801
index,float,lookup,0,8191,2,0,9,6.732236601,6.80548773,8.719936516
index,float,lookup,0,8191,2,1,9,6.753601514,6.848980588,6.948174826
index,float,lookup,1,1024,0,0,9,6.683349609,6.695556641,9.9609375
index,float,lookup,1,1024,0,1,9,7.000732422,7.012939453,7.696533203
index,float,lookup,1,1024,1,0,9,7.012939453,7.019042969,8.172607422
index,float,lookup,1,1024,1,1,9,6.695556641,6.713867188,8.197021484
index,float,lookup,1,1024,2,0,9,6.848144531,6.854248047,9.796142578
index,float,lookup,1,1024,2,1,9,6.988525391,7.012939453,7.611083984
index,float,lookup,1,65536,0,0,9,6.987571716,7.035446167,7.050895691
index,float,lookup,1,65536,0,1,9,6.977844238,7.00674057,7.075500488
index,float,lookup,1,65536,1,0,9,7.117366791,7.134342194,7.28521347
index,float,lookup,1,65536,1,1,9,6.789016724,6.813430786,6.863975525
index,float,lookup,1,65536,2,0,9,6.809806824,6.841182709,6.975078583
index,float,lookup,1,65536,2,1,9,7.039165497,7.056808472,7.317256927
index,float,lookup,1,8191,0,0,9,6.725369308,6.832956904,8.914509828
index,float,lookup,1,8191,0,1,9,6.771914296,6.795568307,7.489164937
index,float,lookup,1,8191,1,0,9,6.711634721,6.784122818,6.813881089
index,float,lookup,1,8191,1,1,9,6.813881089,6.879501892,10.062110853
index,float,lookup,1,8191,2,0,9,6.718502014,6.811591991,7.054236357
index,float,lookup,1,8191,2,1,9,6.736814797,6.811591991,7.444146014
index,float,lookup,2,1024,0,0,9,6.689453125,6.701660156,7.934570312
index,float,lookup,2,1024,0,1,9,6.988525391,7.073974609,8.49609375
index,float,lookup,2,1024,1,0,9,6.866455078,6.890869141,8.093261719
index,float,lookup,2,1024,1,1,9,6.677246094,6.689453125,7.91015625
index,float,lookup,2,1024,2,0,9,6.677246094,6.683349609,8.386230469
index,float,lookup,2,1024,2,1,9,6.994628906,7.012939453,8.355712891
index,float,lookup,2,65536,0,0,9,6.805229187,6.826496124,6.907749176
index,float,lookup,2,65536,0,1,9,6.965732574,7.002830505,7.090568542
index,float,lookup,2,65536,1,0,9,6.977653503,6.983757019,7.079029083
index,float,lookup,2,65536,1,1,9,6.785488129,6.801700592,6.878376007
index,float,lookup,2,65536,2,0,9,7.115268707,7.124328613,7.244205475
index,float,lookup,2,65536,2,1,9,7.032203674,7.053375244,7.408046722
index,float,lookup,2,8191,0,0,9,7.120620193,7.151141497,7.483823709
index,float,lookup,2,8191,0,1,9,6.717738982,6.779544622,6.839061165
index,float,lookup,2,8191,1,0,9,7.001587108,7.080179465,7.230496887
index,float,lookup,2,8191,1,1,9,6.803961665,6.84058723,6.894762544
index,float,lookup,2,8191,2,0,9,6.731473569,6.806250763,7.067970944
index,float,lookup,2,8191,2,1,9,6.752075449,6.807776828,7.127487486
index,float,lookupApply,0,1024,0,0,9,9.533691406,9.66796875,10.687255859
index,float,lookupApply,0,1024,0,1,9,9.527587891,9.594726562,10.113525391
index,float,lookupApply,0,1024,1,0,9,9.515380859,9.558105469,10.681152344
index,float,lookupApply,0,1024,1,1,9,9.564208984,9.619140625,10.748291016
index,float,lookupApply,0,1024,2,0,9,9.552001953,9.5703125,10.815429688
index,float,lookupApply,0,1024,2,1,9,9.558105469,9.576416016,11.9140625
index,float,lookupApply,0,65536,0,0,9,9.740066528,9.757328033,9.836387634
index,float,lookupApply,0,65536,0,1,9,9.718322754,9.744739532,9.807395935
index,float,lookupApply,0,65536,1,0,9,9.719657898,9.75112915,9.84621048
index,float,lookupApply,0,65536,1,1,9,9.703731537,9.739494324,9.838294983
index,float,lookupApply,0,65536,2,0,9,9.709358215,9.751796722,9.813594818
index,float,lookupApply,0,65536,2,1,9,9.76190567,9.79642868,9.885978699
index,float,lookupApply,0,8191,0,0,9,9.66151874,9.897295812,10.442864119
index,float,lookupApply,0,8191,0,1,9,9.634812599,9.672201196,9.85838115
index,float,lookupApply,0,8191,1,0,9,9.693566109,9.757660847,10.270418752
index,float,lookupApply,0,8191,1,1,9,9.634812599,9.651599316,9.891954584
index,float,lookupApply,0,8191,2,0,9,9.675253327,9.769106336,10.499328531
index,float,lookupApply,0,8191,2,1,9,9.64396899,9.691277011,9.887376389
index,float,lookupApply,1,1024,0,0,9,9.521484375,9.527587891,10.900878906
index,float,lookupApply,1,1024,0,1,9,9.5703125,9.606933594,11.700439453
index,float,lookupApply,1,1024,1,0,9,9.521484375,9.582519531,15.002441406
index,float,lookupApply,1,1024,1,1,9,9.515380859,9.527587891,13.336181641
index,float,lookupApply,1,1024,2,0,9,9.552001953,9.5703125,10.833740234
index,float,lookupApply,1,1024,2,1,9,9.515380859,9.576416016,32.427978516
index,float,lookupApply,1,65536,0,0,9,9.714603424,9.748840332,9.823322296
index,float,lookupApply,1,65536,0,1,9,9.708786011,9.743309021,9.798431396
index,float,lookupApply,1,65536,1,0,9,9.718322754,9.740543365,9.805297852
index,float,lookupApply,1,65536,1,1,9,9.70582962,9.756660461,9.849452972
index,float,lookupApply,1,65536,2,0,9,9.701824188,9.718418121,10.44588089
index,float,lookupApply,1,65536,2,1,9,9.752941132,9.791660309,11.173725128
index,float,lookupApply,1,8191,0,0,9,9.74087413,9.856092052,10.503143694
index,float,lookupApply,1,8191,0,1,9,9.653125382,9.669912099,10.075082408
index,float,lookupApply,1,8191,1,0,9,9.644732023,9.826333781,10.35206324
index,float,lookupApply,1,8191,1,1,9,9.645495056,9.727139543,10.016328898
index,float,lookupApply,1,8191,2,0,9,9.666859968,9.732480772,10.64888292
index,float,lookupApply,1,8191,2,1,9,9.700433403,9.716457087,9.776736662
index,float,lookupApply,2,1024,0,0,9,9.527587891,9.606933594,10.766601562
index,float,lookupApply,2,1024,0,1,9,9.558105469,9.613037109,11.645507812
index,float,lookupApply,2,1024,1,0,9,9.509277344,9.521484375,9.625244141
index,float,lookupApply,2,1024,1,1,9,9.539794922,9.594726562,10.9375
index,float,lookupApply,2,1024,2,0,9,9.521484375,9.533691406,10.772705078
index,float,lookupApply,2,1024,2,1,9,9.729003906,9.759521484,11.370849609
index,float,lookupApply,2,65536,0,0,9,9.715557098,9.738636017,9.780788422
index,float,lookupApply,2,65536,0,1,9,9.713363647,9.742069244,9.811401367
index,float,lookupApply,2,65536,1,0,9,9.722900391,9.739875793,9.781932831
index,float,lookupApply,2,65536,1,1,9,9.702396393,9.742259979,9.967422485
index,float,lookupApply,2,65536,2,0,9,9.703731537,9.718894958,9.801673889
index,float,lookupApply,2,65536,2,1,9,9.757137299,9.80796814,12.046527863
index,float,lookupApply,2,8191,0,0,9,9.659229642,9.725613478,10.487883042
index,float,lookupApply,2,8191,0,1,9,9.636338664,9.67906849,9.767580271
index,float,lookupApply,2,8191,1,0,9,9.653888414,9.695092174,10.355878403
index,float,lookupApply,2,8191,1,1,9,9.651599316,9.718746185,10.151385667
index,float,lookupApply,2,8191,2,0,9,9.639390795,9.698144305,10.309333415
index,float,lookupApply,2,8191,2,1,9,9.698907337,9.872878769,11.365370529
index,float,prepared,0,1024,0,0,9,2.136230469,2.136230469,3.839111328
index,float,prepared,0,1024,0,1,9,2.154541016,2.160644531,2.209472656
index,float,prepared,0,1024,1,0,9,2.136230469,2.136230469,2.142333984
index,float,prepared,0,1024,1,1,9,2.154541016,2.160644531,3.277587891
index,float,prepared,0,1024,2,0,9,2.130126953,2.136230469,3.515625
index,float,prepared,0,1024,2,1,9,2.160644531,2.166748047,2.453613281
index,float,prepared,0,65536,0,0,9,2.152442932,2.160930634,2.188014984
index,float,prepared,0,65536,0,1,9,2.175235748,2.181720734,2.212142944
index,float,prepared,0,65536,1,0,9,2.17666626,2.191162109,2.213573456
index,float,prepared,0,65536,1,1,9,2.17590332,2.182102203,2.216625214
index,float,prepared,0,65536,2,0,9,2.154445648,2.161121368,2.180862427
index,float,prepared,0,65536,2,1,9,2.175807953,2.186203003,2.203559875
index,float,prepared,0,8191,0,0,9,2.13038701,2.131913075,2.366164083
index,float,prepared,0,8191,0,1,9,2.151751923,2.152514955,2.236448541
index,float,prepared,0,8191,1,0,9,2.13038701,2.131913075,2.295202051
index,float,prepared,0,8191,1,1,9,2.153277988,2.156330118,2.234159443
index,float,prepared,0,8191,2,0,9,2.131913075,2.133439141,2.352429496
index,float,prepared,0,8191,2,1,9,2.152514955,2.154804053,2.226529117
index,float,prepared,1,1024,0,0,9,2.136230469,2.136230469,2.191162109
index,float,prepared,1,1024,0,1,9,2.154541016,2.160644531,2.203369141
index,float,prepared,1,1024,1,0,9,2.130126953,2.136230469,2.142333984
index,float,prepared,1,1024,1,1,9,2.160644531,2.166748047,21.917724609
index,float,prepared,1,1024,2,0,9,2.136230469,2.136230469,2.142333984
index,float,prepared,1,1024,2,1,9,2.154541016,2.160644531,2.172851562
index,float,prepared,1,65536,0,0,9,2.177619934,2.194690704,2.245521545
index,float,prepared,1,65536,0,1,9,2.17590332,2.180290222,2.22120285
index,float,prepared,1,65536,1,0,9,2.175617218,2.18706131,2.213478088
index,float,prepared,1,65536,1,1,9,2.178382874,2.184963226,2.192687988
index,float,prepared,1,65536,2,0,9,2.177906036,2.200031281,2.253723145
index,float,prepared,1,65536,2,1,9,2.17666626,2.18667984,2.266216278
index,float,prepared,1,8191,0,0,9,2.155567086,2.389818093,3.577859846
index,float,prepared,1,8191,0,1,9,2.151751923,2.153277988,2.33030155
index,float,prepared,1,8191,1,0,9,2.154804053,2.156330118,2.3829508
index,float,prepared,1,8191,1,1,9,2.154804053,2.156330118,2.229581248
index,float,prepared,1,8191,2,0,9,2.151751923,2.163197412,2.266206812
index,float,prepared,1,8191,2,1,9,2.154041021,2.154804053,2.228055183
index,float,prepared,2,1024,0,0,9,2.136230469,2.142333984,2.1484375
index,float,prepared,2,1024,0,1,9,2.130126953,2.136230469,2.142333984
index,float,prepared,2,1024,1,0,9,2.130126953,2.136230469,3.527832031
index,float,prepared,2,1024,1,1,9,2.136230469,2.1484375,3.228759766
index,float,prepared,2,1024,2,0,9,2.130126953,2.142333984,4.309082031
index,float,prepared,2,1024,2,1,9,2.154541016,2.160644531,3.448486328
index,float,prepared,2,65536,0,0,9,2.176856995,2.184295654,2.198028564
index,float,prepared,2,65536,0,1,9,2.175617218,2.188491821,2.200603485
index,float,prepared,2,65536,1,0,9,2.176952362,2.182769775,2.203083038
index,float,prepared,2,65536,1,1,9,2.176189423,2.185726166,2.193260193
index,float,prepared,2,65536,2,0,9,2.177429199,2.187347412,2.215194702
index,float,prepared,2,65536,2,1,9,2.176094055,2.184772491,2.253055573
index,float,prepared,2,8191,0,0,9,2.154041021,2.154804053,2.259339519
index,float,prepared,2,8191,0,1,9,2.152514955,2.153277988,2.229581248
index,float,prepared,2,8191,1,0,9,2.154041021,2.154804053,2.220424857
index,float,prepared,2,8191,1,1,9,2.152514955,2.156330118,2.242552802
index,float,prepared,2,8191,2,0,9,2.153277988,2.213557563,2.311225736
index,float,prepared,2,8191,2,1,9,2.153277988,2.155567086,2.282993529
index,float,vienot,0,1024,0,0,9,1.062011719,1.062011719,1.062011719
index,float,vienot,0,1024,0,1,9,1.068115234,1.068115234,1.07421875
index,float,vienot,0,1024,1,0,9,1.062011719,1.062011719,1.068115234
index,float,vienot,0,1024,1,1,9,1.068115234,1.07421875,1.07421875
index,float,vienot,0,1024,2,0,9,1.055908203,1.062011719,1.062011719
index,float,vienot,0,1024,2,1,9,1.068115234,1.07421875,1.824951172
index,float,vienot,0,65536,0,0,9,1.073741913,1.075553894,1.084518433
index,float,vienot,0,65536,0,1,9,1.090621948,1.094818115,1.115989685
index,float,vienot,0,65536,1,0,9,1.090049744,1.096725464,1.153945923
index,float,vienot,0,65536,1,1,9,1.086902618,1.106929779,1.121902466
index,float,vienot,0,65536,2,0,9,1.072692871,1.075172424,1.086521149
index,float,vienot,0,65536,2,1,9,1.090526581,1.096057892,1.118183136
index,float,vienot,0,8191,0,0,9,1.059089244,1.060615309,1.805335124
index,float,vienot,0,8191,0,1,9,1.078165059,1.078928092,1.170492003
index,float,vienot,0,8191,1,0,9,1.059852277,1.061378342,1.206354535
index,float,vienot,0,8191,1,1,9,1.078165059,1.078928092,1.148364058
index,float,vienot,0,8191,2,0,9,1.059852277,1.060615309,1.141496765
index,float,vienot,0,8191,2,1,9,1.076638994,1.078928092,1.154468319
index,float,vienot,1,1024,0,0,9,1.055908203,1.062011719,1.068115234
index,float,vienot,1,1024,0,1,9,1.068115234,1.07421875,1.116943359
index,float,vienot,1,1024,1,0,9,1.055908203,1.062011719,1.068115234
index,float,vienot,1,1024,1,1,9,1.068115234,1.07421875,2.972412109
index,float,vienot,1,1024,2,0,9,1.055908203,1.062011719,1.068115234
index,float,vienot,1,1024,2,1,9,1.068115234,1.07421875,1.080322266
index,float,vienot,1,65536,0,0,9,1.090431213,1.098442078,1.104545593
index,float,vienot,1,65536,0,1,9,1.090717316,1.092433929,1.120471954
index,float,vienot,1,65536,1,0,9,1.090240479,1.096534729,1.118373871
index,float,vienot,1,65536,1,1,9,1.089382172,1.091766357,1.101016998
index,float,vienot,1,65536,2,0,9,1.089668274,1.101493835,1.128196716
index,float,vienot,1,65536,2,1,9,1.090240479,1.093292236,1.114559174
index,float,vienot,1,8191,0,0,9,1.415425467,1.466548651,1.724453669
index,float,vienot,1,8191,0,1,9,1.070534733,1.078928092,1.188041753
index,float,vienot,1,8191,1,0,9,1.077402027,1.078165059,1.159809547
index,float,vienot,1,8191,1,1,9,1.068245635,1.078165059,1.171255036
index,float,vienot,1,8191,2,0,9,1.078165059,1.082743255,1.185752655
index,float,vienot,1,8191,2,1,9,1.077402027,1.091136613,1.300970577
lookup,double,lookup,0,1024,0,0,9,8.380126953,8.392333984,9.545898438
lookup,double,lookup,0,1024,0,1,9,8.380126953,8.392333984,9.637451172
lookup,double,lookup,0,1024,1,0,9,8.386230469,8.3984375,9.558105469
lookup,double,lookup,0,1024,1,1,9,8.386230469,8.392333984,14.044189453
lookup,double,lookup,0,1024,2,0,9,8.386230469,8.392333984,9.936523438
lookup,double,lookup,0,1024,2,1,9,8.380126953,8.392333984,10.510253906
lookup,double,lookup,0,65536,0,0,9,8.542823792,8.585166931,8.61530304
lookup,double,lookup,0,65536,0,1,9,8.53805542,8.571434021,8.627414703
lookup,double,lookup,0,65536,1,0,9,8.546829224,8.564662933,8.658790588
lookup,double,lookup,0,65536,1,1,9,8.517360687,8.543491364,8.578777313
lookup,double,lookup,0,65536,2,0,9,8.558750153,8.583450317,8.656597137
lookup,double,lookup,0,65536,2,1,9,8.535766602,8.559989929,8.613014221
lookup,double,lookup,0,8191,0,0,9,8.523074106,8.657367843,10.899920645
lookup,double,lookup,0,8191,0,1,9,8.523074106,8.588694909,8.705438896
lookup,double,lookup,0,8191,1,0,9,8.502472226,8.552069344,11.392839702
lookup,double,lookup,0,8191,1,1,9,8.597088268,8.6329508,9.138078379
lookup,double,lookup,0,8191,2,0,9,8.516969845,8.542912953,11.035740447
lookup,double,lookup,0,8191,2,1,9,8.51849591,8.605481626,8.922903186
lookup,double,lookup,1,1024,0,0,9,8.380126953,8.392333984,9.851074219
lookup,double,lookup,1,1024,0,1,9,8.380126953,8.471679688,12.823486328
lookup,double,lookup,1,1024,1,0,9,8.374023438,8.392333984,11.779785156
lookup,double,lookup,1,1024,1,1,9,8.374023438,8.386230469,9.588623047
lookup,double,lookup,1,1024,2,0,9,8.386230469,8.3984375,9.710693359
lookup,double,lookup,1,1024,2,1,9,8.380126953,8.392333984,9.893798828
lookup,double,lookup,1,65536,0,0,9,8.554935455,8.602809906,8.808135986
lookup,double,lookup,1,65536,0,1,9,8.564281464,8.595085144,8.640670776
lookup,double,lookup,1,65536,1,0,9,8.525371552,8.556175232,8.712768555
lookup,double,lookup,1,65536,1,1,9,8.524513245,8.568000793,8.661174774
lookup,double,lookup,1,65536,2,0,9,8.573818207,8.591842651,8.68806839
lookup,double,lookup,1,65536,2,1,9,8.55255127,8.581924438,8.685874939
lookup,double,lookup,1,8191,0,0,9,8.517732878,8.637528995,8.710780125
lookup,double,lookup,1,8191,0,1,9,8.521548041,8.655078745,10.992247589
lookup,double,lookup,1,8191,1,0,9,8.499420095,8.530704432,8.622268343
lookup,double,lookup,1,8191,1,1,9,8.604718594,8.677969723,11.226498596
lookup,double,lookup,1,8191,2,0,9,8.522311073,8.568856062,8.644396289
lookup,double,lookup,1,8191,2,1,9,8.508576486,8.548254181,11.017427665
lookup,double,lookup,2,1024,0,0,9,8.380126953,8.392333984,9.637451172
lookup,double,lookup,2,1024,0,1,9,8.404541016,8.557128906,10.089111328
lookup,double,lookup,2,1024,1,0,9,8.386230469,8.386230469,9.997558594
lookup,double,lookup,2,1024,1,1,9,8.392333984,8.404541016,10.021972656
lookup,double,lookup,2,1024,2,0,9,8.374023438,8.392333984,9.436035156
lookup,double,lookup,2,1024,2,1,9,8.392333984,8.404541016,10.131835938
lookup,double,lookup,2,65536,0,0,9,8.558940887,8.583831787,8.675670624
lookup,double,lookup,2,65536,0,1,9,8.538532257,8.578681946,8.74414444
lookup,double,lookup,2,65536,1,0,9,8.516597748,8.563613892,8.625221252
lookup,double,lookup,2,65536,1,1,9,8.527755737,8.588027954,8.675193787
lookup,double,lookup,2,65536,2,0,9,8.53843689,8.569049835,8.713722229
lookup,double,lookup,2,65536,2,1,9,8.522033691,8.585739136,8.711147308
lookup,double,lookup,2,8191,0,0,9,8.51544378,8.597088268,9.332651691
lookup,double,lookup,2,8191,0,1,9,8.584879746,8.722225613,9.076272738
lookup,double,lookup,2,8191,1,0,9,8.508576486,8.520021975,8.65660481
lookup,double,lookup,2,8191,1,1,9,8.597088268,8.670339397,9.093822488
lookup,double,lookup,2,8191,2,0,9,8.51849591,8.527652301,8.601666463
lookup,double,lookup,2,8191,2,1,9,8.514680747,8.607007691,8.844310829
lookup,float,lookup,0,1024,0,0,9,7.000732422,7.006835938,8.850097656
lookup,float,lookup,0,1024,0,1,9,6.689453125,6.701660156,7.965087891
lookup,float,lookup,0,1024,1,0,9,6.713867188,6.726074219,6.8359375
lookup,float,lookup,0,1024,1,1,9,6.695556641,6.707763672,7.788085938
lookup,float,lookup,0,1024,2,0,9,6.860351562,6.872558594,8.392333984
lookup,float,lookup,0,1024,2,1,9,6.726074219,6.732177734,7.800292969
lookup,float,lookup,0,65536,0,0,9,6.984424591,7.021427155,7.244300842
lookup,float,lookup,0,65536,0,1,9,6.787490845,6.811523438,6.940555573
lookup,float,lookup,0,65536,1,0,9,6.81219101,6.84595108,6.955432892
lookup,float,lookup,0,65536,1,1,9,7.105636597,7.133769989,7.18421936
lookup,float,lookup,0,65536,2,0,9,6.798458099,6.870937347,6.972789764
lookup,float,lookup,0,65536,2,1,9,6.979465485,6.997871399,7.071018219
lookup,float,lookup,0,8191,0,0,9,6.720791112,6.887895251,7.351056037
lookup,float,lookup,0,8191,0,1,9,6.700189232,6.791753144,6.845165425
lookup,float,lookup,0,8191,1,0,9,6.877212795,7.055762422,7.534946893
lookup,float,lookup,0,8191,1,1,9,7.01684776,7.080179465,7.356397265
lookup,float,lookup,0,8191,2,0,9,7.005402271,7.126724454,7.55173361
lookup,float,lookup,0,8191,2,1,9,6.695611037,6.768099133,6.885606153
lookup,float,lookup,1,1024,0,0,9,6.994628906,7.019042969,8.251953125
lookup,float,lookup,1,1024,0,1,9,6.719970703,6.744384766,7.91015625
lookup,float,lookup,1,1024,1,0,9,6.689453125,6.701660156,8.538818359
lookup,float,lookup,1,1024,1,1,9,6.701660156,6.713867188,7.904052734
lookup,float,lookup,1,1024,2,0,9,6.890869141,6.903076172,6.958007812
lookup,float,lookup,1,1024,2,1,9,6.683349609,6.695556641,8.062744141
lookup,float,lookup,1,65536,0,0,9,6.989097595,7.006263733,7.107925415
lookup,float,lookup,1,65536,0,1,9,6.813240051,6.831073761,6.85968399
lookup,float,lookup,1,65536,1,0,9,6.804180145,6.855106354,6.892299652
lookup,float,lookup,1,65536,1,1,9,7.109832764,7.150268555,7.256126404
lookup,float,lookup,1,65536,2,0,9,6.793785095,6.836509705,6.923675537
lookup,float,lookup,1,65536,2,1,9,6.97221756,7.014083862,7.124900818
lookup,float,lookup,1,8191,0,0,9,6.74368209,6.865004273,7.06110365
lookup,float,lookup,1,8191,0,1,9,6.728421438,6.816170187,7.00235014
lookup,float,lookup,1,8191,1,0,9,6.868056403,7.04050177,7.071023074
lookup,float,lookup,1,8191,1,1,9,7.01684776,7.125198388,7.21371017
lookup,float,lookup,1,8191,2,0,9,7.050421194,7.121383225,7.195397387
lookup,float,lookup,1,8191,2,1,9,6.680350385,6.789464046,7.026767183
lookup,float,lookup,2,1024,0,0,9,7.006835938,7.025146484,8.142089844
lookup,float,lookup,2,1024,0,1,9,6.689453125,6.695556641,8.099365234
lookup,float,lookup,2,1024,1,0,9,6.781005859,6.811523438,8.0078125
lookup,float,lookup,2,1024,1,1,9,6.689453125,6.695556641,7.977294922
lookup,float,lookup,2,1024,2,0,9,6.866455078,6.872558594,8.038330078
lookup,float,lookup,2,1024,2,1,9,6.683349609,6.707763672,8.526611328
lookup,float,lookup,2,65536,0,0,9,6.993103027,7.019805908,7.067012787
lookup,float,lookup,2,65536,0,1,9,6.776428223,6.812858582,6.947994232
lookup,float,lookup,2,65536,1,0,9,6.809616089,6.844711304,6.906795502
lookup,float,lookup,2,65536,1,1,9,7.096576691,7.12556839,7.156467438
lookup,float,lookup,2,65536,2,0,9,6.805038452,6.839084625,6.883525848
lookup,float,lookup,2,65536,2,1,9,6.971740723,6.983184814,6.998634338
lookup,float,lookup,2,8191,0,0,9,6.695611037,6.787174948,6.97869613
lookup,float,lookup,2,8191,0,1,9,6.714686851,6.788701013,7.07560127
lookup,float,lookup,2,8191,1,0,9,7.054236357,7.070260042,7.21981443
lookup,float,lookup,2,8191,1,1,9,7.000061043,7.164113051,7.212947137
lookup,float,lookup,2,8191,2,0,9,7.030582346,7.096966182,7.388444634
lookup,float,lookup,2,8191,2,1,9,6.691795874,6.780307655,7.05499939
oldindex,double,brettel,0,1024,0,0,9,3.790283203,3.796386719,4.443359375
oldindex,double,brettel,0,1024,0,1,9,3.784179688,3.784179688,3.796386719
oldindex,double,brettel,0,1024,1,0,9,3.771972656,3.790283203,3.820800781
oldindex,double,brettel,0,1024,1,1,9,3.778076172,3.784179688,5.194091797
oldindex,double,brettel,0,1024,2,0,9,3.778076172,3.784179688,5.163574219
oldindex,double,brettel,0,1024,2,1,9,3.778076172,3.784179688,4.870605469
oldindex,double,brettel,0,65536,0,0,9,3.860664368,3.888130188,4.016399384
oldindex,double,brettel,0,65536,0,1,9,3.860378265,3.868484497,3.894805908
oldindex,double,brettel,0,65536,1,0,9,3.852272034,3.867721558,3.954124451
oldindex,double,brettel,0,65536,1,1,9,3.837108612,3.851413727,3.883266449
oldindex,double,brettel,0,65536,2,0,9,3.849124908,3.85427475,3.872776031
oldindex,double,brettel,0,65536,2,1,9,3.841304779,3.859615326,3.885269165
oldindex,double,brettel,0,8191,0,0,9,3.782352582,3.80829569,3.867812233
oldindex,double,brettel,0,8191,0,1,9,3.777774387,3.792272006,4.625503602
oldindex,double,brettel,0,8191,1,0,9,3.783115615,3.856366744,3.952508851
oldindex,double,brettel,0,8191,1,1,9,3.780063484,3.859418874,4.521731168
oldindex,double,brettel,0,8191,2,0,9,3.78158955,3.86399707,3.899096569
oldindex,double,brettel,0,8191,2,1,9,3.783878647,3.854840679,4.530124527
oldindex,double,brettel,1,1024,0,0,9,3.771972656,3.784179688,5.096435547
oldindex,double,brettel,1,1024,0,1,9,3.784179688,3.784179688,5.169677734
oldindex,double,brettel,1,1024,1,0,9,3.784179688,3.790283203,7.995605469
oldindex,double,brettel,1,1024,1,1,9,3.778076172,3.784179688,3.790283203
oldindex,double,brettel,1,1024,2,0,9,3.778076172,3.784179688,3.796386719
oldindex,double,brettel,1,1024,2,1,9,3.790283203,3.802490234,3.802490234
oldindex,double,brettel,1,65536,0,0,9,3.852081299,3.859233856,3.891944885
oldindex,double,brettel,1,65536,0,1,9,3.8438797,3.852653503,3.909778595
oldindex,double,brettel,1,65536,1,0,9,3.846263885,3.855323792,3.886604309
oldindex,double,brettel,1,65536,1,1,9,3.839111328,3.857803345,3.882026672
oldindex,double,brettel,1,65536,2,0,9,3.846549988,3.864860535,3.933811188
oldindex,double,brettel,1,65536,2,1,9,3.838920593,3.853130341,3.870010376
oldindex,double,brettel,1,8191,0,0,9,3.780063484,3.859418874,3.891466243
oldindex,double,brettel,1,8191,0,1,9,3.78464168,3.869338298,3.989897448
oldindex,double,brettel,1,8191,1,0,9,3.780826517,3.810584788,3.947930656
oldindex,double,brettel,1,8191,1,1,9,3.793035038,3.797613234,3.956324014
oldindex,double,brettel,1,8191,2,0,9,3.782352582,3.8670492,3.892229276
oldindex,double,brettel,1,8191,2,1,9,3.78158955,3.785404712,3.949456721
oldindex,double,brettel,2,1024,0,0,9,3.80859375,3.814697266,24.169921875
oldindex,double,brettel,2,1024,0,1,9,3.771972656,3.784179688,5.029296875
oldindex,double,brettel,2,1024,1,0,9,3.80859375,3.814697266,25.073242188
oldindex,double,brettel,2,1024,1,1,9,3.790283203,3.796386719,4.8828125
oldindex,double,brettel,2,1024,2,0,9,3.80859375,3.814697266,3.820800781
oldindex,double,brettel,2,1024,2,1,9,3.778076172,3.784179688,3.796386719
oldindex,double,brettel,2,65536,0,0,9,3.83644104,3.858375549,3.867053986
oldindex,double,brettel,2,65536,0,1,9,3.843021393,3.850841522,3.891086578
oldindex,double,brettel,2,65536,1,0,9,3.831863403,3.873252869,3.923606873
oldindex,double,brettel,2,65536,1,1,9,3.835391998,3.847312927,3.859806061
oldindex,double,brettel,2,65536,2,0,9,3.845405579,3.86505127,3.929233551
oldindex,double,brettel,2,65536,2,1,9,3.843975067,3.852081299,3.875160217
oldindex,double,brettel,2,8191,0,0,9,3.78464168,3.866286168,4.159290685
oldindex,double,brettel,2,8191,0,1,9,3.783878647,3.86399707,4.015840557
oldindex,double,brettel,2,8191,1,0,9,3.780063484,3.857892809,3.871627396
oldindex,double,brettel,2,8191,1,1,9,3.794561104,3.799139299,3.928854841
oldindex,double,brettel,2,8191,2,0,9,3.783115615,3.868575266,3.886888048
oldindex,double,brettel,2,8191,2,1,9,3.783878647,3.786167745,3.973110731
oldindex,double,lookup,0,1024,0,0,9,8.386230469,8.392333984,9.637451172
oldindex,double,lookup,0,1024,0,1,9,8.374023438,8.380126953,9.625244141
oldindex,double,lookup,0,1024,1,0,9,8.380126953,8.3984375,9.759521484
oldindex,double,lookup,0,1024,1,1,9,8.410644531,8.422851562,10.504150391
oldindex,double,lookup,0,1024,2,0,9,8.392333984,8.392333984,9.814453125
oldindex,double,lookup,0,1024,2,1,9,8.386230469,8.3984375,13.146972656
oldindex,double,lookup,0,65536,0,0,9,8.581066132,8.599948883,8.659267426
oldindex,double,lookup,0,65536,0,1,9,8.541107178,8.557891846,8.609771729
oldindex,double,lookup,0,65536,1,0,9,8.517169952,8.558750153,8.639240265
oldindex,double,lookup,0,65536,1,1,9,8.533000946,8.557128906,8.61787796
oldindex,double,lookup,0,65536,2,0,9,8.523082733,8.569049835,8.662509918
oldindex,double,lookup,0,65536,2,1,9,8.526611328,8.558654785,8.777332306
oldindex,double,lookup,0,8191,0,0,9,8.534519595,8.602429496,8.700097668
oldindex,double,lookup,0,8191,0,1,9,8.510865584,8.522311073,8.638292028
oldindex,double,lookup,0,8191,1,0,9,8.53909779,8.627609571,8.805396167
oldindex,double,lookup,0,8191,1,1,9,8.532230497,8.584879746,8.664235136
oldindex,double,lookup,0,8191,2,0,9,8.532230497,8.549780247,8.968685142
oldindex,double,lookup,0,8191,2,1,9,8.503998291,8.561988768,8.700860701
oldindex,double,lookup,1,1024,0,0,9,8.374023438,8.386230469,9.423828125
oldindex,double,lookup,1,1024,0,1,9,8.374023438,8.392333984,9.527587891
oldindex,double,lookup,1,1024,1,0,9,8.380126953,8.392333984,9.86328125
oldindex,double,lookup,1,1024,1,1,9,8.392333984,8.404541016,14.056396484
oldindex,double,lookup,1,1024,2,0,9,8.386230469,8.3984375,10.229492188
oldindex,double,lookup,1,1024,2,1,9,8.386230469,8.392333984,9.582519531
oldindex,double,lookup,1,65536,0,0,9,8.542537689,8.575534821,8.633804321
oldindex,double,lookup,1,65536,0,1,9,8.52022171,8.554267883,8.60748291
oldindex,double,lookup,1,65536,1,0,9,8.519268036,8.588600159,8.623790741
oldindex,double,lookup,1,65536,1,1,9,8.538627625,8.597373962,8.719730377
oldindex,double,lookup,1,65536,2,0,9,8.558940887,8.584785461,8.633232117
oldindex,double,lookup,1,65536,2,1,9,8.533000946,8.582305908,8.605480194
oldindex,double,lookup,1,8191,0,0,9,8.527652301,8.600903431,8.697045538
oldindex,double,lookup,1,8191,0,1,9,8.482633378,8.525363204,9.359357832
oldindex,double,lookup,1,8191,1,0,9,8.532993529,8.548254181,8.648211452
oldindex,double,lookup,1,8191,1,1,9,8.508576486,8.526126236,8.629898669
oldindex,double,lookup,1,8191,2,0,9,8.530704432,8.536808692,10.780124527
oldindex,double,lookup,1,8191,2,1,9,8.503235258,8.587931876,8.672628495
oldindex,double,lookup,2,1024,0,0,9,8.392333984,8.404541016,10.040283203
oldindex,double,lookup,2,1024,0,1,9,8.380126953,8.386230469,10.44921875
oldindex,double,lookup,2,1024,1,0,9,8.386230469,8.3984375,9.973144531
oldindex,double,lookup,2,1024,1,1,9,8.410644531,8.416748047,10.089111328
oldindex,double,lookup,2,1024,2,0,9,8.392333984,8.3984375,9.014892578
oldindex,double,lookup,2,1024,2,1,9,8.374023438,8.380126953,11.077880859
oldindex,double,lookup,2,65536,0,0,9,8.555030823,8.584499359,8.619022369
oldindex,double,lookup,2,65536,0,1,9,8.5313797,8.564758301,8.743667603
oldindex,double,lookup,2,65536,1,0,9,8.524703979,8.560466766,8.647537231
oldindex,double,lookup,2,65536,1,1,9,8.51688385,8.555316925,8.840656281
oldindex,double,lookup,2,65536,2,0,9,8.559989929,8.594417572,8.670330048
oldindex,double,lookup,2,65536,2,1,9,8.54434967,8.602237701,8.774089813
oldindex,double,lookup,2,8191,0,0,9,8.525363204,8.586405811,9.32654743
oldindex,double,lookup,2,8191,0,1,9,8.503235258,8.661946038,9.074746673
oldindex,double,lookup,2,8191,1,0,9,8.520785008,8.584879746,8.846599927
oldindex,double,lookup,2,8191,1,1,9,8.568856062,8.629898669,8.877884263
oldindex,double,lookup,2,8191,2,0,9,8.483396411,8.520021975,8.637528995
oldindex,double,lookup,2,8191,2,1,9,8.543675986,8.626846539,9.076272738
oldindex,double,lookupApply,0,1024,0,0,9,11.395263672,11.401367188,12.603759766
oldindex,double,lookupApply,0,1024,0,1,9,11.383056641,11.395263672,13.470458984
oldindex,double,lookupApply,0,1024,1,0,9,11.456298828,11.480712891,12.579345703
oldindex,double,lookupApply,0,1024,1,1,9,11.401367188,11.401367188,12.725830078
oldindex,double,lookupApply,0,1024,2,0,9,11.395263672,11.401367188,12.561035156
oldindex,double,lookupApply,0,1024,2,1,9,11.401367188,11.413574219,13.653564453
oldindex,double,lookupApply,0,65536,0,0,9,11.632728577,11.66009903,11.718273163
oldindex,double,lookupApply,0,65536,0,1,9,11.605453491,11.619472504,11.727905273
oldindex,double,lookupApply,0,65536,1,0,9,11.603927612,11.619281769,11.699771881
oldindex,double,lookupApply,0,65536,1,1,9,11.615657806,11.636161804,11.711120605
oldindex,double,lookupApply,0,65536,2,0,9,11.623001099,11.678409576,11.732578278
oldindex,double,lookupApply,0,65536,2,1,9,11.619567871,11.643886566,11.759567261
oldindex,double,lookupApply,0,8191,0,0,9,11.537052863,11.61564522,12.266512025
oldindex,double,lookupApply,0,8191,0,1,9,11.527896472,11.552313515,11.643877426
oldindex,double,lookupApply,0,8191,1,0,9,11.549261384,11.624038579,12.205469418
oldindex,double,lookupApply,0,8191,1,1,9,11.561469906,11.63319497,11.772066903
oldindex,double,lookupApply,0,8191,2,0,9,11.543157124,11.701104871,12.892198755
oldindex,double,lookupApply,0,8191,2,1,9,11.553076547,11.628616775,11.759858381
oldindex,double,lookupApply,1,1024,0,0,9,11.389160156,11.395263672,11.932373047
oldindex,double,lookupApply,1,1024,0,1,9,11.376953125,11.395263672,14.221191406
oldindex,double,lookupApply,1,1024,1,0,9,11.383056641,11.401367188,13.262939453
oldindex,double,lookupApply,1,1024,1,1,9,11.389160156,11.431884766,13.848876953
oldindex,double,lookupApply,1,1024,2,0,9,11.383056641,11.413574219,12.738037109
oldindex,double,lookupApply,1,1024,2,1,9,11.383056641,11.401367188,13.726806641
oldindex,double,lookupApply,1,65536,0,0,9,11.625766754,11.651229858,11.703491211
oldindex,double,lookupApply,1,65536,0,1,9,11.605358124,11.627674103,11.682033539
oldindex,double,lookupApply,1,65536,1,0,9,11.599254608,11.612987518,11.672019958
oldindex,double,lookupApply,1,65536,1,1,9,11.600780487,11.613082886,11.722278595
oldindex,double,lookupApply,1,65536,2,0,9,11.618328094,11.665439606,11.761474609
oldindex,double,lookupApply,1,65536,2,1,9,11.608886719,11.639690399,11.703300476
oldindex,double,lookupApply,1,8191,0,0,9,11.530948602,11.602673666,11.661427176
oldindex,double,lookupApply,1,8191,0,1,9,11.537815895,11.608777927,11.67439873
oldindex,double,lookupApply,1,8191,1,0,9,11.523318276,11.601147601,11.690422415
oldindex,double,lookupApply,1,8191,1,1,9,11.523318276,11.548498352,11.628616775
oldindex,double,lookupApply,1,8191,2,0,9,11.525607374,11.635484068,12.111616408
oldindex,double,lookupApply,1,8191,2,1,9,11.548498352,11.655322915,12.194786961
oldindex,double,lookupApply,2,1024,0,0,9,11.505126953,11.5234375,18.762207031
oldindex,double,lookupApply,2,1024,0,1,9,11.260986328,11.279296875,13.684082031
oldindex,double,lookupApply,2,1024,1,0,9,11.450195312,11.486816406,13.024902344
oldindex,double,lookupApply,2,1024,1,1,9,11.260986328,11.267089844,12.768554688
oldindex,double,lookupApply,2,1024,2,0,9,11.602783203,11.62109375,12.622070312
oldindex,double,lookupApply,2,1024,2,1,9,11.267089844,11.279296875,12.481689453
oldindex,double,lookupApply,2,65536,0,0,9,11.64188385,11.658763885,11.757659912
oldindex,double,lookupApply,2,65536,0,1,9,11.622619629,11.68050766,11.792850494
oldindex,double,lookupApply,2,65536,1,0,9,11.625003815,11.689186096,11.720466614
oldindex,double,lookupApply,2,65536,1,1,9,11.611175537,11.643600464,11.703300476
oldindex,double,lookupApply,2,65536,2,0,9,11.643028259,11.669635773,11.754226685
oldindex,double,lookupApply,2,65536,2,1,9,11.615943909,11.629486084,11.707496643
oldindex,double,lookupApply,2,8191,0,0,9,11.521792211,11.596569405,12.418355512
oldindex,double,lookupApply,2,8191,0,1,9,11.373000855,11.532474667,12.644213161
oldindex,double,lookupApply,2,8191,1,0,9,11.517214015,11.556128678,11.618697351
oldindex,double,lookupApply,2,8191,1,1,9,11.494323037,11.598095471,11.776645098
oldindex,double,lookupApply,2,8191,2,0,9,11.531711635,11.598095471,11.88575876
oldindex,double,lookupApply,2,8191,2,1,9,11.386735441,11.499664266,11.785038457
oldindex,double,prepared,0,1024,0,0,9,1.879882812,1.885986328,1.885986328
oldindex,double,prepared,0,1024,0,1,9,1.898193359,1.904296875,1.904296875
oldindex,double,prepared,0,1024,1,0,9,1.904296875,1.910400391,1.910400391
oldindex,double,prepared,0,1024,1,1,9,1.892089844,1.898193359,1.904296875
oldindex,double,prepared,0,1024,2,0,9,1.916503906,1.922607422,4.144287109
oldindex,double,prepared,0,1024,2,1,9,1.898193359,1.898193359,1.910400391
oldindex,double,prepared,0,65536,0,0,9,1.930236816,1.945781708,1.973247528
oldindex,double,prepared,0,65536,0,1,9,1.918792725,1.945114136,1.984214783
oldindex,double,prepared,0,65536,1,0,9,1.954174042,1.972961426,2.013301849
oldindex,double,prepared,0,65536,1,1,9,1.938056946,1.953792572,2.025032043
oldindex,double,prepared,0,65536,2,0,9,1.934909821,1.952648163,1.958751678
oldindex,double,prepared,0,65536,2,1,9,1.932621002,1.958465576,2.065372467
oldindex,double,prepared,0,8191,0,0,9,1.924368209,1.926657307,2.178458064
oldindex,double,prepared,0,8191,0,1,9,1.920553046,1.928946405,2.063240142
oldindex,double,prepared,0,8191,1,0,9,1.921316079,1.925894274,2.002960566
oldindex,double,prepared,0,8191,1,1,9,1.906055427,1.924368209,2.022799414
oldindex,double,prepared,0,8191,2,0,9,1.907581492,1.917500916,2.022799414
oldindex,double,prepared,0,8191,2,1,9,1.908344524,1.912159687,2.0716335
oldindex,double,prepared,1,1024,0,0,9,1.885986328,1.892089844,1.898193359
oldindex,double,prepared,1,1024,0,1,9,1.916503906,1.928710938,1.934814453
oldindex,double,prepared,1,1024,1,0,9,1.892089844,1.898193359,1.904296875
oldindex,double,prepared,1,1024,1,1,9,1.892089844,1.904296875,3.131103516
oldindex,double,prepared,1,1024,2,0,9,1.892089844,1.898193359,1.904296875
oldindex,double,prepared,1,1024,2,1,9,1.898193359,1.904296875,3.41796875
oldindex,double,prepared,1,65536,0,0,9,1.925563812,1.937866211,1.970100403
oldindex,double,prepared,1,65536,0,1,9,1.926803589,1.940155029,1.973056793
oldindex,double,prepared,1,65536,1,0,9,1.948547363,1.964473724,2.158069611
oldindex,double,prepared,1,65536,1,1,9,1.923656464,1.939964294,1.997947693
oldindex,double,prepared,1,65536,2,0,9,1.930618286,1.951026917,2.032756805
oldindex,double,prepared,1,65536,2,1,9,1.927471161,1.941108704,1.956272125
oldindex,double,prepared,1,8191,0,0,9,1.919790013,1.923605176,2.096050543
oldindex,double,prepared,1,8191,0,1,9,1.898425101,1.914448785,2.018984251
oldindex,double,prepared,1,8191,1,0,9,1.923605176,1.926657307,2.009064827
oldindex,double,prepared,1,8191,1,1,9,1.890794775,1.919026981,2.013643023
oldindex,double,prepared,1,8191,2,0,9,1.910633622,1.91597485,1.990752045
oldindex,double,prepared,1,8191,2,1,9,1.893846905,1.909107557,2.107496032
oldindex,double,prepared,2,1024,0,0,9,1.953125,1.953125,1.959228516
oldindex,double,prepared,2,1024,0,1,9,1.892089844,1.898193359,1.898193359
oldindex,double,prepared,2,1024,1,0,9,1.928710938,1.934814453,1.940917969
oldindex,double,prepared,2,1024,1,1,9,1.885986328,1.892089844,1.898193359
oldindex,double,prepared,2,1024,2,0,9,1.934814453,1.940917969,21.575927734
oldindex,double,prepared,2,1024,2,1,9,1.885986328,1.898193359,5.139160156
oldindex,double,prepared,2,65536,0,0,9,1.924324036,1.940345764,1.988697052
oldindex,double,prepared,2,65536,0,1,9,1.920986176,1.94311142,1.952171326
oldindex,double,prepared,2,65536,1,0,9,1.927947998,1.957130432,1.98135376
oldindex,double,prepared,2,65536,1,1,9,1.929569244,1.948642731,1.997470856
oldindex,double,prepared,2,65536,2,0,9,1.938915253,1.952171326,1.961803436
oldindex,double,prepared,2,65536,2,1,9,1.920032501,1.93901062,1.985168457
oldindex,double,prepared,2,8191,0,0,9,1.921316079,1.928183372,2.080026859
oldindex,double,prepared,2,8191,0,1,9,1.922079111,1.929709437,4.31952753
oldindex,double,prepared,2,8191,1,0,9,1.922079111,1.923605176,2.011353925
oldindex,double,prepared,2,8191,1,1,9,1.896899036,1.916737883,4.655261873
oldindex,double,prepared,2,8191,2,0,9,1.906055427,1.909107557,1.987699915
oldindex,double,prepared,2,8191,2,1,9,1.897662068,1.906055427,4.165394946
oldindex,double,vienot,0,1024,0,0,9,1.049804688,1.055908203,1.055908203
oldindex,double,vienot,0,1024,0,1,9,1.049804688,1.055908203,1.062011719
oldindex,double,vienot,0,1024,1,0,9,1.049804688,1.049804688,1.055908203
oldindex,double,vienot,0,1024,1,1,9,1.049804688,1.055908203,1.055908203
oldindex,double,vienot,0,1024,2,0,9,1.049804688,1.055908203,1.062011719
oldindex,double,vienot,0,1024,2,1,9,1.049804688,1.055908203,1.055908203
oldindex,double,vienot,0,65536,0,0,9,1.097202301,1.114940643,1.18265152
oldindex,double,vienot,0,65536,0,1,9,1.083850861,1.101493835,1.126861572
oldindex,double,vienot,0,65536,1,0,9,1.076221466,1.103591919,1.228809357
oldindex,double,vienot,0,65536,1,1,9,1.093673706,1.108360291,1.136016846
oldindex,double,vienot,0,65536,2,0,9,1.095867157,1.117229462,1.210689545
oldindex,double,vienot,0,65536,2,1,9,1.089191437,1.127719879,1.175403595
oldindex,double,vienot,0,8191,0,0,9,1.047643755,1.057563179,1.168202906
oldindex,double,vienot,0,8191,0,1,9,1.057563179,1.057563179,1.159809547
oldindex,double,vienot,0,8191,1,0,9,1.054511049,1.059852277,1.205591503
oldindex,double,vienot,0,8191,1,1,9,1.058326212,1.060615309,1.183463558
oldindex,double,vienot,0,8191,2,0,9,1.049169821,1.058326212,1.18422659
oldindex,double,vienot,0,8191,2,1,9,1.073586864,1.077402027,1.167439873
oldindex,double,vienot,1,1024,0,0,9,1.049804688,1.055908203,1.062011719
oldindex,double,vienot,1,1024,0,1,9,1.049804688,1.049804688,1.055908203
oldindex,double,vienot,1,1024,1,0,9,1.049804688,1.055908203,1.055908203
oldindex,double,vienot,1,1024,1,1,9,1.049804688,1.055908203,1.062011719
oldindex,double,vienot,1,1024,2,0,9,1.049804688,1.055908203,2.545166016
oldindex,double,vienot,1,1024,2,1,9,1.049804688,1.055908203,3.082275391
oldindex,double,vienot,1,65536,0,0,9,1.105690002,1.142215729,1.277446747
oldindex,double,vienot,1,65536,0,1,9,1.078510284,1.115226746,1.146221161
oldindex,double,vienot,1,65536,1,0,9,1.101303101,1.117038727,1.142883301
oldindex,double,vienot,1,65536,1,1,9,1.089477539,1.113891602,1.163578033
oldindex,double,vienot,1,65536,2,0,9,1.10578537,1.146602631,1.268482208
oldindex,double,vienot,1,65536,2,1,9,1.078605652,1.098823547,1.30147934
oldindex,double,vienot,1,8191,0,0,9,1.054511049,1.056037114,1.153705286
oldindex,double,vienot,1,8191,0,1,9,1.058326212,1.062141375,2.093761445
oldindex,double,vienot,1,8191,1,0,9,1.054511049,1.056037114,1.232297644
oldindex,double,vienot,1,8191,1,1,9,1.056037114,1.062141375,1.828989134
oldindex,double,vienot,1,8191,2,0,9,1.054511049,1.054511049,1.140733732
oldindex,double,vienot,1,8191,2,1,9,1.049169821,1.058326212,1.809913319
oldindex,float,brettel,0,1024,0,0,9,2.368164062,2.416992188,4.095458984
oldindex,float,brettel,0,1024,0,1,9,2.44140625,2.44140625,2.459716797
oldindex,float,brettel,0,1024,1,0,9,2.349853516,2.392578125,2.404785156
oldindex,float,brettel,0,1024,1,1,9,2.44140625,2.447509766,2.453613281
oldindex,float,brettel,0,1024,2,0,9,2.349853516,2.398681641,2.398681641
oldindex,float,brettel,0,1024,2,1,9,2.44140625,2.447509766,2.453613281
oldindex,float,brettel,0,65536,0,0,9,2.390384674,2.437782288,2.492141724
oldindex,float,brettel,0,65536,0,1,9,2.466773987,2.479362488,2.521419525
oldindex,float,brettel,0,65536,1,0,9,2.407932281,2.424240112,2.477455139
oldindex,float,brettel,0,65536,1,1,9,2.450561523,2.462673187,2.491188049
oldindex,float,brettel,0,65536,2,0,9,2.420520782,2.435207367,2.478218079
oldindex,float,brettel,0,65536,2,1,9,2.457141876,2.461051941,2.514076233
oldindex,float,brettel,0,8191,0,0,9,2.324960322,2.373794408,2.564552558
oldindex,float,brettel,0,8191,0,1,9,2.421102429,2.424917592,3.115462093
oldindex,float,brettel,0,8191,1,0,9,2.323434257,2.373031376,2.531742156
oldindex,float,brettel,0,8191,1,1,9,2.456964962,2.482145037,3.159717983
oldindex,float,brettel,0,8191,2,0,9,2.32419729,2.377609571,2.610334513
oldindex,float,brettel,0,8191,2,1,9,2.413472104,2.428732755,3.077310463
oldindex,float,brettel,1,1024,0,0,9,2.410888672,2.416992188,2.423095703
oldindex,float,brettel,1,1024,0,1,9,2.44140625,2.44140625,2.453613281
oldindex,float,brettel,1,1024,1,0,9,2.386474609,2.392578125,2.398681641
oldindex,float,brettel,1,1024,1,1,9,2.429199219,2.447509766,2.447509766
oldindex,float,brettel,1,1024,2,0,9,2.392578125,2.398681641,2.453613281
oldindex,float,brettel,1,1024,2,1,9,2.435302734,2.44140625,2.453613281
oldindex,float,brettel,1,65536,0,0,9,2.458572388,2.472496033,2.485275269
oldindex,float,brettel,1,65536,0,1,9,2.452945709,2.474117279,2.504920959
oldindex,float,brettel,1,65536,1,0,9,2.443027496,2.461624146,2.474784851
oldindex,float,brettel,1,65536,1,1,9,2.458000183,2.474117279,2.492523193
oldindex,float,brettel,1,65536,2,0,9,2.452659607,2.467250824,2.476215363
oldindex,float,brettel,1,65536,2,1,9,2.452468872,2.467632294,2.516555786
oldindex,float,brettel,1,8191,0,0,9,2.424917592,2.426443658,2.630173361
oldindex,float,brettel,1,8191,0,1,9,2.421102429,2.423391527,2.498168722
oldindex,float,brettel,1,8191,1,0,9,2.416524234,2.426443658,2.524874863
oldindex,float,brettel,1,8191,1,1,9,2.421865462,2.424917592,2.498931754
oldindex,float,brettel,1,8191,2,0,9,2.421865462,2.426443658,2.586680503
oldindex,float,brettel,1,8191,2,1,9,2.421102429,2.426443658,2.563026492
oldindex,float,brettel,2,1024,0,0,9,2.386474609,2.398681641,2.960205078
oldindex,float,brettel,2,1024,0,1,9,2.380371094,2.392578125,2.404785156
oldindex,float,brettel,2,1024,1,0,9,2.392578125,2.392578125,3.601074219
oldindex,float,brettel,2,1024,1,1,9,2.380371094,2.392578125,2.398681641
oldindex,float,brettel,2,1024,2,0,9,2.386474609,2.398681641,2.563476562
oldindex,float,brettel,2,1024,2,1,9,2.380371094,2.392578125,3.497314453
oldindex,float,brettel,2,65536,0,0,9,2.461624146,2.476215363,2.516937256
oldindex,float,brettel,2,65536,0,1,9,2.456760406,2.470684052,2.515792847
oldindex,float,brettel,2,65536,1,0,9,2.452754974,2.464103699,2.4766922
oldindex,float,brettel,2,65536,1,1,9,2.451515198,2.46629715,2.488994598
oldindex,float,brettel,2,65536,2,0,9,2.45218277,2.46295929,2.510738373
oldindex,float,brettel,2,65536,2,1,9,2.449417114,2.462100983,2.478218079
oldindex,float,brettel,2,8191,0,0,9,2.424917592,2.496642657,2.592784764
oldindex,float,brettel,2,8191,0,1,9,2.422628495,2.42415456,2.498168722
oldindex,float,brettel,2,8191,1,0,9,2.42415456,2.428732755,2.680533512
oldindex,float,brettel,2,8191,1,1,9,2.421865462,2.423391527,2.504272983
oldindex,float,brettel,2,8191,2,0,9,2.421102429,2.427969723,2.517244537
oldindex,float,brettel,2,8191,2,1,9,2.421865462,2.42415456,2.497405689
oldindex,float,lookup,0,1024,0,0,9,6.872558594,6.884765625,9.558105469
oldindex,float,lookup,0,1024,0,1,9,6.976318359,6.988525391,7.653808594
oldindex,float,lookup,0,1024,1,0,9,6.988525391,6.994628906,8.636474609
oldindex,float,lookup,0,1024,1,1,9,6.683349609,6.701660156,26.745605469
oldindex,float,lookup,0,1024,2,0,9,6.671142578,6.701660156,8.190917969
oldindex,float,lookup,0,1024,2,1,9,6.683349609,6.689453125,8.081054688
oldindex,float,lookup,0,65536,0,0,9,6.982517242,7.004356384,7.050418854
oldindex,float,lookup,0,65536,0,1,9,6.800937653,6.819248199,6.883144379
oldindex,float,lookup,0,65536,1,0,9,7.112884521,7.127857208,7.157325745
oldindex,float,lookup,0,65536,1,1,9,6.985282898,7.009315491,7.044410706
oldindex,float,lookup,0,65536,2,0,9,6.795978546,6.80513382,6.88419342
oldindex,float,lookup,0,65536,2,1,9,6.977081299,6.999015808,7.028675079
oldindex,float,lookup,0,8191,0,0,9,7.006165303,7.110700769,8.08356733
oldindex,float,lookup,0,8191,0,1,9,6.874160664,6.96114638,7.103070443
oldindex,float,lookup,0,8191,1,0,9,7.003113173,7.105359541,9.381485777
oldindex,float,lookup,0,8191,1,1,9,6.74673422,6.84058723,7.088572824
oldindex,float,lookup,0,8191,2,0,9,6.688743743,6.8024356,9.276950311
oldindex,float,lookup,0,8191,2,1,9,6.718502014,6.796331339,6.909260164
oldindex,float,lookup,1,1024,0,0,9,6.878662109,6.890869141,8.123779297
oldindex,float,lookup,1,1024,0,1,9,7.000732422,7.012939453,7.659912109
oldindex,float,lookup,1,1024,1,0,9,6.994628906,7.006835938,8.447265625
oldindex,float,lookup,1,1024,1,1,9,6.677246094,6.701660156,7.855224609
oldindex,float,lookup,1,1024,2,0,9,6.707763672,6.713867188,7.836914062
oldindex,float,lookup,1,1024,2,1,9,6.683349609,6.695556641,8.093261719
oldindex,float,lookup,1,65536,0,0,9,6.981945038,6.995582581,7.026481628
oldindex,float,lookup,1,65536,0,1,9,6.810379028,6.826400757,6.892776489
oldindex,float,lookup,1,65536,1,0,9,7.102870941,7.130336761,7.219409943
oldindex,float,lookup,1,65536,1,1,9,6.965732574,7.000827789,7.024002075
oldindex,float,lookup,1,65536,2,0,9,6.782436371,6.825828552,6.862354279
oldindex,float,lookup,1,65536,2,1,9,6.977272034,6.999969482,7.050514221
oldindex,float,lookup,1,8191,0,0,9,7.073312172,7.083994628,7.162586986
oldindex,float,lookup,1,8191,0,1,9,6.958857282,6.972591869,7.666951532
oldindex,float,lookup,1,8191,1,0,9,7.035160542,7.106885606,7.168691246
oldindex,float,lookup,1,8191,1,1,9,6.739866927,6.794042241,7.458643633
oldindex,float,lookup,1,8191,2,0,9,6.684165548,6.768862166,6.797857404
oldindex,float,lookup,1,8191,2,1,9,6.704004395,6.784122818,7.489164937
oldindex,float,lookup,2,1024,0,0,9,6.683349609,6.701660156,8.10546875
oldindex,float,lookup,2,1024,0,1,9,6.994628906,7.006835938,7.763671875
oldindex,float,lookup,2,1024,1,0,9,6.866455078,6.878662109,8.270263672
oldindex,float,lookup,2,1024,1,1,9,6.677246094,6.713867188,7.989501953
oldindex,float,lookup,2,1024,2,0,9,6.689453125,6.695556641,8.087158203
oldindex,float,lookup,2,1024,2,1,9,6.689453125,6.713867188,8.184814453
oldindex,float,lookup,2,65536,0,0,9,6.804084778,6.845855713,6.977939606
oldindex,float,lookup,2,65536,0,1,9,6.81180954,6.844902039,6.944561005
oldindex,float,lookup,2,65536,1,0,9,6.974887848,7.003211975,7.030391693
oldindex,float,lookup,2,65536,1,1,9,6.972026825,7.005882263,7.061672211
oldindex,float,lookup,2,65536,2,0,9,6.806087494,6.826114655,6.925392151
oldindex,float,lookup,2,65536,2,1,9,6.970024109,6.997394562,7.049465179
oldindex,float,lookup,2,8191,0,0,9,6.9405445,6.95809425,7.424307166
oldindex,float,lookup,2,8191,0,1,9,6.94359663,6.964198511,7.417439873
oldindex,float,lookup,2,8191,1,0,9,6.95809425,6.968013674,7.026767183
oldindex,float,lookup,2,8191,1,1,9,6.736051764,6.780307655,7.007691369
oldindex,float,lookup,2,8191,2,0,9,6.703241362,6.798620437,6.832956904
oldindex,float,lookup,2,8191,2,1,9,6.859663045,8.303320718,9.422689537
oldindex,float,lookupApply,0,1024,0,0,9,9.539794922,9.564208984,10.83984375
oldindex,float,lookupApply,0,1024,0,1,9,10.986328125,11.004638672,12.347412109
oldindex,float,lookupApply,0,1024,1,0,9,9.521484375,9.576416016,10.754394531
oldindex,float,lookupApply,0,1024,1,1,9,9.594726562,9.606933594,10.260009766
oldindex,float,lookupApply,0,1024,2,0,9,9.521484375,9.5703125,10.699462891
oldindex,float,lookupApply,0,1024,2,1,9,9.521484375,9.533691406,10.925292969
oldindex,float,lookupApply,0,65536,0,0,9,9.731483459,9.762763977,9.807300568
oldindex,float,lookupApply,0,65536,0,1,9,9.707736969,9.728240967,10.298252106
oldindex,float,lookupApply,0,65536,1,0,9,9.717941284,9.750747681,9.838199615
oldindex,float,lookupApply,0,65536,1,1,9,9.722995758,9.745311737,9.827041626
oldindex,float,lookupApply,0,65536,2,0,9,9.712409973,9.729862213,9.823894501
oldindex,float,lookupApply,0,65536,2,1,9,9.719181061,9.742355347,9.817314148
oldindex,float,lookupApply,0,8191,0,0,9,9.642442925,9.756897815,10.107129777
oldindex,float,lookupApply,0,8191,0,1,9,9.647784153,9.724850446,10.282627274
oldindex,float,lookupApply,0,8191,1,0,9,9.675253327,9.769106336,10.202508851
oldindex,float,lookupApply,0,8191,1,1,9,9.637101697,9.724087413,9.850750824
oldindex,float,lookupApply,0,8191,2,0,9,9.66457087,9.749267489,10.13154682
oldindex,float,lookupApply,0,8191,2,1,9,9.653125382,9.693566109,9.878219998
oldindex,float,lookupApply,1,1024,0,0,9,9.515380859,9.521484375,10.241699219
oldindex,float,lookupApply,1,1024,0,1,9,10.913085938,10.925292969,11.694335938
oldindex,float,lookupApply,1,1024,1,0,9,9.533691406,9.661865234,10.681152344
oldindex,float,lookupApply,1,1024,1,1,9,9.515380859,9.564208984,11.102294922
oldindex,float,lookupApply,1,1024,2,0,9,9.515380859,9.545898438,10.736083984
oldindex,float,lookupApply,1,1024,2,1,9,9.533691406,9.5703125,11.505126953
oldindex,float,lookupApply,1,65536,0,0,9,9.726715088,9.749507904,9.886074066
oldindex,float,lookupApply,1,65536,0,1,9,9.720802307,9.735965729,9.863185883
oldindex,float,lookupApply,1,65536,1,0,9,9.732627869,9.740924835,9.80052948
oldindex,float,lookupApply,1,65536,1,1,9,9.731769562,9.745407104,9.835147858
oldindex,float,lookupApply,1,65536,2,0,9,9.697914124,9.720230103,9.795188904
oldindex,float,lookupApply,1,65536,2,1,9,9.71660614,9.726047516,9.821224213
oldindex,float,lookupApply,1,8191,0,0,9,9.680594555,9.724850446,10.392503968
oldindex,float,lookupApply,1,8191,0,1,9,9.647021121,9.68212062,9.74087413
oldindex,float,lookupApply,1,8191,1,0,9,9.66457087,9.727139543,10.300177024
oldindex,float,lookupApply,1,8191,1,1,9,9.654651447,9.710352826,9.811836162
oldindex,float,lookupApply,1,8191,2,0,9,9.653888414,9.72027225,10.493987303
oldindex,float,lookupApply,1,8191,2,1,9,9.644732023,9.7027225,10.258973263
oldindex,float,lookupApply,2,1024,0,0,9,9.545898438,9.564208984,13.140869141
oldindex,float,lookupApply,2,1024,0,1,9,10.906982422,10.919189453,11.645507812
oldindex,float,lookupApply,2,1024,1,0,9,9.564208984,9.643554688,10.650634766
oldindex,float,lookupApply,2,1024,1,1,9,9.527587891,9.582519531,10.803222656
oldindex,float,lookupApply,2,1024,2,0,9,9.515380859,9.600830078,11.010742188
oldindex,float,lookupApply,2,1024,2,1,9,9.545898438,9.625244141,13.568115234
oldindex,float,lookupApply,2,65536,0,0,9,9.736347198,9.76266861,9.801387787
oldindex,float,lookupApply,2,65536,0,1,9,9.717178345,9.805583954,10.363006592
oldindex,float,lookupApply,2,65536,1,0,9,9.716129303,9.731388092,9.800434113
oldindex,float,lookupApply,2,65536,1,1,9,9.714508057,9.736061096,9.844207764
oldindex,float,lookupApply,2,65536,2,0,9,9.699726105,9.717941284,9.785079956
oldindex,float,lookupApply,2,65536,2,1,9,9.719944,9.801769257,9.999752045
oldindex,float,lookupApply,2,8191,0,0,9,9.652362349,9.683646685,10.345195947
oldindex,float,lookupApply,2,8191,0,1,9,9.647021121,9.701959468,9.790471249
oldindex,float,lookupApply,2,8191,1,0,9,9.64091686,9.692803077,10.342143816
oldindex,float,lookupApply,2,8191,1,1,9,9.63786473,9.681357588,9.769106336
oldindex,float,lookupApply,2,8191,2,0,9,9.648547186,9.694329142,10.344432914
oldindex,float,lookupApply,2,8191,2,1,9,9.643205958,9.707300696,10.03769381
oldindex,float,prepared,0,1024,0,0,9,2.130126953,2.136230469,2.142333984
oldindex,float,prepared,0,1024,0,1,9,2.154541016,2.160644531,2.777099609
oldindex,float,prepared,0,1024,1,0,9,2.130126953,2.136230469,2.142333984
oldindex,float,prepared,0,1024,1,1,9,2.166748047,2.172851562,2.716064453
oldindex,float,prepared,0,1024,2,0,9,2.136230469,2.136230469,3.747558594
oldindex,float,prepared,0,1024,2,1,9,2.160644531,2.160644531,2.166748047
oldindex,float,prepared,0,65536,0,0,9,2.179813385,2.192401886,2.246284485
oldindex,float,prepared,0,65536,0,1,9,2.176856995,2.179336548,2.209281921
oldindex,float,prepared,0,65536,1,0,9,2.153682709,2.159881592,2.186489105
oldindex,float,prepared,0,65536,1,1,9,2.177333832,2.188301086,2.1941185
oldindex,float,prepared,0,65536,2,0,9,2.152824402,2.160930634,2.20708847
oldindex,float,prepared,0,65536,2,1,9,2.176475525,2.182292938,2.203941345
oldindex,float,prepared,0,8191,0,0,9,2.131913075,2.132676108,2.279178366
oldindex,float,prepared,0,8191,0,1,9,2.152514955,2.154804053,2.237974606
oldindex,float,prepared,0,8191,1,0,9,2.131913075,2.137254304,2.295965084
oldindex,float,prepared,0,8191,1,1,9,2.154804053,2.155567086,2.331064583
oldindex,float,prepared,0,8191,2,0,9,2.128860945,2.13038701,2.24789403
oldindex,float,prepared,0,8191,2,1,9,2.154804053,2.155567086,2.376083506
oldindex,float,prepared,1,1024,0,0,9,2.130126953,2.136230469,3.637695312
oldindex,float,prepared,1,1024,0,1,9,2.160644531,2.166748047,20.153808594
oldindex,float,prepared,1,1024,1,0,9,2.136230469,2.136230469,3.411865234
oldindex,float,prepared,1,1024,1,1,9,2.160644531,2.160644531,3.656005859
oldindex,float,prepared,1,1024,2,0,9,2.130126953,2.136230469,2.142333984
oldindex,float,prepared,1,1024,2,1,9,2.154541016,2.160644531,2.166748047
oldindex,float,prepared,1,65536,0,0,9,2.182865143,2.191543579,2.254295349
oldindex,float,prepared,1,65536,0,1,9,2.178001404,2.188968658,2.210426331
oldindex,float,prepared,1,65536,1,0,9,2.17666626,2.187156677,2.216815948
oldindex,float,prepared,1,65536,1,1,9,2.177238464,2.200984955,2.235507965
oldindex,float,prepared,1,65536,2,0,9,2.175331116,2.18963623,2.205753326
oldindex,float,prepared,1,65536,2,1,9,2.177619934,2.183151245,2.22530365
oldindex,float,prepared,1,8191,0,0,9,2.154804053,2.155567086,2.276126236
oldindex,float,prepared,1,8191,0,1,9,2.152514955,2.154041021,2.245604932
oldindex,float,prepared,1,8191,1,0,9,2.170064705,2.179221096,2.279178366
oldindex,float,prepared,1,8191,1,1,9,2.155567086,2.156330118,2.233396411
oldindex,float,prepared,1,8191,2,0,9,2.155567086,2.158619216,2.258576486
oldindex,float,prepared,1,8191,2,1,9,2.155567086,2.156330118,2.2448419
oldindex,float,prepared,2,1024,0,0,9,2.130126953,2.136230469,2.142333984
oldindex,float,prepared,2,1024,0,1,9,2.136230469,2.136230469,3.375244141
oldindex,float,prepared,2,1024,1,0,9,2.130126953,2.142333984,2.142333984
oldindex,float,prepared,2,1024,1,1,9,2.130126953,2.136230469,2.142333984
oldindex,float,prepared,2,1024,2,0,9,2.130126953,2.142333984,7.604980469
oldindex,float,prepared,2,1024,2,1,9,2.136230469,2.142333984,2.1484375
oldindex,float,prepared,2,65536,0,0,9,2.183055878,2.197551727,2.241897583
oldindex,float,prepared,2,65536,0,1,9,2.178001404,2.189826965,2.199172974
oldindex,float,prepared,2,65536,1,0,9,2.176856995,2.18744278,2.199077606
oldindex,float,prepared,2,65536,1,1,9,2.181720734,2.187633514,2.27022171
oldindex,float,prepared,2,65536,2,0,9,2.176475525,2.191829681,2.208518982
oldindex,float,prepared,2,65536,2,1,9,2.176761627,2.185153961,2.206802368
oldindex,float,prepared,2,8191,0,0,9,2.154041021,2.154804053,2.333353681
oldindex,float,prepared,2,8191,0,1,9,2.153277988,2.154041021,2.2448419
oldindex,float,prepared,2,8191,1,0,9,2.154041021,2.160908314,2.253235258
oldindex,float,prepared,2,8191,1,1,9,2.154804053,2.156330118,2.372268343
oldindex,float,prepared,2,8191,2,0,9,2.153277988,2.154804053,2.358533757
oldindex,float,prepared,2,8191,2,1,9,2.156330118,2.157093151,2.577524112
oldindex,float,vienot,0,1024,0,0,9,1.055908203,1.062011719,1.062011719
oldindex,float,vienot,0,1024,0,1,9,1.068115234,1.07421875,1.07421875
oldindex,float,vienot,0,1024,1,0,9,1.055908203,1.062011719,2.648925781
oldindex,float,vienot,0,1024,1,1,9,1.068115234,1.07421875,1.080322266
oldindex,float,vienot,0,1024,2,0,9,1.055908203,1.062011719,1.068115234
oldindex,float,vienot,0,1024,2,1,9,1.068115234,1.080322266,2.215576172
oldindex,float,vienot,0,65536,0,0,9,1.080322266,1.097106934,1.108264923
oldindex,float,vienot,0,65536,0,1,9,1.089572906,1.092720032,1.111316681
oldindex,float,vienot,0,65536,1,0,9,1.073455811,1.074886322,1.085472107
oldindex,float,vienot,0,65536,1,1,9,1.08423233,1.094245911,1.107215881
oldindex,float,vienot,0,65536,2,0,9,1.080036163,1.086711884,1.122188568
oldindex,float,vienot,0,65536,2,1,9,1.084423065,1.100444794,1.143932343
oldindex,float,vienot,0,8191,0,0,9,1.064430472,1.068245635,1.279605665
oldindex,float,vienot,0,8191,0,1,9,1.077402027,1.079691124,1.157520449
oldindex,float,vienot,0,8191,1,0,9,1.059852277,1.061378342,1.255188622
oldindex,float,vienot,0,8191,1,1,9,1.078165059,1.079691124,1.157520449
oldindex,float,vienot,0,8191,2,0,9,1.059852277,1.061378342,1.614576975
oldindex,float,vienot,0,8191,2,1,9,1.077402027,1.078928092,1.152942254
oldindex,float,vienot,1,1024,0,0,9,1.055908203,1.062011719,1.068115234
oldindex,float,vienot,1,1024,0,1,9,1.068115234,1.07421875,2.014160156
oldindex,float,vienot,1,1024,1,0,9,1.062011719,1.062011719,1.068115234
oldindex,float,vienot,1,1024,1,1,9,1.068115234,1.07421875,1.07421875
oldindex,float,vienot,1,1024,2,0,9,1.055908203,1.062011719,1.062011719
oldindex,float,vienot,1,1024,2,1,9,1.068115234,1.07421875,1.07421875
oldindex,float,vienot,1,65536,0,0,9,1.095485687,1.103305817,1.127147675
oldindex,float,vienot,1,65536,0,1,9,1.090908051,1.092624664,1.116275787
oldindex,float,vienot,1,65536,1,0,9,1.090908051,1.100730896,1.105499268
oldindex,float,vienot,1,65536,1,1,9,1.09128952,1.102161407,1.132106781
oldindex,float,vienot,1,65536,2,0,9,1.090431213,1.095294952,1.121139526
oldindex,float,vienot,1,65536,2,1,9,1.091384888,1.095104218,1.119709015
oldindex,float,vienot,1,8191,0,0,9,1.078165059,1.079691124,1.292577219
oldindex,float,vienot,1,8191,0,1,9,1.069008668,1.078928092,1.164387743
oldindex,float,vienot,1,8191,1,0,9,1.078165059,1.079691124,1.165913808
oldindex,float,vienot,1,8191,1,1,9,1.069771701,1.079691124,1.22543035
oldindex,float,vienot,1,8191,2,0,9,1.078165059,1.078928092,1.316994262
oldindex,float,vienot,1,8191,2,1,9,1.069008668,1.078165059,1.172781101
oldreference,double,brettel,0,1024,0,0,9,3.778076172,3.778076172,3.833007812
oldreference,double,brettel,0,1024,0,1,9,3.784179688,3.790283203,4.937744141
oldreference,double,brettel,0,1024,1,0,9,3.784179688,3.784179688,4.864501953
oldreference,double,brettel,0,1024,1,1,9,3.784179688,3.784179688,4.888916016
oldreference,double,brettel,0,1024,2,0,9,3.778076172,3.784179688,3.790283203
oldreference,double,brettel,0,1024,2,1,9,3.778076172,3.784179688,3.833007812
oldreference,double,brettel,0,65536,0,0,9,3.838348389,3.870773315,3.887462616
oldreference,double,brettel,0,65536,0,1,9,3.858184814,3.871917725,4.203510284
oldreference,double,brettel,0,65536,1,0,9,3.865718842,3.892993927,3.90996933
oldreference,double,brettel,0,65536,1,1,9,3.853416443,3.863430023,3.915309906
oldreference,double,brettel,0,65536,2,0,9,3.852272034,3.863525391,3.893661499
oldreference,double,brettel,0,65536,2,1,9,3.848934174,3.859806061,3.890609741
oldreference,double,brettel,0,8191,0,0,9,3.783878647,3.854077646,3.86399707
oldreference,double,brettel,0,8191,0,1,9,3.794561104,3.832712733,4.604138689
oldreference,double,brettel,0,8191,1,0,9,3.779300452,3.866286168,3.992186546
oldreference,double,brettel,0,8191,1,1,9,3.820504212,3.901385667,4.684257111
oldreference,double,brettel,0,8191,2,0,9,3.779300452,3.855603711,3.866286168
oldreference,double,brettel,0,8191,2,1,9,3.786167745,3.825082408,4.564460994
oldreference,double,brettel,1,1024,0,0,9,3.778076172,3.784179688,5.462646484
oldreference,double,brettel,1,1024,0,1,9,3.771972656,3.784179688,3.796386719
oldreference,double,brettel,1,1024,1,0,9,3.778076172,3.784179688,3.790283203
oldreference,double,brettel,1,1024,1,1,9,3.784179688,3.784179688,3.790283203
oldreference,double,brettel,1,1024,2,0,9,3.784179688,3.784179688,6.73828125
oldreference,double,brettel,1,1024,2,1,9,3.778076172,3.784179688,5.401611328
oldreference,double,brettel,1,65536,0,0,9,3.827953339,3.838920593,3.85799408
oldreference,double,brettel,1,65536,0,1,9,3.85351181,3.875541687,3.907966614
oldreference,double,brettel,1,65536,1,0,9,3.863430023,3.881263733,3.899383545
oldreference,double,brettel,1,65536,1,1,9,3.841209412,3.848838806,3.858947754
oldreference,double,brettel,1,65536,2,0,9,3.86724472,3.872013092,3.903865814
oldreference,double,brettel,1,65536,2,1,9,3.847503662,3.861713409,3.886413574
oldreference,double,brettel,1,8191,0,0,9,3.779300452,3.783115615,3.869338298
oldreference,double,brettel,1,8191,0,1,9,3.782352582,3.785404712,4.051703089
oldreference,double,brettel,1,8191,1,0,9,3.777774387,3.833475766,4.055518252
oldreference,double,brettel,1,8191,1,1,9,3.793798071,3.835001831,3.94640459
oldreference,double,brettel,1,8191,2,0,9,3.779300452,3.788456843,3.899096569
oldreference,double,brettel,1,8191,2,1,9,3.831186668,3.841869125,4.02270785
oldreference,double,brettel,2,1024,0,0,9,3.80859375,3.814697266,3.869628906
oldreference,double,brettel,2,1024,0,1,9,3.784179688,3.784179688,3.80859375
oldreference,double,brettel,2,1024,1,0,9,3.80859375,3.814697266,3.863525391
oldreference,double,brettel,2,1024,1,1,9,3.778076172,3.784179688,10.034179688
oldreference,double,brettel,2,1024,2,0,9,3.80859375,3.814697266,3.820800781
oldreference,double,brettel,2,1024,2,1,9,3.784179688,3.790283203,5.310058594
oldreference,double,brettel,2,65536,0,0,9,3.841209412,3.856086731,3.88879776
oldreference,double,brettel,2,65536,0,1,9,3.848171234,3.872394562,3.921127319
oldreference,double,brettel,2,65536,1,0,9,3.847312927,3.87430191,3.92665863
oldreference,double,brettel,2,65536,1,1,9,3.84054184,3.858184814,3.867149353
oldreference,double,brettel,2,65536,2,0,9,3.846359253,3.853797913,3.89919281
oldreference,double,brettel,2,65536,2,1,9,3.850078583,3.855419159,3.880405426
oldreference,double,brettel,2,8191,0,0,9,3.778537419,3.783878647,3.866286168
oldreference,double,brettel,2,8191,0,1,9,3.78769381,3.791508973,3.897570504
oldreference,double,brettel,2,8191,1,0,9,3.78158955,3.858655842,3.88459895
oldreference,double,brettel,2,8191,1,1,9,3.78158955,3.86094494,3.973873764
oldreference,double,brettel,2,8191,2,0,9,3.779300452,3.857129777,3.872390429
oldreference,double,brettel,2,8191,2,1,9,3.796087169,3.80219143,3.935722134
oldreference,double,lookup,0,1024,0,0,9,8.471679688,8.483886719,9.985351562
oldreference,double,lookup,0,1024,0,1,9,8.367919922,8.380126953,9.613037109
oldreference,double,lookup,0,1024,1,0,9,8.386230469,8.3984375,9.515380859
oldreference,double,lookup,0,1024,1,1,9,8.392333984,8.404541016,10.412597656
oldreference,double,lookup,0,1024,2,0,9,8.386230469,8.392333984,10.095214844
oldreference,double,lookup,0,1024,2,1,9,8.386230469,8.3984375,10.388183594
oldreference,double,lookup,0,65536,0,0,9,8.507728577,8.554363251,8.636474609
oldreference,double,lookup,0,65536,0,1,9,8.553028107,8.598423004,9.792709351
oldreference,double,lookup,0,65536,1,0,9,8.560085297,8.574867249,8.693027496
oldreference,double,lookup,0,65536,1,1,9,8.527755737,8.541584015,8.706665039
oldreference,double,lookup,0,65536,2,0,9,8.531570435,8.549213409,8.677387238
oldreference,double,lookup,0,65536,2,1,9,8.504772186,8.529090881,8.60004425
oldreference,double,lookup,0,8191,0,0,9,8.526126236,8.616164083,8.650500549
oldreference,double,lookup,0,8191,0,1,9,8.51849591,8.619979246,8.637528995
oldreference,double,lookup,0,8191,1,0,9,8.528415334,8.600903431,8.829050177
oldreference,double,lookup,0,8191,1,1,9,8.541386888,8.619979246,8.671865462
oldreference,double,lookup,0,8191,2,0,9,8.527652301,8.589457942,8.724514711
oldreference,double,lookup,0,8191,2,1,9,8.508576486,8.590220974,8.841258699
oldreference,double,lookup,1,1024,0,0,9,8.386230469,8.392333984,9.069824219
oldreference,double,lookup,1,1024,0,1,9,8.374023438,8.386230469,9.710693359
oldreference,double,lookup,1,1024,1,0,9,8.386230469,8.404541016,11.016845703
oldreference,double,lookup,1,1024,1,1,9,8.374023438,8.386230469,9.741210938
oldreference,double,lookup,1,1024,2,0,9,8.392333984,8.3984375,31.115722656
oldreference,double,lookup,1,1024,2,1,9,8.392333984,8.3984375,9.851074219
oldreference,double,lookup,1,65536,0,0,9,8.509922028,8.541107178,8.63199234
oldreference,double,lookup,1,65536,0,1,9,8.518409729,8.546447754,8.704185486
oldreference,double,lookup,1,65536,1,0,9,8.54511261,8.575057983,8.595085144
oldreference,double,lookup,1,65536,1,1,9,8.520698547,8.556365967,8.61825943
oldreference,double,lookup,1,65536,2,0,9,8.514595032,8.540916443,8.652019501
oldreference,double,lookup,1,65536,2,1,9,8.513259888,8.569812775,8.637523651
oldreference,double,lookup,1,8191,0,0,9,8.519258943,8.527652301,8.737486265
oldreference,double,lookup,1,8191,0,1,9,8.53909779,8.634476865,8.792424612
oldreference,double,lookup,1,8191,1,0,9,8.51849591,8.529178366,8.683310951
oldreference,double,lookup,1,8191,1,1,9,8.499420095,8.574960322,8.716884385
oldreference,double,lookup,1,8191,2,0,9,8.510865584,8.532230497,8.603955561
oldreference,double,lookup,1,8191,2,1,9,8.501709193,8.565803931,8.700097668
oldreference,double,lookup,2,1024,0,0,9,8.380126953,8.386230469,8.966064453
oldreference,double,lookup,2,1024,0,1,9,8.374023438,8.392333984,10.406494141
oldreference,double,lookup,2,1024,1,0,9,8.465576172,8.477783203,9.851074219
oldreference,double,lookup,2,1024,1,1,9,8.380126953,8.3984375,10.076904297
oldreference,double,lookup,2,1024,2,0,9,8.380126953,8.386230469,11.437988281
oldreference,double,lookup,2,1024,2,1,9,8.386230469,8.3984375,10.632324219
oldreference,double,lookup,2,65536,0,0,9,8.514881134,8.552742004,8.633518219
oldreference,double,lookup,2,65536,0,1,9,8.527946472,8.585166931,8.843231201
oldreference,double,lookup,2,65536,1,0,9,8.55178833,8.579063416,8.644390106
oldreference,double,lookup,2,65536,1,1,9,8.546543121,8.569431305,8.714580536
oldreference,double,lookup,2,65536,2,0,9,8.513832092,8.564949036,9.702587128
oldreference,double,lookup,2,65536,2,1,9,8.535861969,8.546924591,8.828544617
oldreference,double,lookup,2,8191,0,0,9,8.520021975,8.534519595,8.71230619
oldreference,double,lookup,2,8191,0,1,9,8.561988768,8.680258821,9.180045172
oldreference,double,lookup,2,8191,1,0,9,8.49789403,8.516206812,8.752746917
oldreference,double,lookup,2,8191,1,1,9,8.591747039,8.668813332,9.145708705
oldreference,double,lookup,2,8191,2,0,9,8.507813454,8.622268343,14.490752045
oldreference,double,lookup,2,8191,2,1,9,8.535282627,8.713069222,13.266084727
oldreference,double,lookupApply,0,1024,0,0,9,11.395263672,11.419677734,16.241455078
oldreference,double,lookupApply,0,1024,0,1,9,11.376953125,11.395263672,13.57421875
oldreference,double,lookupApply,0,1024,1,0,9,11.395263672,11.401367188,12.689208984
oldreference,double,lookupApply,0,1024,1,1,9,11.389160156,11.395263672,12.884521484
oldreference,double,lookupApply,0,1024,2,0,9,11.468505859,11.505126953,12.878417969
oldreference,double,lookupApply,0,1024,2,1,9,11.395263672,11.431884766,12.622070312
oldreference,double,lookupApply,0,65536,0,0,9,11.602878571,11.631774902,11.985778809
oldreference,double,lookupApply,0,65536,0,1,9,11.627960205,11.679935455,13.695144653
oldreference,double,lookupApply,0,65536,1,0,9,11.602973938,11.624622345,11.685276031
oldreference,double,lookupApply,0,65536,1,1,9,11.620330811,11.631584167,11.69424057
oldreference,double,lookupApply,0,65536,2,0,9,11.599636078,11.627578735,11.709499359
oldreference,double,lookupApply,0,65536,2,1,9,11.613178253,11.642932892,11.757850647
oldreference,double,lookupApply,0,8191,0,0,9,11.55383958,11.655322915,12.190208766
oldreference,double,lookupApply,0,8191,0,1,9,11.572152362,11.618697351,11.777408131
oldreference,double,lookupApply,0,8191,1,0,9,11.568337199,11.646166524,12.304663655
oldreference,double,lookupApply,0,8191,1,1,9,11.546972287,11.610303992,11.717891588
oldreference,double,lookupApply,0,8191,2,0,9,11.532474667,11.608777927,12.209284581
oldreference,double,lookupApply,0,8191,2,1,9,11.566048102,11.643877426,11.754517153
oldreference,double,lookupApply,1,1024,0,0,9,11.389160156,11.413574219,12.908935547
oldreference,double,lookupApply,1,1024,0,1,9,11.376953125,11.395263672,12.615966797
oldreference,double,lookupApply,1,1024,1,0,9,11.389160156,11.413574219,12.652587891
oldreference,double,lookupApply,1,1024,1,1,9,11.389160156,11.401367188,12.487792969
oldreference,double,lookupApply,1,1024,2,0,9,11.401367188,11.413574219,12.689208984
oldreference,double,lookupApply,1,1024,2,1,9,11.566162109,11.578369141,15.228271484
oldreference,double,lookupApply,1,65536,0,0,9,11.604881287,11.651325226,11.854839325
oldreference,double,lookupApply,1,65536,0,1,9,11.646938324,11.705970764,15.102958679
oldreference,double,lookupApply,1,65536,1,0,9,11.599445343,11.617088318,11.681842804
oldreference,double,lookupApply,1,65536,1,1,9,11.614513397,11.633396149,11.689567566
oldreference,double,lookupApply,1,65536,2,0,9,11.632728577,11.655330658,11.760616302
oldreference,double,lookupApply,1,65536,2,1,9,11.604404449,11.651420593,11.726856232
oldreference,double,lookupApply,1,8191,0,0,9,11.547735319,11.623275546,11.96511415
oldreference,double,lookupApply,1,8191,0,1,9,11.55383958,11.623275546,11.732389208
oldreference,double,lookupApply,1,8191,1,0,9,11.523318276,11.555365645,11.629379807
oldreference,double,lookupApply,1,8191,1,1,9,11.581308754,11.69194848,11.844554999
oldreference,double,lookupApply,1,8191,2,0,9,11.523318276,11.602673666,11.676687828
oldreference,double,lookupApply,1,8191,2,1,9,11.534000733,11.627853742,11.875839336
oldreference,double,lookupApply,2,1024,0,0,9,11.437988281,11.450195312,12.646484375
oldreference,double,lookupApply,2,1024,0,1,9,11.254882812,11.267089844,16.6015625
oldreference,double,lookupApply,2,1024,1,0,9,11.450195312,11.474609375,13.226318359
oldreference,double,lookupApply,2,1024,1,1,9,11.267089844,11.285400391,12.786865234
oldreference,double,lookupApply,2,1024,2,0,9,11.450195312,11.450195312,13.165283203
oldreference,double,lookupApply,2,1024,2,1,9,11.267089844,11.291503906,18.579101562
oldreference,double,lookupApply,2,65536,0,0,9,11.603832245,11.628437042,11.703395844
oldreference,double,lookupApply,2,65536,0,1,9,11.604690552,11.640644073,11.91034317
oldreference,double,lookupApply,2,65536,1,0,9,11.602306366,11.632347107,11.717414856
oldreference,double,lookupApply,2,65536,1,1,9,11.623764038,11.654567719,11.709880829
oldreference,double,lookupApply,2,65536,2,0,9,11.627006531,11.645698547,11.660671234
oldreference,double,lookupApply,2,65536,2,1,9,11.607265472,11.636352539,11.690235138
oldreference,double,lookupApply,2,8191,0,0,9,11.520266146,11.594280308,11.75375412
oldreference,double,lookupApply,2,8191,0,1,9,11.375289952,11.449304114,11.595806373
oldreference,double,lookupApply,2,8191,1,0,9,11.548498352,11.628616775,12.238279819
oldreference,double,lookupApply,2,8191,1,1,9,11.585123916,11.769014772,11.972744476
oldreference,double,lookupApply,2,8191,2,0,9,11.522555244,11.599621536,11.756043218
oldreference,double,lookupApply,2,8191,2,1,9,11.371474789,11.532474667,11.625564644
oldreference,double,prepared,0,1024,0,0,9,1.885986328,1.892089844,3.399658203
oldreference,double,prepared,0,1024,0,1,9,1.898193359,1.904296875,1.910400391
oldreference,double,prepared,0,1024,1,0,9,1.892089844,1.898193359,8.013916016
oldreference,double,prepared,0,1024,1,1,9,1.892089844,1.898193359,1.904296875
oldreference,double,prepared,0,1024,2,0,9,1.885986328,1.892089844,1.922607422
oldreference,double,prepared,0,1024,2,1,9,1.898193359,1.904296875,2.947998047
oldreference,double,prepared,0,65536,0,0,9,1.916313171,1.947975159,1.965141296
oldreference,double,prepared,0,65536,0,1,9,1.930141449,1.950931549,1.986598969
oldreference,double,prepared,0,65536,1,0,9,1.937770844,1.954746246,1.967430115
oldreference,double,prepared,0,65536,1,1,9,1.924037933,1.934242249,1.984214783
oldreference,double,prepared,0,65536,2,0,9,1.926136017,1.963806152,2.001094818
oldreference,double,prepared,0,65536,2,1,9,1.941394806,1.954746246,2.008628845
oldreference,double,prepared,0,8191,0,0,9,1.89537297,1.896899036,1.978543523
oldreference,double,prepared,0,8191,0,1,9,1.929709437,1.938102796,2.111311195
oldreference,double,prepared,0,8191,1,0,9,1.91292272,1.969387132,2.102917837
oldreference,double,prepared,0,8191,1,1,9,1.929709437,1.935813698,2.17159077
oldreference,double,prepared,0,8191,2,0,9,1.906055427,1.908344524,2.052557685
oldreference,double,prepared,0,8191,2,1,9,1.903766329,1.905292394,1.995330241
oldreference,double,prepared,1,1024,0,0,9,1.885986328,1.892089844,1.940917969
oldreference,double,prepared,1,1024,0,1,9,1.892089844,1.898193359,3.063964844
oldreference,double,prepared,1,1024,1,0,9,1.898193359,1.910400391,1.922607422
oldreference,double,prepared,1,1024,1,1,9,1.898193359,1.904296875,3.247070312
oldreference,double,prepared,1,1024,2,0,9,1.885986328,1.892089844,1.898193359
oldreference,double,prepared,1,1024,2,1,9,1.892089844,1.898193359,1.934814453
oldreference,double,prepared,1,65536,0,0,9,1.923656464,1.937961578,1.990032196
oldreference,double,prepared,1,65536,0,1,9,1.932907104,1.946735382,1.974010468
oldreference,double,prepared,1,65536,1,0,9,1.943206787,1.955699921,2.016353607
oldreference,double,prepared,1,65536,1,1,9,1.914691925,1.938343048,1.988697052
oldreference,double,prepared,1,65536,2,0,9,1.946640015,1.978588104,1.989269257
oldreference,double,prepared,1,65536,2,1,9,1.950073242,1.97763443,2.08940506
oldreference,double,prepared,1,8191,0,0,9,1.898425101,1.899188133,2.16548651
oldreference,double,prepared,1,8191,0,1,9,1.919026981,1.941154926,2.096813576
oldreference,double,prepared,1,8191,1,0,9,1.906818459,1.91292272,1.99227811
oldreference,double,prepared,1,8191,1,1,9,1.95107435,1.957178611,2.613386644
oldreference,double,prepared,1,8191,2,0,9,1.906818459,1.907581492,1.996093273
oldreference,double,prepared,1,8191,2,1,9,1.897662068,1.907581492,2.055609816
oldreference,double,prepared,2,1024,0,0,9,1.910400391,1.928710938,1.934814453
oldreference,double,prepared,2,1024,0,1,9,1.885986328,1.892089844,1.934814453
oldreference,double,prepared,2,1024,1,0,9,1.922607422,1.940917969,21.258544922
oldreference,double,prepared,2,1024,1,1,9,1.885986328,1.892089844,1.940917969
oldreference,double,prepared,2,1024,2,0,9,1.928710938,1.940917969,1.977539062
oldreference,double,prepared,2,1024,2,1,9,1.885986328,1.885986328,1.892089844
oldreference,double,prepared,2,65536,0,0,9,1.914215088,1.933193207,1.949691772
oldreference,double,prepared,2,65536,0,1,9,1.972579956,1.994419098,2.014160156
oldreference,double,prepared,2,65536,1,0,9,1.930141449,1.949596405,1.971530914
oldreference,double,prepared,2,65536,1,1,9,1.925945282,1.945972443,2.405166626
oldreference,double,prepared,2,65536,2,0,9,1.947021484,1.968097687,2.03704834
oldreference,double,prepared,2,65536,2,1,9,1.943969727,1.952457428,1.970005035
oldreference,double,prepared,2,8191,0,0,9,1.898425101,1.920553046,1.995330241
oldreference,double,prepared,2,8191,0,1,9,1.931235502,1.945733122,4.261537053
oldreference,double,prepared,2,8191,1,0,9,1.906055427,1.907581492,1.989989012
oldreference,double,prepared,2,8191,1,1,9,1.903003296,1.97167623,4.472897082
oldreference,double,prepared,2,8191,2,0,9,1.908344524,1.909107557,1.996856306
oldreference,double,prepared,2,8191,2,1,9,1.897662068,1.911396655,4.549200342
oldreference,double,vienot,0,1024,0,0,9,1.068115234,1.068115234,1.07421875
oldreference,double,vienot,0,1024,0,1,9,1.068115234,1.07421875,1.080322266
oldreference,double,vienot,0,1024,1,0,9,1.068115234,1.07421875,1.080322266
oldreference,double,vienot,0,1024,1,1,9,1.068115234,1.07421875,1.080322266
oldreference,double,vienot,0,1024,2,0,9,1.068115234,1.07421875,1.123046875
oldreference,double,vienot,0,1024,2,1,9,1.068115234,1.068115234,1.07421875
oldreference,double,vienot,0,65536,0,0,9,1.117706299,1.14812851,1.235771179
oldreference,double,vienot,0,65536,0,1,9,1.121044159,1.126670837,1.173877716
oldreference,double,vienot,0,65536,1,0,9,1.11541748,1.1302948,1.22756958
oldreference,double,vienot,0,65536,1,1,9,1.100826263,1.150512695,1.247596741
oldreference,double,vienot,0,65536,2,0,9,1.135253906,1.171970367,1.265907288
oldreference,double,vienot,0,65536,2,1,9,1.118659973,1.147937775,1.209068298
oldreference,double,vienot,0,8191,0,0,9,1.074349896,1.088084483,1.189567818
oldreference,double,vienot,0,8191,0,1,9,1.08732145,1.08732145,1.269686241
oldreference,double,vienot,0,8191,1,0,9,1.089610548,1.124710048,1.280368697
oldreference,double,vienot,0,8191,1,1,9,1.088084483,1.088847516,1.18422659
oldreference,double,vienot,0,8191,2,0,9,1.088084483,1.103345135,1.255951654
oldreference,double,vienot,0,8191,2,1,9,1.08732145,1.094188744,1.213221829
oldreference,double,vienot,1,1024,0,0,9,1.068115234,1.068115234,1.07421875
oldreference,double,vienot,1,1024,0,1,9,1.068115234,1.07421875,2.673339844
oldreference,double,vienot,1,1024,1,0,9,1.068115234,1.07421875,1.07421875
oldreference,double,vienot,1,1024,1,1,9,1.068115234,1.07421875,1.07421875
oldreference,double,vienot,1,1024,2,0,9,1.068115234,1.07421875,1.07421875
oldreference,double,vienot,1,1024,2,1,9,1.068115234,1.07421875,1.080322266
oldreference,double,vienot,1,65536,0,0,9,1.117420197,1.139068604,1.153850555
oldreference,double,vienot,1,65536,0,1,9,1.104736328,1.135349274,1.316547394
oldreference,double,vienot,1,65536,1,0,9,1.118183136,1.15404129,1.27248764
oldreference,double,vienot,1,65536,1,1,9,1.108551025,1.14068985,1.22461319
oldreference,double,vienot,1,65536,2,0,9,1.113319397,1.142978668,1.316452026
oldreference,double,vienot,1,65536,2,1,9,1.119709015,1.13363266,1.156902313
oldreference,double,vienot,1,8191,0,0,9,1.085032353,1.085795385,1.203302405
oldreference,double,vienot,1,8191,0,1,9,1.076638994,1.091136613,1.864851666
oldreference,double,vienot,1,8191,1,0,9,1.085032353,1.085795385,1.177359297
oldreference,double,vienot,1,8191,1,1,9,1.088084483,1.126236113,1.90987059
oldreference,double,vienot,1,8191,2,0,9,1.085795385,1.086558418,1.190330851
oldreference,double,vienot,1,8191,2,1,9,1.075112929,1.107160298,1.878586253
oldreference,float,brettel,0,1024,0,0,9,2.349853516,2.392578125,2.545166016
oldreference,float,brettel,0,1024,0,1,9,2.429199219,2.447509766,2.453613281
oldreference,float,brettel,0,1024,1,0,9,2.331542969,2.392578125,2.398681641
oldreference,float,brettel,0,1024,1,1,9,2.44140625,2.447509766,2.453613281
oldreference,float,brettel,0,1024,2,0,9,2.349853516,2.386474609,2.404785156
oldreference,float,brettel,0,1024,2,1,9,2.44140625,2.453613281,2.459716797
oldreference,float,brettel,0,65536,0,0,9,2.401733398,2.454185486,2.778339386
oldreference,float,brettel,0,65536,0,1,9,2.462100983,2.477836609,2.584457397
oldreference,float,brettel,0,65536,1,0,9,2.390861511,2.434539795,2.469444275
oldreference,float,brettel,0,65536,1,1,9,2.460479736,2.467632294,2.504062653
oldreference,float,brettel,0,65536,2,0,9,2.412223816,2.431964874,2.487945557
oldreference,float,brettel,0,65536,2,1,9,2.453708649,2.466392517,2.485370636
oldreference,float,brettel,0,8191,0,0,9,2.32724942,2.374557441,2.91783665
oldreference,float,brettel,0,8191,0,1,9,2.42720669,2.440941277,3.147509462
oldreference,float,brettel,0,8191,1,0,9,2.32419729,2.373031376,2.584391405
oldreference,float,brettel,0,8191,1,1,9,2.412709071,2.508088146,3.115462093
oldreference,float,brettel,0,8191,2,0,9,2.322671225,2.373794408,2.588969601
oldreference,float,brettel,0,8191,2,1,9,2.415761201,2.424917592,3.168874374
oldreference,float,brettel,1,1024,0,0,9,2.386474609,2.410888672,3.393554688
oldreference,float,brettel,1,1024,0,1,9,2.44140625,2.447509766,2.648925781
oldreference,float,brettel,1,1024,1,0,9,2.386474609,2.392578125,3.729248047
oldreference,float,brettel,1,1024,1,1,9,2.435302734,2.44140625,2.447509766
oldreference,float,brettel,1,1024,2,0,9,2.386474609,2.392578125,3.491210938
oldreference,float,brettel,1,1024,2,1,9,2.429199219,2.44140625,2.447509766
oldreference,float,brettel,1,65536,0,0,9,2.467727661,2.473163605,2.541160583
oldreference,float,brettel,1,65536,0,1,9,2.467727661,2.482700348,2.517604828
oldreference,float,brettel,1,65536,1,0,9,2.451705933,2.466487885,2.499389648
oldreference,float,brettel,1,65536,1,1,9,2.451992035,2.465343475,2.507209778
oldreference,float,brettel,1,65536,2,0,9,2.471542358,2.490139008,2.52828598
oldreference,float,brettel,1,65536,2,1,9,2.449512482,2.467250824,2.479743958
oldreference,float,brettel,1,8191,0,0,9,2.420339397,2.425680625,2.521822732
oldreference,float,brettel,1,8191,0,1,9,2.423391527,2.424917592,2.501220852
oldreference,float,brettel,1,8191,1,0,9,2.421102429,2.425680625,2.548528873
oldreference,float,brettel,1,8191,1,1,9,2.422628495,2.42415456,2.50045782
oldreference,float,brettel,1,8191,2,0,9,2.422628495,2.425680625,2.555396167
oldreference,float,brettel,1,8191,2,1,9,2.419576364,2.429495788,2.498168722
oldreference,float,brettel,2,1024,0,0,9,2.386474609,2.398681641,2.44140625
oldreference,float,brettel,2,1024,0,1,9,2.392578125,2.398681641,2.404785156
oldreference,float,brettel,2,1024,1,0,9,2.386474609,2.392578125,2.404785156
oldreference,float,brettel,2,1024,1,1,9,2.386474609,2.392578125,2.404785156
oldreference,float,brettel,2,1024,2,0,9,2.380371094,2.392578125,2.398681641
oldreference,float,brettel,2,1024,2,1,9,2.386474609,2.392578125,2.508544922
oldreference,float,brettel,2,65536,0,0,9,2.455806732,2.464294434,2.484798431
oldreference,float,brettel,2,65536,0,1,9,2.45885849,2.473640442,2.503013611
oldreference,float,brettel,2,65536,1,0,9,2.456569672,2.465724945,2.475833893
oldreference,float,brettel,2,65536,1,1,9,2.450084686,2.462100983,2.483558655
oldreference,float,brettel,2,65536,2,0,9,2.452468872,2.472019196,2.535152435
oldreference,float,brettel,2,65536,2,1,9,2.454280853,2.467346191,2.490234375
oldreference,float,brettel,2,8191,0,0,9,2.421865462,2.42415456,2.637803687
oldreference,float,brettel,2,8191,0,1,9,2.421865462,2.42415456,2.490538396
oldreference,float,brettel,2,8191,1,0,9,2.419576364,2.425680625,2.55921133
oldreference,float,brettel,2,8191,1,1,9,2.421865462,2.42415456,2.563789525
oldreference,float,brettel,2,8191,2,0,9,2.422628495,2.426443658,2.581339275
oldreference,float,brettel,2,8191,2,1,9,2.421102429,2.42415456,2.493590526
oldreference,float,lookup,0,1024,0,0,9,6.689453125,6.719970703,7.989501953
oldreference,float,lookup,0,1024,0,1,9,7.012939453,7.037353516,8.013916016
oldreference,float,lookup,0,1024,1,0,9,6.713867188,6.719970703,8.905029297
oldreference,float,lookup,0,1024,1,1,9,7.012939453,7.019042969,9.509277344
oldreference,float,lookup,0,1024,2,0,9,6.701660156,6.713867188,8.599853516
oldreference,float,lookup,0,1024,2,1,9,6.707763672,6.707763672,8.441162109
oldreference,float,lookup,0,65536,0,0,9,6.989765167,7.01417923,7.055473328
oldreference,float,lookup,0,65536,0,1,9,7.00006485,7.035827637,7.234191895
oldreference,float,lookup,0,65536,1,0,9,6.788539886,6.806564331,6.905555725
oldreference,float,lookup,0,65536,1,1,9,6.978702545,7.009506226,7.048130035
oldreference,float,lookup,0,65536,2,0,9,7.112121582,7.148647308,7.200717926
oldreference,float,lookup,0,65536,2,1,9,7.098770142,7.124614716,7.17792511
oldreference,float,lookup,0,8191,0,0,9,6.975644,7.01684776,9.089244293
oldreference,float,lookup,0,8191,0,1,9,6.72002808,6.791753144,6.830667806
oldreference,float,lookup,0,8191,1,0,9,6.685691613,6.8024356,9.138078379
oldreference,float,lookup,0,8191,1,1,9,7.085520693,7.111463802,7.345714809
oldreference,float,lookup,0,8191,2,0,9,6.785648883,6.812355024,9.347912343
oldreference,float,lookup,0,8191,2,1,9,6.812355024,6.839061165,6.868819436
oldreference,float,lookup,1,1024,0,0,9,6.695556641,6.701660156,9.289550781
oldreference,float,lookup,1,1024,0,1,9,7.012939453,7.025146484,8.544921875
oldreference,float,lookup,1,1024,1,0,9,6.695556641,6.707763672,7.769775391
oldreference,float,lookup,1,1024,1,1,9,7.000732422,7.012939453,8.117675781
oldreference,float,lookup,1,1024,2,0,9,6.695556641,6.701660156,8.410644531
oldreference,float,lookup,1,1024,2,1,9,6.689453125,6.719970703,8.276367188
oldreference,float,lookup,1,65536,0,0,9,6.989860535,6.998252869,7.067108154
oldreference,float,lookup,1,65536,0,1,9,7.0063591,7.08322525,8.254146576
oldreference,float,lookup,1,65536,1,0,9,6.814575195,6.826496124,6.90279007
oldreference,float,lookup,1,65536,1,1,9,6.970882416,6.999874115,7.055664062
oldreference,float,lookup,1,65536,2,0,9,7.123661041,7.176494598,7.387256622
oldreference,float,lookup,1,65536,2,1,9,7.104873657,7.147693634,7.197475433
oldreference,float,lookup,1,8191,0,0,9,6.942070565,6.976407032,7.215999267
oldreference,float,lookup,1,8191,0,1,9,6.747497253,6.813881089,7.518160176
oldreference,float,lookup,1,8191,1,0,9,6.690269808,6.771914296,6.938255402
oldreference,float,lookup,1,8191,1,1,9,7.05499939,7.124435356,8.264406055
oldreference,float,lookup,1,8191,2,0,9,6.70553046,6.783359785,7.039738738
oldreference,float,lookup,1,8191,2,1,9,6.723843243,6.796331339,7.47543035
oldreference,float,lookup,2,1024,0,0,9,7.000732422,7.012939453,8.764648438
oldreference,float,lookup,2,1024,0,1,9,7.006835938,7.019042969,7.720947266
oldreference,float,lookup,2,1024,1,0,9,6.695556641,6.707763672,8.142089844
oldreference,float,lookup,2,1024,1,1,9,7.000732422,7.006835938,8.532714844
oldreference,float,lookup,2,1024,2,0,9,6.994628906,7.000732422,8.740234375
oldreference,float,lookup,2,1024,2,1,9,6.695556641,6.713867188,7.873535156
oldreference,float,lookup,2,65536,0,0,9,6.788825989,6.820392609,6.85043335
oldreference,float,lookup,2,65536,0,1,9,6.991863251,7.015705109,7.427978516
oldreference,float,lookup,2,65536,1,0,9,6.822109222,6.892776489,6.951999664
oldreference,float,lookup,2,65536,1,1,9,6.967353821,6.995487213,7.034015656
oldreference,float,lookup,2,65536,2,0,9,6.983470917,6.989383698,7.040691376
oldreference,float,lookup,2,65536,2,1,9,7.098865509,7.123851776,7.200336456
oldreference,float,lookup,2,8191,0,0,9,6.708582591,6.782596753,6.807776828
oldreference,float,lookup,2,8191,0,1,9,6.731473569,6.816933219,6.958857282
oldreference,float,lookup,2,8191,1,0,9,6.771914296,6.78183372,7.091624954
oldreference,float,lookup,2,8191,1,1,9,7.109174704,7.1137529,7.224392626
oldreference,float,lookup,2,8191,2,0,9,7.07560127,7.093151019,7.266359419
oldreference,float,lookup,2,8191,2,1,9,6.792516176,6.807013796,6.863478208
oldreference,float,lookupApply,0,1024,0,0,9,9.558105469,9.5703125,12.091064453
oldreference,float,lookupApply,0,1024,0,1,9,9.552001953,9.594726562,10.955810547
oldreference,float,lookupApply,0,1024,1,0,9,9.515380859,9.539794922,10.913085938
oldreference,float,lookupApply,0,1024,1,1,9,9.545898438,9.552001953,10.223388672
oldreference,float,lookupApply,0,1024,2,0,9,9.515380859,9.558105469,10.784912109
oldreference,float,lookupApply,0,1024,2,1,9,9.527587891,9.552001953,12.194824219
oldreference,float,lookupApply,0,65536,0,0,9,9.728527069,9.75151062,9.77973938
oldreference,float,lookupApply,0,65536,0,1,9,9.735870361,9.768390656,9.822654724
oldreference,float,lookupApply,0,65536,1,0,9,9.700489044,9.741020203,9.795856476
oldreference,float,lookupApply,0,65536,1,1,9,9.720039368,9.728527069,9.750270844
oldreference,float,lookupApply,0,65536,2,0,9,9.730052948,9.762859344,9.83133316
oldreference,float,lookupApply,0,65536,2,1,9,9.729766846,9.742355347,9.796047211
oldreference,float,lookupApply,0,8191,0,0,9,9.663807838,9.722561348,9.853039922
oldreference,float,lookupApply,0,8191,0,1,9,9.671438164,9.788945184,10.263551459
oldreference,float,lookupApply,0,8191,1,0,9,9.663044805,9.751556586,10.235319253
oldreference,float,lookupApply,0,8191,1,1,9,9.66457087,9.732480772,11.321114638
oldreference,float,lookupApply,0,8191,2,0,9,9.727902576,9.762239043,11.466853864
oldreference,float,lookupApply,0,8191,2,1,9,9.619551947,9.656940545,9.877456965
oldreference,float,lookupApply,1,1024,0,0,9,9.503173828,9.552001953,10.925292969
oldreference,float,lookupApply,1,1024,0,1,9,9.564208984,9.600830078,10.711669922
oldreference,float,lookupApply,1,1024,1,0,9,9.521484375,9.588623047,11.108398438
oldreference,float,lookupApply,1,1024,1,1,9,9.509277344,9.576416016,11.181640625
oldreference,float,lookupApply,1,1024,2,0,9,9.503173828,9.509277344,11.303710938
oldreference,float,lookupApply,1,1024,2,1,9,9.539794922,9.576416016,11.071777344
oldreference,float,lookupApply,1,65536,0,0,9,9.728813171,9.745311737,9.798812866
oldreference,float,lookupApply,1,65536,0,1,9,9.727478027,9.767055511,9.800720215
oldreference,float,lookupApply,1,65536,1,0,9,9.708404541,9.742927551,10.22195816
oldreference,float,lookupApply,1,65536,1,1,9,9.719657898,9.743213654,9.760189056
oldreference,float,lookupApply,1,65536,2,0,9,9.715461731,9.754657745,9.783172607
oldreference,float,lookupApply,1,65536,2,1,9,9.722328186,9.747123718,9.837532043
oldreference,float,lookupApply,1,8191,0,0,9,9.672201196,9.715694054,10.352826273
oldreference,float,lookupApply,1,8191,0,1,9,9.63786473,9.666859968,9.767580271
oldreference,float,lookupApply,1,8191,1,0,9,9.653888414,9.728665609,10.354352338
oldreference,float,lookupApply,1,8191,1,1,9,9.662281773,9.690513979,9.798864607
oldreference,float,lookupApply,1,8191,2,0,9,9.634812599,9.779788793,10.343669882
oldreference,float,lookupApply,1,8191,2,1,9,9.622604078,9.679831522,10.014802832
oldreference,float,lookupApply,2,1024,0,0,9,9.521484375,9.552001953,11.03515625
oldreference,float,lookupApply,2,1024,0,1,9,9.564208984,9.600830078,10.974121094
oldreference,float,lookupApply,2,1024,1,0,9,9.515380859,9.558105469,10.650634766
oldreference,float,lookupApply,2,1024,1,1,9,9.527587891,9.576416016,10.906982422
oldreference,float,lookupApply,2,1024,2,0,9,9.619140625,9.637451172,13.928222656
oldreference,float,lookupApply,2,1024,2,1,9,9.521484375,9.545898438,11.499023438
oldreference,float,lookupApply,2,65536,0,0,9,9.732341766,9.751605988,9.875965118
oldreference,float,lookupApply,2,65536,0,1,9,9.722709656,9.787368774,10.739040375
oldreference,float,lookupApply,2,65536,1,0,9,9.71364975,9.728717804,9.78975296
oldreference,float,lookupApply,2,65536,1,1,9,9.735774994,9.764766693,9.806346893
oldreference,float,lookupApply,2,65536,2,0,9,9.7032547,9.749031067,9.886646271
oldreference,float,lookupApply,2,65536,2,1,9,9.721374512,9.744167328,9.762763977
oldreference,float,lookupApply,2,8191,0,0,9,9.671438164,9.714167989,10.687797583
oldreference,float,lookupApply,2,8191,0,1,9,9.648547186,9.689750946,10.245238677
oldreference,float,lookupApply,2,8191,1,0,9,9.647021121,9.688224881,10.439811989
oldreference,float,lookupApply,2,8191,1,1,9,9.675253327,9.715694054,9.767580271
oldreference,float,lookupApply,2,8191,2,0,9,9.651599316,9.718746185,10.277286046
oldreference,float,lookupApply,2,8191,2,1,9,9.654651447,9.688224881,9.750793554
oldreference,float,prepared,0,1024,0,0,9,2.130126953,2.136230469,3.851318359
oldreference,float,prepared,0,1024,0,1,9,2.154541016,2.160644531,2.770996094
oldreference,float,prepared,0,1024,1,0,9,2.136230469,2.136230469,3.729248047
oldreference,float,prepared,0,1024,1,1,9,2.154541016,2.160644531,2.722167969
oldreference,float,prepared,0,1024,2,0,9,2.136230469,2.136230469,3.686523438
oldreference,float,prepared,0,1024,2,1,9,2.160644531,2.160644531,3.363037109
oldreference,float,prepared,0,65536,0,0,9,2.155685425,2.165603638,2.184963226
oldreference,float,prepared,0,65536,0,1,9,2.181148529,2.192878723,2.210140228
oldreference,float,prepared,0,65536,1,0,9,2.153015137,2.173709869,2.19745636
oldreference,float,prepared,0,65536,1,1,9,2.17666626,2.182865143,2.217292786
oldreference,float,prepared,0,65536,2,0,9,2.161216736,2.177810669,2.204322815
oldreference,float,prepared,0,65536,2,1,9,2.177906036,2.188777924,2.252483368
oldreference,float,prepared,0,8191,0,0,9,2.128097912,2.129623978,2.2097424
oldreference,float,prepared,0,8191,0,1,9,2.152514955,2.157856184,2.229581248
oldreference,float,prepared,0,8191,1,0,9,2.128097912,2.134965206,2.912495422
oldreference,float,prepared,0,8191,1,1,9,2.157093151,2.157856184,2.242552802
oldreference,float,prepared,0,8191,2,0,9,2.132676108,2.133439141,2.307410573
oldreference,float,prepared,0,8191,2,1,9,2.154041021,2.154804053,2.231107313
oldreference,float,prepared,1,1024,0,0,9,2.136230469,2.136230469,2.142333984
oldreference,float,prepared,1,1024,0,1,9,2.1484375,2.160644531,2.166748047
oldreference,float,prepared,1,1024,1,0,9,2.1484375,2.160644531,2.160644531
oldreference,float,prepared,1,1024,1,1,9,2.160644531,2.166748047,3.894042969
oldreference,float,prepared,1,1024,2,0,9,2.136230469,2.142333984,2.1484375
oldreference,float,prepared,1,1024,2,1,9,2.160644531,2.166748047,2.166748047
oldreference,float,prepared,1,65536,0,0,9,2.184295654,2.193641663,2.22454071
oldreference,float,prepared,1,65536,0,1,9,2.182674408,2.192115784,2.239704132
oldreference,float,prepared,1,65536,1,0,9,2.17666626,2.190113068,2.327537537
oldreference,float,prepared,1,65536,1,1,9,2.176189423,2.19039917,2.250289917
oldreference,float,prepared,1,65536,2,0,9,2.188777924,2.204799652,2.271175385
oldreference,float,prepared,1,65536,2,1,9,2.176761627,2.184200287,2.227878571
oldreference,float,prepared,1,8191,0,0,9,2.152514955,2.154804053,2.231107313
oldreference,float,prepared,1,8191,0,1,9,2.156330118,2.157856184,2.23034428
oldreference,float,prepared,1,8191,1,0,9,2.154804053,2.156330118,2.232633378
oldreference,float,prepared,1,8191,1,1,9,2.15098889,2.154041021,2.226529117
oldreference,float,prepared,1,8191,2,0,9,2.152514955,2.155567086,3.451196435
oldreference,float,prepared,1,8191,2,1,9,2.157856184,2.159382249,2.255524356
oldreference,float,prepared,2,1024,0,0,9,2.136230469,2.142333984,5.126953125
oldreference,float,prepared,2,1024,0,1,9,2.130126953,2.136230469,2.142333984
oldreference,float,prepared,2,1024,1,0,9,2.142333984,2.1484375,3.369140625
oldreference,float,prepared,2,1024,1,1,9,2.1484375,2.154541016,2.166748047
oldreference,float,prepared,2,1024,2,0,9,2.130126953,2.136230469,6.872558594
oldreference,float,prepared,2,1024,2,1,9,2.130126953,2.136230469,2.142333984
oldreference,float,prepared,2,65536,0,0,9,2.179050446,2.185916901,2.215671539
oldreference,float,prepared,2,65536,0,1,9,2.182197571,2.1900177,2.244472504
oldreference,float,prepared,2,65536,1,0,9,2.178859711,2.190303802,2.252674103
oldreference,float,prepared,2,65536,1,1,9,2.181720734,2.19707489,2.243423462
oldreference,float,prepared,2,65536,2,0,9,2.178192139,2.19039917,2.292060852
oldreference,float,prepared,2,65536,2,1,9,2.177524567,2.1900177,2.234363556
oldreference,float,prepared,2,8191,0,0,9,2.153277988,2.154804053,2.267732878
oldreference,float,prepared,2,8191,0,1,9,2.155567086,2.157093151,2.241789769
oldreference,float,prepared,2,8191,1,0,9,2.154041021,2.155567086,2.253998291
oldreference,float,prepared,2,8191,1,1,9,2.15098889,2.152514955,2.360822854
oldreference,float,prepared,2,8191,2,0,9,2.155567086,2.177695031,2.252472226
oldreference,float,prepared,2,8191,2,1,9,2.157093151,2.159382249,2.364638017
oldreference,float,vienot,0,1024,0,0,9,1.116943359,1.123046875,1.129150391
oldreference,float,vienot,0,1024,0,1,9,1.153564453,1.153564453,1.159667969
oldreference,float,vienot,0,1024,1,0,9,1.116943359,1.123046875,1.123046875
oldreference,float,vienot,0,1024,1,1,9,1.153564453,1.153564453,1.159667969
oldreference,float,vienot,0,1024,2,0,9,1.116943359,1.123046875,1.129150391
oldreference,float,vienot,0,1024,2,1,9,1.153564453,1.153564453,1.159667969
oldreference,float,vienot,0,65536,0,0,9,1.141548157,1.155662537,1.183605194
oldreference,float,vienot,0,65536,0,1,9,1.170635223,1.191902161,1.219654083
oldreference,float,vienot,0,65536,1,0,9,1.138591766,1.143455505,1.174926758
oldreference,float,vienot,0,65536,1,1,9,1.170444489,1.181411743,1.200199127
oldreference,float,vienot,0,65536,2,0,9,1.140022278,1.150989532,1.270294189
oldreference,float,vienot,0,65536,2,1,9,1.164150238,1.179122925,1.278591156
oldreference,float,vienot,0,8191,0,0,9,1.124710048,1.12547308,1.30173361
oldreference,float,vienot,0,8191,0,1,9,1.155994384,1.156757417,1.248321328
oldreference,float,vienot,0,8191,1,0,9,1.12547308,1.126236113,1.26052985
oldreference,float,vienot,0,8191,1,1,9,1.155231351,1.156757417,1.239164937
oldreference,float,vienot,0,8191,2,0,9,1.124710048,1.126236113,1.787785374
oldreference,float,vienot,0,8191,2,1,9,1.155994384,1.158283482,1.234586742
oldreference,float,vienot,1,1024,0,0,9,1.123046875,1.123046875,1.129150391
oldreference,float,vienot,1,1024,0,1,9,1.153564453,1.153564453,1.159667969
oldreference,float,vienot,1,1024,1,0,9,1.116943359,1.123046875,1.129150391
oldreference,float,vienot,1,1024,1,1,9,1.147460938,1.153564453,1.159667969
oldreference,float,vienot,1,1024,2,0,9,1.116943359,1.123046875,1.129150391
oldreference,float,vienot,1,1024,2,1,9,1.153564453,1.153564453,3.234863281
oldreference,float,vienot,1,65536,0,0,9,1.173400879,1.183414459,1.220321655
oldreference,float,vienot,1,65536,0,1,9,1.171970367,1.173973083,1.227855682
oldreference,float,vienot,1,65536,1,0,9,1.168823242,1.177978516,1.198673248
oldreference,float,vienot,1,65536,1,1,9,1.168823242,1.18932724,1.218605042
oldreference,float,vienot,1,65536,2,0,9,1.173019409,1.182460785,1.202392578
oldreference,float,vienot,1,65536,2,1,9,1.167869568,1.178646088,1.209163666
oldreference,float,vienot,1,8191,0,0,9,1.156757417,1.156757417,1.436027347
oldreference,float,vienot,1,8191,0,1,9,1.155994384,1.157520449,1.320046392
oldreference,float,vienot,1,8191,1,0,9,1.155231351,1.156757417,1.420003663
oldreference,float,vienot,1,8191,1,1,9,1.151416188,1.155994384,1.339122207
oldreference,float,vienot,1,8191,2,0,9,1.155231351,1.156757417,1.236875839
oldreference,float,vienot,1,8191,2,1,9,1.143785863,1.156757417,1.232297644
prepared,double,prepared,0,1024,0,0,9,1.885986328,1.892089844,1.898193359
prepared,double,prepared,0,1024,0,1,9,1.885986328,1.892089844,1.940917969
prepared,double,prepared,0,1024,1,0,9,1.892089844,1.898193359,3.363037109
prepared,double,prepared,0,1024,1,1,9,1.873779297,1.879882812,1.879882812
prepared,double,prepared,0,1024,2,0,9,1.898193359,1.898193359,1.904296875
prepared,double,prepared,0,1024,2,1,9,1.879882812,1.885986328,4.4921875
prepared,double,prepared,0,65536,0,0,9,1.92861557,1.941871643,2.048778534
prepared,double,prepared,0,65536,0,1,9,1.94311142,1.957702637,1.978778839
prepared,double,prepared,0,65536,1,0,9,1.939582825,1.954841614,1.982593536
prepared,double,prepared,0,65536,1,1,9,1.948833466,1.971817017,2.007293701
prepared,double,prepared,0,65536,2,0,9,1.93605423,1.949119568,1.963329315
prepared,double,prepared,0,65536,2,1,9,1.937961578,1.94568634,1.984405518
prepared,double,prepared,0,8191,0,0,9,1.89537297,1.900714199,2.134965206
prepared,double,prepared,0,8191,0,1,9,1.899188133,1.921316079,2.131150043
prepared,double,prepared,0,8191,1,0,9,1.870192895,1.875534123,2.075448663
prepared,double,prepared,0,8191,1,1,9,1.939628861,1.943444024,2.121993652
prepared,double,prepared,0,8191,2,0,9,1.861799536,1.864088634,2.074685631
prepared,double,prepared,0,8191,2,1,9,1.903003296,1.927420339,4.462214626
prepared,double,prepared,1,1024,0,0,9,1.879882812,1.885986328,1.885986328
prepared,double,prepared,1,1024,0,1,9,1.885986328,1.892089844,1.892089844
prepared,double,prepared,1,1024,1,0,9,1.879882812,1.885986328,1.892089844
prepared,double,prepared,1,1024,1,1,9,1.873779297,1.879882812,1.879882812
prepared,double,prepared,1,1024,2,0,9,1.885986328,1.892089844,1.898193359
prepared,double,prepared,1,1024,2,1,9,1.879882812,1.885986328,1.885986328
prepared,double,prepared,1,65536,0,0,9,1.927089691,1.948261261,1.982688904
prepared,double,prepared,1,65536,0,1,9,1.94196701,1.963806152,1.978111267
prepared,double,prepared,1,65536,1,0,9,1.927947998,1.942825317,1.972007751
prepared,double,prepared,1,65536,1,1,9,1.940441132,1.967525482,2.003765106
prepared,double,prepared,1,65536,2,0,9,1.925754547,1.959133148,2.021408081
prepared,double,prepared,1,65536,2,1,9,1.941776276,1.95274353,1.957607269
prepared,double,prepared,1,8191,0,0,9,1.939628861,1.944970089,4.45763643
prepared,double,prepared,1,8191,0,1,9,1.879349286,1.881638384,2.049505555
prepared,double,prepared,1,8191,1,0,9,1.896136003,1.931235502,4.345470639
prepared,double,prepared,1,8191,1,1,9,1.877823221,1.879349286,2.078500794
prepared,double,prepared,1,8191,2,0,9,1.883164449,1.899188133,4.36073129
prepared,double,prepared,1,8191,2,1,9,1.896136003,1.906055427,2.540135515
prepared,double,prepared,2,1024,0,0,9,1.879882812,1.885986328,3.131103516
prepared,double,prepared,2,1024,0,1,9,1.849365234,1.892089844,3.643798828
prepared,double,prepared,2,1024,1,0,9,1.885986328,1.885986328,1.892089844
prepared,double,prepared,2,1024,1,1,9,1.837158203,1.873779297,1.965332031
prepared,double,prepared,2,1024,2,0,9,1.892089844,1.898193359,3.582763672
prepared,double,prepared,2,1024,2,1,9,1.849365234,1.892089844,1.940917969
prepared,double,prepared,2,65536,0,0,9,1.926994324,1.955699921,1.999759674
prepared,double,prepared,2,65536,0,1,9,1.925563812,1.940822601,2.219772339
prepared,double,prepared,2,65536,1,0,9,1.927089691,1.939964294,1.969242096
prepared,double,prepared,2,65536,1,1,9,1.911640167,1.940727234,2.192974091
prepared,double,prepared,2,65536,2,0,9,1.938438416,1.953125,1.964473724
prepared,double,prepared,2,65536,2,1,9,1.914787292,1.935386658,2.225112915
prepared,double,prepared,2,8191,0,0,9,1.917500916,1.919026981,2.19219265
prepared,double,prepared,2,8191,0,1,9,1.872481992,1.900714199,2.223476987
prepared,double,prepared,2,8191,1,0,9,1.91292272,1.9335246,2.207453302
prepared,double,prepared,2,8191,1,1,9,1.884690514,1.903003296,2.10978513
prepared,double,prepared,2,8191,2,0,9,1.921316079,1.948785252,2.113600293
prepared,double,prepared,2,8191,2,1,9,1.832804297,1.875534123,2.095287511
prepared,float,prepared,0,1024,0,0,9,2.05078125,2.075195312,2.081298828
prepared,float,prepared,0,1024,0,1,9,2.130126953,2.136230469,2.142333984
prepared,float,prepared,0,1024,1,0,9,2.056884766,2.081298828,4.705810547
prepared,float,prepared,0,1024,1,1,9,2.130126953,2.136230469,2.142333984
prepared,float,prepared,0,1024,2,0,9,2.056884766,2.081298828,2.087402344
prepared,float,prepared,0,1024,2,1,9,2.136230469,2.142333984,3.472900391
prepared,float,prepared,0,65536,0,0,9,2.129268646,2.188968658,2.231025696
prepared,float,prepared,0,65536,0,1,9,2.175712585,2.192020416,2.196884155
prepared,float,prepared,0,65536,1,0,9,2.168464661,2.184391022,2.212524414
prepared,float,prepared,0,65536,1,1,9,2.177810669,2.187633514,2.20785141
prepared,float,prepared,0,65536,2,0,9,2.152919769,2.177333832,2.475357056
prepared,float,prepared,0,65536,2,1,9,2.177238464,2.188396454,2.198505402
prepared,float,prepared,0,8191,0,0,9,2.043401294,2.06858137,2.339457942
prepared,float,prepared,0,8191,0,1,9,2.152514955,2.161671347,2.743865218
prepared,float,prepared,0,8191,1,0,9,2.047216457,2.079263826,2.568367721
prepared,float,prepared,0,8191,1,1,9,2.152514955,2.154041021,2.958277378
prepared,float,prepared,0,8191,2,0,9,3.60838115,3.812110853,4.607953852
prepared,float,prepared,0,8191,2,1,9,2.151751923,2.153277988,2.855267977
prepared,float,prepared,1,1024,0,0,9,2.075195312,2.075195312,2.081298828
prepared,float,prepared,1,1024,0,1,9,2.136230469,2.136230469,2.142333984
prepared,float,prepared,1,1024,1,0,9,2.069091797,2.075195312,2.075195312
prepared,float,prepared,1,1024,1,1,9,2.136230469,2.142333984,3.515625
prepared,float,prepared,1,1024,2,0,9,2.075195312,2.075195312,2.325439453
prepared,float,prepared,1,1024,2,1,9,2.136230469,2.142333984,2.142333984
prepared,float,prepared,1,65536,0,0,9,2.152633667,2.160263062,2.17218399
prepared,float,prepared,1,65536,0,1,9,2.177429199,2.191162109,2.222251892
prepared,float,prepared,1,65536,1,0,9,2.151870728,2.16550827,2.194213867
prepared,float,prepared,1,65536,1,1,9,2.17666626,2.193260193,2.207565308
prepared,float,prepared,1,65536,2,0,9,2.15549469,2.169895172,2.198791504
prepared,float,prepared,1,65536,2,1,9,2.176570892,2.196788788,2.240180969
prepared,float,prepared,1,8191,0,0,9,2.067818337,2.070107435,2.263154682
prepared,float,prepared,1,8191,0,1,9,2.157093151,2.158619216,2.34479917
prepared,float,prepared,1,8191,1,0,9,2.069344402,2.078500794,2.727078501
prepared,float,prepared,1,8191,1,1,9,2.155567086,2.157856184,2.340984007
prepared,float,prepared,1,8191,2,0,9,3.512239043,3.678580149,3.817452082
prepared,float,prepared,1,8191,2,1,9,2.15098889,2.159382249,2.417287267
prepared,float,prepared,2,1024,0,0,9,2.075195312,2.075195312,3.796386719
prepared,float,prepared,2,1024,0,1,9,2.136230469,2.142333984,4.260253906
prepared,float,prepared,2,1024,1,0,9,2.069091797,2.075195312,2.081298828
prepared,float,prepared,2,1024,1,1,9,2.130126953,2.136230469,2.142333984
prepared,float,prepared,2,1024,2,0,9,2.069091797,2.075195312,3.454589844
prepared,float,prepared,2,1024,2,1,9,2.130126953,2.142333984,2.142333984
prepared,float,prepared,2,65536,0,0,9,2.151870728,2.15511322,2.186775208
prepared,float,prepared,2,65536,0,1,9,2.178096771,2.188205719,2.195453644
prepared,float,prepared,2,65536,1,0,9,2.15473175,2.169036865,2.182006836
prepared,float,prepared,2,65536,1,1,9,2.175426483,2.203559875,2.380466461
prepared,float,prepared,2,65536,2,0,9,2.152729034,2.170753479,2.22492218
prepared,float,prepared,2,65536,2,1,9,2.176475525,2.186584473,2.202415466
prepared,float,prepared,2,8191,0,0,9,2.070107435,2.070870468,2.318856062
prepared,float,prepared,2,8191,0,1,9,2.151751923,2.152514955,2.391344158
prepared,float,prepared,2,8191,1,0,9,2.067818337,2.069344402,2.245604932
prepared,float,prepared,2,8191,1,1,9,2.154041021,2.156330118,2.373794408
prepared,float,prepared,2,8191,2,0,9,2.0716335,2.073159565,2.357770724
prepared,float,prepared,2,8191,2,1,9,2.153277988,2.154804053,2.241789769
reference,double,brettel,0,1024,0,0,9,3.778076172,3.784179688,3.833007812
reference,double,brettel,0,1024,0,1,9,3.771972656,3.778076172,4.998779297
reference,double,brettel,0,1024,1,0,9,3.778076172,3.784179688,5.041503906
reference,double,brettel,0,1024,1,1,9,3.771972656,3.784179688,5.914306641
reference,double,brettel,0,1024,2,0,9,3.778076172,3.784179688,4.949951172
reference,double,brettel,0,1024,2,1,9,3.778076172,3.790283203,3.796386719
reference,double,brettel,0,65536,0,0,9,3.85427475,3.868770599,3.873252869
reference,double,brettel,0,65536,0,1,9,3.845787048,3.861808777,3.903007507
reference,double,brettel,0,65536,1,0,9,3.869724274,3.877067566,3.884410858
reference,double,brettel,0,65536,1,1,9,3.847122192,3.864097595,3.881263733
reference,double,brettel,0,65536,2,0,9,3.859615326,3.88507843,3.969955444
reference,double,brettel,0,65536,2,1,9,3.86095047,3.873729706,3.898429871
reference,double,brettel,0,8191,0,0,9,3.780826517,3.865523135,3.965480405
reference,double,brettel,0,8191,0,1,9,3.786930778,3.857892809,4.906299597
reference,double,brettel,0,8191,1,0,9,3.783115615,3.819741179,4.015840557
reference,double,brettel,0,8191,1,1,9,3.806769625,3.896807472,4.503418386
reference,double,brettel,0,8191,2,0,9,3.789982908,3.86094494,3.938011232
reference,double,brettel,0,8191,2,1,9,3.782352582,3.857892809,4.498077158
reference,double,brettel,1,1024,0,0,9,3.778076172,3.784179688,3.826904297
reference,double,brettel,1,1024,0,1,9,3.778076172,3.784179688,3.790283203
reference,double,brettel,1,1024,1,0,9,3.778076172,3.784179688,5.212402344
reference,double,brettel,1,1024,1,1,9,3.771972656,3.771972656,3.784179688
reference,double,brettel,1,1024,2,0,9,3.771972656,3.784179688,4.815673828
reference,double,brettel,1,1024,2,1,9,3.778076172,3.784179688,5.023193359
reference,double,brettel,1,65536,0,0,9,3.860282898,3.873634338,3.948307037
reference,double,brettel,1,65536,0,1,9,3.845977783,3.854465485,3.880977631
reference,double,brettel,1,65536,1,0,9,3.864574432,3.874874115,3.886032104
reference,double,brettel,1,65536,1,1,9,3.845214844,3.858661652,3.872299194
reference,double,brettel,1,65536,2,0,9,3.861713409,3.876399994,3.912639618
reference,double,brettel,1,65536,2,1,9,3.851699829,3.860855103,3.890895844
reference,double,brettel,1,8191,0,0,9,3.779300452,3.857129777,3.992949579
reference,double,brettel,1,8191,0,1,9,3.785404712,3.866286168,3.974636796
reference,double,brettel,1,8191,1,0,9,3.780063484,3.865523135,3.970821634
reference,double,brettel,1,8191,1,1,9,3.778537419,3.857892809,3.942589427
reference,double,brettel,1,8191,2,0,9,3.777774387,3.788456843,3.947167623
reference,double,brettel,1,8191,2,1,9,3.789219875,3.815926016,3.966243438
reference,double,brettel,2,1024,0,0,9,3.80859375,3.80859375,3.857421875
reference,double,brettel,2,1024,0,1,9,3.778076172,3.778076172,3.784179688
reference,double,brettel,2,1024,1,0,9,3.814697266,3.814697266,23.101806641
reference,double,brettel,2,1024,1,1,9,3.771972656,3.784179688,4.815673828
reference,double,brettel,2,1024,2,0,9,3.80859375,3.814697266,5.487060547
reference,double,brettel,2,1024,2,1,9,3.784179688,3.790283203,5.224609375
reference,double,brettel,2,65536,0,0,9,3.923034668,4.110813141,4.600429535
reference,double,brettel,2,65536,0,1,9,3.868579865,3.895282745,3.950023651
reference,double,brettel,2,65536,1,0,9,3.846549988,3.870105743,3.893089294
reference,double,brettel,2,65536,1,1,9,3.849220276,3.859043121,3.898334503
reference,double,brettel,2,65536,2,0,9,3.851890564,3.866481781,3.928470612
reference,double,brettel,2,65536,2,1,9,3.848648071,3.855037689,3.874874115
reference,double,brettel,2,8191,0,0,9,3.783115615,3.789219875,3.94640459
reference,double,brettel,2,8191,0,1,9,3.78769381,3.834238799,3.917409352
reference,double,brettel,2,8191,1,0,9,3.782352582,3.865523135,3.885361983
reference,double,brettel,2,8191,1,1,9,3.785404712,3.86399707,3.98455622
reference,double,brettel,2,8191,2,0,9,3.780063484,3.86094494,3.965480405
reference,double,brettel,2,8191,2,1,9,3.78464168,3.8670492,3.972347699
reference,double,lookup,0,1024,0,0,9,8.380126953,8.392333984,9.613037109
reference,double,lookup,0,1024,0,1,9,8.386230469,8.392333984,9.027099609
reference,double,lookup,0,1024,1,0,9,8.386230469,8.3984375,14.758300781
reference,double,lookup,0,1024,1,1,9,8.380126953,8.386230469,10.137939453
reference,double,lookup,0,1024,2,0,9,8.380126953,8.392333984,9.582519531
reference,double,lookup,0,1024,2,1,9,8.380126953,8.386230469,14.837646484
reference,double,lookup,0,65536,0,0,9,8.543777466,8.569431305,8.635425568
reference,double,lookup,0,65536,0,1,9,8.52098465,8.540725708,8.583927155
reference,double,lookup,0,65536,1,0,9,8.562469482,8.614444733,8.745956421
reference,double,lookup,0,65536,1,1,9,8.52098465,8.571338654,8.675575256
reference,double,lookup,0,65536,2,0,9,8.540630341,8.576011658,8.651924133
reference,double,lookup,0,65536,2,1,9,8.519458771,8.553886414,8.627128601
reference,double,lookup,0,8191,0,0,9,8.521548041,8.544439018,8.676443658
reference,double,lookup,0,8191,0,1,9,8.525363204,8.547491149,8.645922354
reference,double,lookup,0,8191,1,0,9,8.538334758,8.562751801,8.719173483
reference,double,lookup,0,8191,1,1,9,8.545202051,8.604718594,8.693993407
reference,double,lookup,0,8191,2,0,9,8.511628617,8.57419729,8.655078745
reference,double,lookup,0,8191,2,1,9,8.544439018,8.657367843,9.057196923
reference,double,lookup,1,1024,0,0,9,8.374023438,8.386230469,10.498046875
reference,double,lookup,1,1024,0,1,9,8.386230469,8.526611328,9.765625
reference,double,lookup,1,1024,1,0,9,8.380126953,8.386230469,10.015869141
reference,double,lookup,1,1024,1,1,9,8.374023438,8.386230469,9.680175781
reference,double,lookup,1,1024,2,0,9,8.392333984,8.404541016,29.656982422
reference,double,lookup,1,1024,2,1,9,8.471679688,8.483886719,9.796142578
reference,double,lookup,1,65536,0,0,9,8.549022675,8.627510071,12.083530426
reference,double,lookup,1,65536,0,1,9,8.534049988,8.584403992,8.683013916
reference,double,lookup,1,65536,1,0,9,8.537483215,8.573818207,8.665657043
reference,double,lookup,1,65536,1,1,9,8.52689743,8.553791046,8.592319489
reference,double,lookup,1,65536,2,0,9,8.546924591,8.560276031,8.641147614
reference,double,lookup,1,65536,2,1,9,8.519458771,8.539485931,8.582115173
reference,double,lookup,1,8191,0,0,9,8.514680747,8.533756562,9.078561836
reference,double,lookup,1,8191,0,1,9,8.519258943,8.590984007,9.985807594
reference,double,lookup,1,8191,1,0,9,8.534519595,8.544439018,8.639818093
reference,double,lookup,1,8191,1,1,9,8.527652301,8.552069344,9.063301184
reference,double,lookup,1,8191,2,0,9,8.50094616,8.510102552,8.732145037
reference,double,lookup,1,8191,2,1,9,8.537571725,8.664235136,8.742827494
reference,double,lookup,2,1024,0,0,9,8.367919922,8.392333984,8.978271484
reference,double,lookup,2,1024,0,1,9,8.386230469,8.3984375,10.223388672
reference,double,lookup,2,1024,1,0,9,8.374023438,8.380126953,9.515380859
reference,double,lookup,2,1024,1,1,9,8.502197266,8.514404297,10.400390625
reference,double,lookup,2,1024,2,0,9,8.374023438,8.386230469,8.966064453
reference,double,lookup,2,1024,2,1,9,8.374023438,8.392333984,10.900878906
reference,double,lookup,2,65536,0,0,9,8.540058136,8.564758301,8.657836914
reference,double,lookup,2,65536,0,1,9,8.555412292,8.600234985,8.813858032
reference,double,lookup,2,65536,1,0,9,8.542728424,8.575725555,8.59375
reference,double,lookup,2,65536,1,1,9,8.533382416,8.551979065,8.727169037
reference,double,lookup,2,65536,2,0,9,8.54473114,8.570766449,8.619022369
reference,double,lookup,2,65536,2,1,9,8.530521393,8.557224274,8.671283722
reference,double,lookup,2,8191,0,0,9,8.552832377,8.587168844,9.353253571
reference,double,lookup,2,8191,0,1,9,8.512391649,8.594036137,9.220485899
reference,double,lookup,2,8191,1,0,9,8.53604566,8.583353681,9.62031498
reference,double,lookup,2,8191,1,1,9,8.601666463,8.633713832,9.234220486
reference,double,lookup,2,8191,2,0,9,8.513917715,8.557410573,9.318154072
reference,double,lookup,2,8191,2,1,9,8.533756562,8.572671225,8.809974362
reference,double,lookupApply,0,1024,0,0,9,11.376953125,11.395263672,12.725830078
reference,double,lookupApply,0,1024,0,1,9,11.389160156,11.413574219,12.823486328
reference,double,lookupApply,0,1024,1,0,9,11.383056641,11.401367188,12.622070312
reference,double,lookupApply,0,1024,1,1,9,11.389160156,11.401367188,12.780761719
reference,double,lookupApply,0,1024,2,0,9,11.395263672,11.413574219,13.830566406
reference,double,lookupApply,0,1024,2,1,9,11.401367188,11.413574219,12.756347656
reference,double,lookupApply,0,65536,0,0,9,11.629676819,11.651325226,11.748504639
reference,double,lookupApply,0,65536,0,1,9,11.604404449,11.630630493,11.743450165
reference,double,lookupApply,0,65536,1,0,9,11.649417877,11.661529541,11.815738678
reference,double,lookupApply,0,65536,1,1,9,11.610889435,11.648654938,11.681461334
reference,double,lookupApply,0,65536,2,0,9,11.631011963,11.653137207,11.711120605
reference,double,lookupApply,0,65536,2,1,9,11.618232727,11.650657654,11.757278442
reference,double,lookupApply,0,8191,0,0,9,11.543157124,11.624038579,12.42064461
reference,double,lookupApply,0,8191,0,1,9,11.517214015,11.595806373,12.022341594
reference,double,lookupApply,0,8191,1,0,9,11.55078745,11.65379685,12.435142229
reference,double,lookupApply,0,8191,1,1,9,11.553076547,11.618697351,11.6713466
reference,double,lookupApply,0,8191,2,0,9,11.637010133,11.779697229,13.923055793
reference,double,lookupApply,0,8191,2,1,9,11.603436699,11.680502991,11.846844097
reference,double,lookupApply,1,1024,0,0,9,11.474609375,11.480712891,12.768554688
reference,double,lookupApply,1,1024,0,1,9,11.395263672,11.413574219,12.390136719
reference,double,lookupApply,1,1024,1,0,9,11.401367188,11.413574219,12.738037109
reference,double,lookupApply,1,1024,1,1,9,11.383056641,11.395263672,12.408447266
reference,double,lookupApply,1,1024,2,0,9,11.389160156,12.078857422,14.947509766
reference,double,lookupApply,1,1024,2,1,9,11.395263672,11.419677734,12.664794922
reference,double,lookupApply,1,65536,0,0,9,11.625766754,11.64522171,11.994171143
reference,double,lookupApply,1,65536,0,1,9,11.626434326,11.644172668,11.698246002
reference,double,lookupApply,1,65536,1,0,9,11.642742157,11.678504944,11.715698242
reference,double,lookupApply,1,65536,1,1,9,11.609745026,11.637973785,11.690807343
reference,double,lookupApply,1,65536,2,0,9,11.634349823,11.661434174,11.74287796
reference,double,lookupApply,1,65536,2,1,9,11.614608765,11.638641357,11.672687531
reference,double,lookupApply,1,8191,0,0,9,11.529422537,11.608014894,11.854474423
reference,double,lookupApply,1,8191,0,1,9,11.592754242,11.662953241,11.703393969
reference,double,lookupApply,1,8191,1,0,9,11.559180808,11.624038579,11.843028934
reference,double,lookupApply,1,8191,1,1,9,11.563759004,11.640062263,11.73010011
reference,double,lookupApply,1,8191,2,0,9,11.527133439,11.604962764,11.624801612
reference,double,lookupApply,1,8191,2,1,9,11.537815895,11.603436699,11.756806251
reference,double,lookupApply,2,1024,0,0,9,11.431884766,11.450195312,12.457275391
reference,double,lookupApply,2,1024,0,1,9,11.260986328,11.279296875,12.6953125
reference,double,lookupApply,2,1024,1,0,9,11.437988281,11.450195312,12.731933594
reference,double,lookupApply,2,1024,1,1,9,11.260986328,11.285400391,12.542724609
reference,double,lookupApply,2,1024,2,0,9,11.444091797,11.499023438,12.237548828
reference,double,lookupApply,2,1024,2,1,9,11.279296875,11.303710938,12.591552734
reference,double,lookupApply,2,65536,0,0,9,11.625862122,11.648178101,12.447357178
reference,double,lookupApply,2,65536,0,1,9,11.654567719,11.665344238,11.813354492
reference,double,lookupApply,2,65536,1,0,9,11.647701263,11.664009094,11.733150482
reference,double,lookupApply,2,65536,1,1,9,11.610031128,11.630153656,11.713314056
reference,double,lookupApply,2,65536,2,0,9,11.620616913,11.648178101,11.73658371
reference,double,lookupApply,2,65536,2,1,9,11.614608765,11.649703979,11.695194244
reference,double,lookupApply,2,8191,0,0,9,11.517977048,11.528659504,11.627853742
reference,double,lookupApply,2,8191,0,1,9,11.507294592,11.584360884,11.763673544
reference,double,lookupApply,2,8191,1,0,9,11.534763765,11.617934318,11.679739958
reference,double,lookupApply,2,8191,1,1,9,11.607251862,11.81250763,12.073464778
reference,double,lookupApply,2,8191,2,0,9,11.521792211,11.599621536,13.158497131
reference,double,lookupApply,2,8191,2,1,9,11.398943963,11.561469906,11.895678183
reference,double,prepared,0,1024,0,0,9,1.892089844,1.898193359,4.455566406
reference,double,prepared,0,1024,0,1,9,1.898193359,1.898193359,1.910400391
reference,double,prepared,0,1024,1,0,9,1.892089844,1.898193359,1.898193359
reference,double,prepared,0,1024,1,1,9,1.879882812,1.885986328,1.892089844
reference,double,prepared,0,1024,2,0,9,1.892089844,1.898193359,2.325439453
reference,double,prepared,0,1024,2,1,9,1.898193359,1.904296875,3.259277344
reference,double,prepared,0,65536,0,0,9,1.936435699,1.968669891,2.01253891
reference,double,prepared,0,65536,0,1,9,1.938533783,1.945018768,1.995658875
reference,double,prepared,0,65536,1,0,9,1.933860779,1.965808868,1.984977722
reference,double,prepared,0,65536,1,1,9,1.950836182,1.964855194,2.011585236
reference,double,prepared,0,65536,2,0,9,1.9572258,1.969718933,1.988220215
reference,double,prepared,0,65536,2,1,9,1.928424835,1.965236664,2.023029327
reference,double,prepared,0,8191,0,0,9,1.925131242,1.926657307,2.015932121
reference,double,prepared,0,8191,0,1,9,1.923605176,1.931235502,2.029666707
reference,double,prepared,0,8191,1,0,9,1.908344524,1.910633622,2.066292272
reference,double,prepared,0,8191,1,1,9,1.908344524,1.921316079,2.098339641
reference,double,prepared,0,8191,2,0,9,1.909107557,1.914448785,1.991515078
reference,double,prepared,0,8191,2,1,9,1.909107557,1.911396655,2.106733
reference,double,prepared,1,1024,0,0,9,1.904296875,1.904296875,1.910400391
reference,double,prepared,1,1024,0,1,9,1.892089844,1.898193359,6.213378906
reference,double,prepared,1,1024,1,0,9,1.898193359,1.904296875,3.082275391
reference,double,prepared,1,1024,1,1,9,1.885986328,1.892089844,1.898193359
reference,double,prepared,1,1024,2,0,9,1.892089844,1.898193359,3.485107422
reference,double,prepared,1,1024,2,1,9,1.892089844,1.904296875,1.928710938
reference,double,prepared,1,65536,0,0,9,1.944828033,1.96313858,1.996803284
reference,double,prepared,1,65536,0,1,9,1.917266846,1.944446564,1.991653442
reference,double,prepared,1,65536,1,0,9,1.942920685,1.957607269,1.990127563
reference,double,prepared,1,65536,1,1,9,1.937103271,1.955986023,1.988792419
reference,double,prepared,1,65536,2,0,9,1.952838898,1.959705353,2.004337311
reference,double,prepared,1,65536,2,1,9,1.92861557,1.953983307,1.990413666
reference,double,prepared,1,8191,0,0,9,1.918263948,1.919790013,2.020510316
reference,double,prepared,1,8191,0,1,9,1.918263948,1.940391894,2.138780369
reference,double,prepared,1,8191,1,0,9,1.906818459,1.910633622,1.990752045
reference,double,prepared,1,8191,1,1,9,1.925894274,1.929709437,2.103680869
reference,double,prepared,1,8191,2,0,9,1.894609938,1.917500916,2.038823099
reference,double,prepared,1,8191,2,1,9,1.89232084,1.90987059,2.015169088
reference,double,prepared,2,1024,0,0,9,1.934814453,1.940917969,21.459960938
reference,double,prepared,2,1024,0,1,9,1.885986328,1.934814453,3.02734375
reference,double,prepared,2,1024,1,0,9,1.934814453,1.947021484,3.723144531
reference,double,prepared,2,1024,1,1,9,1.873779297,1.879882812,1.922607422
reference,double,prepared,2,1024,2,0,9,1.934814453,1.940917969,1.947021484
reference,double,prepared,2,1024,2,1,9,1.898193359,1.904296875,1.916503906
reference,double,prepared,2,65536,0,0,9,2.021789551,2.191066742,2.455329895
reference,double,prepared,2,65536,0,1,9,1.941871643,1.964664459,1.982784271
reference,double,prepared,2,65536,1,0,9,1.934337616,1.94568634,1.970100403
reference,double,prepared,2,65536,1,1,9,1.937198639,1.95684433,1.999950409
reference,double,prepared,2,65536,2,0,9,1.933479309,1.956653595,1.976108551
reference,double,prepared,2,65536,2,1,9,1.936435699,1.955509186,1.971244812
reference,double,prepared,2,8191,0,0,9,1.919026981,1.921316079,1.997619338
reference,double,prepared,2,8191,0,1,9,1.902240264,1.921316079,4.217281162
reference,double,prepared,2,8191,1,0,9,1.906055427,1.920553046,2.000671469
reference,double,prepared,2,8191,1,1,9,1.893083873,1.911396655,4.425589061
reference,double,prepared,2,8191,2,0,9,1.899188133,1.919790013,1.981595654
reference,double,prepared,2,8191,2,1,9,1.908344524,1.922842144,3.888414113
reference,double,vienot,0,1024,0,0,9,1.068115234,1.07421875,1.080322266
reference,double,vienot,0,1024,0,1,9,1.068115234,1.07421875,1.07421875
reference,double,vienot,0,1024,1,0,9,1.068115234,1.07421875,1.07421875
reference,double,vienot,0,1024,1,1,9,1.068115234,1.07421875,1.080322266
reference,double,vienot,0,1024,2,0,9,1.068115234,1.07421875,1.251220703
reference,double,vienot,0,1024,2,1,9,1.068115234,1.07421875,2.502441406
reference,double,vienot,0,65536,0,0,9,1.108646393,1.156425476,1.806163788
reference,double,vienot,0,65536,0,1,9,1.111984253,1.130485535,1.159572601
reference,double,vienot,0,65536,1,0,9,1.138401031,1.190376282,1.28660202
reference,double,vienot,0,65536,1,1,9,1.11618042,1.141262054,1.167106628
reference,double,vienot,0,65536,2,0,9,1.127719879,1.152706146,1.289176941
reference,double,vienot,0,65536,2,1,9,1.117515564,1.163768768,1.200485229
reference,double,vienot,0,8191,0,0,9,1.088847516,1.089610548,1.255951654
reference,double,vienot,0,8191,0,1,9,1.08732145,1.089610548,1.175833232
reference,double,vienot,0,8191,1,0,9,1.095714809,1.106397265,1.564979856
reference,double,vienot,0,8191,1,1,9,1.1048712,1.112501526,1.190330851
reference,double,vienot,0,8191,2,0,9,1.085795385,1.088847516,1.294866317
reference,double,vienot,0,8191,2,1,9,1.10181907,1.1048712,1.191093884
reference,double,vienot,1,1024,0,0,9,1.068115234,1.07421875,1.07421875
reference,double,vienot,1,1024,0,1,9,1.068115234,1.07421875,1.080322266
reference,double,vienot,1,1024,1,0,9,1.068115234,1.07421875,1.07421875
reference,double,vienot,1,1024,1,1,9,1.068115234,1.07421875,1.07421875
reference,double,vienot,1,1024,2,0,9,1.068115234,1.07421875,1.080322266
reference,double,vienot,1,1024,2,1,9,1.068115234,1.07421875,1.080322266
reference,double,vienot,1,65536,0,0,9,1.105594635,1.122283936,1.146316528
reference,double,vienot,1,65536,0,1,9,1.103019714,1.120471954,1.177501678
reference,double,vienot,1,65536,1,0,9,1.108169556,1.140594482,1.265144348
reference,double,vienot,1,65536,1,1,9,1.124286652,1.157188416,1.221466064
reference,double,vienot,1,65536,2,0,9,1.130390167,1.180076599,1.231479645
reference,double,vienot,1,65536,2,1,9,1.105213165,1.121520996,1.239204407
reference,double,vienot,1,8191,0,0,9,1.086558418,1.08732145,1.171255036
reference,double,vienot,1,8191,0,1,9,1.096477842,1.131577341,1.891557807
reference,double,vienot,1,8191,1,0,9,1.086558418,1.086558418,1.181937492
reference,double,vienot,1,8191,1,1,9,1.090373581,1.109449396,1.868666829
reference,double,vienot,1,8191,2,0,9,1.086558418,1.08732145,1.165150775
reference,double,vienot,1,8191,2,1,9,1.089610548,1.090373581,1.828226102
reference,float,brettel,0,1024,0,0,9,2.34375,2.386474609,2.398681641
reference,float,brettel,0,1024,0,1,9,2.435302734,2.447509766,2.447509766
reference,float,brettel,0,1024,1,0,9,2.34375,2.392578125,4.046630859
reference,float,brettel,0,1024,1,1,9,2.435302734,2.447509766,2.459716797
reference,float,brettel,0,1024,2,0,9,2.34375,2.392578125,4.1015625
reference,float,brettel,0,1024,2,1,9,2.435302734,2.447509766,2.996826172
reference,float,brettel,0,65536,0,0,9,2.421665192,2.44436264,2.480316162
reference,float,brettel,0,65536,0,1,9,2.455043793,2.461528778,2.493572235
reference,float,brettel,0,65536,1,0,9,2.409934998,2.432250977,2.477455139
reference,float,brettel,0,65536,1,1,9,2.452850342,2.461051941,2.488613129
reference,float,brettel,0,65536,2,0,9,2.417182922,2.457141876,2.504920959
reference,float,brettel,0,65536,2,1,9,2.450370789,2.465629578,2.476978302
reference,float,brettel,0,8191,0,0,9,2.328775485,2.460780125,2.646960078
reference,float,brettel,0,8191,0,1,9,2.420339397,2.429495788,3.161244048
reference,float,brettel,0,8191,1,0,9,2.363111952,2.373031376,3.07959956
reference,float,brettel,0,8191,1,1,9,2.423391527,2.498168722,3.146746429
reference,float,brettel,0,8191,2,0,9,2.363874985,2.374557441,2.569893786
reference,float,brettel,0,8191,2,1,9,2.422628495,2.429495788,3.265016482
reference,float,brettel,1,1024,0,0,9,2.392578125,2.392578125,3.515625
reference,float,brettel,1,1024,0,1,9,2.435302734,2.44140625,2.502441406
reference,float,brettel,1,1024,1,0,9,2.386474609,2.392578125,2.404785156
reference,float,brettel,1,1024,1,1,9,2.435302734,2.44140625,2.453613281
reference,float,brettel,1,1024,2,0,9,2.386474609,2.386474609,2.392578125
reference,float,brettel,1,1024,2,1,9,2.44140625,2.447509766,2.453613281
reference,float,brettel,1,65536,0,0,9,2.461433411,2.473163605,2.515602112
reference,float,brettel,1,65536,0,1,9,2.447891235,2.463722229,2.482891083
reference,float,brettel,1,65536,1,0,9,2.45513916,2.467632294,2.483272552
reference,float,brettel,1,65536,1,1,9,2.449131012,2.476882935,2.491378784
reference,float,brettel,1,65536,2,0,9,2.468204498,2.476596832,2.507686615
reference,float,brettel,1,65536,2,1,9,2.45475769,2.461528778,2.499961853
reference,float,brettel,1,8191,0,0,9,2.42415456,2.428732755,2.526400928
reference,float,brettel,1,8191,0,1,9,2.421102429,2.428732755,2.515718471
reference,float,brettel,1,8191,1,0,9,2.423391527,2.424917592,2.523348797
reference,float,brettel,1,8191,1,1,9,2.420339397,2.422628495,2.490538396
reference,float,brettel,1,8191,2,0,9,2.421865462,2.425680625,2.576761079
reference,float,brettel,1,8191,2,1,9,2.421102429,2.425680625,2.501220852
reference,float,brettel,2,1024,0,0,9,2.380371094,2.398681641,2.404785156
reference,float,brettel,2,1024,0,1,9,2.386474609,2.392578125,2.44140625
reference,float,brettel,2,1024,1,0,9,2.386474609,2.386474609,2.398681641
reference,float,brettel,2,1024,1,1,9,2.386474609,2.392578125,2.398681641
reference,float,brettel,2,1024,2,0,9,2.386474609,2.398681641,8.081054688
reference,float,brettel,2,1024,2,1,9,2.386474609,2.392578125,2.392578125
reference,float,brettel,2,65536,0,0,9,2.455329895,2.46629715,2.479839325
reference,float,brettel,2,65536,0,1,9,2.449512482,2.459907532,2.502822876
reference,float,brettel,2,65536,1,0,9,2.453994751,2.471637726,2.49786377
reference,float,brettel,2,65536,1,1,9,2.454471588,2.46181488,2.483177185
reference,float,brettel,2,65536,2,0,9,2.459716797,2.468967438,2.490615845
reference,float,brettel,2,65536,2,1,9,2.448272705,2.460098267,2.483844757
reference,float,brettel,2,8191,0,0,9,2.421865462,2.489775363,2.534031254
reference,float,brettel,2,8191,0,1,9,2.421865462,2.429495788,2.656879502
reference,float,brettel,2,8191,1,0,9,2.421102429,2.42415456,2.736234892
reference,float,brettel,2,8191,1,1,9,2.421865462,2.42415456,2.499694787
reference,float,brettel,2,8191,2,0,9,2.422628495,2.430258821,2.509614211
reference,float,brettel,2,8191,2,1,9,2.421865462,2.425680625,2.507325113
reference,float,lookup,0,1024,0,0,9,7.025146484,7.043457031,9.259033203
reference,float,lookup,0,1024,0,1,9,6.799316406,6.805419922,7.781982422
reference,float,lookup,0,1024,1,0,9,6.884765625,6.903076172,8.215332031
reference,float,lookup,0,1024,1,1,9,6.860351562,6.872558594,26.477050781
reference,float,lookup,0,1024,2,0,9,6.671142578,6.695556641,7.763671875
reference,float,lookup,0,1024,2,1,9,6.695556641,6.701660156,7.873535156
reference,float,lookup,0,65536,0,0,9,7.126426697,7.148551941,7.234954834
reference,float,lookup,0,65536,0,1,9,6.81142807,6.822395325,6.860256195
reference,float,lookup,0,65536,1,0,9,6.831455231,6.846046448,6.919956207
reference,float,lookup,0,65536,1,1,9,7.099342346,7.129001617,7.216072083
reference,float,lookup,0,65536,2,0,9,7.114028931,7.141494751,7.205295563
reference,float,lookup,0,65536,2,1,9,7.106304169,7.128810883,7.163143158
reference,float,lookup,0,8191,0,0,9,7.028293249,7.11680503,8.809974362
reference,float,lookup,0,8191,0,1,9,7.0786534,7.087046759,7.138932975
reference,float,lookup,0,8191,1,0,9,6.720791112,6.808539861,9.18843853
reference,float,lookup,0,8191,1,1,9,6.760468807,6.81998535,7.003876206
reference,float,lookup,0,8191,2,0,9,6.88484312,6.998534977,9.298315224
reference,float,lookup,0,8191,2,1,9,6.697900134,6.788701013,6.914601392
reference,float,lookup,1,1024,0,0,9,6.988525391,7.000732422,8.038330078
reference,float,lookup,1,1024,0,1,9,6.695556641,6.707763672,7.263183594
reference,float,lookup,1,1024,1,0,9,6.683349609,6.695556641,9.234619141
reference,float,lookup,1,1024,1,1,9,6.854248047,6.951904297,8.233642578
reference,float,lookup,1,1024,2,0,9,6.677246094,6.896972656,7.91015625
reference,float,lookup,1,1024,2,1,9,6.701660156,6.713867188,8.093261719
reference,float,lookup,1,65536,0,0,9,7.113075256,7.156085968,7.615184784
reference,float,lookup,1,65536,0,1,9,6.805610657,6.82220459,6.891918182
reference,float,lookup,1,65536,1,0,9,6.824874878,6.84261322,6.909275055
reference,float,lookup,1,65536,1,1,9,7.106876373,7.119083405,7.212257385
reference,float,lookup,1,65536,2,0,9,7.123088837,7.171440125,7.256603241
reference,float,lookup,1,65536,2,1,9,7.110023499,7.120800018,7.192993164
reference,float,lookup,1,8191,0,0,9,7.000824075,7.098492248,7.277041875
reference,float,lookup,1,8191,0,1,9,7.03744964,7.103070443,7.837107801
reference,float,lookup,1,8191,1,0,9,6.700189232,6.782596753,6.897051642
reference,float,lookup,1,8191,1,1,9,6.784122818,6.84058723,7.531894763
reference,float,lookup,1,8191,2,0,9,6.88484312,6.959620315,7.074075204
reference,float,lookup,1,8191,2,1,9,6.693321939,6.76428397,7.473141253
reference,float,lookup,2,1024,0,0,9,6.872558594,6.872558594,7.568359375
reference,float,lookup,2,1024,0,1,9,6.683349609,6.701660156,7.354736328
reference,float,lookup,2,1024,1,0,9,6.689453125,6.701660156,7.849121094
reference,float,lookup,2,1024,1,1,9,6.860351562,6.860351562,8.123779297
reference,float,lookup,2,1024,2,0,9,6.689453125,6.707763672,8.673095703
reference,float,lookup,2,1024,2,1,9,6.695556641,6.707763672,7.861328125
reference,float,lookup,2,65536,0,0,9,6.976318359,6.990432739,7.019233704
reference,float,lookup,2,65536,0,1,9,6.797885895,6.817722321,6.921100616
reference,float,lookup,2,65536,1,0,9,7.12518692,7.156085968,7.253837585
reference,float,lookup,2,65536,1,1,9,7.111358643,7.126712799,7.177352905
reference,float,lookup,2,65536,2,0,9,7.00378418,7.038116455,7.093715668
reference,float,lookup,2,65536,2,1,9,7.113742828,7.129383087,7.161808014
reference,float,lookup,2,8191,0,0,9,6.875686729,6.957331217,7.202264681
reference,float,lookup,2,8191,0,1,9,7.064918813,7.121383225,7.164876084
reference,float,lookup,2,8191,1,0,9,6.72613234,6.796331339,7.332743255
reference,float,lookup,2,8191,1,1,9,6.715449884,6.820748382,7.052710292
reference,float,lookup,2,8191,2,0,9,6.716212917,6.782596753,6.809302893
reference,float,lookup,2,8191,2,1,9,6.691032841,6.771914296,7.233549017
reference,float,lookupApply,0,1024,0,0,9,9.558105469,9.686279297,11.096191406
reference,float,lookupApply,0,1024,0,1,9,9.552001953,9.558105469,10.198974609
reference,float,lookupApply,0,1024,1,0,9,9.521484375,9.600830078,10.998535156
reference,float,lookupApply,0,1024,1,1,9,9.515380859,9.539794922,10.656738281
reference,float,lookupApply,0,1024,2,0,9,9.521484375,9.545898438,11.358642578
reference,float,lookupApply,0,1024,2,1,9,9.509277344,9.558105469,10.9375
reference,float,lookupApply,0,65536,0,0,9,9.733104706,9.748840332,9.801864624
reference,float,lookupApply,0,65536,0,1,9,9.715080261,9.73777771,9.818172455
reference,float,lookupApply,0,65536,1,0,9,9.715080261,9.753322601,9.829139709
reference,float,lookupApply,0,65536,1,1,9,9.707832336,9.728050232,9.832954407
reference,float,lookupApply,0,65536,2,0,9,9.737300873,9.755420685,9.826946259
reference,float,lookupApply,0,65536,2,1,9,9.740257263,9.781265259,9.933185577
reference,float,lookupApply,0,8191,0,0,9,9.674490294,9.742400195,10.091869125
reference,float,lookupApply,0,8191,0,1,9,9.654651447,9.721798315,11.503479429
reference,float,lookupApply,0,8191,1,0,9,9.659229642,9.733243804,10.129257722
reference,float,lookupApply,0,8191,1,1,9,9.629471371,9.672201196,10.066689049
reference,float,lookupApply,0,8191,2,0,9,9.737058967,9.784366988,9.930869247
reference,float,lookupApply,0,8191,2,1,9,9.655414479,9.669912099,9.766054206
reference,float,lookupApply,1,1024,0,0,9,9.600830078,9.606933594,11.181640625
reference,float,lookupApply,1,1024,0,1,9,9.497070312,9.588623047,11.566162109
reference,float,lookupApply,1,1024,1,0,9,9.503173828,9.576416016,10.888671875
reference,float,lookupApply,1,1024,1,1,9,9.552001953,9.613037109,11.419677734
reference,float,lookupApply,1,1024,2,0,9,9.539794922,9.5703125,10.675048828
reference,float,lookupApply,1,1024,2,1,9,9.509277344,9.5703125,12.164306641
reference,float,lookupApply,1,65536,0,0,9,9.732437134,9.75227356,9.81464386
reference,float,lookupApply,1,65536,0,1,9,9.69953537,9.747600555,9.816074371
reference,float,lookupApply,1,65536,1,0,9,9.708976746,9.743022919,9.811401367
reference,float,lookupApply,1,65536,1,1,9,9.721469879,9.745693207,9.839344025
reference,float,lookupApply,1,65536,2,0,9,9.72776413,9.745121002,9.766292572
reference,float,lookupApply,1,65536,2,1,9,9.713840485,9.733390808,10.031509399
reference,float,lookupApply,1,8191,0,0,9,9.685935783,9.751556586,10.441338054
reference,float,lookupApply,1,8191,0,1,9,9.646258088,9.681357588,9.763765108
reference,float,lookupApply,1,8191,1,0,9,9.630997436,9.648547186,10.338328653
reference,float,lookupApply,1,8191,1,1,9,9.632523501,9.678305457,9.838542303
reference,float,lookupApply,1,8191,2,0,9,9.654651447,9.744689293,10.382584544
reference,float,lookupApply,1,8191,2,1,9,9.634812599,9.705011598,9.774447564
reference,float,lookupApply,2,1024,0,0,9,9.509277344,9.582519531,10.858154297
reference,float,lookupApply,2,1024,0,1,9,9.594726562,9.619140625,11.322021484
reference,float,lookupApply,2,1024,1,0,9,9.515380859,9.527587891,10.784912109
reference,float,lookupApply,2,1024,1,1,9,9.545898438,9.558105469,11.071777344
reference,float,lookupApply,2,1024,2,0,9,9.521484375,9.527587891,11.077880859
reference,float,lookupApply,2,1024,2,1,9,9.503173828,9.576416016,10.900878906
reference,float,lookupApply,2,65536,0,0,9,9.71736908,9.767913818,9.812736511
reference,float,lookupApply,2,65536,0,1,9,9.684658051,9.73110199,9.753417969
reference,float,lookupApply,2,65536,1,0,9,9.723377228,9.746265411,9.810161591
reference,float,lookupApply,2,65536,1,1,9,9.709835052,9.748744965,9.802341461
reference,float,lookupApply,2,65536,2,0,9,9.743976593,9.796714783,9.956455231
reference,float,lookupApply,2,65536,2,1,9,9.725475311,9.76228714,9.803104401
reference,float,lookupApply,2,8191,0,0,9,9.666096936,9.705774631,10.502380662
reference,float,lookupApply,2,8191,0,1,9,9.638627762,9.673727262,9.866011476
reference,float,lookupApply,2,8191,1,0,9,9.624893175,9.735532902,10.668721768
reference,float,lookupApply,2,8191,1,1,9,9.62336711,9.67906849,9.755371749
reference,float,lookupApply,2,8191,2,0,9,9.64091686,9.730954706,10.639726529
reference,float,lookupApply,2,8191,2,1,9,9.639390795,9.711115859,9.837016237
reference,float,prepared,0,1024,0,0,9,2.136230469,2.136230469,3.784179688
reference,float,prepared,0,1024,0,1,9,2.166748047,2.172851562,2.185058594
reference,float,prepared,0,1024,1,0,9,2.130126953,2.136230469,2.142333984
reference,float,prepared,0,1024,1,1,9,2.154541016,2.166748047,3.594970703
reference,float,prepared,0,1024,2,0,9,2.130126953,2.142333984,2.142333984
reference,float,prepared,0,1024,2,1,9,2.154541016,2.166748047,3.546142578
reference,float,prepared,0,65536,0,0,9,2.165699005,2.184867859,2.227687836
reference,float,prepared,0,65536,0,1,9,2.176475525,2.180862427,2.210044861
reference,float,prepared,0,65536,1,0,9,2.157592773,2.161026001,2.245807648
reference,float,prepared,0,65536,1,1,9,2.17628479,2.180957794,2.253341675
reference,float,prepared,0,65536,2,0,9,2.159404755,2.1692276,2.183151245
reference,float,prepared,0,65536,2,1,9,2.177047729,2.179050446,2.221107483
reference,float,prepared,0,8191,0,0,9,2.129623978,2.131150043,2.760651935
reference,float,prepared,0,8191,0,1,9,2.154041021,2.154804053,2.238737639
reference,float,prepared,0,8191,1,0,9,2.128860945,2.129623978,2.315040899
reference,float,prepared,0,8191,1,1,9,2.153277988,2.154804053,2.279941399
reference,float,prepared,0,8191,2,0,9,2.128097912,2.129623978,2.734708827
reference,float,prepared,0,8191,2,1,9,2.151751923,2.153277988,2.228818215
reference,float,prepared,1,1024,0,0,9,2.136230469,2.136230469,2.142333984
reference,float,prepared,1,1024,0,1,9,2.154541016,2.160644531,2.331542969
reference,float,prepared,1,1024,1,0,9,2.142333984,2.142333984,2.1484375
reference,float,prepared,1,1024,1,1,9,2.160644531,2.160644531,3.759765625
reference,float,prepared,1,1024,2,0,9,2.130126953,2.136230469,2.172851562
reference,float,prepared,1,1024,2,1,9,2.160644531,2.160644531,22.827148438
reference,float,prepared,1,65536,0,0,9,2.183914185,2.205562592,2.265834808
reference,float,prepared,1,65536,0,1,9,2.177524567,2.189064026,2.25019455
reference,float,prepared,1,65536,1,0,9,2.183151245,2.199077606,2.256584167
reference,float,prepared,1,65536,1,1,9,2.177619934,2.188110352,2.199554443
reference,float,prepared,1,65536,2,0,9,2.180480957,2.199840546,2.22454071
reference,float,prepared,1,65536,2,1,9,2.17628479,2.180480957,2.196598053
reference,float,prepared,1,8191,0,0,9,2.152514955,2.159382249,2.349377365
reference,float,prepared,1,8191,0,1,9,2.156330118,2.157856184,2.229581248
reference,float,prepared,1,8191,1,0,9,2.154041021,2.157093151,2.238737639
reference,float,prepared,1,8191,1,1,9,2.154041021,2.155567086,2.221187889
reference,float,prepared,1,8191,2,0,9,2.152514955,2.153277988,2.222713954
reference,float,prepared,1,8191,2,1,9,2.156330118,2.160145281,2.71792211
reference,float,prepared,2,1024,0,0,9,2.130126953,2.136230469,3.680419922
reference,float,prepared,2,1024,0,1,9,2.142333984,2.142333984,2.1484375
reference,float,prepared,2,1024,1,0,9,2.130126953,2.136230469,2.142333984
reference,float,prepared,2,1024,1,1,9,2.130126953,2.136230469,3.259277344
reference,float,prepared,2,1024,2,0,9,2.136230469,2.142333984,2.142333984
reference,float,prepared,2,1024,2,1,9,2.136230469,2.1484375,3.369140625
reference,float,prepared,2,65536,0,0,9,2.181816101,2.191257477,2.208995819
reference,float,prepared,2,65536,0,1,9,2.175426483,2.184867859,2.204418182
reference,float,prepared,2,65536,1,0,9,2.182292938,2.192020416,2.197170258
reference,float,prepared,2,65536,1,1,9,2.176475525,2.188587189,2.221298218
reference,float,prepared,2,65536,2,0,9,2.180767059,2.193832397,2.225494385
reference,float,prepared,2,65536,2,1,9,2.176380157,2.198219299,2.217292786
reference,float,prepared,2,8191,0,0,9,2.152514955,2.154041021,2.263917715
reference,float,prepared,2,8191,0,1,9,2.155567086,2.161671347,2.260102552
reference,float,prepared,2,8191,1,0,9,2.154041021,2.154804053,2.228055183
reference,float,prepared,2,8191,1,1,9,2.151751923,2.154041021,2.477566842
reference,float,prepared,2,8191,2,0,9,2.152514955,2.154041021,2.226529117
reference,float,prepared,2,8191,2,1,9,2.156330118,2.157856184,2.322671225
reference,float,vienot,0,1024,0,0,9,1.116943359,1.123046875,1.129150391
reference,float,vienot,0,1024,0,1,9,1.153564453,1.153564453,1.202392578
reference,float,vienot,0,1024,1,0,9,1.116943359,1.123046875,1.129150391
reference,float,vienot,0,1024,1,1,9,1.147460938,1.153564453,1.159667969
reference,float,vienot,0,1024,2,0,9,1.116943359,1.123046875,1.129150391
reference,float,vienot,0,1024,2,1,9,1.153564453,1.159667969,1.599121094
reference,float,vienot,0,65536,0,0,9,1.140880585,1.160335541,1.182460785
reference,float,vienot,0,65536,0,1,9,1.167201996,1.18227005,1.197147369
reference,float,vienot,0,65536,1,0,9,1.141166687,1.143550873,1.162719727
reference,float,vienot,0,65536,1,1,9,1.169872284,1.180171967,1.205825806
reference,float,vienot,0,65536,2,0,9,1.141929626,1.146221161,1.167297363
reference,float,vienot,0,65536,2,1,9,1.168727875,1.172065735,1.194286346
reference,float,vienot,0,8191,0,0,9,1.124710048,1.12547308,1.300207545
reference,float,vienot,0,8191,0,1,9,1.155994384,1.156757417,1.230008546
reference,float,vienot,0,8191,1,0,9,1.123947015,1.12547308,1.296392382
reference,float,vienot,0,8191,1,1,9,1.156757417,1.159046514,1.241454035
reference,float,vienot,0,8191,2,0,9,1.124710048,1.126236113,1.268160176
reference,float,vienot,0,8191,2,1,9,1.155994384,1.156757417,1.252136491
reference,float,vienot,1,1024,0,0,9,1.116943359,1.123046875,1.129150391
reference,float,vienot,1,1024,0,1,9,1.153564453,1.153564453,19.061279297
reference,float,vienot,1,1024,1,0,9,1.116943359,1.123046875,2.166748047
reference,float,vienot,1,1024,1,1,9,1.147460938,1.153564453,1.159667969
reference,float,vienot,1,1024,2,0,9,1.110839844,1.123046875,1.165771484
reference,float,vienot,1,1024,2,1,9,1.153564453,1.153564453,2.996826172
reference,float,vienot,1,65536,0,0,9,1.175403595,1.187038422,1.281261444
reference,float,vienot,1,65536,0,1,9,1.169109344,1.178836823,1.226711273
reference,float,vienot,1,65536,1,0,9,1.17225647,1.175117493,1.193141937
reference,float,vienot,1,65536,1,1,9,1.167964935,1.170444489,1.198482513
reference,float,vienot,1,65536,2,0,9,1.173019409,1.182365417,1.212024689
reference,float,vienot,1,65536,2,1,9,1.169776917,1.180458069,1.203250885
reference,float,vienot,1,8191,0,0,9,1.155994384,1.157520449,1.236112807
reference,float,vienot,1,8191,0,1,9,1.14607496,1.156757417,1.249847393
reference,float,vienot,1,8191,1,0,9,1.14302283,1.156757417,1.16057258
reference,float,vienot,1,8191,1,1,9,1.14607496,1.156757417,1.297155414
reference,float,vienot,1,8191,2,0,9,1.155231351,1.156757417,1.230771579
reference,float,vienot,1,8191,2,1,9,1.144548895,1.155994384,1.361250153
