compiler,variant,block,scalar,mode,deficiency,n,D_min_ns,D_median_ns,D_max_ns,CPP_min_ns,CPP_median_ns,CPP_max_ns,D_over_CPP
0,default,0,double,brettel,0,1024,23.870849609,24.957275391,27.923583984,4.414672852,4.474975586,7.093383789,5.57707520664002
0,default,0,double,brettel,1,1024,22.900390625,23.431396484,27.630615234,4.415039062,4.468261719,7.589111328,5.243962408102622
0,default,0,double,brettel,2,1024,23.443603516,23.8403320315,27.032470703,4.418518066,4.476104736,6.112976074,5.326133644675289
0,default,0,double,lookup,0,1024,40.893554688,41.8395996095,42.572021484,7.42388916,7.4519348144999995,10.521789551,5.61459549110499
0,default,0,double,lookup,1,1024,40.863037109,41.482543945,50.775146484,6.823303223,7.4492492675,10.295166016,5.568687857712368
0,default,0,double,lookup,2,1024,39.947509766,42.1142578125,47.308349609,7.416259766,7.425445557,10.742858887,5.671613573787328
0,default,0,double,lookupApply,0,1024,53.466796875,54.931640625,55.310058594,11.298950195,12.049560547,15.599731445,4.558808631297049
0,default,0,double,lookupApply,1,1024,53.460693359,55.020141602,59.692382812,11.262207031,12.1148986815,15.574523926,4.541527176452433
0,default,0,double,lookupApply,2,1024,53.173828125,55.505371094,66.2109375,11.299377441,12.081787109499999,16.897460938,4.594135833626444
0,default,0,double,prepared,0,1024,23.638916016,24.737548828,24.993896484,1.225646973,1.2714538575,1.314147949,19.45611213657433
0,default,0,double,prepared,1,1024,24.176025391,24.737548828,25.103759766,1.223693848,1.2713928225,1.319091797,19.4570461545924
0,default,0,double,prepared,2,1024,23.638916016,24.923706055,27.642822266,1.228942871,1.272064209,1.316833496,19.59311949716211
0,default,0,double,vienot,0,1024,22.076416016,23.1048583985,26.214599609,1.244445801,1.2823791505,1.326293945,18.017181883759893
0,default,0,double,vienot,1,1024,22.802734375,23.33984375,23.590087891,1.246154785,1.2796936035000002,1.325927734,18.23861874917936
0,default,0,float,brettel,0,1024,27.044677734,162.753295898,175.701904297,2.15447998,2.1572265625,3.725769043,75.44562018992848
0,default,0,float,brettel,1,1024,27.44140625,164.959716797,165.228271484,2.153869629,2.1560363770000004,2.157958984,76.5106370916301
0,default,0,float,brettel,2,1024,27.252197266,164.96887207,165.594482422,2.15447998,2.156677246,4.588012695,76.49214660003882
0,default,0,float,lookup,0,1024,27.423095703,28.698730469,32.379150391,5.543945312,5.5673828125,9.636413574,5.154797404009122
0,default,0,float,lookup,1,1024,28.692626953,28.7017822265,28.851318359,5.438598633,5.5459594725,9.895324707,5.1752600012350705
0,default,0,float,lookup,2,1024,27.423095703,28.1311035155,32.8125,5.562072754,5.5671691889999995,8.614807129,5.053035494427472
0,default,0,float,lookupApply,0,1024,36.791992188,38.3361816405,38.726806641,12.359680176,12.3800354,17.448364258,3.096613248819951
0,default,0,float,lookupApply,1,1024,38.494873047,38.623046875,48.358154297,12.366088867,12.384033203000001,15.469543457,3.1187777230477436
0,default,0,float,lookupApply,2,1024,36.791992188,38.500976562,38.641357422,12.354614258,12.378631592,16.363647461,3.110277277084667
0,default,0,float,prepared,0,1024,18.701171875,18.991088867000002,19.281005859,0.770202637,0.773651123,0.778686523,24.547355135164718
0,default,0,float,prepared,1,1024,19.134521484,19.134521484,21.740722656,0.770385742,0.7733764645,1.919616699,24.74153580089972
0,default,0,float,prepared,2,1024,19.134521484,19.134521484,19.299316406,0.769348145,0.771911621,0.777099609,24.78848739083823
0,default,0,float,vienot,0,1024,19.177246094,20.068359375,23.175048828,0.770202637,0.7731018064999999,0.776062012,25.958236297304527
0,default,0,float,vienot,1,1024,19.622802734,20.532226562,21.704101562,0.769470215,0.7709045409999999,4.806091309,26.633941649073776
0,prepared,0,double,brettel,0,1024,32.495117188,33.1420898435,33.905029297,4.440917969,4.51940918,6.057006836,7.333279312297188
0,prepared,0,double,brettel,1,1024,32.513427734,33.30078125,37.689208984,4.441101074,4.5315246585,26.443969727,7.348692495258987
0,prepared,0,double,brettel,2,1024,32.501220703,33.3404541015,37.634277344,4.518066406,4.5790405275,46.238525391,7.2811004622627244
0,prepared,0,double,lookup,0,1024,41.912841797,42.230224609,47.442626953,7.407348633,7.6183776855000005,11.827819824,5.543204387119906
0,prepared,0,double,lookup,1,1024,41.888427734,42.230224609,51.263427734,7.586486816,7.6249694825,73.75579834,5.538412279015963
0,prepared,0,double,lookup,2,1024,40.130615234,43.0786132815,48.236083984,6.959472656,7.434692383,10.848266602,5.794269764274657
0,prepared,0,double,lookupApply,0,1024,54.034423828,54.461669921500004,56.335449219,11.52130127,12.071228027,16.350463867,4.511692580049379
0,prepared,0,double,lookupApply,1,1024,54.071044922,54.39453125,54.681396484,12.291381836,12.3378601075,74.834777832,4.4087492300982065
0,prepared,0,double,lookupApply,2,1024,51.647949219,54.8095703125,65.91796875,11.301391602,12.3301696775,53.811584473,4.445159454092192
0,prepared,0,double,prepared,0,1024,24.176025391,24.737548828,25.219726562,1.242675781,1.2536010745,3.21081543,19.733190511077535
0,prepared,0,double,prepared,1,1024,23.638916016,24.737548828,28.790283203,1.25579834,1.2696228029999999,1.276550293,19.48417181035776
0,prepared,0,double,prepared,2,1024,24.169921875,24.890136718500003,25.964355469,1.251342773,1.3040161135,1.348449707,19.087292297097832
0,prepared,0,double,vienot,0,1024,11.199951172,11.462402344,12.030029297,1.243713379,1.262084961,1.279052734,9.082116258574132
0,prepared,0,double,vienot,1,1024,11.206054688,11.462402344,15.002441406,1.243286133,1.2601623535,1.278015137,9.095972683332505
0,prepared,0,float,brettel,0,1024,25.085449219,25.7476806645,30.474853516,2.153564453,2.2046813965,2.296264648,11.678640145181632
0,prepared,0,float,brettel,1,1024,25.689697266,26.345825195499998,29.577636719,2.153381348,2.1800842285,3.995544434,12.08477399684101
0,prepared,0,float,brettel,2,1024,25.555419922,26.318359375,26.7578125,2.202514648,2.204803467,5.720336914,11.936827825661252
0,prepared,0,float,lookup,0,1024,27.642822266,28.170776367000002,30.084228516,5.562988281,5.667816161999999,6.90838623,4.97030523958621
0,prepared,0,float,lookup,1,1024,26.910400391,28.140258789,28.729248047,5.565429688,5.670196533,8.261413574,4.962836583392902
0,prepared,0,float,lookup,2,1024,27.374267578,28.012084961,31.829833984,5.563232422,5.688842772999999,8.161621094,4.92403922533227
0,prepared,0,float,lookupApply,0,1024,36.114501953,38.1256103515,43.487548828,12.362792969,12.5995483395,17.261047363,3.0259505598287957
0,prepared,0,float,lookupApply,1,1024,36.114501953,37.8723144535,43.865966797,12.363220215,12.654266357000001,15.10723877,2.9928494774057017
0,prepared,0,float,lookupApply,2,1024,36.932373047,37.79296875,41.070556641,12.372070312,12.664428711,19.475402832,2.9841826751469642
0,prepared,0,float,prepared,0,1024,18.286132812,18.5791015625,24.645996094,0.770446777,0.781097412,2.545959473,23.78589568608121
0,prepared,0,float,prepared,1,1024,18.701171875,19.134521484,22.479248047,0.769958496,0.7823486325,0.79083252,24.45779373686066
0,prepared,0,float,prepared,2,1024,18.701171875,18.997192382999998,19.281005859,0.78692627,0.7923889165,2.748718262,23.974581152536853
0,prepared,0,float,vienot,0,1024,8.276367188,8.465576172,10.900878906,0.770507812,0.780517578,0.790100098,10.846105726013516
0,prepared,0,float,vienot,1,1024,8.459472656,8.660888672,9.405517578,0.770446777,0.780822754,0.794311523,11.09200343820923
0,inline,0,double,brettel,0,1024,39.202880859,39.3920898435,40.051269531,4.417785645,4.5746765135,9.47265625,8.610901716712172
0,inline,0,double,brettel,1,1024,39.465332031,39.633178711,40.081787109,4.41204834,4.4996643065,6.386962891,8.808030113212626
0,inline,0,double,brettel,2,1024,38.439941406,39.4409179685,41.235351562,4.41796875,4.5774841305,6.012390137,8.616287210195496
0,inline,0,double,lookup,0,1024,41.717529297,41.89453125,41.949462891,7.448791504,7.6072998045,12.478637695,5.50714870277859
0,inline,0,double,lookup,1,1024,40.948486328,41.9067382815,50.939941406,6.819091797,6.9734191894999995,12.041137695,6.009496509918652
0,inline,0,double,lookup,2,1024,40.747070312,41.5618896485,49.304199219,6.802612305,7.604339599499999,11.87310791,5.465548862551165
0,inline,0,double,lookupApply,0,1024,54.559326172,54.718017578,54.870605469,11.257751465,12.3836975095,14.60369873,4.418552499043501
0,inline,0,double,lookupApply,1,1024,54.559326172,54.6966552735,54.791259766,11.27142334,12.389739989999999,16.00970459,4.4146733763296675
0,inline,0,double,lookupApply,2,1024,52.264404297,55.2368164065,56.970214844,11.270019531,12.037811279500001,19.74407959,4.588609600531493
0,inline,0,double,prepared,0,1024,24.737548828,24.737548828,25.347900391,1.229858398,1.3397216795,2.78894043,18.46469248540663
0,inline,0,double,prepared,1,1024,24.737548828,24.737548828,25.372314453,1.228393555,1.2903442385,1.352722168,19.17127855490479
0,inline,0,double,prepared,2,1024,24.169921875,24.737548828,26.843261719,1.229003906,1.285675049,3.799560547,19.240902938297594
0,inline,0,double,vienot,0,1024,17.755126953,17.755126953,18.005371094,1.244750977,1.2981872559999998,1.353759766,13.67686123164346
0,inline,0,double,vienot,1,1024,17.755126953,17.761230469,17.901611328,1.246643066,1.3457946779999999,3.211364746,13.197578173956787
0,inline,0,float,brettel,0,1024,29.827880859,30.798339844,35.150146484,2.155029297,2.1765441895,4.669067383,14.150110065569152
0,inline,0,float,brettel,1,1024,30.432128906,31.4270019535,35.076904297,2.153991699,2.2019958500000003,3.726623535,14.272053216403652
0,inline,0,float,brettel,2,1024,31.066894531,31.295776367000002,31.884765625,2.153808594,2.1802978514999998,4.075073242,14.35389955802101
0,inline,0,float,lookup,0,1024,28.271484375,29.0100097655,32.080078125,5.54119873,5.657165527,8.374206543,5.128011479785007
0,inline,0,float,lookup,1,1024,28.924560547,29.0100097655,31.713867188,5.543579102,5.658721924,9.856445312,5.126601051460327
0,inline,0,float,lookup,2,1024,28.930664062,28.9459228515,29.095458984,5.562255859,5.611999512000001,7.939575195,5.157862681492691
0,inline,0,float,lookupApply,0,1024,36.761474609,38.473510742,42.48046875,11.813171387,12.521484375,17.54864502,3.0725998284049294
0,inline,0,float,lookupApply,1,1024,38.470458984,38.5955810545,44.970703125,12.368469238,12.6568603515,15.456298828,3.049380334667746
0,inline,0,float,lookupApply,2,1024,38.470458984,38.5955810545,38.647460938,12.371643066,12.661773682,15.479492188,3.0481970396744296
0,inline,0,float,prepared,0,1024,18.286132812,18.701171875,22.918701172,0.769287109,0.773376465,2.350097656,24.181201163135988
0,inline,0,float,prepared,1,1024,18.701171875,19.134521484,23.773193359,0.768249512,0.7811584469999999,0.810791016,24.49505802246033
0,inline,0,float,prepared,2,1024,19.134521484,19.134521484,19.281005859,0.768066406,0.792114258,4.458129883,24.15626444133518
0,inline,0,float,vienot,0,1024,12.957763672,13.250732422,16.693115234,0.768127441,0.7803649905000001,0.792297363,16.98017284643935
0,inline,0,float,vienot,1,1024,13.244628906,13.555908203,16.943359375,0.768737793,0.781616211,0.793823242,17.34343276434424
0,bv_direct,0,double,brettel,0,1024,13.146972656,13.208007812,16.809082031,4.486755371,4.669281006,4.68963623,2.8287027049834403
0,bv_direct,0,double,brettel,1,1024,12.835693359,13.153076171999999,16.381835938,4.620300293,4.637359619,7.134094238,2.8363286983631277
0,bv_direct,0,double,brettel,2,1024,12.731933594,13.186645508,17.260742188,4.624389648,4.6566772465,6.313598633,2.8317714133851983
0,bv_direct,0,double,lookup,0,1024,41.204833984,42.660522461,46.813964844,7.107543945,7.7744445805,11.148986816,5.48727591010191
0,bv_direct,0,double,lookup,1,1024,41.156005859,42.2241210935,52.093505859,7.75982666,7.7755737305,11.599487305,5.430354409459741
0,bv_direct,0,double,lookup,2,1024,41.064453125,42.1478271485,48.657226562,7.76776123,7.777923584,10.572387695,5.418904762088751
0,bv_direct,0,double,lookupApply,0,1024,54.040527344,54.22668457,55.822753906,11.777099609,12.305786133,12.866455078,4.406600601044267
0,bv_direct,0,double,lookupApply,1,1024,52.935791016,54.2419433595,58.142089844,11.823974609,12.6390686035,15.302307129,4.291609220673061
0,bv_direct,0,double,lookupApply,2,1024,53.875732422,55.76171875,58.30078125,12.583862305,12.676513672,15.455688477,4.398821331543782
0,bv_direct,0,double,prepared,0,1024,24.176025391,24.737548828,29.187011719,1.266479492,1.3287048339999998,1.390014648,18.61779094573536
0,bv_direct,0,double,prepared,1,1024,24.176025391,24.8596191405,28.668212891,1.284973145,1.3164672855,1.349853516,18.883582914905638
0,bv_direct,0,double,prepared,2,1024,24.176025391,24.737548828,28.656005859,1.290344238,1.3854064940000002,1.446716309,17.85580545142154
0,bv_direct,0,double,vienot,0,1024,5.395507812,5.523681641,6.237792969,1.299316406,1.3468627925,1.558776855,4.101146510066651
0,bv_direct,0,double,vienot,1,1024,5.2734375,5.401611328,6.164550781,1.303222656,1.3511657714999998,1.397583008,3.9977413889069946
0,bv_direct,0,float,brettel,0,1024,10.467529297,10.803222656,14.227294922,2.203796387,2.2560119629999997,2.576843262,4.788637131885635
0,bv_direct,0,float,brettel,1,1024,10.760498047,10.852050781500001,15.014648438,2.254333496,2.2563781735,2.258422852,4.809499980522658
0,bv_direct,0,float,brettel,2,1024,10.7421875,10.784912109,15.551757812,2.254150391,2.256164551,2.258972168,4.780197483476905
0,bv_direct,0,float,lookup,0,1024,26.977539062,28.399658203,33.868408203,5.680908203,5.8233947755,8.116210938,4.876821733343948
0,bv_direct,0,float,lookup,1,1024,27.587890625,27.868652344,32.214355469,5.807067871,5.823577881,8.491210938,4.785486330478079
0,bv_direct,0,float,lookup,2,1024,28.228759766,28.387451172,32.635498047,5.667785645,5.8248596195,9.23248291,4.8734996251183045
0,bv_direct,0,float,lookupApply,0,1024,36.328125,38.195800781,41.949462891,12.096801758,12.9598388675,16.184265137,2.947243493650636
0,bv_direct,0,float,lookupApply,1,1024,37.164306641,38.214111328,47.418212891,12.941955566,12.9659729005,16.747131348,2.9472613911237135
0,bv_direct,0,float,lookupApply,2,1024,37.164306641,38.18359375,41.168212891,12.934753418,12.960449219000001,16.00592041,2.9461628300678733
0,bv_direct,0,float,prepared,0,1024,18.286132812,18.844604492000002,22.497558594,0.786743164,0.799316406,0.811157227,23.57590104562423
0,bv_direct,0,float,prepared,1,1024,18.701171875,19.140625,23.828125,0.805297852,0.8083496095,0.812866211,23.678646930799314
0,bv_direct,0,float,prepared,2,1024,18.701171875,19.009399414,23.541259766,0.80682373,0.8091735840000001,0.968261719,23.492362812970917
0,bv_direct,0,float,vienot,0,1024,4.486083984,4.58984375,6.274414062,0.785827637,0.7992553715,0.812011719,5.7426498634423
0,bv_direct,0,float,vienot,1,1024,4.58984375,4.696655273499999,4.895019531,0.805175781,0.8085632325000001,0.971374512,5.808643139731188
0,bv_split,0,double,brettel,0,1024,5.755615234,5.871582031000001,8.258056641,4.431762695,4.487701416,6.051635742,1.3083718114725842
0,bv_split,0,double,brettel,1,1024,5.633544922,5.804443359,6.488037109,4.467224121,4.486938476500001,5.302001953,1.2936311450224538
0,bv_split,0,double,brettel,2,1024,5.792236328,5.908203125,6.079101562,4.445495605,4.4862365725,7.813171387,1.3169620080261606
0,bv_split,0,double,lookup,0,1024,41.534423828,42.398071289,44.219970703,7.113342285,7.3541259765,10.767456055,5.7652087310555205
0,bv_split,0,double,lookup,1,1024,41.442871094,41.778564453499996,50.897216797,7.109130859,7.337402343999999,9.145751953,5.693917614816844
0,bv_split,0,double,lookup,2,1024,41.040039062,41.6931152345,48.931884766,7.130737305,7.364349365,10.979614258,5.6614798087461455
0,bv_split,0,double,lookupApply,0,1024,53.015136719,54.852294922,64.312744141,11.787536621,12.1073913575,15.996154785,4.530480043334967
0,bv_split,0,double,lookupApply,1,1024,53.125,54.5959472655,54.962158203,11.780273438,12.029846191499999,15.459472656,4.538374505908163
0,bv_split,0,double,lookupApply,2,1024,54.479980469,55.6610107425,59.588623047,11.301818848,11.793609619000001,15.237182617,4.719590739448232
0,bv_split,0,double,prepared,0,1024,24.731445312,24.8046875,27.435302734,1.262145996,1.2749938964999998,1.285217285,19.454749993777718
0,bv_split,0,double,prepared,1,1024,24.169921875,24.801635742000002,25.463867188,1.259277344,1.298278809,4.36895752,19.103474207596037
0,bv_split,0,double,prepared,2,1024,23.638916016,24.737548828,28.491210938,1.261779785,1.2755432130000002,1.282287598,19.39373639080309
0,bv_split,0,double,vienot,0,1024,5.401611328,5.401611328,7.891845703,1.299194336,1.315979004,1.335021973,4.104633365411961
0,bv_split,0,double,vienot,1,1024,5.395507812,5.401611328,5.56640625,1.29888916,1.3131713865,1.49597168,4.113409249950939
0,bv_split,0,float,brettel,0,1024,5.816650391,5.850219726500001,10.046386719,2.153076172,2.20022583,2.547119141,2.658917846855748
0,bv_split,0,float,brettel,1,1024,5.847167969,5.902099609,6.207275391,2.15447998,2.2409973145,5.337768555,2.633693298430769
0,bv_split,0,float,brettel,2,1024,5.828857422,5.877685547,8.59375,2.15447998,2.1985473635,2.242675781,2.6734404928365785
0,bv_split,0,float,lookup,0,1024,27.777099609,27.777099609,30.725097656,5.549682617,5.677093506,8.631835938,4.892838136212301
0,bv_split,0,float,lookup,1,1024,27.777099609,27.777099609,31.903076172,5.550476074,5.6789855955,6.879699707,4.891207970488679
0,bv_split,0,float,lookup,2,1024,27.777099609,27.847290039,36.730957031,5.550598145,5.6642761230000005,7.988952637,4.916301648135595
0,bv_split,0,float,lookupApply,0,1024,37.554931641,37.701416016,41.455078125,12.09753418,12.3744506835,15.478027344,3.0467143132479237
0,bv_split,0,float,lookupApply,1,1024,37.554931641,42.041015625,118.194580078,12.096618652,12.335449218499999,16.401794434,3.408146300983453
0,bv_split,0,float,lookupApply,2,1024,37.554931641,37.6861572265,37.817382812,12.095458984,12.3296203615,15.512634277,3.0565545508746848
0,bv_split,0,float,prepared,0,1024,19.134521484,19.134521484,19.396972656,0.769042969,0.7799072265,0.790710449,24.534355925730097
0,bv_split,0,float,prepared,1,1024,19.134521484,19.137573242000002,75.427246094,0.76751709,0.7806701659999999,0.789978027,24.514287948336946
0,bv_split,0,float,prepared,2,1024,19.134521484,19.134521484,19.293212891,0.768005371,0.779724121,0.940612793,24.540117419299385
0,bv_split,0,float,vienot,0,1024,4.693603516,4.699707031,4.895019531,0.76776123,0.7781677245,0.787902832,6.039452528077705
0,bv_split,0,float,vienot,1,1024,4.693603516,4.699707031,4.919433594,0.76763916,0.7789611814999999,0.792907715,6.033300686370596
0,ma_fixed,0,double,brettel,0,1024,24.487304688,25.146484375,25.579833984,4.418945312,4.476196289500001,6.003173828,5.6178243197214455
0,ma_fixed,0,double,brettel,1,1024,22.821044922,23.327636718500003,27.679443359,4.414306641,4.467407226500001,8.298522949,5.221739486860276
0,ma_fixed,0,double,brettel,2,1024,22.332763672,22.970581054500002,23.4375,4.421936035,4.4368591305,7.799377441,5.177216670368209
0,ma_fixed,0,double,lookup,0,1024,42.449951172,43.518066406,44.158935547,6.816101074,7.4219055175,10.521911621,5.863462732500354
0,ma_fixed,0,double,lookup,1,1024,42.419433594,43.521118164,51.617431641,7.42401123,7.450073242,10.693725586,5.841703396773129
0,ma_fixed,0,double,lookup,2,1024,41.607666016,44.708251953,46.862792969,7.415100098,7.432495117,10.961303711,6.0152413488629
0,ma_fixed,0,double,lookupApply,0,1024,65.948486328,67.593383789,68.035888672,11.260314941,12.120788573999999,15.97076416,5.5766490254596865
0,ma_fixed,0,double,lookupApply,1,1024,66.143798828,67.6361083985,72.644042969,12.032104492,12.1117248535,17.505004883,5.584349811162922
0,ma_fixed,0,double,lookupApply,2,1024,67.523193359,67.8161621095,74.017333984,12.027099609,12.121520996000001,16.66595459,5.5946908091714525
0,ma_fixed,0,double,prepared,0,1024,24.169921875,24.523925781000003,25.311279297,1.231384277,1.2831115720000001,1.344543457,19.112855277872907
0,ma_fixed,0,double,prepared,1,1024,24.176025391,24.8046875,25.189208984,1.225952148,1.3292236325,2.758789062,18.66103407546811
0,ma_fixed,0,double,prepared,2,1024,24.31640625,24.8046875,25.152587891,1.236694336,1.279785156,2.783325195,19.38191530329017
0,ma_fixed,0,double,vienot,0,1024,22.351074219,22.869873047,26.300048828,1.24810791,1.2914123535000002,1.336975098,17.709194886526998
0,ma_fixed,0,double,vienot,1,1024,22.808837891,23.333740234,24.060058594,1.246582031,1.289276123,1.333740234,18.09832650875828
0,ma_fixed,0,float,brettel,0,1024,29.516601562,161.9049072265,175.317382812,2.14251709,2.1515502929999997,4.871520996,75.25034750675012
0,ma_fixed,0,float,brettel,1,1024,26.574707031,163.458251953,167.272949219,2.140625,2.1552124025,3.691345215,75.84322165341659
0,ma_fixed,0,float,brettel,2,1024,27.423095703,161.74621582,165.447998047,2.153686523,2.1570129395,3.446655273,74.98620562632931
0,ma_fixed,0,float,lookup,0,1024,26.971435547,28.228759766,32.067871094,5.541320801,5.5473632815,7.577209473,5.088680573731414
0,ma_fixed,0,float,lookup,1,1024,26.971435547,27.664184570499998,28.588867188,5.540710449,5.547424316000001,8.694824219,4.98685209471184
0,ma_fixed,0,float,lookup,2,1024,27.587890625,28.005981445499998,28.375244141,5.547241211,5.561370849999999,9.610839844,5.035805415763633
0,ma_fixed,0,float,lookupApply,0,1024,45.642089844,47.735595703,50.87890625,12.354431152,12.384124755999999,16.361694336,3.8545796851628555
0,ma_fixed,0,float,lookupApply,1,1024,45.458984375,47.7325439455,56.73828125,11.566040039,12.379547119000001,16.415344238,3.855758493155261
0,ma_fixed,0,float,lookupApply,2,1024,46.490478516,47.268676758,47.998046875,11.554748535,12.381408691499999,16.414978027,3.8177139561228257
0,ma_fixed,0,float,prepared,0,1024,18.286132812,19.134521484,19.305419922,0.750488281,0.7743835450000001,2.307189941,24.709359602934228
0,ma_fixed,0,float,prepared,1,1024,18.286132812,19.140625,22.961425781,0.75,0.763549805,0.77545166,25.067945633225587
0,ma_fixed,0,float,prepared,2,1024,18.701171875,18.991088867000002,19.268798828,0.768432617,0.772338867,0.775695801,24.589062752684182
0,ma_fixed,0,float,vienot,0,1024,19.183349609,20.074462891,21.423339844,0.750183105,0.7608947755,0.774230957,26.382705647845523
0,ma_fixed,0,float,vienot,1,1024,19.842529297,20.770263672,21.77734375,0.749450684,0.7632751465000001,0.773376465,27.212026707855077
0,ma_bounded,0,double,brettel,0,1024,23.559570312,24.041748047,24.438476562,4.416625977,4.5343933105000005,7.460571289,5.302087049071831
0,ma_bounded,0,double,brettel,1,1024,22.906494141,23.751831054999997,24.340820312,4.412414551,4.49319458,4.57208252,5.286179049695194
0,ma_bounded,0,double,brettel,2,1024,22.821044922,23.452758789,27.734375,4.420166016,4.578033447,8.203308105,5.122889349873288
0,ma_bounded,0,double,lookup,0,1024,41.479492188,42.288208008,44.219970703,7.440856934,7.622528076,11.016418457,5.547793013862032
0,ma_bounded,0,double,lookup,1,1024,41.436767578,42.6544189455,57.196044922,6.813293457,7.619934082,9.369995117,5.597741199134431
0,ma_bounded,0,double,lookup,2,1024,41.259765625,43.994140625,49.987792969,6.79901123,7.452972411999999,10.909484863,5.902898627957514
0,ma_bounded,0,double,lookupApply,0,1024,64.385986328,66.4916992185,77.276611328,11.554748535,12.2106628415,14.717895508,5.445379999562082
0,ma_bounded,0,double,lookupApply,1,1024,64.385986328,64.5446777345,71.820068359,11.554748535,12.2139282225,14.976379395,5.284514249526899
0,ma_bounded,0,double,lookupApply,2,1024,64.605712891,67.547607422,165.173339844,12.029418945,12.389312744000001,15.869567871,5.452086715198348
0,ma_bounded,0,double,prepared,0,1024,24.176025391,24.737548828,25.305175781,1.22467041,1.292602539,2.671875,19.137784494170795
0,ma_bounded,0,double,prepared,1,1024,24.169921875,24.319458007999998,30.236816406,1.22253418,1.2877502445,3.089477539,18.88522880261041
0,ma_bounded,0,double,prepared,2,1024,24.169921875,24.822998047,28.564453125,1.226806641,1.2869262694999999,1.344238281,19.288593787617916
0,ma_bounded,0,double,vienot,0,1024,22.344970703,22.732543945,23.608398438,1.242980957,1.297027588,1.35559082,17.52664643012975
0,ma_bounded,0,double,vienot,1,1024,22.802734375,22.9431152345,24.163818359,1.247924805,1.347290039,3.067016602,17.02908399109748
0,ma_bounded,0,float,brettel,0,1024,28.747558594,161.6943359375,168.615722656,2.155761719,2.181671143,2.204528809,74.11489878128712
0,ma_bounded,0,float,brettel,1,1024,26.538085938,163.723754883,167.211914062,2.153503418,2.2040710445,3.71673584,74.2824308188946
0,ma_bounded,0,float,brettel,2,1024,26.867675781,161.553955078,165.313720703,2.153198242,2.1805114745000003,39.576538086,74.08993576383034
0,ma_bounded,0,float,lookup,0,1024,27.264404297,28.6529541015,36.767578125,5.54296875,5.670349121,8.209655762,5.053119920850108
0,ma_bounded,0,float,lookup,1,1024,27.880859375,28.338623047,28.826904297,5.541931152,5.670135498,24.355163574,4.997874046748222
0,ma_bounded,0,float,lookup,2,1024,27.899169922,28.3264160155,28.784179688,5.562438965,5.6699523925,43.430603027,4.995882514457991
0,ma_bounded,0,float,lookupApply,0,1024,45.007324219,47.241210938,51.336669922,12.371032715,12.6398620605,15.52911377,3.737478361067752
0,ma_bounded,0,float,lookupApply,1,1024,46.032714844,46.646118164,57.299804688,12.36126709,12.6711425785,14.887268066,3.6812874509949625
0,ma_bounded,0,float,lookupApply,2,1024,46.032714844,46.649169922,47.283935547,12.366821289,13.3378295895,76.739440918,3.4975083171495784
0,ma_bounded,0,float,prepared,0,1024,18.286132812,18.286132812,25.280761719,0.767578125,0.7869262695,2.545043945,23.237415652191544
0,ma_bounded,0,float,prepared,1,1024,18.701171875,18.991088867000002,19.372558594,0.76763916,0.7810668945,0.791809082,24.314292413016876
0,ma_bounded,0,float,prepared,2,1024,18.701171875,18.988037109,19.329833984,0.768981934,0.780914307,0.792358398,24.3151353980764
0,ma_bounded,0,float,vienot,0,1024,19.177246094,19.183349609,23.217773438,0.767944336,0.7792663575000001,0.789672852,24.61719208634
0,ma_bounded,0,float,vienot,1,1024,20.300292969,20.6146240235,20.947265625,0.768676758,0.778961182,0.791015625,26.464250722444856
0,ma_direct,0,double,brettel,0,1024,22.424316406,22.555541992000002,22.717285156,4.288574219,4.4746704105,7.572753906,5.0407158344159795
0,ma_direct,0,double,brettel,1,1024,22.888183594,23.950195312,26.977539062,4.413818359,4.4287109375,6.793457031,5.4079382578804855
0,ma_direct,0,double,brettel,2,1024,23.028564453,24.1149902345,28.228759766,4.418579102,4.4351501465,7.60534668,5.43724325850171
0,ma_direct,0,double,lookup,0,1024,22.454833984,23.1201171875,27.923583984,6.814453125,7.4394226075,10.192626953,3.1077838170117693
0,ma_direct,0,double,lookup,1,1024,22.454833984,23.0316162105,30.743408203,7.423339844,7.4509887695,9.812438965,3.091081858125729
0,ma_direct,0,double,lookup,2,1024,22.4609375,22.976684570000003,25.573730469,7.420288086,7.4483947755,9.864929199,3.0847834013279205
0,ma_direct,0,double,lookupApply,0,1024,45.416259766,47.2290039065,50.0,11.306884766,12.0778503415,14.380737305,3.910381613540877
0,ma_direct,0,double,lookupApply,1,1024,45.8984375,47.329711914,48.089599609,11.290893555,12.1073913575,15.212463379,3.9091585062773504
0,ma_direct,0,double,lookupApply,2,1024,45.581054688,47.326660156,51.916503906,11.263183594,12.124481201,14.379821777,3.903396720355887
0,ma_direct,0,double,prepared,0,1024,24.731445312,24.737548828,24.871826172,1.227966309,1.270904541,1.310119629,19.46452155134758
0,ma_direct,0,double,prepared,1,1024,24.176025391,24.8046875,29.266357422,1.232543945,1.2632141115,2.723327637,19.636170364298533
0,ma_direct,0,double,prepared,2,1024,24.169921875,25.048828125,27.429199219,1.229248047,1.265991211,2.746948242,19.785941566856582
0,ma_direct,0,double,vienot,0,1024,22.863769531,22.869873047,26.123046875,1.245605469,1.2830200194999999,1.327819824,17.82503211127798
0,ma_direct,0,double,vienot,1,1024,22.808837891,23.333740234,23.895263672,1.244506836,1.2820434569999999,1.322021484,18.20042846956318
0,ma_direct,0,float,brettel,0,1024,28.021240234,161.7431640625,171.490478516,2.154663086,2.1562805175,2.164794922,75.01026084028513
0,ma_direct,0,float,brettel,1,1024,27.716064453,162.6220703125,167.889404297,2.154418945,2.156494141,3.723632812,75.41039283189966
0,ma_direct,0,float,brettel,2,1024,26.66015625,162.713623047,164.916992188,2.154663086,2.156341553,3.636108398,75.4581864921285
0,ma_direct,0,float,lookup,0,1024,21.624755859,22.6470947265,22.833251953,5.526977539,5.544128418,7.17956543,4.0848791764945735
0,ma_direct,0,float,lookup,1,1024,22.125244141,22.4700927735,22.845458984,5.52923584,5.5437011715,7.905029297,4.053265513122905
0,ma_direct,0,float,lookup,2,1024,22.125244141,22.671508789,27.319335938,5.423339844,5.5437011715,8.63482666,4.089597921611205
0,ma_direct,0,float,lookupApply,0,1024,39.276123047,41.1834716795,44.598388672,11.56036377,12.375427246000001,15.46295166,3.327842413910305
0,ma_direct,0,float,lookupApply,1,1024,39.086914062,41.1346435545,49.517822266,12.35760498,12.382476806500001,15.433837891,3.3220044904834363
0,ma_direct,0,float,lookupApply,2,1024,40.423583984,41.122436523,44.573974609,11.566772461,12.3798828125,17.302001953,3.3217145223279956
0,ma_direct,0,float,prepared,0,1024,18.286132812,18.569946289,22.283935547,0.768493652,0.7735595705,0.776428223,24.00583871904924
0,ma_direct,0,float,prepared,1,1024,18.286132812,19.134521484,22.393798828,0.768859863,0.7735290525,2.03314209,24.736655232480746
0,ma_direct,0,float,prepared,2,1024,18.701171875,18.994140625,19.281005859,0.768371582,0.7719421390000001,0.776184082,24.605653280705276
0,ma_direct,0,float,vienot,0,1024,19.177246094,19.183349609,23.223876953,0.769470215,0.7706298825,2.668518066,24.89307778562558
0,ma_direct,0,float,vienot,1,1024,19.848632812,20.764160156,23.760986328,0.769104004,0.7716064455,0.775512695,26.91029899645907
0,default,1,double,brettel,0,1024,26.171875,26.3916015625,27.996826172,4.501525879,4.764373779,9.389282227,5.539364203292918
0,default,1,double,brettel,1,1024,23.889160156,24.429321289,25.469970703,4.690917969,4.727203369,7.889648438,5.167816863814729
0,default,1,double,brettel,2,1024,24.499511719,25.445556641,36.804199219,4.692260742,4.7595825195,7.635314941,5.346174068156105
0,default,1,double,lookup,0,1024,43.872070312,44.546508789,49.761962891,7.949401855,7.975189209,12.002075195,5.585636606430512
0,default,1,double,lookup,1,1024,42.840576172,43.911743164,56.213378906,7.955749512,7.976715088000001,11.469848633,5.504990798788826
0,default,1,double,lookup,2,1024,42.822265625,44.494628906,58.312988281,7.301940918,7.9515686035,12.891052246,5.595704586691868
0,default,1,double,lookupApply,0,1024,57.495117188,57.678222656,59.106445312,12.828918457,12.9437866215,18.266174316,4.4560548116727166
0,default,1,double,lookupApply,1,1024,56.097412109,58.172607422,77.008056641,12.810302734,12.9367370605,16.05255127,4.496698599496128
0,default,1,double,lookupApply,2,1024,56.121826172,57.717895508,59.368896484,12.431274414,12.9352111815,16.175109863,4.462076010830685
0,default,1,double,prepared,0,1024,25.958251953,26.544189453,29.132080078,1.191894531,1.3563842775000001,2.554992676,19.5698150541265
0,default,1,double,prepared,1,1024,25.323486328,25.942993164,26.483154297,1.187255859,1.2713928220000001,1.362243652,20.405175108028097
0,default,1,double,prepared,2,1024,25.329589844,26.828002929500002,36.901855469,1.188476562,1.2733154299999998,2.986450195,21.069408488594224
0,default,1,double,vienot,0,1024,24.224853516,24.31640625,24.761962891,1.329772949,1.361755371,3.147949219,17.856662634011375
0,default,1,double,vienot,1,1024,23.895263672,24.468994141,26.977539062,1.330200195,1.3430480955,2.801330566,18.219000661990812
0,default,1,float,brettel,0,1024,28.192138672,173.3825683595,190.936279297,2.309753418,2.3322753909999996,2.361755371,74.34052129030934
0,default,1,float,brettel,1,1024,28.948974609,174.295043945,185.906982422,2.309997559,2.3648681639999998,2.685302734,73.70180147809712
0,default,1,float,brettel,2,1024,28.747558594,173.443603516,186.346435547,2.309692383,2.364807129,2.667236328,73.34365724334722
0,default,1,float,lookup,0,1024,29.382324219,29.885864257999998,30.419921875,5.928588867,6.083312987999999,6.424072266,4.912761239961372
0,default,1,float,lookup,1,1024,30.108642578,30.9692382815,36.834716797,5.930603027,6.0833129885,6.28137207,5.090850715727562
0,default,1,float,lookup,2,1024,30.096435547,30.245971679999997,31.072998047,5.941162109,5.990936279,10.368225098,5.048621829950196
0,default,1,float,lookupApply,0,1024,39.416503906,40.560913086,46.362304688,12.688232422,13.588989258,17.250549316,2.9848366435436917
0,default,1,float,lookupApply,1,1024,40.380859375,40.545654297,51.715087891,13.257263184,13.589904785,16.820129395,2.9835127573338625
0,default,1,float,lookupApply,2,1024,40.386962891,41.152954102,46.594238281,13.263427734,13.927978515500001,21.750671387,2.9546968396169047
0,default,1,float,prepared,0,1024,19.635009766,20.297241211,26.214599609,0.824035645,0.8282165530000001,0.833740234,24.50716680013035
0,default,1,float,prepared,1,1024,20.074462891,20.074462891,21.142578125,0.828613281,0.838806152,0.849609375,23.93218366738922
0,default,1,float,prepared,2,1024,20.074462891,20.074462891,21.105957031,0.828552246,0.8388977049999999,1.013000488,23.929571831407028
0,default,1,float,vienot,0,1024,20.550537109,20.886230468500003,21.307373047,0.823852539,0.8267517090000001,0.831420898,25.263002472366225
0,default,1,float,vienot,1,1024,21.026611328,21.551513672,24.383544922,0.825195312,0.8376159665,0.84765625,25.729587942375975
0,prepared,1,double,brettel,0,1024,33.117675781,33.697509766,48.010253906,4.542175293,4.6396484375,4.925354004,7.262944643313829
0,prepared,1,double,brettel,1,1024,33.953857422,34.1888427735,35.998535156,4.541503906,4.703033447,25.93359375,7.269530008405233
0,prepared,1,double,brettel,2,1024,33.648681641,34.0423583985,47.314453125,4.577331543,4.694458008,27.381591797,7.251605689195037
0,prepared,1,double,lookup,0,1024,42.919921875,43.194580078,43.5546875,7.576782227,7.9743652345000005,26.307495117,5.41667942309998
0,prepared,1,double,lookup,1,1024,42.834472656,43.1854248045,52.374267578,7.598876953,7.9624938965,80.682800293,5.4236053886939395
0,prepared,1,double,lookup,2,1024,40.960693359,43.145751953,48.107910156,7.590942383,8.00100708,11.068359375,5.392540154207687
0,prepared,1,double,lookupApply,0,1024,53.973388672,55.4626464845,55.895996094,11.542724609,12.8943786625,15.781188965,4.301304307573882
0,prepared,1,double,lookupApply,1,1024,55.230712891,55.5541992185,58.441162109,12.135070801,16.281951904499998,70.923522949,3.412011013442802
0,prepared,1,double,lookupApply,2,1024,55.450439453,55.548095703,59.582519531,12.387756348,12.830444336,16.86541748,4.329397661399901
0,prepared,1,double,prepared,0,1024,24.731445312,25.323486328,30.932617188,1.269958496,1.314331055,1.441833496,19.267205345003433
0,prepared,1,double,prepared,1,1024,25.323486328,25.3509521485,25.665283203,1.188171387,1.2736816405,3.029296875,19.90368027802313
0,prepared,1,double,prepared,2,1024,25.323486328,25.396728516,28.472900391,1.188415527,1.2648620605,20.163269043,20.078654668447143
0,prepared,1,double,vienot,0,1024,11.462402344,11.676025390500001,11.950683594,1.272155762,1.3358459470000001,2.572753906,8.740547827930042
0,prepared,1,double,vienot,1,1024,11.737060547,11.737060547,11.907958984,1.272155762,1.3370971680000001,2.429748535,8.778016159106844
0,prepared,1,float,brettel,0,1024,26.184082031,27.4536132815,31.463623047,2.204467773,2.3118286130000003,4.673339844,11.875280514793074
0,prepared,1,float,brettel,1,1024,26.434326172,27.9876708985,36.828613281,2.202575684,2.2767944335,2.480407715,12.29257700506408
0,prepared,1,float,brettel,2,1024,26.043701172,26.788330078,30.096435547,2.206359863,2.3106689455,5.377624512,11.5933224143467
0,prepared,1,float,lookup,0,1024,28.009033203,29.000854492499997,33.752441406,5.677124023,5.9246215825,8.609375,4.894971617792772
0,prepared,1,float,lookup,1,1024,28.009033203,28.479003906,38.446044922,5.679748535,5.926452637000001,8.500305176,4.805404792776039
0,prepared,1,float,lookup,2,1024,28.009033203,28.411865234,28.857421875,5.67578125,5.9460144045,11.22442627,4.778304138062234
0,prepared,1,float,lookupApply,0,1024,37.847900391,38.977050781,45.483398438,12.647338867,13.2645568845,15.562988281,2.938435947796022
0,prepared,1,float,lookupApply,1,1024,37.79296875,38.916015625,50.036621094,12.657470703,13.26184082,15.795532227,2.9344354342054304
0,prepared,1,float,lookupApply,2,1024,37.79296875,38.696289062,44.305419922,12.65826416,13.3544006345,24.987060547,2.8976432653990707
0,prepared,1,float,prepared,0,1024,19.274902344,21.243286132999998,25.567626953,0.789489746,0.808166504,0.831237793,26.285779016894267
0,prepared,1,float,prepared,1,1024,19.134521484,19.598388672,25.085449219,0.786987305,0.8100891115,0.829956055,24.1928800100901
0,prepared,1,float,prepared,2,1024,19.134521484,19.522094727,30.499267578,0.792663574,0.8273010255,2.094787598,23.59732929764149
0,prepared,1,float,vienot,0,1024,8.673095703,8.8775634765,13.177490234,0.787780762,0.8066711424999999,0.828125,11.005182916283635
0,prepared,1,float,vienot,1,1024,8.660888672,8.7677001955,9.075927734,0.786621094,0.8091735840000001,0.828674316,10.835376202172215
0,inline,1,double,brettel,0,1024,40.179443359,40.557861328,43.890380859,4.576538086,4.5981445315,7.805419922,8.82048423013995
0,inline,1,double,brettel,1,1024,40.203857422,40.5639648435,41.247558594,4.489868164,4.533355713000001,4.574157715,8.947889248394393
0,inline,1,double,brettel,2,1024,38.421630859,40.438842773,47.882080078,4.490722656,4.538024902,8.218261719,8.911110812807081
0,inline,1,double,lookup,0,1024,42.620849609,42.8497314455,44.171142578,7.273681641,7.589355469,16.599487305,5.646030367206667
0,inline,1,double,lookup,1,1024,40.771484375,42.9473876955,54.089355469,7.277038574,7.591369629000001,10.535705566,5.657396463931291
0,inline,1,double,lookup,2,1024,40.856933594,42.953491211,49.755859375,7.29309082,7.531188965,11.352844238,5.703414349396822
0,inline,1,double,lookupApply,0,1024,55.828857422,56.0791015625,62.567138672,12.382568359,12.8284606935,16.591918945,4.371459904843805
0,inline,1,double,lookupApply,1,1024,55.834960938,55.987548828,60.589599609,12.042785645,12.291381836,15.849609375,4.555024778745309
0,inline,1,double,lookupApply,2,1024,53.3203125,56.0943603515,57.696533203,12.043579102,12.299835205,16.963928223,4.560578204226436
0,inline,1,double,prepared,0,1024,25.323486328,25.393676757999998,25.738525391,1.187561035,1.2724914555,1.357543945,19.955872118624217
0,inline,1,double,prepared,1,1024,25.323486328,25.326538086,25.573730469,1.185302734,1.355010986,3.05645752,18.691020477084162
0,inline,1,double,prepared,2,1024,24.176025391,25.4302978515,32.543945312,1.18560791,1.272705078,1.365966797,19.981296760018115
0,inline,1,double,vienot,0,1024,18.176269531,18.176269531,18.341064453,1.277954102,1.3092651365,3.674865723,13.882802668670921
0,inline,1,double,vienot,1,1024,18.176269531,18.182373047,18.963623047,1.329833984,1.343536377,3.136779785,13.533219761120021
0,inline,1,float,brettel,0,1024,30.493164062,32.4462890625,49.462890625,2.203613281,2.257507324,2.617736816,14.372617407508352
0,inline,1,float,brettel,1,1024,31.768798828,32.0861816405,37.591552734,2.20300293,2.2586059570000003,2.31237793,14.20618835306649
0,inline,1,float,brettel,2,1024,31.726074219,31.921386718999997,32.525634766,2.190490723,2.300872803,4.945922852,13.873599043536522
0,inline,1,float,lookup,0,1024,29.620361328,48.3947753905,88.720703125,5.693847656,5.944854736,8.776855469,8.14061529501097
0,inline,1,float,lookup,1,1024,29.626464844,29.7790527345,32.586669922,5.690856934,5.7556152345000005,5.819030762,5.1739130433876115
0,inline,1,float,lookup,2,1024,29.620361328,29.6966552735,29.876708984,5.692932129,5.802734375,7.508605957,5.117700269280377
0,inline,1,float,lookupApply,0,1024,37.603759766,39.3920898435,99.200439453,12.649841309,13.2650146485,16.164794922,2.969622792535283
0,inline,1,float,lookupApply,1,1024,39.385986328,39.7399902345,49.829101562,12.388061523,12.659667968499999,16.029052734,3.13910209441367
0,inline,1,float,lookupApply,2,1024,39.385986328,39.532470703499996,48.92578125,11.817260742,13.2804260255,15.612182617,2.9767471787119586
0,inline,1,float,prepared,0,1024,18.701171875,19.2321777345,25.372314453,0.788391113,0.8092346189999999,0.830932617,23.765886039657925
0,inline,1,float,prepared,1,1024,19.592285156,19.625854492000002,25.415039062,0.78704834,0.8288269045000001,1.075317383,23.67907507037255
0,inline,1,float,prepared,2,1024,19.592285156,19.592285156,19.744873047,0.769836426,0.79876709,0.830810547,24.528157708650713
0,inline,1,float,vienot,0,1024,13.244628906,13.705444336,17.364501953,0.786315918,0.8265075685000001,2.091369629,16.5823579339673
0,inline,1,float,vienot,1,1024,13.879394531,14.0869140625,19.061279297,0.786254883,0.810180664,0.834106445,17.387373814811262
0,bv_direct,1,double,brettel,0,1024,13.525390625,13.5711669925,14.16015625,4.648986816,4.7710876465,4.816162109,2.8444597957565523
0,bv_direct,1,double,brettel,1,1024,13.409423828,13.7268066405,19.903564453,4.651855469,4.809082031000001,9.523620605,2.8543506956244715
0,bv_direct,1,double,brettel,2,1024,13.311767578,13.491821289,14.428710938,4.649108887,4.812225342,7.156921387,2.8036553424143458
0,bv_direct,1,double,lookup,0,1024,43.011474609,43.206787109,44.299316406,7.763427734,8.142150879,10.290222168,5.306556922254743
0,bv_direct,1,double,lookup,1,1024,42.987060547,43.2647705075,63.122558594,7.115478516,8.152282715,13.562011719,5.3070743520577235
0,bv_direct,1,double,lookup,2,1024,41.998291016,43.42956543,45.391845703,7.758422852,8.149291992,10.567443848,5.329243997225029
0,bv_direct,1,double,lookupApply,0,1024,55.346679688,55.615234375,68.060302734,12.628479004,13.130065918,16.85333252,4.235716311123549
0,bv_direct,1,double,lookupApply,1,1024,55.395507812,55.7739257815,57.867431641,12.674438477,13.1932983395,16.522521973,4.227443687414842
0,bv_direct,1,double,lookupApply,2,1024,55.328369141,55.6518554685,73.413085938,11.826660156,13.148101806500001,15.147766113,4.2326912498492755
0,bv_direct,1,double,prepared,0,1024,25.323486328,25.396728516,30.578613281,1.216918945,1.2992858885,4.04510498,19.546682328182616
0,bv_direct,1,double,prepared,1,1024,25.323486328,25.5798339845,29.077148438,1.219543457,1.271209717,4.721313477,20.122434278481837
0,bv_direct,1,double,prepared,2,1024,25.323486328,25.4547119145,33.776855469,1.217468262,1.3280944825,3.933044434,19.166341137555325
0,bv_direct,1,double,vienot,0,1024,5.529785156,5.529785156,5.706787109,1.30255127,1.3627014165,1.897338867,4.057958030309276
0,bv_direct,1,double,vienot,1,1024,5.529785156,5.53894043,9.686279297,1.301147461,1.3639526370000001,1.477355957,4.060947777617002
0,bv_direct,1,float,brettel,0,1024,10.7421875,11.129760742,11.901855469,2.255859375,2.3105773925,2.637634277,4.816874248889718
0,bv_direct,1,float,brettel,1,1024,11.303710938,11.3250732425,11.755371094,2.254638672,2.307647705,6.390441895,4.907626592205503
0,bv_direct,1,float,brettel,2,1024,11.242675781,11.2701416015,11.688232422,2.254821777,2.365234375,2.878295898,4.764915359180843
0,bv_direct,1,float,lookup,0,1024,28.900146484,29.370117188,29.724121094,5.825500488,6.033050536999999,6.993652344,4.868203408520528
0,bv_direct,1,float,lookup,1,1024,28.900146484,29.379272461,30.194091797,5.824523926,6.090942383,6.295776367,4.823436278595972
0,bv_direct,1,float,lookup,2,1024,28.900146484,29.382324219,30.163574219,5.824645996,6.0743408205,6.393615723,4.837121440377368
0,bv_direct,1,float,lookupApply,0,1024,37.152099609,39.044189453,53.790283203,12.952087402,13.291839599500001,22.668518066,2.937455659220318
0,bv_direct,1,float,lookupApply,1,1024,38.922119141,39.227294922,49.157714844,12.95690918,13.4126281735,16.418334961,2.9246538720504702
0,bv_direct,1,float,lookupApply,2,1024,38.922119141,39.059448242,61.157226562,12.95300293,13.5746154785,14.378417969,2.8773889252232494
0,bv_direct,1,float,prepared,0,1024,18.701171875,19.363403320000003,35.3515625,0.805969238,0.8165893555,1.81048584,23.712534567810692
0,bv_direct,1,float,prepared,1,1024,19.592285156,19.592285156,22.729492188,0.805236816,0.82824707,0.884033203,23.655121600369803
0,bv_direct,1,float,prepared,2,1024,19.592285156,19.592285156,19.787597656,0.80480957,0.8277893064999999,0.8515625,23.668202768695707
0,bv_direct,1,float,vienot,0,1024,4.58984375,4.699707031,7.995605469,0.805541992,0.817016602,1.140991211,5.752278496539046
0,bv_direct,1,float,vienot,1,1024,4.809570312,4.809570312,5.029296875,0.804870605,0.844665527,0.998535156,5.6940530402396785
0,bv_split,1,double,brettel,0,1024,5.877685547,5.969238281,6.365966797,4.573303223,4.809661865,9.417785645,1.241093126408378
0,bv_split,1,double,brettel,1,1024,5.694580078,6.045532226500001,6.280517578,4.674743652,4.806274414500001,6.362976074,1.257841668020722
0,bv_split,1,double,brettel,2,1024,5.920410156,6.063842773499999,9.838867188,4.602539062,4.6845703125,7.357299805,1.2944288096860537
0,bv_split,1,double,lookup,0,1024,41.485595703,42.6208496095,45.178222656,7.790100098,8.059417724500001,8.724304199,5.288328644380343
0,bv_split,1,double,lookup,1,1024,41.442871094,42.565917969,44.567871094,7.480834961,7.740234375,10.095703125,5.499306081283875
0,bv_split,1,double,lookup,2,1024,41.595458984,44.7814941405,58.10546875,7.46862793,7.8045959475,9.870849609,5.737836326407723
0,bv_split,1,double,lookupApply,0,1024,54.705810547,57.699584961,64.660644531,11.812255859,13.134399414,15.68536377,4.393012816368126
0,bv_split,1,double,lookupApply,1,1024,54.565429688,57.2998046875,63.4765625,12.355041504,12.688140869000001,15.133056641,4.516012651427633
0,bv_split,1,double,lookupApply,2,1024,54.779052734,57.4645996095,59.936523438,12.356018066,12.617706299,15.400390625,4.5542825492819
0,bv_split,1,double,prepared,0,1024,24.737548828,25.946044922,26.135253906,1.216003418,1.260772705,2.166870117,20.579478615854075
0,bv_split,1,double,prepared,1,1024,24.737548828,25.946044922,32.647705078,1.215881348,1.2924194335,1.37878418,20.075560804386495
0,bv_split,1,double,prepared,2,1024,24.737548828,25.946044922,39.392089844,1.21484375,1.295227051,1.375732422,20.0320437269805
0,bv_split,1,double,vienot,0,1024,5.401611328,5.6335449220000005,5.981445312,1.302246094,1.3639526370000001,4.7421875,4.130308318029961
0,bv_split,1,double,vienot,1,1024,5.395507812,5.603027344,5.834960938,1.362487793,1.370025635,1.386962891,4.0897244554113765
0,bv_split,1,float,brettel,0,1024,5.926513672,6.085205078,6.439208984,2.254516602,2.3101806639999998,2.371765137,2.634081902262862
0,bv_split,1,float,brettel,1,1024,5.834960938,6.134033203,6.488037109,2.254089355,2.363983154,2.42791748,2.594787188995341
0,bv_split,1,float,brettel,2,1024,5.859375,6.161499023499999,6.628417969,2.253417969,2.3139343265,4.198730469,2.662780422476264
0,bv_split,1,float,lookup,0,1024,27.777099609,28.552246093500003,30.169677734,5.801696777,6.021484375,6.250427246,4.741728835508272
0,bv_split,1,float,lookup,1,1024,27.777099609,28.533935547,30.187988281,5.799316406,6.018737793,6.865722656,4.74085041222197
0,bv_split,1,float,lookup,2,1024,27.777099609,28.778076172,34.143066406,5.80279541,6.1071777345000005,10.820800781,4.71217269630619
0,bv_split,1,float,lookupApply,0,1024,37.573242188,40.1245117185,51.824951172,12.949829102,13.415374756,13.970214844,2.990934837698395
0,bv_split,1,float,lookupApply,1,1024,37.561035156,40.0360107425,50.054931641,12.942626953,13.348327637,13.781005859,2.9993278432516792
0,bv_split,1,float,lookupApply,2,1024,37.561035156,38.5833740235,40.582275391,12.954711914,13.411895752,18.74407959,2.876802410110174
0,bv_split,1,float,prepared,0,1024,19.134521484,20.068359375,25.311279297,0.803222656,0.8259887695,0.848449707,24.2961649310899
0,bv_split,1,float,prepared,1,1024,19.134521484,19.738769531499997,22.143554688,0.804199219,0.826477051,0.849487305,23.883021927368674
0,bv_split,1,float,prepared,2,1024,19.134521484,19.680786132999998,20.3125,0.805480957,0.8276672365,1.284484863,23.778621727525636
0,bv_split,1,float,vienot,0,1024,4.699707031,4.824829101500001,5.255126953,0.803649902,0.825683594,0.848388672,5.843435834938003
0,bv_split,1,float,vienot,1,1024,4.693603516,4.8919677735,5.102539062,0.803344727,0.8258361814999999,0.848815918,5.9236539680478995
0,ma_fixed,1,double,brettel,0,1024,26.300048828,26.589965820000003,28.149414062,4.689147949,4.7454833985,5.02545166,5.603215433943953
0,ma_fixed,1,double,brettel,1,1024,23.913574219,24.3743896485,25.415039062,4.689941406,4.8879089355000005,6.645324707,4.986670163077958
0,ma_fixed,1,double,brettel,2,1024,23.382568359,23.9837646485,24.334716797,4.691650391,4.7958984375,7.704772949,5.000890857272246
0,ma_fixed,1,double,lookup,0,1024,44.970703125,46.258544922,46.661376953,7.288757324,8.7274475095,16.164001465,5.3003521214704135
0,ma_fixed,1,double,lookup,1,1024,44.793701172,46.5423583985,57.244873047,7.27911377,8.174407959,12.596252441,5.693667190570908
0,ma_fixed,1,double,lookup,2,1024,45.056152344,45.8038330075,48.022460938,7.287719727,8.119812012,11.131896973,5.64099672994991
0,ma_fixed,1,double,lookupApply,0,1024,69.622802734,71.047973633,84.271240234,12.14831543,12.8630981445,18.338745117,5.523395128830504
0,ma_fixed,1,double,lookupApply,1,1024,69.586181641,70.9533691405,72.106933594,12.819702148,13.255340576,15.963745117,5.352813738257886
0,ma_fixed,1,double,lookupApply,2,1024,69.677734375,72.369384766,89.862060547,12.061462402,13.2519226075,17.178405762,5.4610479482458
0,ma_fixed,1,double,prepared,0,1024,25.323486328,25.961303711,26.831054688,1.188049316,1.2603759765,1.325805664,20.59806295506617
0,ma_fixed,1,double,prepared,1,1024,25.323486328,26.1169433595,34.777832031,1.189819336,1.3675537105000002,5.089172363,19.097563158927933
0,ma_fixed,1,double,prepared,2,1024,25.323486328,25.891113281,26.959228516,1.18762207,1.2586669920000002,1.326171875,20.570264768649782
0,ma_fixed,1,double,vienot,0,1024,23.419189453,24.118041992000002,34.503173828,1.330871582,1.362762451,1.569274902,17.697906171616406
0,ma_fixed,1,double,vienot,1,1024,23.889160156,24.475097656,33.233642578,1.331481934,1.3656616215000001,1.41973877,17.92178770398286
0,ma_fixed,1,float,brettel,0,1024,30.261230469,165.7806396485,184.375,2.297363281,2.3785705565,2.905883789,69.69759177227921
0,ma_fixed,1,float,brettel,1,1024,28.802490234,173.3642578125,188.873291016,2.308288574,2.3378295895,2.551208496,74.15607133690956
0,ma_fixed,1,float,brettel,2,1024,28.961181641,173.828125,188.897705078,2.307678223,2.3382263185,2.38885498,74.34187342118055
0,ma_fixed,1,float,lookup,0,1024,28.228759766,28.9978027345,29.907226562,5.941772461,6.086791992,6.669799805,4.7640535067753955
0,ma_fixed,1,float,lookup,1,1024,29.608154297,29.748535156000003,35.687255859,5.944091797,6.0872192385,6.291870117,4.887048419062786
0,ma_fixed,1,float,lookup,2,1024,29.608154297,29.684448242000002,30.169677734,5.928894043,5.944885254,7.145141602,4.993275222936709
0,ma_fixed,1,float,lookupApply,0,1024,48.205566406,50.4486083985,62.078857422,13.252319336,13.589935302499999,14.204284668,3.7122037210301873
0,ma_fixed,1,float,lookupApply,1,1024,49.896240234,50.2868652345,59.924316406,13.251342773,13.5736999515,13.776184082,3.7047279234239228
0,ma_fixed,1,float,lookupApply,2,1024,49.951171875,50.0885009765,55.169677734,12.693481445,13.268218994000001,15.523254395,3.775073429158083
0,ma_fixed,1,float,prepared,0,1024,19.134521484,20.022583007999998,21.771240234,0.823120117,0.8470153810000001,2.126037598,23.63898396314954
0,ma_fixed,1,float,prepared,1,1024,20.068359375,20.074462891,20.385742188,0.823913574,0.837371826,0.848876953,23.97317687041455
0,ma_fixed,1,float,prepared,2,1024,20.068359375,20.080566406,23.370361328,0.822509766,0.8434143064999999,1.05456543,23.808662304212408
0,ma_fixed,1,float,vienot,0,1024,20.092773438,21.047973632999998,29.78515625,0.822631836,0.8365478515,0.861083984,25.160513645763633
0,ma_fixed,1,float,vienot,1,1024,20.770263672,21.356201172,22.741699219,0.823242188,0.8356018064999999,0.848266602,25.557868599461916
0,ma_bounded,1,double,brettel,0,1024,25.323486328,25.500488281499997,86.889648438,4.763549805,4.8074035644999995,8.27355957,5.304420138514461
0,ma_bounded,1,double,brettel,1,1024,24.70703125,25.0244140625,27.478027344,4.758972168,4.8063049315,7.450927734,5.206580610084207
0,ma_bounded,1,double,brettel,2,1024,24.011230469,25.021362305,31.976318359,4.680725098,4.8139038085,10.716796875,5.197727935655738
0,ma_bounded,1,double,lookup,0,1024,44.940185547,45.458984375,51.422119141,7.956481934,8.142517089999998,12.631408691,5.5829154391127
0,ma_bounded,1,double,lookup,1,1024,43.707275391,44.561767578,56.079101562,7.290466309,8.1418151855,10.794067383,5.473198121392066
0,ma_bounded,1,double,lookup,2,1024,43.933105469,45.343017578,54.968261719,7.955932617,8.151824951,9.973937988,5.562314923413276
0,ma_bounded,1,double,lookupApply,0,1024,69.213867188,69.7662353515,163.793945312,12.962463379,13.140411377,16.017028809,5.309288526051295
0,ma_bounded,1,double,lookupApply,1,1024,69.195556641,70.1080322265,83.966064453,12.107177734,13.1280822755,16.441589355,5.340310241453742
0,ma_bounded,1,double,lookupApply,2,1024,67.468261719,69.3145751955,80.456542969,12.752075195,13.180511474500001,17.196899414,5.258868392899709
0,ma_bounded,1,double,prepared,0,1024,25.946044922,32.766723632499996,97.125244141,1.21697998,1.2840576174999998,1.395385742,25.518110080056434
0,ma_bounded,1,double,prepared,1,1024,25.939941406,25.946044922,26.147460938,1.215820312,1.2749938965,1.338439941,20.34993657085322
0,ma_bounded,1,double,prepared,2,1024,25.329589844,25.946044922,38.262939453,1.218994141,1.2911682130000002,1.788085938,20.095015243377894
0,ma_bounded,1,double,vienot,0,1024,23.980712891,23.986816406,24.481201172,1.34161377,1.3633117675,1.577941895,17.594520180799364
0,ma_bounded,1,double,vienot,1,1024,24.475097656,24.606323242000002,28.063964844,1.33215332,1.3494262694999999,1.366027832,18.234655570413146
0,ma_bounded,1,float,brettel,0,1024,31.121826172,174.5300292965,197.705078125,2.293640137,2.3514404295,2.655456543,74.22260292326916
0,ma_bounded,1,float,brettel,1,1024,28.881835938,174.6063232425,190.075683594,2.307128906,2.342895508,2.505981445,74.52586880050478
0,ma_bounded,1,float,brettel,2,1024,28.692626953,174.612426758,186.547851562,2.308166504,2.36517334,4.948242188,73.82648189244345
0,ma_bounded,1,float,lookup,0,1024,29.19921875,29.937744141,34.741210938,5.802307129,5.955749512000001,9.184265137,5.026696317680863
0,ma_bounded,1,float,lookup,1,1024,29.229736328,30.239868164,40.191650391,5.927734375,6.0907592775,9.598449707,4.964876591939813
0,ma_bounded,1,float,lookup,2,1024,29.907226562,30.139160156,30.847167969,5.930236816,6.0713806155,11.270202637,4.964136176713397
0,ma_bounded,1,float,lookupApply,0,1024,48.229980469,50.0183105465,61.767578125,12.381530762,12.630310058500001,16.750549316,3.96018073308014
0,ma_bounded,1,float,lookupApply,1,1024,48.315429688,49.325561523,61.389160156,13.251831055,13.6445007325,18.901428223,3.6150506705980714
0,ma_bounded,1,float,lookupApply,2,1024,49.432373047,50.161743164,61.743164062,12.384216309,13.5857543945,16.649902344,3.69223097278332
0,ma_bounded,1,float,prepared,0,1024,19.592285156,20.01953125,20.440673828,0.804626465,0.8177490235,0.831726074,24.481265858705118
0,ma_bounded,1,float,prepared,1,1024,19.592285156,20.074462891,26.733398438,0.823303223,0.8385314939999999,0.866088867,23.940022568788574
0,ma_bounded,1,float,prepared,2,1024,20.068359375,20.074462891,20.440673828,0.823547363,0.8377990719999999,1.065917969,23.960951452331045
0,ma_bounded,1,float,vienot,0,1024,20.544433594,21.173095703,26.916503906,0.803710938,0.8165283205,0.830871582,25.930632375414344
0,ma_bounded,1,float,vienot,1,1024,21.282958984,21.8811035155,32.604980469,0.823425293,0.8388366700000001,1.566467285,26.08505838866105
0,ma_direct,1,double,brettel,0,1024,23.400878906,23.75793457,30.786132812,4.763916016,4.827087402,9.005493164,4.921794985555143
0,ma_direct,1,double,brettel,1,1024,24.877929688,25.317382812,29.071044922,4.757873535,4.8043518065,8.082214355,5.269677124341124
0,ma_direct,1,double,brettel,2,1024,24.981689453,25.469970703,30.932617188,4.758422852,4.8063659665,7.161132812,5.299215848423473
0,ma_direct,1,double,lookup,0,1024,24.645996094,24.652099609,25.128173828,7.933166504,8.1400146485,10.829040527,3.0285080154668718
0,ma_direct,1,double,lookup,1,1024,24.639892578,24.987792968999997,37.878417969,7.934997559,8.133483887,9.870849609,3.0722127585374284
0,ma_direct,1,double,lookup,2,1024,24.371337891,25.173950195,30.865478516,7.936645508,8.156738281500001,11.052185059,3.086276563770118
0,ma_direct,1,double,lookupApply,0,1024,49.371337891,50.4180908205,57.238769531,12.099060059,13.139953613500001,16.049377441,3.8370067584333327
0,ma_direct,1,double,lookupApply,1,1024,48.858642578,49.688720703,51.080322266,12.922424316,13.1360168455,13.437438965,3.782632230714735
0,ma_direct,1,double,lookupApply,2,1024,49.279785156,49.5727539065,52.990722656,12.924743652,13.1375122075,13.757568359,3.773374526586524
0,ma_direct,1,double,prepared,0,1024,25.939941406,26.101684570000003,27.008056641,1.217773438,1.2778930665,1.30090332,20.425562399747168
0,ma_direct,1,double,prepared,1,1024,25.939941406,26.1077880855,30.584716797,1.216430664,1.2762145995,1.34576416,20.457208447332135
0,ma_direct,1,double,prepared,2,1024,25.946044922,26.0345458985,27.215576172,1.217407227,1.2559814455,1.840576172,20.728447853889893
0,ma_direct,1,double,vienot,0,1024,23.980712891,24.063110352,25.018310547,1.363891602,1.3798217775000001,4.272399902,17.439288714226716
0,ma_direct,1,double,vienot,1,1024,24.468994141,24.526977539,28.125,1.332763672,1.3495178220000001,1.769714355,18.17462292024477
0,ma_direct,1,float,brettel,0,1024,29.150390625,173.519897461,186.297607422,2.364135742,2.365966797,2.370849609,73.33995459320049
0,ma_direct,1,float,brettel,1,1024,29.547119141,174.3499755855,186.181640625,2.364501953,2.3656005860000002,2.367431641,73.70220341393676
0,ma_direct,1,float,brettel,2,1024,28.649902344,173.211669922,188.824462891,2.364257812,2.366241455,2.641357422,73.20118137394394
0,ma_direct,1,float,lookup,0,1024,23.187255859,23.56262207,24.572753906,6.088134766,6.106933594,8.463562012,3.8583393297660935
0,ma_direct,1,float,lookup,1,1024,23.193359375,23.754882812,28.582763672,6.088928223,6.108856201,9.240539551,3.8885974772350025
0,ma_direct,1,float,lookup,2,1024,23.754882812,24.3560791015,29.669189453,6.000427246,6.140625,9.764953613,3.966384382941476
0,ma_direct,1,float,lookupApply,0,1024,41.729736328,43.3197021485,54.443359375,13.562561035,13.5892333985,13.903991699,3.1877958732596126
0,ma_direct,1,float,lookupApply,1,1024,41.796875,43.1091308595,53.778076172,13.566345215,13.594909668,17.054931641,3.1709758955567926
0,ma_direct,1,float,lookupApply,2,1024,41.931152344,43.328857422,45.678710938,12.934570312,13.9507751465,17.192687988,3.105838705519559
0,ma_direct,1,float,prepared,0,1024,19.592285156,20.068359375,20.599365234,0.843383789,0.847595215,1.358581543,23.676820043161758
0,ma_direct,1,float,prepared,1,1024,19.592285156,20.034790039,76.879882812,0.843811035,0.848205566,0.850097656,23.620205811052177
0,ma_direct,1,float,prepared,2,1024,20.068359375,20.08972168,21.374511719,0.843383789,0.8541564939999999,1.230834961,23.519954271986137
0,ma_direct,1,float,vienot,0,1024,20.550537109,21.3073730465,28.302001953,0.843200684,0.8456115725,0.847900391,25.197589223508412
0,ma_direct,1,float,vienot,1,1024,21.264648438,21.7864990235,78.533935547,0.842285156,0.8453979495,0.848510742,25.770702467855937
0,default,2,double,brettel,0,1024,25.671386719,28.4606933595,39.617919922,4.685791016,4.7591247555,5.387268066,5.980236875826526
0,default,2,double,brettel,1,1024,23.986816406,24.401855468999997,25.469970703,4.695739746,4.760498047,6.27154541,5.125903892425229
0,default,2,double,brettel,2,1024,24.542236328,25.161743164,25.500488281,4.491149902,4.795715332,7.369018555,5.2467132475743865
0,default,2,double,lookup,0,1024,42.889404297,43.9422607425,60.943603516,7.949707031,8.608764648000001,11.360229492,5.104363115875019
0,default,2,double,lookup,1,1024,42.895507812,44.738769531,76.46484375,7.299926758,10.2718811035,15.715881348,4.355460220013245
0,default,2,double,lookup,2,1024,42.877197266,43.84765625,45.086669922,7.315185547,7.951843262000001,10.599182129,5.5141499656485555
0,default,2,double,lookupApply,0,1024,56.164550781,57.83996582,78.387451172,12.829223633,13.058105469000001,20.650939941,4.429430131140565
0,default,2,double,lookupApply,1,1024,56.225585938,57.51953125,61.175537109,12.816589355,13.17086792,21.352233887,4.367178503297906
0,default,2,double,lookupApply,2,1024,56.365966797,57.986450195,79.351806641,12.055847168,12.9833374025,15.947021484,4.4662206948295475
0,default,2,double,prepared,0,1024,25.323486328,25.939941406,35.992431641,1.188354492,1.2637329099999999,2.215209961,20.526442890531357
0,default,2,double,prepared,1,1024,25.323486328,26.266479492000002,35.455322266,1.187988281,1.265472412,1.353881836,20.756264018816083
0,default,2,double,prepared,2,1024,25.323486328,25.750732422,26.489257812,1.187927246,1.2983398435,1.410583496,19.833584058071
0,default,2,double,vienot,0,1024,23.657226562,24.230957031,25.054931641,1.330078125,1.3327941895,1.737121582,18.180569229589967
0,default,2,double,vienot,1,1024,24.475097656,26.9622802735,37.860107422,1.332336426,1.3345336915,3.334411621,20.203521608506353
0,default,2,float,brettel,0,1024,28.631591797,169.6105957035,204.034423828,2.30871582,2.3648376465,3.500488281,71.72187737899326
0,default,2,float,brettel,1,1024,28.149414062,170.4376220705,194.940185547,2.307983398,2.312927246,7.19128418,73.68914105069952
0,default,2,float,brettel,2,1024,27.941894531,169.384765625,201.26953125,2.294433594,2.3034057615,2.311584473,73.5366596958996
0,default,2,float,lookup,0,1024,29.382324219,29.544067382999998,38.800048828,5.926025391,8.5038757325,13.047363281,3.4741885126670975
0,default,2,float,lookup,1,1024,29.382324219,29.6936035155,34.545898438,5.805358887,5.9267578125,8.751647949,5.010092272181908
0,default,2,float,lookup,2,1024,29.382324219,29.830932617000002,30.517578125,5.803222656,5.9444885255,6.443725586,5.018250517102458
0,default,2,float,lookupApply,0,1024,39.422607422,39.5721435545,49.920654297,13.264221191,14.185913086,17.130187988,2.7895379955170836
0,default,2,float,lookupApply,1,1024,39.422607422,40.0665283205,51.770019531,13.255310059,13.271057128999999,16.76574707,3.019090938350824
0,default,2,float,lookupApply,2,1024,39.422607422,40.380859375,51.46484375,12.394897461,13.26272583,15.561706543,3.044687788362432
0,default,2,float,prepared,0,1024,19.598388672,19.7296142575,20.812988281,0.825927734,0.8383789065,0.85760498,23.533051827205053
0,default,2,float,prepared,1,1024,19.592285156,19.598388672,23.852539062,0.826843262,0.8296203615,0.834655762,23.623321680009177
0,default,2,float,prepared,2,1024,19.592285156,19.821166992000002,25.646972656,0.804443359,0.8177490235,0.829528809,24.238692340058787
0,default,2,float,vienot,0,1024,20.074462891,20.3948974605,33.190917969,0.82598877,0.837738037,1.144714355,24.3451968989442
0,default,2,float,vienot,1,1024,21.026611328,21.032714844,21.38671875,0.826904297,1.144866943,2.633605957,18.371318145396046
0,prepared,2,double,brettel,0,1024,33.758544922,34.1796875,44.891357422,4.490356445,4.759490967,6.902038574,7.18137459173373
0,prepared,2,double,brettel,1,1024,33.776855469,34.439086914,47.814941406,4.690856934,4.759918213000001,6.268310547,7.235226609554351
0,prepared,2,double,brettel,2,1024,33.728027344,34.475708008,46.392822266,4.690063477,4.761810303000001,6.62689209,7.240042297837834
0,prepared,2,double,lookup,0,1024,42.846679688,43.3502197265,61.895751953,7.953979492,9.269561767999999,14.395324707,4.6766201910592855
0,prepared,2,double,lookup,1,1024,42.840576172,43.5760498045,64.147949219,7.954711914,7.962097168,8.188293457,5.472936198220987
0,prepared,2,double,lookup,2,1024,43.145751953,43.8262939455,59.930419922,7.945983887,7.969696045,12.153259277,5.499117368848161
0,prepared,2,double,lookupApply,0,1024,55.560302734,56.0760498045,75.177001953,12.827697754,13.1926574705,19.506408691,4.250549969169686
0,prepared,2,double,lookupApply,1,1024,55.572509766,56.0333251955,75.073242188,12.820800781,12.9269714355,15.808044434,4.3346057872164465
0,prepared,2,double,lookupApply,2,1024,55.578613281,56.231689453,75.708007812,12.922729492,15.391296387,22.453796387,3.653473238322871
0,prepared,2,double,prepared,0,1024,25.323486328,25.8697509765,38.18359375,1.188354492,1.260986328,1.353637695,20.515488869360684
0,prepared,2,double,prepared,1,1024,25.323486328,25.3356933595,34.680175781,1.188964844,1.2623901370000001,2.797607422,20.069622390831462
0,prepared,2,double,prepared,2,1024,25.323486328,25.598144531000003,28.460693359,1.331420898,1.5183410645,3.558349609,16.859284866559047
0,prepared,2,double,vienot,0,1024,11.737060547,12.030029296999999,16.711425781,1.330200195,1.33303833,1.337280273,9.024518670067048
0,prepared,2,double,vienot,1,1024,11.737060547,11.737060547,12.139892578,1.330444336,1.677429199,4.439331055,6.997052724488791
0,prepared,2,float,brettel,0,1024,26.849365234,33.547973633,39.782714844,2.307250977,2.3142700195000003,6.992919922,14.496136297979637
0,prepared,2,float,brettel,1,1024,26.971435547,27.600097656000003,33.862304688,2.306274414,2.3094177245000003,2.31262207,11.951106706767634
0,prepared,2,float,brettel,2,1024,26.629638672,27.200317382999998,38.946533203,2.308166504,2.31048584,2.319213867,11.77255316267162
0,prepared,2,float,lookup,0,1024,28.674316406,31.5795898435,40.460205078,5.92376709,5.9294738769999995,8.699645996,5.325867100282699
0,prepared,2,float,lookup,1,1024,28.674316406,33.10546875,88.037109375,5.925292969,6.3955993655,12.141052246,5.176288703851895
0,prepared,2,float,lookup,2,1024,28.674316406,29.049682617499997,31.665039062,5.816345215,5.92980957,9.523925781,4.89892335910207
0,prepared,2,float,lookupApply,0,1024,38.690185547,39.2608642575,42.211914062,13.242980957,13.271118164,16.187683105,2.9583689763234333
0,prepared,2,float,lookupApply,1,1024,38.690185547,39.175415039,173.284912109,13.25012207,15.345123291,21.128234863,2.5529553784671513
0,prepared,2,float,lookupApply,2,1024,38.696289062,39.111328125,51.574707031,13.245422363,13.270690918,17.578918457,2.9471960703982996
0,prepared,2,float,prepared,0,1024,19.592285156,19.601440429999997,23.815917969,0.822998047,0.8280944825000001,0.831665039,23.670536205993855
0,prepared,2,float,prepared,1,1024,19.592285156,19.598388672,20.166015625,0.822814941,0.8293762204999999,2.679077148,23.630275606629837
0,prepared,2,float,prepared,2,1024,19.592285156,19.598388672,25.482177734,0.823852539,0.8291320799999999,1.051391602,23.637233614215
0,prepared,2,float,vienot,0,1024,8.868408203,8.871459961,13.128662109,0.823059082,1.150665283,2.517028809,7.7098528060831395
0,prepared,2,float,vienot,1,1024,8.862304688,10.0189208985,15.844726562,0.824035645,0.8262329105,0.829528809,12.126024963635238
0,inline,2,double,brettel,0,1024,41.162109375,41.943359375,57.470703125,4.796508789,4.807434082,5.747314453,8.724687361194274
0,inline,2,double,brettel,1,1024,41.149902344,41.879272461,50.726318359,4.803710938,5.572692871,6.829406738,7.515087127614286
0,inline,2,double,brettel,2,1024,41.11328125,41.4520263675,44.635009766,4.804931641,4.878265381,5.075317383,8.497288099361807
0,inline,2,double,lookup,0,1024,43.731689453,43.9483642575,60.845947266,8.130249023,8.183319092,11.22253418,5.370481556861672
0,inline,2,double,lookup,1,1024,43.762207031,44.302368164,60.009765625,7.457702637,7.5461425779999995,8.704223633,5.870862855567954
0,inline,2,double,lookup,2,1024,43.719482422,44.1345214845,55.926513672,7.460327148,7.958190918000001,8.334472656,5.545798277429563
0,inline,2,double,lookupApply,0,1024,57.110595703,57.4127197265,62.451171875,12.385498047,13.1423950195,14.548461914,4.368512713345932
0,inline,2,double,lookupApply,1,1024,56.823730469,57.373046875,68.115234375,12.349182129,12.421661377,20.403320312,4.618790122650757
0,inline,2,double,lookupApply,2,1024,56.982421875,57.5897216795,75.811767578,12.396240234,12.8533325195,13.560913086,4.480528422658458
0,inline,2,double,prepared,0,1024,25.939941406,26.016235352,34.643554688,1.217346191,1.2800903319999999,1.342346191,20.323749583634854
0,inline,2,double,prepared,1,1024,25.939941406,26.318359375,35.64453125,1.216003418,1.688751221,2.36895752,15.584509457476804
0,inline,2,double,prepared,2,1024,25.946044922,26.266479492000002,34.301757812,1.217712402,1.3132019045,1.408996582,20.001859121580342
0,inline,2,double,vienot,0,1024,18.621826172,18.75,19.610595703,1.361999512,1.3640747069999999,1.708129883,13.745581458098249
0,inline,2,double,vienot,1,1024,18.621826172,18.624877929999997,18.957519531,1.362548828,1.373626709,4.039978027,13.558907822605534
0,inline,2,float,brettel,0,1024,32.763671875,33.920288086,42.504882812,2.349365234,2.806365967,3.873962402,12.086908295235894
0,inline,2,float,brettel,1,1024,32.788085938,33.1573486325,42.346191406,2.363464355,2.3657226565,2.367553711,14.015737872483786
0,inline,2,float,brettel,2,1024,32.641601562,33.4838867185,40.460205078,2.362915039,2.3656311035,2.546203613,14.15431453744411
0,inline,2,float,lookup,0,1024,30.340576172,30.682373047,31.4453125,6.083618164,6.093109131,6.63861084,5.0355856734777396
0,inline,2,float,lookup,1,1024,30.334472656,30.520629882999998,39.428710938,6.08404541,6.0887451175,6.407897949,5.012630565743171
0,inline,2,float,lookup,2,1024,30.340576172,30.5114746095,34.484863281,5.958007812,6.1324157715,11.852478027,4.975441285520802
0,inline,2,float,lookupApply,0,1024,40.350341797,40.5487060545,47.875976562,13.562561035,13.87701416,20.47277832,2.922005093241182
0,inline,2,float,lookupApply,1,1024,40.350341797,40.5548095705,52.130126953,13.574462891,13.589141846,15.961425781,2.9843539812955453
0,inline,2,float,lookupApply,2,1024,40.350341797,40.7470703125,52.648925781,13.562988281,13.663696289,14.692810059,2.982141102280175
0,inline,2,float,prepared,0,1024,20.068359375,20.230102539,26.525878906,0.833129883,1.220001221,1.374084473,16.582034665848912
0,inline,2,float,prepared,1,1024,20.074462891,20.074462891,20.385742188,0.846252441,0.849975586,0.851989746,23.617693521611336
0,inline,2,float,prepared,2,1024,20.068359375,20.1080322265,21.19140625,0.848327637,0.8507995605,1.162963867,23.634276696949467
0,inline,2,float,vienot,0,1024,14.215087891,14.224243164,14.642333984,0.823303223,1.0249328615,1.288818359,13.87821944081554
0,inline,2,float,vienot,1,1024,14.221191406,14.4958496095,17.492675781,0.843566895,0.8476867674999999,1.011413574,17.100478815130263
0,bv_direct,2,double,brettel,0,1024,13.494873047,16.9982910155,22.271728516,4.805358887,5.9868164065,6.94354248,2.8392871705644147
0,bv_direct,2,double,brettel,1,1024,13.37890625,13.433837891,14.001464844,4.759521484,4.8056640625,5.135009766,2.79541759812721
0,bv_direct,2,double,brettel,2,1024,13.317871094,16.021728516,24.621582031,4.602478027,4.684295654,5.161193848,3.4203068506828287
0,bv_direct,2,double,lookup,0,1024,42.999267578,44.1986083985,60.998535156,7.942443848,8.136260986,8.518859863,5.432299735044413
0,bv_direct,2,double,lookup,1,1024,42.999267578,44.0216064455,54.98046875,7.474243164,7.815399169999999,8.28314209,5.632675374340477
0,bv_direct,2,double,lookup,2,1024,44.055175781,49.935913086,65.020751953,7.278198242,9.4737243655,11.905212402,5.270990706447949
0,bv_direct,2,double,lookupApply,0,1024,55.346679688,55.679321289,63.793945312,12.922668457,13.135925293,15.19128418,4.238705690467876
0,bv_direct,2,double,lookupApply,1,1024,55.426025391,56.686401367,80.853271484,12.352355957,12.826019287000001,14.846252441,4.419641051409873
0,bv_direct,2,double,lookupApply,2,1024,55.505371094,56.832885742,68.212890625,12.3671875,13.416595459,21.794494629,4.236013966112087
0,bv_direct,2,double,prepared,0,1024,25.323486328,25.408935547,35.028076172,1.217712402,1.8392639160000002,2.481018066,13.81473062455274
0,bv_direct,2,double,prepared,1,1024,25.323486328,25.329589844,26.5625,1.216918945,1.2753601075,1.338745117,19.86073556405323
0,bv_direct,2,double,prepared,2,1024,25.347900391,28.240966797,37.438964844,1.215637207,1.2762451175,1.962646484,22.128168335186597
0,bv_direct,2,double,vienot,0,1024,5.529785156,5.529785156,8.996582031,1.362487793,1.79586792,2.377441406,3.079171410334007
0,bv_direct,2,double,vienot,1,1024,5.529785156,5.529785156,5.938720703,1.332458496,1.34954834,1.366516113,4.097508027018876
0,bv_direct,2,float,brettel,0,1024,11.212158203,12.8143310545,17.761230469,2.307434082,2.336853027,2.374145508,5.48358450721685
0,bv_direct,2,float,brettel,1,1024,11.224365234,11.685180664499999,17.565917969,2.307922363,2.346221924,2.616638184,4.9804242919093955
0,bv_direct,2,float,brettel,2,1024,11.23046875,11.737060546999999,16.381835938,2.307922363,2.339202881,3.406738281,5.017547063717044
0,bv_direct,2,float,lookup,0,1024,28.90625,29.7607421875,44.750976562,5.962341309,6.0200195315,6.076049805,4.943628842361008
0,bv_direct,2,float,lookup,1,1024,28.900146484,29.821777343500003,40.368652344,5.961303711,7.2751464845000005,9.812744141,4.099130843212096
0,bv_direct,2,float,lookup,2,1024,28.930664062,29.6295166015,39.215087891,6.092163086,6.2468566894999995,9.037780762,4.743108106081998
0,bv_direct,2,float,lookupApply,0,1024,38.922119141,39.093017578,48.614501953,13.248657227,13.498626709,15.905090332,2.89607368369816
0,bv_direct,2,float,lookupApply,1,1024,38.922119141,39.077758789,50.775146484,13.247619629,13.5932922365,19.948242188,2.874782511043972
0,bv_direct,2,float,lookupApply,2,1024,38.922119141,39.0899658205,39.361572266,12.380126953,13.5955200195,20.415893555,2.8752093163360737
0,bv_direct,2,float,prepared,0,1024,19.592285156,19.9127197265,26.605224609,0.825256348,0.836425781,1.186584473,23.80691769530715
0,bv_direct,2,float,prepared,1,1024,19.592285156,19.8638916015,27.667236328,0.822753906,0.844818115,0.984802246,23.51262508321096
0,bv_direct,2,float,prepared,2,1024,19.592285156,19.827270507999998,25.445556641,0.803894043,0.8555603025,3.348083496,23.174603181170852
0,bv_direct,2,float,vienot,0,1024,4.809570312,4.809570312,5.267333984,0.823852539,0.836364746,0.849060059,5.750565569630071
0,bv_direct,2,float,vienot,1,1024,4.809570312,4.81262207,10.479736328,0.822570801,0.845550537,1.173522949,5.691702458229294
0,bv_split,2,double,brettel,0,1024,5.914306641,6.0943603515,9.942626953,4.763549805,4.805389404,6.09564209,1.2682344424422842
0,bv_split,2,double,brettel,1,1024,5.944824219,6.024169922,6.433105469,4.778015137,4.8077697755,5.256225586,1.2530071536908183
0,bv_split,2,double,brettel,2,1024,5.963134766,7.116699219,9.478759766,4.767822266,4.804199218999999,5.064819336,1.4813497306386372
0,bv_split,2,double,lookup,0,1024,43.591308594,43.994140625,47.546386719,7.976745605,8.154998779500001,12.02355957,5.394745212665423
0,bv_split,2,double,lookup,1,1024,42.687988281,43.3197021485,61.883544922,7.966186523,8.148864746000001,9.4140625,5.316041374936817
0,bv_split,2,double,lookup,2,1024,42.468261719,43.899536133,60.675048828,7.937805176,7.983795166,16.655334473,5.498579963568168
0,bv_split,2,double,lookupApply,0,1024,57.153320312,57.7270507815,76.232910156,12.13067627,13.1423950195,17.91796875,4.392430047631928
0,bv_split,2,double,lookupApply,1,1024,57.067871094,57.781982422,76.214599609,12.930664062,13.138244628999999,23.590698242,4.3979986713337675
0,bv_split,2,double,lookupApply,2,1024,55.865478516,57.373046875,72.491455078,12.92767334,14.432464599500001,20.290344238,3.975277159313984
0,bv_split,2,double,prepared,0,1024,25.939941406,26.0192871095,27.05078125,1.217346191,1.353515625,1.568115234,19.2234848485772
0,bv_split,2,double,prepared,1,1024,25.939941406,26.0986328125,33.703613281,1.217102051,1.2883605955,4.140930176,20.257242346325704
0,bv_split,2,double,prepared,2,1024,25.323486328,25.946044922,35.729980469,1.217895508,1.353973389,1.781738281,19.162891333605078
0,bv_split,2,double,vienot,0,1024,5.6640625,5.679321289,6.188964844,1.342285156,1.362976074,1.952697754,4.166853253947875
0,bv_split,2,double,vienot,1,1024,5.6640625,5.6640625,5.877685547,1.346252441,1.3640441895,2.060852051,4.152403964329192
0,bv_split,2,float,brettel,0,1024,6.103515625,6.143188476500001,7.562255859,2.329345703,2.856201172,4.008178711,2.150824856709358
0,bv_split,2,float,brettel,1,1024,6.140136719,6.15234375,6.903076172,2.308654785,2.58291626,3.023620605,2.381936977701321
0,bv_split,2,float,brettel,2,1024,6.134033203,6.2072753904999995,7.281494141,2.308227539,2.8552856445,5.135070801,2.1739595134577088
0,bv_split,2,float,lookup,0,1024,29.132080078,30.258178711,37.79296875,5.942382812,6.071014404,6.283508301,4.984040013323612
0,bv_split,2,float,lookup,1,1024,29.132080078,29.6325683595,38.708496094,5.940368652,7.271392822499999,16.150085449,4.0752259000239155
0,bv_split,2,float,lookup,2,1024,29.132080078,30.1330566405,42.419433594,5.940307617,6.0919494625,7.00604248,4.946373377847109
0,bv_split,2,float,lookupApply,0,1024,39.385986328,39.6484375,50.616455078,13.25994873,13.6083068845,18.971313477,2.913546691481508
0,bv_split,2,float,lookupApply,1,1024,39.385986328,39.6697998045,51.470947266,13.258728027,13.545928955,17.167297363,2.928540370784781
0,bv_split,2,float,lookupApply,2,1024,39.398193359,39.5599365235,43.884277344,13.254882812,13.6240844725,14.34375,2.9036766913293226
0,bv_split,2,float,prepared,0,1024,20.068359375,20.074462891,21.209716797,0.826477051,1.064666748,1.293457031,18.855160949386576
0,bv_split,2,float,prepared,1,1024,20.068359375,20.074462891,20.452880859,0.824401855,1.059967041,1.293640137,18.938761409091775
0,bv_split,2,float,prepared,2,1024,20.068359375,20.074462891,20.422363281,0.823669434,1.0610656735,2.994873047,18.91915212447027
0,bv_split,2,float,vienot,0,1024,4.925537109,4.928588867,5.358886719,0.833374023,1.0872192379999999,1.291992188,4.533206086443442
0,bv_split,2,float,vienot,1,1024,4.925537109,4.925537109,5.517578125,0.826477051,1.059814453,1.294189453,4.647546648432054
0,ma_fixed,2,double,brettel,0,1024,25.787353516,25.9887695315,39.434814453,4.657104492,4.6930236815,6.31060791,5.537745235326276
0,ma_fixed,2,double,brettel,1,1024,23.785400391,24.310302734,33.697509766,4.657714844,4.6756591795,4.892150879,5.199331645169155
0,ma_fixed,2,double,brettel,2,1024,23.376464844,24.264526367499997,36.529541016,4.693664551,6.227355957,10.233886719,3.896441207961608
0,ma_fixed,2,double,lookup,0,1024,44.494628906,44.69909668,57.867431641,7.766784668,7.968383789500001,10.670227051,5.609556198698704
0,ma_fixed,2,double,lookup,1,1024,44.53125,45.0592041015,60.516357422,7.980102539,10.2142333985,15.205078125,4.411413205822879
0,ma_fixed,2,double,lookup,2,1024,44.012451172,45.7305908205,62.609863281,7.78137207,7.8735046385,12.860412598,5.808162047290321
0,ma_fixed,2,double,lookupApply,0,1024,69.580078125,70.1934814455,101.171875,12.636230469,12.827697753999999,18.168701172,5.4720248942263945
0,ma_fixed,2,double,lookupApply,1,1024,69.293212891,69.8333740235,96.356201172,12.625671387,12.8354797365,22.948303223,5.44065165129093
0,ma_fixed,2,double,lookupApply,2,1024,69.567871094,70.3704833985,95.623779297,12.673156738,12.8580322265,20.416748047,5.472881243326537
0,ma_fixed,2,double,prepared,0,1024,25.323486328,25.5615234375,34.783935547,1.188415527,1.2565612795,1.327697754,20.34244079816881
0,ma_fixed,2,double,prepared,1,1024,25.323486328,25.421142578,28.802490234,1.188049316,1.2549743654999999,1.327575684,20.256304253570832
0,ma_fixed,2,double,prepared,2,1024,25.323486328,25.411987305,29.553222656,1.386291504,1.8516845705,3.576477051,13.723712834167076
0,ma_fixed,2,double,vienot,0,1024,23.413085938,23.419189453,27.038574219,1.30871582,1.3229980465,2.131408691,17.7016054671854
0,ma_fixed,2,double,vienot,1,1024,23.895263672,23.895263672,27.752685547,1.308227539,1.3307189940000002,1.485351562,17.956656348740744
0,ma_fixed,2,float,brettel,0,1024,29.742431641,170.205688477,229.4921875,2.253662109,2.2809448244999997,2.308837891,74.6206951824494
0,ma_fixed,2,float,brettel,1,1024,27.624511719,170.889282227,205.810546875,2.254821777,3.0811157225,5.129211426,55.46344169388789
0,ma_fixed,2,float,brettel,2,1024,28.155517578,169.9432373045,258.929443359,2.254882812,2.3079833985000002,2.558105469,73.63278150741863
0,ma_fixed,2,float,lookup,0,1024,28.228759766,34.7595214845,46.38671875,5.791687012,5.845031737999999,10.456237793,5.946849057896425
0,ma_fixed,2,float,lookup,1,1024,28.900146484,38.119506836,99.945068359,5.788696289,5.945587158,6.361938477,6.411394841753995
0,ma_fixed,2,float,lookup,2,1024,28.900146484,29.040527344,41.253662109,5.791320801,5.962738036999999,9.805236816,4.870334259831245
0,ma_fixed,2,float,lookupApply,0,1024,47.576904297,48.370361328,49.658203125,12.379272461,12.95413208,19.777954102,3.733971602982143
0,ma_fixed,2,float,lookupApply,1,1024,47.631835938,55.3192138675,67.022705078,12.940368652,15.685272217,23.289001465,3.5268252346646536
0,ma_fixed,2,float,lookupApply,2,1024,48.742675781,49.069213867,58.569335938,12.934814453,13.251129150499999,15.660461426,3.703021328197416
0,ma_fixed,2,float,prepared,0,1024,19.140625,19.445800781,28.131103516,0.80670166,0.8103027345,0.813903809,23.9981922225637
0,ma_fixed,2,float,prepared,1,1024,19.134521484,19.592285156,19.885253906,1.125305176,1.2374877925,2.014465332,15.832305801109548
0,ma_fixed,2,float,prepared,2,1024,19.592285156,19.6105957035,25.512695312,0.804504395,0.817871094,0.830810547,23.977611933427738
0,ma_fixed,2,float,vienot,0,1024,20.568847656,26.550292968999997,34.417724609,0.803466797,0.8064575195,3.760192871,32.92212215401136
0,ma_fixed,2,float,vienot,1,1024,20.770263672,21.264648438,28.625488281,0.822692871,1.2148742675,5.456115723,17.503579594091615
0,ma_bounded,2,double,brettel,0,1024,24.731445312,25.2197265625,35.681152344,4.600402832,4.760437012,5.144592285,5.2977754981163905
0,ma_bounded,2,double,brettel,1,1024,24.243164062,24.630737304999997,29.39453125,4.649230957,4.8060302735,6.793212891,5.1249650758156
0,ma_bounded,2,double,brettel,2,1024,24.304199219,24.768066406499997,25.78125,4.571289062,4.601837158,5.12902832,5.382212702473032
0,ma_bounded,2,double,lookup,0,1024,43.493652344,45.1965332035,50.78125,7.753356934,8.1655578615,9.222351074,5.535020873049998
0,ma_bounded,2,double,lookup,1,1024,43.493652344,44.6868896485,56.756591797,7.11138916,7.4820861815,9.173339844,5.972517365409606
0,ma_bounded,2,double,lookup,2,1024,43.505859375,44.805908203,61.022949219,7.76385498,8.486755371000001,11.157592773,5.279509806080399
0,ma_bounded,2,double,lookupApply,0,1024,67.919921875,68.7255859375,93.579101562,12.347229004,12.929779053,13.568603516,5.31529468955265
0,ma_bounded,2,double,lookupApply,1,1024,67.510986328,69.436645508,92.736816406,11.815307617,13.101776123,14.962158203,5.299788735216201
0,ma_bounded,2,double,lookupApply,2,1024,67.584228516,69.876098633,76.605224609,11.816162109,13.135070801,14.680114746,5.319811342598944
0,ma_bounded,2,double,prepared,0,1024,25.323486328,25.946044922,30.920410156,1.215026855,1.2854003905,1.356445312,20.18518518724536
0,ma_bounded,2,double,prepared,1,1024,25.323486328,25.7232666015,27.362060547,1.216430664,1.27053833,1.332519531,20.245958735853332
0,ma_bounded,2,double,prepared,2,1024,25.329589844,25.949096679999997,34.930419922,1.216125488,1.250152588,1.280395508,20.75674356001093
0,ma_bounded,2,double,vienot,0,1024,22.869873047,23.9624023435,25.531005859,1.338806152,1.35546875,1.367248535,17.678314120853024
0,ma_bounded,2,double,vienot,1,1024,23.889160156,24.264526367499997,32.550048828,1.307556152,1.3394470215,1.880249023,18.115331161307896
0,ma_bounded,2,float,brettel,0,1024,30.377197266,168.481445313,462.316894531,2.307495117,2.338470459,2.370483398,72.0477116418429
0,ma_bounded,2,float,brettel,1,1024,28.308105469,171.527099609,196.508789062,2.364318848,2.7834777835,3.771789551,61.623304711028965
0,ma_bounded,2,float,brettel,2,1024,27.893066406,169.842529297,202.154541016,2.30682373,2.36630249,3.297790527,71.7754936297261
0,ma_bounded,2,float,lookup,0,1024,28.515625,29.9407958985,32.244873047,5.963867188,6.085571289,8.645507812,4.919964696267647
0,ma_bounded,2,float,lookup,1,1024,28.515625,29.3548583985,33.520507812,5.963684082,6.0844726565,6.285522461,4.824552603936909
0,ma_bounded,2,float,lookup,2,1024,28.546142578,29.2877197265,30.2734375,5.963317871,6.112121582,7.954467773,4.791743641479807
0,ma_bounded,2,float,lookupApply,0,1024,47.106933594,48.7518310545,60.430908203,13.266357422,13.5225219725,30.195922852,3.6052321566675127
0,ma_bounded,2,float,lookupApply,1,1024,47.106933594,49.6185302735,59.710693359,12.806091309,13.58984375,17.165039062,3.6511479591882723
0,ma_bounded,2,float,lookupApply,2,1024,47.106933594,49.563598633,60.25390625,13.241638184,14.9090881345,20.544006348,3.32438833185972
0,ma_bounded,2,float,prepared,0,1024,19.140625,19.592285156,25.756835938,0.827758789,0.838134766,4.442871094,23.37605591700273
0,ma_bounded,2,float,prepared,1,1024,19.134521484,19.741821289,20.434570312,0.843078613,1.049163818,1.280883789,18.816719515388396
0,ma_bounded,2,float,prepared,2,1024,19.134521484,19.677734375,23.986816406,0.825134277,0.9810791015,1.291320801,20.05723528807631
0,ma_bounded,2,float,vienot,0,1024,20.068359375,22.180175781499997,24.505615234,0.825500488,0.8441772465,1.345336914,26.274311317273813
0,ma_bounded,2,float,vienot,1,1024,20.831298828,25.161743164,37.817382812,0.842102051,1.1500244145,1.360412598,21.87931216655053
0,ma_direct,2,double,brettel,0,1024,22.979736328,23.141479492000002,23.791503906,4.690795898,5.055206299,5.155273438,4.577751752006195
0,ma_direct,2,double,brettel,1,1024,24.462890625,30.856323242000002,36.822509766,4.692077637,5.136779785,7.40246582,6.006939081193258
0,ma_direct,2,double,brettel,2,1024,23.986816406,24.343872070499998,25.085449219,4.69744873,5.158477783,9.181945801,4.719196843442138
0,ma_direct,2,double,lookup,0,1024,24.053955078,24.075317382999998,24.365234375,7.761413574,7.975189209,10.696472168,3.018776953383251
0,ma_direct,2,double,lookup,1,1024,23.510742188,23.892211914,39.35546875,7.766357422,10.2975158695,12.563293457,2.3201918032256548
0,ma_direct,2,double,lookup,2,1024,23.492431641,24.066162109,41.143798828,7.760864258,7.9386901855000005,9.565734863,3.031502873478649
0,ma_direct,2,double,lookupApply,0,1024,47.717285156,48.767089844,53.686523438,11.813720703,12.8235168455,14.651306152,3.80294192549162
0,ma_direct,2,double,lookupApply,1,1024,47.149658203,48.266601562,67.749023438,11.812683105,12.845489502,20.872375488,3.7574746804693624
0,ma_direct,2,double,lookupApply,2,1024,46.997070312,50.744628906,68.395996094,12.668029785,12.835723877,15.228515625,3.953390505457038
0,ma_direct,2,double,prepared,0,1024,25.323486328,26.736450195,35.760498047,1.187744141,1.5164794920000002,4.052856445,17.630604525840827
0,ma_direct,2,double,prepared,1,1024,25.323486328,25.500488281,25.866699219,1.188049316,1.5351867675,1.89440918,16.61067488389487
0,ma_direct,2,double,prepared,2,1024,24.737548828,25.323486328,28.564453125,1.190490723,1.7839660645,4.288330078,14.195049352072472
0,ma_direct,2,double,vienot,0,1024,23.413085938,23.422241211,23.889160156,1.329956055,1.6120605465,6.500854492,14.529380588001382
0,ma_direct,2,double,vienot,1,1024,23.889160156,23.9013671875,26.965332031,1.330505371,1.609069824,1.901062012,14.85415165395582
0,ma_direct,2,float,brettel,0,1024,30.401611328,167.526245117,201.251220703,2.253417969,2.276123047,2.30456543,73.60157674155829
0,ma_direct,2,float,brettel,1,1024,28.570556641,171.4599609375,197.839355469,2.254211426,2.7738037105,3.633789062,61.814021045704415
0,ma_direct,2,float,brettel,2,1024,28.125,169.0856933595,204.180908203,2.253967285,2.308685303,4.688293457,73.2389525500869
0,ma_direct,2,float,lookup,0,1024,22.637939453,23.748779297,24.865722656,5.822998047,7.1962890625,11.705810547,3.300142488821821
0,ma_direct,2,float,lookup,1,1024,23.193359375,26.773071289,37.365722656,5.82232666,5.939758301,9.421875,4.507434466566184
0,ma_direct,2,float,lookup,2,1024,22.906494141,23.254394531499997,24.731445312,5.824768066,5.9605407715,9.669677734,3.9013900622389186
0,ma_direct,2,float,lookupApply,0,1024,40.380859375,42.1844482425,54.534912109,12.934692383,13.2668151855,19.166931152,3.1796966832405715
0,ma_direct,2,float,lookupApply,1,1024,41.864013672,43.3532714845,52.9296875,12.947875977,13.311004639,26.471801758,3.2569496187747515
0,ma_direct,2,float,lookupApply,2,1024,41.815185547,42.2119140625,56.689453125,13.253601074,15.416656494000001,18.843444824,2.7380719080643994
0,ma_direct,2,float,prepared,0,1024,19.134521484,21.6705322265,28.753662109,0.805114746,0.8078308105,1.143310547,26.825582714637
0,ma_direct,2,float,prepared,1,1024,19.592285156,20.074462891,21.008300781,0.803833008,0.94732666,1.300476074,21.190644936562855
0,ma_direct,2,float,prepared,2,1024,19.592285156,19.592285156,19.763183594,0.822998047,0.9824829099999999,3.169494629,19.941604028511804
0,ma_direct,2,float,vienot,0,1024,20.068359375,20.6359863285,21.264648438,0.803588867,0.8059692385,0.808959961,25.603937895825783
0,ma_direct,2,float,vienot,1,1024,20.764160156,21.9177246095,25.506591797,0.80456543,1.1438598629999999,1.593078613,19.161197379560473
0,default,0,double,brettel,0,8191,25.841624954,27.329920034,34.09153339,4.492117873,4.840117965,16.123809669,5.6465400702274
0,default,0,double,brettel,1,8191,26.475705042,27.412709071000002,29.63084483,4.488516359,4.838832255,5.046293188,5.665149694469002
0,default,0,double,brettel,2,8191,27.137254304,28.144838847499997,30.16267855,4.49203394,4.6664250395,5.198350324,6.03134918256732
0,default,0,double,lookup,0,8191,42.118636308,43.8400378465,47.084452448,7.603970822,8.153587016500001,8.902583628,5.376779294534189
0,default,0,double,lookup,1,8191,41.972897082,44.1982816505,46.625106825,7.602688927,7.8882615065,9.049551337,5.6030446777252765
0,default,0,double,lookup,2,8191,41.946953974,43.6866682945,46.33286534,6.966922537,7.866988158,8.980718166,5.553163093308422
0,default,0,double,lookupApply,0,8191,54.855939446,57.0702600415,64.248107679,12.157924857,12.889993590500001,13.980496887,4.4274855251721075
0,default,0,double,lookupApply,1,8191,54.63694909,57.3476223905,128.921224515,12.256027958,12.532447960999999,14.126190331,4.5759314197003915
0,default,0,double,lookupApply,2,8191,54.269930411,56.051993041,61.373000855,11.529308082,12.695729306499999,14.645220364,4.415027422828111
0,default,0,double,prepared,0,8191,24.767275058,25.568840801,29.446953974,1.214061165,1.3066628009999999,8.543660725,19.568048299402076
0,default,0,double,prepared,1,8191,24.769564156,25.518099133,27.943016726,1.21324472,1.3065788669999998,1.711909413,19.530469822760423
0,default,0,double,prepared,2,8191,24.769564156,25.351376510999998,30.996673178,1.21254273,1.3049269015,1.704691124,19.427430365531475
0,default,0,double,vienot,0,8191,23.138963497,24.082834819,24.942772555,1.322129471,1.4130638809999998,6.357999634,17.042990867445436
0,default,0,double,vienot,1,8191,23.179404224,24.5505738005,27.673666219,1.320725491,1.3782657795,1.440956538,17.81265570520537
0,default,0,float,brettel,0,8191,31.130966915,163.16994262,171.918874374,2.129005921,2.3379356920000003,2.85113234,69.79231429604266
0,default,0,float,brettel,1,8191,30.310706873,162.0627823225,170.927695031,2.178534367,2.3008256015,2.852780491,70.43679547760803
0,default,0,float,brettel,2,8191,30.241270907,163.61517214,177.159382249,2.15941277,2.284366988,2.458544439,71.62385597388085
0,default,0,float,lookup,0,8191,28.010163594,28.480191674,34.275424246,5.647257661,6.1047376695,6.236761384,4.665260526474453
0,default,0,float,lookup,1,8191,27.474514711,29.438179099,66.759247955,5.647768893,5.882843975,6.88437004,5.0040727281059665
0,default,0,float,lookup,2,8191,27.743865218,29.7227902575,31.275943108,5.66526523,5.905471707,7.639657856,5.033093329745082
0,default,0,float,lookupApply,0,8191,37.466426566,38.246627395999994,97.427817116,12.822701746,13.7738218775,15.056388109,2.776762160579203
0,default,0,float,lookupApply,1,8191,37.538914662,39.4800695885,40.661244048,12.628609144,13.492880906,14.871825784,2.9259925929490747
0,default,0,float,lookupApply,2,8191,36.984189965,39.628860945,41.749328531,12.819603833,12.872130997500001,14.525431876,3.0786558148527727
0,default,0,float,prepared,0,8191,18.301336833,19.0815376635,19.777804908,0.775225858,0.8011575205,1.081163777,23.817460580774764
0,default,0,float,prepared,1,8191,18.305151996,19.368819436000003,20.354657551,0.747962703,0.8091388415,1.291638689,23.937572197243234
0,default,0,float,prepared,2,8191,18.301336833,19.850293004500003,20.768984251,0.748115309,0.785584025,0.825532597,25.268198401183124
0,default,0,float,vienot,0,8191,19.211634721,20.106671957000003,21.232145037,0.779949029,0.8061210475,1.071007813,24.942497183712355
0,default,0,float,vienot,1,8191,20.088359175,20.5789891345,24.430777683,0.748817299,0.8012338240000001,1.156078318,25.684124306888968
0,prepared,0,double,brettel,0,8191,34.919423758,36.0071267245,38.472866561,4.400538701,4.620463771000001,4.893511171,7.792968089155047
0,prepared,0,double,brettel,1,8191,34.964442681,36.591609694,42.851147601,4.399523868,4.569275729499999,4.830973019,8.008185948980605
0,prepared,0,double,brettel,2,8191,35.314674643,36.2047521675,40.046239775,4.400248749,4.5658993105,4.737867782,7.9293803269470935
0,prepared,0,double,lookup,0,8191,42.020205103,43.669500061,45.967372726,7.146433586,7.5678984555,8.390001221,5.770360202080013
0,prepared,0,double,lookup,1,8191,42.114058113,43.5550451715,47.548376267,7.129555305,7.558841259,8.337123062,5.762132538454992
0,prepared,0,double,lookup,2,8191,42.006470516,42.8530551825,48.989744842,7.428702234,7.805735716,8.603162007,5.489944412883578
0,prepared,0,double,lookupApply,0,8191,54.173025272,55.750976682,60.579446954,11.79681968,11.9497695645,12.905231351,4.665443662413646
0,prepared,0,double,lookupApply,1,8191,54.164631913,55.5750976685,60.474911488,11.791638689,11.948319802499999,12.938987914,4.651289770204492
0,prepared,0,double,lookupApply,2,8191,53.839580027,54.211176901,57.684501282,11.795690392,12.568291417000001,13.180380906,4.3133290836711025
0,prepared,0,double,prepared,0,8191,24.774142351,25.353665608500002,27.926230009,1.232114516,1.2715098889999998,1.796987547,19.939810006857137
0,prepared,0,double,prepared,1,8191,24.765748993,25.4776584055,27.861372238,1.232969112,1.269026218,1.346996704,20.076542189690205
0,prepared,0,double,prepared,2,8191,24.453668661,25.394869369,55.599896228,1.233198022,1.2724407885,1.324243072,19.95760399895417
0,prepared,0,double,vienot,0,8191,11.189109999,11.880799048,13.488890245,1.343601209,1.3574884015,2.03182609,8.752044610378942
0,prepared,0,double,vienot,1,8191,11.188346966,12.0532444145,13.430136735,1.344219265,1.3783878645,1.603513002,8.744450473577134
0,prepared,0,float,brettel,0,8191,27.784305946,29.828088756,31.687217678,2.13343151,2.213523227,2.682891283,13.47538999914908
0,prepared,0,float,brettel,1,8191,27.778964717,28.710627518,31.739103895,2.134164021,2.188221066,2.823159565,13.120533370278777
0,prepared,0,float,brettel,2,8191,27.870528629,28.7419118545,33.977078501,2.111669821,2.2191925589999997,2.859579111,12.951517766196693
0,prepared,0,float,lookup,0,8191,27.18914052,28.685828959,33.295690392,5.535442864,5.8579080695000005,6.921796789,4.896940788189676
0,prepared,0,float,lookup,1,8191,27.273837138,28.575570748,30.075692834,5.535366561,5.822892504,6.80500702,4.907452907360077
0,prepared,0,float,lookup,2,8191,27.245604932,28.7190208765,71.673177878,5.811408863,5.832949274000001,6.161366134,4.923584884324848
0,prepared,0,float,lookupApply,0,8191,36.987242095,38.493468441,42.961787328,12.488661336,13.177504273,13.861852948,2.9211501391709698
0,prepared,0,float,lookupApply,1,8191,36.729337077,38.886430227999995,42.481076792,12.815094311,13.4380264925,14.406246185,2.8937604974735835
0,prepared,0,float,lookupApply,2,8191,36.743071664,38.371001709,44.001800757,12.091388414,13.159035069,16.270029606,2.9159434189361075
0,prepared,0,float,prepared,0,8191,18.718715664,19.6778476375,22.363722378,0.760461177,0.7735738925,0.961451593,25.43757982046945
0,prepared,0,float,prepared,1,8191,18.302862898,19.825494445,21.116164083,0.732854658,0.772169912,1.122993224,25.675041382601815
0,prepared,0,float,prepared,2,8191,18.300573801,19.6152789645,22.545324136,0.756264498,0.7723683005,1.093471493,25.396276558478462
0,prepared,0,float,vienot,0,8191,8.452112074,8.902682822500001,9.966731779,0.76732847,0.7739439625,1.315109571,11.503007005497508
0,prepared,0,float,vienot,1,8191,8.453638139,8.828287144,10.545110487,0.734052619,0.7733831339999999,1.058875595,11.415153441916154
0,inline,0,double,brettel,0,8191,41.604352338,43.991499817000005,51.06366744,4.587748749,4.645506501,4.90262178,9.469688570563903
0,inline,0,double,brettel,1,8191,40.73525821,43.9899737515,85.606916127,4.587939507,4.74168676,4.956247711,9.277283797527781
0,inline,0,double,brettel,2,8191,41.756195825,43.466151874000005,45.826974728,4.383523074,4.853825845499999,5.145983396,8.95502913733455
0,inline,0,double,lookup,0,8191,41.689048956,42.9820076915,46.963130265,7.767465816,7.985689324000001,8.949159138,5.38237914694764
0,inline,0,double,lookup,1,8191,41.703546576,43.2982847025,53.065101941,7.429709437,7.994693108,8.75560829,5.4158782729474595
0,inline,0,double,lookup,2,8191,41.761537053,44.1250305215,86.610303992,6.813965023,7.5034183865,9.045308876,5.880657088359737
0,inline,0,double,lookupApply,0,8191,54.770479795,56.3594951775,67.027072397,12.536472958,12.862112379500001,14.093837749,4.3818226364844515
0,inline,0,double,lookupApply,1,8191,54.347759736,56.515916860000004,59.120528629,12.539151203,12.644346691500001,13.286152484,4.4696589107282305
0,inline,0,double,lookupApply,2,8191,54.788029545,56.620833841999996,59.181571237,11.26871719,13.03779682,13.716632585,4.342822228610247
0,inline,0,double,prepared,0,8191,24.770327188,25.402881211,33.37733488,1.216838603,1.2770952875,1.409603528,19.891140042281304
0,inline,0,double,prepared,1,8191,24.768038091,25.548238920499998,27.272311073,1.217807655,1.2847713955,1.459414296,19.885435658035707
0,inline,0,double,prepared,2,8191,24.768038091,25.6153857895,27.150225858,1.162991393,1.2517130079999998,1.711329508,20.46426427286917
0,inline,0,double,vienot,0,8191,17.651233061,18.673315224,20.256226346,1.332796667,1.388364516,1.489103895,13.4498649373433
0,inline,0,double,vienot,1,8191,17.357465511,18.262803687,20.689628861,1.332789037,1.3847286655,1.447121841,13.188723640963726
0,inline,0,float,brettel,0,8191,32.953851789,33.7386308145,36.079996337,2.128929618,2.355420584,2.88202753,14.323824391992321
0,inline,0,float,brettel,1,8191,32.781406422,33.0663990965,34.852276889,2.112203943,2.386170797,3.254097485,13.857515622130883
0,inline,0,float,brettel,2,8191,32.940880234,33.7489317545,35.596233671,2.209750031,2.302221951,2.39277866,14.659286755493193
0,inline,0,float,lookup,0,8191,28.316139665,28.911686607,74.839000122,5.539738738,6.0449578805,6.229619399,4.782777180344656
0,inline,0,float,lookup,1,8191,28.303931144,28.997146258,31.868056403,5.818993407,6.1331530035,6.294873947,4.727934594400666
0,inline,0,float,lookup,2,8191,28.284092296,29.765520083,35.690086681,5.778697656,5.9094013245,6.514360273,5.03697725852432
0,inline,0,float,lookupApply,0,8191,37.600720303,38.28744964,45.08988524,12.602917837,13.562324502500001,14.857465511,2.8230742917957987
0,inline,0,float,lookupApply,1,8191,37.564857771,38.008942742,39.013093639,13.135361983,13.854627029500001,30.451745819,2.7434114726487664
0,inline,0,float,lookupApply,2,8191,37.261170797,39.5136430225,42.019442071,13.142389513,13.4765405625,14.896410695,2.9320316174056704
0,inline,0,float,prepared,0,8191,18.302099866,18.99836711,20.83918325,0.753807533,0.8072579660000001,1.00045782,23.534443647719915
0,inline,0,float,prepared,1,8191,18.301336833,18.7809028205,19.582468563,0.816963741,0.9544164325,5.920438591,19.677891307157477
0,inline,0,float,prepared,2,8191,18.302862898,19.764070321,20.280643389,0.765665059,0.796377121,0.843837749,24.81747629337031
0,inline,0,float,vienot,0,8191,13.235563423,13.521700647,13.846752533,0.760026248,0.8182914175,1.550459346,16.524309503710516
0,inline,0,float,vienot,1,8191,13.235563423,13.4087718225,13.965785618,0.732160298,0.8581331645,6.319817483,15.625514054468175
0,bv_direct,0,double,brettel,0,8191,16.842418508,17.801550482,48.703607618,4.490546026,4.830576242,6.079881883,3.685181558097018
0,bv_direct,0,double,brettel,1,8191,16.811134172,17.4570412645,19.320748382,4.489126785,4.6160458125,4.954797949,3.781817159878978
0,bv_direct,0,double,brettel,2,8191,16.776034672,17.7031192775,26.465022586,4.206407948,4.615500244,5.070626297,3.8355797511902376
0,bv_direct,0,double,lookup,0,8191,42.261323404,43.401294103,46.992888536,7.592830546,8.127369216,9.177954462,5.340140573109162
0,bv_direct,0,double,lookup,1,8191,42.271242827,43.8705591505,80.647967281,7.421842571,7.6502678245,12.419736601,5.734512850648762
0,bv_direct,0,double,lookup,2,8191,42.269716762,43.664540349,49.676474179,7.459223538,7.993823251,11.359800391,5.462284939004339
0,bv_direct,0,double,lookupApply,0,8191,54.057044317,55.971874618499996,59.786656086,12.25772952,12.819313881,14.422468258,4.366214536759107
0,bv_direct,0,double,lookupApply,1,8191,53.992186546,55.9947655965,59.176230009,12.256951227,12.8514642595,15.00256379,4.357072817994869
0,bv_direct,0,double,lookupApply,2,8191,54.039494567,56.1038792575,60.696953974,11.983861861,12.901568795,20.871543462,4.348609083822662
0,bv_direct,0,double,prepared,0,8191,24.697839092,25.625305213,27.321145159,1.211802588,1.3074716155,1.501663411,19.599129273028566
0,bv_direct,0,double,prepared,1,8191,24.767275058,25.728696130000003,27.385239897,1.211909413,1.2795789585000001,1.353993713,20.107157873368546
0,bv_direct,0,double,prepared,2,8191,24.767275058,25.423483091,28.682395312,1.211939934,1.2221111585000002,1.804144793,20.802921988049256
0,bv_direct,0,double,vienot,0,8191,5.129868148,5.6307990475,6.430075693,1.31974881,1.4199273595,1.80968441,3.9655543009487313
0,bv_direct,0,double,vienot,1,8191,5.245849103,5.642626053,5.947076059,1.320282932,1.418214351,1.824151508,3.978683510726934
0,bv_direct,0,float,brettel,0,8191,14.634202173,15.149630691999999,15.864210719,2.132668478,2.3214312965,2.534985045,6.525987098925112
0,bv_direct,0,float,brettel,1,8191,14.103131486,14.80664754,16.183158345,2.112539678,2.3202905630000004,2.805869247,6.381376443153684
0,bv_direct,0,float,brettel,2,8191,14.104657551,15.182059578,16.604352338,2.160755707,2.257355634,2.895281406,6.725594917047971
0,bv_direct,0,float,lookup,0,8191,27.640855817,29.359205225,31.762757905,5.554869674,5.9594944145,7.761384446,4.92645905558135
0,bv_direct,0,float,lookup,1,8191,27.6240691,29.63389696,32.355634233,5.681548346,6.070908619,7.623908863,4.88129517668169
0,bv_direct,0,float,lookup,2,8191,27.640092785,29.900195336000003,32.176321572,5.661305091,5.881390398,6.383278904,5.0838650918612265
0,bv_direct,0,float,lookupApply,0,8191,37.015474301,39.233991576,42.295659871,12.747626969,13.7609266265,15.190384263,2.8511155273835587
0,bv_direct,0,float,lookupApply,1,8191,37.238279819,39.584986571,44.506165303,12.552496643,13.400138109,14.650119033,2.954073028875228
0,bv_direct,0,float,lookupApply,2,8191,37.224545233,39.141664632,44.701501648,12.840930595,13.4306746735,15.592723721,2.9143483543109143
0,bv_direct,0,float,prepared,0,8191,18.302099866,20.031894762500002,23.545659871,0.76171255,0.809318154,1.207903492,24.751569779441773
0,bv_direct,0,float,prepared,1,8191,18.303625931,19.715617751,21.633500183,0.751236113,0.7810516115,0.895266146,25.242400707856422
0,bv_direct,0,float,prepared,2,8191,18.718715664,20.093700403,21.615187401,0.751022464,0.8084254055,1.358594799,24.85535494839171
0,bv_direct,0,float,vienot,0,8191,4.460688561,4.939491515,5.532749359,0.768999512,0.8089671595000001,1.157199976,6.105923407388949
0,bv_direct,0,float,vienot,1,8191,4.561408863,4.895617141,5.058906116,0.735601575,0.8081240080000001,0.842525333,6.0580023517875725
0,bv_split,0,double,brettel,0,8191,8.549017214,8.830576242,11.267702356,4.205248138,4.842441399,5.354100537,1.8235793713112518
0,bv_split,0,double,brettel,1,8191,8.601666463,8.822564400000001,11.054053229,4.301809913,4.639840984,5.733800818,1.9014799064070684
0,bv_split,0,double,brettel,2,8191,8.768770602,9.043462337000001,11.834635576,4.491820291,4.715282017,6.45295141,1.9179048685520015
0,bv_split,0,double,lookup,0,8191,41.527286046,42.0018923205,88.450738616,6.967670309,7.582888231,9.935691613,5.5390361879250545
0,bv_split,0,double,lookup,1,8191,41.541020632,42.3032901965,44.687767061,7.600468502,7.6236761385000005,9.701059089,5.548935897586988
0,bv_split,0,double,lookup,2,8191,41.630295446,42.9900195335,47.88716274,7.59199884,7.9926596265,10.149645953,5.378687638713499
0,bv_split,0,double,lookupApply,0,8191,54.599560493,55.4388963495,56.247710902,11.270991027,12.4064178675,14.865652851,4.468565942368295
0,bv_split,0,double,lookupApply,1,8191,54.18141863,55.1226193385,55.622024173,12.253204737,12.856649066,14.622344647,4.287479502281377
0,bv_split,0,double,lookupApply,2,8191,54.714015383,55.791035893,57.724178977,12.254356916,12.8706507145,14.954614821,4.334748656503136
0,bv_split,0,double,prepared,0,8191,24.700128189,24.773760834999997,25.779056281,1.270098279,1.3210345195,1.476246795,18.75330316453551
0,bv_split,0,double,prepared,1,8191,24.769564156,24.790166036,28.099438408,1.241141192,1.2866942375,1.345592724,19.266555575912417
0,bv_split,0,double,prepared,2,8191,24.765748993,25.090419363000002,27.558448297,1.211062447,1.2607129774999999,1.312164266,19.901769721411473
0,bv_split,0,double,vienot,0,8191,5.270266146,5.401126236,5.618972042,1.318154072,1.4164441155,3.257180137,3.8131587239454343
0,bv_split,0,double,vienot,1,8191,5.245849103,5.41409779,7.694420706,1.318192223,1.3797613229999999,1.504967342,3.923937930241577
0,bv_split,0,float,brettel,0,8191,8.65355268,9.189201563000001,9.894243682,2.130974545,2.3199281220000003,2.520464534,3.960985461514225
0,bv_split,0,float,brettel,1,8191,8.713069222,8.816078622500001,9.991148822,2.113089061,2.3223698265,2.611875839,3.7961562029879397
0,bv_split,0,float,brettel,2,8191,8.79471371,9.1861494325,9.643205958,2.112959346,2.3357572335,2.860922049,3.932835699168563
0,bv_split,0,float,lookup,0,8191,27.180747162,27.997955072499998,29.005921133,5.535481016,6.007882127,7.809577585,4.6602037923937445
0,bv_split,0,float,lookup,1,8191,27.181510194,28.3504761325,29.288243194,5.534557746,6.0589938655,7.960467281,4.679073252397238
0,bv_split,0,float,lookup,2,8191,27.161671347,27.2002044925,29.114271762,5.573487669,6.0849903855,7.645197473,4.470048885749385
0,bv_split,0,float,lookupApply,0,8191,36.758332316,37.6503174215,38.567482603,12.135392504,13.51158665,14.989760103,2.7865208133420807
0,bv_split,0,float,lookupApply,1,8191,36.760621414,37.3637986815,44.579416433,12.553480955,13.5069970085,15.064048956,2.7662550497336182
0,bv_split,0,float,lookupApply,2,8191,36.756043218,38.530857038,83.758851178,12.550657734,13.547502594000001,15.470768221,2.8441298881953916
0,bv_split,0,float,prepared,0,8191,18.301336833,19.1624191185,20.121932609,0.759438713,0.806311806,1.152591259,23.76551971074575
0,bv_split,0,float,prepared,1,8191,18.717952631,19.096035282499997,27.801855695,0.751068246,0.795087596,0.952897998,24.01752382828017
0,bv_split,0,float,prepared,2,8191,18.717952631,19.1731015745,19.995269198,0.768442498,0.8218204435,0.885171225,23.330037268049534
0,bv_split,0,float,vienot,0,8191,4.562171896,4.668233427,5.071114638,0.76568795,0.806727658,1.207659321,5.786628710081984
0,bv_split,0,float,vienot,1,8191,4.562171896,4.63084483,5.104688072,0.751228482,0.7961939935,0.92978574,5.816226783680201
0,ma_fixed,0,double,brettel,0,8191,26.047643755,27.3993560005,29.202783543,4.492766451,4.556483488,6.428488585,6.013267923094469
0,ma_fixed,0,double,brettel,1,8191,26.468837749,27.674810768,29.871200098,4.493292943,4.652106733,5.100132768,5.948877004838917
0,ma_fixed,0,double,brettel,2,8191,25.958368942,26.643572213,29.904773532,4.494063606,4.662968502,5.743460811,5.7138649342306875
0,ma_fixed,0,double,lookup,0,8191,43.604260774,45.3783115615,48.770754487,7.589961543,7.81695611,10.307525027,5.805112747588396
0,ma_fixed,0,double,lookup,1,8191,43.382981321,45.1555060435,60.240660481,7.385568001,7.5940513979999995,10.046392382,5.9461680830066985
0,ma_fixed,0,double,lookup,2,8191,43.547033329,47.432013796,59.872115737,7.602330302,7.733331552999999,9.69827402,6.13345147184329
0,ma_fixed,0,double,lookupApply,0,8191,68.403583201,72.281314858,76.30173361,11.526896899,12.570580515,15.543988829,5.7500379375279795
0,ma_fixed,0,double,lookupApply,1,8191,67.993834697,72.30267977049999,135.119338298,12.255135209,12.9720539315,17.66338817,5.573726423918699
0,ma_fixed,0,double,lookupApply,2,8191,68.588237089,72.96422903199999,81.222530827,12.252762178,12.4818894215,16.355222195,5.8456077095443115
0,ma_fixed,0,double,prepared,0,8191,24.769564156,25.688636918500002,27.66527286,1.213672018,1.26966335,1.978650348,20.23263640594178
0,ma_fixed,0,double,prepared,1,8191,24.545995605,25.859174704,28.379471371,1.213931449,1.369925833,1.836901782,18.8763319013928
0,ma_fixed,0,double,prepared,2,8191,24.768801123,25.3761750705,30.544957881,1.214206141,1.232702051,1.807921804,20.585813944183986
0,ma_fixed,0,double,vienot,0,8191,22.904712489,23.933661946,25.222805518,1.322717006,1.351807624,1.869284886,17.704931915667313
0,ma_fixed,0,double,vienot,1,8191,22.842143816,24.5433249905,27.387528995,1.323151935,1.348717342,1.865889391,18.197530517480363
0,ma_fixed,0,float,brettel,0,8191,32.101544378,167.40401049949998,180.431266024,2.134774448,2.5814041325000003,3.368079294,64.84998160182498
0,ma_fixed,0,float,brettel,1,8191,30.844829691,162.24743621049998,248.871474789,2.160625992,2.476193383,2.927817116,65.52292616739457
0,ma_fixed,0,float,brettel,2,8191,30.65636064,163.6014375535,179.493498962,2.160229215,2.2071595349999997,2.815437675,74.12306856808156
0,ma_fixed,0,float,lookup,0,8191,27.284519595,29.930716640500002,60.92204859,5.664670065,5.998988982,7.734174704,4.989293484336658
0,ma_fixed,0,float,lookup,1,8191,27.637803687,29.506470516500002,31.069924307,5.665341533,5.7506714685,7.840327799,5.130960910934535
0,ma_fixed,0,float,lookup,2,8191,27.540898547,29.204309608,31.312568673,5.647303443,5.786495849,8.241087779,5.046976679858325
0,ma_fixed,0,float,lookupApply,0,8191,45.575173971,48.509034306000004,52.712580881,12.938484312,14.288960444499999,20.221622818,3.3948609833734786
0,ma_fixed,0,float,lookupApply,1,8191,46.295476743,48.961131119499996,51.371932609,12.836711024,13.5896639605,17.794812904,3.6028213252227164
0,ma_fixed,0,float,lookupApply,2,8191,45.575173971,48.9992827495,53.191765352,12.603719021,12.872562111,16.291333476,3.806490295170423
0,ma_fixed,0,float,prepared,0,8191,18.302099866,19.4947198145,21.877670614,0.764642596,0.9292478024999999,2.003838054,20.979032462656807
0,ma_fixed,0,float,prepared,1,8191,18.303625931,19.896837993,21.226803809,0.750877487,0.8698838664999999,1.45504975,22.872981968334965
0,ma_fixed,0,float,prepared,2,8191,18.300573801,19.470302771500002,22.047063851,0.751503174,0.7714297705,1.394258943,25.239242139800208
0,ma_fixed,0,float,vienot,0,8191,19.635117812,20.4744536685,23.906574289,0.770014345,0.8667897689999999,1.217655048,23.621014461350896
0,ma_fixed,0,float,vienot,1,8191,20.099041631,21.522097424000002,23.615095837,0.751991515,0.7873771519999999,1.06578104,27.333911543320987
0,ma_bounded,0,double,brettel,0,8191,26.085795385,27.1078775485,29.747588817,4.562454218,4.704801764,5.619063606,5.761747021080228
0,ma_bounded,0,double,brettel,1,8191,26.727505799,27.699990844,31.221767794,4.488264559,4.828748779,6.166241912,5.736473797201037
0,ma_bounded,0,double,brettel,2,8191,26.500122085,27.319237578,31.442284214,4.206125626,4.8252884265,5.563568246,5.6616797097486415
0,ma_bounded,0,double,lookup,0,8191,42.232328165,44.6301581005,51.320809425,7.594699976,7.8891199180000005,9.817490233,5.657178311952235
0,ma_bounded,0,double,lookup,1,8191,42.645891832,44.7369826635,51.972439263,6.801558113,7.9003250519999995,9.979222622,5.662676202439879
0,ma_bounded,0,double,lookup,2,8191,42.082773776,46.648379319,108.866438774,7.449342266,7.830118423,11.162167318,5.957557318925877
0,ma_bounded,0,double,lookupApply,0,8191,66.489897448,68.31812355049999,73.014589183,12.260659565,12.793298285,15.485662618,5.340149352305983
0,ma_bounded,0,double,lookupApply,1,8191,66.631821511,68.29790318650001,73.451043829,12.25538701,12.71114638,15.392542119,5.373071880751955
0,ma_bounded,0,double,lookupApply,2,8191,66.199945062,70.48742522250001,73.581522403,11.982755463,12.534382249,14.776484861,5.623526059939933
0,ma_bounded,0,double,prepared,0,8191,24.769564156,25.4425589065,28.382523501,1.207010743,1.268045721,2.232053473,20.064386074687917
0,ma_bounded,0,double,prepared,1,8191,24.768038091,25.1568031985,34.1853864,1.207918752,1.304915456,1.479932243,19.27849278114459
0,ma_bounded,0,double,prepared,2,8191,24.765748993,25.5180991335,65.275149554,1.207331217,1.2661762909999998,1.357930961,20.153670002260377
0,ma_bounded,0,double,vienot,0,8191,22.905475522,23.76732084,26.26052985,1.316879807,1.4106832195,3.276088084,16.848092124058898
0,ma_bounded,0,double,vienot,1,8191,23.368636308,24.15379685,27.460017092,1.317543645,1.567486418,2.39840221,15.409254314827496
0,ma_bounded,0,float,brettel,0,8191,31.166829447,162.2333201075,170.968135759,2.186904835,2.3229993285,2.908100354,69.83786784486796
0,ma_bounded,0,float,brettel,1,8191,31.252289098,164.692955683,227.252472226,2.187332133,2.2722347695,3.243994933,72.4806071510121
0,ma_bounded,0,float,brettel,2,8191,30.44500061,159.8808906115,177.123519717,2.18680564,2.2722423999999997,3.903461116,70.36260330830022
0,ma_bounded,0,float,lookup,0,8191,27.904102063,29.077646197,35.317726773,5.687698388,6.023028324,7.84105268,4.827745219316687
0,ma_bounded,0,float,lookup,1,8191,27.44780857,28.7132981325,30.696038335,5.689331278,5.895853681,7.912960872,4.870083229004067
0,ma_bounded,0,float,lookup,2,8191,27.438652179,29.1177054085,31.801672567,5.663235563,5.877720211,8.711413442,4.953911442400232
0,ma_bounded,0,float,lookupApply,0,8191,45.352368453,46.7452844585,48.002380662,13.049185081,13.717815285,15.872481992,3.4076333211465895
0,ma_bounded,0,float,lookupApply,1,8191,45.165425467,47.194710658000005,60.970119644,12.797361433,13.3040417835,15.551222378,3.5473964548526933
0,ma_bounded,0,float,lookupApply,2,8191,45.091411305,47.8333689415,53.123092419,12.800978208,13.3337657185,15.370826212,3.5873863356646014
0,ma_bounded,0,float,prepared,0,8191,18.300573801,19.1643267,19.809852277,0.789151203,0.8065063785,1.333178183,23.762151435979003
0,ma_bounded,0,float,prepared,1,8191,18.302862898,19.159366988000002,40.349926749,0.788296606,0.799173636,0.828111647,23.973972770042682
0,ma_bounded,0,float,prepared,2,8191,18.299047735,19.102902575999998,20.720913197,0.787266512,0.8100506654999999,1.083697046,23.58235526441895
0,ma_bounded,0,float,vienot,0,8191,19.212397754,20.110868636,20.76287999,0.794973141,0.8524333104999999,1.193207484,23.592307325723635
0,ma_bounded,0,float,vienot,1,8191,20.314979856,20.818962886,21.656391161,0.795324136,0.8322320225,1.484937737,25.015815689788603
0,ma_direct,0,double,brettel,0,8191,25.470791112,26.3986387495,28.07654743,4.817055305,4.8641115245,7.328538945,5.427227278102678
0,ma_direct,0,double,brettel,1,8191,27.023562447,28.3584879745,34.853802954,4.817482603,4.8766405200000005,5.228543523,5.815168835635233
0,ma_direct,0,double,brettel,2,8191,26.852643145,28.502319619,32.255676963,4.816757722,4.859159443,5.026149127,5.865689313829746
0,ma_direct,0,double,lookup,0,8191,23.010010988,24.459391404999998,27.047216457,8.148318276,8.203470272,10.232328165,2.981590789508257
0,ma_direct,0,double,lookup,1,8191,23.09012941,25.944634354999998,28.527499695,7.486967403,8.153670949999999,9.670133378,3.181957490570551
0,ma_direct,0,double,lookup,2,8191,24.096569405,24.918355512,68.016725675,8.147959651,8.2309356305,10.42977048,3.0274025494336545
0,ma_direct,0,double,lookupApply,0,8191,46.905139788,49.10229215,51.925131242,12.518648517,13.1967441395,15.742766451,3.7207883725675077
0,ma_direct,0,double,lookupApply,1,8191,47.059272372,49.5570595775,55.135972409,12.738165364,13.2356206505,15.797185936,3.744218793066413
0,ma_direct,0,double,lookupApply,2,8191,47.482755463,52.4565834455,68.544744231,12.37944085,13.470085307,15.638910084,3.894302244562615
0,ma_direct,0,double,prepared,0,8191,24.769564156,25.286137224,27.025851544,1.302130387,1.309253296,1.433898486,19.313403526463226
0,ma_direct,0,double,prepared,1,8191,24.767275058,25.519243682,28.404651447,1.303290197,1.310325357,1.352742339,19.4755016726735
0,ma_direct,0,double,prepared,2,8191,24.770327188,27.5462397755,34.238798681,1.299589488,1.306395739,1.393686668,21.085677909961397
0,ma_direct,0,double,vienot,0,8191,22.809333415,23.5452783545,32.466273959,1.409954523,1.4188858199999999,1.490286595,16.594202311853397
0,ma_direct,0,double,vienot,1,8191,23.367873276,24.2899981685,27.569893786,1.409748504,1.4203012455000001,2.006111891,17.10200441311941
0,ma_direct,0,float,brettel,0,8191,31.375900378,161.0597759735,192.356702478,2.26380326,2.3122520145000003,2.928580149,69.65494027619107
0,ma_direct,0,float,brettel,1,8191,30.741057258,159.6149737515,251.737425223,2.213137895,2.346489287,3.209284581,68.02288620527591
0,ma_direct,0,float,brettel,2,8191,30.477047979,169.43978146749998,205.992858015,2.279422537,2.354276035,3.098934806,71.97107686121436
0,ma_direct,0,float,lookup,0,8191,21.689201563,23.707422781,32.890520083,5.990652851,6.2059539435,8.877937675,3.820109365431355
0,ma_direct,0,float,lookup,1,8191,22.182883653,24.130142839500003,29.287480161,5.979260774,6.111212001,7.822755158,3.9485036414301287
0,ma_direct,0,float,lookup,2,8191,21.679282139,23.027942254000003,33.596325235,6.074998474,6.1202119705,7.366133561,3.7626053419386225
0,ma_direct,0,float,lookupApply,0,8191,39.859296789,43.676748871,50.795079966,13.473400684,13.846512178000001,17.284763765,3.154350229828686
0,ma_direct,0,float,lookupApply,1,8191,39.802832377,44.105191674,56.020327188,13.487860151,13.8374435355,16.770617141,3.1873800648832282
0,ma_direct,0,float,lookupApply,2,8191,40.980191674,44.215068368000004,80.989042852,13.804434745,13.992018679,15.663197412,3.1600206791004677
0,ma_direct,0,float,prepared,0,8191,18.303625931,19.807181663,24.434592846,0.788098218,0.803202448,1.602597363,24.660260576048447
0,ma_direct,0,float,prepared,1,8191,18.302099866,20.234861433,25.206018801,0.788556037,0.8234418875,1.158382676,24.57351482863446
0,ma_direct,0,float,prepared,2,8191,19.153644244,20.567925162,26.195672079,0.803412282,0.8123893605,1.372642229,25.317817000140295
0,ma_direct,0,float,vienot,0,8191,19.97543035,20.9971309975,25.814918813,0.789395373,0.8051672569999999,1.141038945,26.077974253118448
0,ma_direct,0,float,vienot,1,8191,19.880051276,21.606412526,27.578287144,0.788762056,0.805438133,1.142046148,26.825663748403628
0,default,1,double,brettel,0,8191,26.205591503,26.9503113175,29.305029911,4.698556342,4.858568093000001,5.716899646,5.54696585529567
0,default,1,double,brettel,1,8191,26.83356733,27.2757447195,30.034489073,4.81858137,4.8630699855,4.948319802,5.60875019294949
0,default,1,double,brettel,2,8191,27.217372726,28.347042485499998,36.138749847,4.710123916,4.84621078,5.216968319,5.84932099992151
0,default,1,double,lookup,0,8191,42.134659993,43.280734953,48.143541692,7.305266451,8.160042272,8.785481016,5.303984159679118
0,default,1,double,lookup,1,8191,42.981626175,43.775561592,52.261628617,8.146136003,8.265684135,8.753586253,5.2960602990668235
0,default,1,double,lookup,2,8191,42.956446099,43.378021609,46.444268099,7.597042486,8.177462305999999,8.686179954,5.304582275747394
0,default,1,double,lookupApply,0,8191,54.807868392,56.388490415999996,60.580973019,12.07747833,13.157074075499999,14.69780857,4.285792577621944
0,default,1,double,lookupApply,1,8191,56.092052252,57.7630936395,126.199487242,12.370101331,13.146681570999998,13.428091808,4.393739464027063
0,default,1,double,lookupApply,2,8191,54.817787816,56.8058692465,60.935020144,12.405750214,13.184482205999998,13.335276523,4.308540021438898
0,default,1,double,prepared,0,8191,24.787876938,25.780963863,31.207270175,1.294774753,1.297449182,1.343295996,19.870499916812925
0,default,1,double,prepared,1,8191,25.363203516,25.598217556,64.23666219,1.290829874,1.3208285009999998,1.379135637,19.38042488984723
0,default,1,double,prepared,2,8191,24.776431449,25.508561225999998,28.621352704,1.292233854,1.3176275789999998,1.343715664,19.359462136759056
0,default,1,double,vienot,0,8191,23.690636064,23.8203516055,25.45247833,1.395258515,1.4144144485,1.778102491,16.84113990122323
0,default,1,double,vienot,1,8191,23.373214504,23.9325173975,26.877060188,1.410068978,1.4224453664999999,1.448335063,16.824911494764255
0,default,1,float,brettel,0,8191,32.257203028,176.449761934,179.474423147,2.264558662,2.293145678,2.350613478,76.9465994362352
0,default,1,float,brettel,1,8191,32.931723843,175.5333597855,179.715541448,2.264902027,2.317116347,2.362905933,75.75509102629451
0,default,1,float,brettel,2,8191,31.687217678,176.26358198,179.621688439,2.26498596,2.3015695579999997,2.469524478,76.58407775134468
0,default,1,float,lookup,0,8191,29.487394702,30.693749237,68.198327433,5.959406666,6.045221127,6.266954584,5.077357567601845
0,default,1,float,lookup,1,8191,30.157337321,30.518633256,33.209467708,5.800322,6.108686363,7.120047918,4.995940443243215
0,default,1,float,lookup,2,8191,29.436271518,29.6277926995,34.199120986,5.960039983,6.07291921,6.631874924,4.878673941638028
0,default,1,float,lookupApply,0,8191,39.651751923,41.320504211499994,97.371352704,12.481160725,13.8036869735,14.640405628,2.9934396723734857
0,default,1,float,lookupApply,1,8191,40.47353803,40.711985716,44.597729215,12.381417104,13.805895953,16.288006654,2.9488840025013623
0,default,1,float,lookupApply,2,8191,39.493041143,40.159550116,43.479123428,13.451936577,13.6483411675,14.38062355,2.942449168227828
0,default,1,float,prepared,0,8191,19.612226834,20.1146837995,22.591106092,0.787251251,0.808211757,1.319603833,24.887888137341214
0,default,1,float,prepared,1,8191,20.087596142,20.234098400500002,22.349987791,0.787182578,0.8041333475,0.847683433,25.1626157072164
0,default,1,float,prepared,2,8191,19.611463802,20.158939689999997,22.688774264,0.786892626,0.8034160969999999,0.847187462,25.091530733918066
0,default,1,float,vienot,0,8191,20.58661946,21.5800879015,24.587199365,0.787899829,0.816006135,0.946381699,26.44598732275463
0,default,1,float,vienot,1,8191,21.555670858,21.729260774,23.257233549,0.788533146,0.8042706935,0.854802527,27.017347454796944
0,prepared,1,double,brettel,0,8191,35.322304969,36.1582071785,37.374099622,4.706972592,4.837737303,5.40121017,7.474198145500254
0,prepared,1,double,brettel,1,8191,36.208185814,36.883469661999996,83.395647662,4.704958186,4.820294378,4.970241729,7.6517048067307885
0,prepared,1,double,brettel,2,8191,35.362745696,37.142900745,40.111097546,4.680258821,4.843776706,5.224697839,7.66816948828194
0,prepared,1,double,lookup,0,8191,43.066322793,44.2284214385,45.80103162,7.974201868,8.1526523015,10.126274264,5.425034676182921
0,prepared,1,double,lookup,1,8191,42.064460994,43.689338909,45.379074594,8.152423392,8.232629563,9.432151141,5.306851058300192
0,prepared,1,double,lookup,2,8191,43.138047857,44.411167745,46.103955561,7.968303626,8.185790807,9.54376755,5.425397349150704
0,prepared,1,double,lookupApply,0,8191,54.207361738,56.953897570500004,61.43633256,12.740851239,13.163536961,15.624153034,4.326640912639133
0,prepared,1,double,lookupApply,1,8191,54.153186424,56.264879135499996,102.807959956,12.966892016,13.245044103000001,14.538708644,4.247994849843951
0,prepared,1,double,lookupApply,2,8191,54.406513246,57.0733121715,62.404620925,12.377754548,13.207018374,14.476002625,4.321438083546351
0,prepared,1,double,prepared,0,8191,24.771853254,26.18117446,64.648699792,1.2609953,1.306483488,1.333368942,20.039422388781084
0,prepared,1,double,prepared,1,8191,24.774142351,26.027804908,29.313423269,1.261140276,1.3001579475,1.335131547,20.0189561260979
0,prepared,1,double,prepared,2,8191,24.771090221,26.2532810405,28.306983274,1.292668783,1.3180358015,1.360403186,19.918488565046765
0,prepared,1,double,vienot,0,8191,11.451593212,11.806784885999999,13.247008912,1.378258149,1.4189239715,1.494101758,8.320942575604375
0,prepared,1,double,vienot,1,8191,11.448541082,12.0185264315,12.931113417,1.377968197,1.4140100415,1.747604078,8.499604726109718
0,prepared,1,float,brettel,0,8191,28.392442925,29.2943474545,33.476529117,2.26451288,2.3199700895,2.579965816,12.627036696328062
0,prepared,1,float,brettel,1,8191,28.519869369,29.363020388000002,34.795049445,2.264222928,2.319073526,2.341502869,12.66153058917719
0,prepared,1,float,brettel,2,8191,28.428305457,29.1818001465,30.915791723,2.263704065,2.319996795,2.760278049,12.578379508709624
0,prepared,1,float,lookup,0,8191,28.714442681,28.875824075,31.377426444,5.917088878,6.133153003,6.631134782,4.7081532224739115
0,prepared,1,float,lookup,1,8191,28.07959956,28.745727017500002,31.433127823,5.917668783,6.1422178305,7.438293554,4.680024025647425
0,prepared,1,float,lookup,2,8191,28.046789159,28.7396227565,31.266023685,5.934707301,6.1020441645000005,7.806243133,4.709835258764456
0,prepared,1,float,lookupApply,0,8191,37.871596875,39.9886308145,42.336863631,13.265993163,13.840545263500001,15.95622482,2.889238108267106
0,prepared,1,float,lookupApply,1,8191,37.866255646,38.8967311685,42.185783177,12.712344341,13.747760499,15.359586742,2.8293139941832206
0,prepared,1,float,lookupApply,2,8191,37.867018679,38.802115126000004,43.065559761,13.454446954,13.79201639,17.279712489,2.8133750735776206
0,prepared,1,float,prepared,0,8191,19.155170309,20.226849591,22.151599316,0.784214382,0.805220669,0.8600293,25.11963536171971
0,prepared,1,float,prepared,1,8191,19.153644244,19.6778476375,25.521914296,0.792416982,0.8074678,1.299062996,24.369823338466254
0,prepared,1,float,prepared,2,8191,19.158985472,19.631684165499998,21.794500061,0.784252533,0.8052550055000001,0.853039922,24.37946244532844
0,prepared,1,float,vienot,0,8191,8.648974484,8.8691093885,10.402423392,0.784679832,0.806468227,0.861341717,10.997469077600748
0,prepared,1,float,vienot,1,8191,8.856519351,8.9087870835,10.535191063,0.785053717,0.806838298,0.827432548,11.041601651264205
0,inline,1,double,brettel,0,8191,43.719478696,44.346691491,46.722011964,4.703386339,4.731576578,5.989958491,9.372497889433927
0,inline,1,double,brettel,1,8191,42.732114516,44.123504456000006,46.715907704,4.504356916,4.7315155355,6.664204615,9.325448500580118
0,inline,1,double,brettel,2,8191,42.776370407,44.8502930045,47.053168111,4.596416799,4.9992636735,6.375564644,8.971379773833808
0,inline,1,double,lookup,0,8191,43.209772921,44.238340862,48.285465755,7.958300269,7.966834788,8.081293493,5.552812633774426
0,inline,1,double,lookup,1,8191,42.866408253,44.269243681999995,47.237058967,7.770220364,7.984975888499999,9.055159626,5.544067295902142
0,inline,1,double,lookup,2,8191,42.822915395,43.239531193000005,49.065285069,7.294202478,7.78605329,8.136537053,5.5534594463326625
0,inline,1,double,lookupApply,0,8191,57.294591625,58.323922597999996,60.493224271,12.542096508,12.9090083625,15.710352826,4.5180792327494315
0,inline,1,double,lookupApply,1,8191,55.748687584,57.8760224635,59.685935783,12.075662312,12.867938133500001,14.753860945,4.4976920049706575
0,inline,1,double,lookupApply,2,8191,55.91502869,58.1919179585,61.673635698,12.546476315,12.873985166499999,14.459574533,4.52011690287821
0,inline,1,double,prepared,0,8191,25.978207789,26.2384019045,28.535130021,1.273241973,1.279308082,1.631249237,20.50983830531292
0,inline,1,double,prepared,1,8191,25.361677451,26.274264436499998,28.044500061,1.268534062,1.2733678735,1.752441704,20.633679381498858
0,inline,1,double,prepared,2,8191,25.386857527,26.06671957,29.451532169,1.251098767,1.2708918325,1.606870346,20.510572893307188
0,inline,1,double,vienot,0,8191,18.62944085,18.8186729335,20.421804419,1.378838054,1.397734556,2.512330607,13.463695844620728
0,inline,1,double,vienot,1,8191,18.186118911,18.6725521915,20.358472714,1.378921988,1.383885515,1.786793432,13.492844595240959
0,inline,1,float,brettel,0,8191,34.566902698,36.0136125015,37.989866927,2.261895678,2.278770144,3.519121597,15.803968906791152
0,inline,1,float,brettel,1,8191,35.473385423,35.8335368085,38.160786229,2.212229886,2.2790906179999997,3.690407154,15.722734552760116
0,inline,1,float,brettel,2,8191,35.385636674,35.671392382,37.356549872,2.260796911,2.283401752,9.290181297,15.622039507833398
0,inline,1,float,lookup,0,8191,30.410664144,30.686881944,33.332315957,5.77574472,5.9605130635000005,6.129898669,5.148362501193938
0,inline,1,float,lookup,1,8191,30.414479307,30.62850995,32.998870712,5.917699304,6.549494109499999,8.366255646,4.676469577333239
0,inline,1,float,lookup,2,8191,30.4213466,30.570137956,33.507050421,5.934760713,5.9568924735,6.183951898,5.131893532071492
0,inline,1,float,lookupApply,0,8191,40.349163716,40.707407520000004,42.557380051,12.988745269,13.578042973999999,15.821343548,2.9980320137407754
0,inline,1,float,lookupApply,1,8191,40.285832011,40.569680137,42.326181174,13.449243072,13.508706201999999,15.272333964,3.0032247004523316
0,inline,1,float,lookupApply,2,8191,40.351452814,40.616225125,93.515748993,12.395098279,13.633366652500001,42.170217312,2.979177936034754
0,inline,1,float,prepared,0,8191,20.08988524,20.1543614945,22.776523013,0.781688744,0.791264803,1.641443352,25.47107039019907
0,inline,1,float,prepared,1,8191,20.103619827,20.4706385055,54.553778537,0.783855756,0.7960757235,1.209666097,25.714436329623858
0,inline,1,float,prepared,2,8191,20.095226468,20.2085368085,21.160419973,0.782238127,0.7839549505000001,5.487638872,25.77767612234754
0,inline,1,float,vienot,0,8191,13.868880479,14.2297948965,16.076333781,0.791974423,0.818230375,1.186897204,17.39093943621929
0,inline,1,float,vienot,1,8191,14.208429984,14.378204737,15.717708461,0.781704004,0.7839167985,0.861013613,18.34149333770145
0,bv_direct,1,double,brettel,0,8191,16.751617629,17.611936882000002,18.715663533,4.489912709,4.7010285675,5.47752106,3.746400735310997
0,bv_direct,1,double,brettel,1,8191,16.769167379,17.291844707499997,18.320412648,4.48853925,4.5266679895,16.232076364,3.8199940326107273
0,bv_direct,1,double,brettel,2,8191,16.799688683,17.715709314999998,19.297857404,4.488951288,4.7018679035,4.994819009,3.767802430564391
0,bv_direct,1,double,lookup,0,8191,42.091167135,43.255936394,47.681143938,7.58100354,7.971386277500001,19.666455561,5.426400739868047
0,bv_direct,1,double,lookup,1,8191,42.226223904,43.9922628495,45.962794531,7.590098889,7.7863661335,9.299169821,5.649909353764915
0,bv_direct,1,double,lookup,2,8191,43.211298987,43.957926382500006,48.286228788,6.985746551,7.822404163,10.62617507,5.619490564092962
0,bv_direct,1,double,lookupApply,0,8191,54.353100964,56.346905139499995,59.181571237,11.52832377,12.865637589999999,15.331385057,4.379643429665424
0,bv_direct,1,double,lookupApply,1,8191,55.531223294,55.689934074,59.701196435,12.249671896,12.848786015,13.709605054,4.334256482206658
0,bv_direct,1,double,lookupApply,2,8191,55.564033696,58.00001526050001,111.187583934,12.256089,12.866946191,15.049612379,4.5076752789305266
0,bv_direct,1,double,prepared,0,8191,25.360151386,26.083506287,27.597362959,1.203905201,1.2803686970000001,1.68305152,20.37187128060504
0,bv_direct,1,double,prepared,1,8191,24.773379319,25.383423880000002,26.49859602,1.204485106,1.2733755035,1.56952753,19.93396591204332
0,bv_direct,1,double,prepared,2,8191,24.773379319,26.098003907,29.563697961,1.203752594,1.2530101635,1.321129899,20.828245984933705
0,bv_direct,1,double,vienot,0,8191,5.367934318,5.7315193505,6.382004639,1.31414815,1.3819588575,1.799688683,4.147387832419606
0,bv_direct,1,double,vienot,1,8191,5.369460383,5.4972683435,6.335459651,1.314987486,1.4620009765000002,8.478291723,3.7600989546945076
0,bv_direct,1,float,brettel,0,8191,14.178671713,14.9596355755,16.812660237,2.263772738,2.26590923,4.142351361,6.602045385330815
0,bv_direct,1,float,brettel,1,8191,14.375534123,14.86845318,16.650134294,2.264619705,2.2984869065,4.086985716,6.468800469540547
0,bv_direct,1,float,brettel,2,8191,14.404529361,14.8158039315,17.432242705,2.264406055,2.266111433,2.412785374,6.537985606420971
0,bv_direct,1,float,lookup,0,8191,27.621780002,29.2405536565,34.65846661,5.765703211,5.9720157794999995,6.061317299,4.896261955112941
0,bv_direct,1,float,lookup,1,8191,28.265779514,29.213084483,33.427695031,5.919049872,5.955572427,6.062316872,4.905168200215392
0,bv_direct,1,float,lookup,2,8191,28.361158589,29.927664509499998,31.182090099,5.660366561,5.938522464,7.971660969,5.039580921167666
0,bv_direct,1,float,lookupApply,0,8191,37.221493102,39.0218685145,67.716090831,12.380738005,13.467674124,14.450486815,2.8974467421186914
0,bv_direct,1,float,lookupApply,1,8191,38.098217556,39.0424703945,42.649706995,13.047781101,13.470062416000001,15.246131425,2.898462470977462
0,bv_direct,1,float,lookupApply,2,8191,38.108900012,40.060737395000004,41.718807227,12.838229459,13.460097210499999,14.939285496,2.976259143488896
0,bv_direct,1,float,prepared,0,8191,18.720241729,19.7446129895,56.755890612,0.787579355,0.7886781225,0.850575327,25.035071249234505
0,bv_direct,1,float,prepared,1,8191,19.152881211,19.6789921865,21.860883897,0.78816689,0.790940514,1.061370712,24.88049586305551
0,bv_direct,1,float,prepared,2,8191,19.155933341,19.834269319999997,22.428580149,0.787541204,0.788788762,0.887277194,25.145222999513265
0,bv_direct,1,float,vienot,0,8191,4.668233427,4.7792546695,5.334360884,0.788227933,0.7888345445,1.104588878,6.05862750664566
0,bv_direct,1,float,vienot,1,8191,4.668233427,4.7330911975,5.857038213,0.78933433,0.7904674335,0.834452448,5.987711823298031
0,bv_split,1,double,brettel,0,8191,8.936637773,9.130829569,11.188346966,4.505005494,4.7746917345,5.266550177,1.91233907375094
0,bv_split,1,double,brettel,1,8191,8.930533512,9.0377395925,11.811744598,4.701356672,4.783684074,6.760354352,1.889284378460817
0,bv_split,1,double,brettel,2,8191,9.203699182,9.60276523,28.100201441,4.703996765,4.7930007020000005,5.276194909,2.0034975638524326
0,bv_split,1,double,lookup,0,8191,42.708460505,44.196374069,47.02035771,7.996886827,8.1701867905,9.595096753,5.409469232746301
0,bv_split,1,double,lookup,1,8191,43.78815163,44.6469448175,48.144304725,7.986540105,8.170354657499999,9.933806922,5.464505115027806
0,bv_split,1,double,lookup,2,8191,42.816811134,44.230710536000004,47.485807594,7.960558845,8.182063393,9.75305213,5.4058137185591475
0,bv_split,1,double,lookupApply,0,8191,55.837962398,57.537235990499994,61.939934074,12.399531498,13.166337291,14.543012147,4.370025977523015
0,bv_split,1,double,lookupApply,1,8191,55.787602246,57.999633744,62.063545355,12.306975644,13.166455561,15.298712001,4.405106102799537
0,bv_split,1,double,lookupApply,2,8191,57.15495666,57.904636186000005,61.402759126,12.079370651,13.215671163500001,13.990759675,4.381513089242507
0,bv_split,1,double,prepared,0,8191,25.364729581,26.3879562935,28.168874374,1.259049567,1.289719662,2.336024295,20.460226412753563
0,bv_split,1,double,prepared,1,8191,25.366255646,26.0148333535,30.526645098,1.271029178,1.3248916495,2.018244109,19.63544216111387
0,bv_split,1,double,prepared,2,8191,25.994231474,26.2700677575,28.964717373,1.269968563,1.3448792885,2.217914479,19.53340198048563
0,bv_split,1,double,vienot,0,8191,5.496123794,5.5216853865,7.522738371,1.375442559,1.4033008790000001,1.438385118,3.9347836726467262
0,bv_split,1,double,vienot,1,8191,5.496123794,5.597988646,6.956568185,1.3789754,1.403743438,1.455591503,3.9879001350672745
0,bv_split,1,float,brettel,0,8191,8.742827494,9.298315224,10.542821389,2.267069039,2.4385415395,9.436874313,3.8130641095851625
0,bv_split,1,float,brettel,1,8191,8.95342449,9.209803443,10.835825906,2.264093212,2.3803488585,3.026637468,3.8690981828620057
0,bv_split,1,float,brettel,2,8191,9.001495544,9.473049689,12.754852887,2.211520266,2.3182723415,2.415211818,4.0862540260781515
0,bv_split,1,float,lookup,0,8191,27.82093151,28.692314736,31.230924185,5.935989195,6.0620345505,6.313011232,4.733116331980233
0,bv_split,1,float,lookup,1,8191,27.817116347,28.9975277745,41.813423269,5.771837993,6.070580515,6.28254334,4.776730611322763
0,bv_split,1,float,lookup,2,8191,28.481717739,28.998290807,33.757325113,5.801199487,6.0854520205,7.243323465,4.765182719264527
0,bv_split,1,float,lookupApply,0,8191,36.788090587,38.5735868635,42.346783055,12.80782261,13.685180380999999,16.12615981,2.818639271796092
0,bv_split,1,float,lookupApply,1,8191,37.642687096,38.6063972655,41.769167379,13.449090465,13.801035435500001,15.370192895,2.7973551293255787
0,bv_split,1,float,lookupApply,2,8191,38.546880723,40.072182883500005,41.831736052,12.68585185,13.8145907095,15.105672384,2.9007144493932215
0,bv_split,1,float,prepared,0,8191,18.784336467,19.6671651815,22.037144427,0.787487791,0.8063079905,5.544149066,24.391628773645397
0,bv_split,1,float,prepared,1,8191,19.156696374,19.632447198,21.425192284,0.797437737,0.8068230375000001,1.350773715,24.333027548187726
0,bv_split,1,float,prepared,2,8191,19.182639482,19.744994505999998,22.368300574,0.787518313,0.8105237455000001,1.219448175,24.360784758772986
0,bv_split,1,float,vienot,0,8191,4.562171896,4.8010010990000005,5.131394213,0.787724332,0.813877274,6.209757661,5.898925123445578
0,bv_split,1,float,vienot,1,8191,4.66899646,4.8078683925,7.045842998,0.796079539,0.8592090405,1.42765688,5.595691113424684
0,ma_fixed,1,double,brettel,0,8191,26.746581614,26.888124161,28.854077646,4.597195092,4.818951440499999,5.27738524,5.579662815238946
0,ma_fixed,1,double,brettel,1,8191,27.055609816,27.312751800999997,29.349285801,4.593952204,4.833754273,5.346805946,5.650422065010916
0,ma_fixed,1,double,brettel,2,8191,26.603894518,27.3871474785,28.461878891,4.605641863,4.910378006,7.655620498,5.577401056504325
0,ma_fixed,1,double,lookup,0,8191,43.471493102,45.1177359295,48.093944573,7.776255952,7.9860097975,23.394991454,5.649596866713586
0,ma_fixed,1,double,lookup,1,8191,43.537113906,45.936469906,54.343181541,7.454645342,8.0612028445,8.247466732,5.698463466570817
0,ma_fixed,1,double,lookup,2,8191,44.026980833,45.989119155500006,91.708124771,7.989363326,8.092414692999998,8.604565987,5.68299091188208
0,ma_fixed,1,double,lookupApply,0,8191,68.020540838,71.3900927845,79.089854719,12.499099622,12.6034099925,34.191223599,5.664347412881324
0,ma_fixed,1,double,lookupApply,1,8191,67.981626175,70.21807471599999,76.036198266,12.54002106,13.1720829265,15.568802649,5.330825436479231
0,ma_fixed,1,double,lookupApply,2,8191,69.249023318,71.422140154,73.648669271,12.711070077,13.035713741,14.032871444,5.478958925690635
0,ma_fixed,1,double,prepared,0,8191,25.273928702,25.5135209375,27.983457453,1.238020388,1.2912037605,1.380432792,19.75948469017799
0,ma_fixed,1,double,prepared,1,8191,25.363203516,25.4601086555,27.927756074,1.238134843,1.2906009644999998,1.340098889,19.727328086542745
0,ma_fixed,1,double,prepared,2,8191,25.37312294,25.9980466365,27.966670736,1.238646075,1.315235472,1.549909962,19.76683809855457
0,ma_fixed,1,double,vienot,0,8191,23.451806861,23.534595898,25.723354902,1.349468929,1.408966396,1.452730131,16.703447268021286
0,ma_fixed,1,double,vienot,1,8191,23.930228299,23.9466335,24.761170797,1.35113234,1.4181761995,2.080614394,16.885513597282735
0,ma_fixed,1,float,brettel,0,8191,33.969448175,176.325006104,179.183707728,2.212855573,2.327547003,2.784199121,75.75572303233098
0,ma_fixed,1,float,brettel,1,8191,32.283909169,175.2189903555,182.21371017,2.263833781,2.3160252110000004,2.405101636,75.65504448021312
0,ma_fixed,1,float,brettel,2,8191,31.240843609,172.470928458,240.358320107,2.263459895,2.317345257,2.355298498,74.42608214594586
0,ma_fixed,1,float,lookup,0,8191,29.663655231,29.929572091,31.451440606,5.920583567,5.981904682,6.484762239,5.0033515547414735
0,ma_fixed,1,float,lookup,1,8191,28.268068612,29.132203028,32.302221951,5.958384202,6.0918195275,6.295606458,4.782184189221288
0,ma_fixed,1,float,lookup,2,8191,28.266542547,29.165394945499997,31.459833964,5.63435478,5.9528178789999995,6.493338725,4.899426714932429
0,ma_fixed,1,float,lookupApply,0,8191,50.032810402,51.0140703215,52.194481748,12.862058967,13.539025301999999,14.235296362,3.767927837018234
0,ma_fixed,1,float,lookupApply,1,8191,47.682670004,49.148837138000005,95.791875229,12.47121078,13.715026401,13.945595776,3.5835758314265025
0,ma_fixed,1,float,lookupApply,2,8191,47.681906971,48.981733,52.791936272,12.093143389,13.1529346235,14.338870407,3.7240155449785046
0,ma_fixed,1,float,prepared,0,8191,20.090648272,20.256607862,21.497680381,0.788426322,0.80407612,0.828851789,25.19240076673338
0,ma_fixed,1,float,prepared,1,8191,19.153644244,19.6354993285,20.679709437,0.788441582,0.8209391404999999,1.188118056,23.91833737704458
0,ma_fixed,1,float,prepared,2,8191,19.155933341,19.641985105499998,21.065803931,0.788136369,0.803908253,0.850514284,24.433117874086555
0,ma_fixed,1,float,vienot,0,8191,20.58661946,21.1035740445,23.524294958,0.788052436,0.8125076305,0.905559455,25.973385667176206
0,ma_fixed,1,float,vienot,1,8191,21.302344036,21.985258209999998,24.749725308,0.788708644,0.8039921864999999,0.888093639,27.345114267475534
0,ma_bounded,1,double,brettel,0,8191,27.395159321,27.7484434135,29.891801978,4.591365523,4.718353222999999,4.97308021,5.880959330945792
0,ma_bounded,1,double,brettel,1,8191,27.556922232,28.3149951165,31.44991454,4.59270083,4.6686912465,4.976811439,6.064867780178661
0,ma_bounded,1,double,brettel,2,8191,27.873580759,28.155139787499998,30.558692467,4.593791967,4.721271823,4.945801795,5.96346510919797
0,ma_bounded,1,double,lookup,0,8191,43.636308143,45.18602734700001,48.087840313,7.805754792,8.0298803565,9.086009034,5.6272354432308545
0,ma_bounded,1,double,lookup,1,8191,43.595867415,45.1352856795,54.826181174,7.802817116,8.168935417,8.938812416,5.525234730779118
0,ma_bounded,1,double,lookup,2,8191,42.565010377,43.931220241999995,52.558448297,7.801199487,8.1132416675,9.799566597,5.414755536985857
0,ma_bounded,1,double,lookupApply,0,8191,68.167806129,70.8555884505,72.484281529,12.543057929,13.1833948845,36.60720608,5.3746086703210585
0,ma_bounded,1,double,lookupApply,1,8191,68.362379441,70.716716518,72.471309974,12.322968807,13.169667928500001,14.773348797,5.369665879347232
0,ma_bounded,1,double,lookupApply,2,8191,67.964076425,71.321419851,81.414052008,12.549749725,12.866362471,14.25843151,5.543246586729866
0,ma_bounded,1,double,prepared,0,8191,25.416615798,25.996520570999998,28.558020999,1.249671896,1.2892351364999999,1.79517916,20.16429729147395
0,ma_bounded,1,double,prepared,1,8191,25.380753266,26.0094921255,29.335551215,1.250251801,1.296094799,1.390260652,20.0675846747997
0,ma_bounded,1,double,prepared,2,8191,25.995757539,26.627167012500003,28.227627884,1.250320474,1.2891779085,1.480916555,20.65437736478247
0,ma_bounded,1,double,vienot,0,8191,24.022555244,24.244216213,25.377701135,1.35041509,1.4388429375,2.189430472,16.84980033687659
0,ma_bounded,1,double,vienot,1,8191,23.934043462,24.6528201685,26.388719326,1.350338786,1.396628159,1.442528385,17.651670567885205
0,ma_bounded,1,float,brettel,0,8191,32.518160176,172.303061287,177.757599805,2.213046331,2.250640947,2.710940361,76.55732982049935
0,ma_bounded,1,float,brettel,1,8191,34.573769991,177.215846661,180.08637529,2.21699121,2.2788960445,2.708956477,77.76390111725432
0,ma_bounded,1,float,brettel,2,8191,32.460932731,176.3013520935,249.787876938,2.213061592,2.232255677,3.137994445,78.97901387821176
0,ma_bounded,1,float,lookup,0,8191,29.510285679,30.367552802,32.583017947,5.794049872,5.9183669575,8.859762239,5.131069604178054
0,ma_bounded,1,float,lookup,1,8191,30.149706995,30.358777927,32.05499939,5.778728177,5.81120666,6.494353559,5.2241779897395695
0,ma_bounded,1,float,lookup,2,8191,30.12757905,30.385865584,31.948937859,5.793332621,6.0734685934999995,6.740729154,5.003049759163952
0,ma_bounded,1,float,lookupApply,0,8191,47.19967037,50.3307746305,59.48525821,13.136842266,13.345169240499999,15.359960628,3.7714601983282363
0,ma_bounded,1,float,lookupApply,1,8191,49.584910267,50.3696892935,52.287571725,12.091563912,13.280551825,15.006165303,3.7927406900880043
0,ma_bounded,1,float,lookupApply,2,8191,49.573464778,49.8237394705,51.806861189,13.13765108,13.397784153,14.332514345,3.7188044606125104
0,ma_bounded,1,float,prepared,0,8191,19.154407276,20.1471126845,22.714717373,0.771387804,0.7866942375,0.895472165,25.609838898178026
0,ma_bounded,1,float,prepared,1,8191,20.095226468,20.258515444,21.507599805,0.779086803,0.78722073,1.879524783,25.734225067980613
0,ma_bounded,1,float,prepared,2,8191,20.099041631,20.469875473,52.903339031,0.771464107,0.795553046,1.452516482,25.73037156468885
0,ma_bounded,1,float,vienot,0,8191,20.091411305,21.1279910875,22.741423514,0.772272921,0.787312294,0.828500794,26.835591478138404
0,ma_bounded,1,float,vienot,1,8191,21.809760713,21.9596966185,23.412129166,0.771837993,0.7869536685,0.937446588,27.90468803628177
0,ma_direct,1,double,brettel,0,8191,25.750061043,26.608472714,29.314949335,4.702356245,4.7827455435,4.855069589,5.5634305592866635
0,ma_direct,1,double,brettel,1,8191,27.218898791,28.043355511999998,31.670430961,4.702638567,4.841972134,5.234861433,5.7917217893679025
0,ma_direct,1,double,brettel,2,8191,26.880875351,27.773241973,30.349621536,4.702905628,4.9408191915,6.014612074,5.621181609070019
0,ma_direct,1,double,lookup,0,8191,23.52505799,24.2991545595,27.28909779,7.965083628,8.270487424999999,9.088176047,2.938055922320685
0,ma_direct,1,double,lookup,1,8191,23.544133805,24.120223416,26.868666829,7.947892504,8.0630303075,9.015550604,2.991458855557576
0,ma_direct,1,double,lookup,2,8191,24.087413014,24.448708949,28.134537907,7.964328226,7.9979283665,9.846866988,3.0568802105562094
0,ma_direct,1,double,lookupApply,0,8191,47.662831156,49.839763154500005,51.615340007,12.3700937,12.9623481565,14.102566842,3.8449640877380493
0,ma_direct,1,double,lookupApply,1,8191,47.251556586,48.454858991500004,53.294774753,12.374633744,12.887994445,14.537342815,3.759689624191175
0,ma_direct,1,double,lookupApply,2,8191,48.392290319,49.2129318765,53.448907337,12.078119277,12.9424978635,14.780086375,3.8024292061340543
0,ma_direct,1,double,prepared,0,8191,24.771090221,26.2216151875,64.863111952,1.268480649,1.3171430535000002,2.49507844,19.907947825273936
0,ma_direct,1,double,prepared,1,8191,24.771090221,25.488722378,28.316139665,1.257225919,1.301958705,1.410542058,19.577212610595048
0,ma_direct,1,double,prepared,2,8191,24.776431449,25.588679648499998,35.414631913,1.257905018,1.2782322065,1.757996582,20.018803718430636
0,ma_direct,1,double,vienot,0,8191,22.90776462,23.805853986000002,25.382279331,1.379433219,1.4233228544999998,2.200265535,16.725547482593313
0,ma_direct,1,double,vienot,1,8191,23.376266634,24.4471828835,26.977780491,1.377060188,1.4162838785,3.091029789,17.26149909253521
0,ma_direct,1,float,brettel,0,8191,31.911549261,172.021120742,175.875961421,2.263681174,2.327787358,3.247970333,73.89898400762772
0,ma_direct,1,float,brettel,1,8191,31.645250885,171.6327371505,191.511262361,2.227948358,2.2908985475,3.409252533,74.9193967309458
0,ma_direct,1,float,brettel,2,8191,32.760804542,171.4931021855,178.274172873,2.211657612,2.3163647605,2.850811867,74.03544774549336
0,ma_direct,1,float,lookup,0,8191,22.684959101,23.9588420215,25.401355146,5.935409291,5.9725308265,6.447373642,4.011505795029989
0,ma_direct,1,float,lookup,1,8191,23.79822366,23.921071908000002,25.978970822,5.78043737,6.0959666095,7.059783604,3.9240818463016556
0,ma_direct,1,float,lookup,2,8191,22.671224515,23.291951532,62.848705897,5.916615798,6.142950342,6.802504273,3.791655513271932
0,ma_direct,1,float,lookupApply,0,8191,41.093120498,43.122024173,45.940666585,13.456545294,13.5656971065,16.762696862,3.1787547543235424
0,ma_direct,1,float,lookupApply,1,8191,43.153308509,43.5867110245,45.244017824,13.43889635,13.4990576545,16.548330485,3.2288706471277333
0,ma_direct,1,float,lookupApply,2,8191,41.270907093,42.651996093,45.997130997,12.86588176,13.98876816,15.788983335,3.049017297674623
0,ma_direct,1,float,prepared,0,8191,19.612226834,20.1486387495,22.971096325,0.783664998,0.8020922355,1.299421621,25.120101975479106
0,ma_direct,1,float,prepared,1,8191,19.612226834,19.7060798435,20.679709437,0.783993102,0.787899829,0.929427115,25.010894936366334
0,ma_direct,1,float,prepared,2,8191,19.154407276,19.622909291,22.074533024,0.789219875,0.8028857890000001,1.267916005,24.44047404979041
0,ma_direct,1,float,vienot,0,8191,20.090648272,20.58661946,23.097759736,0.78370315,0.788243194,1.227727079,26.11709129454279
0,ma_direct,1,float,vienot,1,8191,20.79797949,21.512178,23.852398974,0.783871017,0.784698907,1.153835002,27.41456348173555
0,default,2,double,brettel,0,8191,26.661884996,26.946114637999997,30.486967403,4.503258149,4.681998535,4.747474362,5.755259092151766
0,default,2,double,brettel,1,8191,26.424581858,27.8380997435,31.233976315,4.532398364,4.724228574,5.052504273,5.89262337912865
0,default,2,double,brettel,2,8191,27.158619216,27.248275546000002,29.668233427,4.704897143,4.729077646,5.267503968,5.761858354989674
0,default,2,double,lookup,0,8191,42.449029423,44.0513978755,46.98525821,7.953577097,7.973602887,8.599690209,5.524654099255495
0,default,2,double,lookup,1,8191,41.66386888,42.3349560495,48.779910878,7.960619888,7.9716037415,8.145029606,5.310720078709522
0,default,2,double,lookup,2,8191,41.985105604,43.0171071905,48.020693444,7.314865401,7.87721661,8.339358747,5.460952684212146
0,default,2,double,lookupApply,0,8191,56.137834208,58.0461787325,65.362898303,12.653819741,12.867117873000002,15.207346478,4.511202843202554
0,default,2,double,lookupApply,1,8191,54.611769015,56.346905140000004,96.614424368,12.077676718,12.841953058,13.477826273,4.387720846316148
0,default,2,double,lookupApply,2,8191,54.869674032,56.018419606500004,59.238035649,12.492819863,12.86142565,13.518389086,4.355537335513035
0,default,2,double,prepared,0,8191,25.360151386,25.621108534,28.789982908,1.269182639,1.2732343425,1.348843243,20.122853805288404
0,default,2,double,prepared,1,8191,24.774142351,25.983167501,33.153003296,1.259110609,1.2780795995,1.414815041,20.329850747296902
0,default,2,double,prepared,2,8191,24.771090221,24.829462214499998,29.152423392,1.264894396,1.281272891,1.995604932,19.37874623658138
0,default,2,double,vienot,0,8191,23.689873031,23.9470150165,27.706476621,1.344554999,1.375427298,1.794049872,17.410600364934737
0,default,2,double,vienot,1,8191,23.377029667,24.669988402,27.145647662,1.376678672,1.377861372,1.399088939,17.904550416556713
0,default,2,float,brettel,0,8191,32.512818948,177.06247710899999,180.532749359,2.20879624,2.2358533759999997,2.432059578,79.19234732009546
0,default,2,float,brettel,1,8191,32.726468075,176.186897204,178.632035161,2.20973477,2.214049719,2.286457697,79.57675732935968
0,default,2,float,brettel,2,8191,31.927572946,174.0965694055,178.541997314,2.213450739,2.426565743,4.307906544,71.74607566587575
0,default,2,float,lookup,0,8191,29.441612746,30.2263917715,34.334940789,5.779422537,5.821141344,6.191040471,5.1925198144613205
0,default,2,float,lookup,1,8191,29.418721768,29.718975094500003,33.600903431,5.62826578,5.820546179,6.601384141,5.105873947315006
0,default,2,float,lookup,2,8191,29.438560615,29.867766451,32.507477719,5.778758699,5.7998412895,5.94381028,5.1497558226416364
0,default,2,float,lookupApply,0,8191,39.489989012,40.864210719,97.178305457,13.138223355,13.250385331499999,15.347217983,3.084001687245574
0,default,2,float,lookupApply,1,8191,39.506775729,40.966075571000005,45.129562935,13.140336955,13.1598667745,14.632531132,3.112955189666537
0,default,2,float,lookupApply,2,8191,39.618941521,41.8977383715,111.094493957,13.140161458,13.172235532999998,14.576410084,3.1807614027652993
0,default,2,float,prepared,0,8191,19.61680503,20.122314125,23.032901966,0.765115676,0.7960871684999999,0.826593212,25.27652111629281
0,default,2,float,prepared,1,8191,19.611463802,19.6889116105,22.221035283,0.770632401,0.7731885605,1.77130387,25.464566622361456
0,default,2,float,prepared,2,8191,19.612226834,19.7697930655,23.04587352,0.764688377,0.7738981805,1.222332438,25.54572883570696
0,default,2,float,vienot,0,8191,21.068856062,21.1814033695,22.549902332,0.765275913,0.8096538885,0.841907276,26.161059275268336
0,default,2,float,vienot,1,8191,21.066566964,21.305396166500003,24.394152118,0.765283543,0.7691483029999999,0.803168111,27.69998462377158
0,prepared,2,double,brettel,0,8191,36.241759248,37.851376511,41.202234159,4.705209987,5.2223209925,6.825334208,7.247998842920607
0,prepared,2,double,brettel,1,8191,37.102460017,37.502289098,40.408680259,4.70715572,5.1440872605,7.180106214,7.290367989277619
0,prepared,2,double,brettel,2,8191,37.10322305,37.386689659,38.76052985,4.7085597,5.277831614,8.101521487,7.083721572288873
0,prepared,2,double,lookup,0,8191,44.316170187,45.4118849955,48.744048346,7.479115798,7.992816048,10.174887071,5.681587656063119
0,prepared,2,double,lookup,1,8191,44.128464168,45.4652972775,47.652911732,7.77059425,8.197736082,11.25280796,5.546079652079729
0,prepared,2,double,lookup,2,8191,44.234525699,46.230618972,47.916157978,7.482992003,10.4526080455,12.27388292,4.422878842367284
0,prepared,2,double,lookupApply,0,8191,56.8024356,58.2327402025,60.25210597,12.548422049,13.3080591505,14.681830668,4.375750028155843
0,prepared,2,double,lookupApply,1,8191,56.786411916,57.969875473,61.817848859,12.79284428,13.467036991499999,15.54775058,4.304575350137442
0,prepared,2,double,lookupApply,2,8191,55.335886949,57.918370773,60.664143572,12.394381028,16.476288762,18.824929801,3.5152558691845535
0,prepared,2,double,prepared,0,8191,25.982022952,26.207880600499998,28.51147601,1.261399707,1.3251701565,1.769526004,19.77699276726807
0,prepared,2,double,prepared,1,8191,25.981259919,26.2124587965,28.754883409,1.262612929,1.312637346,1.35111708,19.969307498660793
0,prepared,2,double,prepared,2,8191,25.98431205,26.131958857,27.260865584,1.269281834,1.7621512940000001,2.316734831,14.829577316078058
0,prepared,2,double,vienot,0,8191,12.00937004,12.1051306315,31.704767428,1.379875778,1.421045202,1.837145953,8.518469795656788
0,prepared,2,double,vienot,1,8191,12.007843975,12.110471859499999,13.740691002,1.379196679,1.419992217,1.572037907,8.528548054358808
0,prepared,2,float,brettel,0,8191,28.442803077,29.446190941,33.504761323,2.320130326,2.3605405325,9.993498962,12.474342437922108
0,prepared,2,float,brettel,1,8191,28.450433403,29.9116408255,31.042455134,2.320488951,2.342395617,2.852925467,12.769679301145993
0,prepared,2,float,brettel,2,8191,28.440513979,30.185188011500003,33.326211696,2.320481321,2.3551153705,3.05172598,12.81686170860138
0,prepared,2,float,lookup,0,8191,28.049841289,28.7430564035,31.240080576,6.075990416,6.1337748745,7.609632524,4.6860305426261695
0,prepared,2,float,lookup,1,8191,28.059760713,29.6396197045,31.069161275,5.977360823,6.106042455,6.289135942,4.854145696322382
0,prepared,2,float,lookup,2,8191,28.718257844,29.692268954,32.715022586,5.898547186,6.1076028565,6.518389086,4.861525814894805
0,prepared,2,float,lookupApply,0,8191,37.860151386,38.930686119,97.256897815,13.779918508,13.897303443,20.856557502,2.801312231446539
0,prepared,2,float,lookupApply,1,8191,37.868544744,39.730725796499996,43.721004761,13.110365035,13.835700006,15.406505616,2.8716093713560094
0,prepared,2,float,lookupApply,2,8191,38.166127457,39.925299109,49.995421804,13.5411885,13.9977566845,15.58613875,2.8522641169502605
0,prepared,2,float,prepared,0,8191,19.155170309,19.627105970000002,20.561439385,0.806945123,0.808616164,5.465503296,24.27246305949432
0,prepared,2,float,prepared,1,8191,19.173483091,20.129944451,21.352704188,0.806357588,0.8084864485000001,0.843479123,24.898307805093655
0,prepared,2,float,prepared,2,8191,19.156696374,20.13833781,22.428580149,0.807525027,0.8156932914999999,1.153583201,24.688615218309664
0,prepared,2,float,vienot,0,8191,8.648211452,8.770296667,9.030490783,0.8075937,0.81063057,3.207430411,10.81910427705681
0,prepared,2,float,vienot,1,8191,8.649737517,8.8710169695,9.20904041,0.80851697,0.8317474970000001,1.217540593,10.665516880419297
0,inline,2,double,brettel,0,8191,42.632157246,44.94452753,53.464167989,4.819771701,5.2533420825,17.45459956,8.55541611876367
0,inline,2,double,brettel,1,8191,42.690147723,43.687431327,47.353039922,4.817772555,4.850491393,6.422857404,9.006805246587517
0,inline,2,double,brettel,2,8191,43.757630326,44.055213038999995,46.919637407,4.51053748,4.8679457635,6.783787083,9.050062424550264
0,inline,2,double,lookup,0,8191,42.831308754,44.272677328499995,46.802130387,7.490858869,8.172071481,11.091884385,5.417558746449246
0,inline,2,double,lookup,1,8191,42.832834819,44.318459284499994,46.873855451,7.312843365,8.178862470999999,9.069664876,5.418658088657327
0,inline,2,double,lookup,2,8191,42.866408253,45.011674399,91.877518008,7.845562202,8.0571931085,10.641679893,5.586520490803997
0,inline,2,double,lookupApply,0,8191,56.063057014,58.8240904655,61.262361128,12.371215358,13.2025317425,17.377617202,4.455515927762595
0,inline,2,double,lookupApply,1,8191,55.966151874,58.5814460995,59.965205714,12.40472775,13.1614157305,16.986288304,4.450998836222803
0,inline,2,double,lookupApply,2,8191,56.198113783,58.726803809,61.06320962,12.84621078,12.984502808,17.019709132,4.522838084552402
0,inline,2,double,prepared,0,8191,25.378464168,26.149508607,28.969295568,1.304884935,1.310535191,1.419362715,19.953305173779192
0,inline,2,double,prepared,1,8191,25.361677451,25.919454279,29.659077036,1.308677207,1.4189735685,2.113707118,18.26634044099885
0,inline,2,double,prepared,2,8191,26.001098767,26.213603345000003,28.806006593,1.272387376,1.292771792,3.391504395,20.27705392956161
0,inline,2,double,vienot,0,8191,18.186881944,18.652331828,20.825448663,1.412312294,1.4229375229999999,1.473507508,13.108328037252836
0,inline,2,double,vienot,1,8191,18.186881944,18.2391496765,21.883774875,1.412907459,1.423879868,2.179129532,12.80947226406041
0,inline,2,float,brettel,0,8191,34.512727384,35.162831155999996,45.283695519,2.265283543,2.3186271515000003,3.112997497,15.16536677026832
0,inline,2,float,brettel,1,8191,34.62031498,34.898440361,41.682181663,2.26825174,2.3196458005,4.132325113,15.04472810179797
0,inline,2,float,brettel,2,8191,34.552405079,35.571053595500004,38.218776706,2.264581553,2.3319611465000003,2.696320657,15.25370765670259
0,inline,2,float,lookup,0,8191,29.690361372,30.652926993,38.38740691,5.916333476,6.096680044999999,7.607808876,5.027806407216504
0,inline,2,float,lookup,1,8191,29.687309242,30.697945916000002,33.074410939,5.916814186,6.1189300755,7.405521304,5.016881307226176
0,inline,2,float,lookup,2,8191,29.704858992,30.081415577999998,38.866591381,5.956270602,6.163880326,15.466830973,4.8802724885999025
0,inline,2,float,lookupApply,0,8191,39.321358808,40.57654743,98.400683677,13.4707377,13.831095104500001,15.474621536,2.93371906732087
0,inline,2,float,lookupApply,1,8191,39.396136003,41.162937980500004,78.82584544,12.859876694,13.798639513000001,15.314178672,2.983115686276136
0,inline,2,float,lookupApply,2,8191,39.410633622,40.49719204,43.859113661,12.705187096,13.784088481,16.141229703,2.9379666341972026
0,inline,2,float,prepared,0,8191,19.629776584,20.1886979615,23.496062752,0.784664571,0.8042706935,0.829660603,25.101869463430848
0,inline,2,float,prepared,1,8191,19.612226834,19.805274081,23.661640825,0.792752716,0.805174887,1.04002106,24.597481119651466
0,inline,2,float,prepared,2,8191,19.612226834,20.274539128,21.787632768,0.785473385,0.8031719264999999,0.898539556,25.24308738771636
0,inline,2,float,vienot,0,8191,13.870406544,14.035984617,16.806555976,0.795453852,0.8061668289999999,1.232984373,17.410769225534583
0,inline,2,float,vienot,1,8191,13.867354413,13.923055793,16.42580271,0.785213954,0.8059760715,0.855763948,17.274775623410058
0,bv_direct,2,double,brettel,0,8191,16.747039434,16.8111341715,19.256653644,4.705507569,4.819187981,5.785656513,3.488374854390226
0,bv_direct,2,double,brettel,1,8191,16.814949335,16.9091838605,17.465053107,4.759240325,4.850632554000001,6.749908436,3.485975008879223
0,bv_direct,2,double,brettel,2,8191,16.97518618,17.321602978999998,21.530490783,4.70715572,4.842330759499999,6.937149005,3.5771209855950774
0,bv_direct,2,double,lookup,0,8191,42.062171896,42.4730649495,45.730069589,7.99555915,8.170652239999999,9.390253022,5.198246566115021
0,bv_direct,2,double,lookup,1,8191,42.084299841,43.4653888415,102.843059455,7.443749237,8.1733686365,8.669492431,5.31792835666259
0,bv_direct,2,double,lookup,2,8191,42.097271395,43.396715908000004,84.511964351,7.955667806,8.115156879499999,8.8125,5.347612689734449
0,bv_direct,2,double,lookupApply,0,8191,54.044072763,55.386628617,57.422018069,12.429610243,13.1765390365,15.704218044,4.203427657564319
0,bv_direct,2,double,lookupApply,1,8191,54.133347577,55.059669149,59.154102063,12.377624832,12.863813942,15.777995666,4.280197878891243
0,bv_direct,2,double,lookupApply,2,8191,54.408802344,55.7368605785,59.230405323,12.682128251,13.169526767,14.018114394,4.2322599410454576
0,bv_direct,2,double,prepared,0,8191,24.770327188,25.2704950555,26.051458918,1.262116958,1.297212642,1.375129716,19.48061114833014
0,bv_direct,2,double,prepared,1,8191,24.786350873,25.359006837,29.834574533,1.261620986,1.2968692769999999,1.432914174,19.554019272984906
0,bv_direct,2,double,prepared,2,8191,24.770327188,25.391054206,27.472225613,1.25795843,1.2981092049999998,1.444313881,19.560029393674935
0,bv_direct,2,double,vienot,0,8191,5.367934318,5.398074106,5.858564278,1.382691369,1.4354512575,2.542172812,3.760541556389281
0,bv_direct,2,double,vienot,1,8191,5.368697351,5.3912068125,5.857038213,1.37875412,1.407554786,1.53206263,3.830193230219318
0,bv_direct,2,float,brettel,0,8191,14.815040899,15.336192162,19.805274081,2.26592449,2.339492278,2.587939507,6.555350622961107
0,bv_direct,2,float,brettel,1,8191,14.439628861,14.803213893,18.172384324,2.265619277,2.3185699245,2.466838603,6.384631205889689
0,bv_direct,2,float,brettel,2,8191,14.104657551,14.4659534855,15.354504944,2.27645434,2.320336345,3.559821756,6.234420934995957
0,bv_direct,2,float,lookup,0,8191,28.361158589,29.3912525945,34.616499817,5.931395739,6.082209132,8.160084239,4.832331798633063
0,bv_direct,2,float,lookup,1,8191,27.645434013,28.675528018500003,33.228543523,5.93140337,6.081270602,7.647066903,4.715384316078491
0,bv_direct,2,float,lookup,2,8191,28.262727384,28.401599316000002,31.221767794,5.890115676,6.060523745499999,6.792447503,4.686327536805458
0,bv_direct,2,float,lookupApply,0,8191,38.098980588,39.0707026005,43.160938835,13.266397571,13.804568276,16.770289037,2.8302734152451956
0,bv_direct,2,float,lookupApply,1,8191,38.104321817,39.036747649999995,41.711176901,13.477925467,13.820130326000001,16.018877426,2.8246294882299066
0,bv_direct,2,float,lookupApply,2,8191,38.101269686,38.179480527500004,40.234708827,13.451112502,13.812992156,15.351170492,2.7640268014570504
0,bv_direct,2,float,prepared,0,8191,19.210871688,19.768267,25.557013796,0.78978452,0.809409718,1.150782871,24.42306604477907
0,bv_direct,2,float,prepared,1,8191,19.154407276,19.633591747,20.613325601,0.789700586,0.806441521,0.858053046,24.345958430629963
0,bv_direct,2,float,prepared,2,8191,18.719478696,19.1582224395,24.709284581,0.790150775,0.804282139,0.859594372,23.820275883933313
0,bv_direct,2,float,vienot,0,8191,4.778873153,4.916219021,5.465602491,0.790784092,0.807372421,1.09853803,6.089158971903996
0,bv_direct,2,float,vienot,1,8191,4.668233427,4.7433921375,4.80710536,0.79048651,0.8049459775,0.851445184,5.892808051829789
0,bv_split,2,double,brettel,0,8191,8.931296545,9.1560096445,10.979276035,4.508996154,4.860338328999999,6.159038884,1.883821459479308
0,bv_split,2,double,brettel,1,8191,8.970211207,9.185767916,9.774447564,4.705828043,4.8202218895,5.820397387,1.9056732504388583
0,bv_split,2,double,brettel,2,8191,8.961054816,9.3696587715,10.855664754,4.705980649,4.8465388845,5.425741668,1.9332680485584577
0,bv_split,2,double,lookup,0,8191,42.843517275,45.617903797,75.11445489,7.990217922,8.153476376499999,9.668737028,5.5949023079873275
0,bv_split,2,double,lookup,1,8191,42.751190331,45.437828104000005,49.146929557,7.983091198,8.162545019,9.570069283,5.566625114867254
0,bv_split,2,double,lookup,2,8191,42.590190453,45.844524478,48.36024295,7.509019045,8.1526103345,9.723339641,5.623293963161266
0,bv_split,2,double,lookupApply,0,8191,56.471279453,58.0057380055,61.63014284,12.162411488,13.1767221645,15.283733671,4.402137138610684
0,bv_split,2,double,lookupApply,1,8191,55.908924429,58.7485502385,60.474911488,12.840220974,13.211821663999999,14.936424124,4.4466653980487765
0,bv_split,2,double,lookupApply,2,8191,56.307990477,58.8210383345,61.084574533,12.374961848,12.968547796,14.755799048,4.535668855123677
0,bv_split,2,double,prepared,0,8191,25.366255646,26.0300940055,29.144793066,1.275790502,1.3207102305,1.960413869,19.70916360331775
0,bv_split,2,double,prepared,1,8191,25.365492614,26.1350109875,32.449487242,1.275111403,1.30559074,1.599774142,20.017766813741343
0,bv_split,2,double,prepared,2,8191,25.413563667,26.2387834205,67.141527286,1.27527927,1.301832804,1.381272128,20.15526367124791
0,bv_split,2,double,vienot,0,8191,5.535038457,5.6750549385,7.025241118,1.383271273,1.4146280980000001,1.823418996,4.011693919075541
0,bv_split,2,double,vienot,1,8191,5.49764986,6.183234648,17.631394213,1.386346295,1.411804877,1.464137468,4.379666587594597
0,bv_split,2,float,brettel,0,8191,9.127395922,9.289540349,9.628708338,2.267046148,2.3288136369999997,3.46957026,3.9889582409723756
0,bv_split,2,float,brettel,1,8191,9.206751312,9.4928885365,11.291356367,2.265291173,2.2913563669999997,2.876754975,4.142912326173313
0,bv_split,2,float,brettel,2,8191,9.200647052,9.3189171045,12.315346112,2.216121353,2.319779331,2.430052802,4.017156709678435
0,bv_split,2,float,lookup,0,8191,28.493163228,29.459544012000002,32.900439507,5.932631852,6.107702051,6.357656269,4.823343340262752
0,bv_split,2,float,lookup,1,8191,28.484006837,28.745727017500002,33.740538396,5.955187096,6.127544714,7.132065682,4.691230885973426
0,bv_split,2,float,lookup,2,8191,28.503845684,29.375228909500002,31.745971188,5.793141863,6.075998047,7.373931754,4.8346343567381345
0,bv_split,2,float,lookupApply,0,8191,38.533146136,38.9676932,44.516084727,12.403346661,13.78042211,16.511682029,2.827757588914669
0,bv_split,2,float,lookupApply,1,8191,38.554511049,39.755142839499996,42.072854352,13.274478086,13.783241515,17.256287389,2.8843101092174392
0,bv_split,2,float,lookupApply,2,8191,38.547643755,39.916142717499994,43.250213649,12.379868148,13.801836619500001,14.866377732,2.8920892065266335
0,bv_split,2,float,prepared,0,8191,19.611463802,19.8911152485,23.094707606,0.792104139,0.806250763,1.583445245,24.671127348130028
0,bv_split,2,float,prepared,1,8191,19.641222073,20.2092998415,22.526248321,0.789021487,0.805174887,0.831041692,25.099267460759737
0,bv_split,2,float,prepared,2,8191,19.614515932,19.796117690000003,22.75210597,0.786640825,0.8130493835,1.379784214,24.34798930020959
0,bv_split,2,float,vienot,0,8191,4.778873153,5.0348705895000005,6.274417043,0.791943902,0.8074410935,1.071015444,6.235588738338099
0,bv_split,2,float,vienot,1,8191,4.779636186,4.9028659505,6.320962031,0.790097363,0.8103139115,1.387788426,6.050576055672222
0,ma_fixed,2,double,brettel,0,8191,26.118605787,26.247176779500002,28.15590282,4.615759675,4.8629822365,5.824342266,5.397341693435981
0,ma_fixed,2,double,brettel,1,8191,26.455866195,27.2368300575,31.015748993,4.81811592,4.8844310825,6.471355756,5.576254347222638
0,ma_fixed,2,double,brettel,2,8191,26.056037114,26.921697595,33.205652545,4.818382981,4.843322702,6.434730192,5.558518242834194
0,ma_fixed,2,double,lookup,0,8191,43.621810524,45.1375747775,52.057135881,8.156963435,8.170698022,9.840724576,5.524322971668381
0,ma_fixed,2,double,lookup,1,8191,43.580606764,43.9079477475,108.879410328,7.823098523,8.191402911499999,9.452508851,5.360247593956972
0,ma_fixed,2,double,lookup,2,8191,44.626724454,45.547704798,55.533512392,7.980214565,8.675653919,11.435897632,5.250060136475575
0,ma_fixed,2,double,lookupApply,0,8191,69.125412038,69.6339732635,73.746337444,12.370017397,13.200097668,17.60229215,5.275261972667701
0,ma_fixed,2,double,lookupApply,1,8191,67.646654865,69.13533146149999,82.621932609,12.465762727,13.203001007000001,18.306082896,5.236334635197379
0,ma_fixed,2,double,lookupApply,2,8191,69.229947503,70.5370223415,76.967098034,12.657749359,13.230363356000002,17.54096722,5.331450122986327
0,ma_fixed,2,double,prepared,0,8191,24.771090221,25.2678244415,27.182273227,1.300154133,1.6259728665000002,2.423147357,15.540126752478004
0,ma_fixed,2,double,prepared,1,8191,24.775668417,25.3086466855,30.467128556,1.299978635,1.3115118730000002,1.337206995,19.297306571543327
0,ma_fixed,2,double,prepared,2,8191,24.769564156,25.78020083,31.47051642,1.300764559,1.311126541,1.336459224,19.662633638960102
0,ma_fixed,2,double,vienot,0,8191,22.906238555,23.081354535499997,28.251281895,1.415875656,1.4166081675,1.458529178,16.293393660318564
0,ma_fixed,2,double,vienot,1,8191,23.370925406,23.817299475,28.443566109,1.413372909,1.4178213894999998,1.512071176,16.79851894701579
0,ma_fixed,2,float,brettel,0,8191,35.286442437,175.511613356,183.338420217,2.210307044,2.2722614759999997,2.957247284,77.2409404506403
0,ma_fixed,2,float,brettel,1,8191,32.072549139,175.8599377365,256.36750702,2.210024722,2.380688408,3.824182029,73.869363645215
0,ma_fixed,2,float,brettel,2,8191,32.653979978,171.7449029425,183.167500916,2.210261262,2.2625518865,2.786183006,75.90760855795295
0,ma_fixed,2,float,lookup,0,8191,28.951745819,29.3439445735,36.849133195,5.780361067,5.977067055,6.506272128,4.909422013084643
0,ma_fixed,2,float,lookup,1,8191,28.94335246,31.092815285,76.638994018,5.630524356,5.9841136615,8.373672323,5.195893167110425
0,ma_fixed,2,float,lookup,2,8191,28.265779514,28.2932486875,33.720699548,5.794019351,6.1327600415,8.984602002,4.613460904395635
0,ma_fixed,2,float,lookupApply,0,8191,48.831797094,50.497115737,55.750976682,13.14395373,14.9943917105,43.765886339,3.3677335307732954
0,ma_fixed,2,float,lookupApply,1,8191,48.876052985,51.241454035000004,58.3216335,13.14232847,13.539994354000001,18.000633317,3.784451654506207
0,ma_fixed,2,float,lookupApply,2,8191,47.688011232,48.2877548525,53.533603956,13.145197473,13.5510430655,16.99249939,3.5633976380340213
0,ma_fixed,2,float,prepared,0,8191,19.609937737,20.128418386,22.812385545,0.768305152,0.7849964899999999,5.505905872,25.641411958415254
0,ma_fixed,2,float,prepared,1,8191,19.612226834,19.7739897445,23.541844708,0.771624344,0.7876022460000001,2.141183921,25.106568505773406
0,ma_fixed,2,float,prepared,2,8191,19.154407276,19.1738646075,22.110395556,0.767885484,0.7918027409999999,1.60277286,24.21545621739645
0,ma_fixed,2,float,vienot,0,8191,20.573647906,20.779285191,27.003723599,0.767809181,1.1307761570000001,5.9597424,18.37612604613841
0,ma_fixed,2,float,vienot,1,8191,21.284031254,21.433585643,28.609907215,0.768213588,0.7881363690000001,0.99227048,27.195275444775216
0,ma_bounded,2,double,brettel,0,8191,26.724453669,26.9915150775,31.504089855,4.704088329,4.8222057745,5.683700098,5.597337886373932
0,ma_bounded,2,double,brettel,1,8191,27.574471981,28.482862287499998,31.118758393,4.592838176,4.65613173,5.925016787,6.1172801671356485
0,ma_bounded,2,double,brettel,2,8191,27.360822854,28.3466609695,70.343975095,4.399966427,4.8322968804999995,5.482091625,5.8660843219067615
0,ma_bounded,2,double,lookup,0,8191,44.146013918,45.1009492125,47.791020632,7.968433341,8.12629334,8.67299475,5.550002605800592
0,ma_bounded,2,double,lookup,1,8191,44.081156147,45.4431693325,50.841624954,7.147494201,8.140634538,8.447358381,5.582263780590318
0,ma_bounded,2,double,lookup,2,8191,43.771364913,45.3222286655,48.885209376,7.793729398,7.957682212,8.388452265,5.6954057045850774
0,ma_bounded,2,double,lookupApply,0,8191,68.419606886,70.5236692715,73.28393969,12.10183433,13.090896258,14.348034428,5.387230017074053
0,ma_bounded,2,double,lookupApply,1,8191,68.51193383,70.693444024,72.370589672,12.16198419,13.1613623185,36.988852094,5.3712862174329175
0,ma_bounded,2,double,lookupApply,2,8191,68.272341594,70.39891344150001,72.568978147,12.371360335,12.795316506,13.827409657,5.501928256990629
0,ma_bounded,2,double,prepared,0,8191,25.363203516,25.576471126999998,29.103589305,1.283451349,1.3040799355,1.566971371,19.61265596590417
0,ma_bounded,2,double,prepared,1,8191,25.366255646,26.0209376145,29.017366622,1.252136491,1.2921689965,8.314483885,20.137410574763003
0,ma_bounded,2,double,prepared,2,8191,25.387620559,26.2281009645,29.120376022,1.25959132,1.3035381825,1.876014833,20.120700196290567
0,ma_bounded,2,double,vienot,0,8191,23.451043829,23.934806494500002,26.735136125,1.386827005,1.4167416985,1.83052283,16.894262743760134
0,ma_bounded,2,double,vienot,1,8191,23.927939202,24.6554907825,26.426107923,1.351658833,1.4180159625,1.529086803,17.387315400195998
0,ma_bounded,2,float,brettel,0,8191,32.937065071,176.999908436,181.715449884,2.262139849,2.2697892505,3.04540807,77.98076777260691
0,ma_bounded,2,float,brettel,1,8191,32.5280796,176.84692040049998,237.999786351,2.260133073,2.2652301305,2.668988829,78.07017839792944
0,ma_bounded,2,float,brettel,2,8191,32.998870712,175.46812049800002,248.151172018,2.213397326,2.2851758025,4.207666952,76.78539231250241
0,ma_bounded,2,float,lookup,0,8191,29.436271518,30.369460383,34.342571115,5.917210963,5.9658390305,7.501846539,5.090559806883479
0,ma_bounded,2,float,lookup,1,8191,29.469081919,30.267214015,32.602856794,5.764444207,5.9363974175,7.063095165,5.098582841804829
0,ma_bounded,2,float,lookup,2,8191,29.427878159,29.6514467095,32.679923086,5.917722195,5.9584490595,6.131630753,4.976369926705085
0,ma_bounded,2,float,lookupApply,0,8191,48.337351972,50.059898058499996,55.038304236,13.421987547,13.598526584,16.056426261,3.6812736842681453
0,ma_bounded,2,float,lookupApply,1,8191,48.322854352,49.851208643999996,52.920125748,12.400935478,13.629372177,18.362936455,3.657630593441824
0,ma_bounded,2,float,lookupApply,2,8191,48.341167135,49.673040532,53.368788915,12.379021182,13.096164997999999,15.298673849,3.792945533259996
0,ma_bounded,2,float,prepared,0,8191,19.618331095,20.252411183,22.82840923,0.782573862,0.785671774,0.821648761,25.77719074708671
0,ma_bounded,2,float,prepared,1,8191,19.621383225,19.812522891,22.561347821,0.782901966,0.7855725794999999,0.858823709,25.220486824540448
0,ma_bounded,2,float,prepared,2,8191,19.614515932,19.7430869245,23.280124527,0.782909596,0.7850117505,0.806220242,25.150052737331603
0,ma_bounded,2,float,vienot,0,8191,20.58356733,21.109296789,27.587443536,0.783809974,0.808261354,1.296087169,26.116919588611186
0,ma_bounded,2,float,vienot,1,8191,21.29166158,21.8566872175,29.166921011,0.784298315,0.786560707,0.831438469,27.787667274739672
0,ma_direct,2,double,brettel,0,8191,26.359724087,26.906436943,71.818917104,4.817963313,4.860307807,5.703836528,5.535953279388669
0,ma_direct,2,double,brettel,1,8191,27.885789281,28.582819558,31.477383714,4.821145159,7.4272829934999995,14.723560921,3.8483547190829146
0,ma_direct,2,double,brettel,2,8191,28.160481016,28.478284092,30.582346478,4.666882859,4.8488394275,5.245635454,5.873216574359329
0,ma_direct,2,double,lookup,0,8191,24.048498352,24.8000854595,27.772097424,8.154941399,8.201383378,8.995635454,3.0238905214485636
0,ma_direct,2,double,lookup,1,8191,24.410938835,24.961466854,27.625595165,7.484693566,8.2117720665,9.26239928,3.0397174509787646
0,ma_direct,2,double,lookup,2,8191,24.130905872,25.297964229,27.076211696,7.583704676,8.215045477,9.50866805,3.079467338291401
0,ma_direct,2,double,lookupApply,0,8191,48.589915761,51.0186485165,53.609907215,13.00328104,13.194191796,14.378563362,3.86675056004317
0,ma_direct,2,double,lookupApply,1,8191,48.239683799,50.3239073375,54.126480283,12.455332072,13.285267366500001,14.341739409,3.7879484054943653
0,ma_direct,2,double,lookupApply,2,8191,48.387712123,50.0633317055,52.708002686,12.931571237,13.2857938595,14.638513307,3.76818519351798
0,ma_direct,2,double,prepared,0,8191,25.363203516,26.033146136,27.572945916,1.305861616,1.3178603039999999,1.429388963,19.75410144533802
0,ma_direct,2,double,prepared,1,8191,25.362440483,25.99461299,30.3862471,1.306143938,1.309596661,1.338565194,19.84932747931006
0,ma_direct,2,double,prepared,2,8191,25.981259919,26.223522769,28.871627396,1.304747589,1.308703913,1.336123489,20.037781280019754
0,ma_direct,2,double,vienot,0,8191,23.451043829,24.0492613845,27.878921988,1.416753144,1.420606458,1.508858808,16.928869532493707
0,ma_direct,2,double,vienot,1,8191,23.931754365,24.6638841415,27.226529117,1.417943475,1.4199311744999998,3.734220486,17.36977438373722
0,ma_direct,2,float,brettel,0,8191,31.922231718,166.30829569050002,173.49835185,2.283588695,2.304911641,3.249427726,72.15387034027307
0,ma_direct,2,float,brettel,1,8191,31.059241851,168.267763399,171.538121109,2.31625412,2.3316826395,2.386369186,72.16580873762602
0,ma_direct,2,float,brettel,2,8191,30.323678428,170.319939568,180.801336833,2.31648303,2.3194207055,2.610235319,73.43210275053742
0,ma_direct,2,float,lookup,0,8191,22.697930656,22.805518251499997,28.174215602,6.076524539,6.130966915,7.226811439,3.719726197788493
0,ma_direct,2,float,lookup,1,8191,22.172201196,23.2885178855,27.120467586,6.075776767,6.118506593,7.390031742,3.8062421820618275
0,ma_direct,2,float,lookup,2,8191,23.239683799,23.5468044195,28.162770114,6.07489928,6.100663075,6.604558357,3.859712318156498
0,ma_direct,2,float,lookupApply,0,8191,41.238859724,41.6066414355,50.197625443,12.68421896,13.566147296,15.400782871,3.066946018474072
0,ma_direct,2,float,lookupApply,1,8191,40.204950555,41.508591747,88.031070687,12.863943658,13.85194497,14.682868392,2.9965894202509236
0,ma_direct,2,float,lookupApply,2,8191,41.198418996,42.608503235499995,56.19124649,13.470829264,13.8508080515,14.687850995,3.076246748714825
0,ma_direct,2,float,prepared,0,8191,19.154407276,19.1753906725,19.557288487,0.785786229,0.8142397145,0.861715602,23.550055752653908
0,ma_direct,2,float,prepared,1,8191,19.155170309,19.174246124,22.800940056,0.802473752,0.8130112315,1.17790868,23.584232764685982
0,ma_direct,2,float,prepared,2,8191,19.155170309,19.4634354775,22.410267367,0.803091808,0.8053046025,0.853085704,24.169035439605597
0,ma_direct,2,float,vienot,0,8191,19.650378464,21.034901111,27.144884629,0.796598401,0.8279132585,1.692635209,25.407131598678223
0,ma_direct,2,float,vienot,1,8191,20.789586131,20.858640581499998,27.894182639,0.803465694,0.806788701,0.929961238,25.85390766584372
0,default,0,double,brettel,0,65536,26.31521225,28.195714950499998,39.07661438,4.575640678,4.795963764,5.872706413,5.879050872349334
0,default,0,double,brettel,1,65536,28.130435944,28.6546230315,37.467193604,4.573433876,4.773658752499999,6.46991539,6.002654256861861
0,default,0,double,brettel,2,65536,28.018093109,29.184150696,30.101108551,4.788760185,4.7979445455,5.215782166,6.082636099529717
0,default,0,double,lookup,0,65536,44.23789978,45.00336647,48.45457077,7.559979439,8.173113823,9.683507919,5.506269390664279
0,default,0,double,lookup,1,65536,42.20790863,44.162654876999994,45.571994781,7.628811836,7.962205409999999,8.310729027,5.546535488965739
0,default,0,double,lookup,2,65536,44.264030457,47.2031116485,56.245517731,7.609861374,8.116721153,8.90927887,5.815539398079898
0,default,0,double,lookupApply,0,65536,55.280399323,57.7469825745,65.109348297,12.501330376,14.143716812000001,22.69071579,4.082871803931025
0,default,0,double,lookupApply,1,65536,55.445480347,58.652734756499996,67.287540436,11.70588398,13.352011680499999,14.299126625,4.3928013366075485
0,default,0,double,lookupApply,2,65536,54.997730255,58.6815834045,62.512874603,12.407173157,12.9378204345,13.550718307,4.535662223910578
0,default,0,double,prepared,0,65536,24.887657166,26.171779632499998,26.740169525,1.361455917,1.4273166655,2.451438904,18.336351186183215
0,default,0,double,prepared,1,65536,26.25837326,26.576471329,27.600193024,1.361534119,1.423793793,2.489696503,18.665955322787394
0,default,0,double,prepared,2,65536,24.995326996,26.205444336,35.432243347,1.39037323,1.4269108775,2.142337799,18.36515843365978
0,default,0,double,vienot,0,65536,23.211479187,24.0636348725,26.562786102,1.356748581,1.4176397325,2.519327164,16.974435973280677
0,default,0,double,vienot,1,65536,24.370002747,25.022506714000002,34.315013885,1.354054451,1.4151453969999999,2.479009628,17.681933437402126
0,default,0,float,brettel,0,65536,31.796646118,176.1548042295,186.459255219,2.321495056,2.4018526075,3.387671471,73.34122155516157
0,default,0,float,brettel,1,65536,31.534767151,174.9836921695,189.360046387,2.318969727,2.3991050720000002,3.441650391,72.93706899782669
0,default,0,float,brettel,2,65536,32.121753693,173.532342911,190.014362335,2.218855858,2.3243794445,3.561829567,74.65749334585462
0,default,0,float,lookup,0,65536,28.453350067,29.80761528,30.62915802,5.955889702,6.136682987,7.696361542,4.8572845205047575
0,default,0,float,lookup,1,65536,29.452323914,30.069065094,31.093025208,5.810587883,6.142208576,7.593255997,4.895480953136555
0,default,0,float,lookup,2,65536,28.476333618,30.7524204255,38.694000244,5.655400276,5.9096860885,7.431689262,5.203731630575592
0,default,0,float,lookupApply,0,65536,39.577102661,40.794849395499995,43.436717987,13.336361885,14.100994587,14.740335464,2.893047660135237
0,default,0,float,lookupApply,1,65536,38.160324097,40.3163433075,49.157810211,13.550947189,14.3594670295,14.927207947,2.807649004289251
0,default,0,float,lookupApply,2,65536,38.145065308,41.112947464,42.188072205,12.54297924,13.695553303,14.595011711,3.00191942263437
0,default,0,float,prepared,0,65536,18.895721436,20.2641010285,21.614646912,0.87319088,0.8869047165,1.020236015,22.848115081029675
0,default,0,float,prepared,1,65536,18.897724152,20.205068588499998,28.146743774,0.846137047,0.8588094715000001,0.967000961,23.526834832421844
0,default,0,float,prepared,2,65536,20.005512238,20.4135894775,20.900154114,0.811831474,0.8463010785,1.388113022,24.12095410971404
0,default,0,float,vienot,0,65536,21.083259583,21.435594559000002,31.011772156,0.8412323,0.8835029605,1.335651398,24.262051761398713
0,default,0,float,vienot,1,65536,21.530246735,21.8926429745,22.784519196,0.846999168,0.8979525564999999,1.378820419,24.380623247883143
0,prepared,0,double,brettel,0,65536,37.451553345,38.757801055499996,40.496253967,4.583260536,4.729141235,5.477939606,8.195526233950591
0,prepared,0,double,brettel,1,65536,35.770988464,36.646986007500004,38.529014587,4.58364296,4.792098999,5.583475113,7.647376653768501
0,prepared,0,double,brettel,2,65536,37.65335083,38.057136536,47.200870514,4.553774834,4.722149849,5.345331192,8.059281842582628
0,prepared,0,double,lookup,0,65536,42.99249649,45.8560466765,56.852340698,7.417905807,7.942650795,8.770133972,5.773393273863553
0,prepared,0,double,lookup,1,65536,44.053840637,44.859409332,45.433139801,7.423957825,8.175080776,9.654973984,5.487335301162534
0,prepared,0,double,lookup,2,65536,42.36869812,43.9339160915,53.555679321,7.432315826,8.194632053500001,12.519427299,5.3613043031914325
0,prepared,0,double,lookupApply,0,65536,55.642414093,59.903049469,61.432361603,11.61160183,12.5753669735,13.51714325,4.763522972747703
0,prepared,0,double,lookupApply,1,65536,56.756305695,58.4415912625,66.673660278,11.716166496,12.6286797525,13.765357018,4.627688120045231
0,prepared,0,double,lookupApply,2,65536,54.479217529,58.113193511999995,71.928310394,11.62101078,12.6195001605,13.609099388,4.6050313223893555
0,prepared,0,double,prepared,0,65536,25.810623169,27.1687030795,37.164974213,1.398162842,1.4343309400000002,2.031915665,18.94172559611661
0,prepared,0,double,prepared,1,65536,25.047683716,26.0526180265,27.71320343,1.402621269,1.4366669655000002,1.844408989,18.134069100303257
0,prepared,0,double,prepared,2,65536,26.098060608,26.407337189,26.96056366,1.397859573,1.4311413765,1.885024071,18.451941661823653
0,prepared,0,double,vienot,0,65536,11.843013763,12.4998569485,12.95003891,1.38712883,1.4332814215,1.8637743,8.721146287808768
0,prepared,0,double,vienot,1,65536,11.192703247,11.453723907499999,11.544036865,1.395533562,1.4363055230000001,1.809540749,7.97443421618034
0,prepared,0,float,brettel,0,65536,28.488922119,30.207681656,36.799240112,2.28032589,2.321407318,2.603199959,13.012658925373474
0,prepared,0,float,brettel,1,65536,30.182170868,30.653619766,39.882469177,2.210268974,2.3351278305000003,2.548707962,13.127169898633092
0,prepared,0,float,brettel,2,65536,29.113960266,30.232858657999998,33.006763458,2.213767052,2.2914500235,2.65392971,13.193767417114257
0,prepared,0,float,lookup,0,65536,29.310035706,29.877710342500002,30.321407318,5.552799225,5.8425254825,6.34205246,5.113834835978398
0,prepared,0,float,lookup,1,65536,27.742958069,30.6314468385,40.861701965,5.549026489,5.91587162,6.448195457,5.177841712275021
0,prepared,0,float,lookup,2,65536,29.349040985,30.5045604705,33.042907715,5.534744263,5.9078297615,6.356051445,5.163412234606246
0,prepared,0,float,lookupApply,0,65536,39.581108093,40.288162231499996,43.257427216,12.444906235,13.1509861945,13.868603706,3.063508822505592
0,prepared,0,float,lookupApply,1,65536,37.471961975,40.579366684,42.660045624,11.691736221,13.4475359915,22.189484596,3.0176061034266537
0,prepared,0,float,lookupApply,2,65536,37.52450943,39.885234832500004,49.214935303,12.345910072,13.5624885555,18.447628021,2.940849289515185
0,prepared,0,float,prepared,0,65536,19.129276276,20.077323914,22.387886047,0.843502998,0.8901777264999999,1.031611443,22.554286988217516
0,prepared,0,float,prepared,1,65536,19.912528992,20.636224746499998,21.387672424,0.805231094,0.8677620884999999,0.979868889,23.780970636976612
0,prepared,0,float,prepared,2,65536,19.353294373,20.049571991,21.064186096,0.804976463,0.8371725084999999,0.85943222,23.94915239981271
0,prepared,0,float,vienot,0,65536,8.572864532,9.1638088225,16.067314148,0.845118523,0.8931570055,1.075415611,10.260020092850294
0,prepared,0,float,vienot,1,65536,8.865261078,9.362125397,10.313034058,0.805821419,0.865717411,0.99473381,10.814297226834912
0,inline,0,double,brettel,0,65536,41.960811615,43.189048767,51.470088959,4.583187103,4.9223661419999996,12.299612045,8.774042304267095
0,inline,0,double,brettel,1,65536,42.090415955,43.269920349,53.152751923,4.845625877,5.1276884075,8.644198418,8.438484734312516
0,inline,0,double,brettel,2,65536,42.02041626,43.385028839,53.91960144,4.619750023,5.1026353835,8.654499054,8.502474815130007
0,inline,0,double,lookup,0,65536,41.823863983,43.166875839,44.277858734,8.150127411,9.087623119,12.287244797,4.750073289103353
0,inline,0,double,lookup,1,65536,41.717147827,43.35231781,50.634384155,8.04087925,8.735091686,14.570518494,4.963006613826629
0,inline,0,double,lookup,2,65536,42.007732391,44.5074081425,53.887462616,7.532082558,8.1655139925,9.023004532,5.450656037498671
0,inline,0,double,lookupApply,0,65536,54.919433594,57.0805072785,66.415977478,12.123106956,14.573266983,25.702105522,3.9167955507221217
0,inline,0,double,lookupApply,1,65536,54.760742188,55.0854206085,66.258525848,13.206716537,14.104115009000001,18.248160362,3.9056275826841564
0,inline,0,double,lookupApply,2,65536,54.581546783,57.0321559905,58.283233643,11.839567184,13.280321121,13.898299217,4.294486215421085
0,inline,0,double,prepared,0,65536,24.866962433,25.492191314499998,26.34935379,1.368013382,1.5730466845,5.685709,16.205616505655588
0,inline,0,double,prepared,1,65536,24.770927429,24.9178886415,25.955200195,1.432784081,1.483865738,3.256310463,16.792549354960578
0,inline,0,double,prepared,2,65536,24.822044373,25.884485245,34.970474243,1.361166,1.4434356689999999,4.110518456,17.93255203602704
0,inline,0,double,vienot,0,65536,17.766094208,17.867517471,26.746559143,1.360305786,1.4480485915,5.433006287,12.339031698163838
0,inline,0,double,vienot,1,65536,17.746829987,18.470001220999997,18.879318237,1.435728073,1.7037262915,3.148990631,10.840943943371668
0,inline,0,float,brettel,0,65536,33.834552765,35.414266586,39.803123474,2.252331734,2.343765259,6.529621124,15.109988703011147
0,inline,0,float,brettel,1,65536,33.758163452,35.237026215,37.499809265,2.263751984,2.3266978265000002,2.376502991,15.14465084965772
0,inline,0,float,brettel,2,65536,33.504009247,34.767341614,45.338153839,2.212516785,2.4169373514999997,3.769239426,14.384874970972126
0,inline,0,float,lookup,0,65536,28.340244293,29.0273189545,30.35736084,5.824054718,5.9549441335,6.158058167,4.874490558392407
0,inline,0,float,lookup,1,65536,28.332042694,29.443454742500002,30.56268692,5.824170113,6.221095085,8.819643974,4.73284113812898
0,inline,0,float,lookup,2,65536,28.338909149,29.083633423000002,30.871391296,5.824213028,6.024796486,7.47405529,4.827322132885736
0,inline,0,float,lookupApply,0,65536,37.458229065,38.5015964505,43.303394318,12.693318367,13.3490405085,13.991621971,2.8842220102623943
0,inline,0,float,lookupApply,1,65536,37.59059906,39.434528351,40.796470642,12.638422012,13.2719097135,17.990217209,2.9712776233617495
0,inline,0,float,lookupApply,2,65536,37.502002716,38.0464553835,41.128063202,12.78855896,13.870241642,15.457448006,2.7430275813142897
0,inline,0,float,prepared,0,65536,18.389511108,19.148111343,20.125102997,0.823027611,0.876074791,1.333732605,21.856708513599955
0,inline,0,float,prepared,1,65536,18.545913696,20.230960846000002,29.590606689,0.82519722,0.837592125,0.921152115,24.153714250835396
0,inline,0,float,prepared,2,65536,18.667507172,20.314264297500003,28.67307663,0.803655624,0.894320011,1.621437073,22.714759870781872
0,inline,0,float,vienot,0,65536,13.246154785,14.289188385,23.128986359,0.80525589,0.866669178,0.873176575,16.487477283979285
0,inline,0,float,vienot,1,65536,13.066768646,14.227294921999999,14.888381958,0.824052811,0.83867836,0.856340408,16.963946609997187
0,bv_direct,0,double,brettel,0,65536,18.708705902,19.031381607,19.421482086,4.571183205,4.830804347999999,5.819149017,3.939588572838637
0,bv_direct,0,double,brettel,1,65536,17.734718323,18.655061722,21.193122864,4.494763374,4.8382797239999995,5.239731789,3.8557220305933684
0,bv_direct,0,double,brettel,2,65536,18.668746948,18.818092346,28.12795639,4.794578552,4.99425745,5.670812607,3.7679459928522507
0,bv_direct,0,double,lookup,0,65536,42.279815674,44.5355415345,46.605873108,7.429607391,8.0045223235,8.939294815,5.563797530272451
0,bv_direct,0,double,lookup,1,65536,44.288539886,44.6077346805,54.596996307,7.74135685,8.3365712165,8.911204338,5.350849110748433
0,bv_direct,0,double,lookup,2,65536,42.80796051,44.6138381955,54.119205475,7.752886772,8.303833008000002,8.94118309,5.3726800806950905
0,bv_direct,0,double,lookupApply,0,65536,57.447719574,57.9637527465,67.213535309,11.90192318,12.954711437,13.692846298,4.474337620593347
0,bv_direct,0,double,lookupApply,1,65536,54.926013947,57.099103927499996,63.45539093,12.486574173,13.318869114,16.19090271,4.2870834932585105
0,bv_direct,0,double,lookupApply,2,65536,57.075691223,57.5729846955,66.543674469,12.770410538,13.323117256,22.143761635,4.3212848456747075
0,bv_direct,0,double,prepared,0,65536,26.168823242,26.672220230500002,35.797691345,1.391679764,1.4401235579999998,2.105892181,18.520785999460752
0,bv_direct,0,double,prepared,1,65536,25.305843353,25.632953643500002,34.81760025,1.394652367,1.437494755,1.916272163,17.831684988304534
0,bv_direct,0,double,prepared,2,65536,25.848388672,26.2559890745,26.607608795,1.428039551,1.4587407115,1.831503868,17.999078840749828
0,bv_direct,0,double,vienot,0,65536,5.517292023,5.8010578155,12.779140472,1.406949043,1.435839176,1.683197975,4.040186333166327
0,bv_direct,0,double,vienot,1,65536,5.374145508,5.447053908999999,5.882167816,1.352583885,1.4623041154999998,1.692146301,3.724980222145863
0,bv_direct,0,float,brettel,0,65536,16.050434113,16.601228714,25.706195831,2.212188721,2.2834477425,2.561982155,7.270246831146827
0,bv_direct,0,float,brettel,1,65536,16.361427307,17.147731780999997,27.563285828,2.263548851,2.266081333,2.34797287,7.567129886860067
0,bv_direct,0,float,brettel,2,65536,15.750026703,16.571378707999997,24.322414398,2.212132454,2.2640376095,2.386647224,7.319391974084606
0,bv_direct,0,float,lookup,0,65536,29.776191711,31.515645981,38.412284851,5.659742355,5.9537701604999995,6.229727745,5.293393115859431
0,bv_direct,0,float,lookup,1,65536,27.856731415,30.0365924835,50.199699402,5.525940895,5.7494478225,5.903036118,5.224256904455107
0,bv_direct,0,float,lookup,2,65536,29.882335663,30.2458286285,38.160133362,5.542239189,5.930128574499999,13.251924515,5.10036641676866
0,bv_direct,0,float,lookupApply,0,65536,40.164375305,41.3822174075,43.858909607,12.839580536,13.323139667500001,13.809607506,3.106040951326685
0,bv_direct,0,float,lookupApply,1,65536,37.627029419,39.583444595,43.66350174,12.682707787,13.140501976,19.419908524,3.0123236286784
0,bv_direct,0,float,lookupApply,2,65536,38.392829895,40.351486206,42.601490021,12.007275581,13.0263848305,13.628212929,3.097673432119168
0,bv_direct,0,float,prepared,0,65536,19.985961914,20.5885887145,21.287727356,0.824598312,0.8507790565,0.905622482,24.19968916395158
0,bv_direct,0,float,prepared,1,65536,18.957614899,20.886564255,21.471786499,0.823559761,0.8265872004999999,0.827773094,25.268434162016767
0,bv_direct,0,float,prepared,2,65536,19.200706482,20.102453232000002,20.576953888,0.80516243,0.824746132,0.877354622,24.374110349874307
0,bv_direct,0,float,vienot,0,65536,4.787921906,4.9760341645,13.829421997,0.806212425,0.8605818745,1.106518745,5.782174028927912
0,bv_direct,0,float,vienot,1,65536,4.789638519,5.079317093,6.19392395,0.825285912,0.8272571565,0.912531853,6.139949413662159
0,bv_split,0,double,brettel,0,65536,10.151481628,10.488367081,16.796875,4.584101677,4.998111725,10.481780052,2.098465912344126
0,bv_split,0,double,brettel,1,65536,9.654521942,10.1407527925,10.562324524,4.807624817,5.4007515905000005,11.024057388,1.8776558452230483
0,bv_split,0,double,brettel,2,65536,10.099124908,10.4283809665,19.356441498,4.739278793,5.1883249285,7.547122955,2.0099706765117653
0,bv_split,0,double,lookup,0,65536,41.835689545,45.051765441499995,54.290962219,7.99582386,9.057152271500001,19.949365616,4.974164515624152
0,bv_split,0,double,lookup,1,65536,43.482303619,44.496297836500005,48.804664612,8.031463623,9.1139416695,14.380655289,4.8822232410602115
0,bv_split,0,double,lookup,2,65536,43.804740906,45.509481429999994,54.81710434,7.986692429,9.089444160500001,13.370549202,5.006849772813452
0,bv_split,0,double,lookupApply,0,65536,57.20205307,58.112335205,63.084697723,12.123551369,13.018054962,14.83633709,4.463979862938913
0,bv_split,0,double,lookupApply,1,65536,54.427242279,55.900859833,67.421340942,12.726642609,14.090587139,19.990249634,3.9672484390857856
0,bv_split,0,double,lookupApply,2,65536,57.646656036,58.0958366395,58.77571106,13.104597092,13.727635383500001,24.117397308,4.232035235240046
0,bv_split,0,double,prepared,0,65536,25.970649719,26.57160759,27.138900757,1.403299332,1.433963776,5.119842529,18.530180493206547
0,bv_split,0,double,prepared,1,65536,24.807834625,25.5561351775,26.478767395,1.439291,1.4824051855,3.626791954,17.239642324159963
0,bv_split,0,double,prepared,2,65536,26.153278351,26.491689682,35.663795471,1.429422379,1.4564213755000002,3.701506615,18.189577637107398
0,bv_split,0,double,vienot,0,65536,5.505561829,5.850172043,6.212043762,1.36570549,1.4644384385,4.034761429,3.9948227861269703
0,bv_split,0,double,vienot,1,65536,5.326652527,5.557966232,6.255435944,1.431870461,1.8329434395000002,15.791255951,3.032262814130332
0,bv_split,0,float,brettel,0,65536,10.417175293,10.804939269999998,18.306446075,2.211155891,2.3580884935000004,2.742815971,4.582075396993576
0,bv_split,0,float,brettel,1,65536,10.469532013,10.837030411,20.063114166,2.261940002,2.4027214050000003,3.229204178,4.51031500716164
0,bv_split,0,float,brettel,2,65536,9.901809692,10.3561878205,20.27721405,2.211233139,2.4478878975000002,3.618469238,4.230662617792529
0,bv_split,0,float,lookup,0,65536,29.121780396,29.5523166655,37.054157257,5.810873032,5.963956832999999,6.511516571,4.955152676823542
0,bv_split,0,float,lookup,1,65536,27.408790588,28.067111969,36.781215668,5.67997551,6.016482353500001,12.535104752,4.665036863720271
0,bv_split,0,float,lookup,2,65536,29.468345642,29.660987854,38.629722595,5.678408623,6.2191267015000005,7.253270149,4.769317185135659
0,bv_split,0,float,lookupApply,0,65536,39.273738861,40.031290054500005,40.557670593,12.629670143,13.3015112875,14.094116211,3.009529457913487
0,bv_split,0,float,lookupApply,1,65536,37.355327606,38.7471199035,40.229415894,12.12520504,13.495368957499998,14.106766701,2.871141946954065
0,bv_split,0,float,lookupApply,2,65536,38.722133636,40.147066116,41.032981873,12.886271477,13.632803917,24.795233727,2.944886933049548
0,bv_split,0,float,prepared,0,65536,19.982433319,20.244598388500002,20.384120941,0.806129456,0.8770456315,0.998113632,23.082719600205888
0,bv_split,0,float,prepared,1,65536,18.873786926,20.217704773,21.123218536,0.822668076,0.8478527069999999,0.919524193,23.84577486877093
0,bv_split,0,float,prepared,2,65536,18.502807617,20.11218071,20.419502258,0.803826332,1.0677890780000001,1.760469437,18.835349718757843
0,bv_split,0,float,vienot,0,65536,4.795837402,4.916238785,5.139446259,0.805094719,0.866616249,0.895946503,5.672913230824962
0,bv_split,0,float,vienot,1,65536,4.787158966,4.9244880675000005,5.324268341,0.824072838,0.8455610275000001,1.269136429,5.8239298020390375
0,ma_fixed,0,double,brettel,0,65536,26.348972321,26.961374282999998,29.260540009,4.706343651,5.2135629654999995,6.297005653,5.171391323249187
0,ma_fixed,0,double,brettel,1,65536,28.656101227,29.2437553405,30.700969696,4.807641983,5.14627552,5.675778389,5.68250868552409
0,ma_fixed,0,double,brettel,2,65536,28.318214417,28.827285766499998,37.930488586,4.80570507,5.005319118499999,5.560533524,5.759330241293186
0,ma_fixed,0,double,lookup,0,65536,47.156143188,48.0730056765,57.680416107,8.174067497,8.831335068,10.40116787,5.443458469907984
0,ma_fixed,0,double,lookup,1,65536,46.251296997,47.598838806,56.557655334,8.036048889,8.5831947325,9.105558395,5.545585331504652
0,ma_fixed,0,double,lookup,2,65536,43.553256989,45.9182739255,49.438285828,8.088633537,8.574957371,9.121667862,5.3549273703438915
0,ma_fixed,0,double,lookupApply,0,65536,73.569011688,74.54662323,82.863235474,13.10005188,13.861461639000002,14.884529114,5.377977097325644
0,ma_fixed,0,double,lookupApply,1,65536,68.154430389,70.0658798215,79.242897034,12.894579887,13.50748539,16.412801743,5.1871890139797525
0,ma_fixed,0,double,lookupApply,2,65536,72.654438019,74.39570426949999,90.259838104,12.672997475,13.519108772500001,23.537661552,5.5030036018966415
0,ma_fixed,0,double,prepared,0,65536,26.279258728,27.149105071999998,35.821056366,1.470293045,1.4997515675000002,2.644073486,18.102401531245604
0,ma_fixed,0,double,prepared,1,65536,24.892234802,25.0716686245,36.344623566,1.435124397,1.4902238845,5.717720985,16.82409528210726
0,ma_fixed,0,double,prepared,2,65536,26.425647736,26.907300949499998,27.976322174,1.437469482,1.485483646,3.747283936,18.11349523904486
0,ma_fixed,0,double,vienot,0,65536,22.96962738,24.33886528,29.38785553,1.432327271,1.493276596,2.623247147,16.298966544574437
0,ma_fixed,0,double,vienot,1,65536,23.560428619,25.3557682035,26.401519775,1.462889671,1.481962204,2.144728661,17.109591685308594
0,ma_fixed,0,float,brettel,0,65536,32.631015778,176.58500671349998,187.59431839,2.180041313,2.283429623,2.431913376,77.33323809713052
0,ma_fixed,0,float,brettel,1,65536,33.304786682,175.7135391235,187.180614471,2.226704597,2.2709684375,3.228679657,77.37383585873812
0,ma_fixed,0,float,brettel,2,65536,33.107280731,177.7364253995,190.554618835,2.226744652,2.2714409829999997,2.475629807,78.24831317640272
0,ma_fixed,0,float,lookup,0,65536,29.53119278,30.242443084999998,38.906574249,5.780038834,5.821077347,6.046573639,5.195334348303412
0,ma_fixed,0,float,lookup,1,65536,28.464794159,30.183982849,31.391525269,5.671476364,5.80457449,7.061923981,5.200033680504977
0,ma_fixed,0,float,lookup,2,65536,27.934265137,28.464508057,37.291908264,5.811440468,6.0363612175,7.459671974,4.715507742392655
0,ma_fixed,0,float,lookupApply,0,65536,47.179603577,48.719406128,53.939056396,12.808038712,13.070058822499998,20.569449425,3.727558291025435
0,ma_fixed,0,float,lookupApply,1,65536,46.870994568,48.3108520505,57.254219055,12.637628555,13.0156760215,23.664792061,3.711743590628525
0,ma_fixed,0,float,lookupApply,2,65536,47.859096527,50.558757782,52.754688263,12.639681816,12.991884708,13.786775589,3.891564535734179
0,ma_fixed,0,float,prepared,0,65536,18.88666153,19.2649364475,28.58133316,0.816440582,0.8331537245,1.186534882,23.12290743111237
0,ma_fixed,0,float,prepared,1,65536,18.89629364,19.2910671235,27.993488312,0.81622982,0.8323459625,0.981527328,23.176741394357396
0,ma_fixed,0,float,prepared,2,65536,19.935512543,20.452690124500002,20.955657959,0.816222191,0.8322281840000001,0.954966545,24.575820090827396
0,ma_fixed,0,float,vienot,0,65536,20.045566559,21.014690399499997,21.610450745,0.830274582,0.839577675,0.866433144,25.03007288694283
0,ma_fixed,0,float,vienot,1,65536,21.356773376,21.819067001500002,22.648048401,0.817229271,0.8320369725000001,0.897452354,26.22367481572461
0,ma_bounded,0,double,brettel,0,65536,26.599025726,28.335428238,30.3606987,4.832839012,5.1176490784999995,5.574467659,5.53680563152353
0,ma_bounded,0,double,brettel,1,65536,27.314758301,29.158115387000002,38.243865967,4.833398819,5.1110777855,5.743946075,5.704885859831922
0,ma_bounded,0,double,brettel,2,65536,28.923511505,29.480934143,37.963104248,4.786267281,5.21701622,5.456645966,5.650918628541278
0,ma_bounded,0,double,lookup,0,65536,45.605945587,46.2639331815,55.780601501,8.172484398,8.696772098499999,9.119685173,5.319667188873388
0,ma_bounded,0,double,lookup,1,65536,45.965099335,46.5856552125,54.965305328,7.971066475,8.6581606865,18.103311539,5.38054869842476
0,ma_bounded,0,double,lookup,2,65536,42.870235443,44.3428993225,49.242115021,8.166619301,8.755045414,14.577458382,5.06483944122006
0,ma_bounded,0,double,lookupApply,0,65536,71.118545532,71.712684631,81.21099472,13.493378639,13.718146324,13.941774368,5.227578343113175
0,ma_bounded,0,double,lookupApply,1,65536,66.942119598,72.213077545,78.903388977,13.517047882,13.7911195755,14.171833038,5.236201248902732
0,ma_bounded,0,double,lookupApply,2,65536,71.282863617,72.1755981445,81.266498566,13.033146858,13.628118992000001,13.924501419,5.296079245189203
0,ma_bounded,0,double,prepared,0,65536,26.102924347,26.721525192,33.106040955,1.462302208,1.4982762335,1.847171783,17.834845534176328
0,ma_bounded,0,double,prepared,1,65536,24.810218811,25.533294678,26.08537674,1.463807106,1.486266136,1.847277641,17.17949030764972
0,ma_bounded,0,double,prepared,2,65536,26.097583771,26.8994808195,27.654457092,1.463274002,1.502269745,1.874364853,17.90589267275698
0,ma_bounded,0,double,vienot,0,65536,22.940921783,24.331855773500003,24.908924103,1.454655647,1.497976303,1.880749702,16.243151326740318
0,ma_bounded,0,double,vienot,1,65536,23.408317566,24.8338222505,27.188587189,1.459770203,1.481514931,1.885560989,16.762451549332376
0,ma_bounded,0,float,brettel,0,65536,32.489776611,175.9077548985,188.627433777,2.251961708,2.2891659735000003,2.380767822,76.8436002172212
0,ma_bounded,0,float,brettel,1,65536,32.12146759,176.36318206750002,187.703800201,2.212081909,2.271586418,2.377196312,77.63877291658468
0,ma_bounded,0,float,brettel,2,65536,33.075714111,176.10716819750002,186.853981018,2.219315529,2.318116188,3.444746017,75.9699488356707
0,ma_bounded,0,float,lookup,0,65536,30.154323578,30.939579010000003,36.802196503,5.692690849,5.817249298,13.970277786,5.318592589909665
0,ma_bounded,0,float,lookup,1,65536,30.137443542,30.721950531,31.153011322,5.678531647,5.8146386145,5.978989601,5.283552868511636
0,ma_bounded,0,float,lookup,2,65536,28.282642365,28.918981551999998,36.29283905,5.989232063,6.3175225255,6.627035141,4.5775826576433465
0,ma_bounded,0,float,lookupApply,0,65536,47.995471954,49.980211258,51.218032837,12.983234406,13.078995705,14.143798828,3.8214104802322812
0,ma_bounded,0,float,lookupApply,1,65536,46.1769104,47.8455066685,56.193828583,12.21535778,12.816047192,13.556960106,3.733249882098281
0,ma_bounded,0,float,lookupApply,2,65536,46.787166595,47.911024093500004,50.870037079,13.305199623,13.8681960105,15.79279232,3.4547409091438586
0,ma_bounded,0,float,prepared,0,65536,18.828582764,19.122123717999997,28.349971771,0.824122429,0.8574376105,0.861503601,22.301475330489946
0,ma_bounded,0,float,prepared,1,65536,18.762302399,19.218397140500002,28.028678894,0.805849075,0.8323783875,0.937646866,23.088534528414822
0,ma_bounded,0,float,prepared,2,65536,19.671058655,20.211505889999998,20.796394348,0.810970306,0.8472418785,3.017499924,23.85565020202197
0,ma_bounded,0,float,vienot,0,65536,20.183467865,21.0438251495,21.678638458,0.787395477,0.8521871565,0.967246056,24.693900851461613
0,ma_bounded,0,float,vienot,1,65536,20.599842072,21.9260692595,22.845935822,0.806080818,0.832238197,0.937431335,26.345905941997998
0,ma_direct,0,double,brettel,0,65536,25.826454163,26.821517944500002,28.126239777,4.937952042,4.9746198655,5.838051796,5.3916718602988505
0,ma_direct,0,double,brettel,1,65536,29.303359985,29.710006714000002,29.884433746,4.720844269,5.030299663499999,5.892503738,5.906210107039284
0,ma_direct,0,double,brettel,2,65536,27.136039734,27.6832580565,36.251735687,4.525912285,4.706900596500001,4.907329559,5.881419734481957
0,ma_direct,0,double,lookup,0,65536,24.863147736,25.4081249235,34.725761414,8.109933853,8.588723182999999,9.080018044,2.9583122406123548
0,ma_direct,0,double,lookup,1,65536,23.117446899,23.66476059,24.886608124,7.563397408,7.803383827499999,8.050333023,3.032628038441827
0,ma_direct,0,double,lookup,2,65536,24.905109406,25.329828262,34.757900238,7.147660255,7.816277981000001,8.08780098,3.2406508984931657
0,ma_direct,0,double,lookupApply,0,65536,50.257492065,50.668001174500006,60.095596313,13.285416603,13.5877051355,22.592065811,3.7289594283380456
0,ma_direct,0,double,lookupApply,1,65536,47.305488586,48.4282016755,56.202411652,12.342610359,13.0763111115,18.231579781,3.703506383609187
0,ma_direct,0,double,lookupApply,2,65536,49.895954132,50.622606277,51.500511169,12.435855865,12.7230820655,13.33207798,3.9788005780665854
0,ma_direct,0,double,prepared,0,65536,26.154232025,26.656103134,27.125072479,1.475343704,1.5087532995,2.081255913,17.66763535352918
0,ma_direct,0,double,prepared,1,65536,26.289081573,26.660013198999998,35.579013824,1.394628525,1.4798460009999999,2.3008461,18.01539699467688
0,ma_direct,0,double,prepared,2,65536,25.45003891,26.6323566435,35.664272308,1.383316994,1.3954453464999999,1.679636002,19.085202233321578
0,ma_direct,0,double,vienot,0,65536,23.004722595,23.851299286,33.639812469,1.478356361,1.5036177635,2.066741943,15.862608080979882
0,ma_direct,0,double,vienot,1,65536,24.698734283,25.1543521885,25.933837891,1.447846413,1.49708128,2.14262104,16.80226219146899
0,ma_direct,0,float,brettel,0,65536,31.229686737,175.669908524,187.652111053,2.317615509,2.3633770944999997,2.657546997,74.33003769597971
0,ma_direct,0,float,brettel,1,65536,31.244373322,176.3651371,185.509109497,2.319540024,2.3971590995,2.686929703,73.57256226204855
0,ma_direct,0,float,brettel,2,65536,33.637905121,176.4328479765,185.897159576,2.378171921,2.4009194375,2.664888382,73.48553442518416
0,ma_direct,0,float,lookup,0,65536,24.138069153,24.4843482975,29.211235046,5.96361351,6.4280261995,15.217412949,3.808999456070123
0,ma_direct,0,float,lookup,1,65536,24.269008636,24.4739055635,33.359050751,5.985825539,6.2686252595,9.608475685,3.9041902411394256
0,ma_direct,0,float,lookup,2,65536,22.540378571,22.841978073,23.972225189,6.064957619,6.178003310999999,6.563695908,3.697307515573781
0,ma_direct,0,float,lookupApply,0,65536,44.109535217,44.477128982500005,55.573177338,13.552535057,13.735677242000001,14.236869812,3.238073245234747
0,ma_direct,0,float,lookupApply,1,65536,40.630912781,41.8913841245,50.798130035,13.423343658,13.938380241,14.055994034,3.00547003311588
0,ma_direct,0,float,lookupApply,2,65536,40.397167206,42.041015625,52.855682373,13.351532936,13.9359073635,14.491713524,3.016740462491235
0,ma_direct,0,float,prepared,0,65536,19.207000732,19.375276565500002,21.254634857,0.847372055,0.8906340595,1.103281021,21.754475206548065
0,ma_direct,0,float,prepared,1,65536,18.863773346,19.2191600795,20.732593536,0.862662315,0.8684258465,1.159770966,22.13103186294905
0,ma_direct,0,float,prepared,2,65536,20.332622528,20.577669143500003,20.97158432,0.86588192,0.884941101,1.006167412,23.253151108301843
0,ma_direct,0,float,vienot,0,65536,20.202064514,21.360826492,22.33543396,0.848869324,0.8753418925,1.042543411,24.40283810819668
0,ma_direct,0,float,vienot,1,65536,20.871162415,22.046947479,31.532001495,0.864325523,0.8918299675,1.192585945,24.721021139043525
0,default,1,double,brettel,0,65536,26.590442657,27.515888214,29.388618469,4.68846035,4.9185943605,5.678653717,5.594258480628777
0,default,1,double,brettel,1,65536,28.413772583,28.772449493499998,29.946899414,4.676898956,4.8303780555,5.582921028,5.956562646424518
0,default,1,double,brettel,2,65536,29.346752167,29.625749587999998,29.876327515,4.690026283,4.8730306625,5.492222786,6.07953276715094
0,default,1,double,lookup,0,65536,42.411422729,44.8588371275,45.212936401,7.468402863,7.9480557439999995,9.242344856,5.644001322130134
0,default,1,double,lookup,1,65536,43.229579926,44.258832931499995,53.716278076,7.769440651,8.300361633000001,17.905854225,5.332157186445805
0,default,1,double,lookup,2,65536,43.753910065,45.041847229,53.707408905,8.182044029,8.615289688,9.010375977,5.228129158760331
0,default,1,double,lookupApply,0,65536,55.741024017,58.3452701565,67.279815674,12.26513195,13.3413786885,19.644540787,4.373256431645437
0,default,1,double,lookupApply,1,65536,55.679798126,58.0572128295,67.725944519,12.038768768,13.086303233999999,13.498455048,4.436486897129164
0,default,1,double,lookupApply,2,65536,55.609321594,58.221912384,65.130805969,12.199154854,13.3335647585,13.782139778,4.366567638776733
0,default,1,double,prepared,0,65536,25.678920746,26.470565796000002,27.187156677,1.404009819,1.4418845175000001,1.931566238,18.358311969321772
0,default,1,double,prepared,1,65536,26.279830933,26.654672623000003,34.423828125,1.401293755,1.4768466949999999,2.207029343,18.048367994621138
0,default,1,double,prepared,2,65536,25.290107727,26.262521743999997,35.917854309,1.436861992,1.4589433669999998,1.866791725,18.00105633846718
0,default,1,double,vienot,0,65536,23.348999023,24.444770812999998,24.92017746,1.397931099,1.4359865185,2.064858437,17.022980716096463
0,default,1,double,vienot,1,65536,24.930286407,25.1004219055,34.153366089,1.392683029,1.432018757,1.836237907,17.52799799779438
0,default,1,float,brettel,0,65536,31.42747879,176.653432846,185.938167572,2.331214905,2.4538292884999997,2.95182991,71.99092197403283
0,default,1,float,brettel,1,65536,32.791614532,176.25784874,198.616409302,2.325398445,2.3998861309999997,2.680709839,73.44425490160891
0,default,1,float,brettel,2,65536,32.963180542,175.1717567445,185.481262207,2.270916939,2.4181289675000004,3.125146866,72.44103151603305
0,default,1,float,lookup,0,65536,29.765510559,31.0630321505,39.737606049,5.977042198,6.229994774,15.280514717,4.986044656110654
0,default,1,float,lookup,1,65536,29.042720795,30.2575111385,31.925392151,5.948781013,6.238006115,6.671062469,4.850510015651051
0,default,1,float,lookup,2,65536,28.998470306,30.540752411,38.710975647,5.842888832,6.1696085929999995,6.554738998,4.950192860800174
0,default,1,float,lookupApply,0,65536,39.568328857,41.665506363000006,44.110488892,13.585062981,13.8257894515,14.089945793,3.013607758830697
0,default,1,float,lookupApply,1,65536,38.714122772,40.570497513,51.922225952,13.30475235,13.835157871,14.165748596,2.932420279644238
0,default,1,float,lookupApply,2,65536,39.943218231,41.3006305695,41.560935974,12.378865242,13.565592766,13.983035088,3.044513519012119
0,default,1,float,prepared,0,65536,19.196605682,20.4033374785,22.58644104,0.849785805,0.867360592,1.055737495,23.52347762474779
0,default,1,float,prepared,1,65536,19.409275055,20.442676544,29.225158691,0.852669716,0.87556839,1.113535881,23.34789238336939
0,default,1,float,prepared,2,65536,20.046329498,20.4560279845,29.338264465,0.831987381,0.873617649,1.362668037,23.41530989891895
0,default,1,float,vienot,0,65536,21.415233612,21.667003631500002,23.325157166,0.85406208,0.868055344,0.935114861,24.96039426663561
0,default,1,float,vienot,1,65536,21.734333038,22.0700740815,23.686027527,0.854385376,0.8764224055000001,0.904808998,25.182005780544824
0,prepared,1,double,brettel,0,65536,35.912895203,37.610483169999995,38.520908356,4.801617622,4.845376015,11.010998726,7.762139213462052
0,prepared,1,double,brettel,1,65536,36.574554443,37.687253952,47.636413574,4.79881382,5.063574314,5.617461205,7.442816401015498
0,prepared,1,double,brettel,2,65536,36.215305328,38.0639076235,47.313594818,4.583522797,4.791656016999999,5.613459587,7.943789681157325
0,prepared,1,double,lookup,0,65536,42.767429352,44.694185256500006,47.408866882,7.985298157,8.261293888,8.983035088,5.410070851179965
0,prepared,1,double,lookup,1,65536,42.517566681,44.1849708555,45.523834229,7.680352211,7.928252697,8.761354446,5.573103247859306
0,prepared,1,double,lookup,2,65536,43.330860138,44.275379181,51.556301117,7.770665169,8.485332012,9.004768372,5.217872337627512
0,prepared,1,double,lookupApply,0,65536,57.460212708,58.3003997805,67.881298065,12.779655457,13.5286636355,21.825409889,4.309398278446096
0,prepared,1,double,lookupApply,1,65536,54.98418808,57.385110855,65.231609344,12.305045128,13.321358204,13.526403427,4.307752255905032
0,prepared,1,double,lookupApply,2,65536,55.769729614,57.870197296499995,58.854293823,12.382918358,13.2920851705,14.13554287,4.353733560550389
0,prepared,1,double,prepared,0,65536,24.897861481,26.4927864075,27.66494751,1.417836189,1.4444499015,1.867611885,18.34109052864233
0,prepared,1,double,prepared,1,65536,25.572490692,26.364994049,26.630401611,1.427098274,1.5241165159999999,1.915390968,17.29854231761373
0,prepared,1,double,prepared,2,65536,25.999259949,26.526403426999998,35.952758789,1.375,1.4241480825,2.143807411,18.626155350667336
0,prepared,1,double,vienot,0,65536,11.346626282,11.82718277,13.074493408,1.41201973,1.439427376,2.102350235,8.216588740215817
0,prepared,1,double,vienot,1,65536,11.732006073,12.2124671935,19.448184967,1.414740562,1.4900660515,1.932579994,8.195923382863542
0,prepared,1,float,brettel,0,65536,30.583190918,30.8793067935,31.738758087,2.270784378,2.28634119,2.652550697,13.505992425172552
0,prepared,1,float,brettel,1,65536,29.434967041,30.924320221000002,40.981674194,2.320804596,2.3478045465,2.803915024,13.171590568346318
0,prepared,1,float,brettel,2,65536,29.13351059,30.9727191925,31.971073151,2.318809509,2.3605585095,2.717061043,13.120928402262082
0,prepared,1,float,lookup,0,65536,27.898979187,29.507064819500002,30.256271362,5.954515457,6.043250560500001,6.447297096,4.88264792665798
0,prepared,1,float,lookup,1,65536,29.095458984,29.7361850735,40.93542099,5.810903549,6.104696274,6.631017685,4.871034321584006
0,prepared,1,float,lookup,2,65536,27.920246124,29.340362548999998,38.512992859,5.852245331,6.100174427,6.592564583,4.809757966778218
0,prepared,1,float,lookupApply,0,65536,37.545490265,39.889431,41.40586853,12.755764008,13.3867964745,13.778630257,2.979759278180098
0,prepared,1,float,lookupApply,1,65536,38.902378082,40.063428879,41.80765152,13.377716064,13.6312918665,13.846354485,2.9390779150917536
0,prepared,1,float,lookupApply,2,65536,37.724876404,39.585351943999996,40.53106308,12.607538223,13.6204519275,13.901133537,2.906317070439952
0,prepared,1,float,prepared,0,65536,19.278717041,20.304965973,29.709720612,0.83280468,0.854276657,0.998993874,23.768606816796122
0,prepared,1,float,prepared,1,65536,19.320774078,20.467138290500003,21.518325806,0.845767975,0.866789818,1.082497597,23.612573504526335
0,prepared,1,float,prepared,2,65536,18.985652924,20.137357712,21.182632446,0.847519875,0.8534860609999999,0.98901844,23.59424322455338
0,prepared,1,float,vienot,0,65536,8.886051178,9.337377548500001,9.920024872,0.836501122,0.860645294,1.034732819,10.84927508881493
0,prepared,1,float,vienot,1,65536,8.895111084,9.340620041000001,9.811115265,0.84740448,0.859416485,1.327199936,10.868560475658088
0,inline,1,double,brettel,0,65536,44.181346893,44.633913039999996,52.978515625,4.803235054,5.0969963074999995,10.089030266,8.75690511572928
0,inline,1,double,brettel,1,65536,43.810272217,44.623947143500004,53.581428528,4.838972092,5.4702591895,10.808028221,8.15755626884268
0,inline,1,double,brettel,2,65536,42.687606812,45.2720165255,55.385494232,4.808607101,5.176542759,5.961847305,8.745608533183566
0,inline,1,double,lookup,0,65536,42.649841309,43.367147445499995,46.634674072,7.965871811,8.940090655999999,15.275001526,4.850862157241641
0,inline,1,double,lookup,1,65536,43.675041199,44.1802501675,49.123668671,8.030333519,8.507914543,9.170712471,5.192841317835037
0,inline,1,double,lookup,2,65536,42.889213562,44.761276245000005,56.52513504,7.898123741,8.447085380499999,10.633361816,5.299020221617613
0,inline,1,double,lookupApply,0,65536,55.408096313,57.3835372925,66.601848602,13.105979919,13.577794075,14.269802094,4.226278361236672
0,inline,1,double,lookupApply,1,65536,56.926345825,57.888698578,68.495941162,13.166055679,13.5451073645,14.088243484,4.273771851356373
0,inline,1,double,lookupApply,2,65536,54.952812195,58.6431980135,59.940242767,13.158846855,13.64281559,13.972793579,4.298467396750907
0,inline,1,double,prepared,0,65536,25.830173492,26.30443573,27.590274811,1.431984901,1.457334995,2.339294434,18.049683717366577
0,inline,1,double,prepared,1,65536,25.539112091,26.175403595,27.189254761,1.470700264,1.48796463,2.454110146,17.59141519042694
0,inline,1,double,prepared,2,65536,25.02374649,26.613998413,34.92269516,1.431629181,1.5000162124999998,2.289800644,17.742473842095226
0,inline,1,double,vienot,0,65536,18.217468262,18.8195228575,27.756786346,1.43640995,1.4984703065,4.301366806,12.559156344884169
0,inline,1,double,vienot,1,65536,18.341350555,18.9915657045,19.800186157,1.418970108,1.486422062,2.022608757,12.776697944691836
0,inline,1,float,brettel,0,65536,35.448169708,37.8885269165,44.739246368,2.270594597,2.3597984315,2.681465149,16.055831892563916
0,inline,1,float,brettel,1,65536,35.062599182,35.687828064,36.094379425,2.325251579,2.3851213455,2.601593971,14.96268864111761
0,inline,1,float,brettel,2,65536,34.064674377,35.8956813815,37.126064301,2.309815407,2.4010248185,2.604667664,14.95015007963359
0,inline,1,float,lookup,0,65536,30.103111267,30.5507183075,39.945793152,5.944911003,6.0089068415,6.398438454,5.084238966146734
0,inline,1,float,lookup,1,65536,29.080867767,30.035638808999998,31.197166443,5.944524765,6.1177310945,6.592627525,4.90960428711926
0,inline,1,float,lookup,2,65536,30.789756775,31.094837189,31.75907135,5.982245445,6.3090486525,6.819351196,4.92860951019588
0,inline,1,float,lookupApply,0,65536,39.261245728,40.092086792,44.664096832,13.069161415,13.558521271,14.447449684,2.956966028275666
0,inline,1,float,lookupApply,1,65536,38.010501862,39.507246017499995,48.702526093,13.244833946,13.7798600195,14.060325623,2.8670281092545897
0,inline,1,float,lookupApply,2,65536,39.95923996,40.7653808595,41.376972198,12.611682892,13.779551506,14.10983181,2.958396783941017
0,inline,1,float,prepared,0,65536,19.249916077,20.318698883,21.863365173,0.830371857,0.858239651,0.897518158,23.674854522655934
0,inline,1,float,prepared,1,65536,19.541931152,19.8214530945,21.413612366,0.850408554,0.873195648,0.979764938,22.6998990889382
0,inline,1,float,prepared,2,65536,19.673442841,20.1571941375,29.72536087,0.855628967,0.8770413395000001,1.063359261,22.983174486383486
0,inline,1,float,vienot,0,65536,13.995456696,14.457702637,24.357509613,0.831085205,0.8439946174999999,1.048461914,17.130088672633036
0,inline,1,float,vienot,1,65536,13.706016541,14.2338752745,14.796447754,0.85104847,0.8857483865,1.017225266,16.06988563732484
0,bv_direct,1,double,brettel,0,65536,17.893791199,19.2293643955,23.257827759,4.917971611,5.2391405110000004,6.196249962,3.6703280538337135
0,bv_direct,1,double,brettel,1,65536,18.221950531,19.140815735,19.536876678,4.813183784,4.947790146,5.886330605,3.8685585221261323
0,bv_direct,1,double,brettel,2,65536,17.872333527,19.2966938015,27.110481262,4.907288551,5.035009384,5.683847427,3.832504039182144
0,bv_direct,1,double,lookup,0,65536,42.560005188,44.464826583999994,56.874084473,8.004256248,8.2589001655,9.083224297,5.383867790258978
0,bv_direct,1,double,lookup,1,65536,42.441272736,44.1941738125,55.16576767,7.583913803,8.460125923500001,10.474292755,5.223819859434979
0,bv_direct,1,double,lookup,2,65536,42.808628082,44.766616821499994,54.340171814,8.030548096,8.741688251500001,9.830991745,5.121049336644831
0,bv_direct,1,double,lookupApply,0,65536,55.155181885,57.921981811500004,65.598297119,13.397900581,13.640449524000001,14.086161613,4.246339661283732
0,bv_direct,1,double,lookupApply,1,65536,57.034301758,58.3015918735,67.423152924,12.891117096,13.574991703,14.055812836,4.294779190223421
0,bv_direct,1,double,lookupApply,2,65536,55.952739716,58.240270614500005,64.964866638,12.792114258,13.588719368,21.212963104,4.285927837442114
0,bv_direct,1,double,prepared,0,65536,24.976539612,26.725053787,28.484344482,1.481464386,1.5406603815,1.900478363,17.346492522239238
0,bv_direct,1,double,prepared,1,65536,26.383495331,27.013349533000003,39.491081238,1.447948456,1.5587162970000001,1.991606712,17.33051074463745
0,bv_direct,1,double,prepared,2,65536,25.190639496,26.705694199,27.786064148,1.479079247,1.5295214655,2.079877853,17.460163064968768
0,bv_direct,1,double,vienot,0,65536,5.376243591,5.605316162,6.231498718,1.462669373,1.493497372,1.927968025,3.753147656693701
0,bv_direct,1,double,vienot,1,65536,5.502510071,5.663776398,6.230926514,1.440890312,1.4815950395,2.06456852,3.822756048043586
0,bv_direct,1,float,brettel,0,65536,15.69070816,16.5467262265,25.783920288,2.317443848,2.3498153685,2.54153347,7.0417133398282985
0,bv_direct,1,float,brettel,1,65536,15.753078461,16.698217392,17.405319214,2.374779701,2.4128694535,2.600951195,6.920481076080729
0,bv_direct,1,float,brettel,2,65536,16.586399078,16.8384075165,24.164485931,2.319996834,2.416030884,2.733325958,6.969450443705503
0,bv_direct,1,float,lookup,0,65536,30.13420105,30.8658123015,37.852096558,5.982748985,6.2717618945,6.537436485,4.921394150592303
0,bv_direct,1,float,lookup,1,65536,30.349159241,30.6728363035,40.125846863,6.022668839,6.2316527365,15.91663456,4.922102947720954
0,bv_direct,1,float,lookup,2,65536,28.038311005,30.713224411,40.112876892,5.946257591,6.198988438,15.374671936,4.9545542338370785
0,bv_direct,1,float,lookupApply,0,65536,38.22479248,40.659570693999996,43.568992615,12.855705261,13.7581038475,14.151703835,2.9553179089710313
0,bv_direct,1,float,lookupApply,1,65536,38.738918304,40.558290481499995,41.031837463,13.456231117,13.940775871500001,14.258483887,2.9093280643307553
0,bv_direct,1,float,lookupApply,2,65536,39.024734497,40.807723999000004,41.247749329,13.355311394,13.924439430500001,14.285219193,2.93065470984886
0,bv_direct,1,float,prepared,0,65536,18.863773346,20.6280708315,27.57806778,0.842161179,0.8624415395,0.902880669,23.91822504683519
0,bv_direct,1,float,prepared,1,65536,19.244766235,20.1694965365,29.564380646,0.866075516,0.8688249589999999,1.014204025,23.21468361097117
0,bv_direct,1,float,prepared,2,65536,20.20740509,20.5562114715,20.856571198,0.865675926,0.87211895,1.091946602,23.570421754394857
0,bv_direct,1,float,vienot,0,65536,4.67338562,4.916524887,5.151367188,0.845499992,0.8805494305,1.106595993,5.583474040984005
0,bv_direct,1,float,vienot,1,65536,4.787349701,4.941606521500001,5.289363861,0.86592865,0.8764100075000001,1.092209816,5.638464279517027
0,bv_split,1,double,brettel,0,65536,10.084533691,10.341024399,10.955238342,4.799869537,5.223640919,5.653390884,1.9796583569491715
0,bv_split,1,double,brettel,1,65536,10.301399231,10.633087158,10.911846161,4.805673599,5.0095067024999995,5.930882454,2.1225816810851947
0,bv_split,1,double,brettel,2,65536,9.857845306,10.3373527525,10.971736908,4.950942039,5.2150306705,5.481419563,1.9822228104957411
0,bv_split,1,double,lookup,0,65536,42.494678497,44.0319538115,45.614910126,8.177412033,8.759092808,9.503391266,5.026999345329919
0,bv_split,1,double,lookup,1,65536,43.059539795,45.135688782,54.096412659,8.006473541,8.677149296,9.301281929,5.2016724896973585
0,bv_split,1,double,lookup,2,65536,42.292976379,43.7507629395,53.653526306,8.168324471,8.8209757805,9.371748924,4.959855239169478
0,bv_split,1,double,lookupApply,0,65536,54.920768738,57.228040695000004,66.874217987,13.101547241,13.6224069595,14.134573936,4.201022687484042
0,bv_split,1,double,lookupApply,1,65536,58.14409256,59.356641769,69.044399261,13.219020844,13.564951896499998,13.890586853,4.375735514721219
0,bv_split,1,double,lookupApply,2,65536,55.322265625,58.132696152,62.2423172,13.173803329,13.6394286155,14.202630997,4.2621064115499205
0,bv_split,1,double,prepared,0,65536,25.353336334,26.401567459,27.232646942,1.42877388,1.4742441175,6.017818451,17.908545230467908
0,bv_split,1,double,prepared,1,65536,26.630020142,27.347040176500002,36.026668549,1.434657097,1.4798688885,1.940651894,18.479366914875175
0,bv_split,1,double,prepared,2,65536,25.751876831,26.9444942475,27.336215973,1.465646744,1.489953518,2.022076607,18.084117337880603
0,bv_split,1,double,vienot,0,65536,5.520248413,5.700778961499999,6.628799438,1.421151161,1.4381346705000002,2.486600876,3.9640091282397036
0,bv_split,1,double,vienot,1,65536,5.51738739,5.8653354645,6.958389282,1.420286179,1.47176075,2.157971382,3.9852506356756696
0,bv_split,1,float,brettel,0,65536,10.715007782,11.084699630500001,19.942951202,2.229719162,2.340044975,2.385054588,4.736960079367706
0,bv_split,1,float,brettel,1,65536,10.203742981,10.676860809,19.940662384,2.271040916,2.3493900295,2.817774773,4.544524610616596
0,bv_split,1,float,brettel,2,65536,10.684108734,11.0243797305,11.311817169,2.270623207,2.3507409095,2.675670624,4.689746830859754
0,bv_split,1,float,lookup,0,65536,27.943515778,30.301284789999997,37.20331192,5.824964523,5.973619461,6.434239388,5.072516752670328
0,bv_split,1,float,lookup,1,65536,29.816436768,30.140447616499998,39.371967316,5.813417435,5.9533786775,6.542078972,5.0627465930248645
0,bv_split,1,float,lookup,2,65536,28.608036041,30.4066181185,39.221572876,5.948555946,6.264625549,6.621624947,4.853700812709181
0,bv_split,1,float,lookupApply,0,65536,38.248825073,40.871858596500005,43.336200714,12.683240891,13.345188618,13.970057487,3.0626662362322863
0,bv_split,1,float,lookupApply,1,65536,39.240264893,40.707397461,41.479492188,12.98880291,13.706232548,14.111540794,2.9699917405049416
0,bv_split,1,float,lookupApply,2,65536,40.668106079,41.119575500500005,42.45300293,12.996064186,13.8324170115,18.782362938,2.972696345570987
0,bv_split,1,float,prepared,0,65536,20.289325714,20.519495010500002,20.973300934,0.829025269,0.871627331,1.02613163,23.54159200923451
0,bv_split,1,float,prepared,1,65536,19.404602051,20.3491687775,21.441650391,0.83156395,0.870367527,1.078130722,23.37997242112182
0,bv_split,1,float,prepared,2,65536,20.259284973,20.697784423999998,21.130561829,0.829127312,0.8675847055,1.181753159,23.856788037856898
0,bv_split,1,float,vienot,0,65536,4.792881012,5.05900383,5.424499512,0.83078289,0.845265865,1.020670891,5.985103669127819
0,bv_split,1,float,vienot,1,65536,4.673671722,5.0981998445,5.402088165,0.830389023,0.8511691095,1.088718414,5.989643876402918
0,ma_fixed,1,double,brettel,0,65536,26.506519318,27.971744537,28.688144684,4.603615761,5.036179542499999,6.09862709,5.554159517338138
0,ma_fixed,1,double,brettel,1,65536,27.202224731,28.215169907,28.735923767,4.695557594,5.3116736415000005,6.364233971,5.311917073849462
0,ma_fixed,1,double,brettel,2,65536,27.580356598,28.5088539125,38.245201111,4.802598,5.019852161499999,6.535317421,5.679221816759873
0,ma_fixed,1,double,lookup,0,65536,44.300365448,46.3349819185,48.511981964,7.78349781,8.249619961,9.241589546,5.616620176147287
0,ma_fixed,1,double,lookup,1,65536,44.985675812,47.040843963499995,47.897529602,8.040342331,8.6204428675,9.924253464,5.456894116292918
0,ma_fixed,1,double,lookup,2,65536,44.895648956,46.554660797,55.505084991,8.192617416,8.9083690645,14.639720917,5.225946574499377
0,ma_fixed,1,double,lookupApply,0,65536,71.895217896,73.33822250349999,82.747077942,12.169167519,13.548985481,22.031434059,5.41282021494108
0,ma_fixed,1,double,lookupApply,1,65536,69.077301025,72.5643634795,80.109977722,13.250722885,13.512187004000001,14.143377304,5.370290054305705
0,ma_fixed,1,double,lookupApply,2,65536,68.704509735,72.2786426545,74.676609039,13.079889297,13.6979455945,14.421512604,5.276604594160553
0,ma_fixed,1,double,prepared,0,65536,25.350952148,26.6879558565,27.308082581,1.396901131,1.462059498,2.614700317,18.253672913453485
0,ma_fixed,1,double,prepared,1,65536,25.57888031,26.5903949735,27.278232574,1.433039665,1.487289429,1.937132835,17.878426656591262
0,ma_fixed,1,double,prepared,2,65536,26.150608063,26.801490784000002,32.278156281,1.431116104,1.4859633445,2.720239639,18.036441398908277
0,ma_fixed,1,double,vienot,0,65536,23.556232452,24.251461028999998,34.212970734,1.389316559,1.4372229575,2.687318802,16.873833598639827
0,ma_fixed,1,double,vienot,1,65536,23.436069489,25.025177002,34.191226959,1.426739693,1.4819679259999998,1.941067696,16.886449809710662
0,ma_fixed,1,float,brettel,0,65536,33.555793762,176.107120514,188.080883026,2.282160759,2.4135890005,2.707276344,72.96483389571198
0,ma_fixed,1,float,brettel,1,65536,32.288360596,175.420856476,186.649608612,2.263134956,2.3859195709999996,3.111934662,73.52337380026464
0,ma_fixed,1,float,brettel,2,65536,31.593894958,176.82614326499998,187.713527679,2.263396263,2.3322453495,3.002145767,75.81798514590628
0,ma_fixed,1,float,lookup,0,65536,30.06772995,30.364561080999998,30.914974213,5.805375099,6.0897946355000006,7.389349937,4.98613876139469
0,ma_fixed,1,float,lookup,1,65536,27.833938599,30.489683151,35.83612442,5.805179596,6.012040138,7.343243599,5.07143705816024
0,ma_fixed,1,float,lookup,2,65536,28.561878204,29.8916339875,30.810546875,5.692602158,6.0967507365,7.377218246,4.902879464719609
0,ma_fixed,1,float,lookupApply,0,65536,50.99067688,51.7669677735,60.41097641,12.850598335,13.703998565500001,14.688932419,3.777508259802656
0,ma_fixed,1,float,lookupApply,1,65536,47.982788086,50.8974552155,61.219787598,12.246562958,13.809718132,15.860618591,3.6856259287117505
0,ma_fixed,1,float,lookupApply,2,65536,48.699855804,50.525331497500005,59.841346741,12.827079773,13.320907116,23.930070877,3.7929347496772983
0,ma_fixed,1,float,prepared,0,65536,19.350719452,20.6416606905,21.140289307,0.843752861,0.8640322684999999,1.03252697,23.88991874844545
0,ma_fixed,1,float,prepared,1,65536,19.219684601,20.002985000499997,20.670700073,0.823541641,0.8739628795000001,1.302607536,22.88768261181051
0,ma_fixed,1,float,prepared,2,65536,19.164657593,20.1723098755,26.557350159,0.823260307,0.838710308,1.075677872,24.051582153083544
0,ma_fixed,1,float,vienot,0,65536,20.473670959,21.588325500499998,22.432518005,0.84438324,0.8543524739999999,1.043055534,25.268640470396765
0,ma_fixed,1,float,vienot,1,65536,21.028900146,22.3155498505,23.160552979,0.824347496,0.880774975,1.367629051,25.336266905743997
0,ma_bounded,1,double,brettel,0,65536,26.58405304,28.118610382,28.8397789,4.684635162,4.9228301045,6.210762978,5.711879099036253
0,ma_bounded,1,double,brettel,1,65536,28.972911835,29.13646698,29.585838318,4.803305626,5.09700346,10.906842232,5.716391446200824
0,ma_bounded,1,double,brettel,2,65536,28.568553925,29.059028625499998,37.949752808,4.795129776,5.123559952,6.283122063,5.671648013830052
0,ma_bounded,1,double,lookup,0,65536,43.238449097,44.983959197999994,45.944213867,8.078770638,8.59551239,9.662270546,5.233423809653772
0,ma_bounded,1,double,lookup,1,65536,45.547485352,45.862531661999995,54.473400116,7.94671154,8.758504867500001,9.761789322,5.236342544283
0,ma_bounded,1,double,lookup,2,65536,44.833755493,46.813201903999996,54.031181335,7.977720261,8.998439311999999,18.429912567,5.202369019877878
0,ma_bounded,1,double,lookupApply,0,65536,69.058799744,71.70586586,80.710220337,11.842412949,13.9545845985,14.497881889,5.138516689899015
0,ma_bounded,1,double,lookupApply,1,65536,68.170547485,70.5353736875,80.461597443,12.727375031,13.830361366,14.673530579,5.100038373610491
0,ma_bounded,1,double,lookupApply,2,65536,67.689800262,71.212530136,80.652618408,13.301083565,13.833735466,14.481590271,5.14774410071837
0,ma_bounded,1,double,prepared,0,65536,26.419353485,26.774024963499997,27.363109589,1.395981789,1.4696383475,2.381264687,18.218104480633112
0,ma_bounded,1,double,prepared,1,65536,25.186443329,26.313447952,34.146690369,1.435941696,1.4895200725,2.860984802,17.66572229391692
0,ma_bounded,1,double,prepared,2,65536,25.288677216,26.5595912935,27.297210693,1.428003311,1.4718499184999998,2.579180717,18.045040434942962
0,ma_bounded,1,double,vienot,0,65536,23.608493805,24.583339691,33.99848938,1.39041996,1.4563860895,2.553654671,16.879685866431092
0,ma_bounded,1,double,vienot,1,65536,23.583126068,25.320339203000003,33.247661591,1.429089546,1.4827919005,2.433613777,17.076124569106387
0,ma_bounded,1,float,brettel,0,65536,34.034538269,176.480817795,186.773967743,2.228363991,2.3150186535,3.112514496,76.23300033811152
0,ma_bounded,1,float,brettel,1,65536,33.960723877,176.9202709195,186.731719971,2.272315979,2.3469610210000003,3.117757797,75.38270526713617
0,ma_bounded,1,float,brettel,2,65536,32.030582428,176.815223694,186.140823364,2.314892769,2.3333597184999997,3.386658669,75.77709612972392
0,ma_bounded,1,float,lookup,0,65536,30.48992157,30.6923389435,30.864334106,5.805983543,6.0384697915,7.304260254,5.082800776233709
0,ma_bounded,1,float,lookup,1,65536,29.190921783,30.5615901945,39.57567215,5.806296349,6.1238632200000005,7.236042023,4.990573612860674
0,ma_bounded,1,float,lookup,2,65536,28.909301758,29.9607276915,30.696201324,5.825510979,6.1055836675,7.249635696,4.907102960685126
0,ma_bounded,1,float,lookupApply,0,65536,47.075939178,50.360822677499996,57.209968567,12.752110481,13.632305622,14.52710247,3.6942263527474775
0,ma_bounded,1,float,lookupApply,1,65536,47.579669952,49.730825424,59.122276306,12.360862732,13.324889183,14.725751877,3.7321755356470048
0,ma_bounded,1,float,lookupApply,2,65536,48.304080963,50.243997574000005,59.097099304,12.684925079,13.6711287495,24.106732368,3.6751901393538997
0,ma_bounded,1,float,prepared,0,65536,19.400787354,20.130300522,29.465770721,0.851940155,0.8666315075,1.331713676,23.228212161441636
0,ma_bounded,1,float,prepared,1,65536,19.233798981,20.310020447,20.674610138,0.811595917,0.851828575,1.065936089,23.84284942190393
0,ma_bounded,1,float,prepared,2,65536,19.707107544,20.390796661,28.821372986,0.85252285,0.854092598,1.289646149,23.87422243062221
0,ma_bounded,1,float,vienot,0,65536,20.42131424,21.3393211365,22.20916748,0.837409973,0.846399307,1.346520424,25.211883989054353
0,ma_bounded,1,float,vienot,1,65536,22.027015686,22.262334823499998,31.260681152,0.813557625,0.8334603309999999,0.896479607,26.71073114756316
0,ma_direct,1,double,brettel,0,65536,26.44405365,28.2574653625,33.220672607,4.683232307,5.036018848,6.966036797,5.611072201153922
0,ma_direct,1,double,brettel,1,65536,28.318500519,30.401992798000002,31.130409241,4.830083847,5.032787323,5.581853867,6.040786317169
0,ma_direct,1,double,brettel,2,65536,27.377128601,28.8266181945,29.379558563,4.733009338,4.9376349445,5.750655174,5.838142859591065
0,ma_direct,1,double,lookup,0,65536,23.821163177,26.033735274999998,28.940677643,8.040079117,8.512359142000001,9.307821274,3.0583454998449824
0,ma_direct,1,double,lookup,1,65536,24.247455597,25.170516968,35.472011566,7.96057415,8.344051838,9.130381584,3.016582046311108
0,ma_direct,1,double,lookup,2,65536,24.131202698,25.363492966000003,26.631355286,7.314441681,8.2547574045,12.932332993,3.0725909585390534
0,ma_direct,1,double,lookupApply,0,65536,50.412654877,51.6376018525,62.483024597,13.164879799,13.460924625499999,13.937753677,3.8361110613961222
0,ma_direct,1,double,lookupApply,1,65536,49.214935303,50.57234764099999,59.659671783,13.25428009,13.6163897515,17.432190895,3.7140790300475115
0,ma_direct,1,double,lookupApply,2,65536,50.1994133,51.1251926425,63.377571106,12.381213188,13.429987431,13.910733223,3.8067937818384987
0,ma_direct,1,double,prepared,0,65536,25.421237946,26.9855976105,28.506755829,1.426522255,1.431435108,1.913235664,18.852127811930124
0,ma_direct,1,double,prepared,1,65536,25.430774689,26.7020702365,27.559566498,1.397737503,1.484447479,4.495863914,17.98788479501335
0,ma_direct,1,double,prepared,2,65536,25.979614258,26.8202781675,31.08625412,1.389801025,1.4634690285,1.874584198,18.32650889441081
0,ma_direct,1,double,vienot,0,65536,23.717021942,24.317407608,24.863529205,1.392913818,1.4466686245,1.829983711,16.809245183156317
0,ma_direct,1,double,vienot,1,65536,23.774147034,24.817752838,33.516597748,1.419617653,1.4792666435,1.951720238,16.777065140386235
0,ma_direct,1,float,brettel,0,65536,33.406066895,178.321027756,182.653713226,2.27102375,2.3800873755,6.405705452,74.92205101022351
0,ma_direct,1,float,brettel,1,65536,33.149814606,176.162338257,185.401916504,2.270935059,2.3970623015,2.593714714,73.49093018849096
0,ma_direct,1,float,brettel,2,65536,32.144546509,176.34849548350002,185.521221161,2.270777702,2.346950054,2.659860611,75.13943263638792
0,ma_direct,1,float,lookup,0,65536,23.860931396,24.8829841615,33.387851715,5.811285973,6.1104688645,6.497332573,4.072189010905974
0,ma_direct,1,float,lookup,1,65536,23.037147522,24.4742393495,26.3463974,5.654387474,6.029438496,6.515942574,4.059124139957062
0,ma_direct,1,float,lookup,2,65536,23.285007477,23.8748550415,37.755584717,5.811123848,6.132484913,6.553935051,3.893177949918586
0,ma_direct,1,float,lookupApply,0,65536,42.273616791,44.8416233065,46.515274048,12.270514488,13.5177116395,14.15356636,3.317249583536657
0,ma_direct,1,float,lookupApply,1,65536,40.820217133,44.3541526795,54.626846313,12.120828629,13.519523144,15.051961899,3.280748307989286
0,ma_direct,1,float,lookupApply,2,65536,43.633365631,44.147634506,46.130847931,12.990325928,13.459765911000002,22.831581116,3.279970454012155
0,ma_direct,1,float,prepared,0,65536,18.873405457,20.202302933,29.967784882,0.830077171,0.870135784,0.951552391,23.21741422945548
0,ma_direct,1,float,prepared,1,65536,19.204425812,20.514774322500003,28.883361816,0.829372406,0.864168644,1.069391251,23.73931808905115
0,ma_direct,1,float,prepared,2,65536,19.647979736,20.304775237999998,27.879428864,0.829866409,0.9016017915,1.017225266,22.52077960517229
0,ma_direct,1,float,vienot,0,65536,20.396614075,20.9321022035,21.638298035,0.831093788,0.8695540425,1.108640671,24.07222688922178
0,ma_direct,1,float,vienot,1,65536,21.970176697,22.480010986499998,23.787498474,0.830859184,0.8567352294999999,1.084758759,26.239157924694634
0,default,2,double,brettel,0,65536,27.98910141,28.305625915500002,28.831386566,4.905315399,4.955329895,5.660562515,5.7121577201269265
0,default,2,double,brettel,1,65536,26.93605423,27.3704051975,36.056137085,4.790186882,5.044160843,6.161446571,5.426156312101564
0,default,2,double,brettel,2,65536,29.653072357,29.916954040500002,30.248737335,4.906227112,5.1416049005,5.581020355,5.818602288478195
0,default,2,double,lookup,0,65536,44.090175629,45.196580887,45.691204071,8.191044807,8.685836315,17.319150925,5.203480614635553
0,default,2,double,lookup,1,65536,44.583320618,45.1745033265,45.809173584,8.097543716,8.573719978,8.946884155,5.26895016893681
0,default,2,double,lookup,2,65536,42.140960693,43.65401268,51.536655426,8.112081528,8.5101599695,9.262899399,5.129634793758738
0,default,2,double,lookupApply,0,65536,58.328533173,59.253835678,69.566345215,13.162015915,13.5362606045,22.625699043,4.377415403653032
0,default,2,double,lookupApply,1,65536,57.051086426,59.456968307500006,68.076515198,12.776952744,13.504512309999999,13.825778008,4.402748277216388
0,default,2,double,lookupApply,2,65536,58.169651031,58.8091373445,60.059642792,12.938277245,13.4277915955,13.924286842,4.379658183271809
0,default,2,double,prepared,0,65536,26.325511932,26.769208908000003,26.957511902,1.460841179,1.4920163155,1.870035172,17.941632829282558
0,default,2,double,prepared,1,65536,24.965763092,25.3366947175,26.103210449,1.456882477,1.481713295,1.992442131,17.099593290414525
0,default,2,double,prepared,2,65536,26.069831848,26.8943309785,35.847377777,1.453278542,1.4933948515,1.81553936,18.008854758998748
0,default,2,double,vienot,0,65536,24.331665039,24.9487400055,25.399303436,1.44715786,1.4632101055,1.912091255,17.050688695848404
0,default,2,double,vienot,1,65536,23.518848419,23.8642215725,33.555030823,1.411240578,1.475736618,1.991160393,16.17105741053042
0,default,2,float,brettel,0,65536,33.044242859,171.2537765505,186.373519897,2.219140053,2.232840538,2.533833504,76.69771917697958
0,default,2,float,brettel,1,65536,32.803153992,172.137117386,181.572723389,2.2191782,2.2844452855,2.61823082,75.35182325381196
0,default,2,float,brettel,2,65536,31.250095367,175.786399841,184.977245331,2.22661972,2.384824276,3.368035316,73.71042034838797
0,default,2,float,lookup,0,65536,30.697154999,30.8571338655,39.446353912,5.665263176,5.825653076,5.99471283,5.2967681842611665
0,default,2,float,lookup,1,65536,30.377960205,30.738782882499997,31.088924408,5.667309761,5.858727932000001,6.589613914,5.2466650165826465
0,default,2,float,lookup,2,65536,30.106735229,30.7770252225,40.884971619,5.947051048,6.147443771000001,6.480182648,5.006475271508425
0,default,2,float,lookupApply,0,65536,40.642356873,41.3780689235,41.597938538,12.345397949,13.199961185500001,14.133555412,3.134711408769392
0,default,2,float,lookupApply,1,65536,40.954303741,41.421747207500005,50.457286835,12.684679031,13.02341938,13.380496979,3.1805584999521073
0,default,2,float,lookupApply,2,65536,38.057899475,39.199256897,41.857242584,13.254849434,13.8388557435,14.455124855,2.832550437951604
0,default,2,float,prepared,0,65536,20.164966583,20.48830986,20.810508728,0.811309814,0.826139927,0.846105576,24.800048018984075
0,default,2,float,prepared,1,65536,20.168113708,20.50652504,29.518795013,0.811181068,0.8254246709999999,0.968951225,24.843605674102758
0,default,2,float,prepared,2,65536,18.886375427,19.4745540615,23.397445679,0.819262505,0.8762788775,0.928159714,22.22415096556975
0,default,2,float,vienot,0,65536,21.425437927,21.781349182,27.727985382,0.815050125,0.8354496955,0.928875923,26.071407170678654
0,default,2,float,vienot,1,65536,21.376514435,22.072792053,24.19834137,0.814461708,0.8381347655,0.873641014,26.33561207764982
0,prepared,2,double,brettel,0,65536,35.85062027,37.868881225500004,40.301609039,4.79254055,4.991670131499999,5.713990211,7.586415012988927
0,prepared,2,double,brettel,1,65536,37.846279144,38.389968872,39.954376221,4.67890358,4.9532308579999995,6.273244858,7.750490532860199
0,prepared,2,double,brettel,2,65536,35.82649231,36.325597763,45.465755463,4.570416451,4.6774520875,5.503466606,7.766107933008303
0,prepared,2,double,lookup,0,65536,44.570350647,45.1090335845,54.530906677,8.189269066,8.552672386000001,8.879235268,5.27426183871367
0,prepared,2,double,lookup,1,65536,42.60187149,43.400859833,46.324443817,7.278681755,7.77898407,7.995775223,5.579245238510946
0,prepared,2,double,lookup,2,65536,44.264698029,45.033264160499996,53.844928741,7.144592285,7.85366106,8.708930969,5.734047320919143
0,prepared,2,double,lookupApply,0,65536,54.957771301,56.210899353,59.481716156,13.003547668,13.524729728499999,13.887552261,4.1561569422381535
0,prepared,2,double,lookupApply,1,65536,57.281684875,58.3154678345,68.509197235,12.128855705,13.046029091000001,15.300930977,4.469978368722924
0,prepared,2,double,lookupApply,2,65536,56.575679779,58.0167293545,67.309570312,11.839653969,12.6037716865,21.788666725,4.603124429542165
0,prepared,2,double,prepared,0,65536,24.83549118,25.466966628999998,33.888721466,1.426133156,1.4508380889999999,1.972933769,17.553279598933937
0,prepared,2,double,prepared,1,65536,26.563262939,26.764059066999998,27.184581757,1.388990402,1.4636878965,1.975498199,18.285359283901133
0,prepared,2,double,prepared,2,65536,25.02450943,25.367593765000002,26.41658783,1.354814529,1.4115447995000001,1.549293518,17.9715116190331
0,prepared,2,double,vienot,0,65536,11.452770233,12.088489532499999,12.510585785,1.418552399,1.4593343735,1.88481617,8.283563898729751
0,prepared,2,double,vienot,1,65536,12.126922607,12.4480247495,13.650035858,1.447000504,1.4556469915,1.825742722,8.551540876454316
0,prepared,2,float,brettel,0,65536,30.389404297,30.7281017305,36.603450775,2.27689743,2.3806438444999998,2.752646446,12.90747534600403
0,prepared,2,float,brettel,1,65536,28.612041473,28.97400856,35.919094086,2.33338356,2.4045557975,2.706651688,12.049630368371604
0,prepared,2,float,brettel,2,65536,30.344295502,30.813407898,31.193637848,2.335826874,2.4126081465,2.71804142,12.771824526374656
0,prepared,2,float,lookup,0,65536,27.597808838,28.352880478,34.803199768,5.972084999,6.1442575455,6.530992508,4.614533207314103
0,prepared,2,float,lookup,1,65536,29.950714111,30.159902572500002,39.691066742,5.803730011,6.2972726825,12.779606819,4.789359472444919
0,prepared,2,float,lookup,2,65536,29.669094086,30.0765037535,30.38110733,5.959469795,6.1678881645,6.360773087,4.876304976897737
0,prepared,2,float,lookupApply,0,65536,39.705753326,40.702533722,41.320800781,13.356356621,13.741505623,14.013965607,2.962014122664526
0,prepared,2,float,lookupApply,1,65536,38.949775696,40.4804706575,49.482917786,13.271239281,13.837958336,13.930765152,2.925321039028456
0,prepared,2,float,lookupApply,2,65536,39.893531799,40.749406814500006,49.935436249,13.037469864,13.772696495,23.499264717,2.9587094168011
0,prepared,2,float,prepared,0,65536,20.076560974,20.4367637635,20.929431915,0.83075428,0.867033005,1.047002792,23.570917883916078
0,prepared,2,float,prepared,1,65536,18.900489807,19.303369521999997,19.783592224,0.858397484,0.8671264649999999,1.078824043,22.26130824181453
0,prepared,2,float,prepared,2,65536,20.05405426,20.3877449035,20.740509033,0.856050491,0.8692865375000001,0.958187103,23.453423036014748
0,prepared,2,float,vienot,0,65536,8.884525299,9.3495845795,17.7277565,0.85110569,0.887108326,1.041773796,10.539394463422047
0,prepared,2,float,vienot,1,65536,8.647155762,8.764219284500001,9.323501587,0.8618536,0.8749017715,1.137249947,10.017375172842476
0,inline,2,double,brettel,0,65536,42.234325409,44.833564757999994,45.369434357,4.678760529,4.9278230665,5.481595039,9.098046775011984
0,inline,2,double,brettel,1,65536,44.673442841,45.138454437,45.757675171,4.872368813,5.237168789,6.47163105,8.618865699308284
0,inline,2,double,brettel,2,65536,44.548606873,45.4357624055,55.005931854,4.810407639,5.1977849005,6.48177433,8.741370271234063
0,inline,2,double,lookup,0,65536,41.889667511,43.8732624055,54.070091248,8.210730553,8.6003756525,9.231969833,5.101319311877581
0,inline,2,double,lookup,1,65536,44.827461243,45.009088516,47.651386261,7.982275009,8.7238907815,9.390202522,5.159290693029638
0,inline,2,double,lookup,2,65536,44.136238098,44.8978900905,45.848369598,8.166761398,8.7343764305,17.83427906,5.140365823222233
0,inline,2,double,lookupApply,0,65536,56.046581268,58.1344127655,67.69618988,12.981188774,13.439232826,14.874727249,4.325724058670311
0,inline,2,double,lookupApply,1,65536,54.98752594,58.579349518,67.639446259,13.029367447,13.6827158925,14.123641968,4.281266232393929
0,inline,2,double,lookupApply,2,65536,54.813861847,58.413934707500005,67.789840698,13.483180046,13.771241665000002,23.130409241,4.241733325758175
0,inline,2,double,prepared,0,65536,26.409626007,26.7426013945,35.501098633,1.420148849,1.4717774394999998,1.87822628,18.170275394073943
0,inline,2,double,prepared,1,65536,25.684833527,26.468515396,26.831531525,1.459506989,1.4805464745,1.966687202,17.877530933258118
0,inline,2,double,prepared,2,65536,24.883651733,26.158666611,27.429866791,1.458202362,1.5263605120000001,2.570392609,17.13793458710756
0,inline,2,double,vienot,0,65536,18.736457825,19.079780579,19.525146484,1.414188385,1.463879108,1.906293869,13.033713285974432
0,inline,2,double,vienot,1,65536,17.787647247,19.0608024595,25.294303894,1.454271317,1.481833458,1.852157593,12.862985618657827
0,inline,2,float,brettel,0,65536,36.045265198,36.23752594,38.043785095,2.28336525,2.3789381985,2.655568123,15.232647053567414
0,inline,2,float,brettel,1,65536,34.52167511,36.336135864,38.067722321,2.325510979,2.382068634,2.529736519,15.254025574814735
0,inline,2,float,brettel,2,65536,33.590698242,35.685491561999996,43.724536896,2.325738907,2.3626074790000002,2.559421539,15.104282822766766
0,inline,2,float,lookup,0,65536,28.686332703,30.655002594000003,31.091976166,5.802625656,6.1106705665,6.714712143,5.016634796524177
0,inline,2,float,lookup,1,65536,28.750324249,30.6109428405,31.251907349,5.96493721,6.1089491845,14.964209557,5.010836056415064
0,inline,2,float,lookup,2,65536,29.182434082,30.735158920499998,38.548278809,5.806196213,6.2216849325000005,9.385169029,4.940005682375495
0,inline,2,float,lookupApply,0,65536,38.516044617,40.4005527495,49.308490753,12.718584061,13.729599476,13.981176376,2.9425878606380405
0,inline,2,float,lookupApply,1,65536,38.192272186,40.699148178,41.930007935,13.24194622,13.6459302905,14.026652336,2.982511804734475
0,inline,2,float,lookupApply,2,65536,39.551734924,40.56892395,42.217826843,12.981916428,13.8579454425,18.853816986,2.927484750054066
0,inline,2,float,prepared,0,65536,19.473743439,20.285320282,20.663356781,0.874760628,0.889956951,1.051278114,22.79359721749058
0,inline,2,float,prepared,1,65536,20.145702362,20.2873706815,29.156208038,0.85696888,0.8776421544999999,1.044924736,23.115766007226355
0,inline,2,float,prepared,2,65536,19.988536835,20.275592804,20.904541016,0.83264637,0.86388731,0.90087986,23.470182475536074
0,inline,2,float,vienot,0,65536,13.881397247,14.3444538115,14.635753632,0.857749939,0.8869166374999999,1.00897789,16.173395790537306
0,inline,2,float,vienot,1,65536,14.255905151,14.4721508025,23.53553772,0.851246834,0.8751392365,1.102636337,16.536969431720824
0,bv_direct,2,double,brettel,0,65536,17.884063721,18.8621997835,19.381332397,4.800106049,4.916765213,5.786519051,3.8363027247321195
0,bv_direct,2,double,brettel,1,65536,18.269062042,19.0237998965,28.733921051,4.816203117,5.1895570755,5.490432739,3.665784886789613
0,bv_direct,2,double,brettel,2,65536,17.85774231,20.084619522,27.359580994,4.590797424,4.8096170425,7.041149139,4.1759290489290555
0,bv_direct,2,double,lookup,0,65536,43.399047852,45.085954666,46.236515045,8.013819695,8.573564528999999,16.881374359,5.258717597971905
0,bv_direct,2,double,lookup,1,65536,42.61598587,46.8213558195,56.889152527,7.609416962,9.331720352000001,18.21155262,5.017440949081282
0,bv_direct,2,double,lookup,2,65536,42.807865143,45.027542114,52.410697937,7.786829948,9.5428309445,14.093848228,4.718467965729978
0,bv_direct,2,double,lookupApply,0,65536,54.630279541,57.5293540955,75.193977356,13.22827816,13.5855765345,13.972597122,4.2345905563452995
0,bv_direct,2,double,lookupApply,1,65536,58.390235901,59.346294403499996,68.441581726,13.406417847,13.831451416,14.383049011,4.290677284587007
0,bv_direct,2,double,lookupApply,2,65536,54.667949677,58.960962295499996,69.828891754,11.947887421,14.725636959000001,21.34687233,4.003966854517915
0,bv_direct,2,double,prepared,0,65536,24.983596802,26.0226249695,26.793956757,1.449754715,1.4897027015000002,2.106901169,17.46833441551626
0,bv_direct,2,double,prepared,1,65536,26.549911499,27.65789032,31.024169922,1.430715561,1.484106064,1.86416626,18.636060448035472
0,bv_direct,2,double,prepared,2,65536,24.950408936,26.666355133000003,37.833404541,1.375930786,1.9493136404999998,8.148661613,13.679868944106948
0,bv_direct,2,double,vienot,0,65536,5.375003815,5.5401325225,6.171894073,1.435229301,1.496570587,2.033058167,3.701885210510288
0,bv_direct,2,double,vienot,1,65536,5.506229401,5.722904205,6.264019012,1.422569275,1.4481458665,2.055179596,3.951883810455913
0,bv_direct,2,float,brettel,0,65536,15.528202057,16.664600372499997,18.144226074,2.226510048,2.3260288239999998,2.631813049,7.164399770352974
0,bv_direct,2,float,brettel,1,65536,16.648101807,16.905975341999998,17.201328278,2.322816849,2.4648747445,3.432533264,6.8587563646887775
0,bv_direct,2,float,brettel,2,65536,15.990543365,17.043638229499997,18.725585938,2.322798729,2.3887605670000003,2.639095306,7.134929496473053
0,bv_direct,2,float,lookup,0,65536,28.687000275,30.6287288665,36.803436279,5.79258728,6.061332225999999,6.753304482,5.053134810053556
0,bv_direct,2,float,lookup,1,65536,28.462409973,29.847240448,40.117454529,5.999567032,6.176146984,6.461330414,4.832663556311503
0,bv_direct,2,float,lookup,2,65536,27.949714661,30.6007862095,31.545257568,5.933442116,6.2754135135,12.101874352,4.8762979752123075
0,bv_direct,2,float,lookupApply,0,65536,37.937736511,39.986181259,41.377639771,12.12202549,13.6238417625,14.136154175,2.9350150975081837
0,bv_direct,2,float,lookupApply,1,65536,39.072322845,40.753316878999996,47.849845886,13.667990685,13.8084573745,22.279236794,2.951330172062443
0,bv_direct,2,float,lookupApply,2,65536,40.784645081,41.3371562955,50.860309601,13.099676132,13.8125696185,14.241440773,2.9927202133435533
0,bv_direct,2,float,prepared,0,65536,18.921852112,20.531558990500002,21.005535126,0.826738358,0.8494591714999999,1.052457809,24.170153998390262
0,bv_direct,2,float,prepared,1,65536,19.637966156,20.432090759,21.475887299,0.847438812,0.8760242465,1.188399315,23.323658951944317
0,bv_direct,2,float,prepared,2,65536,20.270442963,20.677137375,21.127223969,0.875402451,0.887661934,1.060824394,23.29393272709608
0,bv_direct,2,float,vienot,0,65536,4.793357849,5.0481796265,5.803203583,0.82711792,0.8516960145,1.149829865,5.927208229879535
0,bv_direct,2,float,vienot,1,65536,4.792404175,5.0672531124999995,5.405426025,0.847015381,0.8927025795,1.134691238,5.676306116801133
0,bv_split,2,double,brettel,0,65536,9.748935699,10.2210044865,11.043548584,4.800601006,5.2069330215,5.503700256,1.9629606227497736
0,bv_split,2,double,brettel,1,65536,10.111999512,10.5443000795,10.969161987,4.801358223,5.064492702500001,12.345568657,2.0820051876656835
0,bv_split,2,double,brettel,2,65536,9.709835052,10.1647853855,10.545444489,4.676917076,5.089348316500001,6.783298492,1.9972665955177602
0,bv_split,2,double,lookup,0,65536,43.625450134,44.976091385000004,53.88879776,7.589174271,8.4995269775,9.190645218,5.291599344770713
0,bv_split,2,double,lookup,1,65536,42.311954498,45.763397216499996,51.987361908,7.892606735,8.547297001,8.983242989,5.3541367769419805
0,bv_split,2,double,lookup,2,65536,43.76411438,44.8565483095,53.214168549,7.76475811,8.119482994,16.623410225,5.524557209202524
0,bv_split,2,double,lookupApply,0,65536,55.380058289,57.24773407,67.672157288,12.711179733,13.493968964,14.037829399,4.242468188768542
0,bv_split,2,double,lookupApply,1,65536,57.207679749,58.679485321,66.770172119,13.022747993,13.616715431500001,13.79611969,4.309371493896009
0,bv_split,2,double,lookupApply,2,65536,54.539775848,57.144117355,68.766117096,12.497620583,13.082969188500002,13.717403412,4.367824805796377
0,bv_split,2,double,prepared,0,65536,24.822711945,26.117181778,27.137374878,1.430634499,1.469408512,1.787944794,17.773942075816695
0,bv_split,2,double,prepared,1,65536,25.706481934,26.467752457,36.531734467,1.428385735,1.4747571945,1.900569916,17.947193311352923
0,bv_split,2,double,prepared,2,65536,24.822044373,25.654220581,34.887313843,1.385824203,1.435549736,1.971452713,17.870659537357888
0,bv_split,2,double,vienot,0,65536,5.406475067,5.6977272034999995,10.875415802,1.425132751,1.4667634965,1.785531044,3.8845575425731216
0,bv_split,2,double,vienot,1,65536,5.510807037,5.834579467999999,6.235027313,1.419397354,1.4348526005,2.03403759,4.0663267195298225
0,bv_split,2,float,brettel,0,65536,9.909057617,11.233711242999998,12.405014038,2.281786919,2.3774781230000004,2.599707603,4.725053464981976
0,bv_split,2,float,brettel,1,65536,9.90228653,10.7285499575,11.245822906,2.325293541,2.402747631,2.771445274,4.465117276188878
0,bv_split,2,float,brettel,2,65536,10.782337189,10.926818848,11.242103577,2.325155258,2.4072046279999997,6.407101631,4.539214789179942
0,bv_split,2,float,lookup,0,65536,28.389072418,29.856586456,30.001926422,5.962803841,6.2872653005,6.790897369,4.748739718940384
0,bv_split,2,float,lookup,1,65536,29.639148712,29.938364029,30.306625366,5.953629494,6.244230747,6.723130226,4.794564013090595
0,bv_split,2,float,lookup,2,65536,27.798843384,29.473018646,30.233383179,5.905362129,6.170119286,6.589442253,4.776734011103201
0,bv_split,2,float,lookupApply,0,65536,37.006378174,40.282535553,50.084400177,12.300104141,13.957675934000001,14.869498253,2.886048919854511
0,bv_split,2,float,lookupApply,1,65536,39.922428131,40.740299225,50.173091888,13.045633316,13.902662754,14.294773102,2.9303954174734206
0,bv_split,2,float,lookupApply,2,65536,38.754749298,40.456867218,47.357749939,13.379854202,13.820295334,14.458264351,2.927351857559081
0,bv_split,2,float,prepared,0,65536,19.159507751,20.7659721375,32.749652863,0.823787689,0.8682451250000001,1.090144157,23.917176773667457
0,bv_split,2,float,prepared,1,65536,18.94826889,20.397233962999998,29.181289673,0.849980354,0.8666658405000001,1.010704041,23.535292392777762
0,bv_split,2,float,prepared,2,65536,20.157337189,20.6933021545,29.62474823,0.849944115,0.8754286765,1.1417799,23.63790758743782
0,bv_split,2,float,vienot,0,65536,4.662418365,4.8302173615,6.948661804,0.827332497,0.8670134545,1.082268715,5.571098506522658
0,bv_split,2,float,vienot,1,65536,4.736614227,4.910993576,5.240821838,0.854907036,0.870059967,1.076843262,5.6444311452844955
0,ma_fixed,2,double,brettel,0,65536,27.797794342,28.4363746645,29.029178619,4.815123558,5.026823044,5.847805023,5.656927728626048
0,ma_fixed,2,double,brettel,1,65536,28.594112396,28.963470459,29.436969757,4.75122261,5.0371398925,6.630691528,5.749983339181203
0,ma_fixed,2,double,brettel,2,65536,26.374340057,27.847766876500003,33.892917633,4.831587791,5.0715227125,5.970369339,5.4910070318451725
0,ma_fixed,2,double,lookup,0,65536,44.654083252,47.0581531525,55.865097046,8.011425018,8.770049095,9.723755836,5.3657798996049975
0,ma_fixed,2,double,lookup,1,65536,43.817615509,46.5827941895,54.572868347,7.925151825,8.099952698,8.890530586,5.750995830012933
0,ma_fixed,2,double,lookup,2,65536,44.780158997,46.459865570000005,47.420501709,7.957131386,8.1166062355,16.834757805,5.724050695818678
0,ma_fixed,2,double,lookupApply,0,65536,68.692970276,72.5257873535,77.583694458,12.966806412,13.5688414575,15.116170883,5.345024302971151
0,ma_fixed,2,double,lookupApply,1,65536,72.662639618,73.4887599945,83.169269562,12.630099297,13.073929787,20.11003685,5.621015348237008
0,ma_fixed,2,double,lookupApply,2,65536,68.293857574,73.230886459,82.63168335,12.606152534,12.873001098500001,13.680261612,5.688719040623175
0,ma_fixed,2,double,prepared,0,65536,25.367641449,26.805639267,37.033081055,1.428906441,1.4790382384999998,2.196946144,18.123695905378042
0,ma_fixed,2,double,prepared,1,65536,26.039505005,26.871538162,35.82201004,1.401022911,1.433916569,1.970698357,18.739959313490576
0,ma_fixed,2,double,prepared,2,65536,24.918746948,25.767469406,26.977157593,1.417750359,1.4428887365,2.115830421,17.858251127875512
0,ma_fixed,2,double,vienot,0,65536,24.262428284,24.767351150499998,34.383296967,1.425276756,1.4960746765000001,2.288899422,16.554889631874598
0,ma_fixed,2,double,vienot,1,65536,24.188518524,25.15001297,34.46264267,1.395116806,1.4357409475,2.695067406,17.517096669697093
0,ma_fixed,2,float,brettel,0,65536,33.146095276,174.704837799,187.842464447,2.264588356,2.3324155805,2.802581787,74.90296294520057
0,ma_fixed,2,float,brettel,1,65536,33.017444611,173.60234260549998,188.819980621,2.333394051,2.3986339565,2.769433022,72.37550445538353
0,ma_fixed,2,float,brettel,2,65536,33.878421783,176.0828495025,185.320568085,2.370956421,2.633433819,4.440483093,66.86435338988863
0,ma_fixed,2,float,lookup,0,65536,29.815292358,30.521297455,38.986587524,5.946681976,6.1054930689999996,6.680909157,4.998989780197882
0,ma_fixed,2,float,lookup,1,65536,29.893779755,30.5852890015,31.042385101,5.956942558,6.199737072,7.022293091,4.933320340250068
0,ma_fixed,2,float,lookup,2,65536,29.894065857,30.313873291,31.02645874,5.961857796,6.235971450999999,6.694931984,4.861130864564633
0,ma_fixed,2,float,lookupApply,0,65536,50.015068054,51.164102553999996,52.096652985,13.274870872,13.8144836425,23.077028275,3.7036565302082365
0,ma_fixed,2,float,lookupApply,1,65536,50.443267822,51.157855988,60.747241974,13.082161903,13.864765644,14.074503899,3.689774302830618
0,ma_fixed,2,float,lookupApply,2,65536,47.282886505,51.591968536500005,59.776496887,13.445524216,13.857831478,14.220468521,3.722946740866696
0,ma_fixed,2,float,prepared,0,65536,20.09344101,20.5113887785,30.218791962,0.822526932,0.8461956975,1.118802071,24.2395332889293
0,ma_fixed,2,float,prepared,1,65536,18.949317932,20.7591056825,25.138473511,0.85654068,0.8696894645,1.239113808,23.86956095235071
0,ma_fixed,2,float,prepared,2,65536,18.937206268,20.2251911165,29.917430878,0.861135483,0.9044637680000001,2.663708687,22.361527163462892
0,ma_fixed,2,float,vienot,0,65536,20.23935318,20.999193191499998,21.951007843,0.823312759,0.8855109215000001,1.139042854,23.71421140230397
0,ma_fixed,2,float,vienot,1,65536,20.94669342,21.721076965499996,33.203125,0.85789299,0.8685736660000001,0.995019913,25.007754455106856
0,ma_bounded,2,double,brettel,0,65536,26.410865784,27.841567992999998,31.174373627,4.598788261,5.196665287,7.804722786,5.357583460810644
0,ma_bounded,2,double,brettel,1,65536,27.372837067,28.866291046,30.037212372,4.682940483,4.8090291025,5.380887032,6.002519517087909
0,ma_bounded,2,double,brettel,2,65536,27.159786224,28.4734725955,37.479877472,4.683179855,4.7136063575,4.997628212,6.040698020995063
0,ma_bounded,2,double,lookup,0,65536,44.36674118,46.7274188995,52.167892456,7.124168396,7.8966178895,8.879508018,5.917396479527351
0,ma_bounded,2,double,lookup,1,65536,43.021869659,45.192146301,47.363948822,7.757076263,7.8656425475,8.301439285,5.745512337750942
0,ma_bounded,2,double,lookup,2,65536,43.291378021,45.1319694515,46.665000916,7.303557396,8.436239719500001,16.56709671,5.3497732345347435
0,ma_bounded,2,double,lookupApply,0,65536,66.815471649,70.1525688175,79.644298553,12.152147293,13.032195091,13.843175888,5.383020153369801
0,ma_bounded,2,double,lookupApply,1,65536,71.951007843,73.617506027,85.593223572,12.026417732,12.723182201,13.658508301,5.7860922577383125
0,ma_bounded,2,double,lookupApply,2,65536,67.037296295,72.21031189,80.42640686,11.84939003,12.5942425725,14.49072361,5.733597036448537
0,ma_bounded,2,double,prepared,0,65536,24.926280975,25.8999347685,26.618480682,1.443442345,1.4758901595,1.774853706,17.548687212112277
0,ma_bounded,2,double,prepared,1,65536,25.171756744,26.517629622999998,27.715682983,1.398396492,1.4499058725,1.502663612,18.28920768303185
0,ma_bounded,2,double,prepared,2,65536,25.317764282,26.088285446500002,27.875900269,1.382650375,1.4177465439999999,1.872811317,18.401233673894257
0,ma_bounded,2,double,vienot,0,65536,23.837184906,24.5965957645,25.376796722,1.413150787,1.5048704145,2.94989872,16.34466032922332
0,ma_bounded,2,double,vienot,1,65536,23.495197296,24.8984336855,35.315513611,1.391049385,1.441707611,1.483782768,17.270099356852185
0,ma_bounded,2,float,brettel,0,65536,34.579849243,177.217245102,188.482189178,2.176870346,2.3186588285,2.722809792,76.43092762234727
0,ma_bounded,2,float,brettel,1,65536,33.518600464,174.09262657149998,188.907241821,2.318179131,2.378620148,2.678818703,73.19059611846018
0,ma_bounded,2,float,brettel,2,65536,33.263683319,173.339271545,182.292556763,2.322805405,2.3988094330000003,2.827277184,72.26054273440903
0,ma_bounded,2,float,lookup,0,65536,28.665065765,29.915571212499998,38.324546814,5.95535183,6.183856487,6.656876564,4.837688467607544
0,ma_bounded,2,float,lookup,1,65536,28.917503357,30.175638198999998,32.796096802,5.81578064,6.2925634385,13.349339485,4.795444415287955
0,ma_bounded,2,float,lookup,2,65536,30.05437851,31.196594238499998,40.401935577,5.828540802,6.234650611499999,7.276531219,5.003743783325556
0,ma_bounded,2,float,lookupApply,0,65536,49.287891388,50.007009506,52.511787415,12.98329258,13.843338489499999,14.484844208,3.612351857460518
0,ma_bounded,2,float,lookupApply,1,65536,49.24030304,50.8521556855,68.480682373,13.447710037,13.833762646,14.247015953,3.6759453654645275
0,ma_bounded,2,float,lookupApply,2,65536,46.65594101,50.641393661500004,51.534461975,13.445220947,13.852658272,14.209401131,3.6557166622568085
0,ma_bounded,2,float,prepared,0,65536,19.972515106,20.5104351045,29.21705246,0.835321426,0.8492465014999999,1.06480217,24.1513330561539
0,ma_bounded,2,float,prepared,1,65536,19.192695618,20.449304581,20.935726166,0.850200653,0.885184765,1.124752045,23.10173580653526
0,ma_bounded,2,float,prepared,2,65536,18.852710724,20.209598541,20.880222321,0.843592644,0.8654727935,0.952233315,23.350934532871598
0,ma_bounded,2,float,vienot,0,65536,20.397377014,21.331691742,31.815242767,0.830530167,0.844951153,1.070384026,25.24606501365411
0,ma_bounded,2,float,vienot,1,65536,20.848655701,21.04845047,32.762813568,0.844334602,0.8659005165,1.103270531,24.30816250702629
0,ma_direct,2,double,brettel,0,65536,27.196884155,28.202199936,38.884735107,4.824565887,5.094947815,5.67469883,5.535326554860895
0,ma_direct,2,double,brettel,1,65536,29.464435577,30.318832397,31.895065308,4.829744339,5.0729265214999995,5.917601585,5.976596007945944
0,ma_direct,2,double,brettel,2,65536,28.69386673,29.1056632995,38.709259033,4.943977356,5.015340805,5.895715714,5.803327117966413
0,ma_direct,2,double,lookup,0,65536,23.376846313,26.424884796,30.74054718,7.982046127,8.9817996025,9.739080429,2.9420479152802383
0,ma_direct,2,double,lookup,1,65536,24.747848511,25.586605071999998,27.736186981,8.076376915,8.6552147865,9.231948853,2.9562068305813494
0,ma_direct,2,double,lookup,2,65536,23.294258118,24.0981578825,26.772403717,8.165877342,8.601144314,9.115894318,2.801738583001759
0,ma_direct,2,double,lookupApply,0,65536,47.875213623,48.2975006105,50.42257309,13.314385414,13.5662083625,13.742753029,3.56013259710834
0,ma_direct,2,double,lookupApply,1,65536,50.521469116,51.072263718,64.261436462,13.336928368,13.550744056500001,22.565419197,3.768963793062104
0,ma_direct,2,double,lookupApply,2,65536,47.547245026,48.5503673555,52.035522461,13.32162571,13.652580261,13.925836563,3.556131253385788
0,ma_direct,2,double,prepared,0,65536,24.905014038,25.25806427,26.956939697,1.456969261,1.5066108704999999,2.058250427,16.764822798349776
0,ma_direct,2,double,prepared,1,65536,26.505088806,26.8018722535,27.320671082,1.458613396,1.4989004135,1.922524452,17.881022656412792
0,ma_direct,2,double,prepared,2,65536,24.999904633,26.2234687805,32.834625244,1.494300842,1.5130324365,2.051067352,17.33172941167147
0,ma_direct,2,double,vienot,0,65536,23.381233215,25.1010894775,32.488918304,1.452090263,1.5105781555,2.102780342,16.616875721462794
0,ma_direct,2,double,vienot,1,65536,24.991989136,25.458765030000002,26.771068573,1.452681541,1.5686044694999999,4.840171814,16.230200490321888
0,ma_direct,2,float,brettel,0,65536,33.001232147,176.720762253,186.929225922,2.288046837,2.3378334045,2.850757599,75.59168327085986
0,ma_direct,2,float,brettel,1,65536,31.359481812,177.31590271,184.560489655,2.326126099,2.3969378470000002,2.887499809,73.97601190699542
0,ma_direct,2,float,brettel,2,65536,31.663608551,172.0752716065,183.265590668,2.382097244,2.4025206565,2.779806137,71.62280629760737
0,ma_direct,2,float,lookup,0,65536,22.73015976,22.977018356000002,25.076675415,5.993871689,6.1454758645,6.665076256,3.738850963312575
0,ma_direct,2,float,lookup,1,65536,22.823810577,23.6828804015,32.967948914,6.022313118,6.162423610499999,6.529348373,3.8431113955144744
0,ma_direct,2,float,lookup,2,65536,23.787975311,24.7028827665,26.274967194,6.109959602,6.2804169655,6.53764534,3.933318902582345
0,ma_direct,2,float,lookupApply,0,65536,40.753364563,42.749929428,47.284221649,13.516974449,13.854066848999999,18.588352203,3.0857314241331046
0,ma_direct,2,float,lookupApply,1,65536,43.224239349,44.4677829745,54.366016388,13.370901108,13.881843567,14.090410233,3.2033052929806147
0,ma_direct,2,float,lookupApply,2,65536,43.915271759,45.71146965,56.140995026,13.655345917,13.979469776,14.056780815,3.269900102254064
0,ma_direct,2,float,prepared,0,65536,19.965457916,20.8782196045,26.906490326,0.850292206,0.8922467235,1.098496437,23.39960355651561
0,ma_direct,2,float,prepared,1,65536,20.099163055,20.554828644,20.831108093,0.854213715,0.8886504175000001,1.231980324,23.130387652127556
0,ma_direct,2,float,prepared,2,65536,20.156383514,20.651292801,23.868656158,0.86732769,0.8757119179999999,0.913707733,23.58229045022544
0,ma_direct,2,float,vienot,0,65536,21.020412445,21.2996006015,22.426700592,0.843975067,0.894347668,2.369001389,23.815794867706863
0,ma_direct,2,float,vienot,1,65536,20.642852783,21.848011017,23.056030273,0.854309082,0.871743679,1.142845154,25.062425507991552
1,default,0,double,brettel,0,1024,8.819580078,9.017944336,14.642333984,4.648193359,4.671875,5.456115723,1.9302623327892976
1,default,0,double,brettel,1,1024,6.604003906,6.7596435545,9.167480469,4.69152832,4.7262268065,5.248291016,1.4302410424322916
1,default,0,double,brettel,2,1024,5.786132812,5.810546875,8.276367188,4.682617188,4.694152832,5.086791992,1.2378265222618128
1,default,0,double,lookup,0,1024,9.869384766,9.878540039,11.785888672,7.758728027,7.968109131,10.735473633,1.2397596313744563
1,default,0,double,lookup,1,1024,9.887695312,10.113525391,12.127685547,7.936279297,7.9756774905,8.211914062,1.2680459312762378
1,default,0,double,lookup,2,1024,9.869384766,9.893798828,11.608886719,7.937438965,7.9655761720000005,15.369262695,1.2420694516459392
1,default,0,double,lookupApply,0,1024,12.939453125,13.265991211,15.588378906,12.048339844,12.636077881,13.235473633,1.0498503836342412
1,default,0,double,lookupApply,1,1024,12.945556641,13.265991211,15.832519531,12.815490723,12.9332580565,13.636779785,1.0257269400367972
1,default,0,double,lookupApply,2,1024,12.945556641,13.265991211,15.460205078,12.114685059,12.9249267575,16.028930664,1.0263881149888985
1,default,0,double,prepared,0,1024,1.776123047,1.794433594,1.818847656,1.190734863,1.3215026855,3.768310547,1.357873588672325
1,default,0,double,prepared,1,1024,1.788330078,1.818847656,3.479003906,1.187683105,1.271514893,1.36328125,1.4304572176175054
1,default,0,double,prepared,2,1024,1.800537109,1.818847656,13.458251953,1.188293457,1.2517089845,1.313598633,1.453091476152139
1,default,0,double,vienot,0,1024,0.958251953,0.982666016,3.753662109,1.307922363,1.4184570315,2.976501465,0.6927710844796218
1,default,0,double,vienot,1,1024,0.958251953,0.9735107425,0.988769531,1.330200195,1.3382873535000002,1.685546875,0.7274302786722103
1,default,0,float,brettel,0,1024,7.312011719,7.5927734375,11.1328125,2.253479004,2.276062012,2.302001953,3.3359255580335216
1,default,0,float,brettel,1,1024,4.992675781,5.026245117,14.703369141,2.254333496,2.294891357,3.7734375,2.190188699638734
1,default,0,float,brettel,2,1024,4.425048828,4.550170898499999,4.8828125,2.253295898,2.2835388180000002,5.31072998,1.992596255703326
1,default,0,float,lookup,0,1024,7.995605469,8.2611083985,10.418701172,5.799316406,5.8082580565,6.015258789,1.4223039538084958
1,default,0,float,lookup,1,1024,7.574462891,8.4289550785,8.636474609,5.805786133,5.9992980955,10.937255859,1.404990207908231
1,default,0,float,lookup,2,1024,8.013916016,8.453369141,12.908935547,5.806152344,5.964294433999999,17.235290527,1.4173292808636013
1,default,0,float,lookupApply,0,1024,12.994384766,13.412475586,15.093994141,12.383300781,12.963470459,13.533325195,1.0346361823726202
1,default,0,float,lookupApply,1,1024,13.122558594,13.500976563,13.854980469,12.382873535,12.956176758,13.416564941,1.0420494267078908
1,default,0,float,lookupApply,2,1024,13.122558594,13.4979248045,23.266601562,12.946899414,13.327636719000001,18.209838867,1.0127770653635266
1,default,0,float,prepared,0,1024,2.355957031,2.4261474610000002,5.194091797,0.805053711,0.819580078,0.831604004,2.960232350840524
1,default,0,float,prepared,1,1024,2.355957031,2.389526367,2.435302734,0.805175781,0.808654785,0.810424805,2.95493999581045
1,default,0,float,prepared,2,1024,2.355957031,2.3864746095,2.783203125,0.805175781,0.8186645505,0.839233398,2.915082383917148
1,default,0,float,vienot,0,1024,4.937744141,5.059814453,10.583496094,0.803771973,0.8178100585,1.430236816,6.18702888330885
1,default,0,float,vienot,1,1024,4.937744141,5.053710938,5.438232422,0.803955078,0.806671143,0.994812012,6.264896149880002
1,prepared,0,double,brettel,0,1024,3.961181641,4.052734375,4.821777344,4.757568359,4.8455810545,6.506347656,0.8363773775358275
1,prepared,0,double,brettel,1,1024,3.900146484,3.9825439455,4.449462891,4.756591797,4.8049011230000005,8.339599609,0.8288503433372315
1,prepared,0,double,brettel,2,1024,3.955078125,4.058837891,4.284667969,4.679260254,4.744506835999999,4.810546875,0.8554815139484394
1,prepared,0,double,lookup,0,1024,9.86328125,10.3515625,10.681152344,7.975097656,8.1726379395,11.058959961,1.266612148565743
1,prepared,0,double,lookup,1,1024,10.113525391,10.354614258,10.797119141,7.296203613,8.0686645505,8.55657959,1.2833120268159302
1,prepared,0,double,lookup,2,1024,9.875488281,10.385131836,11.547851562,7.298828125,7.9978332519999995,8.660705566,1.2984931679343295
1,prepared,0,double,lookupApply,0,1024,12.805175781,13.2843017575,14.117431641,12.920288086,13.174987793,13.625366211,1.0082970827918398
1,prepared,0,double,lookupApply,1,1024,12.805175781,13.568115234,14.251708984,12.918884277,13.1354064945,14.013793945,1.0329421658691098
1,prepared,0,double,lookupApply,2,1024,12.805175781,13.430786133,17.1875,12.093811035,12.723510742,13.797302246,1.0555880688389958
1,prepared,0,double,prepared,0,1024,1.812744141,1.840209961,1.867675781,1.217224121,1.3322753905,1.821716309,1.3812534361303284
1,prepared,0,double,prepared,1,1024,1.812744141,1.861572266,2.014160156,1.215942383,1.2752380374999999,1.339111328,1.4597841432407872
1,prepared,0,double,prepared,2,1024,1.818847656,1.840209961,2.264404297,1.216308594,1.2550659180000001,1.293212891,1.466225745283922
1,prepared,0,double,vienot,0,1024,0.982666016,1.0009765625,1.013183594,1.332763672,1.3665466309999998,1.838745117,0.7324862099784432
1,prepared,0,double,vienot,1,1024,0.958251953,1.007080078,1.348876953,1.332092285,1.348937988,1.36505127,0.746572553341125
1,prepared,0,float,brettel,0,1024,6.213378906,6.3690185545,7.611083984,2.307678223,2.3518371580000004,3.087158203,2.708103549106353
1,prepared,0,float,brettel,1,1024,6.225585938,6.372070312,6.713867188,2.308044434,2.3382263185000003,2.367736816,2.7251726069389886
1,prepared,0,float,brettel,2,1024,6.219482422,6.4392089845000005,9.704589844,2.307495117,2.3636169435,2.471496582,2.724303107662166
1,prepared,0,float,lookup,0,1024,8.026123047,8.2000732425,10.845947266,5.937927246,6.081695557,6.456542969,1.3483202448471394
1,prepared,0,float,lookup,1,1024,8.050537109,8.251953125,8.587646484,5.938537598,6.0836791990000005,6.323608398,1.3564083271117267
1,prepared,0,float,lookup,2,1024,7.763671875,8.1573486325,8.551025391,5.937866211,6.111236572,9.567932129,1.3348114635055564
1,prepared,0,float,lookupApply,0,1024,13.195800781,13.394165039,14.752197266,12.681762695,13.347808837999999,14.066101074,1.0034729446280373
1,prepared,0,float,lookupApply,1,1024,13.427734375,13.6322021485,22.229003906,12.681762695,13.292602539,14.101989746,1.0255480150334464
1,prepared,0,float,lookupApply,2,1024,13.421630859,13.6962890625,17.297363281,13.241638184,13.574890137,22.090209961,1.0089429029829944
1,prepared,0,float,prepared,0,1024,2.410888672,2.471923828,2.862548828,0.823120117,0.8264465335,0.83001709,2.9910269180165905
1,prepared,0,float,prepared,1,1024,2.429199219,2.4505615235000002,2.966308594,0.823303223,0.8267822265,0.829467773,2.963974605349115
1,prepared,0,float,prepared,2,1024,2.410888672,2.444458008,3.076171875,0.822937012,0.8363342284999999,0.848754883,2.9228243024134457
1,prepared,0,float,vienot,0,1024,5.059814453,5.209350585999999,5.731201172,0.823547363,0.825805664,0.829101562,6.308203991683931
1,prepared,0,float,vienot,1,1024,5.053710938,5.181884766,5.383300781,0.824890137,0.8281555174999999,1.174438477,6.2571396996096205
1,inline,0,double,brettel,0,1024,3.955078125,4.016113281,8.69140625,4.75769043,4.806060791,7.663085938,0.8356351398052884
1,inline,0,double,brettel,1,1024,3.961181641,4.058837891,4.284667969,4.680969238,4.74710083,7.94708252,0.8550140467524048
1,inline,0,double,brettel,2,1024,3.961181641,4.058837891,14.660644531,4.601867676,4.6838684085,5.381347656,0.866556772524665
1,inline,0,double,lookup,0,1024,10.113525391,10.366821289,11.706542969,7.954650879,8.165863037,11.159240723,1.269531614971661
1,inline,0,double,lookup,1,1024,10.113525391,10.3546142575,10.906982422,7.299682617,7.465789794999999,8.911621094,1.386941575080872
1,inline,0,double,lookup,2,1024,10.113525391,10.363769531,10.827636719,7.960571289,8.172424316499999,11.362487793,1.2681389425749359
1,inline,0,double,lookupApply,0,1024,13.146972656,13.269042969,16.900634766,12.92956543,13.114868164,15.782104492,1.0117557266357586
1,inline,0,double,lookupApply,1,1024,13.262939453,13.586425781,16.040039062,12.090637207,12.7288208005,16.086730957,1.0673750533487214
1,inline,0,double,lookupApply,2,1024,13.256835938,13.5650634765,14.361572266,12.095336914,12.9256591795,14.003845215,1.0494678289223416
1,inline,0,double,prepared,0,1024,1.812744141,1.861572266,2.319335938,1.216247559,1.2852783200000002,1.357543945,1.4483806635748744
1,inline,0,double,prepared,1,1024,1.812744141,1.840209961,1.861572266,1.217834473,1.308227539,1.381164551,1.40664365039024
1,inline,0,double,prepared,2,1024,1.812744141,1.840209961,2.264404297,1.215698242,1.263519287,1.313171387,1.4564162019000506
1,inline,0,double,vienot,0,1024,0.982666016,0.9948730465,2.868652344,1.338562012,1.3538208004999999,1.364501953,0.7348631710582143
1,inline,0,double,vienot,1,1024,0.988769531,1.0009765625,1.013183594,1.32989502,1.36428833,2.341430664,0.7336986914635559
1,inline,0,float,brettel,0,1024,6.213378906,6.4239501955,9.576416016,2.308654785,2.3648681639999998,5.29699707,2.7164094359638056
1,inline,0,float,brettel,1,1024,6.225585938,6.372070312,6.634521484,2.307067871,2.3376159665,3.369445801,2.72588415005592
1,inline,0,float,brettel,2,1024,6.219482422,6.298828125,7.916259766,2.307861328,2.3653564449999998,5.049255371,2.6629509215470484
1,inline,0,float,lookup,0,1024,8.0078125,8.239746093499999,8.636474609,5.927490234,6.1053466795,6.349487305,1.3495951214640602
1,inline,0,float,lookup,1,1024,8.0078125,8.2275390625,8.740234375,5.928161621,6.1072387695,9.25378418,1.3471782212919095
1,inline,0,float,lookup,2,1024,7.763671875,8.190917969000001,8.526611328,5.927856445,6.084625244,9.172119141,1.3461663850336552
1,inline,0,float,lookupApply,0,1024,13.427734375,13.720703125,17.010498047,13.260437012,13.515197753999999,17.175048828,1.0152055023345241
1,inline,0,float,lookupApply,1,1024,13.427734375,13.7512207035,22.430419922,13.255004883,13.590209961,16.115905762,1.011847553714185
1,inline,0,float,lookupApply,2,1024,13.427734375,13.757324219,14.154052734,13.249389648,13.5863342285,24.197265625,1.0125854397237861
1,inline,0,float,prepared,0,1024,2.410888672,2.444458008,3.234863281,0.82598877,0.8467407225,1.11730957,2.8869026173475434
1,inline,0,float,prepared,1,1024,2.410888672,2.444458008,2.886962891,0.824829102,0.8395690920000001,0.8515625,2.9115626471871114
1,inline,0,float,prepared,2,1024,2.410888672,2.444458008,2.471923828,0.825683594,0.838195801,0.852661133,2.9163329201645567
1,inline,0,float,vienot,0,1024,5.053710938,5.191040039,5.297851562,0.825927734,0.8393859865,0.853637695,6.184330120455257
1,inline,0,float,vienot,1,1024,5.059814453,5.1239013675,6.439208984,0.825134277,0.8380126955,0.854309082,6.114348141757955
1,bv_direct,0,double,brettel,0,1024,4.083251953,4.104614258,4.321289062,4.803894043,4.842346191500001,5.308776855,0.8476498985564112
1,bv_direct,0,double,brettel,1,1024,4.077148438,4.095458984,4.315185547,4.805541992,4.874145508,5.168762207,0.8402414284263917
1,bv_direct,0,double,brettel,2,1024,4.083251953,4.104614258,4.510498047,4.803222656,4.8420104985000005,5.182983398,0.8477086654957816
1,bv_direct,0,double,lookup,0,1024,10.412597656,10.418701172,10.784912109,8.131652832,8.1662597655,11.675842285,1.2758228945907268
1,bv_direct,0,double,lookup,1,1024,10.162353516,10.437011719000001,11.315917969,8.127563477,8.167175293,8.688354492,1.277921845016043
1,bv_direct,0,double,lookup,2,1024,10.168457031,10.4278564455,11.309814453,8.170776367,8.239196777499998,11.124084473,1.2656399315497477
1,bv_direct,0,double,lookupApply,0,1024,13.592529297,13.598632812,14.764404297,13.048400879,13.331176758,15.492919922,1.0200624490137002
1,bv_direct,0,double,lookupApply,1,1024,13.220214844,13.598632812,15.551757812,13.12902832,13.250488280999999,13.62677002,1.0262740907064691
1,bv_direct,0,double,lookupApply,2,1024,13.598632812,13.607788086,14.233398438,12.454406738,13.245300293,15.664550781,1.027367276315477
1,bv_direct,0,double,prepared,0,1024,1.861572266,1.873779297,1.885986328,1.216796875,1.291717529,1.382873535,1.4506107217191755
1,bv_direct,0,double,prepared,1,1024,1.861572266,1.873779297,1.892089844,1.216674805,1.2920837404999999,1.375549316,1.450199579382448
1,bv_direct,0,double,prepared,2,1024,1.861572266,1.873779297,14.135742188,1.21673584,1.363555908,1.472412109,1.3741858958672049
1,bv_direct,0,double,vienot,0,1024,1.007080078,1.013183594,1.019287109,1.362304688,1.3707580565,1.526550293,0.7391410826991555
1,bv_direct,0,double,vienot,1,1024,1.000976562,1.007080078,1.007080078,1.362365723,1.3654785155,1.694702148,0.737529054150834
1,bv_direct,0,float,brettel,0,1024,2.325439453,2.331542969,2.34375,2.352050781,2.3643798824999998,2.686706543,0.9861118284151195
1,bv_direct,0,float,brettel,1,1024,2.331542969,2.337646484,5.041503906,2.363098145,2.3655395505000003,2.36706543,0.9882085816345346
1,bv_direct,0,float,brettel,2,1024,2.325439453,2.3284912110000002,2.337646484,2.363037109,2.3694763185000003,2.847412109,0.9827028836794006
1,bv_direct,0,float,lookup,0,1024,8.190917969,8.2214355465,10.931396484,6.083190918,6.104187012000001,6.308959961,1.346851846173418
1,bv_direct,0,float,lookup,1,1024,8.197021484,8.227539062,8.782958984,6.082702637,6.1374206545,7.292602539,1.3405532266991527
1,bv_direct,0,float,lookup,2,1024,8.197021484,8.221435547,8.618164062,5.940917969,6.0836486815,6.586120605,1.3513988031558888
1,bv_direct,0,float,lookupApply,0,1024,13.653564453,13.824462890500001,15.063476562,12.703063965,13.6022949215,14.562133789,1.0163331239531381
1,bv_direct,0,float,lookupApply,1,1024,13.781738281,13.919067383,24.224853516,13.566223145,13.603057861,23.491638184,1.023230770994954
1,bv_direct,0,float,lookupApply,2,1024,13.76953125,13.8763427735,14.599609375,13.5703125,13.6863098145,16.842651367,1.013884893852006
1,bv_direct,0,float,prepared,0,1024,2.471923828,2.478027344,2.893066406,0.823547363,0.836853027,0.849975586,2.9611261046439403
1,bv_direct,0,float,prepared,1,1024,2.471923828,2.514648438,2.813720703,0.843078613,0.848510742,0.850952148,2.9636023606169033
1,bv_direct,0,float,prepared,2,1024,2.471923828,2.490234375,3.454589844,0.844482422,0.8487854005,1.473022461,2.933879839984359
1,bv_direct,0,float,vienot,0,1024,0.927734375,0.927734375,0.933837891,0.823547363,0.8349914549999999,0.847595215,1.1110705019131004
1,bv_direct,0,float,vienot,1,1024,0.927734375,0.933837891,0.946044922,0.84197998,0.8457946780000001,1.017028809,1.1040952553735506
1,bv_split,0,double,brettel,0,1024,4.089355469,4.104614258,6.121826172,4.804748535,4.8806152345000005,5.109741211,0.8410034515700767
1,bv_split,0,double,brettel,1,1024,4.083251953,4.113769531499999,6.988525391,4.641357422,4.8822631835,5.372192383,0.8425947919814756
1,bv_split,0,double,brettel,2,1024,4.040527344,4.086303711,4.443359375,4.803894043,4.9055175779999995,5.043701172,0.8330015428598267
1,bv_split,0,double,lookup,0,1024,10.412597656,10.4278564455,10.998535156,8.150146484,8.179779052499999,11.155578613,1.2748335106084459
1,bv_split,0,double,lookup,1,1024,10.412597656,10.42175293,11.560058594,8.148742676,8.1953735355,11.569213867,1.271662955307158
1,bv_split,0,double,lookup,2,1024,10.162353516,10.415649414,10.961914062,8.135192871,8.1733703615,9.157653809,1.2743395873827124
1,bv_split,0,double,lookupApply,0,1024,13.592529297,13.7451171875,16.491699219,12.391723633,13.230590820500002,14.574462891,1.0388891451621927
1,bv_split,0,double,lookupApply,1,1024,13.116455078,13.592529297,14.483642578,12.362731934,13.2813720705,14.178894043,1.0234280934867512
1,bv_split,0,double,lookupApply,2,1024,13.110351562,13.592529297,14.031982422,12.348510742,12.522216797,13.564880371,1.0854730849458236
1,bv_split,0,double,prepared,0,1024,1.861572266,1.861572266,3.350830078,1.217712402,1.2916870115,1.760498047,1.4411945381708282
1,bv_split,0,double,prepared,1,1024,1.861572266,1.861572266,1.983642578,1.217529297,1.4070739745,1.567138672,1.3230095217001685
1,bv_split,0,double,prepared,2,1024,1.861572266,1.861572266,12.707519531,1.214782715,1.2964782714999998,3.365478516,1.4358684653050124
1,bv_split,0,double,vienot,0,1024,0.982666016,1.000976562,1.007080078,1.36315918,1.3889465335,1.745422363,0.7206732137324564
1,bv_split,0,double,vienot,1,1024,1.007080078,1.010131836,2.893066406,1.362731934,1.3803405765,1.403137207,0.7317989872914527
1,bv_split,0,float,brettel,0,1024,2.337646484,2.34375,2.752685547,2.364868164,2.3696289065,2.741455078,0.9890789201511625
1,bv_split,0,float,brettel,1,1024,2.252197266,2.2979736324999998,3.570556641,2.364624023,2.389099121,3.846923828,0.961857803345615
1,bv_split,0,float,brettel,2,1024,2.252197266,2.2979736324999998,2.34375,2.364379883,2.3662109375,2.684997559,0.9711617827816755
1,bv_split,0,float,lookup,0,1024,7.696533203,7.949829101500001,8.636474609,6.069580078,6.101013183999999,7.288513184,1.303034243943047
1,bv_split,0,float,lookup,1,1024,8.178710938,8.197021484,9.344482422,6.067871094,6.08392334,6.39050293,1.3473249128743954
1,bv_split,0,float,lookup,2,1024,8.172607422,8.215332031500001,11.474609375,6.079589844,6.089691162,6.59161377,1.3490556110241048
1,bv_split,0,float,lookupApply,0,1024,13.684082031,13.8580322265,17.712402344,13.581970215,13.7987060545,23.078125,1.004299401100776
1,bv_split,0,float,lookupApply,1,1024,13.494873047,13.696289062,24.212646484,13.581604004,13.6251831055,15.746459961,1.0052187156641805
1,bv_split,0,float,lookupApply,2,1024,13.690185547,13.708496094,16.619873047,13.572998047,13.612548828,14.967102051,1.0070484423756587
1,bv_split,0,float,prepared,0,1024,2.471923828,2.4749755860000002,2.911376953,0.843811035,0.848815918,1.095947266,2.9157977996355156
1,bv_split,0,float,prepared,1,1024,2.471923828,2.471923828,2.752685547,0.844238281,0.852264404,3.811279297,2.900418950267457
1,bv_split,0,float,prepared,2,1024,2.471923828,2.471923828,2.679443359,0.842895508,0.8489685055,0.851135254,2.911679069347997
1,bv_split,0,float,vienot,0,1024,0.927734375,0.927734375,0.939941406,0.844238281,0.8499450685000001,1.180725098,1.0915227458608403
1,bv_split,0,float,vienot,1,1024,0.927734375,0.927734375,0.933837891,0.843017578,0.8529663085,0.918151855,1.0876565296365395
1,ma_fixed,0,double,brettel,0,1024,9.265136719,9.4329833985,9.991455078,4.805725098,4.843902588,5.276733398,1.947393290250865
1,ma_fixed,0,double,brettel,1,1024,6.475830078,8.084106445,10.998535156,4.59967041,4.9228515625,8.163085938,1.642159293727435
1,ma_fixed,0,double,brettel,2,1024,6.079101562,6.188964844,44.555664062,4.813354492,4.8759765625,5.118591309,1.2692769878341679
1,ma_fixed,0,double,lookup,0,1024,9.271240234,9.323120117,12.542724609,8.127807617,8.161560058500001,10.312927246,1.142320836969186
1,ma_fixed,0,double,lookup,1,1024,9.271240234,9.3170166015,33.697509766,8.14251709,8.1629943845,11.037902832,1.1413724134358434
1,ma_fixed,0,double,lookup,2,1024,9.271240234,9.27734375,47.607421875,8.140075684,8.156311035,8.654907227,1.1374435955408608
1,ma_fixed,0,double,lookupApply,0,1024,12.341308594,12.353515625,13.391113281,13.123657227,13.3356628415,16.427429199,0.9263518260641983
1,ma_fixed,0,double,lookupApply,1,1024,12.353515625,12.4114990235,15.545654297,12.356140137,13.252807616999998,16.382446289,0.9365184632710722
1,ma_fixed,0,double,lookupApply,2,1024,11.975097656,12.353515625,50.152587891,13.165771484,13.246520996000001,13.557128906,0.9325856674918903
1,ma_fixed,0,double,prepared,0,1024,1.861572266,1.861572266,1.861572266,1.217346191,1.3029174805000001,1.389282227,1.4287721930675255
1,ma_fixed,0,double,prepared,1,1024,1.861572266,1.861572266,1.873779297,1.215942383,1.3028259275,1.411315918,1.4288725966424245
1,ma_fixed,0,double,prepared,2,1024,1.861572266,1.861572266,1.873779297,1.220336914,1.3859252930000001,2.661865234,1.3431981329746898
1,ma_fixed,0,double,vienot,0,1024,1.000976562,1.007080078,1.013183594,1.362792969,1.375427246,1.818786621,0.7321943642811914
1,ma_fixed,0,double,vienot,1,1024,1.007080078,1.013183594,1.593017578,1.362243652,1.3705444335,1.442321777,0.7392562905914717
1,ma_fixed,0,float,brettel,0,1024,8.074951172,8.401489258,8.819580078,2.350769043,2.365966797,4.259460449,3.5509751314570117
1,ma_fixed,0,float,brettel,1,1024,6.811523438,6.964111328,21.166992188,2.364807129,2.3707275389999998,3.016052246,2.9375418361814547
1,ma_fixed,0,float,brettel,2,1024,5.047607422,5.084228516,5.535888672,2.34954834,2.358459473,2.367248535,2.1557413108874734
1,ma_fixed,0,float,lookup,0,1024,7.122802734,7.1472167965,9.136962891,6.071655273,6.1010131835,9.327697754,1.1714803068823758
1,ma_fixed,0,float,lookup,1,1024,7.122802734,7.122802734,7.446289062,5.949462891,6.089172363,6.558410645,1.1697489099307994
1,ma_fixed,0,float,lookup,2,1024,7.116699219,7.12890625,7.507324219,6.068725586,6.0734863285,7.026733398,1.1737749727940299
1,ma_fixed,0,float,lookupApply,0,1024,12.628173828,12.957763672,16.290283203,12.689941406,13.6016235355,16.727905273,0.9526630139542139
1,ma_fixed,0,float,lookupApply,1,1024,12.872314453,12.9302978515,13.647460938,13.573059082,13.628631592000001,14.831787109,0.948759804989525
1,ma_fixed,0,float,lookupApply,2,1024,12.628173828,12.8814697265,15.026855469,12.694152832,13.593444824,25.925231934,0.9476236445788218
1,ma_fixed,0,float,prepared,0,1024,2.471923828,2.471923828,2.490234375,0.824401855,0.8377075195,0.852294922,2.950819672092009
1,ma_fixed,0,float,prepared,1,1024,2.471923828,2.471923828,2.587890625,0.84564209,0.8523864750000001,0.985046387,2.9000035787756953
1,ma_fixed,0,float,prepared,2,1024,2.471923828,2.471923828,2.471923828,0.824035645,0.8366088865,0.849975586,2.954694682172731
1,ma_fixed,0,float,vienot,0,1024,5.181884766,5.184936523499999,5.517578125,0.823852539,0.835235596,0.86151123,6.207753295394752
1,ma_fixed,0,float,vienot,1,1024,5.181884766,5.191040039,5.37109375,0.84387207,0.846740723,1.096496582,6.130613419191839
1,ma_bounded,0,double,brettel,0,1024,9.313964844,9.457397461,10.339355469,4.80657959,4.859558105,4.880310059,1.9461435086596213
1,ma_bounded,0,double,brettel,1,1024,6.384277344,6.689453125,9.362792969,4.59954834,4.873870849999999,5.243103027,1.3725134150815672
1,ma_bounded,0,double,brettel,2,1024,5.718994141,5.920410156,6.323242188,4.806152344,4.879821777,4.930480957,1.2132431114399693
1,ma_bounded,0,double,lookup,0,1024,8.825683594,8.85925293,9.313964844,8.134399414,8.1469421385,9.287841797,1.087432901742831
1,ma_bounded,0,double,lookup,1,1024,8.825683594,8.834838867,23.663330078,8.135498047,8.2098999025,9.813415527,1.0761201685674266
1,ma_bounded,0,double,lookup,2,1024,8.819580078,8.831787109,10.607910156,8.143127441,8.152496337999999,8.616271973,1.0833230390835904
1,ma_bounded,0,double,lookupApply,0,1024,11.761474609,11.764526367,17.913818359,13.124938965,13.245147705,13.624755859,0.8882140561225247
1,ma_bounded,0,double,lookupApply,1,1024,11.755371094,11.761474609,12.298583984,13.138061523,13.2588500975,13.899353027,0.8870659614152864
1,ma_bounded,0,double,lookupApply,2,1024,11.749267578,11.770629883,12.689208984,13.124694824,13.344268799,16.416809082,0.8820737996436397
1,ma_bounded,0,double,prepared,0,1024,1.861572266,1.861572266,1.867675781,1.219055176,1.298675537,2.678344727,1.4334390792486298
1,ma_bounded,0,double,prepared,1,1024,1.861572266,1.8646240235,1.995849609,1.215698242,1.2906494144999998,1.37701416,1.4447176766607523
1,ma_bounded,0,double,prepared,2,1024,1.861572266,1.861572266,2.044677734,1.217834473,1.3789367675,3.232910156,1.3500055331579952
1,ma_bounded,0,double,vienot,0,1024,1.007080078,1.007080078,1.013183594,1.362548828,1.3667907715,5.136413574,0.736820952408662
1,ma_bounded,0,double,vienot,1,1024,1.007080078,1.013183594,1.507568359,1.362365723,1.3646545410000002,1.369506836,0.7424469443069108
1,ma_bounded,0,float,brettel,0,1024,8.111572266,8.4228515625,9.100341797,2.363708496,2.36630249,3.186462402,3.559499091132681
1,ma_bounded,0,float,brettel,1,1024,5.389404297,5.5145263675,5.877685547,2.364379883,2.3727111814999997,3.026245117,2.324145648444992
1,ma_bounded,0,float,brettel,2,1024,5.102539062,5.142211914,5.627441406,2.364074707,2.3660583495000003,2.367736816,2.1733242187736668
1,ma_bounded,0,float,lookup,0,1024,6.341552734,6.402587891,8.245849609,6.088928223,6.115234375,6.838439941,1.0469897796844458
1,ma_bounded,0,float,lookup,1,1024,6.298828125,6.411743164,8.953857422,6.089416504,6.108795166,6.532836914,1.0495921028235045
1,ma_bounded,0,float,lookup,2,1024,6.286621094,6.304931641,6.823730469,6.072998047,6.108001709,6.700744629,1.032241302701312
1,ma_bounded,0,float,lookupApply,0,1024,11.901855469,12.060546875,13.244628906,13.577453613,13.724853516,14.635070801,0.8787377483439219
1,ma_bounded,0,float,lookupApply,1,1024,11.828613281,12.097167969,22.387695312,13.579956055,13.760498046999999,17.211730957,0.8791228288163138
1,ma_bounded,0,float,lookupApply,2,1024,11.834716797,12.078857422,12.561035156,13.576538086,13.6812133785,25.75793457,0.8828791049324544
1,ma_bounded,0,float,prepared,0,1024,2.471923828,2.490234375,3.094482422,0.842895508,0.8471679685,0.851013184,2.939481268878971
1,ma_bounded,0,float,prepared,1,1024,2.471923828,2.471923828,2.648925781,0.842956543,0.8509216305,0.875,2.9049958767031248
1,ma_bounded,0,float,prepared,2,1024,2.471923828,2.4780273435,2.502441406,0.843383789,0.848510742,0.850341797,2.920443102062696
1,ma_bounded,0,float,vienot,0,1024,5.181884766,5.181884766,5.517578125,0.842468262,0.8447875975,0.847412109,6.1339498606926455
1,ma_bounded,0,float,vienot,1,1024,5.181884766,5.181884766,6.225585938,0.842041016,0.8526306155000001,1.052246094,6.077526037416844
1,ma_direct,0,double,brettel,0,1024,9.033203125,9.381103516,10.369873047,4.698181152,4.760192871,11.477050781,1.9707402137319825
1,ma_direct,0,double,brettel,1,1024,6.408691406,6.448364258,9.259033203,4.689880371,4.757476807,16.660644531,1.3554168563706044
1,ma_direct,0,double,brettel,2,1024,6.378173828,6.698608398499999,7.080078125,4.688476562,4.7640686035,7.97644043,1.4060688365358043
1,ma_direct,0,double,lookup,0,1024,10.437011719,10.693359375,13.531494141,7.303588867,7.9458312985,11.342529297,1.3457823320536233
1,ma_direct,0,double,lookup,1,1024,10.437011719,10.696411133,21.435546875,7.935058594,7.978973389,8.640075684,1.3405748598869027
1,ma_direct,0,double,lookup,2,1024,10.192871094,10.4583740235,13.702392578,7.274291992,7.9605407715,14.185241699,1.3137768304563728
1,ma_direct,0,double,lookupApply,0,1024,11.993408203,12.292480469,13.446044922,12.592041016,12.9337158205,16.712219238,0.9504214132736982
1,ma_direct,0,double,lookupApply,1,1024,12.030029297,12.292480469,17.3828125,12.805419922,12.9293518065,14.003662109,0.9507422067995841
1,ma_direct,0,double,lookupApply,2,1024,11.633300781,12.307739258,15.563964844,12.113891602,12.828765869,16.299560547,0.9593860690638192
1,ma_direct,0,double,prepared,0,1024,1.812744141,1.840209961,1.861572266,1.198364258,1.279296875,1.336914062,1.4384541985221375
1,ma_direct,0,double,prepared,1,1024,1.818847656,1.861572266,2.294921875,1.186950684,1.3334960935,1.877929688,1.3960087885326828
1,ma_direct,0,double,prepared,2,1024,1.818847656,1.861572266,2.947998047,1.186828613,1.2690429685,3.442016602,1.4669103507191452
1,ma_direct,0,double,vienot,0,1024,0.982666016,0.9979248045,1.013183594,1.33190918,1.3352661135,2.554382324,0.7473602410865047
1,ma_direct,0,double,vienot,1,1024,0.9765625,0.994873047,1.013183594,1.329833984,1.332733154,1.492919922,0.7464908065159457
1,ma_direct,0,float,brettel,0,1024,8.081054688,8.32824707,10.546875,2.295959473,2.305419922,2.311706543,3.61246425890823
1,ma_direct,0,float,brettel,1,1024,5.474853516,5.932617188,18.756103516,2.308349609,2.3106689449999998,3.065734863,2.5674890385476665
1,ma_direct,0,float,brettel,2,1024,5.035400391,5.133056641,5.444335938,2.308654785,2.3107604979999996,4.387695312,2.2213711223827577
1,ma_direct,0,float,lookup,0,1024,10.620117188,10.952758789,11.578369141,5.937805176,5.9678955075,8.637573242,1.8352799199039933
1,ma_direct,0,float,lookup,1,1024,10.601806641,10.71472168,11.993408203,5.935241699,6.0392761230000005,11.356201172,1.7741731727075727
1,ma_direct,0,float,lookup,2,1024,10.662841797,10.9100341795,12.609863281,5.963012695,5.9674072265,12.819396973,1.8282704305901623
1,ma_direct,0,float,lookupApply,0,1024,12.20703125,12.777709961,13.897705078,12.375732422,13.261108398000001,14.509216309,0.963547659630555
1,ma_direct,0,float,lookupApply,1,1024,12.243652344,12.777709961,28.540039062,13.25378418,13.372711181500001,18.27130127,0.9555063133851919
1,ma_direct,0,float,lookupApply,2,1024,12.481689453,12.829589843499999,13.793945312,13.244262695,13.2680053715,15.848510742,0.9669569377065729
1,ma_direct,0,float,prepared,0,1024,2.410888672,2.471923828,2.984619141,0.803283691,0.8161926264999999,1.162841797,3.0286034788137113
1,ma_direct,0,float,prepared,1,1024,2.416992188,2.471923828,3.729248047,0.82409668,0.8286132815,0.865783691,2.983205655990924
1,ma_direct,0,float,prepared,2,1024,2.410888672,2.444458008,2.478027344,0.823974609,0.8287048340000001,0.830627441,2.9497330143485074
1,ma_direct,0,float,vienot,0,1024,5.059814453,5.181884766,5.456542969,0.803771973,0.8150024415,0.827331543,6.35812177011742
1,ma_direct,0,float,vienot,1,1024,5.059814453,5.181884766,7.232666016,0.823913574,0.8260192875000001,2.306640625,6.273321754608544
1,default,1,double,brettel,0,1024,9.411621094,10.040283203000001,13.244628906,4.872497559,5.6221313475,23.729553223,1.7858499886283565
1,default,1,double,brettel,1,1024,6.463623047,6.73828125,7.189941406,4.80645752,4.876068115,5.850402832,1.3819087615432133
1,default,1,double,brettel,2,1024,6.372070312,7.696533203,17.150878906,4.805358887,4.876220703,5.094665527,1.5783808141138602
1,default,1,double,lookup,0,1024,10.357666016,10.366821289,11.340332031,8.127319336,8.1409301755,9.044616699,1.2734197524748199
1,default,1,double,lookup,1,1024,10.107421875,10.366821289,11.309814453,8.129760742,8.1419677735,9.100952148,1.2732574701095385
1,default,1,double,lookup,2,1024,10.119628906,14.4012451175,15.625,8.136047363,8.162261962999999,10.903930664,1.7643693847099824
1,default,1,double,lookupApply,0,1024,13.592529297,13.598632812,14.428710938,13.145080566,13.245239258000002,14.507019043,1.0266807980676191
1,default,1,double,lookupApply,1,1024,13.586425781,13.592529297,15.576171875,13.124511719,13.2461547855,14.564147949,1.0261490611508755
1,default,1,double,lookupApply,2,1024,13.116455078,15.530395508,20.306396484,13.131408691,13.257019043,16.370300293,1.1714847400932409
1,default,1,double,prepared,0,1024,1.861572266,1.861572266,1.873779297,1.386291504,1.6066284180000001,2.25982666,1.1586825212001197
1,default,1,double,prepared,1,1024,1.861572266,1.867675781,2.276611328,1.218139648,1.3039550785,1.655212402,1.4323160450806895
1,default,1,double,prepared,2,1024,1.85546875,2.2186279300000002,3.186035156,1.218444824,1.3851623535,1.47076416,1.6017096655810898
1,default,1,double,vienot,0,1024,1.000976562,1.013183594,1.232910156,1.37286377,1.677703857,2.329223633,0.6039108688774982
1,default,1,double,vienot,1,1024,1.000976562,1.007080078,1.007080078,1.363220215,1.370727539,1.813598633,0.7347047822025264
1,default,1,float,brettel,0,1024,7.763671875,9.1583251955,14.263916016,2.35144043,2.366455078,2.992248535,3.870060868951766
1,default,1,float,brettel,1,1024,4.931640625,4.9743652345000005,5.456542969,2.350463867,2.359375,3.025390625,2.10834023184106
1,default,1,float,brettel,2,1024,4.632568359,4.681396484,5.194091797,2.364929199,2.3672180175,2.812744141,1.977594141896565
1,default,1,float,lookup,0,1024,7.71484375,8.2122802735,9.246826172,5.950927734,6.0914001465,6.490539551,1.3481761296240924
1,default,1,float,lookup,1,1024,8.203125,8.221435547,8.953857422,6.088134766,6.095581055,6.689941406,1.3487533793445718
1,default,1,float,lookup,2,1024,8.184814453,8.4197998045,13.104248047,6.094055176,8.6598815915,9.85723877,0.9722765508438765
1,default,1,float,lookupApply,0,1024,13.879394531,13.916015625,15.747070312,12.696777344,13.5851745605,14.02923584,1.024353096312943
1,default,1,float,lookupApply,1,1024,13.879394531,13.885498047,26.556396484,12.701416016,13.5916748045,14.696960449,1.0216178835004734
1,default,1,float,lookupApply,2,1024,13.879394531,15.4571533205,21.026611328,13.577392578,16.622375488000003,20.443908691,0.9299003822683949
1,default,1,float,prepared,0,1024,2.484130859,2.490234375,2.520751953,0.84552002,0.849609375,0.852539062,2.9310344827586206
1,default,1,float,prepared,1,1024,2.484130859,2.490234375,2.899169922,0.824523926,0.8399658205,0.852722168,2.9646853648374134
1,default,1,float,prepared,2,1024,2.484130859,3.6834716795,4.333496094,0.847106934,0.849975586,0.86730957,4.333620565308802
1,default,1,float,vienot,0,1024,5.181884766,5.4504394529999995,6.15234375,0.84588623,0.8483581545000001,0.851196289,6.424691533981123
1,default,1,float,vienot,1,1024,5.181884766,5.181884766,5.554199219,0.824523926,0.8369140625,0.850524902,6.191656943271878
1,prepared,1,double,brettel,0,1024,4.058837891,4.07409668,5.303955078,4.804870605,4.8747253415,16.903808594,0.835759226333429
1,prepared,1,double,brettel,1,1024,4.052734375,4.058837891,4.302978516,4.804992676,5.803802490000001,10.081665039,0.6993411471174994
1,prepared,1,double,brettel,2,1024,3.997802734,4.052734375,4.205322266,4.795349121,5.6136779785,9.174621582,0.7219392331590258
1,prepared,1,double,lookup,0,1024,10.357666016,10.369873047,14.202880859,8.159240723,8.316192627,14.114807129,1.2469495972630988
1,prepared,1,double,lookup,1,1024,10.107421875,10.375976562,20.8984375,7.462280273,9.156616211,13.77734375,1.1331671354244555
1,prepared,1,double,lookup,2,1024,10.107421875,10.113525391,10.491943359,8.134460449,8.163482666,8.580688477,1.238873873417005
1,prepared,1,double,lookupApply,0,1024,13.592529297,15.625,20.843505859,12.364318848,13.247406005999999,14.401550293,1.1794761927673345
1,prepared,1,double,lookupApply,1,1024,13.110351562,13.491821289,16.363525391,12.388977051,13.14175415,18.783081055,1.0266377787169303
1,prepared,1,double,lookupApply,2,1024,13.104248047,13.345336914,14.245605469,12.393859863,13.2300109865,14.751037598,1.0087169940839567
1,prepared,1,double,prepared,0,1024,1.867675781,2.3376464845,2.838134766,1.216308594,1.291748047,1.369445801,1.8096768095984588
1,prepared,1,double,prepared,1,1024,1.861572266,1.861572266,2.117919922,1.21661377,1.710418701,2.261657715,1.0883722593255252
1,prepared,1,double,prepared,2,1024,1.85546875,1.861572266,4.534912109,1.320617676,1.5752563474999999,2.20690918,1.1817583017230153
1,prepared,1,double,vienot,0,1024,1.007080078,1.013183594,1.031494141,1.362792969,1.3648986815,1.368164062,0.7423141422384033
1,prepared,1,double,vienot,1,1024,1.007080078,1.013183594,1.019287109,1.362487793,1.8260803220000001,5.741088867,0.5548406506512915
1,prepared,1,float,brettel,0,1024,6.213378906,6.384277344,6.878662109,2.363708496,2.8488464355,5.121704102,2.2410043814381653
1,prepared,1,float,brettel,1,1024,6.225585938,6.378173828,9.063720703,2.349914551,2.8258666994999997,3.434814453,2.2570681869489935
1,prepared,1,float,brettel,2,1024,6.365966797,6.945800781,8.081054688,2.363098145,2.366210938,3.767456055,2.935410647231147
1,prepared,1,float,lookup,0,1024,8.001708984,8.200073242,15.8203125,5.970214844,6.085144043,9.316650391,1.3475561439556873
1,prepared,1,float,lookup,1,1024,8.184814453,10.302734375,15.643310547,6.091796875,6.1101379394999995,6.584594727,1.6861705049891371
1,prepared,1,float,lookup,2,1024,7.745361328,8.3221435545,14.215087891,6.106628418,6.1105346675,7.077209473,1.3619337762312107
1,prepared,1,float,lookupApply,0,1024,13.519287109,17.593383789,18.432617188,12.695861816,13.588531494,17.31842041,1.2947229652275773
1,prepared,1,float,lookupApply,1,1024,13.604736328,13.732910156500001,25.323486328,12.68548584,13.629180908,17.958557129,1.0076108204300902
1,prepared,1,float,lookupApply,2,1024,13.427734375,13.83972168,14.373779297,13.565490723,13.588470459,14.976135254,1.0184900295995853
1,prepared,1,float,prepared,0,1024,2.423095703,2.4749755860000002,4.431152344,0.842773438,1.0465393065,1.318847656,2.3649141227931514
1,prepared,1,float,prepared,1,1024,2.423095703,2.471923828,5.157470703,0.823486328,1.031463623,1.304321289,2.396520607106277
1,prepared,1,float,prepared,2,1024,2.471923828,3.6560058595,4.638671875,0.843933105,0.8583374025,0.934814453,4.2594041094463435
1,prepared,1,float,vienot,0,1024,5.059814453,5.191040039,8.648681641,0.843017578,1.0319519045,1.317871094,5.030311990668941
1,prepared,1,float,vienot,1,1024,5.059814453,5.136108398499999,5.181884766,0.823547363,1.036895752,1.780944824,4.953350795963141
1,inline,1,double,brettel,0,1024,4.052734375,4.4952392575,5.065917969,4.688110352,4.767486571999999,7.737915039,0.9428950012992298
1,inline,1,double,brettel,1,1024,3.961181641,4.058837891,4.339599609,4.69152832,4.7600097654999995,7.616821289,0.8526952865554999
1,inline,1,double,brettel,2,1024,3.961181641,4.058837891,4.345703125,4.758361816,5.505279541,7.284606934,0.737262814862029
1,inline,1,double,lookup,0,1024,10.107421875,10.446166992,17.1875,7.936401367,7.958892822,17.615112305,1.3125150979699924
1,inline,1,double,lookup,1,1024,10.101318359,10.366821289,20.550537109,7.942199707,9.273162842000001,15.400024414,1.1179380180887801
1,inline,1,double,lookup,2,1024,10.113525391,10.119628906,14.202880859,7.290039062,7.976837158,8.38659668,1.2686267383371348
1,inline,1,double,lookupApply,0,1024,13.244628906,13.592529297,20.5078125,12.822570801,14.402923584,23.426940918,0.943734042448142
1,inline,1,double,lookupApply,1,1024,13.244628906,16.641235352,17.889404297,12.81072998,12.924926758,22.140258789,1.2875303406806353
1,inline,1,double,lookupApply,2,1024,12.786865234,13.592529297,17.016601562,12.837219238,12.9371032715,16.949768066,1.0506625023967986
1,inline,1,double,prepared,0,1024,1.861572266,2.1270751955,4.949951172,1.187866211,1.2724609375,3.558105469,1.6716231774305448
1,inline,1,double,prepared,1,1024,1.818847656,2.490234375,3.845214844,1.188354492,1.3563232424999998,3.380493164,1.8360183597605793
1,inline,1,double,prepared,2,1024,1.818847656,1.861572266,2.307128906,1.354187012,1.675201416,2.092346191,1.1112528011377947
1,inline,1,double,vienot,0,1024,1.000976562,1.4434814455,2.935791016,1.32989502,1.33493042,3.146606445,1.0813158677588603
1,inline,1,double,vienot,1,1024,0.9765625,1.351928711,2.545166016,1.329650879,1.335662842,1.347717285,1.0121781249642638
1,inline,1,float,brettel,0,1024,6.365966797,6.8695068355,8.551025391,2.308837891,2.3634948729999996,2.511657715,2.9065038024730256
1,inline,1,float,brettel,1,1024,6.225585938,6.396484375,12.188720703,2.307922363,2.8109741215,6.494812012,2.275540114750928
1,inline,1,float,brettel,2,1024,6.219482422,6.372070312,7.440185547,2.307373047,2.310119629,5.886291504,2.758329149715216
1,inline,1,float,lookup,0,1024,8.001708984,8.2336425785,10.791015625,5.968444824,6.1087341305,11.328552246,1.3478475904509655
1,inline,1,float,lookup,1,1024,7.543945312,8.184814453000001,10.681152344,5.959472656,5.972229004,9.516723633,1.3704790033198804
1,inline,1,float,lookup,2,1024,8.026123047,8.355712891,12.127685547,5.938354492,5.9669799805,8.934204102,1.4003252764893368
1,inline,1,float,lookupApply,0,1024,13.311767578,13.8458251955,22.393798828,13.258789062,13.583557128999999,16.150085449,1.019307760405415
1,inline,1,float,lookupApply,1,1024,13.305664062,13.897705078000001,25.29296875,13.258056641,13.558013916,17.678405762,1.0250546403112277
1,inline,1,float,lookupApply,2,1024,13.299560547,13.836669922,16.052246094,13.247741699,13.2680358885,14.330566406,1.0428574386049756
1,inline,1,float,prepared,0,1024,2.484130859,3.503417969,4.833984375,0.823547363,0.836791992,0.848693848,4.186725019471745
1,inline,1,float,prepared,1,1024,2.410888672,3.369140625,5.065917969,0.825439453,1.044921875,1.312744141,3.2242990654205608
1,inline,1,float,prepared,2,1024,2.410888672,2.4505615235000002,2.490234375,0.822937012,0.8288879395,0.832458496,2.9564449025259347
1,inline,1,float,vienot,0,1024,5.181884766,5.404663085999999,8.575439453,0.824645996,0.836669922,1.20098877,6.459731542733765
1,inline,1,float,vienot,1,1024,5.053710938,5.4901123045,5.969238281,0.822753906,1.0425720215,1.301269531,5.265930977699846
1,bv_direct,1,double,brettel,0,1024,3.979492188,4.019165039,6.280517578,4.689880371,4.759460449500001,8.258666992,0.8444581232778662
1,bv_direct,1,double,brettel,1,1024,3.936767578,3.961181641,4.235839844,4.692626953,6.275238036999999,9.907226562,0.6312400609577068
1,bv_direct,1,double,brettel,2,1024,3.997802734,4.4952392575,7.873535156,4.690246582,4.7584533695,7.233581543,0.9446849445479262
1,bv_direct,1,double,lookup,0,1024,9.918212891,10.171508789,17.181396484,7.940429688,7.9753723144999995,12.571899414,1.275364758897489
1,bv_direct,1,double,lookup,1,1024,9.918212891,10.168457031,33.404541016,7.932373047,7.970703125,11.496337891,1.2757289879617741
1,bv_direct,1,double,lookup,2,1024,9.924316406,9.930419922,13.067626953,7.97052002,9.246765136499999,11.748291016,1.0739344814546434
1,bv_direct,1,double,lookupApply,0,1024,12.799072266,15.051269531500001,22.033691406,12.061462402,12.8849182125,16.937866211,1.1681307776481162
1,bv_direct,1,double,lookupApply,1,1024,12.799072266,13.1591796875,16.070556641,12.816711426,12.934082030999999,24.904663086,1.0174034505085474
1,bv_direct,1,double,lookupApply,2,1024,12.817382812,13.577270508,19.842529297,12.095397949,12.940277099500001,26.760437012,1.0492256389567276
1,bv_direct,1,double,prepared,0,1024,1.812744141,1.818847656,1.831054688,1.190551758,1.3335266115,3.011901855,1.36393802741896
1,bv_direct,1,double,prepared,1,1024,1.812744141,1.818847656,2.062988281,1.188842773,1.6632080079999998,2.256652832,1.093577981377781
1,bv_direct,1,double,prepared,2,1024,1.824951172,2.2430419925000002,2.770996094,1.189025879,1.3321533205,3.637207031,1.683771648490216
1,bv_direct,1,double,vienot,0,1024,0.982666016,0.988769531,1.3671875,1.331237793,1.333099365,1.33605957,0.7417073002656482
1,bv_direct,1,double,vienot,1,1024,0.964355469,0.9765625,0.988769531,1.331420898,1.8078308105,3.101928711,0.5401846756499894
1,bv_direct,1,float,brettel,0,1024,2.270507812,2.9876708985000002,6.298828125,2.307983398,2.734893799,3.870727539,1.0924266600744887
1,bv_direct,1,float,brettel,1,1024,2.270507812,2.270507812,13.189697266,2.308349609,2.6833190915,3.327453613,0.846156470615936
1,bv_direct,1,float,brettel,2,1024,2.270507812,2.764892578,3.448486328,2.307861328,2.7832336425,6.971679688,0.9934101599592892
1,bv_direct,1,float,lookup,0,1024,7.525634766,8.023071289,10.717773438,5.831970215,5.9458618165,9.76373291,1.3493538088516728
1,bv_direct,1,float,lookup,1,1024,7.543945312,10.092163086,15.594482422,5.93951416,6.0984191894999995,11.413085938,1.6548818263225098
1,bv_direct,1,float,lookup,2,1024,7.995605469,8.020019531,11.029052734,5.940612793,5.9450683595000005,8.908996582,1.349020574033317
1,bv_direct,1,float,lookupApply,0,1024,13.330078125,13.5650634765,21.057128906,12.388793945,13.293487549,21.949951172,1.0204292460123026
1,bv_direct,1,float,lookupApply,1,1024,13.317871094,13.549804688,19.952392578,12.391845703,13.2666625975,17.308837891,1.0213423751768103
1,bv_direct,1,float,lookupApply,2,1024,13.543701172,13.562011719000001,17.114257812,13.260620117,13.633972168,20.452026367,0.9947219747764415
1,bv_direct,1,float,prepared,0,1024,2.429199219,3.2867431639999998,4.266357422,0.823791504,1.2235717775,1.297607422,2.686187459076139
1,bv_direct,1,float,prepared,1,1024,2.429199219,2.435302734,5.157470703,0.823730469,0.962890625,1.312011719,2.5291582146206895
1,bv_direct,1,float,prepared,2,1024,2.429199219,2.7923583985000002,4.211425781,0.823669434,1.042022705,3.284667969,2.6797481332232587
1,bv_direct,1,float,vienot,0,1024,0.903320312,1.107788086,1.361083984,0.823730469,1.024536133,1.288757324,1.081258191213057
1,bv_direct,1,float,vienot,1,1024,0.903320312,0.909423828,0.909423828,0.82421875,0.9789123534999999,1.311157227,0.9290145586052204
1,bv_split,1,double,brettel,0,1024,3.948974609,3.9825439455,6.372070312,4.757629395,5.4301147465,12.690002441,0.733418008904317
1,bv_split,1,double,brettel,1,1024,3.985595703,4.5501708985,9.228515625,4.69140625,4.761779785,7.428894043,0.9555609675259269
1,bv_split,1,double,brettel,2,1024,3.961181641,3.9916992185,14.465332031,4.490966797,4.7584838865,5.303955078,0.8388594589601539
1,bv_split,1,double,lookup,0,1024,9.918212891,10.415649414,17.791748047,7.935913086,7.957183838,10.425842285,1.3089617666314877
1,bv_split,1,double,lookup,1,1024,10.168457031,10.171508789,13.128662109,7.941833496,9.1736450195,21.19909668,1.1087750580471434
1,bv_split,1,double,lookup,2,1024,10.168457031,12.380981445,18.310546875,7.952270508,7.961425781,8.528930664,1.555121128497775
1,bv_split,1,double,lookupApply,0,1024,12.811279297,13.269042969,17.260742188,12.095031738,12.9402160645,18.608947754,1.0254112375605613
1,bv_split,1,double,lookupApply,1,1024,13.269042969,13.275146484,20.745849609,12.816040039,16.402038574,26.480957031,0.8093595454069563
1,bv_split,1,double,lookupApply,2,1024,13.269042969,13.278198242,17.596435547,12.813964844,12.926330566,16.102966309,1.0272210024494897
1,bv_split,1,double,prepared,0,1024,1.812744141,1.818847656,2.056884766,1.33190918,1.725891113,3.852294922,1.0538600276111392
1,bv_split,1,double,prepared,1,1024,1.812744141,2.081298828,5.902099609,1.18927002,1.264099121,1.358581543,1.646468060474191
1,bv_split,1,double,prepared,2,1024,1.812744141,1.818847656,2.142333984,1.187194824,1.261566162,1.335998535,1.4417378261925828
1,bv_split,1,double,vienot,0,1024,0.982666016,0.9857177735,2.197265625,1.332214355,1.9271240230000002,2.320129395,0.5114968013140688
1,bv_split,1,double,vienot,1,1024,0.982666016,1.2298583985,1.550292969,1.331115723,1.3332214355,1.336181641,0.922471215772768
1,bv_split,1,float,brettel,0,1024,2.270507812,2.2857666014999998,2.978515625,2.295654297,2.3044738770000004,2.668273926,0.9918821924228736
1,bv_split,1,float,brettel,1,1024,2.197265625,2.288818359,2.9296875,2.308227539,2.8616027835,6.821899414,0.7998378993050067
1,bv_split,1,float,brettel,2,1024,2.197265625,2.2857666014999998,2.752685547,2.305603027,2.3093566895,2.311157227,0.9897849959223459
1,bv_split,1,float,lookup,0,1024,7.556152344,9.924316406500001,16.6015625,5.815246582,7.397796631,16.445007324,1.3415232807175015
1,bv_split,1,float,lookup,1,1024,7.537841797,8.0078125,9.020996094,5.926940918,5.9443969725,8.937194824,1.347119402867235
1,bv_split,1,float,lookup,2,1024,7.983398438,8.0322265625,13.348388672,5.927856445,8.275970459,9.794677734,0.9705479982429213
1,bv_split,1,float,lookupApply,0,1024,13.446044922,13.775634766,17.816162109,12.384155273,13.309478760000001,16.791870117,1.0350243622914048
1,bv_split,1,float,lookupApply,1,1024,13.446044922,13.458251953,26.342773438,13.242004395,13.277038573999999,16.607910156,1.0136486293980396
1,bv_split,1,float,lookupApply,2,1024,13.452148438,13.739013671999999,21.667480469,13.251159668,13.3386535645,15.996276855,1.030015031544528
1,bv_split,1,float,prepared,0,1024,2.410888672,2.410888672,3.057861328,0.803344727,0.817138672,0.848754883,2.950403345981892
1,bv_split,1,float,prepared,1,1024,2.410888672,2.410888672,2.960205078,0.822753906,0.826873779,0.880371094,2.9156670984484077
1,bv_split,1,float,prepared,2,1024,2.410888672,2.410888672,5.017089844,0.822814941,0.826904297,0.83013916,2.915559491886399
1,bv_split,1,float,vienot,0,1024,0.903320312,0.909423828,0.909423828,0.804321289,0.8152465825,2.628662109,1.1155199512903202
1,bv_split,1,float,vienot,1,1024,0.903320312,0.909423828,2.520751953,0.822692871,0.9815979005,1.305114746,0.9264728740116127
1,ma_fixed,1,double,brettel,0,1024,9.063720703,9.527587891,13.415527344,4.872619629,5.706787109,11.538818359,1.6695187167529573
1,ma_fixed,1,double,brettel,1,1024,6.292724609,8.3557128905,10.205078125,4.804321289,4.874206543,42.267700195,1.7142714033117656
1,ma_fixed,1,double,brettel,2,1024,5.975341797,6.2042236325,7.653808594,4.795410156,4.8045043945,6.761779785,1.2913347815026126
1,ma_fixed,1,double,lookup,0,1024,9.051513672,9.8876953125,13.262939453,8.143920898,8.684814453,72.14654541,1.138503921529894
1,ma_fixed,1,double,lookup,1,1024,9.057617188,9.27734375,20.318603516,7.476318359,8.1520385745,46.663879395,1.1380397265317184
1,ma_fixed,1,double,lookup,2,1024,9.271240234,10.5194091795,16.485595703,7.453308105,7.9365234375,11.573791504,1.3254429678612034
1,ma_fixed,1,double,lookupApply,0,1024,12.048339844,12.335205078,15.264892578,13.130065918,16.955352783000002,70.10369873,0.7275109657622508
1,ma_fixed,1,double,lookupApply,1,1024,12.054443359,12.335205078,13.659667969,13.133972168,13.238952636499999,33.247802734,0.9317357208448384
1,ma_fixed,1,double,lookupApply,2,1024,12.060546875,12.335205078,18.627929688,12.352233887,12.395629883,12.669433594,0.9951253138751045
1,ma_fixed,1,double,prepared,0,1024,1.818847656,1.861572266,2.349853516,1.364807129,2.050140381,20.432312012,0.9080218521874966
1,ma_fixed,1,double,prepared,1,1024,1.818847656,2.1026611324999998,3.179931641,1.21685791,1.291900635,20.583496094,1.6275718701074868
1,ma_fixed,1,double,prepared,2,1024,1.818847656,1.843261719,2.154541016,1.217773438,1.2709045410000002,1.325073242,1.4503541843903127
1,ma_fixed,1,double,vienot,0,1024,0.982666016,1.007080078,3.485107422,1.365600586,1.644317627,2.258850098,0.6124607931360454
1,ma_fixed,1,double,vienot,1,1024,0.982666016,1.403808594,1.635742188,1.362365723,1.3652648925,20.04119873,1.028231665306665
1,ma_fixed,1,float,brettel,0,1024,8.160400391,8.5723876955,14.001464844,2.310302734,2.3395080565,3.268371582,3.6641838747606807
1,ma_fixed,1,float,brettel,1,1024,6.762695312,8.038330078,9.814453125,2.308166504,2.7184448244999997,3.452514648,2.956959069227561
1,ma_fixed,1,float,brettel,2,1024,4.797363281,5.068969726500001,6.439208984,2.307434082,2.3650512695000003,5.034179688,2.143281116933943
1,ma_fixed,1,float,lookup,0,1024,6.951904297,7.6110839845000005,12.725830078,5.923156738,7.4402770995,9.094909668,1.0229570596250346
1,ma_fixed,1,float,lookup,1,1024,6.945800781,7.12890625,10.009765625,5.924987793,6.072570800499999,10.372131348,1.1739519363714994
1,ma_fixed,1,float,lookup,2,1024,7.122802734,8.4899902345,16.430664062,5.949157715,6.212890625,12.788818359,1.3665121031323484
1,ma_fixed,1,float,lookupApply,0,1024,12.561035156,12.872314453,15.203857422,13.253417969,14.0183715825,17.435424805,0.9182460585557102
1,ma_fixed,1,float,lookupApply,1,1024,12.567138672,12.875366211,13.446044922,13.257446289,13.584228515500001,15.788391113,0.9478172570719663
1,ma_fixed,1,float,lookupApply,2,1024,12.573242188,12.8814697265,20.245361328,13.253662109,13.5832824705,17.979614258,0.9483326106540015
1,ma_fixed,1,float,prepared,0,1024,2.410888672,2.4505615235000002,2.484130859,0.82208252,0.838439941,0.856140137,2.9227633413756946
1,ma_fixed,1,float,prepared,1,1024,2.410888672,2.4505615235000002,15.002441406,0.824584961,0.9840393064999999,1.559631348,2.490308575392258
1,ma_fixed,1,float,prepared,2,1024,2.410888672,2.484130859,5.151367188,0.823791504,0.8381347655,0.852539062,2.9638799883429963
1,ma_fixed,1,float,vienot,0,1024,5.059814453,5.181884766,9.136962891,0.822814941,0.847290039,2.452026367,6.1158334542866015
1,ma_fixed,1,float,vienot,1,1024,5.053710938,5.6640625,6.146240234,0.823608398,1.0453796385,1.319396973,5.418187126857838
1,ma_bounded,1,double,brettel,0,1024,9.112548828,12.432861328,14.099121094,4.804077148,5.715179443,10.154174805,2.175410492706029
1,ma_bounded,1,double,brettel,1,1024,6.140136719,6.2927246095000005,9.020996094,4.680175781,4.8077087405,7.787536621,1.3088822449850737
1,ma_bounded,1,double,brettel,2,1024,5.737304688,5.908203125,17.059326172,4.757995605,4.7840270995,5.795043945,1.234985296303504
1,ma_bounded,1,double,lookup,0,1024,8.612060547,8.831787109,12.445068359,7.938232422,10.369049072,11.435852051,0.851745135708622
1,ma_bounded,1,double,lookup,1,1024,8.380126953,8.8287353515,13.153076172,7.938537598,8.142486572,12.251037598,1.0842800013769556
1,ma_bounded,1,double,lookup,2,1024,8.825683594,12.47253418,16.381835938,7.942260742,8.171508789,10.137817383,1.5263440941028887
1,ma_bounded,1,double,lookupApply,0,1024,11.468505859,11.755371093499999,13.543701172,12.930297852,16.0746765135,20.702819824,0.731297521516373
1,ma_bounded,1,double,lookupApply,1,1024,11.462402344,11.749267578,16.931152344,12.916748047,13.132568359499999,25.102233887,0.8946663939883983
1,ma_bounded,1,double,lookupApply,2,1024,11.480712891,11.752319336,18.774414062,12.928344727,13.149139404,16.206726074,0.893770989485815
1,ma_bounded,1,double,prepared,0,1024,1.818847656,1.840209961,2.520751953,1.21661377,1.6958312985000001,5.449279785,1.085137396996804
1,ma_bounded,1,double,prepared,1,1024,1.818847656,1.840209961,1.861572266,1.218078613,1.2658081055000001,1.295166016,1.453782728206744
1,ma_bounded,1,double,prepared,2,1024,1.818847656,1.861572266,2.136230469,1.217041016,1.2774658204999998,1.703979492,1.457238413839817
1,ma_bounded,1,double,vienot,0,1024,0.982666016,1.4678955075,3.515625,1.362243652,1.7577514650000001,2.348388672,0.8350984406660699
1,ma_bounded,1,double,vienot,1,1024,0.982666016,0.9857177735,0.994873047,1.332214355,1.3512878415,1.72857666,0.7294654352886072
1,ma_bounded,1,float,brettel,0,1024,7.971191406,8.3099365235,11.529541016,2.308044434,2.3386230465,2.792724609,3.5533458613335354
1,ma_bounded,1,float,brettel,1,1024,5.145263672,5.59387207,6.652832031,2.308410645,2.3645629885,2.665161133,2.365710745370571
1,ma_bounded,1,float,brettel,2,1024,4.992675781,5.139160156,7.879638672,2.293029785,2.330291748,2.813110352,2.2053719927604534
1,ma_bounded,1,float,lookup,0,1024,6.066894531,6.140136719,7.086181641,5.945922852,6.1064453125,7.666809082,1.005517351712138
1,ma_bounded,1,float,lookup,1,1024,6.134033203,6.286621094,7.391357422,5.815063477,6.104339599499999,8.126281738,1.0298609688286233
1,ma_bounded,1,float,lookup,2,1024,6.140136719,9.5001220705,14.367675781,5.947265625,6.085388184,11.61730957,1.5611365755562125
1,ma_bounded,1,float,lookupApply,0,1024,11.517333984,11.535644531,14.849853516,13.260437012,13.569763183500001,13.990539551,0.8500991782249109
1,ma_bounded,1,float,lookupApply,1,1024,11.517333984,11.541748047,22.222900391,13.255981445,13.591064453000001,14.154296875,0.8492159011469004
1,ma_bounded,1,float,lookupApply,2,1024,11.81640625,13.812255859499999,18.841552734,12.385131836,13.590789795,16.264221191,1.0162953049705379
1,ma_bounded,1,float,prepared,0,1024,2.410888672,2.447509766,2.484130859,0.82434082,0.8362121585,0.852355957,2.926900477494074
1,ma_bounded,1,float,prepared,1,1024,2.410888672,2.471923828,2.783203125,0.823303223,0.8361206055,0.851257324,2.956420176395234
1,ma_bounded,1,float,prepared,2,1024,2.410888672,2.4566650389999998,2.471923828,0.803649902,0.8271789549999999,0.851379395,2.9699317471151088
1,ma_bounded,1,float,vienot,0,1024,5.053710938,5.187988281,5.480957031,0.823425293,0.8340148924999999,0.848999023,6.220498371976014
1,ma_bounded,1,float,vienot,1,1024,5.053710938,5.181884766,5.56640625,0.823547363,0.835418701,1.250549316,6.202739727752395
1,ma_direct,1,double,brettel,0,1024,9.027099609,12.094116211,15.374755859,4.756896973,5.2883605955,9.729675293,2.2869310805490812
1,ma_direct,1,double,brettel,1,1024,6.433105469,6.533813476500001,7.934570312,4.75970459,4.8066101075,5.253234863,1.3593391871549882
1,ma_direct,1,double,brettel,2,1024,6.506347656,6.918334961,17.852783203,4.757446289,4.805938721,5.690002441,1.4395387379305704
1,ma_direct,1,double,lookup,0,1024,10.443115234,10.693359375,11.877441406,7.933349609,8.154754639,9.621887207,1.3113036318541282
1,ma_direct,1,double,lookup,1,1024,10.437011719,10.693359375,13.122558594,7.287597656,8.051422119,8.463378906,1.3281329952587473
1,ma_direct,1,double,lookup,2,1024,10.198974609,11.5478515625,18.963623047,7.942871094,8.1379394535,12.023681641,1.4190141900765127
1,ma_direct,1,double,lookupApply,0,1024,11.993408203,12.319946289,15.985107422,12.096740723,13.3429870605,18.742919922,0.9233274553245603
1,ma_direct,1,double,lookupApply,1,1024,11.999511719,12.292480469,13.024902344,12.922607422,13.136016845499999,14.024169922,0.9357844629447952
1,ma_direct,1,double,lookupApply,2,1024,11.895751953,13.5528564455,20.745849609,12.356201172,13.133819580499999,13.884399414,1.0319051790251597
1,ma_direct,1,double,prepared,0,1024,1.818847656,2.4078369139999998,4.522705078,1.353088379,2.0292663575,3.157409668,1.1865553800272863
1,ma_direct,1,double,prepared,1,1024,1.818847656,1.843261719,1.873779297,1.217224121,1.2860412595000001,1.359863281,1.4332835011192733
1,ma_direct,1,double,prepared,2,1024,1.861572266,2.340698242,2.709960938,1.217590332,1.352783203,1.419189453,1.7302833423782542
1,ma_direct,1,double,vienot,0,1024,0.9765625,1.3122558595,1.599121094,1.351196289,2.207763672,3.463317871,0.5943823952457897
1,ma_direct,1,double,vienot,1,1024,0.982666016,0.9948730465,1.007080078,1.34185791,1.3553161624999999,1.365722656,0.7340523739234904
1,ma_direct,1,float,brettel,0,1024,8.050537109,8.355712890500001,14.886474609,2.306640625,2.3498229979999996,2.769165039,3.5558903362558727
1,ma_direct,1,float,brettel,1,1024,5.462646484,5.709838867,6.457519531,2.307861328,2.36517334,2.643493652,2.4141312479870924
1,ma_direct,1,float,brettel,2,1024,5.017089844,5.166625976500001,6.176757812,2.31439209,2.3564758305,2.367492676,2.1925223715974798
1,ma_direct,1,float,lookup,0,1024,10.601806641,10.711669922,12.487792969,5.961914062,6.070159911999999,6.469970703,1.7646437783005149
1,ma_direct,1,float,lookup,1,1024,10.638427734,10.971069335500001,12.957763672,5.961914062,6.071624756,6.93371582,1.8069412680120511
1,ma_direct,1,float,lookup,2,1024,10.693359375,10.9619140625,16.223144531,6.09185791,8.3306274415,13.586242676,1.3158569554907635
1,ma_direct,1,float,lookupApply,0,1024,12.481689453,12.8356933595,16.522216797,12.679504395,13.2673339845,13.750061035,0.9674659109732009
1,ma_direct,1,float,lookupApply,1,1024,12.481689453,12.796020508,24.780273438,13.234863281,13.58303833,14.288513184,0.9420587792746072
1,ma_direct,1,float,lookupApply,2,1024,12.780761719,14.367675780999999,19.586181641,13.356262207,13.6921691895,23.827331543,1.049335250109093
1,ma_direct,1,float,prepared,0,1024,2.429199219,3.3386230469999996,7.434082031,0.823181152,0.825378418,0.830078125,4.044960437770981
1,ma_direct,1,float,prepared,1,1024,2.429199219,2.4566650389999998,3.570556641,0.823608398,0.8373413085,0.848510742,2.9338873098245095
1,ma_direct,1,float,prepared,2,1024,2.484130859,2.667236328,5.004882812,0.823730469,0.840545654,0.851013184,3.17322005688462
1,ma_direct,1,float,vienot,0,1024,5.059814453,5.682373047,13.055419922,0.822021484,0.824890137,0.827209473,6.888642247155392
1,ma_direct,1,float,vienot,1,1024,5.053710938,5.181884766,6.182861328,0.822753906,0.8358459475,0.848022461,6.199569168815047
1,default,2,double,brettel,0,1024,8.947753906,9.194946289,9.893798828,4.68951416,4.7600402835,7.269042969,1.9316950574710403
1,default,2,double,brettel,1,1024,6.378173828,6.7108154295,8.654785156,4.692504883,4.727050781,5.045227051,1.419662225012175
1,default,2,double,brettel,2,1024,6.182861328,6.689453125,16.131591797,4.6875,4.7583007815,7.531860352,1.4058491533381432
1,default,2,double,lookup,0,1024,10.119628906,10.125732422,11.944580078,7.942199707,7.959838867,10.702880859,1.272102688407348
1,default,2,double,lookup,1,1024,9.875488281,10.107421875,12.091064453,7.93963623,7.9485473634999995,8.193481445,1.271606170633596
1,default,2,double,lookup,2,1024,9.86328125,10.0982666015,10.461425781,7.281066895,7.9792175295,10.196472168,1.2655710367796913
1,default,2,double,lookupApply,0,1024,12.805175781,13.262939453,14.141845703,12.807861328,12.9322814945,23.032348633,1.0255684164190693
1,default,2,double,lookupApply,1,1024,12.799072266,13.2415771485,16.125488281,12.817871094,12.9282531735,16.738891602,1.0242356001847368
1,default,2,double,lookupApply,2,1024,12.799072266,13.150024414,13.458251953,12.114501953,12.982147217,15.756958008,1.0129313890987284
1,default,2,double,prepared,0,1024,1.818847656,1.818847656,1.831054688,1.188598633,1.2621154785,1.335754395,1.4411103318070908
1,default,2,double,prepared,1,1024,1.818847656,1.818847656,1.824951172,1.188842773,1.2628784180000001,1.337524414,1.44023971751808
1,default,2,double,prepared,2,1024,1.818847656,1.818847656,2.026367188,1.187866211,1.2632141115,3.954467773,1.439856980255085
1,default,2,double,vienot,0,1024,0.970458984,0.982666016,1.202392578,1.33013916,1.3338623045000002,1.756164551,0.7367072393340882
1,default,2,double,vienot,1,1024,0.982666016,0.988769531,1.171875,1.330444336,1.332763672,2.198547363,0.7418941195449991
1,default,2,float,brettel,0,1024,7.452392578,7.5500488279999995,7.934570312,2.307617188,2.310089111,3.923095703,3.2682933277546624
1,default,2,float,brettel,1,1024,4.895019531,4.977416992,6.982421875,2.307922363,2.3251037595,2.709594727,2.140728976787842
1,default,2,float,brettel,2,1024,4.565429688,4.681396484,4.943847656,2.309814453,2.3171997070000003,2.408630371,2.0202818384009054
1,default,2,float,lookup,0,1024,7.983398438,8.0078125,8.612060547,5.945983887,5.963989258,6.814819336,1.3426939844431223
1,default,2,float,lookup,1,1024,7.525634766,8.0078125,8.264160156,5.947998047,5.9716186525,9.606079102,1.3409785463523451
1,default,2,float,lookup,2,1024,7.989501953,8.013916016,8.215332031,5.807800293,5.9524536134999995,8.966186523,1.3463214560504362
1,default,2,float,lookupApply,0,1024,13.397216797,13.403320312,16.595458984,12.452087402,13.2991027835,19.055175781,1.0078364330433855
1,default,2,float,lookupApply,1,1024,13.397216797,13.40637207,16.937255859,13.260253906,13.3325805665,18.04296875,1.0055346752364962
1,default,2,float,lookupApply,2,1024,13.391113281,13.403320312,15.032958984,13.144714355,13.3790893555,21.932434082,1.0018111065601067
1,default,2,float,prepared,0,1024,2.410888672,2.410888672,4.534912109,0.823791504,0.827911377,2.321166992,2.9120129750312636
1,default,2,float,prepared,1,1024,2.410888672,2.410888672,12.725830078,0.823242188,0.8312072755,1.669921875,2.9004662772589027
1,default,2,float,prepared,2,1024,2.410888672,2.410888672,5.139160156,0.822937012,0.827819824,1.158508301,2.9123350300439292
1,default,2,float,vienot,0,1024,5.059814453,5.059814453,5.249023438,0.822937012,0.8268432615,2.897888184,6.119436038966861
1,default,2,float,vienot,1,1024,5.053710938,5.059814453,5.279541016,0.823669434,0.828674316,0.863220215,6.105914416925166
1,prepared,2,double,brettel,0,1024,3.961181641,3.967285156,4.187011719,4.732910156,4.758331299,4.927368164,0.8337555556154225
1,prepared,2,double,brettel,1,1024,3.90625,3.985595703,6.939697266,4.69128418,4.728240967,4.979431152,0.8429341336063088
1,prepared,2,double,brettel,2,1024,3.961181641,3.973388672,4.162597656,4.690490723,4.7595520019999995,5.69744873,0.8348240906560853
1,prepared,2,double,lookup,0,1024,9.899902344,10.092163086,10.314941406,7.942565918,7.953826904,8.319824219,1.2688436909438683
1,prepared,2,double,lookup,1,1024,10.137939453,10.1470947265,10.437011719,7.931762695,7.9492492675,9.327819824,1.2764846572349609
1,prepared,2,double,lookup,2,1024,10.144042969,10.150146484,11.712646484,7.938720703,7.955230713000001,8.317871094,1.275908499726248
1,prepared,2,double,lookupApply,0,1024,12.805175781,13.119506836,15.649414062,12.888916016,12.9285888675,17.464172363,1.0147671157662017
1,prepared,2,double,lookupApply,1,1024,13.262939453,13.275146484,15.655517578,12.81463623,12.9309387205,20.579345703,1.0266189308402114
1,prepared,2,double,lookupApply,2,1024,13.262939453,13.275146484,23.205566406,12.818786621,12.9263916015,13.364746094,1.0269800647583298
1,prepared,2,double,prepared,0,1024,1.812744141,1.821899414,2.075195312,1.312561035,1.3372497559999998,2.499145508,1.362422693162189
1,prepared,2,double,prepared,1,1024,1.812744141,1.834106445,1.849365234,1.186828613,1.271759033,1.361572266,1.442180788504767
1,prepared,2,double,prepared,2,1024,1.812744141,1.8310546875,1.849365234,1.188537598,1.3541564940000002,3.250427246,1.3521736192331104
1,prepared,2,double,vienot,0,1024,0.958251953,0.9765625,0.988769531,1.333007812,1.3392944335,1.561645508,0.729161919569794
1,prepared,2,double,vienot,1,1024,0.9765625,0.982666016,0.988769531,1.33001709,1.3384399409999999,1.531005859,0.7341876059569864
1,prepared,2,float,brettel,0,1024,6.213378906,6.213378906,7.293701172,2.29498291,2.3060913085,2.311157227,2.6943334303798663
1,prepared,2,float,brettel,1,1024,6.219482422,6.225585938,6.408691406,2.307128906,2.3098754880000003,3.82434082,2.6952041226215218
1,prepared,2,float,brettel,2,1024,6.213378906,6.219482422,8.459472656,2.307861328,2.3098449705,2.311828613,2.6925973394022633
1,prepared,2,float,lookup,0,1024,7.556152344,7.922363281000001,12.182617188,5.812988281,5.9462280275,8.55456543,1.332334253641268
1,prepared,2,float,lookup,1,1024,8.013916016,8.13293457,8.319091797,5.943603516,5.945526123,6.145202637,1.367908306472342
1,prepared,2,float,lookup,2,1024,7.989501953,8.093261719,8.453369141,5.924316406,5.9454040525,8.514587402,1.361263531886759
1,prepared,2,float,lookupApply,0,1024,13.201904297,13.208007812,13.421630859,12.394042969,12.9706726075,13.424133301,1.0182978332490458
1,prepared,2,float,lookupApply,1,1024,13.427734375,13.4368896485,23.077392578,13.245849609,13.275146484,16.067749023,1.0121839080792774
1,prepared,2,float,lookupApply,2,1024,13.427734375,13.433837891,15.905761719,13.240661621,13.264923096,16.127685547,1.0127339445376005
1,prepared,2,float,prepared,0,1024,2.410888672,2.423095703,2.618408203,0.803588867,0.8171386715,0.833496094,2.965342098608535
1,prepared,2,float,prepared,1,1024,2.410888672,2.410888672,2.606201172,0.822875977,0.8283691405,0.832702637,2.910403773062814
1,prepared,2,float,prepared,2,1024,2.410888672,2.4200439455,2.429199219,0.82434082,0.8286743165,0.831420898,2.9203800543998155
1,prepared,2,float,vienot,0,1024,5.053710938,5.059814453,5.2734375,0.804382324,0.8161315920000001,0.830078125,6.199753204750344
1,prepared,2,float,vienot,1,1024,5.053710938,5.059814453,5.261230469,0.822814941,0.828979492,2.282348633,6.103666618811845
1,inline,2,double,brettel,0,1024,3.961181641,4.061889648499999,4.443359375,4.690979004,4.872436523499999,6.302307129,0.8336464988121051
1,inline,2,double,brettel,1,1024,3.955078125,3.9825439449999998,4.39453125,4.69317627,4.875793457,5.126281738,0.8167991487175088
1,inline,2,double,brettel,2,1024,3.961181641,4.055786133,16.864013672,4.691345215,4.875854492,41.898986816,0.8318103297902926
1,inline,2,double,lookup,0,1024,9.86328125,10.354614258,13.195800781,7.964660645,8.148864746000001,11.074829102,1.270681816517169
1,inline,2,double,lookup,1,1024,10.107421875,10.354614258,14.593505859,7.965454102,8.1422729495,63.802185059,1.2717105312265238
1,inline,2,double,lookup,2,1024,10.107421875,10.12878418,14.031982422,7.940246582,8.155426025499999,45.644348145,1.2419687393803585
1,inline,2,double,lookupApply,0,1024,13.244628906,13.568115234,17.303466797,12.493835449,13.1513671875,25.849365234,1.0316885720365339
1,inline,2,double,lookupApply,1,1024,13.098144531,13.250732422,14.038085938,12.819152832,13.244812011499999,50.446411133,1.0004469984545543
1,inline,2,double,lookupApply,2,1024,13.244628906,13.5650634765,20.849609375,12.815551758,13.2527160645,68.302368164,1.0235685583604017
1,inline,2,double,prepared,0,1024,1.818847656,1.8432617185,2.593994141,1.187866211,1.287384033,2.451416016,1.4317885504643353
1,inline,2,double,prepared,1,1024,1.818847656,1.840209961,2.069091797,1.187988281,1.2779846190000002,1.374694824,1.4399312273726197
1,inline,2,double,prepared,2,1024,1.818847656,1.861572266,3.674316406,1.188171387,1.2781372069999999,1.370178223,1.456472948134746
1,inline,2,double,vienot,0,1024,0.988769531,1.00402832,1.159667969,1.330078125,1.3504028319999999,4.340209961,0.7435028246445503
1,inline,2,double,vienot,1,1024,0.982666016,0.9948730465,1.013183594,1.329956055,1.3646545410000002,1.582580566,0.7290292279912619
1,inline,2,float,brettel,0,1024,6.219482422,6.405639648499999,9.252929688,2.309631348,2.352355957,2.877380371,2.72307412891254
1,inline,2,float,brettel,1,1024,6.237792969,6.384277344,9.924316406,2.307983398,2.3370361324999998,2.375793457,2.7317837560220095
1,inline,2,float,brettel,2,1024,6.219482422,6.372070312,7.879638672,2.309265137,2.338745117,2.380371094,2.7245680881094487
1,inline,2,float,lookup,0,1024,8.056640625,8.2611083985,10.943603516,5.93762207,6.11038208,10.346374512,1.3519790236259661
1,inline,2,float,lookup,1,1024,8.026123047,8.206176758,8.465576172,5.937805176,6.113433838,8.903625488,1.3423187320670567
1,inline,2,float,lookup,2,1024,8.026123047,8.2244873045,14.642333984,5.960754395,6.116394043,6.707702637,1.3446627615355553
1,inline,2,float,lookupApply,0,1024,13.305664062,13.626098633,17.053222656,12.725402832,13.589355468499999,17.02331543,1.002703819514117
1,inline,2,float,lookupApply,1,1024,13.299560547,13.604736328000001,25.445556641,13.243225098,13.587158203000001,16.578613281,1.0012937307961953
1,inline,2,float,lookupApply,2,1024,13.305664062,13.656616211,14.569091797,13.256652832,13.535980224500001,16.422790527,1.0089122460656117
1,inline,2,float,prepared,0,1024,2.416992188,2.487182617,2.850341797,0.823669434,0.8280029295,0.830444336,3.0038331126460105
1,inline,2,float,prepared,1,1024,2.416992188,2.471923828,4.8828125,0.82409668,0.8522033689999999,2.986633301,2.900626678935366
1,inline,2,float,prepared,2,1024,2.429199219,2.4749755860000002,2.697753906,0.823120117,0.8393859859999999,0.866821289,2.9485548094437695
1,inline,2,float,vienot,0,1024,5.059814453,5.17578125,6.207275391,0.823425293,0.826782227,2.61138916,6.260150594649877
1,inline,2,float,vienot,1,1024,5.072021484,5.181884766,5.529785156,0.824951172,0.8368835450000001,0.862365723,6.191882726048819
1,bv_direct,2,double,brettel,0,1024,3.967285156,4.1687011720000005,6.927490234,4.732055664,4.806793212500001,4.879394531,0.8672520301392099
1,bv_direct,2,double,brettel,1,1024,3.979492188,4.0466308595000005,4.113769531,4.490783691,4.789703369,5.355407715,0.8448604324206535
1,bv_direct,2,double,brettel,2,1024,3.985595703,4.104614258,4.583740234,4.692626953,4.8668518065,6.991088867,0.8433818043356114
1,bv_direct,2,double,lookup,0,1024,10.162353516,10.418701171999999,10.656738281,7.275085449,7.819244384999999,13.610351562,1.3324434765060742
1,bv_direct,2,double,lookup,1,1024,10.168457031,10.485839844,18.756103516,7.927856445,8.1365356445,11.067687988,1.2887351942086116
1,bv_direct,2,double,lookup,2,1024,10.15625,10.485839844,13.323974609,7.946166992,8.1497802735,49.426513672,1.2866408040589734
1,bv_direct,2,double,lookupApply,0,1024,13.262939453,13.7176513675,17.620849609,12.052978516,12.895996094000001,19.942749023,1.063713982813804
1,bv_direct,2,double,lookupApply,1,1024,13.165283203,13.442993164499999,13.909912109,12.069396973,13.1252746585,13.844482422,1.0242066177102238
1,bv_direct,2,double,lookupApply,2,1024,13.262939453,13.5833740235,16.583251953,12.388427734,12.841278076,23.11315918,1.0577898822148362
1,bv_direct,2,double,prepared,0,1024,1.818847656,1.840209961,3.784179688,1.31060791,1.3443908690000002,2.053283691,1.3688057568918224
1,bv_direct,2,double,prepared,1,1024,1.818847656,1.840209961,2.05078125,1.18572998,1.278900146,3.150756836,1.4389004229576496
1,bv_direct,2,double,prepared,2,1024,1.818847656,1.843261719,4.455566406,1.18762207,1.2796936035000002,1.36932373,1.4403930081064906
1,bv_direct,2,double,vienot,0,1024,0.9765625,1.290893555,1.666259766,1.332580566,1.3513793944999999,1.568603516,0.9552414075971766
1,bv_direct,2,double,vienot,1,1024,0.9765625,0.994873047,1.013183594,1.33001709,1.350402832,3.086486816,0.7367231639514216
1,bv_direct,2,float,brettel,0,1024,2.197265625,2.2705078125,4.870605469,2.294921875,2.3453674315,2.45111084,0.9680819226895621
1,bv_direct,2,float,brettel,1,1024,2.276611328,2.331542969,4.119873047,2.307983398,2.3375244139999998,2.531433105,0.9974411197743325
1,bv_direct,2,float,brettel,2,1024,2.282714844,2.3040771485000002,2.331542969,2.307922363,2.3635559085,2.470458984,0.9748350526483855
1,bv_direct,2,float,lookup,0,1024,7.971191406,8.209228515500001,8.422851562,5.943969727,6.0726013185,6.235473633,1.351847105537923
1,bv_direct,2,float,lookup,1,1024,7.977294922,8.1848144535,10.992431641,5.942749023,6.0722961425,6.502868652,1.347894480345661
1,bv_direct,2,float,lookup,2,1024,7.745361328,8.013916016,10.25390625,5.928039551,6.0716247555,6.106018066,1.3198964591381521
1,bv_direct,2,float,lookupApply,0,1024,13.372802734,13.8763427735,16.101074219,13.255126953,13.546234130999999,13.799682617,1.0243690341764107
1,bv_direct,2,float,lookupApply,1,1024,13.372802734,13.879394531,16.619873047,13.256225586,13.556640625,14.204711914,1.0238078086546607
1,bv_direct,2,float,lookupApply,2,1024,13.372802734,13.873291016,16.223144531,13.258972168,13.5014343265,14.679443359,1.027542013722952
1,bv_direct,2,float,prepared,0,1024,2.410888672,2.490234375,5.029296875,0.823425293,0.8388061525,0.872924805,2.9687841077202877
1,bv_direct,2,float,prepared,1,1024,2.410888672,2.4505615235000002,13.238525391,0.82421875,0.8373107909999999,0.849914551,2.9267048147955856
1,bv_direct,2,float,prepared,2,1024,2.410888672,2.490234375,5.187988281,0.825012207,0.836608887,0.851623535,2.976581307819648
1,bv_direct,2,float,vienot,0,1024,0.909423828,0.9185791015,0.9765625,0.8046875,0.8669128420000001,2.612670898,1.0595979860914322
1,bv_direct,2,float,vienot,1,1024,0.909423828,0.9216308595,0.933837891,0.823364258,0.8367614745,0.847717285,1.1014260187477118
1,bv_split,2,double,brettel,0,1024,3.973388672,4.107666016,4.187011719,4.691101074,4.8714904785,5.525512695,0.843205182095482
1,bv_split,2,double,brettel,1,1024,3.985595703,4.095458984,4.309082031,4.691345215,4.8758544925,5.426208496,0.8399469242364804
1,bv_split,2,double,brettel,2,1024,3.991699219,4.055786133,4.113769531,4.691711426,4.834777832,5.169616699,0.8388774570272746
1,bv_split,2,double,lookup,0,1024,10.168457031,10.412597656,11.773681641,7.51373291,7.9551086425,11.573425293,1.3089196042365678
1,bv_split,2,double,lookup,1,1024,10.162353516,10.415649414,19.073486328,7.940124512,8.1364440915,8.457275391,1.2801230238748948
1,bv_split,2,double,lookup,2,1024,10.168457031,10.388183594000001,11.157226562,7.464355469,7.9855957029999995,8.618774414,1.300865205346848
1,bv_split,2,double,lookupApply,0,1024,13.275146484,13.5162353515,17.041015625,12.822570801,13.1281433105,19.247924805,1.029561837635456
1,bv_split,2,double,lookupApply,1,1024,13.269042969,13.513183593499999,14.184570312,12.824401855,13.235260010000001,13.836547852,1.0209987248675139
1,bv_split,2,double,lookupApply,2,1024,13.269042969,13.5314941405,13.903808594,12.396606445,12.836303711,13.596069336,1.0541581474816821
1,bv_split,2,double,prepared,0,1024,1.818847656,1.861572266,3.741455078,1.187988281,1.27947998,1.403076172,1.4549444267193614
1,bv_split,2,double,prepared,1,1024,1.812744141,1.840209961,2.087402344,1.189147949,1.2785949705,1.598510742,1.4392438602197677
1,bv_split,2,double,prepared,2,1024,1.812744141,1.840209961,2.044677734,1.189819336,1.257598877,1.327209473,1.4632725860807205
1,bv_split,2,double,vienot,0,1024,1.007080078,1.04675293,1.513671875,1.330505371,1.3515930175,1.376098633,0.7744586694714853
1,bv_split,2,double,vienot,1,1024,0.982666016,0.9948730465,1.007080078,1.330749512,1.3521423339999998,1.414855957,0.7357753850934454
1,bv_split,2,float,brettel,0,1024,2.197265625,2.2735595705,2.337646484,2.295166016,2.334197998,2.377319336,0.9740217292826243
1,bv_split,2,float,brettel,1,1024,2.24609375,2.276611328,4.968261719,2.307434082,2.3368530275,2.696166992,0.9742210148472847
1,bv_split,2,float,brettel,2,1024,2.276611328,2.331542969,2.722167969,2.307556152,2.3663940429999997,5.034729004,0.9852724975778687
1,bv_split,2,float,lookup,0,1024,8.013916016,8.203125,11.145019531,5.825317383,6.1083068845,6.481323242,1.3429457876151671
1,bv_split,2,float,lookup,1,1024,8.0078125,8.184814453000001,11.834716797,5.959411621,6.10925293,6.438537598,1.339740643705842
1,bv_split,2,float,lookup,2,1024,7.727050781,8.03527832,13.763427734,5.934448242,6.1101379395,6.296813965,1.3150731455757505
1,bv_split,2,float,lookupApply,0,1024,13.330078125,13.864135742,16.351318359,12.39251709,13.1280212405,13.770385742,1.0560720071985474
1,bv_split,2,float,lookupApply,1,1024,13.549804688,13.809204101999999,14.263916016,13.258850098,13.507446289,15.109558105,1.0223401083035022
1,bv_split,2,float,lookupApply,2,1024,13.537597656,13.815307617,14.483642578,13.244506836,13.5214233395,15.596252441,1.021734714617024
1,bv_split,2,float,prepared,0,1024,2.416992188,2.490234375,3.253173828,0.804870605,0.8274841310000001,0.858032227,3.009404388203307
1,bv_split,2,float,prepared,1,1024,2.429199219,2.453613281,2.478027344,0.823059082,0.8448791505,1.068603516,2.9040996923026805
1,bv_split,2,float,prepared,2,1024,2.429199219,2.4627685545,2.667236328,0.824707031,0.8369140625,0.850769043,2.9426779461003503
1,bv_split,2,float,vienot,0,1024,0.903320312,0.9185791015,0.927734375,0.803649902,0.8262329105,0.864807129,1.1117677471163865
1,bv_split,2,float,vienot,1,1024,0.903320312,0.927734375,1.116943359,0.823547363,0.8362426755,0.849182129,1.1094080727765967
1,ma_fixed,2,double,brettel,0,1024,9.088134766,9.4512939455,12.890625,4.688049316,4.880737305,5.25958252,1.936447990310349
1,ma_fixed,2,double,brettel,1,1024,6.500244141,7.620239257500001,8.868408203,4.69152832,4.881744384999999,5.459533691,1.5609664612744778
1,ma_fixed,2,double,brettel,2,1024,5.999755859,6.207275391,25.1953125,4.69152832,4.789764404,5.20098877,1.2959458686143763
1,ma_fixed,2,double,lookup,0,1024,8.868408203,9.274291992,10.302734375,7.952697754,8.1687622075,9.389465332,1.1353362671623588
1,ma_fixed,2,double,lookup,1,1024,9.063720703,9.274291992,9.674072266,7.954467773,8.131347656500001,8.525512695,1.1405602593545927
1,ma_fixed,2,double,lookup,2,1024,9.057617188,9.280395508,12.298583984,7.937316895,8.119110107000001,8.553527832,1.1430311186442441
1,ma_fixed,2,double,lookupApply,0,1024,12.054443359,12.341308594,19.934082031,12.827636719,13.256591796999999,17.18951416,0.9309563712139699
1,ma_fixed,2,double,lookupApply,1,1024,12.066650391,12.338256836,14.270019531,12.815429688,13.101654052499999,13.597290039,0.9417327603491155
1,ma_fixed,2,double,lookupApply,2,1024,12.054443359,12.335205078,13.073730469,12.80847168,13.2408447265,13.693847656,0.9316025776899665
1,ma_fixed,2,double,prepared,0,1024,1.824951172,1.861572266,2.978515625,1.188232422,1.2780151365,1.371276855,1.456612064156096
1,ma_fixed,2,double,prepared,1,1024,1.818847656,1.840209961,1.867675781,1.188232422,1.3555908205,1.595458984,1.3574966230010703
1,ma_fixed,2,double,prepared,2,1024,1.818847656,1.861572266,2.392578125,1.187866211,1.279083252,1.368286133,1.4553957008577891
1,ma_fixed,2,double,vienot,0,1024,0.982666016,0.994873047,2.850341797,1.330078125,1.3486938474999999,1.368652344,0.7376566956571663
1,ma_fixed,2,double,vienot,1,1024,0.9765625,0.988769531,1.477050781,1.330078125,1.3510437015,2.88659668,0.7318560679437799
1,ma_fixed,2,float,brettel,0,1024,8.135986328,8.489990234499999,10.870361328,2.309143066,2.3507995605,2.89654541,3.6115330192992854
1,ma_fixed,2,float,brettel,1,1024,6.707763672,6.8603515625,17.535400391,2.308959961,2.3302917485,2.35333252,2.943988265381784
1,ma_fixed,2,float,brettel,2,1024,4.98046875,5.072021484,5.535888672,2.307678223,2.3390808105,3.363037109,2.16838232404455
1,ma_fixed,2,float,lookup,0,1024,6.951904297,7.119750976500001,7.373046875,5.924560547,5.972625732499999,6.22869873,1.1920638083444486
1,ma_fixed,2,float,lookup,1,1024,6.951904297,7.116699219,9.735107422,5.925109863,6.0188293455,6.614746094,1.1824058816887417
1,ma_fixed,2,float,lookup,2,1024,6.958007812,7.122802734,11.999511719,5.943725586,6.1105651855000005,6.651733398,1.16565366995871
1,ma_fixed,2,float,lookupApply,0,1024,12.329101562,12.872314453,16.198730469,12.683166504,13.061584473,13.63470459,0.9855094134719071
1,ma_fixed,2,float,lookupApply,1,1024,12.567138672,12.622070312,13.305664062,12.692871094,13.463684082,13.884765625,0.93749008333275
1,ma_fixed,2,float,lookupApply,2,1024,12.573242188,12.808227539,14.0625,13.25,13.5611572265,23.253540039,0.9444789500686054
1,ma_fixed,2,float,prepared,0,1024,2.410888672,2.471923828,3.698730469,0.823425293,0.8255920409999999,0.82989502,2.994122648040402
1,ma_fixed,2,float,prepared,1,1024,2.410888672,2.471923828,3.216552734,0.823669434,0.8274536135,1.485229492,2.9873865890127025
1,ma_fixed,2,float,prepared,2,1024,2.410888672,2.444458008,2.471923828,0.82434082,0.8364257815,0.850097656,2.922504377634371
1,ma_fixed,2,float,vienot,0,1024,5.065917969,5.200195312,7.720947266,0.822753906,0.8244934079999999,0.832214355,6.307139949868466
1,ma_fixed,2,float,vienot,1,1024,5.059814453,5.181884766,5.480957031,0.823608398,0.825958252,0.82824707,6.273785331707056
1,ma_bounded,2,double,brettel,0,1024,9.167480469,9.393310546999999,13.891601562,4.690856934,4.7695007325,7.386474609,1.9694536333735637
1,ma_bounded,2,double,brettel,1,1024,6.793212891,6.829833984,7.153320312,4.692687988,4.746368408,8.868774414,1.4389599367146302
1,ma_bounded,2,double,brettel,2,1024,5.792236328,5.941772461,9.045410156,4.69152832,4.7691345215,5.020385742,1.2458806591035683
1,ma_bounded,2,double,lookup,0,1024,8.612060547,8.618164062,8.807373047,7.967102051,7.997680664000001,17.375976562,1.0775829173566511
1,ma_bounded,2,double,lookup,1,1024,8.612060547,8.630371094,17.602539062,7.964111328,7.9797668455,11.394348145,1.0815317365903856
1,ma_bounded,2,double,lookup,2,1024,8.612060547,8.618164062,9.173583984,7.937438965,7.978881835999999,8.602111816,1.0801217813648545
1,ma_bounded,2,double,lookupApply,0,1024,11.462402344,11.471557617,15.386962891,12.811340332,12.943908691499999,18.401367188,0.8862514322689203
1,ma_bounded,2,double,lookupApply,1,1024,11.462402344,11.468505859,12.59765625,12.098754883,12.8853759765,18.232116699,0.8900404520532386
1,ma_bounded,2,double,lookupApply,2,1024,11.462402344,11.468505859,12.005615234,12.657592773,12.886016845499999,13.264526367,0.8899961870688524
1,ma_bounded,2,double,prepared,0,1024,1.818847656,1.818847656,3.454589844,1.187194824,1.271484375,3.001586914,1.4304915512626728
1,ma_bounded,2,double,prepared,1,1024,1.818847656,1.818847656,1.818847656,1.186645508,1.307373047,2.703918457,1.391223155604798
1,ma_bounded,2,double,prepared,2,1024,1.818847656,1.818847656,1.818847656,1.186828613,1.2726745605,1.357910156,1.429153777761868
1,ma_bounded,2,double,vienot,0,1024,0.982666016,1.0009765625,3.845214844,1.329284668,1.335632324,1.758789062,0.7494402048478724
1,ma_bounded,2,double,vienot,1,1024,0.982666016,0.982666016,0.988769531,1.329162598,1.3455200194999999,2.800964355,0.7303243368799242
1,ma_bounded,2,float,brettel,0,1024,8.013916016,8.4564208985,10.144042969,2.295654297,2.307281494,2.380737305,3.665101514700572
1,ma_bounded,2,float,brettel,1,1024,5.297851562,5.3924560545,6.048583984,2.294555664,2.3079223635000004,3.163818359,2.336498029475418
1,ma_bounded,2,float,brettel,2,1024,4.98046875,5.133056641,8.142089844,2.293945312,2.303222656,2.311096191,2.228641085840378
1,ma_bounded,2,float,lookup,0,1024,6.134033203,6.2255859375,6.488037109,5.797607422,5.941497803,6.126464844,1.0478142286540202
1,ma_bounded,2,float,lookup,1,1024,6.134033203,6.304931641,7.513427734,5.799072266,5.9401550295,6.254577637,1.0614086012382582
1,ma_bounded,2,float,lookup,2,1024,6.127929688,6.3232421875,10.430908203,5.940917969,5.962097168,6.74987793,1.0605734877046875
1,ma_bounded,2,float,lookupApply,0,1024,11.535644531,11.871337891,12.554931641,12.389770508,13.106994628999999,18.349060059,0.9057253952583427
1,ma_bounded,2,float,lookupApply,1,1024,11.535644531,11.871337891,23.834228516,12.382507324,12.905822753999999,13.559143066,0.9198435556788215
1,ma_bounded,2,float,lookupApply,2,1024,11.535644531,11.883544922,16.772460938,12.383056641,13.1366577145,14.011474609,0.9046094661416932
1,ma_bounded,2,float,prepared,0,1024,2.410888672,2.471923828,4.748535156,0.803100586,0.821350098,0.956054688,3.0095860876125444
1,ma_bounded,2,float,prepared,1,1024,2.410888672,2.471923828,4.388427734,0.804016113,0.817199707,0.831665039,3.0248711628576244
1,ma_bounded,2,float,prepared,2,1024,2.410888672,2.471923828,4.089355469,0.803405762,0.8173828125,0.831176758,3.0241935482341695
1,ma_bounded,2,float,vienot,0,1024,5.065917969,5.1971435545,5.804443359,0.803771973,0.8251647945,0.886047363,6.298309851729866
1,ma_bounded,2,float,vienot,1,1024,5.053710938,5.181884766,7.843017578,0.805053711,0.816955566,0.83013916,6.342921184039035
1,ma_direct,2,double,brettel,0,1024,9.014892578,9.262084961,14.825439453,4.732971191,4.758331299,4.90435791,1.9464985472841074
1,ma_direct,2,double,brettel,1,1024,6.268310547,6.3262939455,6.860351562,4.690551758,4.7272338865000005,4.964477539,1.3382654840850128
1,ma_direct,2,double,brettel,2,1024,6.164550781,6.314086914,6.713867188,4.691345215,4.762084961,12.113952637,1.325908077178466
1,ma_direct,2,double,lookup,0,1024,10.437011719,10.443115234,15.258789062,7.952270508,7.9655761720000005,8.141723633,1.3110307413428373
1,ma_direct,2,double,lookup,1,1024,10.192871094,10.406494141,10.711669922,7.94732666,7.962799072499999,10.086669922,1.3068889527728318
1,ma_direct,2,double,lookup,2,1024,10.186767578,10.437011719,11.016845703,7.299926758,7.768371582,8.111816406,1.343526324510979
1,ma_direct,2,double,lookupApply,0,1024,11.999511719,12.008666992,20.294189453,12.814331055,12.933654785,15.537109375,0.9284821028258178
1,ma_direct,2,double,lookupApply,1,1024,11.633300781,11.999511719,12.799072266,12.807861328,12.9368896485,13.78704834,0.9275422489509535
1,ma_direct,2,double,lookupApply,2,1024,11.633300781,11.9049072265,12.20703125,12.09954834,12.5785217285,13.430480957,0.946447244235883
1,ma_direct,2,double,prepared,0,1024,1.818847656,1.821899414,2.209472656,1.314819336,1.3442993165,2.822021484,1.3552780929350419
1,ma_direct,2,double,prepared,1,1024,1.818847656,1.818847656,1.818847656,1.188476562,1.35345459,2.401245117,1.343855693008511
1,ma_direct,2,double,prepared,2,1024,1.818847656,1.8280029295,1.995849609,1.188110352,1.2826843265,1.380004883,1.425138587674167
1,ma_direct,2,double,vienot,0,1024,0.982666016,0.982666016,4.211425781,1.335266113,1.338378906,2.322021484,0.7342210876117918
1,ma_direct,2,double,vienot,1,1024,0.982666016,0.982666016,1.312255859,1.33001709,1.3355407715,1.347717285,0.7357813680943098
1,ma_direct,2,float,brettel,0,1024,7.873535156,8.267211914499999,12.750244141,2.295166016,2.3057250975,3.272460938,3.5855149963296955
1,ma_direct,2,float,brettel,1,1024,5.285644531,5.633544922,6.079101562,2.293945312,2.2950439449999998,2.474975586,2.454656667587252
1,ma_direct,2,float,brettel,2,1024,4.962158203,5.0567626955,8.898925781,2.293151855,2.295349121,2.297241211,2.203047305194668
1,ma_direct,2,float,lookup,0,1024,10.614013672,10.711669922,11.181640625,5.797851562,5.8047180175,5.983581543,1.845338548695488
1,ma_direct,2,float,lookup,1,1024,10.607910156,10.7208251955,11.779785156,5.800842285,5.805328369,6.004943848,1.8467215830112849
1,ma_direct,2,float,lookup,2,1024,10.406494141,10.711669922,13.812255859,5.928588867,5.943267822499999,6.125427246,1.802319909166436
1,ma_direct,2,float,lookupApply,0,1024,12.475585938,12.484741211,12.945556641,12.376098633,12.933074951,14.201965332,0.9653343275517525
1,ma_direct,2,float,lookupApply,1,1024,12.463378906,12.481689453,24.267578125,12.375854492,12.393981933500001,12.607177734,1.0070766215386302
1,ma_direct,2,float,lookupApply,2,1024,12.463378906,12.4908447265,12.939453125,12.383361816,13.263458252,16.147583008,0.9417487120763925
1,ma_direct,2,float,prepared,0,1024,2.410888672,2.429199219,2.557373047,0.803649902,0.8514099125000001,2.475830078,2.853148857366633
1,ma_direct,2,float,prepared,1,1024,2.410888672,2.4200439455,2.764892578,0.8046875,0.807434082,0.809265137,2.997203114718162
1,ma_direct,2,float,prepared,2,1024,2.410888672,2.4230957035,2.429199219,0.804992676,0.8074035645,0.808959961,3.001096118519799
1,ma_direct,2,float,vienot,0,1024,5.053710938,5.078125,7.788085938,0.804077148,0.817138672,1.247680664,6.214520465138382
1,ma_direct,2,float,vienot,1,1024,5.053710938,5.059814453,5.285644531,0.803649902,0.805389404,0.812011719,6.282444774999797
1,default,0,double,brettel,0,8191,9.669149066,9.972073007,13.021151264,4.594745758,4.6211237945,4.816345684,2.1579324533284803
1,default,0,double,brettel,1,8191,9.718746185,9.993056403,11.791142718,4.399363631,4.6586001405,5.123527347,2.1450770835909223
1,default,0,double,brettel,2,8191,9.502044927,9.557746307,10.572579661,4.503670187,4.627785069,4.885934257,2.0652960680962
1,default,0,double,lookup,0,8191,9.904926138,10.1387956295,12.038365279,7.324929801,7.805739531,10.665104993,1.2988898219360787
1,default,0,double,lookup,1,8191,9.900347943,10.000305213,12.691521182,7.298994323,7.807044317,9.317871749,1.2809335783100564
1,default,0,double,lookup,2,8191,9.904163106,10.17580271,10.929678916,7.776568795,7.8937629715,9.613630814,1.2890940286323747
1,default,0,double,lookupApply,0,8191,12.97613234,13.304236357,14.641832499,12.541638689,12.729833048500002,14.432914174,1.0451226112951797
1,default,0,double,lookupApply,1,8191,12.99368209,13.284015993,15.007325113,11.801321572,12.8019129225,14.473118362,1.037658674404251
1,default,0,double,lookupApply,2,8191,12.515260652,13.1871108535,15.822243926,12.346386278,12.5796453425,14.732831767,1.048289557810322
1,default,0,double,prepared,0,8191,1.785496276,1.8217403245,1.879349286,1.235380295,1.268938469,1.705934868,1.4356411827719597
1,default,0,double,prepared,1,8191,1.79236357,1.8404346235,2.553107069,1.237562569,1.2946374065000001,1.591670736,1.4215830735769799
1,default,0,double,prepared,2,8191,1.7954157,1.832041265,3.516817238,1.234510438,1.2854466795,1.786862105,1.4252176260726808
1,default,0,double,vienot,0,8191,1.098003907,1.126617629,1.59550116,1.345539311,1.3767358994999999,1.633622268,0.818325162733944
1,default,0,double,vienot,1,8191,1.10792333,1.126999145,1.507752411,1.343013674,1.3796506835,2.257195397,0.8168728204018609
1,default,0,float,brettel,0,8191,7.975216701,8.360548162499999,9.456262972,2.194168905,2.2631356064999997,2.556411,3.6942320815807466
1,default,0,float,brettel,1,8191,7.905780735,8.018709559000001,9.450921743,2.20973477,2.25935478,3.469951776,3.5491148313590672
1,default,0,float,brettel,2,8191,7.808875595,7.8725888170000005,9.687461848,2.209544012,2.263055488,2.578027713,3.4787431676973535
1,default,0,float,lookup,0,8191,7.88365279,8.028247466500002,9.71722012,5.769594677,5.853699945000001,6.12452692,1.3714825737450744
1,default,0,float,lookup,1,8191,8.005738005,8.058005738,9.487547308,5.792180442,5.873390001000001,6.064125259,1.371951417601768
1,default,0,float,lookup,2,8191,7.382340374,7.997726163,9.690513979,5.812393175,5.925451715,7.571976865,1.349724299120375
1,default,0,float,lookupApply,0,8191,13.38740691,13.5960963255,15.288884141,12.974980161,13.479722409,14.381378953,1.0086332576420343
1,default,0,float,lookupApply,1,8191,13.308814553,13.6178427545,14.92720669,13.139840984,13.384160206499999,15.363272189,1.0174596347021094
1,default,0,float,lookupApply,2,8191,13.264558662,13.5133072885,14.947045538,13.13390459,13.475693597,15.059302893,1.0027912248990563
1,default,0,float,prepared,0,8191,2.405078745,2.425680625,2.54166158,0.784206751,0.7958697045,1.126823648,3.0478363622647477
1,default,0,float,prepared,1,8191,2.402789647,2.421865462,2.469173483,0.768068612,0.7873504455,0.862242095,3.0759688723640912
1,default,0,float,prepared,2,8191,2.402789647,2.42415456,2.580576242,0.766893542,0.787403858,0.986692712,3.0786673641113906
1,default,0,float,vienot,0,8191,5.204645342,5.3992186545,6.207270175,0.784725613,0.7986166219999999,1.112646502,6.7607140970577
1,default,0,float,vienot,1,8191,5.32138933,5.4053229155,5.83262117,0.768663777,0.7907802775,1.259797339,6.835429599469241
1,prepared,0,double,brettel,0,8191,3.888414113,4.0368239535,6.172170675,4.591571542,4.7063354595,5.152102918,0.8577425022586195
1,prepared,0,double,brettel,1,8191,3.980741057,4.0192742035,4.098248077,4.398142779,4.624240782999999,4.89186302,0.8691749396519262
1,prepared,0,double,brettel,2,8191,3.983030155,4.025378464,4.065437675,4.591563912,4.6351864855,4.896647235,0.8684393770547034
1,prepared,0,double,lookup,0,8191,10.157489928,10.225018313,12.002502747,7.130898242,7.844749573,8.598354902,1.303421889742968
1,prepared,0,double,lookup,1,8191,10.123916494,10.2387528995,11.521029178,7.782802771,8.1666692105,8.900256379,1.2537244543143602
1,prepared,0,double,lookup,2,8191,9.902637041,10.2131913075,11.118147967,7.788708644,8.193920919,8.610464229,1.2464351814547945
1,prepared,0,double,lookupApply,0,8191,12.835734343,13.3805396165,15.922964229,12.372581187,12.5615767305,14.742827494,1.0651958670133763
1,prepared,0,double,lookupApply,1,8191,13.080667806,13.357267122500001,15.624618484,12.511163167,12.8138467525,13.486982664,1.042408839476247
1,prepared,0,double,lookupApply,2,8191,13.079141741,13.414113051000001,15.549841289,12.113966549,13.176054511,13.776332255,1.0180675132909671
1,prepared,0,double,prepared,0,8191,1.788548407,1.832804297,1.866377732,1.235632096,1.263044042,1.764131364,1.4511008611368756
1,prepared,0,double,prepared,1,8191,1.828226102,1.8370009765000002,1.945733122,1.228993713,1.2780223720000001,1.687446588,1.4373777930234855
1,prepared,0,double,prepared,2,8191,1.8305152,1.867140764,2.552344036,1.233007264,1.2832758515,1.679991759,1.4549800511071176
1,prepared,0,double,vienot,0,8191,1.103345135,1.145311928,1.466548651,1.342891588,1.3733251435,1.405208461,0.8339699694721273
1,prepared,0,double,vienot,1,8191,1.110975461,1.117461238,1.48104627,1.336688133,1.386193688,1.434203699,0.8061364350982385
1,prepared,0,float,brettel,0,8191,6.975644,7.312522891,8.391832499,2.262826578,2.2820778905,2.364737212,3.2043266014017764
1,prepared,0,float,brettel,1,8191,7.007691369,7.1427481385,7.65169088,2.210413869,2.2989676169999997,11.025859175,3.1069372555237695
1,prepared,0,float,brettel,2,8191,6.989378586,7.2568215115,8.547491149,2.209620315,2.2293141865,2.306632279,3.2551811473882624
1,prepared,0,float,lookup,0,8191,7.383103406,7.6139207665,8.930533512,5.852017458,5.976174307,10.394709132,1.2740459657580063
1,prepared,0,float,lookup,1,8191,7.744780857,8.167500916000002,11.92696252,5.830889086,6.001362013,7.688392748,1.360941216061915
1,prepared,0,float,lookup,2,8191,7.570809425,8.031299597,8.271273349,5.812095593,5.918214351,7.751716823,1.3570477716210048
1,prepared,0,float,lookupApply,0,8191,13.153918935,13.5442101085,37.330606764,13.012437431,13.587126877,16.953744964,0.9968413654418251
1,prepared,0,float,lookupApply,1,8191,13.138658283,13.372527774,16.570778904,13.153583201,13.5152453915,25.692810707,0.9894402496317412
1,prepared,0,float,lookupApply,2,8191,13.169179587,13.427847637500001,16.721096325,12.83708491,13.5560561895,17.342021731,0.9905423413559392
1,prepared,0,float,prepared,0,8191,2.348614333,2.44475644,3.202447809,0.786144854,0.786892626,0.833353681,3.106848837086446
1,prepared,0,float,prepared,1,8191,2.347088268,2.405841778,2.670614089,0.768320413,0.834303656,5.717342205,2.883652445603091
1,prepared,0,float,prepared,2,8191,2.367690148,2.432166402,3.561073129,0.768152545,0.786778171,0.819641985,3.091298782360346
1,prepared,0,float,vienot,0,8191,5.145891832,5.350766085,6.118758393,0.787762483,0.809589031,1.193512697,6.609237378612655
1,prepared,0,float,vienot,1,8191,5.184043462,5.3095623245,6.416341106,0.794858686,0.891977475,8.53511476,5.952574446456733
1,inline,0,double,brettel,0,8191,3.890703211,4.108549017,4.594219265,4.596241301,4.726124710000001,4.988821572,0.8693272541680347
1,inline,0,double,brettel,1,8191,3.889940178,4.0673452569999995,4.242461238,4.59502808,4.8201417714999995,5.087596142,0.843822744187515
1,inline,0,double,brettel,2,8191,3.891466243,4.082605909,4.250091564,4.491713466,4.7255791415,4.80876114,0.86393768610213
1,inline,0,double,lookup,0,8191,9.808784031,10.131165303,10.741209864,7.764306861,8.150008393499999,8.566429618,1.2430864870127083
1,inline,0,double,lookup,1,8191,9.900347943,10.407001587,11.260835063,7.172147784,8.040398761,9.396700647,1.2943389869516446
1,inline,0,double,lookup,2,8191,9.790471249,10.1750396775,10.74884019,7.606153095,7.9711497375,9.129013551,1.2764833195432115
1,inline,0,double,lookupApply,0,8191,12.966975949,13.5506958855,14.161884996,12.437454218,12.8543218165,13.278216945,1.0541743142066136
1,inline,0,double,lookupApply,1,8191,12.966975949,13.515214870000001,15.00045782,12.543637834,13.165448357999999,15.66947717,1.0265670034539665
1,inline,0,double,lookupApply,2,8191,12.986051764,13.4400561595,14.174093517,12.084452448,12.893621810500001,14.391267855,1.0423802060453646
1,inline,0,double,prepared,0,8191,1.790074472,1.84386827,2.015932121,1.249259858,1.28523303,1.332941643,1.4346567719318573
1,inline,0,double,prepared,1,8191,1.798467831,1.883545965,2.281467464,1.25539464,1.292920584,1.755280186,1.4568148951366684
1,inline,0,double,prepared,2,8191,1.79236357,1.8907947745,3.486295935,1.226735136,1.269358137,1.976506226,1.4895676164086384
1,inline,0,double,vienot,0,8191,1.099529972,1.1373000855000002,1.229245513,1.351674094,1.4161160115,1.608487975,0.803112228280882
1,inline,0,double,vienot,1,8191,1.10792333,1.1517977044999999,1.438316445,1.351521487,1.416451746,1.476979307,0.8131570367664328
1,inline,0,float,brettel,0,8191,6.848217556,7.43422659,8.156818459,2.210658039,2.276213985,2.779643816,3.266049079300424
1,inline,0,float,brettel,1,8191,6.876449762,7.356397265,8.195733122,2.210810646,2.2752869005,2.464786046,3.2331734795218194
1,inline,0,float,brettel,2,8191,6.974880967,7.343044195,7.553259675,2.209574533,2.277625595,2.355824991,3.223990901366737
1,inline,0,float,lookup,0,8191,7.202264681,8.171316078499999,10.533664998,5.796461055,5.9448441889999994,6.174536076,1.3745214876480254
1,inline,0,float,lookup,1,8191,7.650927848,8.188484312,9.034305946,5.694863265,5.9169095655,6.31836009,1.3839123652903158
1,inline,0,float,lookup,2,8191,7.78979978,7.870299719,8.454401172,5.796682334,5.8900584485,6.444138384,1.3362006146143255
1,inline,0,float,lookupApply,0,8191,12.775454767,13.804404224,14.679221096,13.1341335,13.3353070445,14.362615981,1.0351770812576433
1,inline,0,float,lookupApply,1,8191,12.77316567,13.886048712000001,14.815040899,13.138055488,13.7781063055,14.273478513,1.0078343426960577
1,inline,0,float,lookupApply,2,8191,13.070748382,13.711314247499999,15.743651569,12.699922171,13.1717052255,13.971470211,1.0409672865253112
1,inline,0,float,prepared,0,8191,2.295965084,2.47565926,2.775149554,0.765321695,0.7972774995,0.885720608,3.1051412607938524
1,inline,0,float,prepared,1,8191,2.294439018,2.479855939,2.791173239,0.76474179,0.8005966915,0.89560188,3.0975096016868813
1,inline,0,float,prepared,2,8191,2.347088268,2.4333109515,2.617964839,0.765108045,0.796323709,0.83191918,3.0556806534815855
1,inline,0,float,vienot,0,8191,5.081034062,5.467891588500001,5.637284825,0.765336955,0.810603864,1.371940239,6.745454631215527
1,inline,0,float,vienot,1,8191,5.071114638,5.482770724,5.616682945,0.765397998,0.799372024,0.89185539,6.858847394439213
1,bv_direct,0,double,brettel,0,8191,3.900622635,3.977688927,5.516725675,4.65027164,4.7455362595,6.139573923,0.838195877028047
1,bv_direct,0,double,brettel,1,8191,3.868575266,4.0131699425,11.030399219,4.702157856,4.7903644245,5.534855329,0.8377587980519624
1,bv_direct,0,double,brettel,2,8191,3.860181907,3.9341960690000004,4.207361738,4.701257478,4.749202630999999,5.879776584,0.828390863619902
1,bv_direct,0,double,lookup,0,8191,9.755371749,10.226925894,30.666280063,7.710154438,7.9904353865,9.49156849,1.2798959505108565
1,bv_direct,0,double,lookup,1,8191,9.711878891,9.980084849,11.552313515,7.968982725,8.593818673,21.647181358,1.1613096841751342
1,bv_direct,0,double,lookup,2,8191,9.811073129,10.2460017095,11.672109633,7.541936272,8.0392313205,9.783596325,1.2745001730915175
1,bv_direct,0,double,lookupApply,0,8191,12.994445123,13.368712611500001,15.133988524,12.390085154,12.903606092,13.851864852,1.0360446929473737
1,bv_direct,0,double,lookupApply,1,8191,12.580118423,13.242430717000001,15.351452814,12.78604566,12.944870895000001,13.799459773,1.02298669677076
1,bv_direct,0,double,lookupApply,2,8191,12.784611159,13.354214992,15.262941033,12.313713222,12.9620620195,14.348240447,1.0302539034229314
1,bv_direct,0,double,prepared,0,8191,1.785496276,1.829370651,1.899188133,1.272021121,1.2746306925000002,1.401347516,1.4352162251890854
1,bv_direct,0,double,prepared,1,8191,1.790837505,1.829370651,1.996093273,1.271563301,1.293115157,2.179762849,1.4147004936854206
1,bv_direct,0,double,prepared,2,8191,1.790074472,1.832041265,2.972011964,1.269861738,1.2771219935,1.326097241,1.4345076463519535
1,bv_direct,0,double,vienot,0,8191,1.1048712,1.1376816019999998,1.477231107,1.377144122,1.3843051825,1.457193871,0.8218430562727449
1,bv_direct,0,double,vienot,1,8191,1.1048712,1.135392504,1.428397021,1.377281467,1.3845569835,1.491125931,0.8200402854708507
1,bv_direct,0,float,brettel,0,8191,2.159382249,2.262391649,2.550054938,2.210627518,2.2469135335,2.289883714,1.0068886119867237
1,bv_direct,0,float,brettel,1,8191,2.134202173,2.2169912094999997,3.231443047,2.257927909,2.263902454,2.398455622,0.9792785928487711
1,bv_direct,0,float,brettel,2,8191,2.13038701,2.271548041,3.5908314,2.212695336,2.2898760835000003,2.678236784,0.991996054881718
1,bv_direct,0,float,lookup,0,8191,7.215999267,7.988188255000001,9.371566353,5.915631486,6.001152179,6.608114089,1.3311090965087158
1,bv_direct,0,float,lookup,1,8191,7.364027591,7.670766695,8.228543523,5.915333903,5.9393846905,6.964328226,1.2915086485758924
1,bv_direct,0,float,lookup,2,8191,7.39302283,7.82489928,8.24227811,5.917577219,5.972965755000001,6.758500183,1.3100525937972667
1,bv_direct,0,float,lookupApply,0,8191,12.536625565,13.216869124999999,15.001220852,13.149241546,13.5185798435,15.81204218,0.9776817741217788
1,bv_direct,0,float,lookupApply,1,8191,12.824288854,13.3595562205,15.960352826,13.452051032,13.4961009035,14.924459773,0.9898826569261504
1,bv_direct,0,float,lookupApply,2,8191,12.850231962,13.2294591625,14.820382127,12.848095471,13.519621383,14.411068551,0.9785376962653066
1,bv_direct,0,float,prepared,0,8191,2.294439018,2.4317848855,2.933860335,0.76780155,0.777007539,0.810767916,3.1296799109950464
1,bv_direct,0,float,prepared,1,8191,2.3478513,2.3871474790000002,2.773623489,0.784466182,0.7863546885,0.826120132,3.035713417762626
1,bv_direct,0,float,prepared,2,8191,2.348614333,2.3955408375,2.875869857,0.784519595,0.785931205,0.837649554,3.0480286598367092
1,bv_direct,0,float,vienot,0,8191,0.861463802,0.8938926869999999,1.7954157,0.769953302,0.7854695700000001,0.809913319,1.1380360502062477
1,bv_direct,0,float,vienot,1,8191,0.883591747,0.9045751435,0.985075082,0.785633622,0.7876632889999999,0.929022708,1.1484287209175748
1,bv_split,0,double,brettel,0,8191,3.933433036,4.0402576,5.133683311,4.614279392,4.7391763825,5.825235014,0.8525231546390962
1,bv_split,0,double,brettel,1,8191,3.989134416,4.0448357955,5.390062263,4.707934013,4.8313125685,5.594692345,0.8372126079923286
1,bv_split,0,double,brettel,2,8191,4.011262361,4.0372054695,4.082224393,4.511071603,4.7473675375,5.275599744,0.8504092926468515
1,bv_split,0,double,lookup,0,8191,9.969020877,10.222347699,11.112043707,7.969036137,8.1663639975,9.404330973,1.2517624370073888
1,bv_split,0,double,lookup,1,8191,10.178854841,10.2669851055,11.822427054,7.96747192,8.208025577,9.042973996,1.2508471141061601
1,bv_split,0,double,lookup,2,8191,10.206324014,10.401278843,11.798773044,7.829965816,8.353665608499998,10.141107618,1.2451155373536282
1,bv_split,0,double,lookupApply,0,8191,13.285923575,13.4030490785,15.481168356,12.374580332,12.9914120685,13.96324472,1.0316853170255516
1,bv_split,0,double,lookupApply,1,8191,12.95553046,13.3534519595,14.762391649,12.873039006,13.22892504,14.218814858,1.0094132304116525
1,bv_split,0,double,lookupApply,2,8191,12.898303016,13.3534519595,15.036320352,12.419622146,12.996242064499999,14.535885423,1.027485629555619
1,bv_split,0,double,prepared,0,8191,1.827463069,1.8732450250000001,2.550817971,1.272562874,1.306197351,1.396891405,1.4341209799314623
1,bv_split,0,double,prepared,1,8191,1.83356733,1.838145526,1.938102796,1.272524722,1.3112219205,1.382645587,1.401856922357637
1,bv_split,0,double,prepared,2,8191,1.83356733,1.8408161395,3.345897937,1.269999084,1.281307227,1.337657185,1.436670379054999
1,bv_split,0,double,vienot,0,8191,1.102582102,1.1304327920000001,1.259766817,1.386063973,1.4276835855,1.824616958,0.7917950472226677
1,bv_split,0,double,vienot,1,8191,1.117842754,1.1418782809999999,1.949548285,1.385346722,1.4302855270000001,1.611128067,0.7983568731168457
1,bv_split,0,float,brettel,0,8191,2.180747162,2.270021975,2.630936394,2.261537053,2.2949578805,3.038525516,0.9891344822875062
1,bv_split,0,float,brettel,1,8191,2.261628617,2.284901111,2.409656941,2.26052222,2.262128403,2.395075388,1.0100669387156798
1,bv_split,0,float,brettel,2,8191,2.175405933,2.265825296,2.384476865,2.261910939,2.3169141435,2.379379807,0.9779496155939453
1,bv_split,0,float,lookup,0,8191,8.019472592,8.146899035499999,9.451684776,5.836047186,5.974312508000001,6.958460505,1.3636546505712182
1,bv_split,0,float,lookup,1,8191,7.963771212,8.1201928945,9.220485899,5.934547064,6.064407581499999,7.016908802,1.3389919436271653
1,bv_split,0,float,lookup,2,8191,7.802008302,8.0549536075,9.836253205,5.765108045,6.0320778905,6.247634599,1.335353049765132
1,bv_split,0,float,lookupApply,0,8191,13.396563301,13.64607496,14.96841045,12.37828104,13.5170843,14.774623062,1.0095427872710685
1,bv_split,0,float,lookupApply,1,8191,13.388932975,13.650271639500001,15.007325113,13.233083567,13.568810280000001,15.036968929,1.0060035742131404
1,bv_split,0,float,lookupApply,2,8191,13.398089366,13.639207667,15.718471493,12.949822976,13.672922262499998,14.878258149,0.9975342070368918
1,bv_split,0,float,prepared,0,8191,2.402026615,2.4188133315,2.735471859,0.784344097,0.803648822,1.558875595,3.009788934276569
1,bv_split,0,float,prepared,1,8191,2.402026615,2.418813332,2.513429374,0.782665425,0.7844432914999999,0.837580881,3.0834776180885988
1,bv_split,0,float,prepared,2,8191,2.402026615,2.4188133315,2.527926993,0.785328409,0.8023707425,0.885033879,3.014583163842119
1,bv_split,0,float,vienot,0,8191,0.898852399,0.902667562,1.365065316,0.783855756,0.785957911,0.84550879,1.1484935126507048
1,bv_split,0,float,vienot,1,8191,0.904193627,0.905719692,0.982022952,0.783031681,0.785881608,0.828744964,1.152488724484821
1,ma_fixed,0,double,brettel,0,8191,9.914845562,10.2116652425,10.723660115,4.600964473,4.890821481,5.772578135,2.087924346077763
1,ma_fixed,0,double,brettel,1,8191,9.977414235,10.279575143,11.534000733,4.706377426,4.843021304,5.414776889,2.1225541862700013
1,ma_fixed,0,double,brettel,2,8191,9.534092296,9.751938103,10.989958491,4.749633744,4.8863234040000005,5.239844036,1.9957619045470776
1,ma_fixed,0,double,lookup,0,8191,9.087718227,9.179282139000001,9.508912221,7.962947137,8.158294927,9.433020999,1.1251471319847766
1,ma_fixed,0,double,lookup,1,8191,9.079324869,9.3120498105,10.754181419,7.861334086,8.1769129225,8.7450937,1.1388221812753443
1,ma_fixed,0,double,lookup,2,8191,8.958765718,9.2643602735,11.770540838,7.76684776,8.259690513999999,9.134774448,1.1216352789244473
1,ma_fixed,0,double,lookupApply,0,8191,12.08262117,12.395846050500001,13.044042241,12.297803992,13.0928305455,15.437004029,0.9467659424310236
1,ma_fixed,0,double,lookupApply,1,8191,11.98876816,12.3855451105,13.746795263,12.729916982,13.225815682,13.826722928,0.9364673913727993
1,ma_fixed,0,double,lookupApply,2,8191,12.077279941,12.223019167499999,13.839122207,12.718837749,13.198689873,14.574647479,0.9260782157253434
1,ma_fixed,0,double,prepared,0,8191,1.839671591,1.882401416,2.823220608,1.273447992,1.3094936515,1.672163045,1.437503277578891
1,ma_fixed,0,double,prepared,1,8191,1.83356733,1.8854535465,2.314277866,1.274081309,1.3103139115,1.453798376,1.4389327091411255
1,ma_fixed,0,double,prepared,2,8191,1.83661946,1.837382493,3.13835307,1.277797277,1.3060371135,3.144793066,1.4068378869234945
1,ma_fixed,0,double,vienot,0,8191,1.126236113,1.1628616775,1.609998779,1.386888048,1.4142999939999998,1.544751862,0.8222171268000444
1,ma_fixed,0,double,vienot,1,8191,1.120131852,1.1781223295,2.996429007,1.386910939,1.4126022465,1.543920156,0.8340085345461045
1,ma_fixed,0,float,brettel,0,8191,8.726040776,8.92977048,10.303229154,2.261987242,2.2761720185,3.290539922,3.923152735127958
1,ma_fixed,0,float,brettel,1,8191,8.730618972,8.823708949,10.012513735,2.261651508,2.2766794345,3.350384568,3.87569229786531
1,ma_fixed,0,float,brettel,2,8191,8.568093029,8.8259980465,9.811836162,2.263894824,2.3161205894999997,3.409664571,3.8106815709476263
1,ma_fixed,0,float,lookup,0,8191,6.79938347,7.1492339155,8.307898913,5.82021426,5.977055610000001,7.20670553,1.1961129997751516
1,ma_fixed,0,float,lookup,1,8191,6.952753022,7.1175680625,7.696709803,5.936370712,6.0257218285,17.640619277,1.1811975834722188
1,ma_fixed,0,float,lookup,2,8191,6.972591869,7.155338176,7.998870712,5.769335246,6.055312233,6.172033329,1.1816629598396466
1,ma_fixed,0,float,lookupApply,0,8191,12.51754975,12.83497131,14.07489928,12.951417715,13.5476208645,15.057410573,0.9473967007471092
1,ma_fixed,0,float,lookupApply,1,8191,12.516786717,12.828485533,13.651416188,13.450082408,13.609018282000001,37.082270175,0.9426459181091428
1,ma_fixed,0,float,lookupApply,2,8191,12.525180076,12.83802344,14.705927237,12.832949274,13.786923147500001,16.216106092,0.9311739321857273
1,ma_fixed,0,float,prepared,0,8191,2.404315712,2.4302588204999998,2.583628373,0.784214382,0.7856069165,0.90401813,3.0934794099410143
1,ma_fixed,0,float,prepared,1,8191,2.404315712,2.463069222,2.802618728,0.784244903,0.7881554449999999,0.86212764,3.1251058882172673
1,ma_fixed,0,float,prepared,2,8191,2.405078745,2.463832255,2.580576242,0.785274997,0.788250824,1.017717617,3.1256957556951437
1,ma_fixed,0,float,vienot,0,8191,5.263398852,5.408756562000001,5.958521548,0.784321206,0.786846844,0.82700525,6.873963596910609
1,ma_fixed,0,float,vienot,1,8191,5.276370407,5.4675100725,6.630753266,0.784069405,0.787896014,0.988890245,6.939380293019226
1,ma_bounded,0,double,brettel,0,8191,9.890428519,9.933158345,11.196740325,4.489348065,4.8191689045,6.385445916,2.0611766347771514
1,ma_bounded,0,double,brettel,1,8191,9.634049567,9.8969142965,11.229550726,4.593074716,4.819851819,5.413090587,2.053364847750312
1,ma_bounded,0,double,brettel,2,8191,9.215144671,9.513871933,11.614119155,4.594051398,4.8195847575,5.01310127,1.9740024113477788
1,ma_bounded,0,double,lookup,0,8191,8.437614455,8.5486356975,8.82981321,7.779086803,7.97308021,9.321229093,1.072187344456679
1,ma_bounded,0,double,lookup,1,8191,8.437614455,8.599377365,11.002930045,7.138307288,7.826162098999999,8.404155476,1.098798779813007
1,ma_bounded,0,double,lookup,2,8191,8.207178611,8.8534672205,9.121291662,7.794538213,8.030006257,8.947778049,1.1025479852873297
1,ma_bounded,0,double,lookupApply,0,8191,11.21886827,11.5236997925,13.127975827,12.538533146,13.008286534,13.649943536,0.8858737668777739
1,ma_bounded,0,double,lookupApply,1,8191,11.224972531,11.5072945915,12.59690514,12.345676657,13.180308417500001,14.599384996,0.8730671716468579
1,ma_bounded,0,double,lookupApply,2,8191,11.21581614,11.785419973,12.560279575,12.541447931,13.1670736175,13.585146807,0.8950675233816813
1,ma_bounded,0,double,prepared,0,8191,1.831278232,1.838527042,2.26544378,1.207758515,1.3217288790000001,1.684112135,1.391001642780932
1,ma_bounded,0,double,prepared,1,8191,1.79236357,1.834330363,1.978543523,1.235670248,1.2912686180000001,1.365240813,1.4205645033340382
1,ma_bounded,0,double,prepared,2,8191,1.790837505,1.8240294225,3.306220242,1.235303992,1.292767977,1.95622482,1.4109487974267791
1,ma_bounded,0,double,vienot,0,8191,1.114027591,1.134629471,1.949548285,1.316811134,1.4211520265,2.197747528,0.7983871182271435
1,ma_bounded,0,double,vienot,1,8191,1.091899646,1.1273806615000002,1.619918203,1.345882676,1.422697168,2.295667501,0.792424900293328
1,ma_bounded,0,float,brettel,0,8191,8.75656208,9.0018770605,9.50586009,2.16011476,2.318577555,2.695153217,3.882499871995871
1,ma_bounded,0,float,brettel,1,8191,8.565803931,8.706583445500002,10.38716274,2.110899158,2.3285923575,2.474377365,3.7389899599462213
1,ma_bounded,0,float,brettel,2,8191,8.568093029,8.663090587,9.734769869,2.159397509,2.224259095,2.425955317,3.8948207996424986
1,ma_bounded,0,float,lookup,0,8191,6.157673056,6.3213435475,7.46932609,5.680533512,6.058932822999999,6.278171163,1.0433097266739577
1,ma_bounded,0,float,lookup,1,8191,6.153857893,6.189720425,6.848217556,5.679381333,6.0808814555,6.37851758,1.017898551434769
1,ma_bounded,0,float,lookup,2,8191,5.966914907,6.25724881,7.219051398,5.660511537,5.884804969,6.538968075,1.0632890712541812
1,ma_bounded,0,float,lookupApply,0,8191,11.553076547,11.911320351499999,13.214961543,12.83777164,13.349865706,14.537632768,0.8922427096885733
1,ma_bounded,0,float,lookupApply,1,8191,11.613356123,11.644640459,13.580454157,12.838763582,13.7662144425,13.988043279,0.8458854471313383
1,ma_bounded,0,float,lookupApply,2,8191,11.498901233,11.709116713499998,13.154681968,12.840152301,13.800806525,16.509102979,0.8484371324450546
1,ma_bounded,0,float,prepared,0,8191,2.413472104,2.4653583205,3.476376511,0.747619338,0.7758248385,0.825441033,3.1777254325429802
1,ma_bounded,0,float,prepared,1,8191,2.404315712,2.407367843,2.520296667,0.747932182,0.7954843730000001,0.872771945,3.0262918100089435
1,ma_bounded,0,float,prepared,2,8191,2.405078745,2.405078745,2.516481504,0.747466732,0.786377579,0.826906055,3.058427413531331
1,ma_bounded,0,float,vienot,0,8191,5.338176047,5.475140398000001,6.378189476,0.748893603,0.8478093335,1.678503846,6.457985518273373
1,ma_bounded,0,float,vienot,1,8191,5.319863265,5.3694603835,5.475521914,0.74813057,0.8048353375,0.986395129,6.671501775976629
1,ma_direct,0,double,brettel,0,8191,9.645495056,10.041508973,12.848705897,4.594844952,4.6620070810000005,4.738310341,2.1539025571033874
1,ma_direct,0,double,brettel,1,8191,9.579874252,9.9587199365,12.418355512,4.56952753,4.636891863000001,5.348400684,2.147714510222987
1,ma_direct,0,double,brettel,2,8191,9.057196923,9.4585520695,12.102460017,4.486822427,4.9788716275,16.130097058,1.8997380886980901
1,ma_direct,0,double,lookup,0,8191,10.217769503,10.294454279,12.660236845,7.799536076,8.0376022465,9.589374008,1.2807867275943834
1,ma_direct,0,double,lookup,1,8191,9.740111098,10.4077646195,10.965541448,6.998809669,8.0713168415,9.509293737,1.28947541322957
1,ma_direct,0,double,lookup,2,8191,9.982755463,10.163212672,12.192497864,6.975834758,8.1682448725,12.126617629,1.2442345731108588
1,ma_direct,0,double,lookupApply,0,8191,11.739256501,11.949853498,13.948235869,12.077531742,12.56565514,13.862623611,0.9509932721263588
1,ma_direct,0,double,lookupApply,1,8191,11.476010255,11.9506165305,13.827676718,11.527118178,12.69779331,14.388276767,0.9411569584368986
1,ma_direct,0,double,lookupApply,2,8191,11.47448419,12.020434013,13.788762056,11.527545477,13.0056769625,42.443558479,0.9242451621441308
1,ma_direct,0,double,prepared,0,8191,1.794652668,1.8457758515,1.973965328,1.234457026,1.263478971,1.317169759,1.4608678845197811
1,ma_direct,0,double,prepared,1,8191,1.797704798,1.845012819,1.923605176,1.234907215,1.2647341595,1.41082438,1.4588147280922714
1,ma_direct,0,double,prepared,2,8191,1.756501038,1.8637071175,3.848736418,1.20646136,1.2354489685,10.670751435,1.5085261836130626
1,ma_direct,0,double,vienot,0,8191,1.103345135,1.131577341,1.631363692,1.346653339,1.379547674,1.931548346,0.8202524365968379
1,ma_direct,0,double,vienot,1,8191,1.097240874,1.1269991455000001,1.594738127,1.34667623,1.3770868945,1.739271762,0.8183936322400315
1,ma_direct,0,float,brettel,0,8191,8.623031376,8.9751709195,9.627945306,2.180815834,2.3100964470000003,3.080194726,3.8851931620238536
1,ma_direct,0,float,brettel,1,8191,8.417012575,8.7939506775,9.058722989,2.160938835,2.285088054,3.920774325,3.848407794223233
1,ma_direct,0,float,brettel,2,8191,8.386491271,8.856900867,10.23455622,2.160969357,2.2301001095,2.304739958,3.9715261343069317
1,ma_direct,0,float,lookup,0,8191,10.423025272,10.850323526,11.653033818,5.660702295,5.955034489,7.684257111,1.8220420966566127
1,ma_direct,0,float,lookup,1,8191,10.423788304,10.9342571115,11.502716396,5.639421316,5.9335627515,7.350003052,1.8427810692211568
1,ma_direct,0,float,lookup,2,8191,10.186485167,10.681693322000001,11.397417898,5.812706019,5.917046911,6.297643755,1.805240601040758
1,ma_direct,0,float,lookupApply,0,8191,12.181052375,12.7678244415,13.195885728,12.824029423,13.5473652485,15.943428763,0.9424581243141493
1,ma_direct,0,float,lookupApply,1,8191,12.180289342,12.786900256500001,13.205042119,12.425222806,13.482892808999999,15.317871749,0.9483795827527892
1,ma_direct,0,float,lookupApply,2,8191,11.907886705,12.803305457499999,13.38435478,12.090854291,13.4631913075,14.534672201,0.950985926373014
1,ma_direct,0,float,prepared,0,8191,2.351666463,2.4348370160000004,2.939964595,0.777270785,0.792241485,1.492255219,3.073352080268809
1,ma_direct,0,float,prepared,1,8191,2.349377365,2.5069435970000002,3.029239409,0.756142412,0.7961100594999999,1.423307594,3.148991231908935
1,ma_direct,0,float,prepared,2,8191,2.347088268,2.463069222,2.837718227,0.769625198,0.7892503965,1.232641008,3.1207703321058773
1,ma_direct,0,float,vienot,0,8191,5.213801734,5.5606000485,6.224819924,0.785198694,0.799646716,1.482862288,6.953820902704738
1,ma_direct,0,float,vienot,1,8191,5.194725919,5.351529117,5.854749115,0.759667623,0.7910549685,1.854153949,6.765053416133116
1,default,1,double,brettel,0,8191,9.892717617,9.978940300000001,13.842174338,4.590861922,4.614660907999999,4.628700708,2.162442809763218
1,default,1,double,brettel,1,8191,9.614973752,9.961009034,10.140703211,4.590892443,4.6122535405,4.63271426,2.159683752537194
1,default,1,double,brettel,2,8191,9.22964229,9.3269289465,10.216243438,4.591251068,4.615660481,4.949922171,2.0207138252247026
1,default,1,double,lookup,0,8191,9.463893298,10.0354047125,10.375717251,7.765245391,7.7753403125,8.497413319,1.2906708014267383
1,default,1,double,lookup,1,8191,9.895769747,9.919423758,10.596996704,7.763612502,7.769102521,9.471485472,1.2767785894429442
1,default,1,double,lookup,2,8191,9.68212062,9.902255524000001,10.719844952,7.132538762,7.780338176000001,8.41737883,1.2727281642519699
1,default,1,double,lookupApply,0,8191,12.683127823,13.3011842265,16.075570748,11.856473569,12.563392748,13.195153217,1.0587254966312702
1,default,1,double,lookupApply,1,8191,12.97613234,13.2821084115,13.694909047,12.539921865,12.599571939,13.32748596,1.0541714016797121
1,default,1,double,lookupApply,2,8191,12.52060188,12.9990233185,13.744506165,11.800879014,12.5594516845,13.656162251,1.0349992694778618
1,default,1,double,prepared,0,8191,1.758027103,1.828607618,2.136491271,1.233861861,1.2411450065,2.089160359,1.4733231076331932
1,default,1,double,prepared,1,8191,1.793126602,1.824410939,1.87171896,1.234724087,1.2391534915,1.682273227,1.4723042395591717
1,default,1,double,prepared,2,8191,1.784733244,1.7954157,2.960566475,1.234922476,1.2407177085,1.814422842,1.447078322248352
1,default,1,double,vienot,0,8191,1.101056037,1.146837993,1.213984861,1.339511354,1.350949213,1.377426444,0.8489127362924783
1,default,1,double,vienot,1,8191,1.073586864,1.1373000855000002,1.483335368,1.339000122,1.351212459,1.396593822,0.8416885723076359
1,default,1,float,brettel,0,8191,7.905017702,8.151477231000001,8.565040899,2.200395251,2.2217563484999996,2.588618606,3.668933920906045
1,default,1,float,brettel,1,8191,7.792851911,7.962245147,8.699334636,2.211321878,2.2121573984999996,2.560966304,3.5993122154865516
1,default,1,float,brettel,2,8191,7.755463313,7.867629105,8.364363326,2.163678122,2.2122031800000004,2.603589305,3.5564676771687846
1,default,1,float,lookup,0,8191,7.645586619,7.8413044805,9.473049689,5.797880295,5.818680564,6.583521548,1.3476086879582139
1,default,1,float,lookup,1,8191,7.369368819,8.025195336500001,8.33613112,5.797262239,5.819321511,5.829012025,1.3790603116412004
1,default,1,float,lookup,2,8191,7.656269076,8.012223782,8.758851178,5.778972348,5.811073129,7.105405323,1.3787855709499193
1,default,1,float,lookupApply,0,8191,13.255402271,13.499954218,14.644884629,13.135644305,13.158214809,13.551016359,1.025971563313152
1,default,1,float,lookupApply,1,8191,13.058539861,13.4949945065,38.671255036,13.13623947,13.1584170125,13.936653034,1.0255788742430236
1,default,1,float,lookupApply,2,8191,12.957056525,13.482785984500001,14.342723721,13.141046576,13.1709345625,13.54307319,1.023677243290533
1,default,1,float,prepared,0,8191,2.363111952,2.3955408375,2.518770602,0.76732847,0.7720669025,0.795492003,3.1027632835225702
1,default,1,float,prepared,1,8191,2.360059822,2.401263582,9.50586009,0.767488707,0.7724331579999999,1.11681266,3.10870080748139
1,default,1,float,prepared,2,8191,2.30664754,2.40355268,2.967433769,0.767221646,0.771486998,0.794431388,3.1154804763151698
1,default,1,float,vienot,0,8191,5.194725919,5.3515291175,6.826852643,0.769129227,0.7736349345,0.875038152,6.9173829655956425
1,default,1,float,vienot,1,8191,5.194725919,5.35229215,6.458307899,0.76941918,0.773249603,0.7984602,6.921816874182087
1,prepared,1,double,brettel,0,8191,3.98150409,4.0055396165,4.590404102,4.59434135,4.6139283970000005,5.232747833,0.8681408274789054
1,prepared,1,double,brettel,1,8191,3.944115493,4.0280490780000004,4.61024295,4.5936241,4.6152102915,5.199395678,0.8727769318374515
1,prepared,1,double,brettel,2,8191,3.983793188,4.008973263,4.759034306,4.403857893,4.616946191,5.096500733,0.8683170860459352
1,prepared,1,double,lookup,0,8191,9.915608595,10.216624954,15.156116469,7.769091076,7.7949578805,8.660175803,1.3106709632848799
1,prepared,1,double,lookup,1,8191,9.913319497,10.156345379000001,10.570290563,7.132477719,7.466502869,7.787281773,1.3602546677063363
1,prepared,1,double,lookup,2,8191,9.901874008,10.463465999499999,12.198602124,7.603993713,7.770197473,7.939476254,1.346615196828473
1,prepared,1,double,lookupApply,0,8191,13.309577585,13.4873641805,32.482297644,12.538205042,12.5622138625,13.192978574,1.0736454838395728
1,prepared,1,double,lookupApply,1,8191,12.928824319,13.3164448785,16.926352094,11.802962093,12.554099011,13.216510499,1.0607248570233536
1,prepared,1,double,lookupApply,2,8191,12.932639482,13.3217861065,14.935600049,12.53603803,12.5631142415,13.180213039,1.060388837545858
1,prepared,1,double,prepared,0,8191,1.835856428,1.838145526,9.220485899,1.241049628,1.251453577,1.348301489,1.4688083999139827
1,prepared,1,double,prepared,1,8191,1.834330363,2.24064522,2.852215847,1.241736357,1.2502479855,1.273127518,1.792160632119651
1,prepared,1,double,prepared,2,8191,1.835093395,1.837382493,3.293248688,1.242919058,1.2503013975,1.273860029,1.469551659043075
1,prepared,1,double,vienot,0,8191,1.1399707,1.2067360520000001,2.140306434,1.350216701,1.35252869,1.929938347,0.8922073601263129
1,prepared,1,double,vienot,1,8191,1.112501526,1.134247955,1.462733488,1.349003479,1.353436699,1.599079783,0.8380502433826793
1,prepared,1,float,brettel,0,8191,7.189293127,7.599041631,10.883133927,2.159038884,2.2026385665,3.200433403,3.449972113706745
1,prepared,1,float,brettel,1,8191,7.124435356,7.3514375535,8.285770968,2.212573251,2.488100507,4.003952509,2.9546385014662917
1,prepared,1,float,brettel,2,8191,7.141985106,7.2545324135,10.521456477,2.15963405,2.1963397330000003,2.242575693,3.3030101420561966
1,prepared,1,float,lookup,0,8191,8.02176169,8.1274417045,9.924001953,5.516267855,5.8096615185000005,8.075639421,1.3989527063873473
1,prepared,1,float,lookup,1,8191,8.033207179,8.128586253000002,8.9091686,5.665478879,5.797208827,6.760568001,1.4021551570027653
1,prepared,1,float,lookup,2,8191,7.663136369,8.718791967000001,24.484952997,5.684264742,5.818001465,5.903751068,1.498588822888858
1,prepared,1,float,lookupApply,0,8191,13.546880723,13.9638780365,18.268526431,12.839717373,13.477894946,17.614157307,1.0360577888792815
1,prepared,1,float,lookupApply,1,8191,13.541539495,13.99554389,18.735502381,12.840243865,13.153174979,15.481023379,1.064043009565744
1,prepared,1,float,lookupApply,2,8191,13.533909169,14.194313881,18.933890856,12.837283299,13.1396654865,13.776652729,1.0802644782383213
1,prepared,1,float,prepared,0,8191,2.416524234,2.4275882065000003,4.379044073,0.749175925,0.7734212855,1.420385179,3.138765705071871
1,prepared,1,float,prepared,1,8191,2.416524234,2.4424673425,4.731565132,0.769884629,0.7755997434999999,1.278354291,3.1491337677318354
1,prepared,1,float,prepared,2,8191,2.405078745,2.499694787,3.219234526,0.749244598,0.773016878,0.77972775,3.2336872041751206
1,prepared,1,float,vienot,0,8191,5.318337199,5.4018892685,5.89442681,0.749656635,0.814884477,1.344043768,6.629024629831058
1,prepared,1,float,vienot,1,8191,5.312232939,5.398455622,6.054663655,0.755997436,0.7734022094999999,1.352109022,6.980139900932104
1,inline,1,double,brettel,0,8191,3.832712733,3.8987150535,4.520205103,4.591602063,4.614424368,4.631043218,0.8448973788663038
1,inline,1,double,brettel,1,8191,3.831186668,3.892992309,4.504944451,4.487722806,4.592273532,5.019258943,0.847726574184388
1,inline,1,double,brettel,2,8191,3.831186668,3.8746795265,3.949456721,4.494475644,4.6133980895,6.769022403,0.8398753914860916
1,inline,1,double,lookup,0,8191,9.901874008,9.9114119155,9.965968746,7.781871872,7.793115157,8.620856733,1.2718164323027212
1,inline,1,double,lookup,1,8191,9.668386033,9.930106214,12.501526065,7.608480344,7.798525058,8.534328837,1.2733313210058035
1,inline,1,double,lookup,2,8191,9.65846661,9.9053076545,11.544683189,6.974552863,7.891126694,8.988485838,1.2552463087472003
1,inline,1,double,lookupApply,0,8191,12.968502014,12.998641802000002,13.778842632,12.540166036,12.5604359965,12.566925589,1.034887786190074
1,inline,1,double,lookupApply,1,8191,12.516023685,12.9902484435,14.323647906,12.259148761,12.412049048,12.566757722,1.0465837182292772
1,inline,1,double,lookupApply,2,8191,12.52060188,13.005509095499999,14.616652423,11.525447137,12.58497131,15.162098645,1.0334158716091661
1,inline,1,double,prepared,0,8191,1.790074472,1.791600537,2.408893908,1.233213283,1.2426329205,1.855481626,1.4417777828380012
1,inline,1,double,prepared,1,8191,1.790837505,1.79236357,1.854932243,1.211199792,1.232545629,1.866637163,1.4541965245166595
1,inline,1,double,prepared,2,8191,1.784733244,1.795034184,3.044500061,1.214122207,1.2342967895,2.33380387,1.454297053407348
1,inline,1,double,vienot,0,8191,1.094188744,1.098385423,1.197961177,1.343364669,1.3452379135,1.373412892,0.8164990088201227
1,inline,1,double,vienot,1,8191,1.089610548,1.0953332924999999,1.964808937,1.313461421,1.3445054025,1.433791662,0.8146737755484771
1,inline,1,float,brettel,0,8191,6.897814675,7.077508851,8.36283726,2.164158833,2.1904758275000002,2.649951166,3.2310371847734984
1,inline,1,float,brettel,1,8191,6.778018557,6.914982908000001,8.616927115,2.209482969,2.2143396715,2.235227689,3.1228194106804636
1,inline,1,float,brettel,2,8191,6.81998535,7.000824075000001,7.739439629,2.210253632,2.214728818,2.89630387,3.1610299275023928
1,inline,1,float,lookup,0,8191,7.549444512,7.6772524725,7.94851056,5.779643816,5.818493621,7.439483885,1.3194570575434512
1,inline,1,float,lookup,1,8191,7.657795141,7.8401599315,9.12663289,5.779743011,5.799764986,6.211337138,1.3518064870603017
1,inline,1,float,lookup,2,8191,7.838633866,7.8474087415,7.888994018,5.778949457,5.811862868,5.858793188,1.3502398318287367
1,inline,1,float,lookupApply,0,8191,12.915089733,13.2012269565,15.658191918,12.089740264,13.167230039,14.33754273,1.0025819338918895
1,inline,1,float,lookupApply,1,8191,12.776980833,13.2260255155,14.480832621,13.133225491,13.156719265,14.056586497,1.0052677456365868
1,inline,1,float,lookupApply,2,8191,13.047857404,13.2267885485,14.155017702,13.134743926,13.156349194499999,14.510041509,1.0053540197936863
1,inline,1,float,prepared,0,8191,2.297491149,2.325723355,3.796087169,0.766763826,0.7709719509999999,0.791508973,3.016612150394561
1,inline,1,float,prepared,1,8191,2.297491149,2.340984007,2.382187767,0.766450983,0.7725247225,0.797796362,3.0303030295577367
1,inline,1,float,prepared,2,8191,2.350140398,2.3840953485,2.950647052,0.766603589,0.772215694,1.334063301,3.087343817309157
1,inline,1,float,vienot,0,8191,5.057380051,5.1214747890000005,5.481626175,0.767961787,0.7708956475,0.813545355,6.643538338306678
1,inline,1,float,vienot,1,8191,5.048986693,5.133683311,6.503326822,0.767999939,0.772566689,0.797712428,6.644971086761418
1,bv_direct,1,double,brettel,0,8191,3.898333537,3.9662434380000002,4.359968258,4.704210414,4.907963008,5.77551581,0.8081241508004455
1,bv_direct,1,double,brettel,1,8191,3.904437798,3.9998168725000003,4.569039189,4.701799231,4.726197198,5.626480283,0.846307656014145
1,bv_direct,1,double,brettel,2,8191,3.770907093,3.9750183125,4.049413991,4.61587413,4.726563454,5.782756989,0.8409954401725038
1,bv_direct,1,double,lookup,0,8191,9.962916616,10.128494689,10.523745574,7.297941338,8.0284344095,9.185058296,1.2615778086216922
1,bv_direct,1,double,lookup,1,8191,9.963679648,10.266985105500002,10.600048834,7.965808509,8.199101910500001,8.787648028,1.2522085000982621
1,bv_direct,1,double,lookup,2,8191,10.044561104,10.275378464,31.599468929,7.553206263,8.1818421135,9.914982908,1.2558759166283195
1,bv_direct,1,double,lookupApply,0,8191,12.984525699,13.2485349775,13.813942132,12.080217617,13.093704218,15.443238005,1.0118248248869983
1,bv_direct,1,double,lookupApply,1,8191,12.949426199,12.987196313,13.611738493,12.174757356,12.907096966000001,15.541966793,1.0062058375489855
1,bv_direct,1,double,lookupApply,2,8191,12.242094982,13.4213618605,37.019289464,12.453332926,13.2024478085,14.952402027,1.0165813230376155
1,bv_direct,1,double,prepared,0,8191,1.79236357,1.8255554875,1.861036503,1.26287999,1.2765268285,1.848042058,1.4300956679814896
1,bv_direct,1,double,prepared,1,8191,1.789311439,1.8228848735,1.885453547,1.273066475,1.2843059454999999,1.726658833,1.4193540720473137
1,bv_direct,1,double,prepared,2,8191,1.745818581,1.8022829935,2.944542791,1.281986326,1.3089023014999999,1.732091625,1.376942336669885
1,bv_direct,1,double,vienot,0,8191,1.107160298,1.1205133685000002,1.693169332,1.378090282,1.386453119,1.750747772,0.8081869867393621
1,bv_direct,1,double,vienot,1,8191,1.098003907,1.133103406,1.521486998,1.383950372,1.4066086255,2.267152973,0.8055569868251173
1,bv_direct,1,float,brettel,0,8191,2.208979368,2.5565407154999997,3.140642168,2.16244201,2.2651957945000003,2.729718594,1.1286179860069485
1,bv_direct,1,float,brettel,1,8191,2.083842022,2.13763582,2.637803687,2.162350446,2.2655086375,2.591327372,0.9435566850713452
1,bv_direct,1,float,brettel,2,8191,2.085368087,2.213176047,2.611097546,2.182685264,2.241267092,3.09036595,0.9874664447176918
1,bv_direct,1,float,lookup,0,8191,7.659321206,7.843212062,8.89467098,5.660374191,5.966785191,8.572678855,1.314478703511953
1,bv_direct,1,float,lookup,1,8191,7.650164815,7.8393968990000005,8.164448785,5.661946038,6.0890115675,8.274462825,1.2874662516397002
1,bv_direct,1,float,lookup,2,8191,7.837107801,7.8447381275,8.331552924,5.936942986,6.0510316205,7.439651752,1.2964298684084195
1,bv_direct,1,float,lookupApply,0,8191,12.812843365,13.185203271999999,13.96044439,13.453638139,13.6241225125,17.350384568,0.9677836689961282
1,bv_direct,1,float,lookupApply,1,8191,12.785374191,13.021914295999999,13.974178977,12.901950311,13.4851971675,17.721554145,0.9656450798794001
1,bv_direct,1,float,lookupApply,2,8191,12.598431205,13.0333597855,14.137467953,12.941902698,13.592586375,37.392114821,0.9588579705089423
1,bv_direct,1,float,prepared,0,8191,2.308936638,2.3478513,4.243987303,0.752502747,0.7885026245,1.235822854,2.9776074638797856
1,bv_direct,1,float,prepared,1,8191,2.298254181,2.347088268,2.795751435,0.752510377,0.7885102555000001,1.104245513,2.9766109592470604
1,bv_direct,1,float,prepared,2,8191,2.299780247,2.348614333,3.686973508,0.787533573,0.788933738,5.555907398,2.976947517739443
1,bv_direct,1,float,vienot,0,8191,0.880539617,0.917928214,1.371169576,0.752975827,0.789071084,1.05875351,1.1633023090223897
1,bv_direct,1,float,vienot,1,8191,0.8637529,0.882065682,1.958704676,0.753006348,0.789067269,1.387155109,1.1178586625673355
1,bv_split,1,double,brettel,0,8191,3.990660481,4.044454279,5.222195092,4.701638994,4.7323586865,6.207651691,0.8546381512748844
1,bv_split,1,double,brettel,1,8191,3.98455622,4.0272860455,4.897906239,4.700906483,4.731126389,6.102849164,0.8512319719176288
1,bv_split,1,double,brettel,2,8191,3.962428275,4.024233915,5.14207667,4.504181419,4.729844494,5.791516604,0.8508173831306514
1,bv_split,1,double,lookup,0,8191,10.157489928,10.231504090000001,11.711787328,7.953020083,8.020285222,8.770380601,1.2757032707433558
1,bv_split,1,double,lookup,1,8191,9.969020877,10.230741057500001,11.855237456,7.953332926,7.9910191065,9.510827433,1.2802798893545608
1,bv_split,1,double,lookup,2,8191,10.048376267,10.3944115495,12.69991454,7.877701135,7.996997467,10.040120254,1.299789276211859
1,bv_split,1,double,lookupApply,0,8191,13.298132096,13.444252838499999,15.816139665,12.322785679,12.8750343365,14.771609083,1.0442110278794594
1,bv_split,1,double,lookupApply,1,8191,13.298132096,13.406482725,15.531528507,12.704256196,13.028243651499999,14.862791478,1.0290322382369979
1,bv_split,1,double,lookupApply,2,8191,13.301947259,13.4576059085,16.405963863,12.260049139,12.902160145,14.833758088,1.043050602167208
1,bv_split,1,double,prepared,0,8191,1.832804297,1.8614180194999999,2.873580759,1.265619277,1.2809333415,1.979047125,1.4531732129950183
1,bv_split,1,double,prepared,1,8191,1.835093395,1.856076792,2.575235014,1.265962642,1.273547186,1.378914357,1.4574071635536556
1,bv_split,1,double,prepared,2,8191,1.828226102,1.832804297,1.950311317,1.264406055,1.270113539,1.610212428,1.443023982283524
1,bv_split,1,double,vienot,0,8191,1.129288243,1.140733732,1.248321328,1.388147052,1.413788762,1.916631058,0.8068629222842839
1,bv_split,1,double,vienot,1,8191,1.117079722,1.152179221,1.61610304,1.377777439,1.405719692,2.100476132,0.819636537466959
1,bv_split,1,float,brettel,0,8191,2.267732878,2.328393969,3.105542669,2.265314064,2.2925619580000003,2.890466671,1.0156296805305358
1,bv_split,1,float,brettel,1,8191,2.261628617,2.352811012,2.522585765,2.264917287,2.2762826580000004,2.39254975,1.033619881841581
1,bv_split,1,float,brettel,2,8191,2.187614455,2.260102552,2.395922354,2.263742217,2.287594616,3.173467831,0.9879821084523834
1,bv_split,1,float,lookup,0,8191,8.028628983,8.249908436,9.882798193,5.781917654,5.959242614,7.132653217,1.3843887504459975
1,bv_split,1,float,lookup,1,8191,7.564705164,7.807731046,9.4265047,5.781452204,5.9573350325,6.989416738,1.3106080157327462
1,bv_split,1,float,lookup,2,8191,8.031681113,8.05571664,9.362409962,5.917760347,5.978490110999999,6.331911549,1.3474500234060856
1,bv_split,1,float,lookupApply,0,8191,13.356122574,14.006607862,15.387315346,13.466563912,13.75163289,15.070427909,1.0185414324276656
1,bv_split,1,float,lookupApply,1,8191,13.594188744,13.873458674,16.323556342,12.380348859,13.5751091135,15.066284642,1.0219776915239158
1,bv_split,1,float,lookupApply,2,8191,13.377487486,13.6884232695,16.219020877,12.42556617,13.488501098499999,14.946610609,1.0148216743684169
1,bv_split,1,float,prepared,0,8191,2.417287267,2.481382005,2.677481382,0.789166463,0.8166699735,1.206049322,3.0384146417989983
1,bv_split,1,float,prepared,1,8191,2.416524234,2.477566842,2.587443536,0.787739592,0.7895785005,0.843067086,3.1378347313548716
1,bv_split,1,float,prepared,2,8191,2.417287267,2.4314033695,2.592784764,0.788174521,0.797193566,1.405162679,3.049953578651938
1,bv_split,1,float,vienot,0,8191,0.904193627,0.9305182515,1.304022708,0.788403431,0.7903415335,1.102101392,1.177362206158181
1,bv_split,1,float,vienot,1,8191,0.906482725,0.924795507,1.083506287,0.78886888,0.7905017705,0.838656757,1.1698841691588595
1,ma_fixed,1,double,brettel,0,8191,9.898821878,10.0224331585,11.996398486,4.700975156,4.819458857,4.964999695,2.0795764536806796
1,ma_fixed,1,double,brettel,1,8191,9.902637041,10.334513490500001,12.541966793,4.501571847,4.7242781715,4.896937187,2.187532807201042
1,ma_fixed,1,double,brettel,2,8191,9.424978635,9.639772311000002,11.290593334,4.700990416,4.7255753265,4.815346112,2.039915067471733
1,ma_fixed,1,double,lookup,0,8191,8.890855817,9.1403674765,11.156299597,7.323159565,8.184383012000001,10.362295507,1.1168059294266075
1,ma_fixed,1,double,lookup,1,8191,9.024386522,9.1174764985,11.231839824,7.805800574,8.0729001345,10.502037297,1.1293929500670947
1,ma_fixed,1,double,lookup,2,8191,8.979367599,9.1426565745,10.931204981,7.967136186,8.563648364,25.848240447,1.0676123289851605
1,ma_fixed,1,double,lookupApply,0,8191,12.066597485,12.143282261,14.280155048,12.078638139,13.181815406999998,15.280383958,0.9212147102705973
1,ma_fixed,1,double,lookupApply,1,8191,11.695763643,12.098644854,14.429709437,12.073861555,12.8507775305,15.575334208,0.9414718156380117
1,ma_fixed,1,double,lookupApply,2,8191,11.743834697,12.149386522,14.708979368,12.100010682,13.02505799,14.804739958,0.932770244196049
1,ma_fixed,1,double,prepared,0,8191,1.835856428,1.8644701504999999,2.521822732,1.259049567,1.301729795,1.434966732,1.4323019705483502
1,ma_fixed,1,double,prepared,1,8191,1.83356733,1.874008058,2.2448419,1.259087718,1.2818947625,1.362814369,1.4619047622483754
1,ma_fixed,1,double,prepared,2,8191,1.8305152,1.880875351,2.64467098,1.258179709,1.2883614634999998,1.385209376,1.4598972449007905
1,ma_fixed,1,double,vienot,0,8191,1.115553656,1.152560737,1.188041753,1.374282749,1.4113737634999999,1.52856794,0.8166233260152281
1,ma_fixed,1,double,vienot,1,8191,1.129288243,1.1399706995,1.670278354,1.373260286,1.3869757969999998,1.407909596,0.8219110253875614
1,ma_fixed,1,float,brettel,0,8191,8.778690026,8.909550116,11.009797339,2.222897082,2.303225339,3.086550787,3.8682928522609488
1,ma_fixed,1,float,brettel,1,8191,8.603192528,8.759614210999999,10.66338054,2.26310127,2.2978306980000003,2.404132585,3.8121234165007216
1,ma_fixed,1,float,brettel,2,8191,8.49789403,8.658893908,10.337565621,2.216563912,2.3180396165,4.133103406,3.7354382756728004
1,ma_fixed,1,float,lookup,0,8191,6.949700891,7.0332529605000005,8.873306068,5.931998535,6.015840557000001,6.811576731,1.1691222355147268
1,ma_fixed,1,float,lookup,1,8191,6.951226956,7.0343975095,8.161396655,5.930098584,6.0872184405,7.36447015,1.1556012944595757
1,ma_fixed,1,float,lookup,2,8191,6.945122696,6.984418873999999,8.023287755,5.950257905,6.062175711,7.757409047,1.1521307212073317
1,ma_fixed,1,float,lookupApply,0,8191,12.5,12.608732145000001,14.182486876,12.379814736,13.687870070999999,16.128700708,0.9211610045681009
1,ma_fixed,1,float,lookupApply,1,8191,12.499236967,12.5747771945,15.265230131,13.29282902,13.910946465999999,35.009667623,0.9039483564424782
1,ma_fixed,1,float,lookupApply,2,8191,12.504578196,12.6384904165,15.21792211,13.453386339,13.7983800815,15.837580881,0.9159401568771752
1,ma_fixed,1,float,prepared,0,8191,2.404315712,2.4275882065000003,3.864760103,0.787205469,0.7889337384999999,1.220127274,3.0770495518617
1,ma_fixed,1,float,prepared,1,8191,2.404315712,2.4428488585,3.432883653,0.793111342,0.8076242215,1.183104932,3.0247345157168493
1,ma_fixed,1,float,prepared,2,8191,2.404315712,2.419576364,2.583628373,0.78815926,0.8068726344999999,0.85674063,2.998709164922113
1,ma_fixed,1,float,vienot,0,8191,5.274081309,5.3824319375,6.699426199,0.789181724,0.795572122,1.515771884,6.765485854342191
1,ma_fixed,1,float,vienot,1,8191,5.2832377,5.323678428,5.651019412,0.79166158,0.8277568365,1.926329203,6.431452080190702
1,ma_bounded,1,double,brettel,0,8191,10.175039678,10.372283604,11.148669271,4.505867721,4.7294210109999995,5.783306373,2.19314025540874
1,ma_bounded,1,double,brettel,1,8191,9.883561226,10.158634477,12.036076181,4.704523257,4.756455255500001,6.366415883,2.135757393124498
1,ma_bounded,1,double,brettel,2,8191,9.508912221,9.6977627885,12.3618911,4.704454584,4.7380051275,6.363920767,2.0468029323592156
1,ma_bounded,1,double,lookup,0,8191,8.633713832,8.85346722,9.605054328,7.953088756,7.9934302895,9.34504334,1.1075929731481773
1,ma_bounded,1,double,lookup,1,8191,8.539860823,8.6711024295,10.059821756,7.951394824,7.967532963,10.85440575,1.0883045567263125
1,ma_bounded,1,double,lookup,2,8191,8.455927237,8.696282505,10.798437309,7.965701685,7.984453211,9.298338115,1.0891519150014342
1,ma_bounded,1,double,lookupApply,0,8191,11.520266146,11.8960596995,12.111616408,12.441322793,12.9768267,15.215755097,0.9167156173473443
1,ma_bounded,1,double,lookupApply,1,8191,11.261598095,11.707972165000001,13.251587108,12.203111647,12.933452112000001,15.571938713,0.9052472660518094
1,ma_bounded,1,double,lookupApply,2,8191,11.265413258,11.682029056000001,14.030643389,12.078126908,13.005795232499999,15.864897448,0.8982172060350406
1,ma_bounded,1,double,prepared,0,8191,1.870192895,1.876297155,1.975491393,1.265932121,1.273879105,1.352460017,1.4729004876801084
1,ma_bounded,1,double,prepared,1,8191,1.828989134,1.8789677695,2.024325479,1.269487853,1.2793157124999999,1.392992309,1.4687287517388325
1,ma_bounded,1,double,prepared,2,8191,1.8305152,1.832041265,3.115462093,1.270693444,1.2839511355,1.632035161,1.4268777170297537
1,ma_bounded,1,double,vienot,0,8191,1.148364058,1.154468319,1.238401905,1.380524356,1.3837443535,1.483991576,0.8343075193621738
1,ma_bounded,1,double,vienot,1,8191,1.137681602,1.1884232694999999,1.593975095,1.379807105,1.385026248,1.523310646,0.8580510811373445
1,ma_bounded,1,float,brettel,0,8191,8.757325113,8.8767397145,9.168599683,2.213290502,2.2497596445,2.568840801,3.9456391424750703
1,ma_bounded,1,float,brettel,1,8191,8.581827616,8.811118911,10.817513124,2.257943169,2.2883423880000002,3.213763582,3.850437310957157
1,ma_bounded,1,float,brettel,2,8191,8.723751679,8.852704187499999,9.509675253,2.238012758,2.29986418,3.101635942,3.849229125999953
1,ma_bounded,1,float,lookup,0,8191,6.134782078,6.174841289,7.816505921,5.935706873,6.046903614,7.87454218,1.0211575515613966
1,ma_bounded,1,float,lookup,1,8191,6.15004273,6.301504700500001,6.989378586,5.78020083,5.959311287,7.819962459,1.0574216376725414
1,ma_bounded,1,float,lookup,2,8191,6.195824686,6.330881455,6.871108534,5.91596722,5.973858503,6.885148334,1.0597642129991374
1,ma_bounded,1,float,lookupApply,0,8191,11.559943841,11.640062263499999,13.784946893,12.405834147,13.6203760225,16.281200403,0.8546065280629075
1,ma_bounded,1,float,lookupApply,1,8191,11.626327677,11.880036015,13.699487242,13.244490905,13.582556312,15.258813026,0.8746539121287613
1,ma_bounded,1,float,lookupApply,2,8191,11.840739836,11.957483823499999,12.497710902,12.473560921,13.5308875595,15.847965755,0.883717625389968
1,ma_bounded,1,float,prepared,0,8191,2.405841778,2.437126114,3.124618484,0.786099072,0.7885712975,0.820061653,3.090558991592006
1,ma_bounded,1,float,prepared,1,8191,2.402789647,2.4916829445,2.921651813,0.788319497,0.8094059025,1.157688316,3.0784096542957937
1,ma_bounded,1,float,prepared,2,8191,2.461543157,2.4760407764999997,2.681296545,0.787319924,0.7883614635,0.834048041,3.14074303620499
1,ma_bounded,1,float,vienot,0,8191,5.364119155,5.8108747405,6.475857649,0.788426322,0.791871414,1.467113295,7.3381544500354945
1,ma_bounded,1,float,vienot,1,8191,5.32138933,5.3595409595,6.452203638,0.788968075,0.7917836650000001,0.839488463,6.768946110425251
1,ma_direct,1,double,brettel,0,8191,9.953760225,10.431800146499999,11.318062508,4.702188377,4.756348431,5.794835795,2.1932371645671807
1,ma_direct,1,double,brettel,1,8191,9.808784031,10.0979733855,12.071175681,4.488180625,5.0943299045,6.538342388,1.9821985569839333
1,ma_direct,1,double,brettel,2,8191,9.462367232,9.591319741,11.421071908,4.488394274,4.7543645465,5.421071908,2.0173715429669357
1,ma_direct,1,double,lookup,0,8191,10.254395068,10.555411427,12.44429862,7.603169637,7.976101819,9.545377549,1.3233797243981746
1,ma_direct,1,double,lookup,1,8191,10.325357099,10.542058357,12.197839092,7.608495605,7.9446305395,8.13741454,1.3269412975953783
1,ma_direct,1,double,lookup,2,8191,10.46651813,10.5298498355,12.628952509,7.897684959,8.0183165975,9.496612135,1.31322450385447
1,ma_direct,1,double,lookupApply,0,8191,11.960535954,12.122680380999999,14.085581736,12.080400745,13.004665944,15.416516604,0.9321792988149054
1,ma_direct,1,double,lookupApply,1,8191,11.907886705,12.149005005500001,13.687278721,11.846393908,12.9086764435,16.565719998,0.9411503230927659
1,ma_direct,1,double,lookupApply,2,8191,11.830820413,12.128403125,13.930686119,11.908695519,12.862825814499999,18.378769381,0.9429034723713587
1,ma_direct,1,double,prepared,0,8191,1.825173971,1.838527042,2.569130753,1.27387529,1.3029773530000002,1.377228055,1.4110199519331168
1,ma_direct,1,double,prepared,1,8191,1.828989134,1.839671591,2.949120986,1.217777133,1.2779880355,2.703317666,1.4395061142182346
1,ma_direct,1,double,prepared,2,8191,1.831278232,1.8370009765000002,3.32911122,1.231618545,1.3674078255,2.133797766,1.3434185048840794
1,ma_direct,1,double,vienot,0,8191,1.110975461,1.130814308,1.574136247,1.3740691,1.3920537785,1.802733183,0.8123352168322856
1,ma_direct,1,double,vienot,1,8191,1.110975461,1.118605787,1.469600781,1.314712795,1.390470486,1.701875534,0.8044800650303051
1,ma_direct,1,float,brettel,0,8191,8.762666341,8.8866591385,11.170034184,2.262925772,2.287758668,2.655857038,3.884439063788524
1,ma_direct,1,float,brettel,1,8191,8.614638017,8.787083383999999,9.259400562,2.262223782,2.2642954155,2.419583995,3.880714205332453
1,ma_direct,1,float,brettel,2,8191,8.614638017,8.831720791,9.99954218,2.263406483,2.436580546,9.671453424,3.6246373244252275
1,ma_direct,1,float,lookup,0,8191,10.652698083,10.982328164999998,12.288639971,5.917195703,5.9758080515,7.428297827,1.837798013315254
1,ma_direct,1,float,lookup,1,8191,10.668721768,10.976223904000001,11.886521792,5.926374985,5.9787800635,17.574365157,1.8358634683702477
1,ma_direct,1,float,lookup,2,8191,10.426840435,10.77669088,13.795629349,5.916753144,5.945900989,7.090846661,1.8124571700633814
1,ma_direct,1,float,lookupApply,0,8191,12.473293859,12.799490294,14.599102674,12.3780445,13.495982633499999,15.85697717,0.948392617387403
1,ma_direct,1,float,lookupApply,1,8191,12.464900501,12.837641924,14.607496032,13.289219875,13.520407306500001,15.987219204,0.9495011232263869
1,ma_direct,1,float,lookupApply,2,8191,12.471004761,12.6270449275,14.267946527,13.45926169,13.5044675555,15.557074838,0.9350272326995485
1,ma_direct,1,float,prepared,0,8191,2.411946038,2.4813820045,2.608808448,0.785053717,0.7905284765,0.907680686,3.1388900947453724
1,ma_direct,1,float,prepared,1,8191,2.414235136,2.466884385,3.240599438,0.78512239,0.786427176,0.856542241,3.13682494741255
1,ma_direct,1,float,prepared,2,8191,2.40660481,2.4211024295,3.250518862,0.785786229,0.801924368,5.56040166,3.019115674883694
1,ma_direct,1,float,vienot,0,8191,5.336649982,5.55220669,6.862715175,0.785198694,0.786652271,0.870765169,7.058019018926852
1,ma_direct,1,float,vienot,1,8191,5.346569405,5.498412891999999,6.240080576,0.785320779,0.787720516,0.841647845,6.980157023103355
1,default,2,double,brettel,0,8191,9.918660725,10.271563301,26.890031742,4.618125076,4.708231595499999,4.865942803,2.181618107065354
1,default,2,double,brettel,1,8191,9.867537541,10.2013643025,10.815987059,4.505753266,4.8222515564999995,5.027675192,2.1154774243889034
1,default,2,double,brettel,2,8191,9.698144305,10.004501892,10.793096081,4.506913075,4.6550672995,4.891328898,2.1491637495927467
1,default,2,double,lookup,0,8191,10.138414113,10.397082163,11.128067391,7.954141741,8.3110349775,9.597988646,1.2509972814634325
1,default,2,double,lookup,1,8191,9.974362105,10.3425253325,10.64277866,8.027354719,8.166531864,10.734746978,1.266452578002211
1,default,2,double,lookup,2,8191,10.125442559,10.462702967,11.899493346,7.709536381,8.1845318035,10.834879746,1.2783508230154073
1,default,2,double,lookupApply,0,8191,13.121108534,13.652942253500001,14.834116713,12.424795507,13.183127823,15.662113906,1.03563755406212
1,default,2,double,lookupApply,1,8191,13.279056281,13.617079722,15.798589916,12.166165609,12.841743224,15.235181907,1.0603762654707944
1,default,2,double,lookupApply,2,8191,13.602582102,13.7216151875,14.733396411,12.842273532,13.1721058175,15.488035649,1.0417176552947167
1,default,2,double,prepared,0,8191,1.835856428,1.880112318,1.91597485,1.275492919,1.3160938835,1.432265596,1.428554863426656
1,default,2,double,prepared,1,8191,1.843486754,1.9049108774999999,2.624832133,1.269609938,1.306273654,1.428686974,1.458278571007603
1,default,2,double,prepared,2,8191,1.875534123,1.881638384,1.979306556,1.270739226,1.301237639,1.400386094,1.4460374704854353
1,default,2,double,vienot,0,8191,1.12242095,1.1670583570000002,2.354718594,1.385148334,1.4149752775,1.437522891,0.824790634548737
1,default,2,double,vienot,1,8191,1.097240874,1.1556128675,2.187614455,1.38224881,1.415425467,1.442940422,0.8164420483046176
1,default,2,float,brettel,0,8191,8.123245025,8.307135881,9.32959956,2.270807899,2.349140825,2.914532719,3.5362443122157226
1,default,2,float,brettel,1,8191,7.98666219,8.135835062999998,8.563514833,2.263078379,2.316658528,2.780567086,3.51188358779132
1,default,2,float,brettel,2,8191,7.96300818,8.093868270000002,8.960291784,2.260835063,2.2634751555,2.329507997,3.575859116603412
1,default,2,float,lookup,0,8191,7.603619827,8.083185814,10.593944573,5.958445245,6.080828043,6.379746063,1.3292903132337432
1,default,2,float,lookup,1,8191,7.721889879,8.198403736,10.725949213,5.936988768,6.0041165605,6.946725064,1.3654637869517423
1,default,2,float,lookup,2,8191,7.985136125,8.3616927115,21.998229764,5.918241057,6.180941734999999,7.978780063,1.3528185622833737
1,default,2,float,lookupApply,0,8191,13.201226956,13.40800879,16.814186302,13.454431693,13.838763581999999,15.490561287,0.9688733180932234
1,default,2,float,lookupApply,1,8191,13.578165059,13.874221707,15.8497131,13.396425955,13.862974606,15.310355878,1.0008113050279364
1,default,2,float,lookupApply,2,8191,13.655231351,13.768160176,16.505921133,13.452676718,13.533817604500001,15.36119674,1.0173153339544105
1,default,2,float,prepared,0,8191,2.40355268,2.404315712,2.598889025,0.786213527,0.806235502,1.226338359,2.982150632210686
1,default,2,float,prepared,1,8191,2.438652179,2.4939720425000003,3.065101941,0.797788732,0.8409649315000001,1.369674032,2.965607659824279
1,default,2,float,prepared,2,8191,2.46230619,2.4764222929999997,2.659931632,0.784153339,0.785633622,0.912625137,3.1521337983164877
1,default,2,float,vienot,0,8191,5.30078745,5.379379806999999,6.815407154,0.800009156,0.820786534,1.433249908,6.553932824390123
1,default,2,float,vienot,1,8191,5.294683189,5.5277896470000005,6.427023562,0.786961299,0.806815407,0.913815468,6.8513684778952175
1,prepared,2,double,brettel,0,8191,3.997527774,4.211558418,5.159626419,4.508286534,4.737825815,5.535679404,0.8889221728384711
1,prepared,2,double,brettel,1,8191,3.989134416,4.023852399,4.260010988,4.617140764,4.6981824565,4.860601575,0.8564700150018536
1,prepared,2,double,brettel,2,8191,3.983793188,4.026904529499999,4.065437675,4.702615676,4.8349407885,5.449540654,0.8328756660429161
1,prepared,2,double,lookup,0,8191,9.980466366,10.4306555975,12.351971676,7.481412526,8.075776767499999,8.842113295,1.2915978113061433
1,prepared,2,double,lookup,1,8191,10.13765108,10.487501526500001,12.097881822,7.960467281,8.151034672000002,9.061141802,1.2866466588010115
1,prepared,2,double,lookup,2,8191,10.144518374,10.452020510499999,11.579782688,7.755585399,8.1785229215,9.245742278,1.2779838866775495
1,prepared,2,double,lookupApply,0,8191,13.284397509,13.556800146499999,14.920339397,12.427412709,13.162216915,15.256005067,1.0299784780974337
1,prepared,2,double,lookupApply,1,8191,12.826577951,13.5377243315,14.96230619,12.136956721,13.1732312905,14.053091808,1.027669220479174
1,prepared,2,double,lookupApply,2,8191,13.307288487,13.7002502745,39.749420095,12.75164052,13.233476529,14.633095776,1.0352721935522464
1,prepared,2,double,prepared,0,8191,1.847301917,1.877060188,1.909107557,1.272578135,1.2832491455000001,1.76007203,1.4627402594284444
1,prepared,2,double,prepared,1,8191,1.870955927,1.887361128,2.025088512,1.279834575,1.305930289,2.404437798,1.4452234884951045
1,prepared,2,double,prepared,2,8191,1.877060188,1.914067269,3.386338664,1.277217373,1.3066856915,1.403468746,1.4648260721388637
1,prepared,2,double,vienot,0,8191,1.136155537,1.1620986444999999,3.309272372,1.380638811,1.3880097055,2.079485106,0.8372410076782419
1,prepared,2,double,vienot,1,8191,1.130814308,1.1449304114999999,1.499359053,1.394861738,1.4560416919999999,1.985090343,0.7863307883219597
1,prepared,2,float,brettel,0,8191,7.118331095,7.52388292,9.157154194,2.262765535,2.275470028,2.788708644,3.3065181379747886
1,prepared,2,float,brettel,1,8191,7.122146258,7.221722012,8.770296667,2.262368758,2.3059913319999996,3.260323831,3.1317212305982776
1,prepared,2,float,brettel,2,8191,7.086283726,7.214091686,7.582254914,2.261918569,2.2657146565,2.305571664,3.1840248132322566
1,prepared,2,float,lookup,0,8191,7.577676718,7.978650348,11.155536565,5.781047796,5.9391176295,7.387803687,1.3434066886248393
1,prepared,2,float,lookup,1,8191,8.040074472,8.261353925000002,9.470760591,5.936286778,6.0002594315,7.011506532,1.3768327885340705
1,prepared,2,float,lookup,2,8191,8.017946527,8.0576242215,8.44219265,5.882447198,6.0056082895,6.861128067,1.3416832788757926
1,prepared,2,float,lookupApply,0,8191,13.453027713,14.0604016605,15.681845928,12.918195275,14.039109236,16.648127518,1.0015166506750586
1,prepared,2,float,lookupApply,1,8191,13.239378586,13.652942253500001,15.214106947,13.453561836,13.537468715500001,18.439232084,1.0085299209495338
1,prepared,2,float,lookupApply,2,8191,13.232511293,13.48736418,15.214106947,13.219699976,13.5109151815,15.080507569,0.9982568907299302
1,prepared,2,float,prepared,0,8191,2.40355268,2.405841778,2.530979123,0.786259309,0.791127457,1.64606733,3.04102930155286
1,prepared,2,float,prepared,1,8191,2.405078745,2.40660481,2.607282383,0.784077036,0.7892732874999999,0.883996154,3.0491400736782195
1,prepared,2,float,prepared,2,8191,2.421865462,2.529071542,4.073068001,0.783954951,0.797845959,1.190742889,3.16987447698535
1,prepared,2,float,vienot,0,8191,5.301550482,5.434699670500001,6.230161152,0.784756135,0.7872932180000001,1.15988585,6.90301852759006
1,prepared,2,float,vienot,1,8191,5.322915395,5.4037968505,6.295781956,0.784794286,0.7867171285,1.108526126,6.8687926762230145
1,inline,2,double,brettel,0,8191,3.976925894,4.1383072885,4.949029423,4.703958613,4.8004440850000005,4.932036687,0.8620675952524921
1,inline,2,double,brettel,1,8191,3.987608351,4.0173666215,4.196679282,4.703241362,4.8314689905,4.975308265,0.8315000322674636
1,inline,2,double,brettel,2,8191,3.986082285,4.049032474500001,4.106641436,4.70388231,4.761937645,6.702081553,0.8502909480033732
1,inline,2,double,lookup,0,8191,9.998779148,10.4012788425,12.325265535,7.510957148,8.1073930225,9.295949823,1.2829375378292265
1,inline,2,double,lookup,1,8191,9.985044561,10.4241698205,12.124587962,8.001732084,8.253719784,9.605260347,1.2629662859051092
1,inline,2,double,lookup,2,8191,10.127731657,10.37266512,11.501190331,8.016199182,8.178717495,9.278339031,1.2682508139376685
1,inline,2,double,lookupApply,0,8191,13.12873886,13.6380631185,15.192742034,12.075273166,13.1642389515,15.121078012,1.035993282159772
1,inline,2,double,lookupApply,1,8191,13.307288487,13.678503846,14.913472104,12.428168111,13.215056922,16.224850446,1.035069612392548
1,inline,2,double,lookupApply,2,8191,13.13179099,13.507584544,16.019869369,12.581255341,13.1979344705,16.28862471,1.023462010225322
1,inline,2,double,prepared,0,8191,1.832041265,1.87171896,2.000671469,1.263551459,1.3339793675,2.054137163,1.4031093775518984
1,inline,2,double,prepared,1,8191,1.835856428,1.879349286,1.940391894,1.268190697,1.295877335,2.303091808,1.4502524546430162
1,inline,2,double,prepared,2,8191,1.83356733,1.8865980955000001,2.257813454,1.261201319,1.297910817,1.36353925,1.453565276434552
1,inline,2,double,vienot,0,8191,1.136918569,1.1636247100000001,2.128860945,1.372054694,1.4075280795,1.444214687,0.826715095029122
1,inline,2,double,vienot,1,8191,1.126999145,1.1640062265,2.240263704,1.374275119,1.4127891895,2.303793798,0.8239065213345476
1,inline,2,float,brettel,0,8191,7.167928214,7.3747100475,8.085093395,2.2631089,2.324624588,2.661022769,3.172430544514227
1,inline,2,float,brettel,1,8191,7.153430595,7.3834849225,8.291112196,2.262986815,2.3586787329999996,3.735807594,3.1303478592478586
1,inline,2,float,brettel,2,8191,7.138932975,7.381577341,7.927145648,2.262620559,2.3119048345,2.352414235,3.1928551862717254
1,inline,2,float,lookup,0,8191,7.675344891,8.288060066,10.46957026,5.929862044,6.054121902,6.169996032,1.368994579257152
1,inline,2,float,lookup,1,8191,7.75164815,8.276233060500001,10.229214992,5.931082896,6.1126922839999995,6.694703028,1.3539423671240707
1,inline,2,float,lookup,2,8191,8.038548407,8.2567757295,8.720699548,5.956316384,6.16947717,7.983129349,1.3383266526456727
1,inline,2,float,lookupApply,0,8191,13.453790746,13.885667196,14.957727994,13.092258271,13.833353681,16.021631974,1.0037816943169646
1,inline,2,float,lookupApply,1,8191,13.433951898,13.8852856795,15.47659016,13.453294775,13.843780521500001,15.16689049,1.0029981086405944
1,inline,2,float,lookupApply,2,8191,13.457605909,13.859342570999999,15.710841167,13.187614455,13.6663334755,15.587344341,1.014122961059454
1,inline,2,float,prepared,0,8191,2.40355268,2.4802374560000002,2.762941033,0.785427603,0.8071511415,1.113401905,3.0728290260368794
1,inline,2,float,prepared,1,8191,2.40355268,2.4771853255,2.597362959,0.7954157,0.8193329570000001,1.646181785,3.023417164336036
1,inline,2,float,prepared,2,8191,2.412709071,2.5260194115,4.39277866,0.783809974,0.8234037359999999,1.245116591,3.0677774475145205
1,inline,2,float,vienot,0,8191,5.332834819,5.5464839455,6.773440361,0.796232145,0.8101384145,0.911251679,6.846341126686569
1,inline,2,float,vienot,1,8191,5.264161885,5.4949792455,6.553686974,0.786198266,0.815983244,0.89303046,6.734181474809794
1,bv_direct,2,double,brettel,0,8191,3.98150409,4.118468441,11.041081675,4.57232786,4.8574044685,5.495162373,0.8478743056519259
1,bv_direct,2,double,brettel,1,8191,3.992949579,4.190956538,4.801001099,4.503143694,4.7446053594999995,5.297224087,0.8833098267295418
1,bv_direct,2,double,brettel,2,8191,3.953271884,4.012406910499999,4.079935295,4.701112502,4.737455744,6.139016909,0.8469539616452825
1,bv_direct,2,double,lookup,0,8191,10.174276645,10.4764375535,12.06812355,7.991774509,8.305171072,21.617606214,1.2614354915361339
1,bv_direct,2,double,lookup,1,8191,10.060584788,10.464610548,11.857526554,7.866835551,8.0115561285,9.61657612,1.306189506776792
1,bv_direct,2,double,lookup,2,8191,10.194878525,10.328790746,12.818947625,7.955354963,8.038433952,10.216434196,1.2849257464422095
1,bv_direct,2,double,lookupApply,0,8191,13.274478086,13.6411152485,15.79095959,12.406230924,13.081938255499999,14.542882432,1.042744200597714
1,bv_direct,2,double,lookupApply,1,8191,13.292027835,13.6308143085,14.789860823,12.156101209,13.1894571785,13.768373825,1.0334628729618571
1,bv_direct,2,double,lookupApply,2,8191,12.91127457,13.389696008,16.529575143,12.819924307,12.960184959,15.363424796,1.0331408116750473
1,bv_direct,2,double,prepared,0,8191,1.838908558,1.9060554265,2.534031254,1.280231351,1.2932257965,1.335635148,1.4738767442302563
1,bv_direct,2,double,prepared,1,8191,1.835093395,1.877823221,2.013643023,1.270151691,1.291573831,1.346142107,1.4539031187602314
1,bv_direct,2,double,prepared,2,8191,1.825937004,1.8354749115,1.900714199,1.261544683,1.2804335550000001,1.307509767,1.4334792339146405
1,bv_direct,2,double,vienot,0,8191,1.117842754,1.1708735195,5.802099866,1.388795629,1.4119040715,2.793492858,0.8292868780072783
1,bv_direct,2,double,vienot,1,8191,1.115553656,1.1666768405,1.500885118,1.403041448,1.4337649555,1.782856184,0.8137155508122614
1,bv_direct,2,float,brettel,0,8191,2.193718716,2.3264863875,2.756836772,2.265062263,2.2883996155,2.776729032,1.01664340954352
1,bv_direct,2,float,brettel,1,8191,2.19219265,2.3726498595,3.015504822,2.213618606,2.2654628555,2.400729459,1.0473135120003296
1,bv_direct,2,float,brettel,2,8191,2.269258943,2.325723355,2.997955073,2.262689232,2.3030803625000003,2.438346966,1.009831611987443
1,bv_direct,2,float,lookup,0,8191,7.970638506,8.1667378835,10.05829569,5.91714229,5.961726285,6.625808815,1.369861260495625
1,bv_direct,2,float,lookup,1,8191,7.74859602,8.227780491,9.630997436,5.893877426,6.077237975,7.325944634,1.3538684061487654
1,bv_direct,2,float,lookup,2,8191,8.032444146,8.2361738495,27.269258943,5.931411,6.0926245265,6.200967525,1.351826920184657
1,bv_direct,2,float,lookupApply,0,8191,13.327890367,13.694146014000001,15.699395678,13.16713466,13.7653941825,16.130707484,0.9948241098253054
1,bv_direct,2,float,lookupApply,1,8191,13.329416433,13.743743133,16.221309974,12.612554938,13.5458849655,15.33309425,1.0146065146724577
1,bv_direct,2,float,lookupApply,2,8191,13.343151019,13.7651080455,14.977566842,13.260629044,13.812900592,15.66151874,0.9965400064829483
1,bv_direct,2,float,prepared,0,8191,2.42720669,2.5073251130000003,2.875869857,0.792478025,0.8045759065,1.233800818,3.1163313402052517
1,bv_direct,2,float,prepared,1,8191,2.408130875,2.4825265534999996,2.826272738,0.784275424,0.7870986449999999,0.813026492,3.1540221410240132
1,bv_direct,2,float,prepared,2,8191,2.405078745,2.463069222,2.946831889,0.784237273,0.8071511415,0.853093334,3.0515588659425816
1,bv_direct,2,float,vienot,0,8191,0.905719692,0.930899768,1.030857038,0.784397509,0.800165578,1.376709193,1.1633839215213029
1,bv_direct,2,float,vienot,1,8191,0.907245758,0.92861067,0.974392626,0.784275424,0.7904598034999999,0.824769564,1.1747727915933173
1,bv_split,2,double,brettel,0,8191,4.035679404,4.152804908,5.653308509,4.63459895,4.827745391500001,5.417958735,0.860195509753199
1,bv_split,2,double,brettel,1,8191,3.986845318,4.092906849,4.373702845,4.613462947,4.8450090034999995,4.939537297,0.8447676456417963
1,bv_split,2,double,brettel,2,8191,3.94640459,4.099774142499999,4.396593822,4.817230802,4.865591808,6.151591686,0.8426054433417856
1,bv_split,2,double,lookup,0,8191,10.230741057,10.571816628,12.045232572,8.149424673,8.220073861500001,9.390787144,1.2860975224948712
1,bv_split,2,double,lookup,1,8191,9.997253083,10.407001587,12.22683433,8.152797277,8.174116408500002,8.839297705,1.2731653266129281
1,bv_split,2,double,lookup,2,8191,10.075082408,10.501999145500001,12.134507386,8.159290685,8.221733457500001,8.95412648,1.2773460973634343
1,bv_split,2,double,lookupApply,0,8191,13.309577585,13.686134171500001,14.583078989,12.369239104,13.212516023500001,14.137498474,1.0358461739730431
1,bv_split,2,double,lookupApply,1,8191,13.302710292,13.564048956,16.097698694,12.597095898,13.2174719205,14.976536748,1.0262211289408882
1,bv_split,2,double,lookupApply,2,8191,13.307288487,13.776935050999999,16.255646441,12.78745727,13.282325876,14.531307227,1.03723814485637
1,bv_split,2,double,prepared,0,8191,1.832041265,1.8774417044999998,2.363111952,1.299101148,1.3225415090000001,1.406429313,1.4195710998285194
1,bv_split,2,double,prepared,1,8191,1.835856428,1.883545965,2.001434501,1.294393236,1.322728452,2.278384813,1.4239853706571663
1,bv_split,2,double,prepared,2,8191,1.844249786,1.899188133,4.709437187,1.301825174,1.3211375285,1.414273288,1.437540068335134
1,bv_split,2,double,vienot,0,8191,1.148364058,1.1567574165,1.226956416,1.410687035,1.4164364850000002,1.548605176,0.8166673400113665
1,bv_split,2,double,vienot,1,8191,1.120894885,1.1655322915,1.463496521,1.4112822,1.4147272919999998,1.460413869,0.8238565114922517
1,bv_split,2,float,brettel,0,8191,2.266206812,2.303976926,2.919362715,2.263978757,2.3198403735,3.1835246,0.9931618366154795
1,bv_split,2,float,brettel,1,8191,2.183036259,2.318093029,2.443993407,2.266008424,2.2883118665,2.715274387,1.0130144684105278
1,bv_split,2,float,brettel,2,8191,2.318093029,2.3203821265,2.456201929,2.26356672,2.3192566535,2.450502075,1.0004852731578033
1,bv_split,2,float,lookup,0,8191,8.037022342,8.243041142500001,10.320015871,5.792226224,6.0892252165,6.240721524,1.353709355364915
1,bv_split,2,float,lookup,1,8191,8.036259309,8.271273349000001,8.877121231,5.838641497,6.103722835999999,7.312095593,1.3551194199408438
1,bv_split,2,float,lookup,2,8191,8.033207179,8.2670766695,9.401324625,5.935561897,6.120925406,8.095691918,1.350625292933034
1,bv_split,2,float,lookupApply,0,8191,13.609449396,13.990584177999999,16.225125137,12.383584117,13.955988279500001,16.103032292,1.0024789286009086
1,bv_split,2,float,lookupApply,1,8191,13.874984739,14.0363661335,15.517030888,13.470546942,13.8708910695,15.276576425,1.0119296635789934
1,bv_split,2,float,lookupApply,2,8191,13.875747772,13.973034428,14.82419729,13.478200159,13.85521838,15.159061775,1.008503369977197
1,bv_split,2,float,prepared,0,8191,2.408893908,2.4260621415,3.228390917,0.788121109,0.807261781,1.086451593,3.0052979078170927
1,bv_split,2,float,prepared,1,8191,2.415761201,2.4966426564999997,3.923513613,0.787518313,0.805319863,0.832827188,3.1001876039657543
1,bv_split,2,float,prepared,2,8191,2.466121353,2.5073251130000003,3.768617995,0.796567879,0.8070252415,0.836527896,3.1068732228742815
1,bv_split,2,float,vienot,0,8191,0.902667562,0.90495666,0.988127213,0.788144,0.80793325,1.129738432,1.1200883983918224
1,bv_split,2,float,vienot,1,8191,0.903430595,0.9289921864999999,1.08426932,0.800665364,0.8081316384999999,1.821786107,1.1495555207123598
1,ma_fixed,2,double,brettel,0,8191,9.938499573,10.315819192,11.969692345,4.596355756,4.818463100000001,4.953340557,2.140894093803478
1,ma_fixed,2,double,brettel,1,8191,9.977414235,10.2807196925,11.834635576,4.402659932,4.651637468,4.913784947,2.210129177783981
1,ma_fixed,2,double,brettel,2,8191,9.543248688,9.7973385425,10.999877915,4.51147601,4.7187385545,5.004410328,2.076262210619154
1,ma_fixed,2,double,lookup,0,8191,9.077798804,9.3669881575,10.700769137,7.16971371,8.034119003,9.755066536,1.1659010968100292
1,ma_fixed,2,double,lookup,1,8191,9.073220608,9.302511903500001,10.011750702,7.560844219,8.185020144,10.251327677,1.1365288954504498
1,ma_fixed,2,double,lookup,2,8191,8.972500305,9.0980191675,11.231839824,7.589206141,7.9889322125,11.087596142,1.1388279341342578
1,ma_fixed,2,double,lookupApply,0,8191,11.981137834,12.2329385915,13.517122451,12.541463191,13.0364348065,14.50726407,0.9383653409136541
1,ma_fixed,2,double,lookupApply,1,8191,12.020815529,12.805213039,33.434562325,12.54308082,13.1662113905,14.400332682,0.9725814556068517
1,ma_fixed,2,double,lookupApply,2,8191,11.846844097,12.1715144675,13.323312172,11.857251862,12.2760155965,16.416318215,0.9914873740442465
1,ma_fixed,2,double,prepared,0,8191,1.834330363,1.8991881335,2.709528751,1.237417592,1.2882584545000002,1.364409108,1.4742291244943657
1,ma_fixed,2,double,prepared,1,8191,1.838145526,1.877823221,6.642961787,1.237570199,1.290425467,1.421270297,1.4551969633438737
1,ma_fixed,2,double,prepared,2,8191,1.83356733,1.8698113785000001,3.39396899,1.208643633,1.274436119,1.363966549,1.4671675972014728
1,ma_fixed,2,double,vienot,0,8191,1.116316689,1.1529422535,1.249847393,1.350369308,1.40495666,1.693451654,0.8206247824754964
1,ma_fixed,2,double,vienot,1,8191,1.136155537,1.2128403125,2.486723233,1.349995422,1.3956133254999998,1.447877243,0.8690374979512906
1,ma_fixed,2,float,brettel,0,8191,9.012178,9.140748992999999,10.107129777,2.263009706,2.274794744,4.072243926,4.018274183686087
1,ma_fixed,2,float,brettel,1,8191,8.710017092,8.820275301999999,9.735532902,2.262979184,2.2640436150000003,2.386155537,3.8958062660820243
1,ma_fixed,2,float,brettel,2,8191,8.764192406,8.896960078500001,9.800390673,2.210047613,2.2556617015000002,2.342815285,3.9442794425172805
1,ma_fixed,2,float,lookup,0,8191,6.91689049,7.1721248929999994,9.244902942,5.930075693,5.9544164330000005,6.878708338,1.2045050885677615
1,ma_fixed,2,float,lookup,1,8191,6.983274325,7.1606794045,7.847790258,5.813140947,5.955202356499999,8.802572946,1.2024241958267368
1,ma_fixed,2,float,lookup,2,8191,6.754364546,7.0317268955,8.494078867,5.811584361,6.090690239000001,7.399844341,1.154504107018009
1,ma_fixed,2,float,lookupApply,0,8191,12.775454767,12.882660847,13.39045904,12.489676169,13.499355237500001,15.933639055,0.954316752196662
1,ma_fixed,2,float,lookupApply,1,8191,12.715938225,12.913945184,14.261079233,13.456896289,13.475327341,15.403430595,0.9583399985177399
1,ma_fixed,2,float,lookupApply,2,8191,12.805976071,12.906314858,13.990965694,13.13928397,13.3777698085,16.29470608,0.9647583298824258
1,ma_fixed,2,float,prepared,0,8191,2.463069222,2.476040776,3.00024417,0.785503907,0.7935004885,1.051321572,3.1204023335645372
1,ma_fixed,2,float,prepared,1,8191,2.46230619,2.4916829445,3.146746429,0.784977414,0.7870376020000001,0.829149371,3.1659007627694002
1,ma_fixed,2,float,prepared,2,8191,2.478329874,2.5035099499999998,2.746917348,0.766748565,0.787029972,0.821358808,3.180958844093424
1,ma_fixed,2,float,vienot,0,8191,5.404559883,5.506806251,5.951654255,0.784695092,0.788128739,0.820191369,6.987191277896034
1,ma_fixed,2,float,vienot,1,8191,5.409901111,5.51100293,6.397265291,0.785557319,0.7877930045,0.877601941,6.995496150029599
1,ma_bounded,2,double,brettel,0,8191,9.678305457,9.9602460015,10.571053595,4.59574533,4.6615797825000005,4.74040868,2.136667496047516
1,ma_bounded,2,double,brettel,1,8191,9.857618117,10.0903430595,11.429465267,4.593898791,4.6160496275,5.061408863,2.185926034977405
1,ma_bounded,2,double,brettel,2,8191,9.1853864,9.654651446999999,9.846935661,4.594623672,4.619094128,5.09153339,2.09016122630528
1,ma_bounded,2,double,lookup,0,8191,8.206415578,8.6306617015,13.351544378,7.771921927,7.788853619499999,10.194367293,1.1080785598399832
1,ma_bounded,2,double,lookup,1,8191,8.24227811,8.436469906,10.126205592,7.772860457,7.7923406785000005,8.132683738,1.0826618411688838
1,ma_bounded,2,double,lookup,2,8191,8.432273227,8.7580881455,10.07584544,7.790211818,7.804331736,8.269976193,1.1222085941196593
1,ma_bounded,2,double,lookupApply,0,8191,10.967067513,11.255493835,18.708033207,12.543225797,12.6055388535,12.898669271,0.8929006499293639
1,ma_bounded,2,double,lookupApply,1,8191,10.964778415,11.34667623,12.248962276,12.541066414,12.564949335000001,12.648577707,0.903041940518895
1,ma_bounded,2,double,lookupApply,2,8191,10.980039067,11.7434531805,17.288029545,12.288197412,12.5900187705,14.753891466,0.9327589890506272
1,ma_bounded,2,double,prepared,0,8191,1.756501038,1.8511170799999999,3.52597363,1.247443841,1.2697701745,1.350338786,1.4578363212294838
1,ma_bounded,2,double,prepared,1,8191,1.752685875,1.807242705,1.961756806,1.234815651,1.248809669,1.592807655,1.4471722551981618
1,ma_bounded,2,double,prepared,2,8191,1.75115981,1.865614699,3.101727506,1.238455317,1.2528232204999998,2.158268221,1.4891284488289067
1,ma_bounded,2,double,vienot,0,8191,1.130051276,1.133103406,1.165913808,1.348896655,1.3806731475,1.405155048,0.8206891023061633
1,ma_bounded,2,double,vienot,1,8191,1.094951776,1.112883042,1.506226346,1.34714168,1.349915303,1.398806617,0.824409531121524
1,ma_bounded,2,float,brettel,0,8191,8.757325113,8.866438773999999,10.647356855,2.163098218,2.212504578,2.901881638,4.007421662383561
1,ma_bounded,2,float,brettel,1,8191,8.232358686,9.3921682335,24.934379197,2.211413442,2.248229764,2.329721646,4.177583796768914
1,ma_bounded,2,float,brettel,2,8191,8.340709315,8.589839458,10.072030277,2.211115859,2.2662793005,2.456972592,3.790282802346939
1,ma_bounded,2,float,lookup,0,8191,5.959284581,6.1508057625,9.055670858,5.778255097,5.953439751,6.089259553,1.0331515929873731
1,ma_bounded,2,float,lookup,1,8191,6.098919546,6.167973996000001,7.858472714,5.779605665,5.8772356855,5.984617263,1.0494685471296132
1,ma_bounded,2,float,lookup,2,8191,5.783024051,6.0897631545,7.243468441,5.778537419,5.8667058359999995,6.359716457,1.0380208799853656
1,ma_bounded,2,float,lookupApply,0,8191,11.258545965,11.6450219755,12.757141985,13.135247528,13.453985319000001,13.68328043,0.86554442415324
1,ma_bounded,2,float,lookupApply,1,8191,11.520266146,11.606107312999999,13.812416066,13.136643877,13.459181571,14.173727262,0.8623189494677186
1,ma_bounded,2,float,lookupApply,2,8191,11.283726041,11.540486509499999,13.436240996,13.019373398,13.461253205,13.804366073,0.8573114504088997
1,ma_bounded,2,float,prepared,0,8191,2.308173605,2.4188133315,4.533176657,0.755165731,0.7719371875000001,1.135171225,3.1334328371115037
1,ma_bounded,2,float,prepared,1,8191,2.363111952,2.3966853865,2.547765841,0.770548468,0.7813301185,1.178114699,3.0674427233154202
1,ma_bounded,2,float,prepared,2,8191,2.36234892,2.4161427175,2.483671102,0.770029606,0.789952387,0.82934776,3.0585928433937375
1,ma_bounded,2,float,vienot,0,8191,5.104688072,5.4358442195,6.72613234,0.755341228,0.7712466425,1.288357649,7.048126915508744
1,ma_bounded,2,float,vienot,1,8191,5.069588573,5.284763765,5.428976926,0.770617141,0.7910358934999999,0.816322793,6.680814117823593
1,ma_direct,2,double,brettel,0,8191,9.466182395,9.8587626665,11.283726041,4.591678366,4.661896441,5.512292455,2.114753682599017
1,ma_direct,2,double,brettel,1,8191,9.495940667,9.840449884,10.329172262,4.545865889,4.6139856245,6.445504212,2.132743940888713
1,ma_direct,2,double,brettel,2,8191,9.324258332,9.7305731905,28.306220242,4.592609266,4.677881974,6.218837749,2.080123706537107
1,ma_direct,2,double,lookup,0,8191,9.973599072,10.001068245999999,11.303564888,7.323014589,7.801058326,8.217586375,1.2820142893519495
1,ma_direct,2,double,lookup,1,8191,10.219295568,10.512681602,22.926077402,7.799772616,7.985185722,9.249855024,1.3165231176823466
1,ma_direct,2,double,lookup,2,8191,10.368086925,10.731290440999999,12.616743987,7.813400378,7.9514863875,9.034290685,1.3495955244128874
1,ma_direct,2,double,lookupApply,0,8191,11.473721157,11.75070199,12.358075937,12.07678397,12.5613440055,15.283535283,0.93546534390388
1,ma_direct,2,double,lookupApply,1,8191,11.130356489,11.744597729,16.789769259,12.542798498,12.701993804,15.435264314,0.9246263153821958
1,ma_direct,2,double,lookupApply,2,8191,11.675924796,12.065834452499999,14.431235502,12.545980344,12.858526126000001,15.067314736,0.9383528356413123
1,ma_direct,2,double,prepared,0,8191,1.75115981,1.791219021,2.91478452,1.247245452,1.271723538,1.62968502,1.408497183135412
1,ma_direct,2,double,prepared,1,8191,1.75115981,1.790837505,3.265016482,1.246932609,1.269873184,1.571984495,1.4102490922432143
1,ma_direct,2,double,prepared,2,8191,1.787022342,1.832041265,2.978116225,1.2481382,1.2708689414999998,1.438293554,1.4415658492980805
1,ma_direct,2,double,vienot,0,8191,1.108686363,1.1418782809999999,1.556586497,1.318764498,1.39302283,3.641328898,0.8197125390974388
1,ma_direct,2,double,vienot,1,8191,1.094188744,1.1269991455000001,1.428397021,1.348476987,1.3771631975,1.462657185,0.8183482883843184
1,ma_direct,2,float,brettel,0,8191,8.538334758,8.624175925,9.350964473,2.162434379,2.198590679,2.375320474,3.9225927806273573
1,ma_direct,2,float,brettel,1,8191,8.333078989,8.441429617499999,9.176230009,2.162655659,2.22344265,2.402255524,3.79655828653822
1,ma_direct,2,float,brettel,2,8191,8.328500794,8.3842021735,8.92977048,2.12007844,2.531997772,4.010552741,3.311299190787756
1,ma_direct,2,float,lookup,0,8191,10.424551337,10.45202051,11.619460383,5.660282627,5.9432570810000005,7.897593395,1.7586350998367657
1,ma_direct,2,float,lookup,1,8191,10.186485167,10.441338054,11.195977292,5.673727262,5.852128098,7.460490172,1.7841950618901166
1,ma_direct,2,float,lookup,2,8191,10.081186668,10.4192101085,14.322121841,5.660503907,5.776408558,6.212977658,1.8037522803109176
1,ma_direct,2,float,lookupApply,0,8191,12.190208766,12.215388841,12.764772311,12.840190453,13.525145739500001,16.008309425,0.9031613467443182
1,ma_direct,2,float,lookupApply,1,8191,12.189445733,12.210047613,12.770876572,12.723850873,12.8970325665,14.805960811,0.9467330992646757
1,ma_direct,2,float,lookupApply,2,8191,11.932303748,12.208521548,13.417165181,12.836535527,13.47530445,16.415692528,0.9059922611247571
1,ma_direct,2,float,prepared,0,8191,2.350140398,2.360822854,2.920125748,0.753387865,0.77165868,0.826265108,3.0594133328481443
1,ma_direct,2,float,prepared,1,8191,2.349377365,2.36234892,2.3829508,0.753258149,0.7803954035,0.831095104,3.027117932018932
1,ma_direct,2,float,prepared,2,8191,2.350140398,2.36234892,2.862898303,0.753570993,0.7865378155,0.925489867,3.0034778664751944
1,ma_direct,2,float,vienot,0,8191,5.187858625,5.2401263579999995,5.746398486,0.753593884,0.7809333414999999,0.829225675,6.710081487793667
1,ma_direct,2,float,vienot,1,8191,5.169545843,5.2305884505,5.71511415,0.753929618,0.7807196925,0.856908497,6.69970093075371
1,default,0,double,brettel,0,65536,10.054588318,10.717296600000001,16.128635406,4.801972389,4.890504837,5.543553352,2.191449953983555
1,default,0,double,brettel,1,65536,10.129356384,10.4333877565,11.001968384,4.807395935,4.9454698565,10.273882866,2.1096858456809806
1,default,0,double,brettel,2,65536,9.895038605,10.026550293,10.239696503,4.732606888,4.856600284500001,5.730400085,2.064520385793343
1,default,0,double,lookup,0,65536,9.541606903,9.903049468999999,10.551452637,7.957175255,8.391121863999999,9.021845818,1.180181819487874
1,default,0,double,lookup,1,65536,9.662342072,9.920978546,10.806179047,7.967723846,8.4693865775,9.045432091,1.171392810472997
1,default,0,double,lookup,2,65536,9.68132019,10.2110385895,11.935138702,7.920099258,8.399755000999999,8.939602852,1.2156352879678474
1,default,0,double,lookupApply,0,65536,12.536334991,13.132429123,21.492862701,12.856740952,13.2677021025,13.516866684,0.989804340008922
1,default,0,double,lookupApply,1,65536,12.480831146,13.0336761475,13.787460327,12.82546711,13.350445747,22.409142494,0.9762727323489419
1,default,0,double,lookupApply,2,65536,12.442684174,12.947130203,13.653850555,12.873579979,13.395947932999999,13.927042007,0.9664960081776396
1,default,0,double,prepared,0,65536,1.841640472,1.868104935,2.214431763,1.402378082,1.467178822,1.852493286,1.2732632907374397
1,default,0,double,prepared,1,65536,1.78604126,1.8154621125000001,1.891422272,1.438648224,1.4575414654999999,2.142058372,1.2455646411933934
1,default,0,double,prepared,2,65536,1.721191406,1.8112182615,1.990127563,1.433047295,1.4573149685,1.869701385,1.2428461249967597
1,default,0,double,vienot,0,65536,1.183319092,1.1986255645,1.529216766,1.424622536,1.4496860505,1.771064758,0.8268173402693578
1,default,0,double,vienot,1,65536,1.123428345,1.154851913,1.395702362,1.427335739,1.4489617345,2.048299789,0.7970202977089039
1,default,0,float,brettel,0,65536,8.211517334,8.5944652555,9.071922302,2.31825161,2.3628602025000003,6.877697945,3.6373143220266324
1,default,0,float,brettel,1,65536,8.227348328,8.423614502,8.794879913,2.317969322,2.361238003,2.619956017,3.56745677110805
1,default,0,float,brettel,2,65536,8.146190643,8.372116088999999,8.557891846,2.317427635,2.34804821,2.671149254,3.565563966422989
1,default,0,float,lookup,0,65536,7.935905457,8.081626892,8.599185944,5.774874687,6.123366833,6.417758942,1.3198011996352332
1,default,0,float,lookup,1,65536,7.885551453,8.226871490499999,8.529281616,5.892970085,6.0545191765,6.417900085,1.3587984860022846
1,default,0,float,lookup,2,65536,7.687091827,8.232831955,8.494281769,5.813215256,5.993051529000001,6.435389519,1.3737295458184937
1,default,0,float,lookupApply,0,65536,13.804912567,13.989639281999999,23.361206055,13.335282326,13.6549358365,22.780571938,1.0245115355727508
1,default,0,float,lookupApply,1,65536,13.718223572,13.917541503999999,14.279079437,13.327129364,13.5934081075,13.899959564,1.0238448955505988
1,default,0,float,lookupApply,2,65536,13.678836823,13.9426231385,14.382076263,13.431983948,13.607971668000001,13.715717316,1.024592310938371
1,default,0,float,prepared,0,65536,2.423286438,2.4656295774999997,2.839946747,0.843176842,0.848754883,1.117557526,2.904996044069887
1,default,0,float,prepared,1,65536,2.419376373,2.4549007415000004,2.73771286,0.838559151,0.8611521719999999,0.943991661,2.8507165415359372
1,default,0,float,prepared,2,65536,2.421951294,2.465581894,2.78339386,0.845444679,0.8639693260000001,1.135901451,2.8537840636254255
1,default,0,float,vienot,0,65536,5.285263062,5.463838577000001,5.776405334,0.844574928,0.8472146985,1.447283745,6.449178215007091
1,default,0,float,vienot,1,65536,5.329990387,5.4856300355,5.68189621,0.844769478,0.864548683,1.031648636,6.345079396182482
1,prepared,0,double,brettel,0,65536,3.732204437,3.9083003995,4.263401031,4.788247108,4.938488483,5.476358414,0.791396074518293
1,prepared,0,double,brettel,1,65536,3.899765015,4.077720642,5.208301544,4.808383942,4.8906006815000005,5.565633774,0.8337872804510629
1,prepared,0,double,brettel,2,65536,3.991317749,4.2074203489999995,4.651546478,4.795789719,4.9633874890000005,5.572256088,0.847691291144325
1,prepared,0,double,lookup,0,65536,9.691047668,10.1394176485,11.381149292,7.94178009,8.18764925,8.859761238,1.2383795811111475
1,prepared,0,double,lookup,1,65536,10.075378418,10.716485977,10.961341858,7.5250597,8.4949421885,8.93161869,1.2615137030017
1,prepared,0,double,lookup,2,65536,10.03446579,10.7588768005,11.153697968,7.778011322,8.0738716125,16.758687973,1.3325548530946496
1,prepared,0,double,lookupApply,0,65536,12.745666504,12.949275969999999,13.66071701,12.648010254,13.1499638555,13.647809029,0.9847385218921295
1,prepared,0,double,lookupApply,1,65536,13.303756714,13.7906074525,21.08335495,12.886375427,13.366159439,13.643939972,1.0317554205033301
1,prepared,0,double,lookupApply,2,65536,13.454723358,13.7642383575,14.047336578,12.798010826,13.254584788999999,13.571246147,1.038451115339574
1,prepared,0,double,prepared,0,65536,1.799106598,1.802825928,1.906585693,1.42066288,1.4574050905,1.898304939,1.2370108624922496
1,prepared,0,double,prepared,1,65536,1.844215393,1.8730640415,2.449131012,1.423006058,1.468171597,1.846302986,1.2757800554971503
1,prepared,0,double,prepared,2,65536,1.8450737,1.877450943,2.435016632,1.40515995,1.4636096955,1.807745934,1.282753830322655
1,prepared,0,double,vienot,0,65536,1.144313812,1.161956787,1.319503784,1.41804409,1.47538805,1.876196861,0.7875601181668782
1,prepared,0,double,vienot,1,65536,1.183128357,1.198720932,1.502609253,1.418642044,1.4659552575,1.883513451,0.8177063562255412
1,prepared,0,float,brettel,0,65536,8.131027222,8.3453655245,8.800792694,2.28435421,2.387260437,2.644903183,3.495791826964374
1,prepared,0,float,brettel,1,65536,8.023834229,8.620262146,9.414386749,2.31645298,2.361155033,2.698703766,3.650866641758546
1,prepared,0,float,brettel,2,65536,7.671546936,7.941913605,8.288288116,2.327222824,2.35742712,2.712910652,3.368890404976761
1,prepared,0,float,lookup,0,65536,7.861042023,8.1693172455,8.570098877,5.963518143,6.142560959,6.446440697,1.3299529789005062
1,prepared,0,float,lookup,1,65536,7.361221313,7.745504379,8.530521393,5.954748154,6.1165323255,6.536252975,1.2663228062588288
1,prepared,0,float,lookup,2,65536,7.197761536,7.7680587765,8.336544037,5.950406075,6.0675616265,6.58394146,1.2802603837714808
1,prepared,0,float,lookupApply,0,65536,13.483142853,13.827562332,14.193534851,13.127638817,13.5797634125,13.839941978,1.0182476610212445
1,prepared,0,float,lookupApply,1,65536,12.747001648,13.0017280575,13.861656189,13.274563789,13.55602026,13.762870789,0.9591109933543283
1,prepared,0,float,lookupApply,2,65536,13.043308258,13.29202652,13.673114777,13.336354256,13.630400181,22.789288521,0.9751750750890151
1,prepared,0,float,prepared,0,65536,2.422523499,2.445745468,2.859020233,0.836218834,0.8546352385,1.010280609,2.8617418962183363
1,prepared,0,float,prepared,1,65536,2.380561829,2.442216873,7.229137421,0.85256958,0.8677682879999999,0.988927841,2.8143652018313903
1,prepared,0,float,prepared,2,65536,2.360725403,2.433490753,2.616977692,0.830859184,0.8612599375000001,2.397236824,2.825500928400028
1,prepared,0,float,vienot,0,65536,5.330085754,5.4551124575,5.790805817,0.847338676,0.857755661,1.076691628,6.359751040453932
1,prepared,0,float,vienot,1,65536,5.337715149,5.454492568999999,11.863613129,0.850892067,0.8884882924999999,1.15721035,6.139070840936263
1,inline,0,double,brettel,0,65536,3.999710083,4.183673858500001,4.59394455,4.802128792,4.9588546755,5.457427979,0.8436774481757044
1,inline,0,double,brettel,1,65536,3.961849213,4.256057739,4.681015015,4.582651138,4.7368855475,9.76444912,0.8984928380307251
1,inline,0,double,brettel,2,65536,3.998565674,4.1726589205,4.486846924,4.582486153,4.6899189945,5.069862366,0.8897081005862563
1,inline,0,double,lookup,0,65536,10.273075104,10.658931732500001,11.054706573,7.553983688,7.9647750854999995,9.912900925,1.3382589738038877
1,inline,0,double,lookup,1,65536,10.183620453,10.623216629,11.01140976,6.981142998,7.619442463,8.53806591,1.3942249292630429
1,inline,0,double,lookup,2,65536,10.115432739,10.7430934905,20.116043091,7.588806152,7.709877968,8.140911102,1.3934193945856757
1,inline,0,double,lookupApply,0,65536,13.497447968,13.6879920955,14.091491699,12.806206703,13.2927298545,13.516937256,1.0297352195769023
1,inline,0,double,lookupApply,1,65536,13.537216187,13.7271404265,13.92621994,11.578787804,12.375395298,12.997022629,1.1092284404618942
1,inline,0,double,lookupApply,2,65536,13.415718079,13.761806488000001,13.936424255,12.235816956,12.571495056,13.140068054,1.0946833631718211
1,inline,0,double,prepared,0,65536,1.846694946,1.876974106,2.208042145,1.436133385,1.454720974,2.03649044,1.2902640022017033
1,inline,0,double,prepared,1,65536,1.846027374,1.879310608,2.350902557,1.369332314,1.414758682,4.582161903,1.3283612476887419
1,inline,0,double,prepared,2,65536,1.853942871,1.9276618955,2.379989624,1.375423431,1.4080634120000002,1.484251022,1.3690163944832334
1,inline,0,double,vienot,0,65536,1.173210144,1.1935234069999998,1.442050934,1.428685188,1.452139854,1.750559807,0.8219066529386776
1,inline,0,double,vienot,1,65536,1.181602478,1.19342804,1.543807983,1.367657661,1.395117283,1.536869049,0.8554320518728746
1,inline,0,float,brettel,0,65536,7.741928101,7.941293716500001,8.149528503,2.273715973,2.3572692870000003,2.734971046,3.3688530030468256
1,inline,0,float,brettel,1,65536,7.734775543,7.9476833345,8.498954773,2.317698479,2.368132591,2.717466354,3.3560972745803483
1,inline,0,float,brettel,2,65536,7.987308502,8.1787109375,9.447383881,2.318240166,2.347445011,2.593078613,3.484090532121095
1,inline,0,float,lookup,0,65536,7.369995117,7.8149795535,8.325386047,5.776254654,6.014236927000001,6.417629242,1.2994133168275828
1,inline,0,float,lookup,1,65536,7.270336151,7.8676700595,8.489513397,5.865816116,6.0781908035,6.495202065,1.294409852183246
1,inline,0,float,lookup,2,65536,7.949447632,8.194065093999999,13.021183014,5.922914505,6.1487140655,6.433883667,1.332646957837301
1,inline,0,float,lookupApply,0,65536,12.706851959,12.8949165345,14.02387619,13.388401985,13.704391003,14.039118767,0.9409332039400511
1,inline,0,float,lookupApply,1,65536,12.613296509,12.9964351655,13.637638092,13.319749832,13.659192562,14.09350872,0.9514790209236966
1,inline,0,float,lookupApply,2,65536,13.581752777,13.871574402,15.142822266,13.083855629,13.622640133,13.831873894,1.0182735700693561
1,inline,0,float,prepared,0,65536,2.312374115,2.4297237395,2.837562561,0.844902992,0.924619198,2.758369446,2.6278101782394527
1,inline,0,float,prepared,1,65536,2.313232422,2.4151802064999996,2.507781982,0.843456268,0.8486328125,1.125792503,2.8459660891323355
1,inline,0,float,prepared,2,65536,2.342700958,2.5255680084999996,2.790260315,0.843049049,0.847820759,1.02309227,2.9788938070812203
1,inline,0,float,vienot,0,65536,5.065822601,5.1700115205,13.286304474,0.844619751,0.8599915505,1.072262764,6.011700367863091
1,inline,0,float,vienot,1,65536,5.048274994,5.125570296999999,5.6432724,0.846255302,0.8491744995,1.141756058,6.035944673348024
1,bv_direct,0,double,brettel,0,65536,3.948307037,4.115533829,4.872894287,4.548984528,4.6718735695,5.156002045,0.8809172097181687
1,bv_direct,0,double,brettel,1,65536,4.014587402,4.1283130645,4.702091217,4.574749947,4.710471630500001,4.890022278,0.8764118305626636
1,bv_direct,0,double,brettel,2,65536,4.008674622,4.1811466215,4.60767746,4.532865524,4.644891739,4.787260056,0.9001601881037942
1,bv_direct,0,double,lookup,0,65536,10.457324982,10.6328487395,11.071968079,7.630410194,7.922252654999999,8.906629562,1.3421496640591553
1,bv_direct,0,double,lookup,1,65536,10.422134399,10.805654526000001,11.21006012,7.54673481,7.631222248,7.858752251,1.4159795344490145
1,bv_direct,0,double,lookup,2,65536,10.202789307,10.7006073,11.119747162,7.369854927,8.0074300765,9.783559799,1.3363347787954922
1,bv_direct,0,double,lookupApply,0,65536,13.465023041,13.7763023375,13.94777298,11.581555367,12.453161716499999,12.729207039,1.1062493727393652
1,bv_direct,0,double,lookupApply,1,65536,13.421058655,13.7369155885,14.200401306,11.570059776,12.4933867455,13.566411018,1.0995349674457093
1,bv_direct,0,double,lookupApply,2,65536,13.214588165,13.8171195985,20.762825012,12.12830925,12.7175850865,13.074497223,1.0864578066135513
1,bv_direct,0,double,prepared,0,65536,1.846122742,1.886177063,2.370643616,1.3638134,1.4502997400000002,4.551417351,1.3005429229408811
1,bv_direct,0,double,prepared,1,65536,1.850223541,1.875066757,2.571296692,1.363628387,1.42203331,1.531432152,1.3185814592486584
1,bv_direct,0,double,prepared,2,65536,1.850128174,1.9799232485,6.591796875,1.365956306,1.4198355675,1.858480453,1.3944736234394972
1,bv_direct,0,double,vienot,0,65536,1.176261902,1.217126846,1.703166962,1.356246948,1.408328533,2.934374809,0.8642350257629837
1,bv_direct,0,double,vienot,1,65536,1.176548004,1.206636429,1.585292816,1.388257027,1.4133481975,1.524216652,0.8537432114282653
1,bv_direct,0,float,brettel,0,65536,2.178668976,2.2274494175,2.455329895,2.228257179,2.384575367,2.568074226,0.9341073670077881
1,bv_direct,0,float,brettel,1,65536,2.210140228,2.3600101469999997,2.798271179,2.311947823,2.3843460085,2.569134712,0.9897934857553203
1,bv_direct,0,float,brettel,2,65536,2.282619476,2.3057460785,2.595710754,2.325146675,2.3617329600000003,2.964780807,0.9762941524515115
1,bv_direct,0,float,lookup,0,65536,7.567024231,7.958936691,8.598613739,5.80691433,6.145620345999999,6.379490852,1.2950583086669574
1,bv_direct,0,float,lookup,1,65536,7.698440552,8.183193206999999,15.119075775,5.947224617,6.180298328,6.48831749,1.3240773782595303
1,bv_direct,0,float,lookup,2,65536,7.690906525,8.184814453000001,8.642864227,5.689652443,5.824965000500001,5.954093933,1.405126803731428
1,bv_direct,0,float,lookupApply,0,65536,12.830162048,13.195514679,13.757038116,13.444775581,13.7129654885,13.859473228,0.9622655792480521
1,bv_direct,0,float,lookupApply,1,65536,13.543891907,13.7921333315,14.013290405,13.339889526,13.694077015000001,14.048294067,1.0071604910935283
1,bv_direct,0,float,lookupApply,2,65536,13.572502136,13.836908340499999,13.960933685,12.475622177,13.5034060475,14.343408585,1.0246976423449654
1,bv_direct,0,float,prepared,0,65536,2.313041687,2.3953437805,2.507019043,0.850326538,0.8783264159999999,1.019704819,2.7271680970369454
1,bv_direct,0,float,prepared,1,65536,2.425003052,2.4484157565,2.847862244,0.852241516,0.8806023599999999,1.084950447,2.78038745717193
1,bv_direct,0,float,prepared,2,65536,2.419376373,2.457857132,2.751255035,0.8519907,0.8646793365000001,1.050303459,2.842507075453861
1,bv_direct,0,float,vienot,0,65536,0.880622864,0.9145259855000001,1.389598846,0.847639084,0.909371376,1.029011726,1.0056683216956679
1,bv_direct,0,float,vienot,1,65536,0.88300705,0.927114487,1.136493683,0.85375309,0.8883042335,0.998497963,1.0436902719095282
1,bv_split,0,double,brettel,0,65536,3.987312317,4.092931747,4.798126221,4.588312149,4.7037796975,5.368069649,0.8701367857800274
1,bv_split,0,double,brettel,1,65536,3.955841064,4.0562152865000005,4.974842072,4.531407356,4.814005375,5.190297127,0.8425863642705219
1,bv_split,0,double,brettel,2,65536,4.013347626,4.1036605835,4.826927185,4.755339622,5.05486536,5.687409401,0.8118239144355766
1,bv_split,0,double,lookup,0,65536,10.264587402,10.849380493,11.173820496,7.233368874,7.7008686065,7.913428307,1.408851526676155
1,bv_split,0,double,lookup,1,65536,10.212135315,10.849189758000001,11.077213287,7.58357048,8.671812057499999,9.802977562,1.251086818540636
1,bv_split,0,double,lookup,2,65536,10.275173187,10.953617096,11.208629608,7.830554008,8.535459995,18.251654625,1.2833071799781777
1,bv_split,0,double,lookupApply,0,65536,13.554763794,13.802576065,13.963699341,11.760905266,12.5137786865,13.49575901,1.102990264634484
1,bv_split,0,double,lookupApply,1,65536,13.254928589,13.809394836500001,22.793865204,11.889643669,12.906187534499999,13.332069397,1.0699825025465968
1,bv_split,0,double,lookupApply,2,65536,13.421440125,13.819694518999999,14.015865326,12.941483498,13.3682584765,13.788965225,1.033769248499614
1,bv_split,0,double,prepared,0,65536,1.83839798,1.87163353,2.435016632,1.385326385,1.4112029074999999,1.51086998,1.3262681929387963
1,bv_split,0,double,prepared,1,65536,1.843166351,1.879024506,2.561187744,1.408758163,1.4551844594999999,1.645487785,1.2912620759059172
1,bv_split,0,double,prepared,2,65536,1.844787598,1.874065399,2.313041687,1.446474075,1.4724736215,2.026310921,1.2727327482382338
1,bv_split,0,double,vienot,0,65536,1.187896729,1.198720932,1.50718689,1.371156693,1.4143242835,1.431902885,0.8475573430964144
1,bv_split,0,double,vienot,1,65536,1.173305511,1.1989593505,1.573371887,1.372424126,1.416240215,1.576584816,0.8465790886329266
1,bv_split,0,float,brettel,0,65536,2.228164673,2.3678779605,2.8840065,2.283936501,2.3916473385,2.679706573,0.9900615037939048
1,bv_split,0,float,brettel,1,65536,2.20708847,2.2947788234999997,2.551078796,2.212738991,2.3553085324999996,3.056879044,0.9743007303863703
1,bv_split,0,float,brettel,2,65536,2.283859253,2.3128509525,2.648925781,2.212770462,2.264040947,5.770072937,1.021558799793209
1,bv_split,0,float,lookup,0,65536,7.748603821,8.271312713499999,15.295505524,5.74377346,6.0762782095,7.126633644,1.3612465440716912
1,bv_split,0,float,lookup,1,65536,7.892227173,8.201599121000001,8.574104309,5.658568382,5.805837631,6.118624687,1.4126470015640713
1,bv_split,0,float,lookup,2,65536,7.968139648,8.2458496095,13.50774765,5.691837311,5.794444084,6.203037262,1.4230613825869822
1,bv_split,0,float,lookupApply,0,65536,13.484477997,13.727998734,14.0625,12.895133972,13.676645278999999,13.923042297,1.0037548283188167
1,bv_split,0,float,lookupApply,1,65536,13.430023193,13.795614242500001,14.025020599,12.41523838,13.29803133,13.847052574,1.0374177876523323
1,bv_split,0,float,lookupApply,2,65536,13.386058807,13.7591838835,13.901519775,12.117874146,12.9511871335,13.294000626,1.062387852300428
1,bv_split,0,float,prepared,0,65536,2.420330048,2.4720191959999998,2.830886841,0.846562386,0.8742790225,1.146133423,2.827494578254049
1,bv_split,0,float,prepared,1,65536,2.419662476,2.455663681,2.793979645,0.806967735,0.835263729,0.86998558,2.9399860136869416
1,bv_split,0,float,prepared,2,65536,2.420902252,2.446269989,2.801799774,0.807705879,0.8267087934999999,2.330518723,2.959046774673022
1,bv_split,0,float,vienot,0,65536,0.924968719,0.927448273,0.957584381,0.843933105,0.8668842320000001,0.936226845,1.0698640473137593
1,bv_split,0,float,vienot,1,65536,0.922012329,0.9395599365,1.259422302,0.808704376,0.8476896285,1.162900925,1.1083772938953682
1,ma_fixed,0,double,brettel,0,65536,10.192680359,10.634422302499999,11.815547943,4.791394234,5.166357040499999,6.754678726,2.0583986393380975
1,ma_fixed,0,double,brettel,1,65536,10.457897186,11.159849167,12.076187134,4.790904999,4.9717645645,6.286686897,2.2446455422859155
1,ma_fixed,0,double,brettel,2,65536,9.781455994,9.9863529205,10.190010071,4.802026749,5.011211395,5.545861244,1.992802165652802
1,ma_fixed,0,double,lookup,0,65536,9.113025665,9.7000598905,10.703659058,7.991558075,8.711377144,16.003448486,1.1134932778316182
1,ma_fixed,0,double,lookup,1,65536,8.782577515,9.1242313385,9.977054596,7.55676651,8.3573760985,8.80889225,1.091757895176889
1,ma_fixed,0,double,lookup,2,65536,8.67805481,8.795785903999999,14.112663269,7.999051094,8.5316824915,8.88703537,1.03095560726306
1,ma_fixed,0,double,lookupApply,0,65536,12.174701691,12.892532348500001,13.525485992,13.009148598,13.447380066000001,20.394956589,0.9587393444093351
1,ma_fixed,0,double,lookupApply,1,65536,11.81344986,12.502479553499999,14.370536804,12.768371582,13.2675938605,13.533727646,0.9423320976625699
1,ma_fixed,0,double,lookupApply,2,65536,11.596012115,11.758995056,12.581062317,13.096182823,13.3773317335,13.665845871,0.8790239556183463
1,ma_fixed,0,double,prepared,0,65536,1.8450737,1.884269714,2.962779999,1.425731659,1.4759149555,3.173262596,1.2766790572710611
1,ma_fixed,0,double,prepared,1,65536,1.760673523,1.9814491269999999,3.036212921,1.424822807,1.4437851904999999,1.793156624,1.3723988443972062
1,ma_fixed,0,double,prepared,2,65536,1.758289337,1.8488407135,4.906749725,1.421378136,1.455546856,1.856635094,1.2702035017827005
1,ma_fixed,0,double,vienot,0,65536,1.174736023,1.1961460115,1.828193665,1.418858528,1.4714889525000001,2.532235146,0.8128814079560681
1,ma_fixed,0,double,vienot,1,65536,1.193714142,1.2251377104999999,1.853466034,1.418749809,1.4359383585,1.917708397,0.8531965897058386
1,ma_fixed,0,float,brettel,0,65536,8.903217316,9.299612045,9.889221191,2.21191597,2.262193203,2.681575775,4.110883205142404
1,ma_fixed,0,float,brettel,1,65536,9.035301208,9.356689453,10.078525543,2.162878036,2.317449093,2.464761734,4.0374951412147375
1,ma_fixed,0,float,brettel,2,65536,8.957576752,9.3085289,9.935760498,2.212512016,2.3210511205,3.327323914,4.010479914804617
1,ma_fixed,0,float,lookup,0,65536,6.890201569,7.1291923525000005,8.303356171,5.581093788,5.7968907355,6.487150192,1.2298303828362716
1,ma_fixed,0,float,lookup,1,65536,6.893825531,7.2588920595,8.273410797,5.566082954,5.9981832505,7.556553841,1.2101817761061082
1,ma_fixed,0,float,lookup,2,65536,6.967830658,7.285785675,13.557910919,5.953444481,6.3097767825,7.334309578,1.1546820000363458
1,ma_fixed,0,float,lookupApply,0,65536,12.603282928,13.158464431999999,13.775920868,12.058757782,12.7072014805,13.807489395,1.0355123787241818
1,ma_fixed,0,float,lookupApply,1,65536,12.635993958,12.903547286999999,13.555622101,12.202669144,12.949930668,13.488535881,0.9964182525614119
1,ma_fixed,0,float,lookupApply,2,65536,12.608146667,13.054561615,20.868396759,13.073177338,13.9613389965,14.383892059,0.9350508298862078
1,ma_fixed,0,float,prepared,0,65536,2.424812317,2.4932384494999997,3.537559509,0.789795876,0.8264021875,0.948558807,3.016979489178808
1,ma_fixed,0,float,prepared,1,65536,2.423667908,2.4656295775,4.163455963,0.808462143,0.8392295835,0.846978188,2.937967900532191
1,ma_fixed,0,float,prepared,2,65536,2.422142029,2.5175094605000004,4.098320007,0.79276371,0.8477044105,0.979153633,2.9697963456567393
1,ma_fixed,0,float,vienot,0,65536,5.323982239,5.412483215,5.777263641,0.80818367,0.8309721945,0.838983536,6.5134348066323895
1,ma_fixed,0,float,vienot,1,65536,5.308628082,5.43680191,5.951976776,0.805062294,0.8258972170000001,0.847072601,6.582903777964903
1,ma_bounded,0,double,brettel,0,65536,9.806632996,10.167169571,11.082363129,4.810109138,5.051795482499999,5.686153412,2.012585348361834
1,ma_bounded,0,double,brettel,1,65536,10.248374939,10.553646088,19.18592453,4.806894302,5.065903187,5.901935577,2.083270386035508
1,ma_bounded,0,double,brettel,2,65536,9.838294983,10.113954544,10.563087463,4.807130814,5.144742489,5.583130836,1.9658815899191644
1,ma_bounded,0,double,lookup,0,65536,8.123588562,8.435010909999999,8.793258667,8.013811111,8.3931279185,9.290522575,1.004990152885396
1,ma_bounded,0,double,lookup,1,65536,8.149147034,8.446645736499999,9.044075012,8.01752758,8.5413179395,15.132358551,0.9889159724915305
1,ma_bounded,0,double,lookup,2,65536,8.245849609,8.865737915499999,10.879707336,7.992596626,8.448796749,9.713651657,1.0493491770351024
1,ma_bounded,0,double,lookupApply,0,65536,11.198139191,11.5070819855,20.107078552,12.772022247,13.267355442,13.612477303,0.8673229594100144
1,ma_bounded,0,double,lookupApply,1,65536,10.978603363,11.183786392,12.071704865,12.90277195,13.4266176225,13.667247772,0.8329563488319264
1,ma_bounded,0,double,lookupApply,2,65536,11.0704422,11.640739441000001,12.432670593,12.594766617,13.391675949,23.071816444,0.8692518759662231
1,ma_bounded,0,double,prepared,0,65536,1.807117462,1.845693588,1.891899109,1.436229706,1.486591816,2.339822769,1.2415604392107054
1,ma_bounded,0,double,prepared,1,65536,1.759910583,1.8139839174999999,2.02999115,1.422607422,1.445280552,1.950416565,1.2551085081645794
1,ma_bounded,0,double,prepared,2,65536,1.802635193,1.8686771395,2.568435669,1.442046165,1.4672379494999999,2.222015381,1.2736019676541226
1,ma_bounded,0,double,vienot,0,65536,1.12285614,1.1754512785,1.258659363,1.427000999,1.4356341365,1.966889381,0.8187679915202406
1,ma_bounded,0,double,vienot,1,65536,1.127147675,1.193523407,1.626873016,1.427279472,1.452591896,1.882436752,0.821650878189947
1,ma_bounded,0,float,brettel,0,65536,8.890628815,9.207057953,9.506034851,2.267711639,2.348500252,2.930538177,3.920398963193298
1,ma_bounded,0,float,brettel,1,65536,9.030437469,9.3844890595,15.305614471,2.320521355,2.352469444,2.802128792,3.9892076317655243
1,ma_bounded,0,float,brettel,2,65536,8.950233459,9.276437759499998,9.678077698,2.319149017,2.3441762925000003,2.821453094,3.9572270179419524
1,ma_bounded,0,float,lookup,0,65536,6.160068512,6.3198566435,6.885719299,5.85000515,6.1906886100000005,12.131833076,1.0208648894553265
1,ma_bounded,0,float,lookup,1,65536,6.168460846,6.4261436465,6.831264496,5.951611519,6.1785693165,11.818977356,1.040069847454628
1,ma_bounded,0,float,lookup,2,65536,6.000041962,6.187391281,6.621170044,5.894961357,6.059151173,6.586839676,1.0211646985425034
1,ma_bounded,0,float,lookupApply,0,65536,11.691188812,12.093734740999999,17.138195038,13.479628563,13.644204139500001,14.127231598,0.8863642479511582
1,ma_bounded,0,float,lookupApply,1,65536,11.659908295,12.018537520999999,12.332057953,13.344427109,13.748232365,14.035999298,0.8741878375285955
1,ma_bounded,0,float,lookupApply,2,65536,11.022186279,11.948490142499999,13.506984711,13.195463181,13.597920418000001,13.916656494,0.8786998140306367
1,ma_bounded,0,float,prepared,0,65536,2.422809601,2.4483680725,2.844238281,0.822346687,0.8800067899999999,1.242990494,2.7822149787048804
1,ma_bounded,0,float,prepared,1,65536,2.423095703,2.4570941925,2.823352814,0.842573166,0.85204649,0.919504166,2.883756017233285
1,ma_bounded,0,float,prepared,2,65536,2.422523499,2.5869369505,2.864170074,0.823728561,0.8610596660000001,1.315647125,3.0043643346081432
1,ma_bounded,0,float,vienot,0,65536,5.368804932,5.474281311,5.779743195,0.820181847,0.870891571,1.140629768,6.285835680685444
1,ma_bounded,0,float,vienot,1,65536,5.335044861,5.4986953735,5.781078339,0.843710899,0.8534741404999999,1.076208115,6.442720537822787
1,ma_direct,0,double,brettel,0,65536,9.735012054,10.206556320499999,10.855102539,4.723946571,5.056713104,5.692587852,2.0184171240457225
1,ma_direct,0,double,brettel,1,65536,10.539245605,11.0538959505,18.626117706,4.574169159,4.803909302,5.402196884,2.301020950977979
1,ma_direct,0,double,brettel,2,65536,10.184192657,10.504627228,16.477298737,4.574923515,4.7941675185,5.092654228,2.1911264442604814
1,ma_direct,0,double,lookup,0,65536,10.609912872,11.145019530999999,11.867713928,7.864091873,8.597430706,10.860665321,1.2963197857729845
1,ma_direct,0,double,lookup,1,65536,10.593986511,11.1028671265,11.730384827,7.035123825,7.9744548795,8.885620117,1.392304213174776
1,ma_direct,0,double,lookup,2,65536,10.71023941,11.054801941000001,11.451721191,6.99120903,7.6750760074999995,8.962026596,1.4403508095812172
1,ma_direct,0,double,lookupApply,0,65536,11.642360687,12.536096573,14.85786438,12.760760307,13.445374012,13.756253242,0.9323724696547325
1,ma_direct,0,double,lookupApply,1,65536,12.344264984,12.559604644499998,12.953472137,11.607304573,13.0020074845,13.709734917,0.9659742666255653
1,ma_direct,0,double,lookupApply,2,65536,12.41312027,12.570714950500001,12.953472137,11.844565392,12.679324627,22.395947456,0.991434111855712
1,ma_direct,0,double,prepared,0,65536,1.797008514,1.875066757,2.31218338,1.429591179,1.4434452055,1.92881012,1.299021777796192
1,ma_direct,0,double,prepared,1,65536,1.84431076,2.008342743,2.623653412,1.330828667,1.3808050155,1.911211967,1.4544723697087412
1,ma_direct,0,double,prepared,2,65536,1.843643188,1.9305706025,2.508163452,1.366664886,1.4151449205,1.45452404,1.3642211299588238
1,ma_direct,0,double,vienot,0,65536,1.136779785,1.179790497,1.37720108,1.419182777,1.436116695,1.942397118,0.821514366560581
1,ma_direct,0,double,vienot,1,65536,1.188850403,1.1931419375,1.525878906,1.357908249,1.4518642425,1.686424255,0.8217999331986442
1,ma_direct,0,float,brettel,0,65536,8.873653412,9.470176697,11.087989807,2.282165527,2.3582916259999998,2.665106773,4.015693645600046
1,ma_direct,0,float,brettel,1,65536,8.789157867,9.1111183165,9.788990021,2.317886353,2.503394604,2.671504974,3.639505454690195
1,ma_direct,0,float,brettel,2,65536,8.689212799,8.767747879000002,16.663646698,2.318088531,2.421748638,2.582304955,3.6204202787291924
1,ma_direct,0,float,lookup,0,65536,10.181236267,10.7100486755,11.720275879,5.857303619,6.1997156145000005,6.506959915,1.7275064440780405
1,ma_direct,0,float,lookup,1,65536,10.183906555,10.4755401615,10.987472534,5.956059456,6.1629133225,6.459353447,1.6997708085971543
1,ma_direct,0,float,lookup,2,65536,10.179328918,10.5958461765,11.262702942,5.958251953,6.2257003785,13.960783958,1.7019524763979934
1,ma_direct,0,float,lookupApply,0,65536,11.804580688,12.9845619205,14.611148834,13.496805191,13.860050678,14.032013893,0.9368336539425747
1,ma_direct,0,float,lookupApply,1,65536,11.870574951,12.433481216,18.36605072,13.43594265,13.730672836,23.103591919,0.9055259974879792
1,ma_direct,0,float,lookupApply,2,65536,11.916732788,12.429428100500001,14.224433899,13.245897293,13.827252864999998,14.273849487,0.8989079914754277
1,ma_direct,0,float,prepared,0,65536,2.426528931,2.4895191189999997,2.796554565,0.843678474,0.8654985425,1.094005585,2.876398973254192
1,ma_direct,0,float,prepared,1,65536,2.365875244,2.4229049685,2.434635162,0.845524788,0.8641901015,1.104727745,2.80367128053711
1,ma_direct,0,float,prepared,2,65536,2.346038818,2.470493317,3.259849548,0.842066765,0.847639084,1.030771255,2.9145580514548333
1,ma_direct,0,float,vienot,0,65536,5.442047119,5.5950164795,6.876087189,0.82392025,0.8620238305,1.073581696,6.490558939948007
1,ma_direct,0,float,vienot,1,65536,5.103778839,5.332374573,5.800437927,0.843250275,0.8501114845,1.066141129,6.272559152798976
1,default,1,double,brettel,0,65536,9.920978546,10.321760178,10.902881622,4.811360359,5.0339393615,5.351456642,2.0504339517757617
1,default,1,double,brettel,1,65536,10.379123688,10.7122898105,11.205673218,4.586117744,4.794213772,5.560131073,2.2344205577698215
1,default,1,double,brettel,2,65536,10.366439819,10.5014324185,10.819625854,4.588603973,4.8674640655,5.401622772,2.157475078847092
1,default,1,double,lookup,0,65536,9.679222107,10.203790664500001,19.837188721,7.591616631,8.247817993,8.699296951,1.2371503194129712
1,default,1,double,lookup,1,65536,10.285758972,10.7728004455,11.206150055,7.133152008,7.943782806,8.778961182,1.356129782068465
1,default,1,double,lookup,2,65536,10.342693329,10.69984436,11.137199402,7.282148361,7.8151078225,9.061472893,1.3691230630490767
1,default,1,double,lookupApply,0,65536,12.750148773,13.6072158815,14.052963257,12.491607666,13.2629919055,21.18678093,1.025953719828273
1,default,1,double,lookupApply,1,65536,13.505554199,13.785171509000001,14.237880707,12.435988426,13.1413903235,21.546056747,1.0489888185079446
1,default,1,double,lookupApply,2,65536,13.467884064,13.8226032255,20.037078857,11.926382065,12.722637176500001,16.897774696,1.0864573935215056
1,default,1,double,prepared,0,65536,1.727676392,1.849889755,2.148628235,1.435176849,1.501966,1.804323196,1.231645559886176
1,default,1,double,prepared,1,65536,1.849079132,1.903486252,2.363109589,1.376831055,1.4351501464999998,1.73482132,1.326332479317348
1,default,1,double,prepared,2,65536,1.849651337,1.882505417,2.540206909,1.373120308,1.4744558335,1.75078392,1.276745884297795
1,default,1,double,vienot,0,65536,1.17559433,1.1919021605,1.583957672,1.423963547,1.482670784,1.737526894,0.8038886132796422
1,default,1,double,vienot,1,65536,1.186561584,1.1932373045,1.626205444,1.365953445,1.4320669175,1.666384697,0.8332273372972461
1,default,1,float,brettel,0,65536,8.176040649,8.3960056305,16.484737396,2.262456894,2.3399510385,2.652092934,3.5881116708673386
1,default,1,float,brettel,1,65536,8.047199249,8.4479808805,8.877086639,2.324934959,2.3578824994999996,3.601572037,3.582867629023683
1,default,1,float,brettel,2,65536,7.801055908,8.01615715,8.331203461,2.311317444,2.435887337,2.611968994,3.2908571050221767
1,default,1,float,lookup,0,65536,7.562446594,8.0211639405,17.586898804,5.972107887,6.261836052,9.16384697,1.2809603882775051
1,default,1,float,lookup,1,65536,7.63759613,7.8661441805,9.055423737,5.939040184,6.20704031,6.490618706,1.2672938772166602
1,default,1,float,lookup,2,65536,7.859516144,8.143091201499999,13.146781921,5.921327591,6.2246303560000005,6.607751846,1.3082047825780962
1,default,1,float,lookupApply,0,65536,12.735080719,13.3606910705,14.500141144,13.118088722,13.644834995499998,18.003848076,0.9791757155660946
1,default,1,float,lookupApply,1,65536,12.733650208,13.1138324735,15.861415863,13.229681969,13.8478603365,15.003400803,0.9469934094391999
1,default,1,float,lookupApply,2,65536,12.795639038,13.5376930235,14.844322205,13.565261841,13.746370792499999,14.002575874,0.9848194281858123
1,default,1,float,prepared,0,65536,2.309989929,2.4196624755,2.681732178,0.847602844,0.8597750665,0.978629112,2.814297099065736
1,default,1,float,prepared,1,65536,2.330207825,2.4391174314999997,2.698802948,0.852808952,0.9631333355,2.346351624,2.5324815802723295
1,default,1,float,prepared,2,65536,2.363681793,2.4085521695,2.5141716,0.852220535,0.8678913115,1.072865486,2.7751771881864267
1,default,1,float,vienot,0,65536,5.085849762,5.4040908815,5.865955353,0.849438667,0.870677948,1.032182693,6.2067620914409565
1,default,1,float,vienot,1,65536,5.177116394,5.3328037265,6.027603149,0.853633881,0.8830842975,1.560852051,6.03883880802444
1,prepared,1,double,brettel,0,65536,3.806209564,4.001379013,4.591655731,4.788259506,4.877182007,5.548662186,0.8204284784240163
1,prepared,1,double,brettel,1,65536,3.670883179,4.0052890775,4.908084869,4.79059124,5.046877384,5.649559975,0.7936172751487635
1,prepared,1,double,brettel,2,65536,4.007720947,4.0527820585,4.755496979,4.788105011,5.012661457,5.67686367,0.8085090312333854
1,prepared,1,double,lookup,0,65536,9.524726868,10.1528167725,10.82572937,8.013773918,8.5553159715,8.808635712,1.186726101797022
1,prepared,1,double,lookup,1,65536,9.784889221,10.942316055,19.700050354,8.010613441,8.492761135,8.967294693,1.2884285665241424
1,prepared,1,double,lookup,2,65536,9.935092926,10.1829528805,11.229324341,8.020602226,8.551607132000001,9.050271034,1.1907648145335776
1,prepared,1,double,lookupApply,0,65536,12.705802917,13.3061885835,13.855075836,13.088066101,13.335787296,22.727689743,0.9977805050543301
1,prepared,1,double,lookupApply,1,65536,12.830257416,13.3347034455,13.927841187,13.01967144,13.3473534585,13.618544579,0.9990522455976512
1,prepared,1,double,lookupApply,2,65536,13.067817688,13.713645935,23.755550385,12.618997574,13.419207573,13.697394371,1.0219415610346787
1,prepared,1,double,prepared,0,65536,1.783466339,1.8422603605,2.444648743,1.426078796,1.458532333,1.939813614,1.263091889578289
1,prepared,1,double,prepared,1,65536,1.826000214,1.862192154,2.468299866,1.424630165,1.4526615139999999,2.013314247,1.2819174570628846
1,prepared,1,double,prepared,2,65536,1.841449738,1.8831253055000001,2.522850037,1.41902256,1.4685082440000001,2.08155632,1.2823389403457786
1,prepared,1,double,vienot,0,65536,1.143550873,1.2063026424999999,1.485443115,1.412559509,1.4435606,1.778894424,0.8356439227421417
1,prepared,1,double,vienot,1,65536,1.155185699,1.201057434,1.533699036,1.419688225,1.451385021,2.007365227,0.8275250306582845
1,prepared,1,float,brettel,0,65536,8.140945435,8.367967605499999,8.749389648,2.21899128,2.308075428,2.687452316,3.625517391669922
1,prepared,1,float,brettel,1,65536,8.153820038,8.3548545835,8.697223663,2.270501137,2.319545746,2.685975075,3.601935679823406
1,prepared,1,float,brettel,2,65536,7.918739319,8.156013489,16.395759583,2.219104767,2.327014923,2.624604225,3.5049253051137392
1,prepared,1,float,lookup,0,65536,7.835102081,8.1525325775,8.501148224,5.743787766,5.9052963255,6.192638397,1.3805458910327801
1,prepared,1,float,lookup,1,65536,7.747650146,8.0236434935,8.276176453,5.673523903,5.8635668755,6.265790939,1.36838952532895
1,prepared,1,float,lookup,2,65536,7.257080078,8.045768737500001,8.330726624,5.944731712,5.9922709465,10.880222321,1.3426910781127848
1,prepared,1,float,lookupApply,0,65536,13.569545746,13.8153076175,14.161586761,12.550631523,13.453624248499999,13.960990906,1.0268837126947652
1,prepared,1,float,lookupApply,1,65536,13.555526733,13.805770874,23.089885712,12.682186127,13.4727315905,13.893196106,1.0247195070474673
1,prepared,1,float,lookupApply,2,65536,12.74471283,13.311290741,13.940906525,12.744839668,13.3708643915,13.792737007,0.9955445176350849
1,prepared,1,float,prepared,0,65536,2.422618866,2.455663681,2.716636658,0.811247826,0.8536524775000001,0.99158287,2.8766550156237316
1,prepared,1,float,prepared,1,65536,2.423191071,2.4765968325,2.856349945,0.82982254,0.8461155890000001,1.06378746,2.927019505014698
1,prepared,1,float,prepared,2,65536,2.376842499,2.442359924,2.811431885,0.811520576,0.8433375359999999,0.868441582,2.8960645290191374
1,prepared,1,float,vienot,0,65536,5.299854279,5.437326431,5.834579468,0.811997414,0.8537678715,0.970957756,6.368623852578411
1,prepared,1,float,vienot,1,65536,5.342292786,5.469226837,5.81703186,0.830812454,0.8485131265,1.453291893,6.445659667705801
1,inline,1,double,brettel,0,65536,3.955459595,4.2447566985,5.476665497,4.721823692,4.997108459,5.892278671,0.8494425793090435
1,inline,1,double,brettel,1,65536,3.842830658,3.9920806884999998,4.463481903,4.790328026,5.054803848500001,5.508185387,0.789759762821388
1,inline,1,double,brettel,2,65536,3.816413879,4.0354728699999995,5.491542816,4.682476044,4.7927451135000005,13.117968559,0.8419961367511598
1,inline,1,double,lookup,0,65536,9.677600861,10.1995944975,10.88514328,7.930421829,8.393700599999999,8.854730606,1.2151487149184237
1,inline,1,double,lookup,1,65536,9.885883331,10.166358948,10.745716095,7.751068115,8.032347679,9.364816666,1.265677153714252
1,inline,1,double,lookup,2,65536,9.565448761,10.3202819825,10.962200165,7.619454384,8.0615730285,8.968018532,1.280182161225211
1,inline,1,double,lookupApply,0,65536,12.721347809,13.77825737,22.690010071,12.609894753,13.311997890499999,13.752552986,1.0350255073156782
1,inline,1,double,lookupApply,1,65536,12.501907349,13.493013382000001,13.940906525,12.862255096,13.120045185,17.287921906,1.0284273561364263
1,inline,1,double,lookupApply,2,65536,12.642765045,13.232040405500001,13.799762726,11.572949409,12.802204132,13.867501259,1.0335751772951032
1,inline,1,double,prepared,0,65536,1.844215393,1.9673824309999999,2.382183075,1.405488014,1.443809509,1.877829552,1.3626329642077457
1,inline,1,double,prepared,1,65536,1.781082153,1.8610954285,2.495861053,1.430174828,1.490195751,2.118321419,1.248893259325902
1,inline,1,double,prepared,2,65536,1.763725281,1.846075058,2.349472046,1.391895294,1.4128146175,2.046807289,1.3066647493120236
1,inline,1,double,vienot,0,65536,1.188087463,1.1982917785,1.633548737,1.412936211,1.4379448890000002,2.116332054,0.8333363730882177
1,inline,1,double,vienot,1,65536,1.150131226,1.1778831479999998,1.697254181,1.412849426,1.4304766655,1.923642159,0.8234200364172244
1,inline,1,float,brettel,0,65536,8.123683929,8.347892761,8.717060089,2.280109406,2.3199796675,2.682174683,3.5982611735540133
1,inline,1,float,brettel,1,65536,7.735729218,8.084869385,8.550739288,2.328889847,2.3799500465000003,2.614557266,3.3970752440328575
1,inline,1,float,brettel,2,65536,7.737350464,8.205032348500001,8.5272789,2.310089111,2.3589849469999997,2.590689659,3.478204623109027
1,inline,1,float,lookup,0,65536,7.641124725,8.208656311,9.038925171,5.922264099,6.1600656505,14.398476601,1.3325598746392777
1,inline,1,float,lookup,1,65536,7.197284698,8.49237442,9.056282043,5.945649147,6.0187048915000005,6.427807808,1.4109969790998516
1,inline,1,float,lookup,2,65536,7.481193542,8.586072921500001,9.103679657,5.893753052,6.081911087,6.411308289,1.4117393034325365
1,inline,1,float,lookupApply,0,65536,13.044929504,13.6466503145,23.25963974,12.643202782,13.522428036,13.745360374,1.0091863885811994
1,inline,1,float,lookupApply,1,65536,12.652683258,13.5186195375,14.150428772,13.389504433,13.672530651,21.622442245,0.9887430412533948
1,inline,1,float,lookupApply,2,65536,13.046073914,13.6653900145,14.171886444,12.780612946,13.669107914,13.965768814,0.9997280071586682
1,inline,1,float,prepared,0,65536,2.423477173,2.4676322935000004,6.809139252,0.84224987,0.8462843895000001,1.000001907,2.915842858637534
1,inline,1,float,prepared,1,65536,2.366065979,2.424001694,2.77338028,0.849869728,0.865621567,0.873321533,2.8003018714065844
1,inline,1,float,prepared,2,65536,2.423381805,2.4628639225,2.751922607,0.843588829,0.8537492755,1.030246735,2.884762532955145
1,inline,1,float,vienot,0,65536,5.322265625,5.4160118100000005,5.753231049,0.84718132,0.8528637885,0.877552032,6.350383124514614
1,inline,1,float,vienot,1,65536,5.07068634,5.403661728,5.718040466,0.834147453,0.8685078625,1.088368416,6.22177640677375
1,bv_direct,1,double,brettel,0,65536,3.775596619,4.003381729,4.904747009,4.794597626,4.871128082,5.498771667,0.8218592616756407
1,bv_direct,1,double,brettel,1,65536,3.743934631,4.032087326,4.807567596,4.577372551,4.961357117,12.778903961,0.8126984675592341
1,bv_direct,1,double,brettel,2,65536,3.860569,4.0128707885,4.704856873,4.61458683,4.8021011355,5.563854218,0.8356489535038032
1,bv_direct,1,double,lookup,0,65536,9.967708588,10.639047622500001,11.340999603,7.143006325,8.319420814499999,15.781594276,1.2788207087634156
1,bv_direct,1,double,lookup,1,65536,9.742641449,10.437774657999999,11.154747009,7.601462364,8.240067005,8.993611336,1.2667099250123146
1,bv_direct,1,double,lookup,2,65536,10.104084015,10.7707977295,20.444583893,7.586055756,7.8845324515,8.912498474,1.366066763724322
1,bv_direct,1,double,lookupApply,0,65536,12.698936462,13.4428977965,14.057922363,12.609560013,13.287413597,13.655125618,1.0117016150934826
1,bv_direct,1,double,lookupApply,1,65536,12.700271606,13.1816864015,13.869762421,12.124847412,12.7393307685,13.588070869,1.0347236162588536
1,bv_direct,1,double,lookupApply,2,65536,13.308048248,13.680124283000001,14.064311981,12.225662231,13.0216870305,13.696909904,1.0505646657731658
1,bv_direct,1,double,prepared,0,65536,1.759243011,1.8473148350000002,2.284812927,1.431562424,1.4618229865,1.825094223,1.2637062435466089
1,bv_direct,1,double,prepared,1,65536,1.758098602,1.8654346465,2.466964722,1.384442329,1.440746307,1.993611336,1.2947696880683381
1,bv_direct,1,double,prepared,2,65536,1.801204681,1.8613815305,2.450084686,1.393670082,1.4219079015,1.968267441,1.309073202657071
1,bv_direct,1,double,vienot,0,65536,1.121234894,1.1912345885,1.624107361,1.424477577,1.451385498,1.936332703,0.8207568493288059
1,bv_direct,1,double,vienot,1,65536,1.13401413,1.1975288389999998,1.655960083,1.353639603,1.4289269450000002,1.800452232,0.8380616260266543
1,bv_direct,1,float,brettel,0,65536,2.204990387,2.31924057,2.932548523,2.228868484,2.3399963375,2.581227303,0.9911300000058225
1,bv_direct,1,float,brettel,1,65536,2.180194855,2.273082733,2.508544922,2.3203125,2.364469528,2.69466877,0.9613499798082406
1,bv_direct,1,float,brettel,2,65536,2.241706848,2.3439407350000003,2.64673233,2.319651604,2.372522354,2.68044281,0.9879530665109174
1,bv_direct,1,float,lookup,0,65536,7.625007629,7.877779007,8.374023438,5.912390709,6.015079975,6.329930305,1.3096715321727705
1,bv_direct,1,float,lookup,1,65536,7.639408112,8.0778598785,9.626579285,5.932469368,6.09625721,6.485753059,1.325052339532111
1,bv_direct,1,float,lookup,2,65536,7.385730743,8.059358596500001,8.46824646,5.93792057,6.1253495220000005,6.494547844,1.3157385660285592
1,bv_direct,1,float,lookupApply,0,65536,12.913322449,13.7589454655,14.113616943,13.393732071,13.5825948715,13.778133392,1.0129835716715687
1,bv_direct,1,float,lookupApply,1,65536,12.723636627,13.65275383,14.103507996,13.077338219,13.515338898,13.829982758,1.0101673315805892
1,bv_direct,1,float,lookupApply,2,65536,12.908935547,13.671541214,22.354793549,13.054282188,13.6149425505,13.936554909,1.0041570989587407
1,bv_direct,1,float,prepared,0,65536,2.366733551,2.4398326875,2.736091614,0.842157364,0.8461489680000001,1.089584351,2.88345525406349
1,bv_direct,1,float,prepared,1,65536,2.330493927,2.438211441,2.688789368,0.843468666,0.8744654655,1.059862137,2.7882306817066635
1,bv_direct,1,float,prepared,2,65536,2.378940582,2.4641990665,3.103637695,0.843442917,0.869729042,1.012226105,2.8332951384875105
1,bv_direct,1,float,vienot,0,65536,0.882530212,0.9231090545,1.033496857,0.847084999,0.8713941574999999,2.826144218,1.0593473074783613
1,bv_direct,1,float,vienot,1,65536,0.879573822,0.904083252,1.156234741,0.846488953,0.8868575095,1.036848068,1.0194233485260915
1,bv_split,1,double,brettel,0,65536,3.794288635,4.0932178495,4.833507538,4.509239197,4.8812036515,11.13932991,0.8385673169448993
1,bv_split,1,double,brettel,1,65536,3.992366791,4.018115997,4.905986786,4.673851967,4.751538277,5.840754509,0.845645296903077
1,bv_split,1,double,brettel,2,65536,3.977489471,4.25286293,10.370540619,4.555375099,4.8331193925000004,5.320976257,0.8799416245747129
1,bv_split,1,double,lookup,0,65536,9.965610504,10.5367183685,11.207485199,7.610420227,8.0477924345,9.833652496,1.3092681569830567
1,bv_split,1,double,lookup,1,65536,10.404872894,10.7057094575,18.90707016,7.623397827,7.8776659965,8.892438889,1.35899509604196
1,bv_split,1,double,lookup,2,65536,10.277175903,10.828590392999999,11.53345108,7.824040413,8.690709114,10.10412693,1.2459961840807734
1,bv_split,1,double,lookupApply,0,65536,12.477684021,13.1994724275,13.993549347,12.283448219,12.983344078,13.638462067,1.016646585671732
1,bv_split,1,double,lookupApply,1,65536,13.202476501,13.846683502000001,14.041900635,11.747479439,12.9535484315,13.713711739,1.0689490663676453
1,bv_split,1,double,lookupApply,2,65536,13.308525085,13.8187408445,14.047050476,11.64368248,13.0989174845,13.647735596,1.0549528891110103
1,bv_split,1,double,prepared,0,65536,1.784324646,1.848888397,2.332210541,1.396570206,1.434803009,2.065850258,1.2886008639531645
1,bv_split,1,double,prepared,1,65536,1.844215393,1.859474182,2.371120453,1.392623901,1.438627243,1.973461151,1.2925336921344537
1,bv_split,1,double,prepared,2,65536,1.846885681,1.885509491,2.445602417,1.362612724,1.448741913,1.694029808,1.3014805978074853
1,bv_split,1,double,vienot,0,65536,1.146030426,1.1711597440000001,1.672363281,1.390967369,1.432135582,2.060863495,0.8177715564921982
1,bv_split,1,double,vienot,1,65536,1.172065735,1.1903762814999999,1.35269165,1.385512352,1.43265295,1.879858017,0.8308894917642126
1,bv_split,1,float,brettel,0,65536,2.220439911,2.2852420804999998,2.544593811,2.279463768,2.3672714235,2.8076334,0.9653485687421849
1,bv_split,1,float,brettel,1,65536,2.137374878,2.2874832155,2.819633484,2.332701683,2.3563933375,2.76809597,0.9707561038713893
1,bv_split,1,float,brettel,2,65536,2.104473114,2.2900104519999998,2.597332001,2.335112572,2.3581237794999996,2.725353241,0.9711154570883288
1,bv_split,1,float,lookup,0,65536,7.624912262,8.275938034,9.607982635,5.779951096,6.0091238025,6.460197449,1.3772287451553133
1,bv_split,1,float,lookup,1,65536,7.196426392,7.877063751,8.436870575,5.781043053,6.046640872999999,6.473648071,1.302717313041257
1,bv_split,1,float,lookup,2,65536,7.737636566,8.0019950865,8.379745483,5.566608429,5.9744496345,15.943223,1.3393694107473522
1,bv_split,1,float,lookupApply,0,65536,12.972831726,13.686609268,14.251899719,13.55628109,13.726702213500001,13.930374146,0.9970792004607946
1,bv_split,1,float,lookupApply,1,65536,12.968063354,13.975048065,24.223518372,13.426502228,13.64536953,13.849413872,1.0241604695479434
1,bv_split,1,float,lookupApply,2,65536,12.865447998,13.666534424,14.548492432,12.921409607,13.4688267705,13.918860435,1.0146789068468107
1,bv_split,1,float,prepared,0,65536,2.379608154,2.484321594,2.621555328,0.850689888,0.8621139529999999,1.082250595,2.881662668090468
1,bv_split,1,float,prepared,1,65536,2.325344086,2.437496185,2.81457901,0.855631828,0.8605298994999999,1.096494675,2.8325525776806555
1,bv_split,1,float,prepared,2,65536,2.308940887,2.4327278134999997,2.861785889,0.85630703,0.8705034254999999,0.973132133,2.794621758211565
1,bv_split,1,float,vienot,0,65536,0.882530212,0.9236335755,0.949573517,0.847729683,0.8604912760000001,1.04080677,1.0733793604433939
1,bv_split,1,float,vienot,1,65536,0.880241394,0.947904587,1.469039917,0.859082222,0.8659014700000001,1.183947563,1.0947025958969674
1,ma_fixed,1,double,brettel,0,65536,10.038280487,10.603809357,11.618041992,4.574053764,4.7403607365,5.466407776,2.2369203413892973
1,ma_fixed,1,double,brettel,1,65536,10.415935516,10.9152317045,11.259651184,4.593517303,4.8827643394999996,5.511445999,2.2354615020428636
1,ma_fixed,1,double,brettel,2,65536,10.010147095,10.471773147499999,10.764217377,4.703048706,4.8594346045000005,5.572382927,2.154936530641401
1,ma_fixed,1,double,lookup,0,65536,9.01966095,9.4383716585,9.794712067,7.792111397,8.082911491499999,8.660326958,1.167694545266938
1,ma_fixed,1,double,lookup,1,65536,9.129619598,9.577226639,9.879493713,7.424155235,7.976308346,8.899573326,1.2007091781754946
1,ma_fixed,1,double,lookup,2,65536,8.895587921,9.154939651500001,10.074996948,7.424121857,7.886498451,8.891159058,1.1608370569500543
1,ma_fixed,1,double,lookupApply,0,65536,12.15133667,12.4352931975,12.660884857,12.425673485,13.3311448095,14.8864851,0.9328000989561226
1,ma_fixed,1,double,lookupApply,1,65536,12.171173096,12.509965897,12.631988525,11.571195602,12.8902716635,22.751072884,0.9704966833571964
1,ma_fixed,1,double,lookupApply,2,65536,12.133216858,12.410354614,12.686347961,11.905296326,12.988490581499999,13.512885094,0.9554885947776364
1,ma_fixed,1,double,prepared,0,65536,1.847267151,2.136039734,5.073833466,1.395359039,1.457779884,2.088404655,1.465269041948174
1,ma_fixed,1,double,prepared,1,65536,1.846313477,1.8848419189999999,3.190326691,1.348610878,1.4262776375000001,1.768427849,1.3215112327665586
1,ma_fixed,1,double,prepared,2,65536,1.846408844,1.8760204315000002,2.568340302,1.379912376,1.434244633,1.980528831,1.3080198372964733
1,ma_fixed,1,double,vienot,0,65536,1.174640656,1.2001514435,1.647758484,1.359101295,1.4562654495,1.760767937,0.8241295870282885
1,ma_fixed,1,double,vienot,1,65536,1.187896729,1.1969089505000001,1.429653168,1.372677803,1.4251070019999998,1.940979958,0.8398730402841711
1,ma_fixed,1,float,brettel,0,65536,8.626747131,9.138202667000002,16.00894928,2.279791832,2.319966793,2.833897591,3.9389368393429423
1,ma_fixed,1,float,brettel,1,65536,8.762645721,9.106588364,9.58032608,2.19114399,2.3209095,2.585237503,3.9237154072573706
1,ma_fixed,1,float,brettel,2,65536,8.90083313,9.045267105,9.565830231,2.240632057,2.3211236,2.662036896,3.8969347022278353
1,ma_fixed,1,float,lookup,0,65536,6.807136536,7.1310520175,7.436943054,5.654718399,5.919143676999999,6.628918648,1.2047438627329
1,ma_fixed,1,float,lookup,1,65536,6.808376312,7.0120334625,7.404232025,5.678290367,5.9343714715,6.535578728,1.1815966520086423
1,ma_fixed,1,float,lookup,2,65536,6.918811798,7.219171524,7.591533661,5.586093903,5.8930482865,6.594549179,1.2250317956053287
1,ma_fixed,1,float,lookupApply,0,65536,11.946201324,12.9014492035,22.133731842,12.232447624,13.396830082,21.381724358,0.9630225302950141
1,ma_fixed,1,float,lookupApply,1,65536,11.973762512,12.743520736499999,13.007164001,12.985384941,13.5062913895,13.984447479,0.9435247892257833
1,ma_fixed,1,float,lookupApply,2,65536,12.689876556,12.9995822905,13.268661499,12.440862656,13.308212757,14.142544746,0.9768090222079097
1,ma_fixed,1,float,prepared,0,65536,2.379322052,2.5089740755000003,2.789878845,0.813653946,0.8475279805,1.190915108,2.960343650270789
1,ma_fixed,1,float,prepared,1,65536,2.327442169,2.4560451505,2.880001068,0.829450607,0.889059067,1.117418289,2.76252190845718
1,ma_fixed,1,float,prepared,2,65536,2.427101135,2.468967438,2.64673233,0.830748558,0.8460741045,1.152581215,2.91814561498614
1,ma_fixed,1,float,vienot,0,65536,5.138874054,5.3467273715,5.732727051,0.818147659,0.8520493505,1.065834999,6.27513813414966
1,ma_fixed,1,float,vienot,1,65536,5.162906647,5.3471565245,5.866909027,0.831137657,0.849345684,1.147279739,6.29561864530532
1,ma_bounded,1,double,brettel,0,65536,10.239124298,10.692453384,11.426830292,4.683069229,4.767374992500001,5.370998383,2.242838753154784
1,ma_bounded,1,double,brettel,1,65536,10.405540466,10.9949111935,16.112232208,4.684045792,4.8277335165,5.439527512,2.277447824309712
1,ma_bounded,1,double,brettel,2,65536,9.872341156,10.345840454,10.925960541,4.795077324,5.0273156165,5.529844284,2.0579253906486854
1,ma_bounded,1,double,lookup,0,65536,8.674049377,9.097480774000001,13.608932495,7.777841568,8.0783600805,8.863777161,1.126154403040292
1,ma_bounded,1,double,lookup,1,65536,8.260631561,8.842134476,9.798812866,7.757479668,8.544196129,8.952236176,1.034870260759671
1,ma_bounded,1,double,lookup,2,65536,8.138179779,8.713150024499999,9.729671478,7.836716652,8.463430881499999,17.787754059,1.0295056634237842
1,ma_bounded,1,double,lookupApply,0,65536,11.703491211,12.162590027,12.58020401,12.084643364,13.1117811205,13.445393562,0.9276077685573961
1,ma_bounded,1,double,lookupApply,1,65536,11.004924774,11.896944046,19.56577301,12.624536514,13.4040703775,13.797013283,0.887562039809202
1,ma_bounded,1,double,lookupApply,2,65536,11.260223389,11.83013916,17.178153992,12.736494064,13.266516685500001,13.556014061,0.891729113259253
1,ma_bounded,1,double,prepared,0,65536,1.848506927,1.9141197205,2.544879913,1.393187523,1.433347702,1.652425766,1.335418976030144
1,ma_bounded,1,double,prepared,1,65536,1.763725281,1.9361495975,8.029937744,1.432190895,1.4466948510000002,1.707717896,1.3383261827203392
1,ma_bounded,1,double,prepared,2,65536,1.802825928,1.8997192379999999,3.688430786,1.428174973,1.481675625,1.880651474,1.2821424648866717
1,ma_bounded,1,double,vienot,0,65536,1.174354553,1.1947155,1.882171631,1.385137558,1.4234380725,1.972945213,0.8393168084240631
1,ma_bounded,1,double,vienot,1,65536,1.179885864,1.20677948,5.031299591,1.390011787,1.426621437,1.881495476,0.8459002848980741
1,ma_bounded,1,float,brettel,0,65536,8.827114105,8.917617798,13.589000702,2.176224709,2.3434858325,2.750351906,3.805279159075096
1,ma_bounded,1,float,brettel,1,65536,9.035110474,9.462690353500001,10.429859161,2.209609985,2.3559894559999996,2.905420303,4.016440026673872
1,ma_bounded,1,float,brettel,2,65536,8.952045441,9.294605255,9.662342072,2.219367027,2.317547798,2.658193588,4.010534437745392
1,ma_bounded,1,float,lookup,0,65536,6.235790253,6.445455551,6.906890869,5.510181427,5.6762127875,7.968448639,1.1355204239689545
1,ma_bounded,1,float,lookup,1,65536,6.152915955,6.4196109775,7.104873657,5.516318321,6.0142707825,12.326345444,1.0673963992741127
1,ma_bounded,1,float,lookup,2,65536,6.085681915,6.34226799,6.912136078,5.512511253,5.94876194,6.239965439,1.0661492347431203
1,ma_bounded,1,float,lookupApply,0,65536,11.693477631,12.153339385999999,12.783908844,12.010626793,13.041700363,15.087638855,0.9318830403802001
1,ma_bounded,1,float,lookupApply,1,65536,11.921310425,12.1875286105,18.747615814,11.688030243,13.349837303000001,13.810583115,0.9129346173950146
1,ma_bounded,1,float,lookupApply,2,65536,11.631965637,12.208652496500001,12.408638,12.433216095,13.530274390999999,22.746148109,0.9023211313896851
1,ma_bounded,1,float,prepared,0,65536,2.422523499,2.4380683894999997,2.762031555,0.804319382,0.8550786975,1.159826279,2.8512795332502128
1,ma_bounded,1,float,prepared,1,65536,2.424144745,2.468585968,2.952003479,0.795312881,0.8396205905,1.087771416,2.9401208068634186
1,ma_bounded,1,float,prepared,2,65536,2.424049377,2.4793148040000004,3.078365326,0.829995155,0.8386673925,0.879601479,2.956255156897614
1,ma_bounded,1,float,vienot,0,65536,5.041694641,5.3912639615,5.676460266,0.808547974,0.8627123835,1.092734337,6.249202010556279
1,ma_bounded,1,float,vienot,1,65536,5.312824249,5.525732040499999,5.872440338,0.808294296,0.8327775,0.935503006,6.635304196499065
1,ma_direct,1,double,brettel,0,65536,9.760284424,10.2712631225,10.802841187,4.803330421,5.0283627509999995,5.676958084,2.042665501898672
1,ma_direct,1,double,brettel,1,65536,10.124015808,10.324430465999999,10.95533371,4.803563118,4.934319496500001,5.706893921,2.092371698533769
1,ma_direct,1,double,brettel,2,65536,9.796714783,10.274410247999999,10.85395813,4.801494598,5.1447901725000005,5.522844315,1.9970513672100585
1,ma_direct,1,double,lookup,0,65536,9.802722931,10.828447342,11.943435669,7.958163261,8.5721235275,9.258277893,1.2632164372411978
1,ma_direct,1,double,lookup,1,65536,10.467529297,10.75963974,15.30122757,7.990412712,8.446724414999998,9.131621361,1.2738239359262915
1,ma_direct,1,double,lookup,2,65536,10.151004791,10.667181015,11.456298828,7.381620407,8.2016067505,8.975214005,1.3006208831397201
1,ma_direct,1,double,lookupApply,0,65536,11.373996735,12.0627880095,12.795448303,12.894524574,13.419518471,22.096319199,0.8988987224517827
1,ma_direct,1,double,lookupApply,1,65536,11.686515808,12.283706665,13.410377502,13.038928032,13.4004392625,13.862092972,0.9166644782589267
1,ma_direct,1,double,lookupApply,2,65536,11.51342392,12.065029144,21.984672546,12.949227333,13.468184471,13.876523018,0.8958170397783527
1,ma_direct,1,double,prepared,0,65536,1.802253723,1.8547058105,2.308654785,1.435241699,1.4852209090000001,1.879024506,1.248774373738634
1,ma_direct,1,double,prepared,1,65536,1.759147644,1.8144130705000001,1.985740662,1.440485954,1.463950157,2.020154953,1.2393953863963418
1,ma_direct,1,double,prepared,2,65536,1.766681671,1.881504059,2.594280243,1.439662933,1.4832720755,1.94802475,1.2684820877287528
1,ma_direct,1,double,vienot,0,65536,1.166248322,1.1736392974999998,1.424598694,1.432414055,1.4801540375,1.84770298,0.7929169990187591
1,ma_direct,1,double,vienot,1,65536,1.125526428,1.163291931,1.811504364,1.432823181,1.503228188,1.910333633,0.7738625048986908
1,ma_direct,1,float,brettel,0,65536,8.869361877,9.3116283415,17.508888245,2.263111115,2.2974171635,2.653313637,4.0530855647105035
1,ma_direct,1,float,brettel,1,65536,9.053897858,9.309911728,9.633731842,2.32545948,2.4583787915,2.632912636,3.7870127094285095
1,ma_direct,1,float,brettel,2,65536,8.905601501,9.187078476,15.496826172,2.320425987,2.363260746,2.687316895,3.887458669784887
1,ma_direct,1,float,lookup,0,65536,10.697078705,10.9855651855,11.278533936,5.940629005,6.102816582,6.524992943,1.8000811654575137
1,ma_direct,1,float,lookup,1,65536,10.685062408,10.9394550325,11.601543427,5.950787544,6.1057248115,6.395061493,1.791671811329553
1,ma_direct,1,float,lookup,2,65536,10.208415985,10.9302520755,20.268058777,5.961384773,6.2183690075,13.73737812,1.7577361623790706
1,ma_direct,1,float,lookupApply,0,65536,12.622261047,12.90102005,13.401412964,13.234327316,13.369585514,13.939447403,0.9649528802886715
1,ma_direct,1,float,lookupApply,1,65536,12.697315216,12.827205658,13.30537796,13.265117645,13.700723648,14.055591583,0.9362429304872875
1,ma_direct,1,float,lookupApply,2,65536,12.063407898,12.543582916,13.244724274,13.464710236,13.685734749,13.9728508,0.916544354106859
1,ma_direct,1,float,prepared,0,65536,2.426147461,2.4658679965,2.785873413,0.825957298,0.8432073595,1.025617599,2.9243909801287735
1,ma_direct,1,float,prepared,1,65536,2.431774139,2.488040924,2.687740326,0.832491875,0.858775139,1.065524101,2.897197195178702
1,ma_direct,1,float,prepared,2,65536,2.381706238,2.4716854095,2.690696716,0.8475914,0.8622870444999999,1.100310326,2.8664299495920353
1,ma_direct,1,float,vienot,0,65536,5.307102203,5.511188507,5.940914154,0.824879646,0.8358926775,0.89515686,6.5931771570041064
1,ma_direct,1,float,vienot,1,65536,5.282878876,5.577278137,5.826187134,0.844403267,0.8541231155,1.067926407,6.529829290166308
1,default,2,double,brettel,0,65536,9.952163696,10.354042053,10.700035095,4.828145027,5.0867748265,6.140462875,2.0354826793314515
1,default,2,double,brettel,1,65536,10.592746735,11.137628555,11.364173889,4.802072525,4.929169655,10.996736526,2.2595344316668684
1,default,2,double,brettel,2,65536,10.045719147,10.610961914,10.999774933,4.583348274,4.8368363379999995,5.505227089,2.1937814663349897
1,default,2,double,lookup,0,65536,10.373497009,10.660886764499999,11.156463623,7.687848091,8.4898343085,8.91550827,1.2557237723504622
1,default,2,double,lookup,1,65536,10.144519806,10.894393920999999,11.179637909,7.617807388,7.952817917,8.759569168,1.3698784549954381
1,default,2,double,lookup,2,65536,10.221195221,10.9291553495,23.373699188,7.593717575,8.079976082,8.978435516,1.3526222402869732
1,default,2,double,lookupApply,0,65536,12.973117828,13.9303207395,22.84040451,12.974992752,13.3625941275,13.742437363,1.0424862572778162
1,default,2,double,lookupApply,1,65536,13.603591919,13.932847977,14.125919342,12.386925697,13.2125263215,21.655493736,1.0545180866983674
1,default,2,double,lookupApply,2,65536,13.569068909,13.892889023,14.224147797,12.187098503,13.078858375500001,13.601424217,1.0622401913170711
1,default,2,double,prepared,0,65536,1.80311203,1.9336700435,4.971218109,1.471561432,1.502686977,1.783089638,1.2868082794997164
1,default,2,double,prepared,1,65536,1.847076416,1.903295517,2.471065521,1.439005852,1.4625825885000001,2.10411644,1.3013251572699136
1,default,2,double,prepared,2,65536,1.847362518,1.918888092,2.375221252,1.404417992,1.4371628765,1.718605995,1.3351918028060754
1,default,2,double,vienot,0,65536,1.119709015,1.202726364,1.689338684,1.448547363,1.4844603539999999,2.25060463,0.8102111725376535
1,default,2,double,vienot,1,65536,1.178455353,1.2210369110000001,1.70841217,1.431370735,1.452659607,1.856723785,0.8405526698175756
1,default,2,float,brettel,0,65536,8.275127411,8.554267883,8.905220032,2.215755463,2.3364896775,3.209321022,3.661162283478567
1,default,2,float,brettel,1,65536,7.992935181,8.1715106965,8.974742889,2.219615936,2.320227623,2.653323174,3.521857345157553
1,default,2,float,brettel,2,65536,7.921981812,8.320951462,8.657836914,2.271035194,2.3522901535000003,2.530370712,3.5373831113560366
1,default,2,float,lookup,0,65536,7.528686523,8.008623123,9.728336334,5.626704216,5.855772495,6.427616119,1.367645879316218
1,default,2,float,lookup,1,65536,7.186603546,7.760381699,8.514213562,5.675271988,5.8694868085,6.382543564,1.322156766373794
1,default,2,float,lookup,2,65536,7.315063477,8.0770015715,9.634971619,5.966491699,6.1336774824999996,6.818388939,1.3168285412046037
1,default,2,float,lookupApply,0,65536,13.497638702,13.934135437,19.777679443,12.120789528,13.519867897000001,19.193725586,1.0306413896316193
1,default,2,float,lookupApply,1,65536,12.87279129,13.3907318115,13.866996765,11.844511032,13.545089245,13.995599747,0.988604177447042
1,default,2,float,lookupApply,2,65536,12.798690796,13.6655807495,15.026760101,12.981189728,13.640571594,13.8416605,1.001833438967543
1,default,2,float,prepared,0,65536,2.419185638,2.565860748,3.139686584,0.792866707,0.842177391,0.866052628,3.046698682985661
1,default,2,float,prepared,1,65536,2.363681793,2.4317264554999998,2.626991272,0.811475754,0.834338188,1.023276329,2.914557298796444
1,default,2,float,prepared,2,65536,2.418041229,2.499294281,2.798843384,0.830339432,0.865791321,1.070521355,2.8867167184273494
1,default,2,float,vienot,0,65536,5.296516418,5.5416584015,5.93957901,0.847262383,0.8918776509999999,1.363574028,6.213473782291245
1,default,2,float,vienot,1,65536,5.069732666,5.216789245499999,5.787944794,0.812491417,0.8472213745,0.888277054,6.157527893555287
1,prepared,2,double,brettel,0,65536,3.758525848,3.9413928985,4.829978943,4.575130463,4.798956871,5.588299751,0.8213020046747572
1,prepared,2,double,brettel,1,65536,3.793907166,4.0158748625000005,4.756832123,4.577331543,4.777954578,5.440587997,0.840500845485434
1,prepared,2,double,brettel,2,65536,3.942775726,4.11157608,4.729747772,4.558632851,4.8832106589999995,5.494438171,0.8419821234666911
1,prepared,2,double,lookup,0,65536,9.728050232,10.470485687,10.988044739,7.604272842,7.911606312,8.787086487,1.3234336080548899
1,prepared,2,double,lookup,1,65536,10.144233704,10.777759552,11.014175415,7.10628891,7.9543423650000005,8.731204033,1.3549529373318594
1,prepared,2,double,lookup,2,65536,10.17408371,10.677957535000001,10.995388031,7.791790962,8.466038703999999,12.530501366,1.2612696336900662
1,prepared,2,double,lookupApply,0,65536,12.324428558,13.4875774385,14.059448242,11.892410278,12.936796665500001,13.451939583,1.0425747414326165
1,prepared,2,double,lookupApply,1,65536,13.301372528,13.638210296499999,22.554588318,11.790262222,12.9539327625,13.302757263,1.0528239220123865
1,prepared,2,double,lookupApply,2,65536,13.407039642,13.7266635895,13.993358612,12.594919205,12.989095210999999,14.210659027,1.0567836609493308
1,prepared,2,double,prepared,0,65536,1.763725281,1.839590073,2.272891998,1.398673058,1.4341273305,1.891209602,1.2827243675487574
1,prepared,2,double,prepared,1,65536,1.819324493,1.8693923950000002,5.425930023,1.398564339,1.427048206,1.923348427,1.3099714411469574
1,prepared,2,double,prepared,2,65536,1.839351654,1.8929481505,2.541065216,1.366267204,1.4327068325,1.927400589,1.3212390054683432
1,prepared,2,double,vienot,0,65536,1.131820679,1.1864185335,1.643657684,1.359113693,1.429111004,1.637591362,0.8301794123614488
1,prepared,2,double,vienot,1,65536,1.12323761,1.2120723725,1.589679718,1.39120388,1.4360556605,1.843061447,0.8440288255108339
1,prepared,2,float,brettel,0,65536,7.802200317,8.232069015499999,8.613395691,2.284743309,2.3662338255,2.678004265,3.4789752926300554
1,prepared,2,float,brettel,1,65536,7.746696472,8.141183853000001,9.825897217,2.318196297,2.3625116349999997,2.659600258,3.4459867762725334
1,prepared,2,float,brettel,2,65536,7.968330383,8.2847595215,12.407112122,2.317965508,2.349308968,2.748102188,3.526466562868882
1,prepared,2,float,lookup,0,65536,7.653236389,7.893848419,8.368110657,5.955115318,6.0870046615,6.448159218,1.296836269721986
1,prepared,2,float,lookup,1,65536,7.944202423,8.0542087555,8.478736877,5.923530579,6.0650196075,11.681328773,1.3279773647458895
1,prepared,2,float,lookup,2,65536,7.695579529,7.859325409,8.626270294,5.667427063,5.993159771,6.455249786,1.311382594375357
1,prepared,2,float,lookupApply,0,65536,13.049221039,13.408946990499999,13.93404007,13.398394585,13.677062988500001,13.872289658,0.9803966686250227
1,prepared,2,float,lookupApply,1,65536,13.46616745,13.898563385,19.972896576,13.042996407,13.6109261515,13.957201958,1.0211328186119282
1,prepared,2,float,lookupApply,2,65536,13.001060486,13.718032836999999,14.141845703,12.751278877,13.500618935,22.066572189,1.016103995161019
1,prepared,2,float,prepared,0,65536,2.366256714,2.4403095245,2.770900726,0.824489594,0.846953869,1.09178257,2.881277970170061
1,prepared,2,float,prepared,1,65536,2.422332764,2.4706840515,2.766036987,0.845541,0.8479161265,1.032455444,2.9138307130664063
1,prepared,2,float,prepared,2,65536,2.366733551,2.4289608,2.728271484,0.837388039,0.846786499,0.883909225,2.868445355315
1,prepared,2,float,vienot,0,65536,5.201911926,5.3634643555,5.843544006,0.847517014,0.862737179,1.001893997,6.216799838992449
1,prepared,2,float,vienot,1,65536,5.333042145,5.5424690245,13.708305359,0.844554901,0.850570202,0.89399147,6.516180570948334
1,inline,2,double,brettel,0,65536,3.842544556,3.9811611175,4.700756073,4.803056717,4.8162322045,5.801843643,0.826613200621897
1,inline,2,double,brettel,1,65536,4.009532928,4.3385505675000005,11.701965332,4.702618599,4.9083185195,5.35893631,0.8839178937274754
1,inline,2,double,brettel,2,65536,3.934574127,4.0678977965000005,4.657554626,4.70290184,4.90255785,5.278608322,0.829750085763904
1,inline,2,double,lookup,0,65536,10.384750366,10.8521938325,20.223903656,7.76625061,8.1459379195,8.94953537,1.3322215243651292
1,inline,2,double,lookup,1,65536,9.661769867,10.459661484,11.096858978,7.767057419,8.163925648,9.327228546,1.281204892717563
1,inline,2,double,lookup,2,65536,9.782409668,10.3878498075,11.221504211,7.558404922,8.0786767005,8.40610981,1.285835563497309
1,inline,2,double,lookupApply,0,65536,13.110733032,13.6408805845,14.05210495,12.729346275,13.321068763500001,13.825725555,1.024007970131968
1,inline,2,double,lookupApply,1,65536,13.001251221,13.863611221500001,20.393753052,12.130194664,12.956910133000001,15.009806633,1.0699781876383259
1,inline,2,double,lookupApply,2,65536,13.005924225,13.7523174285,14.191055298,11.844273567,13.163890362,22.809275627,1.0447000886758069
1,inline,2,double,prepared,0,65536,1.800441742,1.863527298,2.337551117,1.426358223,1.4495720859999999,2.034344673,1.285570628737949
1,inline,2,double,prepared,1,65536,1.844596863,1.8629074095,2.520942688,1.397227287,1.418035507,1.470088005,1.3137240924532083
1,inline,2,double,prepared,2,65536,1.842880249,1.9005775455,2.354431152,1.416818619,1.44932127,2.133277893,1.3113569674582917
1,inline,2,double,vienot,0,65536,1.157188416,1.171875,1.553058624,1.373394012,1.424660206,1.956727028,0.8225645631601224
1,inline,2,double,vienot,1,65536,1.175689697,1.207447052,1.642894745,1.38969326,1.411096573,1.54072094,0.8556799549395546
1,inline,2,float,brettel,0,65536,7.910442352,8.0631256105,8.389663696,2.279980659,2.3173303604999997,2.736299515,3.479489048234045
1,inline,2,float,brettel,1,65536,7.746601105,8.246850967499999,14.67590332,2.293132782,2.3493881224999997,2.621943474,3.5102122499557327
1,inline,2,float,brettel,2,65536,7.804584503,7.922744751,8.625030518,2.293201447,2.3386378289999996,2.877583504,3.387760453010273
1,inline,2,float,lookup,0,65536,7.766151428,7.970142364499999,15.401268005,5.812088966,5.9466328625,6.483758926,1.340278195877945
1,inline,2,float,lookup,1,65536,7.204914093,7.6482772825000005,8.246135712,5.810843468,5.909154892,6.669413567,1.2943098331801184
1,inline,2,float,lookup,2,65536,7.82585144,7.962512970000001,9.150505066,5.678833008,5.8985676765,6.696669579,1.3499061817537155
1,inline,2,float,lookupApply,0,65536,12.866783142,13.4472846985,13.780975342,12.983605385,13.5669198035,13.881651878,0.9911818521276189
1,inline,2,float,lookupApply,1,65536,13.010787964,13.511371613000001,15.61050415,12.749125481,13.756271362500001,22.099354744,0.982197228954962
1,inline,2,float,lookupApply,2,65536,12.956905365,13.3213043215,15.135002136,12.552499771,13.402999401,14.114697456,0.9939047166193333
1,inline,2,float,prepared,0,65536,2.368068695,2.380466461,2.522468567,0.852139473,0.8619055745,1.177462578,2.7618645608376906
1,inline,2,float,prepared,1,65536,2.423667908,2.4976730345,2.626419067,0.850688934,0.8572793009999999,0.888591766,2.913488091438242
1,inline,2,float,prepared,2,65536,2.379131317,2.443552017,2.495956421,0.849765778,0.8575167655,0.883751869,2.8495676298237926
1,inline,2,float,vienot,0,65536,5.184745789,5.2527427675,5.574226379,0.850830078,0.8669776915,0.932090759,6.058682730823183
1,inline,2,float,vienot,1,65536,5.088233948,5.389690399,6.188297272,0.851070404,0.860309601,1.092518806,6.264826514472434
1,bv_direct,2,double,brettel,0,65536,3.818798065,4.166269302,5.131530762,4.683302879,4.8193159105,5.283926964,0.8644939197538002
1,bv_direct,2,double,brettel,1,65536,3.808879852,4.063987732,4.830932617,4.800560951,5.0397443775,5.711608887,0.8063876711969208
1,bv_direct,2,double,brettel,2,65536,3.984165192,4.089975357,4.891300201,4.794818878,5.0629262925,5.553132057,0.8078283428812133
1,bv_direct,2,double,lookup,0,65536,9.906196594,10.5628967285,13.160610199,8.016077995,8.156005382499998,14.070018768,1.2951066402143834
1,bv_direct,2,double,lookup,1,65536,9.75561142,10.530424117999999,11.592388153,7.845928192,8.1744289395,16.220134735,1.2882152620001988
1,bv_direct,2,double,lookup,2,65536,10.209274292,11.321258545,18.620586395,7.975708961,8.3591599465,11.085283279,1.3543536213516572
1,bv_direct,2,double,lookupApply,0,65536,12.527942657,13.779306412,15.127086639,12.514719009,12.9611186985,13.831266403,1.063126318995496
1,bv_direct,2,double,lookupApply,1,65536,12.599372864,13.613891601999999,19.074058533,12.526074409,13.19961977,13.871741295,1.031385133755258
1,bv_direct,2,double,lookupApply,2,65536,13.293838501,13.6019706725,14.562797546,12.124879837,13.090526104,14.879580498,1.0390698253406119
1,bv_direct,2,double,prepared,0,65536,1.75819397,1.991033554,4.874324799,1.399331093,1.4940280915,1.714143753,1.332661390590727
1,bv_direct,2,double,prepared,1,65536,1.801490784,2.5723457334999997,3.581523895,1.433768272,1.579229355,1.777256012,1.628861397083136
1,bv_direct,2,double,prepared,2,65536,1.851177216,1.910114288,1.982212067,1.429166794,1.50039196,1.790374756,1.2730768618621497
1,bv_direct,2,double,vienot,0,65536,1.111698151,1.192045212,1.618671417,1.392510414,1.4859352115,1.800813675,0.8022188334824314
1,bv_direct,2,double,vienot,1,65536,1.124858856,1.2062072755,1.816749573,1.426629066,1.5031895635,1.91348362,0.8024319119748864
1,bv_direct,2,float,brettel,0,65536,2.229976654,2.289056778,2.970409393,2.218847275,2.440144062,2.961181641,0.9380826376799388
1,bv_direct,2,float,brettel,1,65536,2.203941345,2.212142944,2.441501617,2.324908257,2.359161854,2.660161972,0.9376817195688686
1,bv_direct,2,float,brettel,2,65536,2.182006836,2.2881507875000002,2.884292603,2.271363258,2.4082083704999997,3.01607132,0.9501465137026026
1,bv_direct,2,float,lookup,0,65536,7.54327774,8.043718338000001,9.168720245,5.514504433,6.071879387,12.293255806,1.3247493610004413
1,bv_direct,2,float,lookup,1,65536,7.782459259,8.0070018765,10.301017761,5.865962982,5.949906349000001,6.610679626,1.3457357825213057
1,bv_direct,2,float,lookup,2,65536,7.196998596,8.075094223,16.950893402,5.673841476,5.9437627795,6.555215836,1.3585828577901777
1,bv_direct,2,float,lookupApply,0,65536,12.818813324,13.4759902955,14.918613434,12.967222214,13.5690693855,14.169927597,0.9931403482909842
1,bv_direct,2,float,lookupApply,1,65536,13.045501709,13.841056823999999,15.922355652,12.843546867,13.3753285405,14.226801872,1.0348199509335259
1,bv_direct,2,float,lookupApply,2,65536,12.708568573,13.6207580565,15.212249756,12.923636436,13.396599293000001,13.952115059,1.0167325123785054
1,bv_direct,2,float,prepared,0,65536,2.363586426,2.5144577029999997,3.069496155,0.810605049,0.8679742815,1.147165298,2.8969265064566314
1,bv_direct,2,float,prepared,1,65536,2.417373657,2.491378784,2.926540375,0.851855278,0.8658742905,0.923884392,2.8772984847042298
1,bv_direct,2,float,prepared,2,65536,2.375221252,2.605342865,4.307460785,0.831903458,0.875081539,0.905947685,2.9772572599088964
1,bv_direct,2,float,vienot,0,65536,0.90341568,0.927257538,1.281547546,0.839493752,0.9033122065,1.015789032,1.0265083670160722
1,bv_direct,2,float,vienot,1,65536,0.922584534,0.924730301,0.968074799,0.811844826,0.8767619135,1.164177895,1.0547108476787181
1,bv_split,2,double,brettel,0,65536,3.809165955,4.0055274965,4.853439331,4.499544144,4.9760923385,6.584617615,0.8049544148345591
1,bv_split,2,double,brettel,1,65536,3.906059265,4.011249542,5.198097229,4.682621956,4.6969976424999995,4.815389633,0.8540028859509908
1,bv_split,2,double,brettel,2,65536,3.988265991,4.255867004500001,4.99792099,4.590229034,4.786436558,5.674992561,0.8891514497119551
1,bv_split,2,double,lookup,0,65536,9.740638733,10.431671142999999,12.236499786,7.597101212,7.9629588125,12.827748299,1.3100245007703284
1,bv_split,2,double,lookup,1,65536,10.19153595,10.365486145,16.089057922,7.775323868,7.9299221035,8.952488899,1.307135935222494
1,bv_split,2,double,lookup,2,65536,9.953022003,10.693216324000002,19.290161133,7.796293259,7.98069191,8.987965584,1.339885870121254
1,bv_split,2,double,lookupApply,0,65536,12.707328796,13.5994911195,14.080905914,12.260131836,12.9827513695,13.484877586,1.0475045491088188
1,bv_split,2,double,lookupApply,1,65536,12.707042694,13.652992248499999,14.39704895,12.130093575,12.575536250999999,14.214158058,1.085678731784843
1,bv_split,2,double,lookupApply,2,65536,13.286209106,13.7189388275,16.031551361,11.840423584,12.720473766000001,13.348684311,1.0784927574135448
1,bv_split,2,double,prepared,0,65536,1.801204681,1.844787598,2.209377289,1.362944603,1.4368491175,1.793711662,1.2839118426086238
1,bv_split,2,double,prepared,1,65536,1.76115036,1.888132095,2.733707428,1.394805908,1.4055514335,1.610347748,1.3433390269456833
1,bv_split,2,double,prepared,2,65536,1.8450737,1.8711566925,2.498817444,1.380541801,1.433716297,1.45228672,1.305109453254684
1,bv_split,2,double,vienot,0,65536,1.132774353,1.2139797209999998,1.755714417,1.355648994,1.4335575105,1.692658424,0.8468301495463442
1,bv_split,2,double,vienot,1,65536,1.148986816,1.2171268465,1.707649231,1.387477875,1.400071621,1.497858047,0.8693318457741956
1,bv_split,2,float,brettel,0,65536,2.180480957,2.3374557495,3.236484528,2.230807304,2.288528919,2.812961578,1.0213791619995694
1,bv_split,2,float,brettel,1,65536,2.154445648,2.345371246,2.491378784,2.219618797,2.3390259745,2.700270653,1.0027127836839675
1,bv_split,2,float,brettel,2,65536,2.284622192,2.3372173309999997,2.775859833,2.271157265,2.3277015685,2.848795891,1.0040880509034205
1,bv_split,2,float,lookup,0,65536,7.73897171,8.163356781000001,8.43372345,5.692785263,5.979140281499999,6.48496151,1.3653061136996845
1,bv_split,2,float,lookup,1,65536,7.864093781,8.3081245425,8.8347435,5.692769051,5.9470314975,6.45326519,1.3970204371697965
1,bv_split,2,float,lookup,2,65536,7.654857635,8.265924454,9.407997131,5.6942873,5.9954776765,7.109014511,1.3786932251285482
1,bv_split,2,float,lookupApply,0,65536,13.06438446,13.5879039765,14.434623718,12.001487732,13.444523334500001,14.237589836,1.0106646132728312
1,bv_split,2,float,lookupApply,1,65536,13.696098328,13.930130005,23.305797577,12.346158981,13.163728237,13.946015358,1.0582207224428892
1,bv_split,2,float,lookupApply,2,65536,13.655090332,13.9031887055,24.495601654,12.98109436,13.3141789435,23.829432487,1.0442392853888716
1,bv_split,2,float,prepared,0,65536,2.36082077,2.5941848755,4.106807709,0.811368942,0.8535351755,1.006457329,3.039341494016728
1,bv_split,2,float,prepared,1,65536,2.495670319,2.589464188,2.780532837,0.810800552,0.8542990685,1.019320488,3.0310979883738454
1,bv_split,2,float,prepared,2,65536,2.43806839,2.526950836,2.848148346,0.832655907,0.852239609,0.8901577,2.9650708665900556
1,bv_split,2,float,vienot,0,65536,0.882434845,0.934410095,1.378059387,0.831336975,0.8491835595,0.914418221,1.1003629127607952
1,bv_split,2,float,vienot,1,65536,0.903129578,0.9724140164999999,1.004695892,0.812345505,0.852511406,0.879734993,1.1406463416866002
1,ma_fixed,2,double,brettel,0,65536,10.018444061,10.3132247925,19.853591919,4.577767372,5.0183320045,5.526921272,2.0551101009761816
1,ma_fixed,2,double,brettel,1,65536,10.438346863,10.9310626985,22.79253006,4.580129623,4.849761009,8.256448746,2.253938426700729
1,ma_fixed,2,double,brettel,2,65536,9.713554382,10.161352157500001,10.938644409,4.571117401,4.903247833,11.499541283,2.0723717224962064
1,ma_fixed,2,double,lookup,0,65536,9.129810333,9.4363212585,9.937477112,7.602940559,8.905285835499999,12.388400078,1.0596314854805764
1,ma_fixed,2,double,lookup,1,65536,8.667469025,9.065246582,9.733200073,7.610595703,7.927734852,8.835664749,1.1434850876367326
1,ma_fixed,2,double,lookup,2,65536,8.667469025,9.2649936675,10.545444489,8.043200493,8.8887968065,13.908942223,1.0423225852935354
1,ma_fixed,2,double,lookupApply,0,65536,11.816978455,12.473726272499999,12.845802307,12.024507523,12.7876148225,24.134209633,0.975453706233964
1,ma_fixed,2,double,lookupApply,1,65536,11.622333527,12.18495369,13.107967377,12.398881912,12.9088964465,20.138072968,0.9439190825102418
1,ma_fixed,2,double,lookupApply,2,65536,11.809921265,12.368869781499999,13.083839417,12.081144333,13.4186558725,14.946581841,0.9217666731321862
1,ma_fixed,2,double,prepared,0,65536,1.891708374,1.9305229185,2.262020111,1.398303986,1.4637780189999998,2.613340378,1.3188631701266176
1,ma_fixed,2,double,prepared,1,65536,1.776790619,1.8924236295,2.425098419,1.393410683,1.7881560325,3.788760185,1.0583101223298867
1,ma_fixed,2,double,prepared,2,65536,1.817798615,1.865053177,2.475643158,1.391030312,1.425191402,1.958582878,1.3086334750425332
1,ma_fixed,2,double,vienot,0,65536,1.173114777,1.1985778805,1.279640198,1.390687943,1.4578227995000002,1.654798508,0.8221698006857108
1,ma_fixed,2,double,vienot,1,65536,1.191997528,1.2191295625,2.087879181,1.373376846,1.4357919694999999,2.39583683,0.8490990257624506
1,ma_fixed,2,float,brettel,0,65536,8.646583557,8.86425972,9.498882294,2.279748917,2.2911643980000003,6.511262894,3.8688885562894466
1,ma_fixed,2,float,brettel,1,65536,8.978748322,9.1598510745,9.553527832,2.285826683,2.3177013395,2.455901146,3.9521274455819504
1,ma_fixed,2,float,brettel,2,65536,8.959388733,9.177446365,11.556243896,2.22004509,2.4010419845,2.690432549,3.8222765050529253
1,ma_fixed,2,float,lookup,0,65536,6.931781769,7.040309905999999,7.41519928,5.693460464,5.9322986605,6.332354546,1.186776038920234
1,ma_fixed,2,float,lookup,1,65536,6.772232056,7.140827179,7.414913177,5.51123333,6.095104218,6.404476166,1.171567691642053
1,ma_fixed,2,float,lookup,2,65536,6.952667236,7.011508941500001,7.409191132,5.504903793,6.188383579,7.837417603,1.1330113675068947
1,ma_fixed,2,float,lookupApply,0,65536,11.950778961,12.700176239000001,15.587043762,12.689627647,13.420031071,14.210451126,0.9463596747137517
1,ma_fixed,2,float,lookupApply,1,65536,12.601184845,12.814617157,13.459682465,12.302239418,13.07615757,22.483366013,0.9799986799180183
1,ma_fixed,2,float,lookupApply,2,65536,12.577438354,12.864542007499999,14.229202271,12.277002335,13.306113719999999,14.719491959,0.9668143740695462
1,ma_fixed,2,float,prepared,0,65536,2.366924286,2.429294586,2.545166016,0.843156815,0.8510971065,1.335590363,2.8543095346547274
1,ma_fixed,2,float,prepared,1,65536,2.423286438,2.4368286130000003,2.673816681,0.826653481,0.850895882,0.893399239,2.8638387663509697
1,ma_fixed,2,float,prepared,2,65536,2.426147461,2.540111542,4.005718231,0.813184738,0.868645668,1.016839981,2.9242205833460737
1,ma_fixed,2,float,vienot,0,65536,5.215072632,5.33118248,12.635326385,0.844286919,0.854543209,0.985312462,6.238634189415224
1,ma_fixed,2,float,vienot,1,65536,5.319690704,5.4557323454999995,11.177349091,0.844409943,0.8546128275,0.909416199,6.383864330072906
1,ma_bounded,2,double,brettel,0,65536,9.928226471,10.37273407,13.966846466,4.689609528,4.778544903,5.483448029,2.1706888353163603
1,ma_bounded,2,double,brettel,1,65536,10.233306885,10.749387741,13.083076477,4.581004143,4.750044345999999,5.618092537,2.263007870663783
1,ma_bounded,2,double,brettel,2,65536,9.854888916,10.049915313500001,11.370372772,4.583377838,4.8892121315,5.562347412,2.0555285889010317
1,ma_bounded,2,double,lookup,0,65536,8.658504486,9.467840194499999,15.690803528,7.598093033,7.933827877000001,9.210232735,1.193350844167803
1,ma_bounded,2,double,lookup,1,65536,8.406543732,8.6462020875,12.207603455,7.59514904,7.914164066,8.758851051,1.0924972006386506
1,ma_bounded,2,double,lookup,2,65536,8.205032349,8.4822654725,9.254646301,7.764315605,8.029150962500001,8.95477581,1.0564336767506628
1,ma_bounded,2,double,lookupApply,0,65536,11.478900909,12.7685070035,14.823436737,11.806297302,13.248257637,13.538797379,0.9637876431267351
1,ma_bounded,2,double,lookupApply,1,65536,11.223697662,11.876201629499999,21.04101181,12.451329231,13.023823261499999,13.392399788,0.9118828926838628
1,ma_bounded,2,double,lookupApply,2,65536,10.915851593,11.27948761,11.737251282,12.1434412,13.064222813,13.484436989,0.8633875716491884
1,ma_bounded,2,double,prepared,0,65536,1.803398132,1.9659519195,4.057407379,1.404582024,1.438208103,1.830283165,1.3669453783490468
1,ma_bounded,2,double,prepared,1,65536,1.803016663,1.8723011015,2.561092377,1.371396065,1.4483847614999998,1.9778862,1.2926821320330497
1,ma_bounded,2,double,prepared,2,65536,1.795578003,1.807641983,1.913642883,1.375284195,1.439910889,2.013628006,1.2553846191519424
1,ma_bounded,2,double,vienot,0,65536,1.17559433,1.197052002,1.563739777,1.397291183,1.4372406005,1.978321075,0.8328821225781953
1,ma_bounded,2,double,vienot,1,65536,1.152706146,1.1777877810000001,1.535892487,1.367659569,1.4352407455,1.912564278,0.8206203626066162
1,ma_bounded,2,float,brettel,0,65536,8.869552612,9.3399047855,11.225032806,2.212558746,2.2847065925,2.761533737,4.088010607646548
1,ma_bounded,2,float,brettel,1,65536,8.880996704,9.2522144315,11.340904236,2.212247849,2.2142710685,2.48842907,4.17844705786978
1,ma_bounded,2,float,brettel,2,65536,8.740615845,9.113073349,9.617137909,2.212608337,2.2159576415,2.453169823,4.112476330021942
1,ma_bounded,2,float,lookup,0,65536,6.154727936,6.588459015,7.290458679,5.673768044,5.8342614175000005,6.922586441,1.1292704497672603
1,ma_bounded,2,float,lookup,1,65536,5.998897552,6.1860084534999995,6.667137146,5.516347885,5.717564106,6.442050934,1.0819307556181863
1,ma_bounded,2,float,lookup,2,65536,6.141757965,6.202602386500001,6.66103363,5.679531097,5.9058413505,6.750152588,1.0502487314487166
1,ma_bounded,2,float,lookupApply,0,65536,11.657714844,12.3379707335,13.222408295,12.454951286,13.044748783500001,13.683354378,0.9458189604314966
1,ma_bounded,2,float,lookupApply,1,65536,11.096096039,11.7005348205,17.175674438,11.854884148,12.747671604499999,13.393776894,0.917856623822161
1,ma_bounded,2,float,lookupApply,2,65536,11.159896851,11.8567466735,13.005638123,12.759245872,13.1463713645,21.700965881,0.9019026121167961
1,ma_bounded,2,float,prepared,0,65536,2.416706085,2.6542663575,3.916072845,0.787062645,0.823925018,0.91245079,3.221490183588527
1,ma_bounded,2,float,prepared,1,65536,2.315044403,2.4473190305,6.430721283,0.786685944,0.823222637,1.173512459,2.9728519607023394
1,ma_bounded,2,float,prepared,2,65536,2.366638184,2.4402141569999998,2.971935272,0.80471611,0.807625294,0.939281464,3.0214682169179308
1,ma_bounded,2,float,vienot,0,65536,5.333518982,5.6414604185,7.163906097,0.823577881,0.872048378,0.937111855,6.4692057927318345
1,ma_bounded,2,float,vienot,1,65536,5.286312103,5.6735515595,8.3568573,0.805986404,0.8273482320000001,1.074818611,6.857513366270177
1,ma_direct,2,double,brettel,0,65536,9.825897217,10.3503227235,10.723114014,4.802830696,5.0355305675,6.005992889,2.055458225256816
1,ma_direct,2,double,brettel,1,65536,10.203742981,10.868787765499999,11.963558197,4.800792694,5.0093083385,5.568099022,2.169718258699678
1,ma_direct,2,double,brettel,2,65536,9.763622284,10.199308395,10.938072205,4.787796021,5.178575516,5.855888367,1.9695200665680508
1,ma_direct,2,double,lookup,0,65536,10.162448883,10.5916023255,11.960506439,7.961064339,8.6408638955,9.86615181,1.225757337876356
1,ma_direct,2,double,lookup,1,65536,9.755516052,10.5385303495,12.140274048,8.04984951,8.604850769,9.066512108,1.2247197112896264
1,ma_direct,2,double,lookup,2,65536,10.541152954,10.896253586,11.497020721,8.010333061,8.535367965999999,10.027560234,1.2766003328039768
1,ma_direct,2,double,lookupApply,0,65536,11.372566223,12.268781662,13.086700439,12.939844131,13.463807583000001,23.08232975,0.9112416072769123
1,ma_direct,2,double,lookupApply,1,65536,11.487007141,11.984205246,12.745380402,12.935832977,13.376023292500001,14.169750214,0.8959467985316384
1,ma_direct,2,double,lookupApply,2,65536,12.048816681,12.533426284499999,21.35887146,12.94011116,13.418820381,14.21605587,0.9340184851305074
1,ma_direct,2,double,prepared,0,65536,1.802635193,1.8495082855,2.350521088,1.438676834,1.507434368,2.385812759,1.2269245844207792
1,ma_direct,2,double,prepared,1,65536,1.802825928,1.867723465,2.810001373,1.432670593,1.4807457925,2.320882797,1.2613397076392503
1,ma_direct,2,double,prepared,2,65536,1.782608032,1.867675781,2.224636078,1.437659264,1.5314722065,2.06409359,1.219529661115009
1,ma_direct,2,double,vienot,0,65536,1.136779785,1.1744022365,1.406955719,1.431215286,1.469982147,1.877779007,0.7989227888901701
1,ma_direct,2,double,vienot,1,65536,1.176548004,1.1900901794999998,1.407432556,1.426257133,1.449655533,1.972903252,0.8209468749014872
1,ma_direct,2,float,brettel,0,65536,8.918952942,9.167766571,18.3177948,2.290885925,2.3524460795,2.710486412,3.897120810075511
1,ma_direct,2,float,brettel,1,65536,8.993339539,9.1682434085,9.471225739,2.325516701,2.3904271125000003,2.751629829,3.8353996909412142
1,ma_direct,2,float,brettel,2,65536,8.949184418,9.0703487395,9.708786011,2.325388908,2.368920803,2.734770775,3.8288948824347844
1,ma_direct,2,float,lookup,0,65536,10.696315765,10.890054703,11.30695343,5.956010818,6.1652679445,6.866595268,1.7663554611142174
1,ma_direct,2,float,lookup,1,65536,10.683441162,10.899066925500001,11.194992065,5.871209145,6.127078533500001,6.4868927,1.7788358458128126
1,ma_direct,2,float,lookup,2,65536,10.663795471,10.809755325000001,15.622615814,5.967308998,6.1616625785,6.739096642,1.7543569105388332
1,ma_direct,2,float,lookupApply,0,65536,12.536907196,12.7686023715,13.118362427,13.331409454,13.692207813,13.801795959,0.93254517794982
1,ma_direct,2,float,lookupApply,1,65536,12.565994263,12.801218033,13.02280426,13.153590202,13.661895275,14.077013969,0.9370016220534966
1,ma_direct,2,float,lookupApply,2,65536,12.471294403,12.856912612999999,21.374416351,13.224676132,13.635524273,14.394443512,0.942898296800971
1,ma_direct,2,float,prepared,0,65536,2.425384521,2.455282211,2.797889709,0.84978199,0.8553271295,0.874772072,2.8705767960795168
1,ma_direct,2,float,prepared,1,65536,2.422904968,2.4577140804999997,2.704238892,0.850342751,0.858935833,1.044803619,2.8613477119890978
1,ma_direct,2,float,prepared,2,65536,2.422714233,2.4612903595,2.790641785,0.849228859,0.8661346435,1.119370461,2.841694854225052
1,ma_direct,2,float,vienot,0,65536,5.312347412,5.369377136500001,5.757904053,0.850906372,0.868048191,1.058034897,6.185574939467849
1,ma_direct,2,float,vienot,1,65536,5.337524414,5.4477214815,5.801582336,0.853385925,0.8900451659999999,1.155768394,6.120724756006372
