compiler,variant,scalar,mode,deficiency,n,samples_per_language,D_min_ns,D_median_ns,D_max_ns,CPP_min_ns,CPP_median_ns,CPP_max_ns,D_over_CPP
0,default,double,brettel,0,1024,54,23.870849609,26.2603759765,39.617919922,4.414672852,4.694061279,9.389282227,5.594382862870164
0,default,double,brettel,1,1024,54,22.900390625,24.035644531499997,27.630615234,4.415039062,4.706634521,7.889648438,5.106758220604994
0,default,double,brettel,2,1024,54,23.443603516,25.12512207,36.804199219,4.418518066,4.694427490000001,7.635314941,5.352116338684783
0,default,double,lookup,0,1024,54,40.893554688,43.8812255855,60.943603516,7.42388916,7.9606933595000005,12.002075195,5.512236636163576
0,default,double,lookup,1,1024,54,40.863037109,43.685913086,76.46484375,6.823303223,7.969604492,15.715881348,5.481566008683684
0,default,double,lookup,2,1024,54,39.947509766,43.5974121095,58.312988281,7.301940918,7.9490356445,12.891052246,5.484616506867143
0,default,double,lookupApply,0,1024,54,53.466796875,57.5775146485,78.387451172,11.298950195,12.934265137,20.650939941,4.451548970013974
0,default,double,lookupApply,1,1024,54,53.460693359,56.6528320315,77.008056641,11.262207031,12.9315795895,21.352233887,4.380967664422076
0,default,double,lookupApply,2,1024,54,53.173828125,57.5592041015,79.351806641,11.299377441,12.874328613,16.897460938,4.470850933801623
0,default,double,prepared,0,1024,54,23.638916016,25.939941406,35.992431641,1.188354492,1.308349609,2.554992676,19.826460165969294
0,default,double,prepared,1,1024,54,24.176025391,25.616455078,35.455322266,1.187255859,1.2713928225,1.362243652,20.14834017045114
0,default,double,prepared,2,1024,54,23.638916016,25.588989257999998,36.901855469,1.187927246,1.272064209,2.986450195,20.116114483022923
0,default,double,vienot,0,1024,54,22.076416016,24.230957031,26.214599609,1.244445801,1.332397461,3.147949219,18.185982591721555
0,default,double,vienot,1,1024,54,22.802734375,24.468994141,37.860107422,1.246154785,1.3333129879999999,3.334411621,18.352025639309232
0,default,float,brettel,0,1024,54,27.044677734,169.5098876955,204.034423828,2.15447998,2.316680908,3.725769043,73.16928589955816
0,default,float,brettel,1,1024,54,27.44140625,169.69909668,194.940185547,2.153869629,2.3116760254999997,7.19128418,73.40954995771747
0,default,float,brettel,2,1024,54,27.252197266,169.0368652345,201.26953125,2.15447998,2.3093566895,4.588012695,73.19651658969073
0,default,float,lookup,0,1024,54,27.423095703,29.446411132999998,38.800048828,5.543945312,5.9334106445,13.047363281,4.962813615520691
0,default,float,lookup,1,1024,54,28.692626953,29.6936035155,36.834716797,5.438598633,5.928375244,9.895324707,5.008725374722586
0,default,float,lookup,2,1024,54,27.423095703,30.096435547,32.8125,5.562072754,5.9444885255,10.368225098,5.06291423019755
0,default,float,lookupApply,0,1024,54,36.791992188,39.566040039,49.920654297,12.359680176,13.340484619,17.448364258,2.9658622732976747
0,default,float,lookupApply,1,1024,54,38.494873047,40.103149414,51.770019531,12.366088867,13.2675170895,16.820129395,3.0226566993260477
0,default,float,lookupApply,2,1024,54,36.791992188,40.380859375,51.46484375,12.354614258,13.281829834,21.750671387,3.04030844241277
0,default,float,prepared,0,1024,54,18.701171875,19.659423828,26.214599609,0.770202637,0.826843262,0.85760498,23.776481869667823
0,default,float,prepared,1,1024,54,19.134521484,19.598388672,23.852539062,0.770385742,0.8296203615,1.919616699,23.623321680009177
0,default,float,prepared,2,1024,54,19.134521484,19.821166992000002,25.646972656,0.769348145,0.8177490235,1.013000488,24.238692340058787
0,default,float,vienot,0,1024,54,19.177246094,20.553588867000002,33.190917969,0.770202637,0.8262634280000001,1.144714355,24.875346252164025
0,default,float,vienot,1,1024,54,19.622802734,21.026611328,24.383544922,0.769470215,0.8307189939999999,4.806091309,25.31134051329998
0,prepared,double,brettel,0,1024,54,32.495117188,33.773803711,48.010253906,4.440917969,4.6911315915,6.902038574,7.199500387538852
0,prepared,double,brettel,1,1024,54,32.513427734,34.094238281,47.814941406,4.441101074,4.6960144045,26.443969727,7.260249936271252
0,prepared,double,brettel,2,1024,54,32.501220703,33.987426758,47.314453125,4.518066406,4.7594604490000005,46.238525391,7.141025148163805
0,prepared,double,lookup,0,1024,54,41.912841797,43.161010742,61.895751953,7.407348633,7.9650573730000005,26.307495117,5.418794708034051
0,prepared,double,lookup,1,1024,54,41.888427734,43.194580078,64.147949219,7.586486816,7.959564209,80.682800293,5.426751885380765
0,prepared,double,lookup,2,1024,54,40.130615234,43.4631347655,59.930419922,6.959472656,7.953735351500001,12.153259277,5.4644934542992125
0,prepared,double,lookupApply,0,1024,54,53.973388672,55.493164062,75.177001953,11.52130127,12.897766113,19.506408691,4.3025407326984295
0,prepared,double,lookupApply,1,1024,54,54.071044922,55.5450439455,75.073242188,12.135070801,12.931579589999998,74.834777832,4.295302330154085
0,prepared,double,lookupApply,2,1024,54,51.647949219,55.584716796500004,75.708007812,11.301391602,12.93157959,53.811584473,4.2983702346373605
0,prepared,double,prepared,0,1024,54,24.176025391,25.323486328,38.18359375,1.188354492,1.2725219724999999,3.21081543,19.90023502560778
0,prepared,double,prepared,1,1024,54,23.638916016,25.326538086,34.680175781,1.188171387,1.2732543944999999,3.029296875,19.891184507512023
0,prepared,double,prepared,2,1024,54,24.169921875,25.329589844,28.472900391,1.188415527,1.334686279,20.163269043,18.977935296508733
0,prepared,double,vienot,0,1024,54,11.199951172,11.737060547,16.711425781,1.243713379,1.3308715825,2.572753906,8.819078190062715
0,prepared,double,vienot,1,1024,54,11.206054688,11.737060547,15.002441406,1.243286133,1.3304748535000002,4.439331055,8.821707915879824
0,prepared,float,brettel,0,1024,54,25.085449219,27.767944336,39.782714844,2.153564453,2.3100891115,6.992919922,12.020291424156172
0,prepared,float,brettel,1,1024,54,25.689697266,27.2155761715,36.828613281,2.153381348,2.307067871,3.995544434,11.796608376199783
0,prepared,float,brettel,2,1024,54,25.555419922,26.6845703125,38.946533203,2.202514648,2.30960083,5.720336914,11.553758539522175
0,prepared,float,lookup,0,1024,54,27.642822266,28.942871093999997,40.460205078,5.562988281,5.924407959,8.699645996,4.885360916111752
0,prepared,float,lookup,1,1024,54,26.910400391,28.674316406,88.037109375,5.565429688,5.9288330075,12.141052246,4.836418291715564
0,prepared,float,lookup,2,1024,54,27.374267578,28.674316406,31.829833984,5.563232422,5.8735046385,11.22442627,4.881977315220605
0,prepared,float,lookupApply,0,1024,54,36.114501953,38.928222656,45.483398438,12.362792969,13.255950928,17.261047363,2.9366601360731894
0,prepared,float,lookupApply,1,1024,54,36.114501953,38.864135742,173.284912109,12.363220215,13.26184082,21.128234863,2.930523467254224
0,prepared,float,lookupApply,2,1024,54,36.932373047,38.696289062,51.574707031,12.372070312,13.2667236325,24.987060547,2.916793183752183
0,prepared,float,prepared,0,1024,54,18.286132812,19.6319580075,25.567626953,0.770446777,0.8245544435000001,2.545959473,23.809171319443625
0,prepared,float,prepared,1,1024,54,18.701171875,19.592285156,25.085449219,0.769958496,0.8096008299999999,2.679077148,24.1999321517494
0,prepared,float,prepared,2,1024,54,18.701171875,19.451904297,30.499267578,0.78692627,0.8271789555,2.748718262,23.51595645375434
0,prepared,float,vienot,0,1024,54,8.276367188,8.868408203,13.177490234,0.770507812,0.8066711424999999,2.517028809,10.993833466653358
0,prepared,float,vienot,1,1024,54,8.459472656,8.8653564455,15.844726562,0.770446777,0.8091735840000001,0.829528809,10.956062606092193
0,inline,double,brettel,0,1024,54,39.202880859,40.557861328,57.470703125,4.417785645,4.698059082,9.47265625,8.632897249715771
0,inline,double,brettel,1,1024,54,39.465332031,40.5639648435,50.726318359,4.41204834,4.571594238,6.829406738,8.873045754219449
0,inline,double,brettel,2,1024,54,38.421630859,40.753173828,47.882080078,4.41796875,4.5805664065,8.218261719,8.896972603687107
0,inline,double,lookup,0,1024,54,41.717529297,42.8497314455,60.845947266,7.273681641,7.692474365000001,16.599487305,5.570344392756386
0,inline,double,lookup,1,1024,54,40.771484375,42.9779052735,60.009765625,6.819091797,7.463928223,12.041137695,5.758081266251212
0,inline,double,lookup,2,1024,54,40.747070312,43.551635742,55.926513672,6.802612305,7.595611572,11.87310791,5.7337892188360575
0,inline,double,lookupApply,0,1024,54,54.559326172,56.0791015625,62.567138672,11.257751465,12.4083862305,16.591918945,4.519451645102465
0,inline,double,lookupApply,1,1024,54,54.559326172,55.987548828,68.115234375,11.27142334,12.3891296385,20.403320312,4.519086526789999
0,inline,double,lookupApply,2,1024,54,52.264404297,56.204223633,75.811767578,11.270019531,12.3922729495,19.74407959,4.5354249266489655
0,inline,double,prepared,0,1024,54,24.737548828,25.402832031499997,34.643554688,1.187561035,1.3397216795,2.78894043,18.96127562926401
0,inline,double,prepared,1,1024,54,24.737548828,25.3509521485,35.64453125,1.185302734,1.3395996095,3.05645752,18.92427555869633
0,inline,double,prepared,2,1024,54,24.169921875,25.863647461,34.301757812,1.18560791,1.285675049,3.799560547,20.116784160287455
0,inline,double,vienot,0,1024,54,17.755126953,18.176269531,19.610595703,1.244750977,1.348358154,3.674865723,13.480297854897682
0,inline,double,vienot,1,1024,54,17.755126953,18.182373047,18.963623047,1.246643066,1.359954834,4.039978027,13.369835962508148
0,inline,float,brettel,0,1024,54,29.827880859,33.004760742,49.462890625,2.155029297,2.3100891115,4.669067383,14.287224063217703
0,inline,float,brettel,1,1024,54,30.432128906,32.3455810545,42.346191406,2.153991699,2.310180664,3.726623535,14.001321004260642
0,inline,float,brettel,2,1024,54,31.066894531,31.921386718999997,40.460205078,2.153808594,2.3100891115,4.945922852,13.818249071038053
0,inline,float,lookup,0,1024,54,28.271484375,30.355834961,88.720703125,5.54119873,5.9455261235000005,8.776855469,5.105660008963208
0,inline,float,lookup,1,1024,54,28.924560547,29.797363281499997,39.428710938,5.543579102,5.814880371,9.856445312,5.124329544268108
0,inline,float,lookup,2,1024,54,28.930664062,29.6966552735,34.484863281,5.562255859,5.803222656,11.852478027,5.1172696678795155
0,inline,float,lookupApply,0,1024,54,36.761474609,40.3533935545,99.200439453,11.813171387,13.368286133,20.47277832,3.0185914000513865
0,inline,float,lookupApply,1,1024,54,38.470458984,39.9353027345,52.130126953,12.368469238,13.2538452145,16.029052734,3.013110692647134
0,inline,float,lookupApply,2,1024,54,38.470458984,39.532470703499996,52.648925781,11.817260742,13.390075683500001,15.612182617,2.9523709677170915
0,inline,float,prepared,0,1024,54,18.286132812,20.016479492000002,26.525878906,0.769287109,0.8276672365,2.350097656,24.184211491377553
0,inline,float,prepared,1,1024,54,18.701171875,19.7998046875,25.415039062,0.768249512,0.8288269045000001,1.075317383,23.888950250045845
0,inline,float,prepared,2,1024,54,19.134521484,19.592285156,21.19140625,0.768066406,0.825866699,4.458129883,23.723302053131942
0,inline,float,vienot,0,1024,54,12.957763672,13.879394531,17.364501953,0.768127441,0.8236389159999999,2.091369629,16.85130979289473
0,inline,float,vienot,1,1024,54,13.244628906,14.175415039,19.061279297,0.768737793,0.810180664,1.011413574,17.49660991539043
0,bv_direct,double,brettel,0,1024,54,13.146972656,13.540649414,22.271728516,4.486755371,4.7710876465,6.94354248,2.8380634390427146
0,bv_direct,double,brettel,1,1024,54,12.835693359,13.421630859,19.903564453,4.620300293,4.784790039000001,9.523620605,2.805061611816317
0,bv_direct,double,brettel,2,1024,54,12.731933594,13.464355469000001,24.621582031,4.602478027,4.684967041,7.156921387,2.8739488135494016
0,bv_direct,double,lookup,0,1024,54,41.204833984,43.212890625,60.998535156,7.107543945,7.9551086425,11.148986816,5.432093082190738
0,bv_direct,double,lookup,1,1024,54,41.156005859,43.2220458985,63.122558594,7.115478516,7.778717041,13.562011719,5.556449176732562
0,bv_direct,double,lookup,2,1024,54,41.064453125,44.140625,65.020751953,7.278198242,7.781677246,11.905212402,5.672379309060847
0,bv_direct,double,lookupApply,0,1024,54,54.040527344,55.56640625,68.060302734,11.777099609,12.9255981445,16.85333252,4.29894273586435
0,bv_direct,double,lookupApply,1,1024,54,52.935791016,55.6701660155,80.853271484,11.823974609,12.685852051,16.522521973,4.388366330593588
0,bv_direct,double,lookupApply,2,1024,54,53.875732422,56.1767578125,73.413085938,11.826660156,12.930389404500001,21.794494629,4.344552670080416
0,bv_direct,double,prepared,0,1024,54,24.176025391,25.323486328,35.028076172,1.216918945,1.3027038575,4.04510498,19.439173517608165
0,bv_direct,double,prepared,1,1024,54,24.176025391,25.323486328,29.077148438,1.216918945,1.2995300295,4.721313477,19.486649598811752
0,bv_direct,double,prepared,2,1024,54,24.176025391,25.5126953125,37.438964844,1.215637207,1.3292846680000001,3.933044434,19.19280040360775
0,bv_direct,double,vienot,0,1024,54,5.395507812,5.529785156,8.996582031,1.299316406,1.364562988,2.377441406,4.052422060856893
0,bv_direct,double,vienot,1,1024,54,5.2734375,5.529785156,9.686279297,1.301147461,1.363067627,1.477355957,4.056867793251464
0,bv_direct,float,brettel,0,1024,54,10.467529297,11.227416992,17.761230469,2.203796387,2.308013916,2.637634277,4.86453609060475
0,bv_direct,float,brettel,1,1024,54,10.760498047,11.315917969,17.565917969,2.254333496,2.2831726075,6.390441895,4.956225355817738
0,bv_direct,float,brettel,2,1024,54,10.7421875,11.2701416015,16.381835938,2.254150391,2.3089294435,3.406738281,4.881111301701845
0,bv_direct,float,lookup,0,1024,54,26.977539062,29.373168945499998,44.750976562,5.680908203,5.963592529,8.116210938,4.925415142410042
0,bv_direct,float,lookup,1,1024,54,27.587890625,29.1046142575,40.368652344,5.807067871,5.963592529,9.812744141,4.880382775310168
0,bv_direct,float,lookup,2,1024,54,28.228759766,29.3060302735,39.215087891,5.667785645,6.074829101500001,9.23248291,4.824173616055098
0,bv_direct,float,lookupApply,0,1024,54,36.328125,39.001464844,53.790283203,12.096801758,13.256347656,22.668518066,2.9420973148925684
0,bv_direct,float,lookupApply,1,1024,54,37.164306641,39.074707031,50.775146484,12.941955566,13.2628479,19.948242188,2.946177723337987
0,bv_direct,float,lookupApply,2,1024,54,37.164306641,39.056396484,61.157226562,12.380126953,13.114868164,20.415893555,2.978024330523495
0,bv_direct,float,prepared,0,1024,54,18.286132812,19.62890625,35.3515625,0.786743164,0.8174743655000001,1.81048584,24.01164743312064
0,bv_direct,float,prepared,1,1024,54,18.701171875,19.592285156,27.667236328,0.805236816,0.8178100585,0.984802246,23.95701171973296
0,bv_direct,float,prepared,2,1024,54,18.701171875,19.592285156,25.445556641,0.803894043,0.8113098145,3.348083496,24.148956176592634
0,bv_direct,float,vienot,0,1024,54,4.486083984,4.809570312,7.995605469,0.785827637,0.8178405765000001,1.140991211,5.880816445404136
0,bv_direct,float,vienot,1,1024,54,4.58984375,4.809570312,10.479736328,0.804870605,0.823425293,1.173522949,5.8409309902021675
0,bv_split,double,brettel,0,1024,54,5.755615234,5.969238281,9.942626953,4.431762695,4.7916870115000005,9.417785645,1.2457487867370904
0,bv_split,double,brettel,1,1024,54,5.633544922,5.966186523499999,6.488037109,4.467224121,4.7874145509999995,6.362976074,1.246223083449871
0,bv_split,double,brettel,2,1024,54,5.792236328,6.0546875,9.838867188,4.445495605,4.6848754884999995,7.813171387,1.2923902705338677
0,bv_split,double,lookup,0,1024,54,41.485595703,43.6309814455,47.546386719,7.113342285,7.9905395509999995,12.02355957,5.460329827169139
0,bv_split,double,lookup,1,1024,54,41.442871094,42.886352539,61.883544922,7.109130859,7.794097900000001,10.095703125,5.502413889232774
0,bv_split,double,lookup,2,1024,54,41.040039062,44.073486328,60.675048828,7.130737305,7.808532715,16.655334473,5.644272481990876
0,bv_split,double,lookupApply,0,1024,54,53.015136719,57.342529297,76.232910156,11.787536621,13.0098876955,17.91796875,4.407611398277807
0,bv_split,double,lookupApply,1,1024,54,53.125,57.0770263675,76.214599609,11.780273438,12.932281494,23.590698242,4.413531084517545
0,bv_split,double,lookupApply,2,1024,54,54.479980469,57.3211669925,72.491455078,11.301818848,12.678833008,20.290344238,4.521012853180722
0,bv_split,double,prepared,0,1024,54,24.731445312,25.946044922,27.435302734,1.216003418,1.2648010255000002,2.166870117,20.51393412789417
0,bv_split,double,prepared,1,1024,54,24.169921875,25.942993164,33.703613281,1.215881348,1.298278809,4.36895752,19.982605418925854
0,bv_split,double,prepared,2,1024,54,23.638916016,25.439453125,39.392089844,1.21484375,1.2785034180000001,1.781738281,19.897837398663878
0,bv_split,double,vienot,0,1024,54,5.401611328,5.6640625,7.891845703,1.299194336,1.3444213865,4.7421875,4.213011304993845
0,bv_split,double,vienot,1,1024,54,5.395507812,5.615234375,5.877685547,1.29888916,1.36340332,2.060852051,4.118542395070595
0,bv_split,float,brettel,0,1024,54,5.816650391,6.091308594,10.046386719,2.153076172,2.3299255370000003,4.008178711,2.614379085197348
0,bv_split,float,brettel,1,1024,54,5.834960938,6.134033203,6.903076172,2.15447998,2.3099365235000002,5.337768555,2.6554985994618394
0,bv_split,float,brettel,2,1024,54,5.828857422,6.137084961,8.59375,2.15447998,2.28314209,5.135070801,2.6879995721159866
0,bv_split,float,lookup,0,1024,54,27.777099609,29.132080078,37.79296875,5.549682617,5.944152832,8.631835938,4.90096417460351
0,bv_split,float,lookup,1,1024,54,27.777099609,29.132080078,38.708496094,5.550476074,5.94329834,16.150085449,4.901668806011848
0,bv_split,float,lookup,2,1024,54,27.777099609,29.1412353515,42.419433594,5.550598145,5.9445495605000005,10.820800781,4.902177205340502
0,bv_split,float,lookupApply,0,1024,54,37.554931641,39.398193359,51.824951172,12.09753418,13.286773682,18.971313477,2.965218969024357
0,bv_split,float,lookupApply,1,1024,54,37.554931641,39.77355957,118.194580078,12.096618652,13.266571045,17.167297363,2.998028611544665
0,bv_split,float,lookupApply,2,1024,54,37.554931641,38.60168457,43.884277344,12.095458984,13.2683105465,18.74407959,2.9093142216348413
0,bv_split,float,prepared,0,1024,54,19.134521484,20.068359375,25.311279297,0.769042969,0.8177795409999999,1.293457031,24.54006045499737
0,bv_split,float,prepared,1,1024,54,19.134521484,20.068359375,75.427246094,0.76751709,0.816894531,1.293640137,24.566646749897266
0,bv_split,float,prepared,2,1024,54,19.134521484,19.680786132999998,20.422363281,0.768005371,0.8236999515000001,2.994873047,23.893149559084314
0,bv_split,float,vienot,0,1024,54,4.693603516,4.91027832,5.358886719,0.76776123,0.821166992,1.291992188,5.979634310483829
0,bv_split,float,vienot,1,1024,54,4.693603516,4.922485351500001,5.517578125,0.76763916,0.8175354005,1.294189453,6.021128074074146
0,ma_fixed,double,brettel,0,1024,54,24.487304688,25.9887695315,39.434814453,4.418945312,4.6930236815,6.31060791,5.537745235326276
0,ma_fixed,double,brettel,1,1024,54,22.821044922,23.977661132500003,33.697509766,4.414306641,4.6914978025,8.298522949,5.11087549049321
0,ma_fixed,double,brettel,2,1024,54,22.332763672,23.556518554500002,36.529541016,4.421936035,4.7458801269999995,10.233886719,4.9635721771571
0,ma_fixed,double,lookup,0,1024,54,42.449951172,44.69909668,57.867431641,6.816101074,7.784210205,16.164001465,5.742277700991246
0,ma_fixed,double,lookup,1,1024,54,42.419433594,45.0286865235,60.516357422,7.27911377,8.177185058500001,15.205078125,5.506624370289099
0,ma_fixed,double,lookup,2,1024,54,41.607666016,45.3125,62.609863281,7.287719727,7.943878174,12.860412598,5.7040779084837965
0,ma_fixed,double,lookupApply,0,1024,54,65.948486328,70.135498047,101.171875,11.260314941,12.8066101075,18.338745117,5.476507636156284
0,ma_fixed,double,lookupApply,1,1024,54,66.143798828,69.6716308595,96.356201172,12.032104492,12.837158203,22.948303223,5.427340674450672
0,ma_fixed,double,lookupApply,2,1024,54,67.523193359,70.416259766,95.623779297,12.027099609,12.852233886499999,20.416748047,5.478912101029014
0,ma_fixed,double,prepared,0,1024,54,24.169921875,25.326538086,34.783935547,1.188049316,1.281524658,1.344543457,19.762817615640447
0,ma_fixed,double,prepared,1,1024,54,24.176025391,25.344848632999998,34.777832031,1.188049316,1.3246154785000002,5.089172363,19.1337403528612
0,ma_fixed,double,prepared,2,1024,54,24.31640625,25.326538086,29.553222656,1.18762207,1.3218688965,3.576477051,19.15964446478675
0,ma_fixed,double,vienot,0,1024,54,22.351074219,23.483276367000002,34.503173828,1.24810791,1.3318786619999998,2.131408691,17.631693514585344
0,ma_fixed,double,vienot,1,1024,54,22.808837891,23.895263672,33.233642578,1.246582031,1.3316955565000002,1.485351562,17.943488326117272
0,ma_fixed,float,brettel,0,1024,54,29.516601562,165.563964844,229.4921875,2.14251709,2.2960510254999997,4.871520996,72.10813827969957
0,ma_fixed,float,brettel,1,1024,54,26.574707031,168.1549072265,205.810546875,2.140625,2.3104248050000002,5.129211426,72.78094784240338
0,ma_fixed,float,brettel,2,1024,54,27.423095703,169.6838378905,258.929443359,2.153686523,2.3082275389999998,3.446655273,73.51261304334521
0,ma_fixed,float,lookup,0,1024,54,26.971435547,28.387451172,46.38671875,5.541320801,5.936706543,10.456237793,4.7816834075236185
0,ma_fixed,float,lookup,1,1024,54,26.971435547,29.556274414,99.945068359,5.540710449,5.945587158,8.694824219,4.971127935485897
0,ma_fixed,float,lookup,2,1024,54,27.587890625,29.040527344,41.253662109,5.547241211,5.9293518065,9.805236816,4.897757510722265
0,ma_fixed,float,lookupApply,0,1024,54,45.642089844,48.257446289,62.078857422,12.354431152,13.060760498,19.777954102,3.6948419884423793
0,ma_fixed,float,lookupApply,1,1024,54,45.458984375,50.0885009765,67.022705078,11.566040039,13.268127441,23.289001465,3.775099477995736
0,ma_fixed,float,lookupApply,2,1024,54,46.490478516,49.069213867,58.569335938,11.554748535,13.244415283,16.414978027,3.7048984661469557
0,ma_fixed,float,prepared,0,1024,54,18.286132812,19.281005859,28.131103516,0.750488281,0.8113708495,2.307189941,23.76349343938317
0,ma_fixed,float,prepared,1,1024,54,18.286132812,19.592285156,22.961425781,0.75,0.837371826,2.014465332,23.397354135485326
0,ma_fixed,float,prepared,2,1024,54,18.701171875,19.6105957035,25.512695312,0.768432617,0.81628418,1.05456543,24.024226101625537
0,ma_fixed,float,vienot,0,1024,54,19.183349609,21.044921875,34.417724609,0.750183105,0.8064575195,3.760192871,26.095511996772945
0,ma_fixed,float,vienot,1,1024,54,19.842529297,20.910644531,28.625488281,0.749450684,0.8266906734999999,5.456115723,25.294399950672723
0,ma_bounded,double,brettel,0,1024,54,23.559570312,25.167846679500002,86.889648438,4.416625977,4.760894775000001,8.27355957,5.286369027028117
0,ma_bounded,double,brettel,1,1024,54,22.906494141,24.545288086,29.39453125,4.412414551,4.759460449500001,7.450927734,5.157157696011231
0,ma_bounded,double,brettel,2,1024,54,22.821044922,24.734497070499998,31.976318359,4.420166016,4.603088379,10.716796875,5.373456912828916
0,ma_bounded,double,lookup,0,1024,54,41.479492188,44.970703125,51.422119141,7.440856934,8.0791625975,12.631408691,5.566257960808419
0,ma_bounded,double,lookup,1,1024,54,41.436767578,43.9849853515,57.196044922,6.813293457,7.4941101075,10.794067383,5.869273965894956
0,ma_bounded,double,lookup,2,1024,54,41.259765625,45.1904296875,61.022949219,6.79901123,7.970550537,11.157592773,5.6696748207946275
0,ma_bounded,double,lookupApply,0,1024,54,64.385986328,69.302368164,163.793945312,11.554748535,12.939880371000001,16.017028809,5.355719386657999
0,ma_bounded,double,lookupApply,1,1024,54,64.385986328,69.3939208985,92.736816406,11.554748535,12.934539795,16.441589355,5.365008883062469
0,ma_bounded,double,lookupApply,2,1024,54,64.605712891,69.3145751955,165.173339844,11.816162109,13.135070801,17.196899414,5.277061406492224
0,ma_bounded,double,prepared,0,1024,54,24.176025391,25.946044922,97.125244141,1.215026855,1.292602539,2.671875,20.072716971508285
0,ma_bounded,double,prepared,1,1024,54,24.169921875,25.939941406,30.236816406,1.215820312,1.2808532715,3.089477539,20.252078815883323
0,ma_bounded,double,prepared,2,1024,54,24.169921875,25.946044922,38.262939453,1.216125488,1.2773132325,1.788085938,20.31298530527045
0,ma_bounded,double,vienot,0,1024,54,22.344970703,23.959350586,25.531005859,1.242980957,1.3515625,1.577941895,17.727149566520232
0,ma_bounded,double,vienot,1,1024,54,22.802734375,24.3194580075,32.550048828,1.247924805,1.347290039,3.067016602,18.050647821571253
0,ma_bounded,float,brettel,0,1024,54,28.747558594,166.976928711,462.316894531,2.155761719,2.3081970215,2.655456543,72.3408474907782
0,ma_bounded,float,brettel,1,1024,54,26.538085938,166.909790039,196.508789062,2.153503418,2.364807129,3.771789551,70.5807200900907
0,ma_bounded,float,brettel,2,1024,54,26.867675781,165.365600586,202.154541016,2.153198242,2.311767578,39.576538086,71.53210476680542
0,ma_bounded,float,lookup,0,1024,54,27.264404297,29.907226562,36.767578125,5.54296875,5.964416504000001,9.184265137,5.014275334719313
0,ma_bounded,float,lookup,1,1024,54,27.880859375,29.0283203125,40.191650391,5.541931152,5.9670104980000005,24.355163574,4.864801280679764
0,ma_bounded,float,lookup,2,1024,54,27.899169922,29.315185547,30.847167969,5.562438965,5.9651184085,43.430603027,4.914434809077268
0,ma_bounded,float,lookupApply,0,1024,54,45.007324219,48.516845703,61.767578125,12.371032715,12.6971740725,30.195922852,3.8210743135419043
0,ma_bounded,float,lookupApply,1,1024,54,46.032714844,48.3947753905,61.389160156,12.36126709,13.519348145,18.901428223,3.5796678117501055
0,ma_bounded,float,lookupApply,2,1024,54,46.032714844,49.417114258,61.743164062,12.366821289,13.5857543945,76.739440918,3.6374214359421817
0,ma_bounded,float,prepared,0,1024,54,18.286132812,19.592285156,25.756835938,0.767578125,0.826599121,4.442871094,23.702281623887668
0,ma_bounded,float,prepared,1,1024,54,18.701171875,19.503784179500002,26.733398438,0.76763916,0.8358764645,1.280883789,23.333333342704737
0,ma_bounded,float,prepared,2,1024,54,18.701171875,19.699096679500002,23.986816406,0.768981934,0.827819824,1.291320801,23.79635774402523
0,ma_bounded,float,vienot,0,1024,54,19.177246094,20.5474853515,26.916503906,0.767944336,0.8160705564999999,1.345336914,25.17856475501944
0,ma_bounded,float,vienot,1,1024,54,20.300292969,21.804809570000003,37.817382812,0.768676758,0.8346862795000001,1.566467285,26.12335928543318
0,ma_direct,double,brettel,0,1024,54,22.424316406,23.141479492000002,30.786132812,4.288574219,4.819885254,9.005493164,4.801251123726441
0,ma_direct,double,brettel,1,1024,54,22.888183594,25.1434326175,36.822509766,4.413818359,4.758666992,8.082214355,5.283713413813092
0,ma_direct,double,brettel,2,1024,54,23.028564453,24.792480469,30.932617188,4.418579102,4.784912109,9.181945801,5.181386805907577
0,ma_direct,double,lookup,0,1024,54,22.454833984,24.078369141,27.923583984,6.814453125,7.9464416505,10.829040527,3.03008191590823
0,ma_direct,double,lookup,1,1024,54,22.454833984,24.191284179500002,39.35546875,7.423339844,7.9515075685,12.563293457,3.042351902591917
0,ma_direct,double,lookup,2,1024,54,22.4609375,24.545288086,41.143798828,7.420288086,7.9386901855000005,11.052185059,3.091856151639714
0,ma_direct,double,lookupApply,0,1024,54,45.416259766,48.8891601565,57.238769531,11.306884766,12.1247253415,16.049377441,4.032187021108366
0,ma_direct,double,lookupApply,1,1024,54,45.8984375,48.266601562,67.749023438,11.290893555,12.930511474500001,20.872375488,3.732768162897932
0,ma_direct,double,lookupApply,2,1024,54,45.581054688,49.481201172,68.395996094,11.263183594,12.941070557,15.228515625,3.8235786563450076
0,ma_direct,double,prepared,0,1024,54,24.731445312,25.939941406,35.760498047,1.187744141,1.2778930665,4.052856445,20.29899221305463
0,ma_direct,double,prepared,1,1024,54,24.176025391,25.521850586,30.584716797,1.188049316,1.2632141115,2.723327637,20.203899207311856
0,ma_direct,double,prepared,2,1024,54,24.169921875,25.405883789,28.564453125,1.190490723,1.26651001,4.288330078,20.05975759244098
0,ma_direct,double,vienot,0,1024,54,22.863769531,23.486328125,26.123046875,1.245605469,1.3486328125,6.500854492,17.414916727009413
0,ma_direct,double,vienot,1,1024,54,22.808837891,23.9013671875,28.125,1.244506836,1.3326721190000002,1.901062012,17.934919510010396
0,ma_direct,float,brettel,0,1024,54,28.021240234,168.420410156,201.251220703,2.154663086,2.276123047,2.370849609,73.99442239205094
0,ma_direct,float,brettel,1,1024,54,27.716064453,169.381713867,197.839355469,2.154418945,2.3651123045,3.723632812,71.6167741991467
0,ma_direct,float,brettel,2,1024,54,26.66015625,168.5821533205,204.180908203,2.154663086,2.3092346189999997,4.688293457,73.00347566827294
0,ma_direct,float,lookup,0,1024,54,21.624755859,23.187255859,24.865722656,5.526977539,6.0905151365000005,11.705810547,3.807109142548635
0,ma_direct,float,lookup,1,1024,54,22.125244141,23.440551757999998,37.365722656,5.52923584,5.939880371,9.421875,3.9463003114410697
0,ma_direct,float,lookup,2,1024,54,22.125244141,23.391723632999998,29.669189453,5.423339844,5.9609375,9.764953613,3.9241685780131057
0,ma_direct,float,lookupApply,0,1024,54,39.276123047,42.5079345705,54.534912109,11.56036377,13.56829834,19.166931152,3.132886195845543
0,ma_direct,float,lookupApply,1,1024,54,39.086914062,42.349243164,53.778076172,12.35760498,13.584320068499999,26.471801758,3.11750922758376
0,ma_direct,float,lookupApply,2,1024,54,40.423583984,42.254638672,56.689453125,11.566772461,13.709197998,18.843444824,3.0822108396249304
0,ma_direct,float,prepared,0,1024,54,18.286132812,20.068359375,28.753662109,0.768493652,0.8078308105,1.358581543,24.842280232637894
0,ma_direct,float,prepared,1,1024,54,18.286132812,19.6197509765,76.879882812,0.768859863,0.844482422,2.03314209,23.232870768386462
0,ma_direct,float,prepared,2,1024,54,18.701171875,19.592285156,21.374511719,0.768371582,0.837005615,3.169494629,23.40759106616029
0,ma_direct,float,vienot,0,1024,54,19.177246094,20.660400391,28.302001953,0.769470215,0.806091309,2.668518066,25.630347530517785
0,ma_direct,float,vienot,1,1024,54,19.848632812,21.264648438,78.533935547,0.769104004,0.8427429200000001,1.593078613,25.232663405822496
0,default,double,brettel,0,8191,54,25.841624954,26.977780490999997,34.09153339,4.492117873,4.732690606,16.123809669,5.700305119628603
0,default,double,brettel,1,8191,54,26.424581858,27.595455378,31.233976315,4.488516359,4.8202142595,5.052504273,5.724943724983394
0,default,double,brettel,2,8191,54,27.137254304,27.670232572499998,36.138749847,4.49203394,4.819058265000001,5.267503968,5.7418339955472595
0,default,double,lookup,0,8191,54,42.118636308,43.7828104015,48.143541692,7.305266451,8.129433219500001,8.902583628,5.385714996277791
0,default,double,lookup,1,8191,54,41.66386888,43.156742156,52.261628617,7.602688927,8.1455828045,9.049551337,5.298177330191549
0,default,double,lookup,2,8191,54,41.946953974,43.2555548775,48.020693444,6.966922537,8.0342945005,8.980718166,5.383864740682343
0,default,double,lookupApply,0,8191,54,54.807868392,57.008072885000004,65.362898303,12.07747833,12.872798651,15.207346478,4.4285686765225245
0,default,double,lookupApply,1,8191,54,54.611769015,56.576196435,128.921224515,12.077676718,12.855226009999999,14.126190331,4.401026974631931
0,default,double,lookupApply,2,8191,54,54.269930411,56.240080576,61.373000855,11.529308082,13.0215518555,14.645220364,4.318999855016934
0,default,double,prepared,0,8191,54,24.767275058,25.690162984,31.207270175,1.214061165,1.2962741119999999,8.543660725,19.818464895795127
0,default,double,prepared,1,8191,54,24.769564156,25.769518374,64.23666219,1.21324472,1.2936225735,1.711909413,19.920430349540435
0,default,double,prepared,2,8191,54,24.769564156,25.394106336500002,30.996673178,1.21254273,1.2939506774999998,1.995604932,19.62525062049748
0,default,double,vienot,0,8191,54,23.138963497,23.858121719,27.706476621,1.322129471,1.412670919,6.357999634,16.888662035945824
0,default,double,vienot,1,8191,54,23.179404224,24.210261262499998,27.673666219,1.320725491,1.4045789585000001,1.448335063,17.23666805343218
0,default,float,brettel,0,8191,54,31.130966915,174.3292943475,180.532749359,2.129005921,2.283840496,2.85113234,76.33164165922558
0,default,float,brettel,1,8191,54,30.310706873,174.7756684165,179.715541448,2.178534367,2.2656612440000004,2.852780491,77.14112993694302
0,default,float,brettel,2,8191,54,30.241270907,174.38194359649998,179.621688439,2.15941277,2.3172193565,4.307906544,75.25482777767397
0,default,float,lookup,0,8191,54,28.010163594,30.1653491635,68.198327433,5.647257661,5.980950891,6.266954584,5.043570782179827
0,default,float,lookup,1,8191,54,27.474514711,30.019991454,66.759247955,5.62826578,5.9222965755,7.120047918,5.068978068101142
0,default,float,lookup,2,8191,54,27.743865218,29.698373214500002,34.199120986,5.66526523,5.9519251314999995,7.639657856,4.989708801497549
0,default,float,lookupApply,0,8191,54,37.466426566,40.6372085215,97.427817116,12.481160725,13.5550337265,15.347217983,2.9979422656879513
0,default,float,lookupApply,1,8191,54,37.538914662,40.490706263,45.129562935,12.381417104,13.2367003415,16.288006654,3.0589727967212967
0,default,float,lookupApply,2,8191,54,36.984189965,40.654758271,111.094493957,12.819603833,13.4691048105,14.576410084,3.0183712164231657
0,default,float,prepared,0,8191,54,18.301336833,19.77551581,23.032901966,0.765115676,0.801428397,1.319603833,24.675337040746264
0,default,float,prepared,1,8191,54,18.305151996,19.752624832499997,22.349987791,0.747962703,0.803866286,1.77130387,24.57202793114774
0,default,float,prepared,2,8191,54,18.301336833,19.8258759615,23.04587352,0.748115309,0.7871863935,1.222332438,25.185745237986
0,default,float,vienot,0,8191,54,19.211634721,21.089839458,24.587199365,0.765275913,0.8084444815,1.071007813,26.08693601182062
0,default,float,vienot,1,8191,54,20.088359175,21.4717372725,24.430777683,0.748817299,0.7886018189999999,1.156078318,27.227603024968424
0,prepared,double,brettel,0,8191,54,34.919423758,36.545064705,41.202234159,4.400538701,4.811172323499999,6.825334208,7.595875235334419
0,prepared,double,brettel,1,8191,54,34.964442681,37.297033329499996,83.395647662,4.399523868,4.793985014,7.180106214,7.779964522329646
0,prepared,double,brettel,2,8191,54,35.314674643,37.1627395925,40.111097546,4.400248749,4.8204965815000005,8.101521487,7.709317694596523
0,prepared,double,lookup,0,8191,54,42.020205103,44.5767458185,48.744048346,7.146433586,7.994124649,10.174887071,5.576188485386726
0,prepared,double,lookup,1,8191,54,42.064460994,44.4130753265,47.652911732,7.129555305,8.163323312,11.25280796,5.440563068378444
0,prepared,double,lookup,2,8191,54,42.006470516,44.425283848,48.989744842,7.428702234,8.214988249000001,12.27388292,5.4078329148441355
0,prepared,double,lookupApply,0,8191,54,54.173025272,57.1747955075,61.43633256,11.79681968,12.9386140275,15.624153034,4.418927358523834
0,prepared,double,lookupApply,1,8191,54,54.153186424,57.0756012695,102.807959956,11.791638689,13.1751312415,15.54775058,4.332070794841045
0,prepared,double,lookupApply,2,8191,54,53.839580027,56.2396990595,62.404620925,11.795690392,13.047800177,18.824929801,4.310282062614393
0,prepared,double,prepared,0,8191,54,24.771853254,26.0915181295,64.648699792,1.232114516,1.2914479305,1.796987547,20.203306314795324
0,prepared,double,prepared,1,8191,54,24.765748993,26.0148333535,29.313423269,1.232969112,1.2770762114999998,1.35111708,20.370619325015905
0,prepared,double,prepared,2,8191,54,24.453668661,26.056037114,55.599896228,1.233198022,1.2938476685,2.316734831,20.138411768525746
0,prepared,double,vienot,0,8191,54,11.189109999,12.0223415945,31.704767428,1.343601209,1.4057235074999999,2.03182609,8.552422670857272
0,prepared,double,vienot,1,8191,54,11.188346966,12.042180442,13.740691002,1.344219265,1.3919431389999999,1.747604078,8.65134509061293
0,prepared,float,brettel,0,8191,54,27.784305946,29.466411305,33.504761323,2.13343151,2.3202981935,9.993498962,12.699407079463382
0,prepared,float,brettel,1,8191,54,27.778964717,29.400027469,34.795049445,2.134164021,2.3197221035,2.852925467,12.67394375586679
0,prepared,float,brettel,2,8191,54,27.870528629,29.244750336000003,33.977078501,2.111669821,2.322358381,3.05172598,12.592694811989917
0,prepared,float,lookup,0,8191,54,27.18914052,28.7522127945,33.295690392,5.535442864,6.1141954585,7.609632524,4.702534125651554
0,prepared,float,lookup,1,8191,54,27.273837138,28.759461604000002,31.433127823,5.535366561,6.0876533695,7.438293554,4.7242278524084425
0,prepared,float,lookup,2,8191,54,27.245604932,29.233686363,71.673177878,5.811408863,5.994426046999999,7.806243133,4.876811580256368
0,prepared,float,lookupApply,0,8191,54,36.987242095,39.04704859,97.256897815,12.488661336,13.801893846999999,20.856557502,2.8291080211783637
0,prepared,float,lookupApply,1,8191,54,36.729337077,38.981809303000006,43.721004761,12.712344341,13.8046674705,15.406505616,2.8238137127390073
0,prepared,float,lookupApply,2,8191,54,36.743071664,39.069176535500006,49.995421804,12.091388414,13.7850804235,17.279712489,2.834163844912878
0,prepared,float,prepared,0,8191,54,18.718715664,19.664113051,22.363722378,0.760461177,0.8064873035,5.465503296,24.382421106521488
0,prepared,float,prepared,1,8191,54,18.302862898,20.092555854,25.521914296,0.732854658,0.806807777,1.299062996,24.90377067101573
0,prepared,float,prepared,2,8191,54,18.300573801,19.637788426,22.545324136,0.756264498,0.8055373275,1.153583201,24.378495887889194
0,prepared,float,vienot,0,8191,54,8.452112074,8.797002808,10.402423392,0.76732847,0.8066132035,3.207430411,10.906098201503095
0,prepared,float,vienot,1,8191,54,8.453638139,8.881699426,10.545110487,0.734052619,0.8069184165000001,1.217540593,11.006936072328447
0,inline,double,brettel,0,8191,54,41.604352338,44.4523715055,53.464167989,4.587748749,4.8027942255,17.45459956,9.255522809926807
0,inline,double,brettel,1,8191,54,40.73525821,44.00866805,85.606916127,4.504356916,4.8209048045,6.664204615,9.12871542473122
0,inline,double,brettel,2,8191,54,41.756195825,44.0597912345,47.053168111,4.383523074,4.872890215,6.783787083,9.041818980216856
0,inline,double,lookup,0,8191,54,41.689048956,44.136476009999996,48.285465755,7.490858869,8.006115706,11.091884385,5.512845133742313
0,inline,double,lookup,1,8191,54,41.703546576,44.135331461,53.065101941,7.312843365,8.165993925999999,9.069664876,5.404771527012278
0,inline,double,lookup,2,8191,54,41.761537053,44.110151386,91.877518008,6.813965023,8.016435722499999,10.641679893,5.502464301209895
0,inline,double,lookupApply,0,8191,54,54.770479795,58.0038304235,67.027072397,12.371215358,13.0711718655,17.377617202,4.4375386553209575
0,inline,double,lookupApply,1,8191,54,54.347759736,57.7161671345,59.965205714,12.075662312,12.8857816505,16.986288304,4.4790582907526195
0,inline,double,lookupApply,2,8191,54,54.788029545,57.916081675,61.673635698,11.26871719,12.933448297,17.019709132,4.478007747433763
0,inline,double,prepared,0,8191,54,24.770327188,26.097240874500002,33.37733488,1.216838603,1.306094341,1.631249237,19.98113004189182
0,inline,double,prepared,1,8191,54,24.768038091,26.049169820499998,29.659077036,1.217807655,1.3111265415,2.113707118,19.867777057352782
0,inline,double,prepared,2,8191,54,24.768038091,26.0877029665,29.451532169,1.162991393,1.2743712615,3.391504395,20.471038350153503
0,inline,double,vienot,0,8191,54,17.651233061,18.7431327065,20.825448663,1.332796667,1.4132660845,2.512330607,13.262281542071491
0,inline,double,vienot,1,8191,54,17.357465511,18.326516909,21.883774875,1.332789037,1.413674307,2.179129532,12.963747603145764
0,inline,float,brettel,0,8191,54,32.953851789,35.084620314999995,45.283695519,2.128929618,2.3186271515000003,3.519121597,15.131635240406176
0,inline,float,brettel,1,8191,54,32.781406422,34.898440361,41.682181663,2.112203943,2.3179442375,4.132325113,15.05577217795344
0,inline,float,brettel,2,8191,54,32.940880234,35.465755097,38.218776706,2.209750031,2.3148654015,9.290181297,15.320871388037805
0,inline,float,lookup,0,8191,54,28.316139665,30.485059821500002,74.839000122,5.539738738,6.0102933095,7.607808876,5.072141782717102
0,inline,float,lookup,1,8191,54,28.303931144,30.427832377,33.074410939,5.818993407,6.125888933000001,8.366255646,4.967088484593
0,inline,float,lookup,2,8191,54,28.284092296,30.494216213,38.866591381,5.778697656,6.0381363695,15.466830973,5.050269544595452
0,inline,float,lookupApply,0,8191,54,37.600720303,40.4624740565,98.400683677,12.602917837,13.715869552000001,15.821343548,2.9500480376470115
0,inline,float,lookupApply,1,8191,54,37.564857771,40.440727628000005,78.82584544,12.859876694,13.789467861,30.451745819,2.9327257611134008
0,inline,float,lookupApply,2,8191,54,37.261170797,40.448357954,93.515748993,12.395098279,13.7677862895,42.170217312,2.937898446669523
0,inline,float,prepared,0,8191,54,18.302099866,20.092174338,23.496062752,0.753807533,0.804591167,1.641443352,24.971905188713063
0,inline,float,prepared,1,8191,54,18.301336833,19.805274081,54.553778537,0.783855756,0.822964992,5.920438591,24.0657552551154
0,inline,float,prepared,2,8191,54,18.302862898,20.169622146000002,21.787632768,0.765665059,0.786060921,5.487638872,25.659108101113706
0,inline,float,vienot,0,8191,54,13.235563423,13.901309363500001,16.806555976,0.760026248,0.8066322795,1.550459346,17.23376278980167
0,inline,float,vienot,1,8191,54,13.235563423,13.947854352,16.42580271,0.732160298,0.8062278725,6.319817483,17.30013911420558
0,bv_direct,double,brettel,0,8191,54,16.747039434,17.3979062385,48.703607618,4.489912709,4.766546362,6.079881883,3.6500025211545397
0,bv_direct,double,brettel,1,8191,54,16.769167379,17.147631547000003,19.320748382,4.48853925,4.821774661,16.232076364,3.55629052632744
0,bv_direct,double,brettel,2,8191,54,16.776034672,17.650470028,26.465022586,4.206407948,4.72799414,6.937149005,3.7331835669322553
0,bv_direct,double,lookup,0,8191,54,42.062171896,43.093028934,47.681143938,7.58100354,8.087733488000001,19.666455561,5.328195964659116
0,bv_direct,double,lookup,1,8191,54,42.084299841,43.677511902999996,102.843059455,7.421842571,7.993842326999999,12.419736601,5.463894597404661
0,bv_direct,double,lookup,2,8191,54,42.097271395,43.78815163,84.511964351,6.985746551,8.0154170735,11.359800391,5.462991036956675
0,bv_direct,double,lookupApply,0,8191,54,54.044072763,55.675436454999996,59.786656086,11.52832377,13.012864729499999,15.704218044,4.278491908763525
0,bv_direct,double,lookupApply,1,8191,54,53.992186546,55.641481504,59.701196435,12.249671896,12.8587664815,15.777995666,4.327124346184512
0,bv_direct,double,lookupApply,2,8191,54,54.039494567,56.655170309,111.187583934,11.983861861,12.890535344,20.871543462,4.395098325793784
0,bv_direct,double,prepared,0,8191,54,24.697839092,25.4162342815,27.597362959,1.203905201,1.2960871685000002,1.68305152,19.60997292405491
0,bv_direct,double,prepared,1,8191,54,24.767275058,25.388765108,29.834574533,1.204485106,1.2743292945,1.56952753,19.92323743758996
0,bv_direct,double,prepared,2,8191,54,24.767275058,25.438362227,29.563697961,1.203752594,1.258885515,1.804144793,20.20704974669599
0,bv_direct,double,vienot,0,8191,54,5.129868148,5.515962642,6.430075693,1.31414815,1.4069672505,2.542172812,3.9204627115803645
0,bv_direct,double,vienot,1,8191,54,5.245849103,5.4656024905,6.335459651,1.314987486,1.4084170125,8.478291723,3.880670598261465
0,bv_direct,float,brettel,0,8191,54,14.178671713,15.106519350500001,19.805274081,2.132668478,2.284263979,4.142351361,6.613298414447397
0,bv_direct,float,brettel,1,8191,54,14.103131486,14.846325234999998,18.172384324,2.112539678,2.3190010375,4.086985716,6.402034753294067
0,bv_direct,float,brettel,2,8191,54,14.104657551,14.584223538,17.432242705,2.160755707,2.3093753814999998,3.559821756,6.315224304732635
0,bv_direct,float,lookup,0,8191,54,27.621780002,29.2928213895,34.65846661,5.554869674,5.993697351,8.160084239,4.8872706902047245
0,bv_direct,float,lookup,1,8191,54,27.6240691,29.165776462,33.427695031,5.681548346,5.9721149735,7.647066903,4.883659573102156
0,bv_direct,float,lookup,2,8191,54,27.640092785,29.199349896,32.176321572,5.660366561,5.9907444145,7.971660969,4.874077055486775
0,bv_direct,float,lookupApply,0,8191,54,37.015474301,39.0321694545,67.716090831,12.380738005,13.565346112,16.770289037,2.8773441630045746
0,bv_direct,float,lookupApply,1,8191,54,37.238279819,39.0424703945,44.506165303,12.552496643,13.512994445,16.018877426,2.8892537885225185
0,bv_direct,float,lookupApply,2,8191,54,37.224545233,38.449975583,44.701501648,12.838229459,13.5209910265,15.592723721,2.8437246580255318
0,bv_direct,float,prepared,0,8191,54,18.302099866,19.7892503965,56.755890612,0.76171255,0.7904102065,1.207903492,25.036683779841855
0,bv_direct,float,prepared,1,8191,54,18.303625931,19.6458002685,21.860883897,0.751236113,0.7920316505,1.061370712,24.804312120731343
0,bv_direct,float,prepared,2,8191,54,18.718715664,19.1994261995,24.709284581,0.751022464,0.7951448235,1.358594799,24.145823040121947
0,bv_direct,float,vienot,0,8191,54,4.460688561,4.8376266635,5.532749359,0.768999512,0.7913563665000001,1.157199976,6.113082383978015
0,bv_direct,float,vienot,1,8191,54,4.561408863,4.778873153,5.857038213,0.735601575,0.792111769,0.851445184,6.033079345649768
0,bv_split,double,brettel,0,8191,54,8.549017214,9.12968502,11.267702356,4.205248138,4.839045904,6.159038884,1.8866704720559313
0,bv_split,double,brettel,1,8191,54,8.601666463,9.0007325115,11.811744598,4.301809913,4.816624191000001,6.760354352,1.8686806681571972
0,bv_split,double,brettel,2,8191,54,8.768770602,9.29564461,28.100201441,4.491820291,4.7479512575000005,6.45295141,1.9578222491893387
0,bv_split,double,lookup,0,8191,54,41.527286046,43.22541509,88.450738616,6.967670309,8.167115584000001,9.935691613,5.292617037853837
0,bv_split,double,lookup,1,8191,54,41.541020632,44.360044561,49.146929557,7.600468502,8.1355908925,9.933806922,5.452590370773736
0,bv_split,double,lookup,2,8191,54,41.630295446,44.110914418,48.36024295,7.509019045,8.1526103345,10.149645953,5.410649179604795
0,bv_split,double,lookupApply,0,8191,54,54.599560493,56.550634843,61.939934074,11.270991027,13.0673490725,15.283733671,4.3276286972397315
0,bv_split,double,lookupApply,1,8191,54,54.18141863,57.4807715785,62.063545355,12.253204737,13.1584780555,15.298712001,4.368344981543979
0,bv_split,double,lookupApply,2,8191,54,54.714015383,57.4258332315,61.402759126,12.079370651,12.944245208,14.954614821,4.43639874776235
0,bv_split,double,prepared,0,8191,54,24.700128189,25.5364119155,29.144793066,1.259049567,1.303583964,2.336024295,19.58938788809771
0,bv_split,double,prepared,1,8191,54,24.769564156,25.489485411,32.449487242,1.241141192,1.3001732085,2.018244109,19.604684394633104
0,bv_split,double,prepared,2,8191,54,24.765748993,26.049551337,67.141527286,1.211062447,1.301832804,2.217914479,20.009905463251794
0,bv_split,double,vienot,0,8191,54,5.270266146,5.530078745,7.522738371,1.318154072,1.4109350200000002,3.257180137,3.9194425445616905
0,bv_split,double,vienot,1,8191,54,5.245849103,5.5560218535,17.631394213,1.318192223,1.4083674154999999,1.504967342,3.9450088040609033
0,bv_split,float,brettel,0,8191,54,8.65355268,9.244902942,10.542821389,2.130974545,2.324464351,9.436874313,3.977218638789956
0,bv_split,float,brettel,1,8191,54,8.713069222,9.298315224,11.291356367,2.113089061,2.3243308205,3.026637468,4.0004267645514355
0,bv_split,float,brettel,2,8191,54,8.79471371,9.287632768,12.754852887,2.112959346,2.3189934075,2.860922049,4.0050276719038065
0,bv_split,float,lookup,0,8191,54,27.180747162,28.6125778295,32.900439507,5.535481016,6.060996826,7.809577585,4.720770964069797
0,bv_split,float,lookup,1,8191,54,27.181510194,28.548101575,41.813423269,5.534557746,6.084463893500001,7.960467281,4.691966634151249
0,bv_split,float,lookup,2,8191,54,27.161671347,28.740004272999997,33.757325113,5.573487669,6.085059058500001,7.645197473,4.723044426800446
0,bv_split,float,lookupApply,0,8191,54,36.758332316,38.543828592,44.516084727,12.135392504,13.69909428,16.511682029,2.813604155442019
0,bv_split,float,lookupApply,1,8191,54,36.760621414,38.599148456,44.579416433,12.553480955,13.790639116000001,17.256287389,2.798938332830201
0,bv_split,float,lookupApply,2,8191,54,36.756043218,39.159595898000006,83.758851178,12.379868148,13.802454676,15.470768221,2.837147218899515
0,bv_split,float,prepared,0,8191,54,18.301336833,19.6328287145,23.094707606,0.759438713,0.806281284,5.544149066,24.349850485305325
0,bv_split,float,prepared,1,8191,54,18.717952631,19.6519045295,27.801855695,0.751068246,0.806109602,1.350773715,24.37870046547343
0,bv_split,float,prepared,2,8191,54,18.717952631,19.669454279,22.75210597,0.768442498,0.811607252,1.379784214,24.23518793176087
0,bv_split,float,vienot,0,8191,54,4.562171896,4.826944207,6.274417043,0.76568795,0.8070748385,6.209757661,5.980788864600442
0,bv_split,float,vienot,1,8191,54,4.562171896,4.8071053599999995,7.045842998,0.751228482,0.820176108,1.42765688,5.861064853159561
0,ma_fixed,double,brettel,0,8191,54,26.047643755,26.804572090999997,29.202783543,4.492766451,4.8191994265,6.428488585,5.562038363385831
0,ma_fixed,double,brettel,1,8191,54,26.455866195,27.333735197499998,31.015748993,4.493292943,4.840774173,6.471355756,5.646562764682805
0,ma_fixed,double,brettel,2,8191,54,25.958368942,26.8968990355,33.205652545,4.494063606,4.848545659999999,7.655620498,5.547415848302025
0,ma_fixed,double,lookup,0,8191,54,43.471493102,45.137193261,52.057135881,7.589961543,8.162705256,23.394991454,5.5296855448531455
0,ma_fixed,double,lookup,1,8191,54,43.382981321,44.753387865,108.879410328,7.385568001,8.161976559500001,10.046392382,5.483155647256793
0,ma_fixed,double,lookup,2,8191,54,43.547033329,45.9536381395,91.708124771,7.602330302,8.177389818,11.435897632,5.6195973485753665
0,ma_fixed,double,lookupApply,0,8191,54,68.020540838,70.454233305,79.089854719,11.526896899,13.147746002,34.191223599,5.35865488231083
0,ma_fixed,double,lookupApply,1,8191,54,67.646654865,69.7186698815,135.119338298,12.255135209,13.1748641805,18.306082896,5.291794201923538
0,ma_fixed,double,lookupApply,2,8191,54,68.588237089,71.101284947,81.222530827,12.252762178,13.162735777,17.54096722,5.401710263852545
0,ma_fixed,double,prepared,0,8191,54,24.769564156,25.392580271,27.983457453,1.213672018,1.315044714,2.423147357,19.30929039953542
0,ma_fixed,double,prepared,1,8191,54,24.545995605,25.5146654865,30.467128556,1.213931449,1.311538579,1.836901782,19.453995402829854
0,ma_fixed,double,prepared,2,8191,54,24.768801123,25.649722255999997,31.47051642,1.214206141,1.3110159015,1.807921804,19.564768227946622
0,ma_fixed,double,vienot,0,8191,54,22.904712489,23.498733366,28.251281895,1.322717006,1.4160549690000002,1.869284886,16.59450648486796
0,ma_fixed,double,vienot,1,8191,54,22.842143816,23.941292272,28.443566109,1.323151935,1.413823099,2.080614394,16.933725505640503
0,ma_fixed,float,brettel,0,8191,54,32.101544378,175.511613356,183.338420217,2.134774448,2.3000358625,3.368079294,76.30820728387664
0,ma_fixed,float,brettel,1,8191,54,30.844829691,175.13849041650002,256.36750702,2.160625992,2.317547461,3.824182029,75.57061650894062
0,ma_fixed,float,brettel,2,8191,54,30.65636064,172.00318947649998,240.358320107,2.160229215,2.264421316,2.815437675,75.95900474048531
0,ma_fixed,float,lookup,0,8191,54,27.284519595,29.8376266635,60.92204859,5.664670065,5.981904682,7.734174704,4.987980960860787
0,ma_fixed,float,lookup,1,8191,54,27.637803687,29.266496765,76.638994018,5.630524356,5.999813057,8.373672323,4.8779014424215585
0,ma_fixed,float,lookup,2,8191,54,27.540898547,28.749923697,33.720699548,5.63435478,6.115938988,8.984602002,4.700819245157584
0,ma_fixed,float,lookupApply,0,8191,54,45.575173971,50.4479001345,55.750976682,12.862058967,13.6131157675,43.765886339,3.7058305384384886
0,ma_fixed,float,lookupApply,1,8191,54,46.295476743,49.541035893,95.791875229,12.47121078,13.601983122,18.000633317,3.6421921310041747
0,ma_fixed,float,lookupApply,2,8191,54,45.575173971,48.6566811135,53.533603956,12.093143389,13.246886827,16.99249939,3.6730653585963484
0,ma_fixed,float,prepared,0,8191,54,18.302099866,20.119261995,22.812385545,0.764642596,0.8039960020000001,5.505905872,25.024082140896013
0,ma_fixed,float,prepared,1,8191,54,18.303625931,19.693489806,23.541844708,0.750877487,0.789441155,2.141183921,24.9461149590054
0,ma_fixed,float,prepared,2,8191,54,18.300573801,19.195229519999998,22.110395556,0.751503174,0.789280918,1.60277286,24.319895593877767
0,ma_fixed,float,vienot,0,8191,54,19.635117812,20.7876785495,27.003723599,0.767809181,0.843181541,5.9597424,24.65385867537629
0,ma_fixed,float,vienot,1,8191,54,20.099041631,21.6838603345,28.609907215,0.751991515,0.7894258940000001,1.06578104,27.467885838692794
0,ma_bounded,double,brettel,0,8191,54,26.085795385,27.4363630815,31.504089855,4.562454218,4.8087687705,5.683700098,5.705486038299832
0,ma_bounded,double,brettel,1,8191,54,26.727505799,28.177649248999998,31.44991454,4.488264559,4.696374069,6.166241912,5.999873271381015
0,ma_bounded,double,brettel,2,8191,54,26.500122085,28.121947869499998,70.343975095,4.206125626,4.823586864,5.563568246,5.830090482952272
0,ma_bounded,double,lookup,0,8191,54,42.232328165,45.18602734700001,51.320809425,7.594699976,8.120887254,9.817490233,5.56417370832766
0,ma_bounded,double,lookup,1,8191,54,42.645891832,45.2924703945,54.826181174,6.801558113,8.1681990905,9.979222622,5.5449763029377275
0,ma_bounded,double,lookup,2,8191,54,42.082773776,45.0822549135,108.866438774,7.449342266,8.0388459895,11.162167318,5.608050579944501
0,ma_bounded,double,lookupApply,0,8191,54,66.489897448,70.30773104650001,73.28393969,12.10183433,13.1440948905,36.60720608,5.348997525673334
0,ma_bounded,double,lookupApply,1,8191,54,66.631821511,70.27682822599999,73.451043829,12.16198419,12.9899470455,36.988852094,5.410093511531706
0,ma_bounded,double,lookupApply,2,8191,54,66.199945062,71.019640459,81.414052008,11.982755463,12.8591403675,14.776484861,5.522891766427403
0,ma_bounded,double,prepared,0,8191,54,24.769564156,25.768755341499997,29.103589305,1.207010743,1.30313759,2.232053473,19.77439338658015
0,ma_bounded,double,prepared,1,8191,54,24.768038091,25.9869826635,34.1853864,1.207918752,1.296960841,8.314483885,20.036829056043953
0,ma_bounded,double,prepared,2,8191,54,24.765748993,26.292958735,65.275149554,1.207331217,1.3022524720000002,1.876014833,20.190369609833994
0,ma_bounded,double,vienot,0,8191,54,22.905475522,24.133958002500002,26.735136125,1.316879807,1.4124458245,3.276088084,17.08664331323527
0,ma_bounded,double,vienot,1,8191,54,23.368636308,24.525775240999998,27.460017092,1.317543645,1.4148188560000001,2.39840221,17.334922514631792
0,ma_bounded,float,brettel,0,8191,54,31.166829447,171.0249816875,181.715449884,2.186904835,2.2697892505,3.04540807,75.34839705925376
0,ma_bounded,float,brettel,1,8191,54,31.252289098,176.468837749,237.999786351,2.187332133,2.2686027345,3.243994933,77.78745703923067
0,ma_bounded,float,brettel,2,8191,54,30.44500061,175.0682914175,249.787876938,2.18680564,2.268705744,4.207666952,77.16659239766972
0,ma_bounded,float,lookup,0,8191,54,27.904102063,30.176413136500003,35.317726773,5.687698388,5.956060768,8.859762239,5.066505247667749
0,ma_bounded,float,lookup,1,8191,54,27.44780857,30.1767946525,32.602856794,5.689331278,5.81320199,7.912960872,5.191079667352141
0,ma_bounded,float,lookup,2,8191,54,27.438652179,30.0425009155,32.679923086,5.663235563,5.97823831,8.711413442,5.025310025739004
0,ma_bounded,float,lookupApply,0,8191,54,45.352368453,49.4086497375,59.48525821,13.049185081,13.5612753325,16.056426261,3.6433630706612603
0,ma_bounded,float,lookupApply,1,8191,54,45.165425467,49.7310310095,60.970119644,12.091563912,13.499847393500001,18.362936455,3.6838217173806598
0,ma_bounded,float,lookupApply,2,8191,54,45.091411305,49.7512513735,53.368788915,12.379021182,13.396952447499999,15.370826212,3.713624540242663
0,ma_bounded,float,prepared,0,8191,54,18.300573801,19.674413991,22.82840923,0.771387804,0.7869727445000001,1.333178183,25.000121196700476
0,ma_bounded,float,prepared,1,8191,54,18.302862898,19.9147692585,40.349926749,0.779086803,0.7891244964999999,1.879524783,25.23653662613172
0,ma_bounded,float,prepared,2,8191,54,18.299047735,19.989927969500002,52.903339031,0.771464107,0.787743407,1.452516482,25.376192033937265
0,ma_bounded,float,vienot,0,8191,54,19.212397754,20.855969967,27.587443536,0.772272921,0.795202051,1.296087169,26.227258771242784
0,ma_bounded,float,vienot,1,8191,54,20.314979856,21.8154834575,29.166921011,0.771837993,0.787304664,1.484937737,27.709074333008143
0,ma_direct,double,brettel,0,8191,54,25.470791112,26.6309821755,71.818917104,4.702356245,4.8446503785,7.328538945,5.496987418057087
0,ma_direct,double,brettel,1,8191,54,27.023562447,28.41876755,34.853802954,4.702638567,4.863131028,14.723560921,5.843718251960699
0,ma_direct,double,brettel,2,8191,54,26.852643145,28.257767672,32.255676963,4.666882859,4.853997527500001,6.014612074,5.821545543010167
0,ma_direct,double,lookup,0,8191,54,23.010010988,24.7066139665,27.772097424,7.965083628,8.215987821999999,10.232328165,3.007138581722694
0,ma_direct,double,lookup,1,8191,54,23.09012941,24.9416280065,28.527499695,7.484693566,8.182448724,9.670133378,3.0481862884570883
0,ma_direct,double,lookup,2,8191,54,24.087413014,24.8599835185,68.016725675,7.583704676,8.193253266,10.42977048,3.0342017647205983
0,ma_direct,double,lookupApply,0,8191,54,46.905139788,49.9210261265,53.609907215,12.3700937,13.186282963,15.742766451,3.7858300376668477
0,ma_direct,double,lookupApply,1,8191,54,47.059272372,49.873336589000004,55.135972409,12.374633744,13.2292684045,15.797185936,3.7699240097083027
0,ma_direct,double,lookupApply,2,8191,54,47.482755463,50.001144549,68.544744231,12.078119277,13.2150836285,15.638910084,3.783641931797254
0,ma_direct,double,prepared,0,8191,54,24.769564156,26.0155963865,64.863111952,1.268480649,1.3175817969999999,2.49507844,19.744957349695383
0,ma_direct,double,prepared,1,8191,54,24.767275058,25.810722134000002,30.3862471,1.257225919,1.3091998839999999,1.410542058,19.71488269242774
0,ma_direct,double,prepared,2,8191,54,24.770327188,26.123947015,35.414631913,1.257905018,1.305380906,1.757996582,20.01250891209221
0,ma_direct,double,vienot,0,8191,54,22.809333415,23.687202417,32.466273959,1.379433219,1.420137193,2.200265535,16.679516974667393
0,ma_direct,double,vienot,1,8191,54,23.367873276,24.563163838,27.569893786,1.377060188,1.4198663169999999,3.734220486,17.299631341279294
0,ma_direct,float,brettel,0,8191,54,31.375900378,169.19522952,192.356702478,2.263681174,2.306487303,3.249427726,73.3562371229754
0,ma_direct,float,brettel,1,8191,54,30.741057258,169.65571969249999,251.737425223,2.213137895,2.3289891345,3.409252533,72.84521734315544
0,ma_direct,float,brettel,2,8191,54,30.323678428,170.2348614335,205.992858015,2.211657612,2.3205767,3.098934806,73.35886007710927
0,ma_direct,float,lookup,0,8191,54,21.689201563,23.034809547000002,32.890520083,5.935409291,6.107209895,8.877937675,3.771740277971894
0,ma_direct,float,lookup,1,8191,54,22.172201196,23.825311317,29.287480161,5.78043737,6.1170530155,7.822755158,3.8949002496184106
0,ma_direct,float,lookup,2,8191,54,21.679282139,23.320946771000003,62.848705897,5.916615798,6.1202119705,7.366133561,3.810480238823291
0,ma_direct,float,lookupApply,0,8191,54,39.859296789,42.025927847999995,50.795079966,12.68421896,13.797662831,17.284763765,3.0458729396965647
0,ma_direct,float,lookupApply,1,8191,54,39.802832377,43.2746306925,88.031070687,12.863943658,13.817978574000001,16.770617141,3.131762758260881
0,ma_direct,float,lookupApply,2,8191,54,40.980191674,42.6893846905,80.989042852,12.86588176,13.904418722,15.788983335,3.0702027566931323
0,ma_direct,float,prepared,0,8191,54,18.303625931,19.584757660500003,24.434592846,0.783664998,0.8032673054999999,1.602597363,24.381370343847518
0,ma_direct,float,prepared,1,8191,54,18.302099866,19.6305396165,25.206018801,0.783993102,0.8044538215,1.17790868,24.40232004852251
0,ma_direct,float,prepared,2,8191,54,19.153644244,19.627487486,26.195672079,0.789219875,0.8052550055000001,1.372642229,24.37425082978885
0,ma_direct,float,vienot,0,8191,54,19.650378464,20.74227811,27.144884629,0.78370315,0.8055029915,1.692635209,25.750715179063366
0,ma_direct,float,vienot,1,8191,54,19.880051276,21.2973843245,27.894182639,0.783871017,0.803927329,1.153835002,26.491678484163092
0,default,double,brettel,0,65536,54,26.31521225,28.1389713285,39.07661438,4.575640678,4.9397516249999995,5.872706413,5.696434449474977
0,default,double,brettel,1,65536,54,26.93605423,28.533601761,37.467193604,4.573433876,4.8541431425,6.46991539,5.878195373180634
0,default,double,brettel,2,65536,54,28.018093109,29.665803908999997,30.248737335,4.690026283,4.9070663455000005,5.581020355,6.045527372215961
0,default,double,lookup,0,65536,54,42.411422729,44.9685096745,48.45457077,7.468402863,8.360060215,17.319150925,5.378969590890679
0,default,double,lookup,1,65536,54,42.20790863,44.775867462,53.716278076,7.628811836,8.2206349375,17.905854225,5.446765098124758
0,default,double,lookup,2,65536,54,42.140960693,44.939851761,56.245517731,7.609861374,8.5082278255,9.262899399,5.28192858521146
0,default,double,lookupApply,0,65536,54,55.280399323,58.476829529,69.566345215,12.26513195,13.502394199000001,22.69071579,4.330848934430521
0,default,double,lookupApply,1,65536,54,55.445480347,58.6285114285,68.076515198,11.70588398,13.3641495705,14.299126625,4.386999046906544
0,default,double,lookupApply,2,65536,54,54.997730255,58.685922623,65.130805969,12.199154854,13.3335647585,13.924286842,4.401367802679203
0,default,double,prepared,0,65536,54,24.887657166,26.4724731445,27.187156677,1.361455917,1.4623169895,2.451438904,18.103101676710704
0,default,double,prepared,1,65536,54,24.965763092,26.4511585235,34.423828125,1.361534119,1.4716978075,2.489696503,17.973226832778302
0,default,double,prepared,2,65536,54,24.995326996,26.384305954,35.917854309,1.39037323,1.4559297560000002,2.142337799,18.12196353929042
0,default,double,vienot,0,65536,54,23.211479187,24.5904922485,26.562786102,1.356748581,1.4504714010000002,2.519327164,16.953448535108343
0,default,double,vienot,1,65536,54,23.518848419,24.962139129500002,34.315013885,1.354054451,1.4547958374999999,2.479009628,17.15851701390368
0,default,float,brettel,0,65536,54,31.42747879,176.1548042295,186.459255219,2.219140053,2.379615307,3.387671471,74.02658896642406
0,default,float,brettel,1,65536,54,31.534767151,175.9701251985,198.616409302,2.2191782,2.3747606279999998,3.441650391,74.10015271589724
0,default,float,brettel,2,65536,54,31.250095367,174.9533176425,190.014362335,2.218855858,2.3846402170000003,3.561829567,73.36675629106023
0,default,float,lookup,0,65536,54,28.453350067,30.7247161865,39.737606049,5.665263176,6.106543064,15.280514717,5.031441826330826
0,default,float,lookup,1,65536,54,29.042720795,30.4470062255,31.925392151,5.667309761,6.111839771,7.593255997,4.981643394836308
0,default,float,lookup,2,65536,54,28.476333618,30.5807113645,40.884971619,5.655400276,6.147443771000001,7.431689262,4.974541045623172
0,default,float,lookupApply,0,65536,54,39.568328857,41.299724579,44.110488892,12.345397949,13.749235153,14.740335464,3.003783419180859
0,default,float,lookupApply,1,65536,54,38.160324097,41.354799271000005,51.922225952,12.684679031,13.73370409,14.927207947,3.0111904989355285
0,default,float,lookupApply,2,65536,54,38.057899475,40.983819961500004,42.188072205,12.378865242,13.7742443085,14.595011711,2.9753951682277875
0,default,float,prepared,0,65536,54,18.895721436,20.460748672500003,22.58644104,0.811309814,0.867360592,1.055737495,23.589668312368982
0,default,float,prepared,1,65536,54,18.897724152,20.3917503355,29.518795013,0.811181068,0.8545575145,1.113535881,23.862349800330495
0,default,float,prepared,2,65536,54,18.886375427,20.355892181,29.338264465,0.811831474,0.8735709190000001,1.388113022,23.301934322976244
0,default,float,vienot,0,65536,54,21.083259583,21.622467041,31.011772156,0.815050125,0.8678665164999999,1.335651398,24.914507738126343
0,default,float,vienot,1,65536,54,21.376514435,21.9761371615,24.19834137,0.814461708,0.8725862505,1.378820419,25.18506010025653
0,prepared,double,brettel,0,65536,54,35.85062027,37.830209732,40.496253967,4.583260536,4.841606617,11.010998726,7.81356535641896
0,prepared,double,brettel,1,65536,54,35.770988464,37.8937244415,47.636413574,4.58364296,4.971445560499999,6.273244858,7.622274845485558
0,prepared,double,brettel,2,65536,54,35.82649231,37.926912308,47.313594818,4.553774834,4.689833641,5.613459587,8.087048541856797
0,prepared,double,lookup,0,65536,54,42.767429352,44.975805282500005,56.852340698,7.417905807,8.283339977,8.983035088,5.429670327112302
0,prepared,double,lookup,1,65536,54,42.517566681,44.703149795499996,46.324443817,7.278681755,7.852151394,9.654973984,5.693108493763715
0,prepared,double,lookup,2,65536,54,42.36869812,44.515800476,53.844928741,7.144592285,8.1058344845,12.519427299,5.4918220401765225
0,prepared,double,lookupApply,0,65536,54,54.957771301,57.9702854155,67.881298065,11.61160183,13.4146790505,21.825409889,4.321406810947094
0,prepared,double,lookupApply,1,65536,54,54.98418808,57.9971313475,68.509197235,11.716166496,13.188597202499999,15.300930977,4.397520862681757
0,prepared,double,lookupApply,2,65536,54,54.479217529,57.97419548,71.928310394,11.62101078,12.758225918,21.788666725,4.544064029953165
0,prepared,double,prepared,0,65536,54,24.83549118,26.294517517000003,37.164974213,1.398162842,1.441930294,2.031915665,18.2356370667943
0,prepared,double,prepared,1,65536,54,25.047683716,26.477813720500002,27.71320343,1.388990402,1.4558401105,1.975498199,18.18730884630342
0,prepared,double,prepared,2,65536,54,25.02450943,26.3027667995,35.952758789,1.354814529,1.4211387635000001,2.143807411,18.508232605464354
0,prepared,double,vienot,0,65536,54,11.346626282,12.150669098,13.074493408,1.38712883,1.440827847,2.102350235,8.433116505416903
0,prepared,double,vienot,1,65536,54,11.192703247,12.1315479275,19.448184967,1.395533562,1.454170227,1.932579994,8.342591329577537
0,prepared,float,brettel,0,65536,54,28.488922119,30.7281017305,36.799240112,2.270784378,2.3314862255,2.752646446,13.179619675389757
0,prepared,float,brettel,1,65536,54,28.612041473,30.5425167085,40.981674194,2.210268974,2.3786706925,2.803915024,12.840161862169998
0,prepared,float,brettel,2,65536,54,29.113960266,30.830335617,33.006763458,2.213767052,2.3630595205000002,2.71804142,13.0467875859837
0,prepared,float,lookup,0,65536,54,27.597808838,29.436635971,34.803199768,5.552799225,6.070833683,6.530992508,4.848862200496558
0,prepared,float,lookup,1,65536,54,27.742958069,30.02243042,40.93542099,5.549026489,6.0896582605,12.779606819,4.93006818046551
0,prepared,float,lookup,2,65536,54,27.920246124,29.818058014000002,38.512992859,5.534744263,6.0825281145000005,6.592564583,4.902247462353262
0,prepared,float,lookupApply,0,65536,54,37.545490265,40.4327869415,43.257427216,12.444906235,13.5644927025,14.013965607,2.980781355284156
0,prepared,float,lookupApply,1,65536,54,37.471961975,40.3800487515,49.482917786,11.691736221,13.667654991,22.189484596,2.95442406016905
0,prepared,float,lookupApply,2,65536,54,37.52450943,39.943742752,49.935436249,12.345910072,13.6788921355,23.499264717,2.9201007184153767
0,prepared,float,prepared,0,65536,54,19.129276276,20.254087448,29.709720612,0.83075428,0.8707370759999999,1.047002792,23.260853369243694
0,prepared,float,prepared,1,65536,54,18.900489807,20.301485061999998,21.518325806,0.805231094,0.8671264649999999,1.082497597,23.41236933876767
0,prepared,float,prepared,2,65536,54,18.985652924,20.26515007,21.182632446,0.804976463,0.8546762465,0.98901844,23.710908256767613
0,prepared,float,vienot,0,65536,54,8.572864532,9.2076778415,17.7277565,0.836501122,0.883215904,1.075415611,10.425172146243417
0,prepared,float,vienot,1,65536,54,8.647155762,9.199810028,10.313034058,0.805821419,0.8671264645000001,1.327199936,10.6095366761811
0,inline,double,brettel,0,65536,54,41.960811615,44.321823120000005,52.978515625,4.583187103,4.9348101615,12.299612045,8.981464670269668
0,inline,double,brettel,1,65536,54,42.090415955,44.809007645,53.581428528,4.838972092,5.277374267500001,10.808028221,8.49077692309038
0,inline,double,brettel,2,65536,54,42.02041626,44.870376586999996,55.385494232,4.619750023,5.176542759,8.654499054,8.668020081354069
0,inline,double,lookup,0,65536,54,41.823863983,43.4255599975,54.070091248,7.965871811,8.685447216,15.275001526,4.999807024041674
0,inline,double,lookup,1,65536,54,41.717147827,44.572305679500005,50.634384155,7.982275009,8.6934242245,14.570518494,5.127128796255605
0,inline,double,lookup,2,65536,54,42.007732391,44.8478221895,56.52513504,7.532082558,8.4297084805,17.83427906,5.3202103362463955
0,inline,double,lookupApply,0,65536,54,54.919433594,57.6139450075,67.69618988,12.123106956,13.484541416,25.702105522,4.272592091202933
0,inline,double,lookupApply,1,65536,54,54.760742188,57.5549125675,68.495941162,13.029367447,13.638949394499999,18.248160362,4.219893402545317
0,inline,double,lookupApply,2,65536,54,54.581546783,58.171081543,67.789840698,11.839567184,13.5392279625,23.130409241,4.296484386267678
0,inline,double,prepared,0,65536,54,24.866962433,26.3279914855,35.501098633,1.368013382,1.4922060965,5.685709,17.64366969633273
0,inline,double,prepared,1,65536,54,24.770927429,25.9608745575,27.189254761,1.432784081,1.4834866525,3.256310463,17.499904373086363
0,inline,double,prepared,2,65536,54,24.822044373,25.934028625499998,34.970474243,1.361166,1.509321213,4.110518456,17.18257744085652
0,inline,double,vienot,0,65536,54,17.766094208,18.8431739805,27.756786346,1.360305786,1.4664669035,5.433006287,12.849368734832822
0,inline,double,vienot,1,65536,54,17.746829987,18.810796738,25.294303894,1.418970108,1.4925723075000001,3.148990631,12.602938325652943
0,inline,float,brettel,0,65536,54,33.834552765,36.178350449,44.739246368,2.252331734,2.358664036,6.529621124,15.338492424870296
0,inline,float,brettel,1,65536,54,33.758163452,35.9974384305,38.067722321,2.263751984,2.33933115,2.601593971,15.387919076997711
0,inline,float,brettel,2,65536,54,33.504009247,35.5563640595,45.338153839,2.212516785,2.387340069,3.769239426,14.893715613123234
0,inline,float,lookup,0,65536,54,28.340244293,30.2841186525,39.945793152,5.802625656,6.010172367,6.714712143,5.038810337417399
0,inline,float,lookup,1,65536,54,28.332042694,30.061292648,31.251907349,5.824170113,6.1177310945,14.964209557,4.913797645507153
0,inline,float,lookup,2,65536,54,28.338909149,30.798864364499998,38.548278809,5.806196213,6.2137985229999995,9.385169029,4.95652767795735
0,inline,float,lookupApply,0,65536,54,37.458229065,39.4993305205,49.308490753,12.693318367,13.592750072,14.447449684,2.90591163019068
0,inline,float,lookupApply,1,65536,54,37.59059906,39.8760795595,48.702526093,12.638422012,13.645439625,17.990217209,2.922300831293297
0,inline,float,lookupApply,2,65536,54,37.502002716,40.441560745000004,42.217826843,12.611682892,13.795847893000001,18.853816986,2.9314298808353785
0,inline,float,prepared,0,65536,54,18.389511108,19.9671268465,21.863365173,0.823027611,0.8783288,1.333732605,22.73308907381837
0,inline,float,prepared,1,65536,54,18.545913696,20.2087402345,29.590606689,0.82519722,0.866161823,1.044924736,23.331367993691867
0,inline,float,prepared,2,65536,54,18.667507172,20.250892639,29.72536087,0.803655624,0.875286579,1.621437073,23.136299727269098
0,inline,float,vienot,0,65536,54,13.246154785,14.336919784500001,24.357509613,0.80525589,0.8683309555000001,1.048461914,16.510893333572973
0,inline,float,vienot,1,65536,54,13.066768646,14.372587203999998,23.53553772,0.824052811,0.8559632305,1.102636337,16.79112687539678
0,bv_direct,double,brettel,0,65536,54,17.884063721,19.0695762635,23.257827759,4.571183205,5.071477413,6.196249962,3.7601619233515455
0,bv_direct,double,brettel,1,65536,54,17.734718323,19.0237998965,28.733921051,4.494763374,4.947790146,5.886330605,3.844908400547189
0,bv_direct,double,brettel,2,65536,54,17.85774231,18.902778625499998,28.12795639,4.590797424,5.003284931,7.041149139,3.7780735828934544
0,bv_direct,double,lookup,0,65536,54,42.279815674,44.825410843,56.874084473,7.429607391,8.281607628,16.881374359,5.41264605333944
0,bv_direct,double,lookup,1,65536,54,42.441272736,45.020389557,56.889152527,7.583913803,8.563693047000001,18.21155262,5.257123218909786
0,bv_direct,double,lookup,2,65536,54,42.807865143,44.6814537045,54.340171814,7.752886772,8.4441185,14.093848228,5.291429022993934
0,bv_direct,double,lookupApply,0,65536,54,54.630279541,57.958841324,75.193977356,11.90192318,13.568550587,14.086161613,4.2715573010082775
0,bv_direct,double,lookupApply,1,65536,54,54.926013947,58.3894729615,68.441581726,12.486574173,13.568588257,16.19090271,4.303282836471732
0,bv_direct,double,lookupApply,2,65536,54,54.667949677,58.155679703000004,69.828891754,11.947887421,13.3365540505,22.143761635,4.360622652807356
0,bv_direct,double,prepared,0,65536,54,24.976539612,26.352596283,35.797691345,1.391679764,1.4921736715,2.106901169,17.660542325820014
0,bv_direct,double,prepared,1,65536,54,25.305843353,26.801776886,39.491081238,1.394652367,1.484106064,1.991606712,18.05920583180098
0,bv_direct,double,prepared,2,65536,54,24.950408936,26.2897491455,37.833404541,1.375930786,1.4993257524999999,8.148661613,17.53438110541625
0,bv_direct,double,vienot,0,65536,54,5.375003815,5.692243576,12.779140472,1.406949043,1.4819869995000001,2.033058167,3.8409537856408162
0,bv_direct,double,vienot,1,65536,54,5.374145508,5.619144439499999,6.264019012,1.352583885,1.4571852685,2.06456852,3.856163358887264
0,bv_direct,float,brettel,0,65536,54,15.528202057,16.664600372499997,25.783920288,2.212188721,2.3245458599999997,2.631813049,7.16897036073102
0,bv_direct,float,brettel,1,65536,54,15.753078461,16.8573379515,27.563285828,2.263548851,2.381966114,3.432533264,7.077068751071242
0,bv_direct,float,brettel,2,65536,54,15.750026703,16.8384075165,24.322414398,2.212132454,2.3818106649999997,2.733325958,7.069582718700271
0,bv_direct,float,lookup,0,65536,54,28.687000275,30.8157444,38.412284851,5.659742355,6.0873532295,6.753304482,5.062256655431696
0,bv_direct,float,lookup,1,65536,54,27.856731415,30.577898025499998,50.199699402,5.525940895,6.1155347825,15.91663456,5.000036646508926
0,bv_direct,float,lookup,2,65536,54,27.949714661,30.439662933,40.112876892,5.542239189,6.120382309,15.374671936,4.973490444908742
0,bv_direct,float,lookupApply,0,65536,54,37.937736511,40.794658661,43.858909607,12.12202549,13.5746335985,14.151703835,3.005212506472942
0,bv_direct,float,lookupApply,1,65536,54,37.627029419,40.595912932999994,47.849845886,12.682707787,13.777433872,22.279236794,2.9465511001655704
0,bv_direct,float,lookupApply,2,65536,54,38.392829895,40.8834934235,50.860309601,12.007275581,13.6857614515,14.285219193,2.9873013327306714
0,bv_direct,float,prepared,0,65536,54,18.863773346,20.571756363,27.57806778,0.824598312,0.84999609,1.052457809,24.202177639428903
0,bv_direct,float,prepared,1,65536,54,18.957614899,20.4612255095,29.564380646,0.823559761,0.867961407,1.188399315,23.57388859053269
0,bv_direct,float,prepared,2,65536,54,19.200706482,20.5144882205,21.127223969,0.80516243,0.8743743895,1.091946602,23.461904267611214
0,bv_direct,float,vienot,0,65536,54,4.67338562,5.001115799,13.829421997,0.806212425,0.861722469,1.149829865,5.8036270132350465
0,bv_direct,float,vienot,1,65536,54,4.787349701,5.021047592,6.19392395,0.825285912,0.8702321055,1.134691238,5.769779763658697
0,bv_split,double,brettel,0,65536,54,9.748935699,10.378074646,16.796875,4.584101677,5.2155704499999995,10.481780052,1.9898254170835716
0,bv_split,double,brettel,1,65536,54,9.654521942,10.5032920835,10.969161987,4.801358223,5.064492702500001,12.345568657,2.0739080299820016
0,bv_split,double,brettel,2,65536,54,9.709835052,10.321903229,19.356441498,4.676917076,5.201151371,7.547122955,1.984541977868923
0,bv_split,double,lookup,0,65536,54,41.835689545,44.7869300845,54.290962219,7.589174271,8.738461494500001,19.949365616,5.12526491221469
0,bv_split,double,lookup,1,65536,54,42.311954498,45.220756531,54.096412659,7.892606735,8.67704916,14.380655289,5.21153628349387
0,bv_split,double,lookup,2,65536,54,42.292976379,44.4662570955,54.81710434,7.76475811,8.6116571425,16.623410225,5.163495986858489
0,bv_split,double,lookupApply,0,65536,54,54.920768738,57.777881622,67.672157288,12.123551369,13.5434603695,14.83633709,4.266109254627151
0,bv_split,double,lookupApply,1,65536,54,54.427242279,58.607721329,69.044399261,12.726642609,13.6098222735,19.990249634,4.306281166001444
0,bv_split,double,lookupApply,2,65536,54,54.539775848,57.998418808,68.766117096,12.497620583,13.551143169500001,24.117397308,4.2799650245404335
0,bv_split,double,prepared,0,65536,54,24.822711945,26.5082359315,27.232646942,1.403299332,1.4672398565,6.017818451,18.066736542131277
0,bv_split,double,prepared,1,65536,54,24.807834625,26.507902145499997,36.531734467,1.428385735,1.4808020590000002,3.626791954,17.901043548927152
0,bv_split,double,prepared,2,65536,54,24.822044373,26.3419628145,35.663795471,1.385824203,1.4730992315,3.701506615,17.88200159990376
0,bv_split,double,vienot,0,65536,54,5.406475067,5.7279586795,10.875415802,1.36570549,1.4655661585000002,4.034761429,3.9083589957907723
0,bv_split,double,vienot,1,65536,54,5.326652527,5.7436466215,6.958389282,1.419397354,1.47176075,15.791255951,3.9025681460115034
0,bv_split,float,brettel,0,65536,54,9.909057617,10.9639167785,19.942951202,2.211155891,2.3436145785,2.742815971,4.678208131610664
0,bv_split,float,brettel,1,65536,54,9.90228653,10.772752762,20.063114166,2.261940002,2.3902583125000003,3.229204178,4.506940821275775
0,bv_split,float,brettel,2,65536,54,9.901809692,10.9211444855,20.27721405,2.211233139,2.3822441105000003,6.407101631,4.584393529346496
0,bv_split,float,lookup,0,65536,54,27.943515778,29.640340805,37.20331192,5.810873032,6.0396885870000006,6.790897369,4.9075942208011725
0,bv_split,float,lookup,1,65536,54,27.408790588,29.938364029,39.371967316,5.67997551,6.1318659785000005,12.535104752,4.882423088497383
0,bv_split,float,lookup,2,65536,54,27.798843384,29.7924518585,39.221572876,5.678408623,6.2191267015000005,7.253270149,4.790455845081
0,bv_split,float,lookupApply,0,65536,54,37.006378174,40.226840973,50.084400177,12.300104141,13.5048942565,14.869498253,2.9786861125283184
0,bv_split,float,lookupApply,1,65536,54,37.355327606,40.4747486115,50.173091888,12.12520504,13.699643134999999,14.294773102,2.9544381713195627
0,bv_split,float,lookupApply,2,65536,54,38.722133636,40.70854187,47.357749939,12.886271477,13.8324170115,24.795233727,2.942981102735387
0,bv_split,float,prepared,0,65536,54,19.159507751,20.3421592715,32.749652863,0.806129456,0.870099068,1.090144157,23.379130054992775
0,bv_split,float,prepared,1,65536,54,18.873786926,20.259284973,29.181289673,0.822668076,0.8666658405000001,1.078130722,23.376120329505472
0,bv_split,float,prepared,2,65536,54,18.502807617,20.48664093,29.62474823,0.803826332,0.879154682,1.760469437,23.302658052613317
0,bv_split,float,vienot,0,65536,54,4.662418365,4.9990177155,6.948661804,0.805094719,0.856093407,1.082268715,5.8393367763665065
0,bv_split,float,vienot,1,65536,54,4.673671722,4.952430725,5.402088165,0.824072838,0.8682079315,1.269136429,5.704198896736295
0,ma_fixed,double,brettel,0,65536,54,26.348972321,28.072357177500002,29.260540009,4.603615761,5.0364642145000005,6.297005653,5.573822424207756
0,ma_fixed,double,brettel,1,65536,54,27.202224731,28.8729667665,30.700969696,4.695557594,5.1729855535,6.630691528,5.581489928377005
0,ma_fixed,double,brettel,2,65536,54,26.374340057,28.4534931185,38.245201111,4.802598,5.0355238915000005,6.535317421,5.650552699497602
0,ma_fixed,double,lookup,0,65536,54,44.300365448,47.0864772795,57.680416107,7.78349781,8.5849342345,10.40116787,5.484780196716602
0,ma_fixed,double,lookup,1,65536,54,43.817615509,46.978139877000004,56.557655334,7.925151825,8.5089440345,9.924253464,5.521030539926511
0,ma_fixed,double,lookup,2,65536,54,43.553256989,46.505832672,55.505084991,7.957131386,8.591673374500001,16.834757805,5.412895793970571
0,ma_fixed,double,lookupApply,0,65536,54,68.692970276,73.5800266265,82.863235474,12.169167519,13.7035851475,22.031434059,5.369399747183933
0,ma_fixed,double,lookupApply,1,65536,54,68.154430389,72.7954387665,83.169269562,12.630099297,13.425589085,20.11003685,5.422141129571149
0,ma_fixed,double,lookupApply,2,65536,54,68.293857574,73.1564998625,90.259838104,12.606152534,13.4961366655,23.537661552,5.420551204813227
0,ma_fixed,double,prepared,0,65536,54,25.350952148,26.8458366395,37.033081055,1.396901131,1.4827542304999999,2.644073486,18.10538529399259
0,ma_fixed,double,prepared,1,65536,54,24.892234802,26.550197601500003,36.344623566,1.401022911,1.4794540405,5.717720985,17.94594281044853
0,ma_fixed,double,prepared,2,65536,54,24.918746948,26.6968250275,32.278156281,1.417750359,1.469883442,3.747283936,18.1625455901285
0,ma_fixed,double,vienot,0,65536,54,22.96962738,24.6918201445,34.383296967,1.389316559,1.4699234964999999,2.687318802,16.79803078411435
0,ma_fixed,double,vienot,1,65536,54,23.436069489,25.110435486,34.46264267,1.395116806,1.475456715,2.695067406,17.018754417339853
0,ma_fixed,float,brettel,0,65536,54,32.631015778,175.4263401035,188.080883026,2.180041313,2.3397078515,2.802581787,74.9778823843469
0,ma_fixed,float,brettel,1,65536,54,32.288360596,174.8807907105,188.819980621,2.226704597,2.35175848,3.228679657,74.36171366989183
0,ma_fixed,float,brettel,2,65536,54,31.593894958,176.68066024799998,190.554618835,2.226744652,2.3380246165,4.440483093,75.56834902469471
0,ma_fixed,float,lookup,0,65536,54,29.53119278,30.374383926,38.986587524,5.780038834,5.983668804000001,7.389349937,5.076214095555413
0,ma_fixed,float,lookup,1,65536,54,27.833938599,30.4527282715,35.83612442,5.671476364,5.9868912695,7.343243599,5.086567786296758
0,ma_fixed,float,lookup,2,65536,54,27.934265137,29.907369614,37.291908264,5.692602158,6.1407570835000005,7.459671974,4.87030657740233
0,ma_fixed,float,lookupApply,0,65536,54,47.179603577,51.298713684,60.41097641,12.808038712,13.532884120999999,23.077028275,3.790671169968559
0,ma_fixed,float,lookupApply,1,65536,54,46.870994568,50.610637664500004,61.219787598,12.246562958,13.5934672355,23.664792061,3.7231588370866753
0,ma_fixed,float,lookupApply,2,65536,54,47.282886505,50.7610797885,59.841346741,12.639681816,13.466287136,23.930070877,3.769493348526502
0,ma_fixed,float,prepared,0,65536,54,18.88666153,20.1432228085,30.218791962,0.816440582,0.8506941795,1.186534882,23.678571329051863
0,ma_fixed,float,prepared,1,65536,54,18.89629364,19.992017746000002,27.993488312,0.81622982,0.8652420045,1.302607536,23.10569487152077
0,ma_fixed,float,prepared,2,65536,54,18.937206268,20.2751636505,29.917430878,0.816222191,0.8542957305000001,2.663708687,23.733190892377987
0,ma_fixed,float,vienot,0,65536,54,20.045566559,21.039962769,22.432518005,0.823312759,0.848667145,1.139042854,24.791772478714254
0,ma_fixed,float,vienot,1,65536,54,20.94669342,21.843671799,33.203125,0.817229271,0.861188412,1.367629051,25.36456772365395
0,ma_bounded,double,brettel,0,65536,54,26.410865784,28.187942505000002,31.174373627,4.598788261,5.004930496,7.804722786,5.632034756032704
0,ma_bounded,double,brettel,1,65536,54,27.314758301,29.13646698,38.243865967,4.682940483,4.9641723634999995,10.906842232,5.869350386427211
0,ma_bounded,double,brettel,2,65536,54,27.159786224,29.12402153,37.963104248,4.683179855,4.9475512505,6.283122063,5.886552772355157
0,ma_bounded,double,lookup,0,65536,54,43.238449097,45.892620087,55.780601501,7.124168396,8.4133110045,9.662270546,5.454763298593569
0,ma_bounded,double,lookup,1,65536,54,43.021869659,45.979356765999995,54.965305328,7.757076263,8.310260295500001,18.103311539,5.5328419485124645
0,ma_bounded,double,lookup,2,65536,54,42.870235443,45.5133914945,54.031181335,7.303557396,8.755045414,18.429912567,5.198532885017426
0,ma_bounded,double,lookupApply,0,65536,54,66.815471649,71.580886841,81.21099472,11.842412949,13.610254765,14.497881889,5.259334823406591
0,ma_bounded,double,lookupApply,1,65536,54,66.942119598,72.212934494,85.593223572,12.026417732,13.557599068,14.673530579,5.326380735394674
0,ma_bounded,double,lookupApply,2,65536,54,67.037296295,71.701526642,81.266498566,11.84939003,13.549884796,14.49072361,5.2916705729606415
0,ma_bounded,double,prepared,0,65536,54,24.926280975,26.587009430000002,33.106040955,1.395981789,1.4762692450000001,2.381264687,18.00959379195087
0,ma_bounded,double,prepared,1,65536,54,24.810218811,25.9927272795,34.146690369,1.398396492,1.467817307,2.860984802,17.70842131070471
0,ma_bounded,double,prepared,2,65536,54,25.288677216,26.613044739000003,27.875900269,1.382650375,1.4733023645,2.579180717,18.06353222546532
0,ma_bounded,double,vienot,0,65536,54,22.940921783,24.426603317,33.99848938,1.39041996,1.473237991,2.94989872,16.580215461603583
0,ma_bounded,double,vienot,1,65536,54,23.408317566,25.233030319500003,35.315513611,1.391049385,1.4645733834999999,2.433613777,17.22892864487183
0,ma_bounded,float,brettel,0,65536,54,32.489776611,176.42502784750002,188.627433777,2.176870346,2.3059492114999998,3.112514496,76.5086355621584
0,ma_bounded,float,brettel,1,65536,54,32.12146759,176.134443283,188.907241821,2.212081909,2.331956387,3.117757797,75.53076218101673
0,ma_bounded,float,brettel,2,65536,54,32.030582428,176.10716819750002,186.853981018,2.219315529,2.3315405845,3.444746017,75.5325338826415
0,ma_bounded,float,lookup,0,65536,54,28.665065765,30.588960647500002,38.324546814,5.692690849,6.042038441,13.970277786,5.0626888501618525
0,ma_bounded,float,lookup,1,65536,54,28.917503357,30.5615901945,39.57567215,5.678531647,5.984332085,13.349339485,5.106934200911746
0,ma_bounded,float,lookup,2,65536,54,28.282642365,30.1247119905,40.401935577,5.825510979,6.1705012319999994,7.276531219,4.882052666041831
0,ma_bounded,float,lookupApply,0,65536,54,47.075939178,50.290822983,57.209968567,12.752110481,13.365453243000001,14.52710247,3.762747290993609
0,ma_bounded,float,lookupApply,1,65536,54,46.1769104,49.4849205015,68.480682373,12.21535778,13.426311493,14.725751877,3.685667543710696
0,ma_bounded,float,lookupApply,2,65536,54,46.65594101,49.8247146605,59.097099304,12.684925079,13.857076645,24.106732368,3.595615145744184
0,ma_bounded,float,prepared,0,65536,54,18.828582764,20.038366318,29.465770721,0.824122429,0.858578205,1.331713676,23.339011171381877
0,ma_bounded,float,prepared,1,65536,54,18.762302399,19.835472107,28.028678894,0.805849075,0.852490425,1.124752045,23.267677296199544
0,ma_bounded,float,prepared,2,65536,54,18.852710724,20.2847003935,28.821372986,0.810970306,0.8548388485,3.017499924,23.729268304890333
0,ma_bounded,float,vienot,0,65536,54,20.183467865,21.163606644,31.815242767,0.787395477,0.848473072,1.346520424,24.943168313065804
0,ma_bounded,float,vienot,1,65536,54,20.599842072,21.973228454500003,32.762813568,0.806080818,0.84768486,1.103270531,25.92145913105019
0,ma_direct,double,brettel,0,65536,54,25.826454163,27.865982056,38.884735107,4.683232307,5.023589134,6.966036797,5.547026500913679
0,ma_direct,double,brettel,1,65536,54,28.318500519,29.832649230999998,31.895065308,4.720844269,5.0514502525000005,5.917601585,5.905759284917355
0,ma_direct,double,brettel,2,65536,54,27.136039734,28.776741028,38.709259033,4.525912285,4.934827327500001,5.895715714,5.8313572326305465
0,ma_direct,double,lookup,0,65536,54,23.376846313,25.5584716795,34.725761414,7.982046127,8.555224419,9.739080429,2.9874694605015946
0,ma_direct,double,lookup,1,65536,54,23.117446899,25.1352787015,35.472011566,7.563397408,8.189132213499999,9.231948853,3.069345816650003
0,ma_direct,double,lookup,2,65536,54,23.294258118,25.2006530765,34.757900238,7.147660255,8.1865611075,12.932332993,3.0782953606017536
0,ma_direct,double,lookupApply,0,65536,54,47.875213623,50.5010128025,62.483024597,13.164879799,13.544916152999999,22.592065811,3.7284108836151613
0,ma_direct,double,lookupApply,1,65536,54,47.305488586,50.719499588,64.261436462,12.342610359,13.5573415755,22.565419197,3.7411095166073842
0,ma_direct,double,lookupApply,2,65536,54,47.547245026,50.622177124000004,63.377571106,12.381213188,13.373205185,13.925836563,3.785343634806423
0,ma_direct,double,prepared,0,65536,54,24.905014038,26.484918594,28.506755829,1.426522255,1.4979162215000001,2.081255913,17.681174830644558
0,ma_direct,double,prepared,1,65536,54,25.430774689,26.6997814175,35.579013824,1.394628525,1.4926428795,4.495863914,17.887588373746702
0,ma_direct,double,prepared,2,65536,54,24.999904633,26.616477965999998,35.664272308,1.383316994,1.4747157095,2.051067352,18.048548472453902
0,ma_direct,double,vienot,0,65536,54,23.004722595,24.5541095735,33.639812469,1.392913818,1.5036177635,2.102780342,16.33002094651032
0,ma_direct,double,vienot,1,65536,54,23.774147034,25.2549171445,33.516597748,1.419617653,1.505794525,4.840171814,16.771821603282824
0,ma_direct,float,brettel,0,65536,54,31.229686737,176.34916305550001,187.652111053,2.27102375,2.3619294164999998,6.405705452,74.66318079768072
0,ma_direct,float,brettel,1,65536,54,31.244373322,176.4107227325,185.509109497,2.270935059,2.3970623015,2.887499809,73.59455055553131
0,ma_direct,float,brettel,2,65536,54,31.663608551,175.93126296999998,185.897159576,2.270777702,2.397428036,2.779806137,73.38333427664979
0,ma_direct,float,lookup,0,65536,54,22.73015976,24.3268489835,33.387851715,5.811285973,6.1661868095,15.217412949,3.945201424326066
0,ma_direct,float,lookup,1,65536,54,22.823810577,24.43318367,33.359050751,5.654387474,6.150738715999999,9.608475685,3.9723982432291636
0,ma_direct,float,lookup,2,65536,54,22.540378571,23.8748550415,37.755584717,5.811123848,6.183965683,6.563695908,3.860767712073993
0,ma_direct,float,lookupApply,0,65536,54,40.753364563,44.3817138675,55.573177338,12.270514488,13.791995048499999,18.588352203,3.2179328452069664
0,ma_direct,float,lookupApply,1,65536,54,40.630912781,43.4809684755,54.626846313,12.120828629,13.869025706999999,15.051961899,3.1351134098449474
0,ma_direct,float,lookupApply,2,65536,54,40.397167206,44.222211838,56.140995026,12.990325928,13.9214630125,22.831581116,3.176549174342749
0,ma_direct,float,prepared,0,65536,54,18.873405457,20.064163208,29.967784882,0.830077171,0.879345417,1.103281021,22.817157876880138
0,ma_direct,float,prepared,1,65536,54,18.863773346,20.213603973,28.883361816,0.829372406,0.8712701795,1.231980324,23.200155874266326
0,ma_direct,float,prepared,2,65536,54,19.647979736,20.5092430115,27.879428864,0.829866409,0.8827252385,1.017225266,23.234005460579116
0,ma_direct,float,vienot,0,65536,54,20.202064514,21.1849212645,22.426700592,0.831093788,0.875157833,2.369001389,24.206972120536342
0,ma_direct,float,vienot,1,65536,54,20.642852783,22.159767150500002,31.532001495,0.830859184,0.876763344,1.192585945,25.274513701042686
1,default,double,brettel,0,1024,54,8.819580078,9.320068359,14.642333984,4.648193359,4.7619018555,23.729553223,1.957215549966725
1,default,double,brettel,1,1024,54,6.378173828,6.741333008,9.167480469,4.69152832,4.760559082,5.850402832,1.4160801056937706
1,default,double,brettel,2,1024,54,5.786132812,6.384277344,17.150878906,4.682617188,4.7613220215,7.531860352,1.3408623309180643
1,default,double,lookup,0,1024,54,9.869384766,10.244750976999999,11.944580078,7.758728027,8.1235046385,10.735473633,1.2611245309624992
1,default,double,lookup,1,1024,54,9.875488281,10.119628906,12.127685547,7.936279297,7.983245849499999,9.100952148,1.2676083258332582
1,default,double,lookup,2,1024,54,9.86328125,10.119628906,15.625,7.281066895,8.131713867,15.369262695,1.2444644599544172
1,default,double,lookupApply,0,1024,54,12.805175781,13.2873535155,15.588378906,12.048339844,12.934112549,23.032348633,1.0273108004249825
1,default,double,lookupApply,1,1024,54,12.799072266,13.2720947265,16.125488281,12.815490723,13.0299377445,16.738891602,1.0185846614733225
1,default,double,lookupApply,2,1024,54,12.799072266,13.269042969,20.306396484,12.114501953,13.0808105465,16.370300293,1.0143899662663003
1,default,double,prepared,0,1024,54,1.776123047,1.818847656,1.873779297,1.188598633,1.3333435055,3.768310547,1.3641253349173041
1,default,double,prepared,1,1024,54,1.788330078,1.818847656,3.479003906,1.187683105,1.277069092,1.655212402,1.424235906572234
1,default,double,prepared,2,1024,54,1.800537109,1.818847656,13.458251953,1.187866211,1.308807373,3.954467773,1.3896985098967654
1,default,double,vienot,0,1024,54,0.958251953,0.988769531,3.753662109,1.307922363,1.377990723,2.976501465,0.7175444032361603
1,default,double,vienot,1,1024,54,0.958251953,0.988769531,1.171875,1.330200195,1.33895874,2.198547363,0.7384615384040885
1,default,float,brettel,0,1024,54,7.312011719,7.659912109,14.263916016,2.253479004,2.310089111,3.923095703,3.315851355051905
1,default,float,brettel,1,1024,54,4.895019531,4.995727539,14.703369141,2.254333496,2.3508911135000004,3.7734375,2.1250356982984098
1,default,float,brettel,2,1024,54,4.425048828,4.66003418,5.194091797,2.253295898,2.3448181155,5.31072998,1.9873755449071635
1,default,float,lookup,0,1024,54,7.71484375,8.020019531,10.418701172,5.799316406,5.9576721195,6.814819336,1.3461666520300357
1,default,float,lookup,1,1024,54,7.525634766,8.2122802735,8.953857422,5.805786133,6.087554932,10.937255859,1.3490277073856225
1,default,float,lookup,2,1024,54,7.989501953,8.209228515500001,13.104248047,5.806152344,6.0953063965,17.235290527,1.3468114613916442
1,default,float,lookupApply,0,1024,54,12.994384766,13.656616211,16.595458984,12.383300781,13.2991027835,19.055175781,1.0268825223265106
1,default,float,lookupApply,1,1024,54,13.122558594,13.555908203,26.556396484,12.382873535,13.314880371000001,18.04296875,1.0181021402584256
1,default,float,lookupApply,2,1024,54,13.122558594,13.671875,23.266601562,12.946899414,13.585876465,21.932434082,1.0063299953611053
1,default,float,prepared,0,1024,54,2.355957031,2.429199219,5.194091797,0.805053711,0.8301086424999999,2.321166992,2.926363001936822
1,default,float,prepared,1,1024,54,2.355957031,2.423095703,12.725830078,0.805175781,0.8286437984999999,1.669921875,2.9241704425788932
1,default,float,prepared,2,1024,54,2.355957031,2.416992188,5.139160156,0.805175781,0.8350219725,1.158508301,2.8945252551423133
1,default,float,vienot,0,1024,54,4.937744141,5.065917969,10.583496094,0.803771973,0.8291931155000001,2.897888184,6.109454931913263
1,default,float,vienot,1,1024,54,4.937744141,5.059814453,5.554199219,0.803955078,0.826904297,0.994812012,6.1189843508577155
1,prepared,double,brettel,0,1024,54,3.961181641,4.058837891,5.303955078,4.732910156,4.8063964845000005,16.903808594,0.8444658912532956
1,prepared,double,brettel,1,1024,54,3.900146484,4.058837891,6.939697266,4.69128418,4.805297851500001,10.081665039,0.8446589610949945
1,prepared,double,brettel,2,1024,54,3.955078125,4.00390625,4.284667969,4.679260254,4.796386719,9.174621582,0.8347755267812883
1,prepared,double,lookup,0,1024,54,9.86328125,10.3515625,14.202880859,7.942565918,8.1693115235,14.114807129,1.267127893240758
1,prepared,double,lookup,1,1024,54,10.107421875,10.150146484,20.8984375,7.296203613,7.950378418,13.77734375,1.2766872154185305
1,prepared,double,lookup,2,1024,54,9.875488281,10.150146484,11.712646484,7.298828125,8.1358032225,8.660705566,1.2475899682442204
1,prepared,double,lookupApply,0,1024,54,12.805175781,13.568115234,20.843505859,12.364318848,13.119079589999998,17.464172363,1.0342276789251494
1,prepared,double,lookupApply,1,1024,54,12.805175781,13.330078125,16.363525391,12.388977051,12.9422302245,20.579345703,1.0299676248816678
1,prepared,double,lookupApply,2,1024,54,12.805175781,13.28125,23.205566406,12.093811035,13.1447143555,14.751037598,1.0103871138472378
1,prepared,double,prepared,0,1024,54,1.812744141,1.861572266,2.838134766,1.216308594,1.3322753905,2.499145508,1.397287887530037
1,prepared,double,prepared,1,1024,54,1.812744141,1.861572266,2.117919922,1.186828613,1.3320007325,2.261657715,1.397576007714395
1,prepared,double,prepared,2,1024,54,1.812744141,1.852416992,4.534912109,1.188537598,1.3224487305000001,3.250427246,1.4007476806300279
1,prepared,double,vienot,0,1024,54,0.958251953,1.0009765625,1.031494141,1.332763672,1.363311768,1.838745117,0.73422425155799
1,prepared,double,vienot,1,1024,54,0.958251953,1.007080078,1.348876953,1.33001709,1.362548828,5.741088867,0.7391148539448892
1,prepared,float,brettel,0,1024,54,6.213378906,6.234741211,7.611083984,2.29498291,2.3518371580000004,5.121704102,2.6510088888560706
1,prepared,float,brettel,1,1024,54,6.219482422,6.225585938,9.063720703,2.307128906,2.350708008,3.82434082,2.6483875993159933
1,prepared,float,brettel,2,1024,54,6.213378906,6.372070312,9.704589844,2.307495117,2.363220215,3.767456055,2.6963506285003573
1,prepared,float,lookup,0,1024,54,7.556152344,8.1451416015,15.8203125,5.812988281,5.974609375,9.316650391,1.3632927427159203
1,prepared,float,lookup,1,1024,54,8.013916016,8.236694336,15.643310547,5.938537598,6.0850524905,6.584594727,1.3535946236879877
1,prepared,float,lookup,2,1024,54,7.745361328,8.1298828125,14.215087891,5.924316406,6.107849121499999,9.567932129,1.3310549508962688
1,prepared,float,lookupApply,0,1024,54,13.195800781,13.4002685545,18.432617188,12.394042969,13.265716553,17.31842041,1.0101428370614154
1,prepared,float,lookupApply,1,1024,54,13.427734375,13.635253906,25.323486328,12.681762695,13.2998046875,17.958557129,1.0252221161424482
1,prepared,float,lookupApply,2,1024,54,13.421630859,13.60168457,17.297363281,13.240661621,13.5719909665,22.090209961,1.0021878590674937
1,prepared,float,prepared,0,1024,54,2.410888672,2.4322509764999998,4.431152344,0.803588867,0.8288574215,1.318847656,2.934462446023957
1,prepared,float,prepared,1,1024,54,2.410888672,2.429199219,5.157470703,0.822875977,0.827453613,1.304321289,2.9357527489580253
1,prepared,float,prepared,2,1024,54,2.410888672,2.4505615235000002,4.638671875,0.822937012,0.836791992,0.934814453,2.9285193296878496
1,prepared,float,vienot,0,1024,54,5.053710938,5.065917969,8.648681641,0.804382324,0.827331543,1.317871094,6.123201770635258
1,prepared,float,vienot,1,1024,54,5.053710938,5.059814453,5.383300781,0.822814941,0.8289489745,2.282348633,6.1038913234097985
1,inline,double,brettel,0,1024,54,3.955078125,4.058837891,8.69140625,4.688110352,4.7822875975,7.737915039,0.8487230866503737
1,inline,double,brettel,1,1024,54,3.955078125,4.00390625,4.39453125,4.680969238,4.761138916,7.94708252,0.8409555613982845
1,inline,double,brettel,2,1024,54,3.961181641,4.058837891,16.864013672,4.601867676,4.833953857499999,41.898986816,0.8396517655423235
1,inline,double,lookup,0,1024,54,9.86328125,10.363769531,17.1875,7.936401367,8.148864746000001,17.615112305,1.2718053193958363
1,inline,double,lookup,1,1024,54,10.101318359,10.357666016,20.550537109,7.299682617,8.135284424,63.802185059,1.273178106157386
1,inline,double,lookup,2,1024,54,10.107421875,10.12878418,14.202880859,7.290039062,8.143981934,45.644348145,1.24371397948634
1,inline,double,lookupApply,0,1024,54,13.146972656,13.57421875,20.5078125,12.493835449,13.133331299,25.849365234,1.0335701156821933
1,inline,double,lookupApply,1,1024,54,13.098144531,13.430786133,17.889404297,12.090637207,12.940734863500001,50.446411133,1.0378688903427125
1,inline,double,lookupApply,2,1024,54,12.786865234,13.568115234,20.849609375,12.095336914,12.950042724500001,68.302368164,1.0477274494493116
1,inline,double,prepared,0,1024,54,1.812744141,1.861572266,4.949951172,1.187866211,1.2852783200000002,3.558105469,1.4483806635748744
1,inline,double,prepared,1,1024,54,1.812744141,1.861572266,3.845214844,1.187988281,1.308959961,3.380493164,1.4221766298931124
1,inline,double,prepared,2,1024,54,1.812744141,1.861572266,3.674316406,1.188171387,1.3336791995,2.092346191,1.3958171250611906
1,inline,double,vienot,0,1024,54,0.982666016,1.010131836,2.935791016,1.32989502,1.3449401855,4.340209961,0.7510607883461149
1,inline,double,vienot,1,1024,54,0.9765625,1.007080078,2.545166016,1.329650879,1.342315674,2.341430664,0.7502557688229751
1,inline,float,brettel,0,1024,54,6.213378906,6.433105469,9.576416016,2.308654785,2.3526306155,5.29699707,2.7344307374971337
1,inline,float,brettel,1,1024,54,6.225585938,6.381225586,12.188720703,2.307067871,2.3376159665,6.494812012,2.7298006505124546
1,inline,float,brettel,2,1024,54,6.219482422,6.372070312,7.916259766,2.307373047,2.3106384275,5.886291504,2.757709832989437
1,inline,float,lookup,0,1024,54,8.001708984,8.255004883,10.943603516,5.927490234,6.1076354980000005,11.328552246,1.3515876783582084
1,inline,float,lookup,1,1024,54,7.543945312,8.215332031500001,10.681152344,5.928161621,5.9898986815,9.516723633,1.37153105057909
1,inline,float,lookup,2,1024,54,7.763671875,8.2550048825,14.642333984,5.927856445,5.9700927735,9.172119141,1.3827263990171559
1,inline,float,lookupApply,0,1024,54,13.305664062,13.800048828,22.393798828,12.725402832,13.586547851999999,17.175048828,1.0157141444850961
1,inline,float,lookupApply,1,1024,54,13.299560547,13.641357422,25.445556641,13.243225098,13.5845336915,17.678405762,1.00418297247373
1,inline,float,lookupApply,2,1024,54,13.299560547,13.74206543,16.052246094,13.247741699,13.447052002,24.197265625,1.021938892476665
1,inline,float,prepared,0,1024,54,2.410888672,2.490234375,4.833984375,0.823547363,0.829406738,1.11730957,3.0024284357815287
1,inline,float,prepared,1,1024,54,2.410888672,2.471923828,5.065917969,0.82409668,0.8479309085,2.986633301,2.9152420359022684
1,inline,float,prepared,2,1024,54,2.410888672,2.471923828,2.697753906,0.822937012,0.829772949,0.866821289,2.9790364110797256
1,inline,float,vienot,0,1024,54,5.053710938,5.187988281,8.575439453,0.823425293,0.828857422,2.61138916,6.2592047115673894
1,inline,float,vienot,1,1024,54,5.053710938,5.181884766,6.439208984,0.822753906,0.8380126955,1.301269531,6.183539693164469
1,bv_direct,double,brettel,0,1024,54,3.967285156,4.1015625,6.927490234,4.689880371,4.805358887000001,8.258666992,0.8535392665667512
1,bv_direct,double,brettel,1,1024,54,3.936767578,4.077148438,4.315185547,4.490783691,4.875274658,9.907226562,0.8362910244061166
1,bv_direct,double,brettel,2,1024,54,3.985595703,4.104614258,7.873535156,4.690246582,4.807067871,7.233581543,0.853870668804626
1,bv_direct,double,lookup,0,1024,54,9.918212891,10.415649414,17.181396484,7.275085449,8.150939941499999,13.610351562,1.2778464187877738
1,bv_direct,double,lookup,1,1024,54,9.918212891,10.4309082035,33.404541016,7.927856445,8.139343262,11.496337891,1.2815417494675012
1,bv_direct,double,lookup,2,1024,54,9.924316406,10.415649414,13.323974609,7.946166992,8.2378845215,49.426513672,1.264359725705825
1,bv_direct,double,lookupApply,0,1024,54,12.799072266,13.598632812,22.033691406,12.052978516,13.1254577635,19.942749023,1.0360501749368187
1,bv_direct,double,lookupApply,1,1024,54,12.799072266,13.412475586,16.070556641,12.069396973,13.239807128999999,24.904663086,1.0130416142257688
1,bv_direct,double,lookupApply,2,1024,54,12.817382812,13.607788086,19.842529297,12.095397949,13.151092529,26.760437012,1.0347268149770008
1,bv_direct,double,prepared,0,1024,54,1.812744141,1.846313477,3.784179688,1.190551758,1.3335266115,3.011901855,1.384534407546017
1,bv_direct,double,prepared,1,1024,54,1.812744141,1.861572266,2.062988281,1.18572998,1.2920837404999999,3.150756836,1.4407520253134865
1,bv_direct,double,prepared,2,1024,54,1.818847656,1.861572266,14.135742188,1.18762207,1.3324279785000002,3.637207031,1.3971278718536755
1,bv_direct,double,vienot,0,1024,54,0.9765625,1.010131836,1.666259766,1.331237793,1.3500366215000001,1.568603516,0.7482255073033957
1,bv_direct,double,vienot,1,1024,54,0.964355469,0.9948730465,1.013183594,1.33001709,1.3654785155,3.101928711,0.7285893078557192
1,bv_direct,float,brettel,0,1024,54,2.197265625,2.331542969,6.298828125,2.294921875,2.3643798824999998,3.870727539,0.9861118284151195
1,bv_direct,float,brettel,1,1024,54,2.270507812,2.331542969,13.189697266,2.307983398,2.364746094,3.327453613,0.9859591162517425
1,bv_direct,float,brettel,2,1024,54,2.270507812,2.325439453,3.448486328,2.307861328,2.366027832,6.971679688,0.9828453501471744
1,bv_direct,float,lookup,0,1024,54,7.525634766,8.203125,10.931396484,5.831970215,6.0750427245,9.76373291,1.3502991455381328
1,bv_direct,float,lookup,1,1024,54,7.543945312,8.218383789,15.594482422,5.93951416,6.0861816404999995,11.413085938,1.3503349512790475
1,bv_direct,float,lookup,2,1024,54,7.745361328,8.038330078,11.029052734,5.928039551,6.0674438475,8.908996582,1.3248297437992893
1,bv_direct,float,lookupApply,0,1024,54,13.330078125,13.824462890500001,21.057128906,12.388793945,13.5878295895,21.949951172,1.017415091898331
1,bv_direct,float,lookupApply,1,1024,54,13.317871094,13.830566406500001,24.224853516,12.391845703,13.5751953125,23.491638184,1.0188115963064528
1,bv_direct,float,lookupApply,2,1024,54,13.372802734,13.787841797,17.114257812,13.258972168,13.5890808105,20.452026367,1.0146265217840504
1,bv_direct,float,prepared,0,1024,54,2.410888672,2.478027344,5.029296875,0.823425293,0.845336914,1.297607422,2.931407942750741
1,bv_direct,float,prepared,1,1024,54,2.410888672,2.471923828,13.238525391,0.823730469,0.8457946775,1.312011719,2.922605088159827
1,bv_direct,float,prepared,2,1024,54,2.410888672,2.490234375,5.187988281,0.823669434,0.8468933105,3.284667969,2.9404345790968436
1,bv_direct,float,vienot,0,1024,54,0.903320312,0.927734375,1.361083984,0.8046875,0.8448181155000001,2.612670898,1.0981468767995421
1,bv_direct,float,vienot,1,1024,54,0.903320312,0.9216308595,0.946044922,0.823364258,0.8450927735,1.311157227,1.0905676730414025
1,bv_split,double,brettel,0,1024,54,3.948974609,4.095458984,6.372070312,4.691101074,4.8806152345000005,12.690002441,0.8391276073250146
1,bv_split,double,brettel,1,1024,54,3.985595703,4.107666016,9.228515625,4.641357422,4.848449707,7.428894043,0.8472122563361879
1,bv_split,double,brettel,2,1024,54,3.961181641,4.040527344,14.465332031,4.490966797,4.8057861325,5.303955078,0.8407630370139032
1,bv_split,double,lookup,0,1024,54,9.918212891,10.418701172,17.791748047,7.51373291,8.155670166,11.573425293,1.2774794664250035
1,bv_split,double,lookup,1,1024,54,10.162353516,10.412597656,19.073486328,7.940124512,8.169433594000001,21.19909668,1.2745801206643603
1,bv_split,double,lookup,2,1024,54,10.162353516,10.418701172,18.310546875,7.464355469,7.988220215,9.157653809,1.3042581315467654
1,bv_split,double,lookupApply,0,1024,54,12.811279297,13.604736328,17.260742188,12.095031738,13.0685424805,19.247924805,1.041029353372809
1,bv_split,double,lookupApply,1,1024,54,13.116455078,13.586425781,20.745849609,12.362731934,13.263000488500001,26.480957031,1.0243855297133129
1,bv_split,double,lookupApply,2,1024,54,13.110351562,13.592529297,17.596435547,12.348510742,12.841247559,16.102966309,1.058505354292734
1,bv_split,double,prepared,0,1024,54,1.812744141,1.861572266,3.741455078,1.187988281,1.3608703615,3.852294922,1.3679277017600036
1,bv_split,double,prepared,1,1024,54,1.812744141,1.861572266,5.902099609,1.189147949,1.336120605,1.598510742,1.3932666400276044
1,bv_split,double,prepared,2,1024,54,1.812744141,1.861572266,12.707519531,1.187194824,1.271484375,3.365478516,1.4640937022918588
1,bv_split,double,vienot,0,1024,54,0.982666016,1.000976562,2.197265625,1.330505371,1.3705444335,2.320129395,0.7303495877501588
1,bv_split,double,vienot,1,1024,54,0.982666016,1.007080078,2.893066406,1.330749512,1.3494567874999999,1.414855957,0.7462855330593534
1,bv_split,float,brettel,0,1024,54,2.197265625,2.331542969,2.978515625,2.295166016,2.3653564449999998,2.741455078,0.985704701686092
1,bv_split,float,brettel,1,1024,54,2.197265625,2.2796630860000002,4.968261719,2.307434082,2.366638184,6.821899414,0.9632495163020661
1,bv_split,float,brettel,2,1024,54,2.197265625,2.288818359,2.752685547,2.305603027,2.3644409179999997,5.034729004,0.9680167271576545
1,bv_split,float,lookup,0,1024,54,7.556152344,8.187866211,16.6015625,5.815246582,6.1081237795,16.445007324,1.3404879315772877
1,bv_split,float,lookup,1,1024,54,7.537841797,8.187866211,11.834716797,5.926940918,6.071472168,8.937194824,1.3485800452408496
1,bv_split,float,lookup,2,1024,54,7.727050781,8.200073242,13.763427734,5.927856445,6.091308594,9.794677734,1.346192384683507
1,bv_split,float,lookupApply,0,1024,54,13.330078125,13.864135742,17.816162109,12.384155273,13.592529297,23.078125,1.0199820385937992
1,bv_split,float,lookupApply,1,1024,54,13.446044922,13.696289062,26.342773438,13.242004395,13.5824279785,16.607910156,1.0083829697959918
1,bv_split,float,lookupApply,2,1024,54,13.452148438,13.7115478515,21.667480469,13.244506836,13.5793151855,15.996276855,1.009737800779615
1,bv_split,float,prepared,0,1024,54,2.410888672,2.471923828,3.253173828,0.803344727,0.8440246579999999,1.095947266,2.9287341365801662
1,bv_split,float,prepared,1,1024,54,2.410888672,2.471923828,2.960205078,0.822753906,0.844604492,3.811279297,2.926723515460536
1,bv_split,float,prepared,2,1024,54,2.410888672,2.471923828,5.017089844,0.822814941,0.8365173340000001,0.851135254,2.9550180582390655
1,bv_split,float,vienot,0,1024,54,0.903320312,0.9185791015,0.939941406,0.803649902,0.845458984,2.628662109,1.0864857064432116
1,bv_split,float,vienot,1,1024,54,0.903320312,0.927734375,2.520751953,0.822692871,0.8468933110000001,1.305114746,1.0954560190167801
1,ma_fixed,double,brettel,0,1024,54,9.063720703,9.4482421875,13.415527344,4.688049316,4.8776855470000005,11.538818359,1.9370338855302185
1,ma_fixed,double,brettel,1,1024,54,6.292724609,7.946777343500001,10.998535156,4.59967041,4.8769226075,42.267700195,1.629465542733651
1,ma_fixed,double,brettel,2,1024,54,5.975341797,6.195068359,44.555664062,4.69152832,4.866271973,6.761779785,1.2730624990491053
1,ma_fixed,double,lookup,0,1024,54,8.868408203,9.27734375,13.262939453,7.952697754,8.1642150875,72.14654541,1.1363423979611071
1,ma_fixed,double,lookup,1,1024,54,9.057617188,9.27734375,33.697509766,7.476318359,8.151794433500001,46.663879395,1.138073810089534
1,ma_fixed,double,lookup,2,1024,54,9.057617188,9.283447266,47.607421875,7.453308105,8.151916503999999,11.573791504,1.1388054896593678
1,ma_fixed,double,lookupApply,0,1024,54,12.048339844,12.347412109,19.934082031,12.827636719,13.3356628415,70.10369873,0.9258941423275485
1,ma_fixed,double,lookupApply,1,1024,54,12.054443359,12.353515625,15.545654297,12.356140137,13.2411193845,33.247802734,0.9329661085497784
1,ma_fixed,double,lookupApply,2,1024,54,11.975097656,12.341308594,50.152587891,12.352233887,13.181427002,13.693847656,0.9362649880113488
1,ma_fixed,double,prepared,0,1024,54,1.818847656,1.861572266,2.978515625,1.188232422,1.367858887,20.432312012,1.360938824678631
1,ma_fixed,double,prepared,1,1024,54,1.818847656,1.861572266,3.179931641,1.188232422,1.3555908205,20.583496094,1.3732552904964141
1,ma_fixed,double,prepared,2,1024,54,1.818847656,1.861572266,2.392578125,1.187866211,1.320098877,2.661865234,1.4101763878706792
1,ma_fixed,double,vienot,0,1024,54,0.982666016,1.007080078,3.485107422,1.330078125,1.3673095700000002,2.258850098,0.7365413803108245
1,ma_fixed,double,vienot,1,1024,54,0.9765625,1.010131836,1.635742188,1.330078125,1.3653564450000002,20.04119873,0.7398301298530142
1,ma_fixed,float,brettel,0,1024,54,8.074951172,8.410644531500001,14.001464844,2.309143066,2.354003906,4.259460449,3.572910185094655
1,ma_fixed,float,brettel,1,1024,54,6.707763672,6.893920898499999,21.166992188,2.308166504,2.3590698244999997,3.452514648,2.92230472659331
1,ma_fixed,float,brettel,2,1024,54,4.797363281,5.072021484,6.439208984,2.307434082,2.3643188475,5.034179688,2.145235821032806
1,ma_fixed,float,lookup,0,1024,54,6.951904297,7.12890625,12.725830078,5.923156738,6.073425293,9.327697754,1.1737867687639967
1,ma_fixed,float,lookup,1,1024,54,6.945800781,7.122802734,10.009765625,5.924987793,6.0744628904999995,10.372131348,1.1725814878447154
1,ma_fixed,float,lookup,2,1024,54,6.958007812,7.12890625,16.430664062,5.943725586,6.0758666990000005,12.788818359,1.1733151175244372
1,ma_fixed,float,lookupApply,0,1024,54,12.329101562,12.872314453,16.290283203,12.683166504,13.5764160155,17.435424805,0.9481378913480453
1,ma_fixed,float,lookupApply,1,1024,54,12.567138672,12.878417969,13.647460938,12.692871094,13.586395264,15.788391113,0.9478907185281195
1,ma_fixed,float,lookupApply,2,1024,54,12.573242188,12.878417969,20.245361328,12.694152832,13.584075927499999,25.925231934,0.9480525607876319
1,ma_fixed,float,prepared,0,1024,54,2.410888672,2.471923828,3.698730469,0.82208252,0.8283691405,0.856140137,2.984084880936001
1,ma_fixed,float,prepared,1,1024,54,2.410888672,2.471923828,15.002441406,0.823669434,0.84564209,1.559631348,2.923132442473387
1,ma_fixed,float,prepared,2,1024,54,2.410888672,2.471923828,5.151367188,0.823791504,0.836730957,0.852539062,2.954263622398759
1,ma_fixed,float,vienot,0,1024,54,5.059814453,5.181884766,9.136962891,0.822753906,0.827270508,2.452026367,6.263833553703814
1,ma_fixed,float,vienot,1,1024,54,5.053710938,5.184936523499999,6.146240234,0.823608398,0.8370666499999999,1.319396973,6.194174052329047
1,ma_bounded,double,brettel,0,1024,54,9.112548828,9.4482421875,14.099121094,4.690856934,4.8097839355000005,10.154174805,1.9643797547254707
1,ma_bounded,double,brettel,1,1024,54,6.140136719,6.7169189455,9.362792969,4.59954834,4.807159424,8.868774414,1.3972740142474624
1,ma_bounded,double,brettel,2,1024,54,5.718994141,5.92956543,17.059326172,4.69152832,4.8061828615,5.795043945,1.2337369594275893
1,ma_bounded,double,lookup,0,1024,54,8.612060547,8.831787109,12.445068359,7.938232422,8.1428833005,17.375976562,1.0846019503260842
1,ma_bounded,double,lookup,1,1024,54,8.380126953,8.831787109,23.663330078,7.938537598,8.1418762205,12.251037598,1.0847361062506589
1,ma_bounded,double,lookup,2,1024,54,8.612060547,8.8287353515,16.381835938,7.937438965,8.150695801000001,10.137817383,1.0831879347548232
1,ma_bounded,double,lookupApply,0,1024,54,11.462402344,11.761474609,17.913818359,12.811340332,13.199768066499999,20.702819824,0.8910364598639974
1,ma_bounded,double,lookupApply,1,1024,54,11.462402344,11.755371094,16.931152344,12.098754883,13.1361694335,25.102233887,0.894885769668997
1,ma_bounded,double,lookupApply,2,1024,54,11.462402344,11.755371094,18.774414062,12.657592773,13.139465332,16.416809082,0.8946612968619687
1,ma_bounded,double,prepared,0,1024,54,1.818847656,1.861572266,3.454589844,1.187194824,1.292663574,5.449279785,1.4401057656785181
1,ma_bounded,double,prepared,1,1024,54,1.818847656,1.840209961,1.995849609,1.186645508,1.291259766,2.703918457,1.4251276230037822
1,ma_bounded,double,prepared,2,1024,54,1.818847656,1.861572266,2.136230469,1.186828613,1.333251953,3.232910156,1.3962644208479926
1,ma_bounded,double,vienot,0,1024,54,0.982666016,1.010131836,3.845214844,1.329284668,1.364654541,5.136413574,0.7402106581932373
1,ma_bounded,double,vienot,1,1024,54,0.982666016,0.988769531,1.507568359,1.329162598,1.364013672,2.800964355,0.7248970822632634
1,ma_bounded,float,brettel,0,1024,54,7.971191406,8.3984375,11.529541016,2.295654297,2.3640441895,3.186462402,3.5525721292782966
1,ma_bounded,float,brettel,1,1024,54,5.145263672,5.4382324220000005,6.652832031,2.294555664,2.3644104004999997,3.163818359,2.300037430409705
1,ma_bounded,float,brettel,2,1024,54,4.98046875,5.139160156,8.142089844,2.293029785,2.3375854489999996,2.813110352,2.1984908223134654
1,ma_bounded,float,lookup,0,1024,54,6.066894531,6.304931641,8.245849609,5.797607422,6.089935303,7.666809082,1.0353035504160593
1,ma_bounded,float,lookup,1,1024,54,6.134033203,6.304931641,8.953857422,5.799072266,6.089752197,8.126281738,1.035334679809468
1,ma_bounded,float,lookup,2,1024,54,6.127929688,6.359863281,14.367675781,5.940917969,6.085388184,11.61730957,1.0451039586466584
1,ma_bounded,float,lookupApply,0,1024,54,11.517333984,11.877441406,14.849853516,12.389770508,13.574493407999999,18.349060059,0.8749822957665694
1,ma_bounded,float,lookupApply,1,1024,54,11.517333984,11.8377685545,23.834228516,12.382507324,13.58493042,17.211730957,0.8713897081925578
1,ma_bounded,float,lookupApply,2,1024,54,11.535644531,11.9110107425,18.841552734,12.383056641,13.582672119,25.75793457,0.8769269138020632
1,ma_bounded,float,prepared,0,1024,54,2.410888672,2.478027344,4.748535156,0.803100586,0.8436584475,0.956054688,2.937240006714921
1,ma_bounded,float,prepared,1,1024,54,2.410888672,2.471923828,4.388427734,0.804016113,0.8373107909999999,0.875,2.9522178079751993
1,ma_bounded,float,prepared,2,1024,54,2.410888672,2.471923828,4.089355469,0.803405762,0.8372802735,0.851379395,2.9523254114979456
1,ma_bounded,float,vienot,0,1024,54,5.053710938,5.181884766,5.804443359,0.803771973,0.843688965,0.886047363,6.141937350099156
1,ma_bounded,float,vienot,1,1024,54,5.053710938,5.181884766,7.843017578,0.805053711,0.836090088,1.250549316,6.1977588783470905
1,ma_direct,double,brettel,0,1024,54,9.014892578,9.3505859375,15.374755859,4.698181152,4.7607421875,11.477050781,1.964102564102564
1,ma_direct,double,brettel,1,1024,54,6.268310547,6.442260742,9.259033203,4.689880371,4.760620117,16.660644531,1.3532398266761347
1,ma_direct,double,brettel,2,1024,54,6.164550781,6.643676758,17.852783203,4.688476562,4.764038086,12.113952637,1.3945473646660513
1,ma_direct,double,lookup,0,1024,54,10.437011719,10.690307617,15.258789062,7.303588867,7.9640808105000005,11.342529297,1.3423153118820301
1,ma_direct,double,lookup,1,1024,54,10.192871094,10.44921875,21.435546875,7.287597656,7.964996338000001,10.086669922,1.3118924738418378
1,ma_direct,double,lookup,2,1024,54,10.186767578,10.437011719,18.963623047,7.274291992,7.9512329105,14.185241699,1.3126280963569064
1,ma_direct,double,lookupApply,0,1024,54,11.993408203,12.249755859499999,20.294189453,12.096740723,12.937255859499999,18.742919922,0.9468589005685344
1,ma_direct,double,lookupApply,1,1024,54,11.633300781,12.1673583985,17.3828125,12.805419922,12.937469482000001,14.024169922,0.9404743652094049
1,ma_direct,double,lookupApply,2,1024,54,11.633300781,11.999511719,20.745849609,12.09954834,12.831085205,16.299560547,0.9351907128107952
1,ma_direct,double,prepared,0,1024,54,1.812744141,1.831054688,4.522705078,1.198364258,1.3450012205,3.157409668,1.361377714824163
1,ma_direct,double,prepared,1,1024,54,1.818847656,1.818847656,2.294921875,1.186950684,1.3345947265000002,2.401245117,1.3628464281212636
1,ma_direct,double,prepared,2,1024,54,1.818847656,1.861572266,2.947998047,1.186828613,1.349090576,3.442016602,1.3798719664320003
1,ma_direct,double,vienot,0,1024,54,0.9765625,0.982666016,4.211425781,1.33190918,1.3450622555,3.463317871,0.7305728875982127
1,ma_direct,double,vienot,1,1024,54,0.9765625,0.988769531,1.312255859,1.329833984,1.3388366695,1.492919922,0.7385288687747583
1,ma_direct,float,brettel,0,1024,54,7.873535156,8.294677734499999,14.886474609,2.295166016,2.3089904785,3.272460938,3.5923395144914183
1,ma_direct,float,brettel,1,1024,54,5.285644531,5.725097656499999,18.756103516,2.293945312,2.3098449705,3.065734863,2.4785635960930823
1,ma_direct,float,brettel,2,1024,54,4.962158203,5.1086425779999995,8.898925781,2.293151855,2.3107604979999996,4.387695312,2.2108057422747236
1,ma_direct,float,lookup,0,1024,54,10.601806641,10.717773438,12.487792969,5.797851562,5.963775634999999,8.637573242,1.7971456496619194
1,ma_direct,float,lookup,1,1024,54,10.601806641,10.717773438,12.957763672,5.800842285,5.962554932,11.356201172,1.7975135760141288
1,ma_direct,float,lookup,2,1024,54,10.406494141,10.876464844000001,16.223144531,5.928588867,5.972503661999999,13.586242676,1.8210896902753548
1,ma_direct,float,lookupApply,0,1024,54,12.20703125,12.640380859499999,16.522216797,12.375732422,13.2621765135,14.509216309,0.95311511248798
1,ma_direct,float,lookupApply,1,1024,54,12.243652344,12.7716064455,28.540039062,12.375854492,13.266937256,18.27130127,0.96266426825257
1,ma_direct,float,lookupApply,2,1024,54,12.463378906,12.786865234,19.586181641,12.383361816,13.2839660645,23.827331543,0.9625788843417442
1,ma_direct,float,prepared,0,1024,54,2.410888672,2.429199219,7.434082031,0.803283691,0.8251037594999999,2.475830078,2.9441136233242435
1,ma_direct,float,prepared,1,1024,54,2.410888672,2.429199219,3.729248047,0.8046875,0.8268127439999999,0.865783691,2.9380282737877104
1,ma_direct,float,prepared,2,1024,54,2.410888672,2.4505615235000002,5.004882812,0.804992676,0.8278198245,0.851013184,2.960259528672353
1,ma_direct,float,vienot,0,1024,54,5.053710938,5.181884766,13.055419922,0.803771973,0.824584961,1.247680664,6.2842339007926675
1,ma_direct,float,vienot,1,1024,54,5.053710938,5.072021484,7.232666016,0.803649902,0.8248596189999999,2.306640625,6.148951127161434
1,default,double,brettel,0,8191,54,9.669149066,10.0693596635,26.890031742,4.590861922,4.620509553,4.865942803,2.179274720244259
1,default,double,brettel,1,8191,54,9.614973752,10.004120376,11.791142718,4.399363631,4.620681235499999,5.123527347,2.165074772771566
1,default,double,brettel,2,8191,54,9.22964229,9.6901324625,10.793096081,4.503670187,4.616366286,4.949922171,2.0990822352825753
1,default,double,lookup,0,8191,54,9.463893298,10.171987547499999,12.038365279,7.324929801,7.89758958,10.665104993,1.2879863462719974
1,default,double,lookup,1,8191,54,9.895769747,10.071648760999999,12.691521182,7.298994323,7.8123016115,10.734746978,1.2892037790981028
1,default,double,lookup,2,8191,54,9.68212062,10.1414662435,11.899493346,7.132538762,7.985017855000001,10.834879746,1.27006181171526
1,default,double,lookupApply,0,8191,54,12.683127823,13.314537297000001,16.075570748,11.856473569,12.826764894,15.662113906,1.0380277027785991
1,default,double,lookupApply,1,8191,54,12.97613234,13.3072884875,15.798589916,11.801321572,12.668595867499999,15.235181907,1.0504154230413572
1,default,double,lookupApply,2,8191,54,12.515260652,13.334757661000001,15.822243926,11.800879014,12.849674948,15.488035649,1.0377505824048492
1,default,double,prepared,0,8191,54,1.758027103,1.834330363,2.136491271,1.233861861,1.2763093639999998,2.089160359,1.4372145302226274
1,default,double,prepared,1,8191,54,1.79236357,1.8473019165,2.624832133,1.234724087,1.2763856675,1.682273227,1.4472913348504048
1,default,double,prepared,2,8191,54,1.784733244,1.846157368,3.516817238,1.234510438,1.273051215,1.814422842,1.4501831083048768
1,default,double,vienot,0,8191,54,1.098003907,1.152942254,2.354718594,1.339511354,1.3768656149999998,1.633622268,0.8373673083556525
1,default,double,vienot,1,8191,54,1.073586864,1.1334849225,2.187614455,1.339000122,1.380993621,2.257195397,0.8207749154403952
1,default,float,brettel,0,8191,54,7.905017702,8.251816017500001,9.456262972,2.194168905,2.2633225495,2.914532719,3.645886009187221
1,default,float,brettel,1,8191,54,7.792851911,8.058005738,9.450921743,2.20973477,2.2647379745,3.469951776,3.558030036467691
1,default,float,brettel,2,8191,54,7.755463313,7.9477475275,9.687461848,2.163678122,2.2620139485,2.603589305,3.5135714051499805
1,default,float,lookup,0,8191,54,7.603619827,8.028247466500002,10.593944573,5.769594677,5.962096356,6.583521548,1.346547755542514
1,default,float,lookup,1,8191,54,7.369368819,8.027484434000002,10.725949213,5.792180442,5.8798185505,6.946725064,1.3652605714027302
1,default,float,lookup,2,8191,54,7.382340374,8.0789891345,21.998229764,5.778972348,5.940174429,7.978780063,1.360059242546529
1,default,float,lookupApply,0,8191,54,13.201226956,13.5354352335,16.814186302,12.974980161,13.483213283000001,15.490561287,1.0038731086873662
1,default,float,lookupApply,1,8191,54,13.058539861,13.642641313999999,38.671255036,13.13623947,13.4526118605,15.363272189,1.0141258408010694
1,default,float,lookupApply,2,8191,54,12.957056525,13.582743254499999,16.505921133,13.13390459,13.469154407000001,15.36119674,1.0084332575058286
1,default,float,prepared,0,8191,54,2.363111952,2.40660481,2.598889025,0.76732847,0.78698419,1.226338359,3.058009094185234
1,default,float,prepared,1,8191,54,2.360059822,2.4489531189999996,9.50586009,0.767488707,0.7889909655,1.369674032,3.103905147314389
1,default,float,prepared,2,8191,54,2.30664754,2.4367445979999998,2.967433769,0.766893542,0.784309761,0.986692712,3.1068650667985245
1,default,float,vienot,0,8191,54,5.194725919,5.379379806999999,6.826852643,0.769129227,0.8039311440000001,1.433249908,6.691343962910334
1,default,float,vienot,1,8191,54,5.194725919,5.3816689045,6.458307899,0.768663777,0.7875793550000001,1.259797339,6.8331767082696055
1,prepared,double,brettel,0,8191,54,3.888414113,4.0509400565,6.172170675,4.508286534,4.7053282565,5.535679404,0.8609261321787657
1,prepared,double,brettel,1,8191,54,3.944115493,4.023852399,4.61024295,4.398142779,4.6251793125,5.199395678,0.8699884106385118
1,prepared,double,brettel,2,8191,54,3.983030155,4.023470883,4.759034306,4.403857893,4.6714038275,5.449540654,0.861298023372397
1,prepared,double,lookup,0,8191,54,9.915608595,10.2856794045,15.156116469,7.130898242,7.9326204065,8.842113295,1.2966307320178714
1,prepared,double,lookup,1,8191,54,9.913319497,10.206324014,12.097881822,7.132477719,7.961421072,9.061141802,1.2819726430367102
1,prepared,double,lookup,2,8191,54,9.901874008,10.397082163499999,12.198602124,7.603993713,8.1224171345,9.245742278,1.280047797513175
1,prepared,double,lookupApply,0,8191,54,12.835734343,13.459513490500001,32.482297644,12.372581187,12.581320199,15.256005067,1.0698013624651093
1,prepared,double,lookupApply,1,8191,54,12.826577951,13.355359541,16.926352094,11.802962093,12.685954858999999,14.053091808,1.0527673864080553
1,prepared,double,lookupApply,2,8191,54,12.932639482,13.426703089,39.749420095,12.113966549,12.88577402,14.633095776,1.0419787797116746
1,prepared,double,prepared,0,8191,54,1.788548407,1.8484464655,9.220485899,1.235632096,1.2650393725,1.764131364,1.4611770239585962
1,prepared,double,prepared,1,8191,54,1.828226102,1.8766786720000002,2.852215847,1.228993713,1.2764810464999998,2.404437798,1.470197052393132
1,prepared,double,prepared,2,8191,54,1.8305152,1.879730802,3.386338664,1.233007264,1.2755387009999999,1.679991759,1.4736760245113099
1,prepared,double,vienot,0,8191,54,1.103345135,1.1632431935,3.309272372,1.342891588,1.37805213,2.079485106,0.8441213276162493
1,prepared,double,vienot,1,8191,54,1.110975461,1.13272189,1.499359053,1.336688133,1.396513704,1.985090343,0.8111068919378109
1,prepared,float,brettel,0,8191,54,6.975644,7.380814308,10.883133927,2.159038884,2.272795599,3.200433403,3.247460665291441
1,prepared,float,brettel,1,8191,54,7.007691369,7.215236235,8.770296667,2.210413869,2.3013902455,11.025859175,3.135164168314452
1,prepared,float,brettel,2,8191,54,6.989378586,7.2415608595,10.521456477,2.15963405,2.238462947,2.306632279,3.235059516712206
1,prepared,float,lookup,0,8191,54,7.383103406,8.058005737999999,11.155536565,5.516267855,5.9204920035,10.394709132,1.3610365039318306
1,prepared,float,lookup,1,8191,54,7.744780857,8.140794775,11.92696252,5.665478879,5.96079157,7.688392748,1.3657237766829013
1,prepared,float,lookup,2,8191,54,7.570809425,8.072121841,24.484952997,5.684264742,5.910488646,7.751716823,1.3657283389695558
1,prepared,float,lookupApply,0,8191,54,13.153918935,13.956247710500001,37.330606764,12.839717373,13.587126877,17.614157307,1.027166952722348
1,prepared,float,lookupApply,1,8191,54,13.138658283,13.617842754,18.735502381,12.840243865,13.472172201,25.692810707,1.0108126997507638
1,prepared,float,lookupApply,2,8191,54,13.169179587,13.6311958245,18.933890856,12.83708491,13.471657153999999,17.342021731,1.0118425423595814
1,prepared,float,prepared,0,8191,54,2.348614333,2.421483946,4.379044073,0.749175925,0.7871406114999999,1.64606733,3.0763041705922705
1,prepared,float,prepared,1,8191,54,2.347088268,2.4184318155,4.731565132,0.768320413,0.790291936,5.717342205,3.0601752407353424
1,prepared,float,prepared,2,8191,54,2.367690148,2.505799048,4.073068001,0.749244598,0.7840236235,1.190742889,3.196075950892569
1,prepared,float,vienot,0,8191,54,5.145891832,5.3988371385,6.230161152,0.749656635,0.7960833535,1.344043768,6.781748562840662
1,prepared,float,vienot,1,8191,54,5.184043462,5.398455622,6.416341106,0.755997436,0.791871414,8.53511476,6.817338682211857
1,inline,double,brettel,0,8191,54,3.832712733,4.035679404,4.949029423,4.591602063,4.668309730000001,4.988821572,0.8644840718398518
1,inline,double,brettel,1,8191,54,3.831186668,3.9895159319999998,4.504944451,4.487722806,4.7160145280000005,5.087596142,0.8459507298617039
1,inline,double,brettel,2,8191,54,3.831186668,3.9887528994999997,4.250091564,4.491713466,4.729356153,6.769022403,0.843402943330836
1,inline,double,lookup,0,8191,54,9.808784031,10.00679099,12.325265535,7.510957148,7.883282719,9.295949823,1.269368529163872
1,inline,double,lookup,1,8191,54,9.668386033,10.1677908685,12.501526065,7.172147784,8.0754562935,9.605260347,1.2590980000330305
1,inline,double,lookup,2,8191,54,9.65846661,10.1799993895,11.544683189,6.974552863,8.048021456499999,9.278339031,1.2649070885960556
1,inline,double,lookupApply,0,8191,54,12.966975949,13.331324014,15.192742034,12.075273166,12.577787357999998,15.121078012,1.059910112530303
1,inline,double,lookupApply,1,8191,54,12.516023685,13.394655719500001,15.00045782,12.259148761,12.9236700345,16.224850446,1.0364436482626602
1,inline,double,lookupApply,2,8191,54,12.52060188,13.341624954,16.019869369,11.525447137,12.909084666,16.28862471,1.0335066582326498
1,inline,double,prepared,0,8191,54,1.790074472,1.832041265,2.408893908,1.233213283,1.2681563605,2.054137163,1.4446493524486803
1,inline,double,prepared,1,8191,54,1.790837505,1.83661946,2.281467464,1.211199792,1.269526004,2.303091808,1.446696998890304
1,inline,double,prepared,2,8191,54,1.784733244,1.8347118789999999,3.486295935,1.214122207,1.267999939,2.33380387,1.4469337281253605
1,inline,double,vienot,0,8191,54,1.094188744,1.1384446344999999,2.128860945,1.343364669,1.375869857,1.608487975,0.8274362787351913
1,inline,double,vienot,1,8191,54,1.089610548,1.1544683189999998,2.240263704,1.313461421,1.3753853315,2.303793798,0.8393780946761535
1,inline,float,brettel,0,8191,54,6.848217556,7.3312171895,8.36283726,2.164158833,2.2730741055,2.779643816,3.2252433705355936
1,inline,float,brettel,1,8191,54,6.778018557,7.3033665,8.616927115,2.209482969,2.249107252,3.735807594,3.247229092123349
1,inline,float,brettel,2,8191,54,6.81998535,7.2453760225,7.927145648,2.209574533,2.263112715,2.89630387,3.2015091314176987
1,inline,float,lookup,0,8191,54,7.202264681,7.9683494075,10.533664998,5.779643816,5.98151172,7.439483885,1.332163135425571
1,inline,float,lookup,1,8191,54,7.650927848,8.0683066785,10.229214992,5.694863265,5.929366072500001,6.694703028,1.3607368106213347
1,inline,float,lookup,2,8191,54,7.78979978,7.893190697,8.720699548,5.778949457,5.907554786,7.983129349,1.3361180696462862
1,inline,float,lookupApply,0,8191,54,12.775454767,13.7002502745,15.658191918,12.089740264,13.478299353,16.021631974,1.016467279416123
1,inline,float,lookupApply,1,8191,54,12.77316567,13.566338054,15.47659016,13.133225491,13.510739684,15.16689049,1.004115124064291
1,inline,float,lookupApply,2,8191,54,13.047857404,13.5064399955,15.743651569,12.699922171,13.3918706505,15.587344341,1.0085551412487488
1,inline,float,prepared,0,8191,54,2.295965084,2.4481900865000004,3.796087169,0.765321695,0.785629807,1.113401905,3.1162133420683724
1,inline,float,prepared,1,8191,54,2.294439018,2.40355268,2.791173239,0.76474179,0.7965984005,1.646181785,3.017270281350509
1,inline,float,prepared,2,8191,54,2.347088268,2.455820413,4.39277866,0.765108045,0.785511537,1.334063301,3.1263963638003194
1,inline,float,vienot,0,8191,54,5.057380051,5.4034153335,6.773440361,0.765336955,0.8055564035,1.371940239,6.70768093956316
1,inline,float,vienot,1,8191,54,5.048986693,5.4335551214999995,6.553686974,0.765397998,0.786583598,0.89303046,6.907791028589436
1,bv_direct,double,brettel,0,8191,54,3.898333537,4.0215633010000005,11.041081675,4.57232786,4.7729062385,6.139573923,0.8425816682843267
1,bv_direct,double,brettel,1,8191,54,3.868575266,4.0345348555000005,11.030399219,4.503143694,4.7446053594999995,5.626480283,0.8503415036240594
1,bv_direct,double,brettel,2,8191,54,3.770907093,4.0040135515,4.207361738,4.61587413,4.7432891285,6.139016909,0.8441428390780417
1,bv_direct,double,lookup,0,8191,54,9.755371749,10.2532505185,30.666280063,7.297941338,8.0547208825,21.617606214,1.2729492018496396
1,bv_direct,double,lookup,1,8191,54,9.711878891,10.266985105500002,11.857526554,7.866835551,8.08942742,21.647181358,1.269185638543006
1,bv_direct,double,lookup,2,8191,54,9.811073129,10.299032474499999,31.599468929,7.541936272,8.0683829815,10.216434196,1.2764679735846274
1,bv_direct,double,lookupApply,0,8191,54,12.984525699,13.392366622,15.79095959,12.080217617,12.9614630385,15.443238005,1.0332449803097126
1,bv_direct,double,lookupApply,1,8191,54,12.580118423,13.3133927485,15.351452814,12.156101209,12.987463374499999,15.541966793,1.0250956914835225
1,bv_direct,double,lookupApply,2,8191,54,12.242094982,13.391222073,37.019289464,12.313713222,13.032917226,15.363424796,1.0274922982158745
1,bv_direct,double,prepared,0,8191,54,1.785496276,1.83356733,2.534031254,1.26287999,1.2820511845,1.848042058,1.430182626222596
1,bv_direct,double,prepared,1,8191,54,1.789311439,1.835093395,2.013643023,1.270151691,1.2869117019999998,2.179762849,1.425966825966433
1,bv_direct,double,prepared,2,8191,54,1.745818581,1.832804297,2.972011964,1.261544683,1.281765047,1.732091625,1.4299065973828198
1,bv_direct,double,vienot,0,8191,54,1.1048712,1.135392504,5.802099866,1.377144122,1.3944420705,2.793492858,0.8142270862445267
1,bv_direct,double,vienot,1,8191,54,1.098003907,1.139207667,1.521486998,1.377281467,1.4199159135000001,2.267152973,0.8023064296757738
1,bv_direct,float,brettel,0,8191,54,2.159382249,2.270021975,3.140642168,2.16244201,2.265253022,2.776729032,1.0021052628354026
1,bv_direct,float,brettel,1,8191,54,2.083842022,2.2612471005000003,3.231443047,2.162350446,2.265172903,2.591327372,0.9982668861636124
1,bv_direct,float,brettel,2,8191,54,2.085368087,2.2700219754999997,3.5908314,2.182685264,2.283729856,3.09036595,0.9939975910618387
1,bv_direct,float,lookup,0,8191,54,7.215999267,8.0038304235,10.05829569,5.660374191,5.970157795,8.572678855,1.3406396779333367
1,bv_direct,float,lookup,1,8191,54,7.364027591,7.862669393,9.630997436,5.661946038,6.0076188805,8.274462825,1.3087829886348596
1,bv_direct,float,lookup,2,8191,54,7.39302283,7.8638139425,27.269258943,5.917577219,6.0193848435,7.439651752,1.3064148824097361
1,bv_direct,float,lookupApply,0,8191,54,12.536625565,13.530475522,15.699395678,13.149241546,13.570172293,17.350384568,0.9970747039799577
1,bv_direct,float,lookupApply,1,8191,54,12.785374191,13.408771823,16.221309974,12.612554938,13.499603223,17.721554145,0.9932715503930334
1,bv_direct,float,lookupApply,2,8191,54,12.598431205,13.2988951285,14.977566842,12.848095471,13.591052679499999,37.392114821,0.9785036848955289
1,bv_direct,float,prepared,0,8191,54,2.294439018,2.461543157,4.243987303,0.752502747,0.7885903735,1.235822854,3.1214471285959715
1,bv_direct,float,prepared,1,8191,54,2.298254181,2.408130875,2.826272738,0.752510377,0.7864348065,1.104245513,3.06208582719946
1,bv_direct,float,prepared,2,8191,54,2.299780247,2.411564522,3.686973508,0.784237273,0.788079142,5.555907398,3.060053735060025
1,bv_direct,float,vienot,0,8191,54,0.861463802,0.906482725,1.7954157,0.752975827,0.7856679584999999,1.376709193,1.1537733150409495
1,bv_direct,float,vienot,1,8191,54,0.8637529,0.907245758,1.958704676,0.753006348,0.7883080515,1.387155109,1.1508771935966962
1,bv_split,double,brettel,0,8191,54,3.933433036,4.0780277135,5.653308509,4.614279392,4.7801817545,6.207651691,0.8531114344472359
1,bv_split,double,brettel,1,8191,54,3.98455622,4.0360609205,5.390062263,4.613462947,4.8188560615,6.102849164,0.8375558159426879
1,bv_split,double,brettel,2,8191,54,3.94640459,4.0414021485,5.14207667,4.504181419,4.7981816935,6.151591686,0.8422778474551735
1,bv_split,double,lookup,0,8191,54,9.969020877,10.3760987665,12.045232572,7.953020083,8.157509004000001,9.404330973,1.2719690240503716
1,bv_split,double,lookup,1,8191,54,9.969020877,10.2677481385,12.22683433,7.953332926,8.1600537175,9.510827433,1.2582941845688898
1,bv_split,double,lookup,2,8191,54,10.048376267,10.448586863500001,12.69991454,7.829965816,8.1994490905,10.141107618,1.274303523099605
1,bv_split,double,lookupApply,0,8191,54,13.285923575,13.454172262,15.816139665,12.322785679,13.038830729,14.771609083,1.0318542008583813
1,bv_split,double,lookupApply,1,8191,54,12.95553046,13.430518252,16.097698694,12.597095898,13.188144762499999,14.976536748,1.0183781338364728
1,bv_split,double,lookupApply,2,8191,54,12.898303016,13.458750457499999,16.405963863,12.260049139,13.173921835,14.833758088,1.0216206400848133
1,bv_split,double,prepared,0,8191,54,1.827463069,1.8621810525,2.873580759,1.265619277,1.303225339,1.979047125,1.4289018151909951
1,bv_split,double,prepared,1,8191,54,1.83356733,1.8511170799999999,2.575235014,1.265962642,1.2994025455,2.278384813,1.4245909294318833
1,bv_split,double,prepared,2,8191,54,1.828226102,1.872100476,4.709437187,1.264406055,1.2860151385,1.610212428,1.4557375103559094
1,bv_split,double,vienot,0,8191,54,1.102582102,1.144167379,1.259766817,1.386063973,1.417268191,1.916631058,0.8073047756703656
1,bv_split,double,vienot,1,8191,54,1.117079722,1.1502716395,1.949548285,1.377777439,1.4150897325,2.100476132,0.8128612716791089
1,bv_split,float,brettel,0,8191,54,2.180747162,2.2940575020000002,3.105542669,2.261537053,2.2985861005,3.1835246,0.9980298329921099
1,bv_split,float,brettel,1,8191,54,2.183036259,2.3177115125,2.522585765,2.26052222,2.280071115,2.715274387,1.0165084313609225
1,bv_split,float,brettel,2,8191,54,2.175405933,2.292149921,2.456201929,2.261910939,2.316807319,3.173467831,0.9893571650098884
1,bv_split,float,lookup,0,8191,54,8.019472592,8.236936882,10.320015871,5.781917654,5.9763688805,7.132653217,1.3782510830072583
1,bv_split,float,lookup,1,8191,54,7.564705164,8.225491393,9.4265047,5.781452204,6.0032123675,7.312095593,1.3701816443361066
1,bv_split,float,lookup,2,8191,54,7.802008302,8.2273989745,9.836253205,5.765108045,6.093444787,8.095691918,1.3502048942911016
1,bv_split,float,lookupApply,0,8191,54,13.356122574,13.961207423,16.225125137,12.37828104,13.7536854475,16.103032292,1.0150884631099164
1,bv_split,float,lookupApply,1,8191,54,13.388932975,13.9325937005,16.323556342,12.380348859,13.6137567145,15.276576425,1.0234202059495017
1,bv_split,float,lookupApply,2,8191,54,13.377487486,13.9184775975,16.219020877,12.42556617,13.720295141000001,15.159061775,1.0144444747334753
1,bv_split,float,prepared,0,8191,54,2.402026615,2.426443658,3.228390917,0.784344097,0.807490691,1.558875595,3.004918428217521
1,bv_split,float,prepared,1,8191,54,2.402026615,2.4596355755,3.923513613,0.782665425,0.7894068185,0.843067086,3.1158022933899954
1,bv_split,float,prepared,2,8191,54,2.402026615,2.453912831,3.768617995,0.785328409,0.803656452,1.405162679,3.053435115083229
1,bv_split,float,vienot,0,8191,54,0.898852399,0.9045751435,1.365065316,0.783855756,0.790124069,1.129738432,1.1448520289286366
1,bv_split,float,vienot,1,8191,54,0.903430595,0.907245758,1.08426932,0.783031681,0.790570443,1.821786107,1.147583704947593
1,ma_fixed,double,brettel,0,8191,54,9.898821878,10.189155781,11.996398486,4.596355756,4.827176932,5.772578135,2.1107897896707963
1,ma_fixed,double,brettel,1,8191,54,9.902637041,10.2959803445,12.541966793,4.402659932,4.7396151265,5.414776889,2.172324138078936
1,ma_fixed,double,brettel,2,8191,54,9.424978635,9.7454523255,11.290593334,4.51147601,4.8080896719999995,5.239844036,2.026886557930237
1,ma_fixed,double,lookup,0,8191,54,8.890855817,9.1911091445,11.156299597,7.16971371,8.168557716,10.362295507,1.125181392364664
1,ma_fixed,double,lookup,1,8191,54,9.024386522,9.300604322,11.231839824,7.560844219,8.1696335915,10.502037297,1.1384359185553565
1,ma_fixed,double,lookup,2,8191,54,8.958765718,9.1045049445,11.770540838,7.589206141,8.226105634,25.848240447,1.1067819147458327
1,ma_fixed,double,lookupApply,0,8191,54,11.981137834,12.199365156999999,14.280155048,12.078638139,13.150740904500001,15.437004029,0.9276561104496817
1,ma_fixed,double,lookupApply,1,8191,54,11.695763643,12.260026248500001,33.434562325,12.073861555,13.082109938,15.575334208,0.9371597018068112
1,ma_fixed,double,lookupApply,2,8191,54,11.743834697,12.172659016,14.708979368,11.857251862,13.025752350000001,16.416318215,0.9345071738600956
1,ma_fixed,double,prepared,0,8191,54,1.834330363,1.8793492855,2.823220608,1.237417592,1.3094936515,1.672163045,1.4351725060654104
1,ma_fixed,double,prepared,1,8191,54,1.83356733,1.877823221,6.642961787,1.237570199,1.282123672,1.453798376,1.4646194138750759
1,ma_fixed,double,prepared,2,8191,54,1.8305152,1.8579843729999999,3.39396899,1.208643633,1.2895174585,3.144793066,1.4408369276064361
1,ma_fixed,double,vienot,0,8191,54,1.115553656,1.1552313515,1.609998779,1.350369308,1.4142999939999998,1.693451654,0.8168220012733735
1,ma_fixed,double,vienot,1,8191,54,1.120131852,1.1727811015,2.996429007,1.349995422,1.387845654,1.543920156,0.8450371250721228
1,ma_fixed,float,brettel,0,8191,54,8.726040776,9.046514467,11.009797339,2.222897082,2.2809486025,4.072243926,3.96611938431436
1,ma_fixed,float,brettel,1,8191,54,8.603192528,8.8061591995,10.66338054,2.261651508,2.278964717,3.350384568,3.8641051060642635
1,ma_fixed,float,brettel,2,8191,54,8.49789403,8.836680503,10.337565621,2.210047613,2.2744246735,4.133103406,3.88523770690619
1,ma_fixed,float,lookup,0,8191,54,6.79938347,7.145037236,9.244902942,5.82021426,5.9752472225,7.20670553,1.1957726550786243
1,ma_fixed,float,lookup,1,8191,54,6.951226956,7.121001709,8.161396655,5.813140947,6.0228909779999995,17.640619277,1.1823228637229368
1,ma_fixed,float,lookup,2,8191,54,6.754364546,7.0111250155,8.494078867,5.769335246,6.070275302000001,7.757409047,1.1549929231694012
1,ma_fixed,float,lookupApply,0,8191,54,12.5,12.841075571,14.182486876,12.379814736,13.523253418500001,16.128700708,0.9495551975261535
1,ma_fixed,float,lookupApply,1,8191,54,12.499236967,12.8330637285,15.265230131,13.29282902,13.520121169500001,37.082270175,0.9491825973756854
1,ma_fixed,float,lookupApply,2,8191,54,12.504578196,12.8563362225,15.21792211,12.832949274,13.773219082,16.29470608,0.9334300243072252
1,ma_fixed,float,prepared,0,8191,54,2.404315712,2.4634507384999997,3.864760103,0.784214382,0.7877243315,1.220127274,3.1273005542548735
1,ma_fixed,float,prepared,1,8191,54,2.404315712,2.4642137715,3.432883653,0.784244903,0.794282597,1.183104932,3.1024395861212604
1,ma_fixed,float,prepared,2,8191,54,2.404315712,2.4714625805,2.746917348,0.766748565,0.788529331,1.017717617,3.1342684201305886
1,ma_fixed,float,vienot,0,8191,54,5.263398852,5.4728513,6.699426199,0.784321206,0.7883118665,1.515771884,6.94249513748757
1,ma_fixed,float,vienot,1,8191,54,5.276370407,5.445000610499999,6.630753266,0.784069405,0.792180442,1.926329203,6.873434790630692
1,ma_bounded,double,brettel,0,8191,54,9.678305457,10.145662923,11.196740325,4.489348065,4.728509187,6.385445916,2.1456367158793466
1,ma_bounded,double,brettel,1,8191,54,9.634049567,10.0838572825,12.036076181,4.593074716,4.708307899,6.366415883,2.1417157711036094
1,ma_bounded,double,brettel,2,8191,54,9.1853864,9.6477841535,12.3618911,4.594051398,4.7052061715,6.363920767,2.0504487586405435
1,ma_bounded,double,lookup,0,8191,54,8.206415578,8.6939934075,13.351544378,7.771921927,7.9648737945,10.194367293,1.0915418915367474
1,ma_bounded,double,lookup,1,8191,54,8.24227811,8.638673544,11.002930045,7.138307288,7.952085368500001,10.85440575,1.0863406444578336
1,ma_bounded,double,lookup,2,8191,54,8.207178611,8.757706629000001,10.798437309,7.790211818,7.9766969845,9.298338115,1.0979114094490023
1,ma_bounded,double,lookupApply,0,8191,54,10.967067513,11.555747161500001,18.708033207,12.441322793,12.862211574,15.215755097,0.8984261450697235
1,ma_bounded,double,lookupApply,1,8191,54,10.964778415,11.518740080499999,13.251587108,12.203111647,12.852124282999998,15.571938713,0.8962518434198681
1,ma_bounded,double,lookupApply,2,8191,54,10.980039067,11.7480313755,17.288029545,12.078126908,12.864405292499999,15.864897448,0.9132199358138343
1,ma_bounded,double,prepared,0,8191,54,1.756501038,1.8717189595,3.52597363,1.207758515,1.2718799595,1.684112135,1.4716160479765776
1,ma_bounded,double,prepared,1,8191,54,1.752685875,1.8301336835000002,2.024325479,1.234815651,1.2717807655,1.592807655,1.439032365598393
1,ma_bounded,double,prepared,2,8191,54,1.75115981,1.832804297,3.306220242,1.235303992,1.271563301,2.158268221,1.4413787308572221
1,ma_bounded,double,vienot,0,8191,54,1.114027591,1.139207667,1.949548285,1.316811134,1.38272189,2.197747528,0.8238877790529519
1,ma_bounded,double,vienot,1,8191,54,1.091899646,1.1403522160000001,1.619918203,1.345882676,1.380871536,2.295667501,0.8258206402771417
1,ma_bounded,float,brettel,0,8191,54,8.75656208,8.879791845,10.647356855,2.16011476,2.2310043035,2.901881638,3.9801769234910847
1,ma_bounded,float,brettel,1,8191,54,8.232358686,8.769152118000001,24.934379197,2.110899158,2.2661076180000004,3.213763582,3.8696980003709602
1,ma_bounded,float,brettel,2,8191,54,8.340709315,8.701242217,10.072030277,2.159397509,2.266901172,3.101635942,3.838386218364883
1,ma_bounded,float,lookup,0,8191,54,5.959284581,6.1843791965,9.055670858,5.680533512,5.98034428,7.87454218,1.0341175870396546
1,ma_bounded,float,lookup,1,8191,54,6.098919546,6.2045995605,7.858472714,5.679381333,5.9583689415,7.819962459,1.0413251716061094
1,ma_bounded,float,lookup,2,8191,54,5.783024051,6.2751800755,7.243468441,5.660511537,5.9568505065,6.885148334,1.0534392408627082
1,ma_bounded,float,lookupApply,0,8191,54,11.258545965,11.678595409500002,13.784946893,12.405834147,13.479699518,16.281200403,0.8663839571427456
1,ma_bounded,float,lookupApply,1,8191,54,11.520266146,11.678976925499999,13.812416066,12.838763582,13.520121169500001,15.258813026,0.8638219124726905
1,ma_bounded,float,lookupApply,2,8191,54,11.283726041,11.859815651,13.436240996,12.473560921,13.485704584499999,16.509102979,0.8794361152350364
1,ma_bounded,float,prepared,0,8191,54,2.308173605,2.463069222,4.533176657,0.747619338,0.788098218,1.135171225,3.12533281479898
1,ma_bounded,float,prepared,1,8191,54,2.363111952,2.407367843,2.921651813,0.747932182,0.790940514,1.178114699,3.043677495827455
1,ma_bounded,float,prepared,2,8191,54,2.36234892,2.4298773039999997,2.681296545,0.747466732,0.7886170795,0.834048041,3.081187774351265
1,ma_bounded,float,vienot,0,8191,54,5.104688072,5.499175924999999,6.72613234,0.748893603,0.7901049935,1.678503846,6.9600571699209235
1,ma_bounded,float,vienot,1,8191,54,5.069588573,5.353818215,6.452203638,0.74813057,0.7916157975,0.986395129,6.763152316954615
1,ma_direct,double,brettel,0,8191,54,9.466182395,10.072030277,12.848705897,4.591678366,4.711092968,5.794835795,2.137939188509769
1,ma_direct,double,brettel,1,8191,54,9.495940667,9.9331583445,12.418355512,4.488180625,4.728467220000001,6.538342388,2.1007142235195615
1,ma_direct,double,brettel,2,8191,54,9.057196923,9.571480893499999,28.306220242,4.486822427,4.766008424000001,16.130097058,2.0082803138368934
1,ma_direct,double,lookup,0,8191,54,9.973599072,10.4623214505,12.660236845,7.323014589,7.957422781,9.589374008,1.314787681695255
1,ma_direct,double,lookup,1,8191,54,9.740111098,10.4855939445,22.926077402,6.998809669,7.9712832680000005,9.509293737,1.3154210673447615
1,ma_direct,double,lookup,2,8191,54,9.982755463,10.5084849225,12.628952509,6.975834758,7.9988478205,12.126617629,1.3137498247645276
1,ma_direct,double,lookupApply,0,8191,54,11.473721157,12.021578562,14.085581736,12.07678397,12.6366438775,15.416516604,0.9513268458411537
1,ma_direct,double,lookupApply,1,8191,54,11.130356489,12.033024051,16.789769259,11.527118178,12.8629326395,16.565719998,0.9354806083683059
1,ma_direct,double,lookupApply,2,8191,54,11.47448419,12.0723202295,14.431235502,11.527545477,12.8654430165,42.443558479,0.9383524697919212
1,ma_direct,double,prepared,0,8191,54,1.75115981,1.8320412645,2.91478452,1.234457026,1.274790929,1.62968502,1.4371307661697363
1,ma_direct,double,prepared,1,8191,54,1.75115981,1.8392900745,3.265016482,1.217777133,1.2710902210000001,2.703317666,1.447017720782229
1,ma_direct,double,prepared,2,8191,54,1.756501038,1.835093395,3.848736418,1.20646136,1.2784115185,10.670751435,1.4354481076274814
1,ma_direct,double,vienot,0,8191,54,1.103345135,1.132340374,1.631363692,1.318764498,1.3885400135000001,3.641328898,0.8154899124194377
1,ma_direct,double,vienot,1,8191,54,1.094188744,1.119368819,1.594738127,1.314712795,1.3774149985,1.739271762,0.8126590898305802
1,ma_direct,float,brettel,0,8191,54,8.538334758,8.829431693499998,11.170034184,2.162434379,2.2656459835,3.080194726,3.8970923779805067
1,ma_direct,float,brettel,1,8191,54,8.333078989,8.633713832000002,9.259400562,2.160938835,2.264795202,3.920774325,3.8121388743563758
1,ma_direct,float,brettel,2,8191,54,8.328500794,8.777545477,10.23455622,2.12007844,2.3008446769999997,9.671453424,3.8149230866139
1,ma_direct,float,lookup,0,8191,54,10.423025272,10.7370131855,12.288639971,5.660282627,5.958967921999999,7.897593395,1.801824296764523
1,ma_direct,float,lookup,1,8191,54,10.186485167,10.6794042245,11.886521792,5.639421316,5.9515321695,17.574365157,1.7943957825228722
1,ma_direct,float,lookup,2,8191,54,10.081186668,10.693520327000002,14.322121841,5.660503907,5.939861585999999,7.090846661,1.800297897884384
1,ma_direct,float,lookupApply,0,8191,54,12.181052375,12.5019075815,14.599102674,12.3780445,13.5071686915,16.008309425,0.9255757344148218
1,ma_direct,float,lookupApply,1,8191,54,12.180289342,12.503052130499999,14.607496032,12.425222806,13.482892808999999,15.987219204,0.9273271179723431
1,ma_direct,float,lookupApply,2,8191,54,11.907886705,12.488172994500001,14.267946527,12.090854291,13.4814430475,16.415692528,0.9263231651463163
1,ma_direct,float,prepared,0,8191,54,2.350140398,2.4138536200000003,2.939964595,0.753387865,0.7881668905,1.492255219,3.0626173835704917
1,ma_direct,float,prepared,1,8191,54,2.349377365,2.4184318155,3.240599438,0.753258149,0.786591228,1.423307594,3.074572572655234
1,ma_direct,float,prepared,2,8191,54,2.347088268,2.407367843,3.250518862,0.753570993,0.7920888779999999,5.56040166,3.0392647969992073
1,ma_direct,float,vienot,0,8191,54,5.187858625,5.4884934685,6.862715175,0.753593884,0.7873084785,1.482862288,6.97121092733158
1,ma_direct,float,vienot,1,8191,54,5.169545843,5.3904437795,6.240080576,0.753929618,0.7879799475,1.854153949,6.84083877591314
1,default,double,brettel,0,65536,54,9.920978546,10.4001045225,16.128635406,4.801972389,5.034652233,6.140462875,2.0657046487405317
1,default,double,brettel,1,65536,54,10.129356384,10.764837265,11.364173889,4.586117744,4.909778118,10.996736526,2.1925302949097545
1,default,double,brettel,2,65536,54,9.895038605,10.4016780855,10.999774933,4.583348274,4.848172665,5.730400085,2.145484248238919
1,default,double,lookup,0,65536,54,9.541606903,10.280561447,19.837188721,7.591616631,8.3556337355,9.021845818,1.2303748312137825
1,default,double,lookup,1,65536,54,9.662342072,10.679960251,11.206150055,7.133152008,8.2052750585,9.045432091,1.3015968599293242
1,default,double,lookup,2,65536,54,9.68132019,10.69984436,23.373699188,7.282148361,8.043766499,9.061472893,1.3302032525844956
1,default,double,lookupApply,0,65536,54,12.536334991,13.755559921,22.84040451,12.491607666,13.305328846,21.18678093,1.033838402658898
1,default,double,lookupApply,1,65536,54,12.480831146,13.747739792,14.237880707,12.386925697,13.306461811,22.409142494,1.0331626834591905
1,default,double,lookupApply,2,65536,54,12.442684174,13.7701034545,20.037078857,11.926382065,13.253345966,16.897774696,1.038990719009802
1,default,double,prepared,0,65536,54,1.727676392,1.8693447115000001,4.971218109,1.402378082,1.4823927879999999,1.852493286,1.261031979265134
1,default,double,prepared,1,65536,54,1.78604126,1.8784523009999998,2.471065521,1.376831055,1.4575414654999999,2.142058372,1.2887813797843544
1,default,double,prepared,2,65536,54,1.721191406,1.8914699554999999,2.540206909,1.373120308,1.4606180195,1.869701385,1.2949792007546843
1,default,double,vienot,0,65536,54,1.119709015,1.200056076,1.689338684,1.423963547,1.4726748465,2.25060463,0.8148818993222345
1,default,double,vienot,1,65536,54,1.123428345,1.1979579925000001,1.70841217,1.365953445,1.447446346,2.048299789,0.8276355084321724
1,default,float,brettel,0,65536,54,8.176040649,8.552312851,16.484737396,2.215755463,2.3423190115,6.877697945,3.6512160850042266
1,default,float,brettel,1,65536,54,7.992935181,8.333826065,8.974742889,2.219615936,2.3453764914999997,3.601572037,3.5532999052403955
1,default,float,brettel,2,65536,54,7.801055908,8.190536499,8.657836914,2.271035194,2.3554377555,2.671149254,3.477288448771322
1,default,float,lookup,0,65536,54,7.528686523,8.063316345,17.586898804,5.626704216,6.1087841990000005,9.16384697,1.3199543611836795
1,default,float,lookup,1,65536,54,7.186603546,8.0040454865,9.055423737,5.675271988,6.1073589325,6.490618706,1.3105575707867567
1,default,float,lookup,2,65536,54,7.315063477,8.143091201499999,13.146781921,5.813215256,6.136961937000001,6.818388939,1.3268928966961586
1,default,float,lookupApply,0,65536,54,12.735080719,13.9630317685,23.361206055,12.120789528,13.599665165000001,22.780571938,1.0267187904328083
1,default,float,lookupApply,1,65536,54,12.733650208,13.7305259705,15.861415863,11.844511032,13.706027031,15.003400803,1.001787457404293
1,default,float,lookupApply,2,65536,54,12.795639038,13.920688629499999,15.026760101,12.981189728,13.657333374,14.002575874,1.0192830656093788
1,default,float,prepared,0,65536,54,2.309989929,2.4565696715,3.139686584,0.792866707,0.849050999,1.117557526,2.8933122679242027
1,default,float,prepared,1,65536,54,2.330207825,2.4421215055000003,2.73771286,0.811475754,0.8646025660000001,2.346351624,2.82455963182973
1,default,float,prepared,2,65536,54,2.363681793,2.440023422,2.798843384,0.830339432,0.8658142090000001,1.135901451,2.8181836202690453
1,default,float,vienot,0,65536,54,5.085849762,5.477762222,5.93957901,0.844574928,0.8705277445,1.447283745,6.29246139093043
1,default,float,vienot,1,65536,54,5.069732666,5.349254608,6.027603149,0.812491417,0.8603510855000001,1.560852051,6.217525261668307
1,prepared,double,brettel,0,65536,54,3.732204437,3.9423942565,4.829978943,4.575130463,4.8595314025,5.588299751,0.8112704559274633
1,prepared,double,brettel,1,65536,54,3.670883179,4.0275573730000005,5.208301544,4.577331543,4.8561077115,5.649559975,0.8293797444941622
1,prepared,double,brettel,2,65536,54,3.942775726,4.11157608,4.755496979,4.558632851,4.9633874890000005,5.67686367,0.8283810379729954
1,prepared,double,lookup,0,65536,54,9.524726868,10.152864456,11.381149292,7.604272842,8.282924175000002,8.859761238,1.2257584690493677
1,prepared,double,lookup,1,65536,54,9.784889221,10.784339905,19.700050354,7.10628891,8.339534759500001,8.967294693,1.2931584573965584
1,prepared,double,lookup,2,65536,54,9.935092926,10.665225983,11.229324341,7.778011322,8.374529838499999,16.758687973,1.2735313132408992
1,prepared,double,lookupApply,0,65536,54,12.324428558,13.081026077,14.059448242,11.892410278,13.257445812499999,22.727689743,0.9866927809477707
1,prepared,double,lookupApply,1,65536,54,12.830257416,13.623762131,22.554588318,11.790262222,13.258811951,13.643939972,1.02752510416082
1,prepared,double,lookupApply,2,65536,54,13.067817688,13.743972778,23.755550385,12.594919205,13.31714201,14.210659027,1.0320512289858805
1,prepared,double,prepared,0,65536,54,1.763725281,1.8125057225,2.444648743,1.398673058,1.4484262465,1.939813614,1.2513621089646556
1,prepared,double,prepared,1,65536,54,1.819324493,1.8679618835,5.425930023,1.398564339,1.450398445,2.013314247,1.2878956744193144
1,prepared,double,prepared,2,65536,54,1.839351654,1.8899440765,2.541065216,1.366267204,1.4503450390000001,2.08155632,1.303099625040328
1,prepared,double,vienot,0,65536,54,1.131820679,1.183605194,1.643657684,1.359113693,1.440214634,1.876196861,0.8218255571481716
1,prepared,double,vienot,1,65536,54,1.12323761,1.201057434,1.589679718,1.39120388,1.4462924,2.007365227,0.8304388752924374
1,prepared,float,brettel,0,65536,54,7.802200317,8.336448669500001,8.800792694,2.21899128,2.3512530325,2.687452316,3.5455344679071676
1,prepared,float,brettel,1,65536,54,7.746696472,8.325576781999999,9.825897217,2.270501137,2.348426819,2.698703766,3.545171905993294
1,prepared,float,brettel,2,65536,54,7.671546936,8.1127643585,16.395759583,2.219104767,2.350327015,2.748102188,3.4517598218135617
1,prepared,float,lookup,0,65536,54,7.653236389,8.0983161925,8.570098877,5.743787766,6.037472248,6.448159218,1.3413421809404895
1,prepared,float,lookup,1,65536,54,7.361221313,8.003520966,8.530521393,5.673523903,6.0321764945,11.681328773,1.326804839562872
1,prepared,float,lookup,2,65536,54,7.197761536,7.8278064725,8.626270294,5.667427063,6.039467334999999,10.880222321,1.2961087523623473
1,prepared,float,lookupApply,0,65536,54,13.049221039,13.793277740499999,14.193534851,12.550631523,13.6062731745,13.960990906,1.0137439961407266
1,prepared,float,lookupApply,1,65536,54,12.747001648,13.7685775755,23.089885712,12.682186127,13.550041675500001,13.957201958,1.016128061096309
1,prepared,float,lookupApply,2,65536,54,12.74471283,13.312149047999998,14.141845703,12.744839668,13.5699491505,22.789288521,0.9810021320167952
1,prepared,float,prepared,0,65536,54,2.366256714,2.448654175,2.859020233,0.811247826,0.853498936,1.09178257,2.8689598448427356
1,prepared,float,prepared,1,65536,54,2.380561829,2.4611473085,7.229137421,0.82982254,0.8622560505,1.06378746,2.8543114392445776
1,prepared,float,prepared,2,65536,54,2.360725403,2.431201935,2.811431885,0.811520576,0.8496041295000001,2.397236824,2.861570289719266
1,prepared,float,vienot,0,65536,54,5.201911926,5.4198741915,5.843544006,0.811997414,0.857755661,1.076691628,6.318669101153271
1,prepared,float,vienot,1,65536,54,5.333042145,5.4782390595,13.708305359,0.830812454,0.8567209245,1.453291893,6.394426589612262
1,inline,double,brettel,0,65536,54,3.842544556,4.126405716000001,5.476665497,4.721823692,4.8992829325,5.892278671,0.8422468701750163
1,inline,double,brettel,1,65536,54,3.842830658,4.1655540465000005,11.701965332,4.582651138,4.849614620500001,9.76444912,0.8589453745234972
1,inline,double,brettel,2,65536,54,3.816413879,4.0678977965000005,5.491542816,4.582486153,4.766861916,13.117968559,0.8533701768968969
1,inline,double,lookup,0,65536,54,9.677600861,10.670232773,20.223903656,7.553983688,8.095448494,9.912900925,1.3180533210616214
1,inline,double,lookup,1,65536,54,9.661769867,10.4619503025,11.096858978,6.981142998,7.9953808785,9.364816666,1.3084993024700968
1,inline,double,lookup,2,65536,54,9.565448761,10.4564666745,20.116043091,7.558404922,7.9075398445000005,8.968018532,1.322341319819321
1,inline,double,lookupApply,0,65536,54,12.721347809,13.692140579,22.690010071,12.609894753,13.311997890499999,13.825725555,1.0285563963897024
1,inline,double,lookupApply,1,65536,54,12.501907349,13.648986816499999,20.393753052,11.578787804,12.9230823515,17.287921906,1.0561711552442241
1,inline,double,lookupApply,2,65536,54,12.642765045,13.6806964875,14.191055298,11.572949409,12.733177661500001,22.809275627,1.074413382989614
1,inline,double,prepared,0,65536,54,1.800441742,1.8773078920000001,2.382183075,1.405488014,1.448881149,2.03649044,1.295694883804441
1,inline,double,prepared,1,65536,54,1.781082153,1.8676280975,2.520942688,1.369332314,1.4274554254999998,4.582161903,1.3083617632724462
1,inline,double,prepared,2,65536,54,1.763725281,1.880741119,2.379989624,1.375423431,1.419383526,2.133277893,1.325040825505537
1,inline,double,vienot,0,65536,54,1.157188416,1.1932849884999999,1.633548737,1.373394012,1.4382581710000002,2.116332054,0.8296737070996969
1,inline,double,vienot,1,65536,54,1.150131226,1.194190979,1.697254181,1.367657661,1.413439274,1.923642159,0.8448831166410621
1,inline,float,brettel,0,65536,54,7.741928101,8.1192493435,8.717060089,2.273715973,2.324324131,2.736299515,3.493165705768771
1,inline,float,brettel,1,65536,54,7.734775543,7.981300354,14.67590332,2.293132782,2.3681716919999998,2.717466354,3.3702372091355954
1,inline,float,brettel,2,65536,54,7.737350464,8.124971389999999,9.447383881,2.293201447,2.3511009215,2.877583504,3.455815663079352
1,inline,float,lookup,0,65536,54,7.369995117,7.869386672999999,15.401268005,5.776254654,6.082044601,14.398476601,1.2938719113809405
1,inline,float,lookup,1,65536,54,7.197284698,7.753944397,9.056282043,5.810843468,6.010412216000001,6.669413567,1.2900852917140415
1,inline,float,lookup,2,65536,54,7.481193542,8.1580162045,13.021183014,5.678833008,6.0780739785,6.696669579,1.342204164239756
1,inline,float,lookupApply,0,65536,54,12.706851959,13.1981372835,23.25963974,12.643202782,13.604330539500001,14.039118767,0.9701423561548563
1,inline,float,lookupApply,1,65536,54,12.613296509,13.251209259,15.61050415,12.749125481,13.672530651,22.099354744,0.9691848273919075
1,inline,float,lookupApply,2,65536,54,12.956905365,13.772726059,15.142822266,12.552499771,13.6236314775,14.114697456,1.010943820797431
1,inline,float,prepared,0,65536,54,2.312374115,2.4263858794999997,6.809139252,0.84224987,0.8617806435,2.758369446,2.815549290647301
1,inline,float,prepared,1,65536,54,2.313232422,2.431869507,2.77338028,0.843456268,0.8545689585,1.125792503,2.8457264715870205
1,inline,float,prepared,2,65536,54,2.342700958,2.4582862855,2.790260315,0.843049049,0.8530988694999999,1.030246735,2.881595994777016
1,inline,float,vienot,0,65536,54,5.065822601,5.318212509,13.286304474,0.844619751,0.856701374,1.072262764,6.207778661739371
1,inline,float,vienot,1,65536,54,5.048274994,5.2674770355,6.188297272,0.834147453,0.8628234859999999,1.141756058,6.104930059240414
1,bv_direct,double,brettel,0,65536,54,3.775596619,4.0420532225,5.131530762,4.548984528,4.804304123,5.498771667,0.8413399982630534
1,bv_direct,double,brettel,1,65536,54,3.743934631,4.0674209595,4.830932617,4.574749947,4.8158807755,12.778903961,0.8445850611984278
1,bv_direct,double,brettel,2,65536,54,3.860569,4.078292847,4.891300201,4.532865524,4.795384407,5.563854218,0.8504621320965979
1,bv_direct,double,lookup,0,65536,54,9.906196594,10.615158081,13.160610199,7.143006325,8.096812247999999,15.781594276,1.3110292984281635
1,bv_direct,double,lookup,1,65536,54,9.742641449,10.615015029999999,11.592388153,7.54673481,8.0017237665,16.220134735,1.3265910371013805
1,bv_direct,double,lookup,2,65536,54,10.104084015,10.801792145,20.444583893,7.369854927,8.0506606105,11.085283279,1.3417274268041883
1,bv_direct,double,lookupApply,0,65536,54,12.527942657,13.7619495395,15.127086639,11.581555367,12.9597320555,13.831266403,1.0619007770040698
1,bv_direct,double,lookupApply,1,65536,54,12.599372864,13.636207580499999,19.074058533,11.570059776,12.9144873615,13.871741295,1.0558845425914118
1,bv_direct,double,lookupApply,2,65536,54,13.214588165,13.72218132,20.762825012,12.124879837,12.906618118,14.879580498,1.063189535364232
1,bv_direct,double,prepared,0,65536,54,1.75819397,1.8714427945,4.874324799,1.3638134,1.4618229865,4.551417351,1.2802116342285332
1,bv_direct,double,prepared,1,65536,54,1.758098602,1.873111725,3.581523895,1.363628387,1.4379711149999999,1.993611336,1.3026073371439038
1,bv_direct,double,prepared,2,65536,54,1.801204681,1.888275146,6.591796875,1.365956306,1.4398026465,1.968267441,1.3114819246861276
1,bv_direct,double,vienot,0,65536,54,1.111698151,1.193857193,1.703166962,1.356246948,1.4442682265,2.934374809,0.8266173631010084
1,bv_direct,double,vienot,1,65536,54,1.124858856,1.204252243,1.816749573,1.353639603,1.4294528965,1.91348362,0.8424567510749034
1,bv_direct,float,brettel,0,65536,54,2.178668976,2.290630341,2.970409393,2.218847275,2.3801951409999997,2.961181641,0.9623708163850925
1,bv_direct,float,brettel,1,65536,54,2.180194855,2.2850990295,2.798271179,2.311947823,2.382498264,2.69466877,0.9591188644408598
1,bv_direct,float,brettel,2,65536,54,2.182006836,2.309513092,2.884292603,2.271363258,2.372522354,3.01607132,0.9734420786831499
1,bv_direct,float,lookup,0,65536,54,7.54327774,7.9858779905,9.168720245,5.514504433,6.0976700785,12.293255806,1.3096605568506734
1,bv_direct,float,lookup,1,65536,54,7.639408112,8.131408691499999,15.119075775,5.865962982,6.045105934,6.610679626,1.3451226132805763
1,bv_direct,float,lookup,2,65536,54,7.196998596,8.1266880035,16.950893402,5.673841476,5.9451498985,6.555215836,1.366944171676885
1,bv_direct,float,lookupApply,0,65536,54,12.818813324,13.270950317,14.918613434,12.967222214,13.608106613,14.169927597,0.9752238643046851
1,bv_direct,float,lookupApply,1,65536,54,12.723636627,13.7722969055,15.922355652,12.843546867,13.5616912845,14.226801872,1.0155294510531077
1,bv_direct,float,lookupApply,2,65536,54,12.708568573,13.810014724999998,22.354793549,12.475622177,13.5408377645,14.343408585,1.0198789000489836
1,bv_direct,float,prepared,0,65536,54,2.313041687,2.427530289,3.069496155,0.810605049,0.854487896,1.147165298,2.8409182861029083
1,bv_direct,float,prepared,1,65536,54,2.330493927,2.4417877199999998,2.926540375,0.843468666,0.8758416179999999,1.084950447,2.787932966208966
1,bv_direct,float,prepared,2,65536,54,2.375221252,2.4673461915,4.307460785,0.831903458,0.867782593,1.050303459,2.8432768891689437
1,bv_direct,float,vienot,0,65536,54,0.880622864,0.9257793425,1.389598846,0.839493752,0.899524212,2.826144218,1.029187797448636
1,bv_direct,float,vienot,1,65536,54,0.879573822,0.9265422825,1.156234741,0.811844826,0.8854689600000001,1.164177895,1.046385954059869
1,bv_split,double,brettel,0,65536,54,3.794288635,4.040384293,4.853439331,4.499544144,4.837432861,11.13932991,0.8352331513630076
1,bv_split,double,brettel,1,65536,54,3.906059265,4.0312290189999995,5.198097229,4.531407356,4.736196518,5.840754509,0.8511532415682587
1,bv_split,double,brettel,2,65536,54,3.977489471,4.1994571685,10.370540619,4.555375099,4.8318543435,5.687409401,0.8691191559094232
1,bv_split,double,lookup,0,65536,54,9.740638733,10.597276687499999,12.236499786,7.233368874,7.941368103,12.827748299,1.3344396771504246
1,bv_split,double,lookup,1,65536,54,10.19153595,10.7057094575,18.90707016,7.58357048,8.016572952499999,9.802977562,1.3354471444261458
1,bv_split,double,lookup,2,65536,54,9.953022003,10.828590392999999,19.290161133,7.796293259,8.340859413,18.251654625,1.2982583516660933
1,bv_split,double,lookupApply,0,65536,54,12.477684021,13.6879920955,14.080905914,11.760905266,12.7343058585,13.638462067,1.0748911049881391
1,bv_split,double,lookupApply,1,65536,54,12.707042694,13.814163208,22.793865204,11.747479439,12.8097662925,14.214158058,1.0784086838561655
1,bv_split,double,lookupApply,2,65536,54,13.286209106,13.8041496275,16.031551361,11.64368248,13.1356539725,13.788965225,1.0508916919096316
1,bv_split,double,prepared,0,65536,54,1.784324646,1.8527030945,2.435016632,1.362944603,1.4196357725,2.065850258,1.3050552334542558
1,bv_split,double,prepared,1,65536,54,1.76115036,1.8824577335,2.733707428,1.392623901,1.428905487,1.973461151,1.3174123485607414
1,bv_split,double,prepared,2,65536,54,1.844787598,1.880979538,2.498817444,1.362612724,1.447403431,2.026310921,1.299554428097801
1,bv_split,double,vienot,0,65536,54,1.132774353,1.1953830715,1.755714417,1.355648994,1.417308807,2.060863495,0.8434175146559998
1,bv_split,double,vienot,1,65536,54,1.148986816,1.192331314,1.707649231,1.372424126,1.4134635924999999,1.879858017,0.8435529010627842
1,bv_split,float,brettel,0,65536,54,2.180480957,2.3295402530000002,3.236484528,2.230807304,2.368501663,2.812961578,0.9835501867663246
1,bv_split,float,brettel,1,65536,54,2.137374878,2.318811417,2.819633484,2.212738991,2.3470950125,3.056879044,0.9879495310801781
1,bv_split,float,brettel,2,65536,54,2.104473114,2.315092087,2.775859833,2.212770462,2.3368229864999996,5.770072937,0.9907006651228867
1,bv_split,float,lookup,0,65536,54,7.624912262,8.230447769,15.295505524,5.692785263,6.0010910035,7.126633644,1.3714919110874635
1,bv_split,float,lookup,1,65536,54,7.196426392,8.162212371999999,8.8347435,5.658568382,5.9309844975,6.473648071,1.3761985679511548
1,bv_split,float,lookup,2,65536,54,7.654857635,8.2182884215,13.50774765,5.566608429,5.9744496345,15.943223,1.375572466799745
1,bv_split,float,lookupApply,0,65536,54,12.972831726,13.727998734,14.434623718,12.001487732,13.671262264,14.237589836,1.0041500535140344
1,bv_split,float,lookupApply,1,65536,54,12.968063354,13.866233826,24.223518372,12.346158981,13.4781918525,13.946015358,1.0287903583616094
1,bv_split,float,lookupApply,2,65536,54,12.865447998,13.7922763825,24.495601654,12.117874146,13.291064261999999,23.829432487,1.0377104579904108
1,bv_split,float,prepared,0,65536,54,2.36082077,2.484321594,4.106807709,0.811368942,0.8641400340000001,1.146133423,2.8749062608526246
1,bv_split,float,prepared,1,65536,54,2.325344086,2.4971008305,2.81457901,0.806967735,0.860002041,1.096494675,2.9035987258779077
1,bv_split,float,prepared,2,65536,54,2.308940887,2.4891376495,2.861785889,0.807705879,0.857854843,2.330518723,2.901583723413216
1,bv_split,float,vienot,0,65536,54,0.882434845,0.927257538,1.378059387,0.831336975,0.8602256775,1.04080677,1.0779235754677876
1,bv_split,float,vienot,1,65536,54,0.880241394,0.9458065035000001,1.469039917,0.808704376,0.8577990529999999,1.183947563,1.1025968147111025
1,ma_fixed,double,brettel,0,65536,54,10.018444061,10.525608063,19.853591919,4.574053764,4.952782631,6.754678726,2.1251907962039533
1,ma_fixed,double,brettel,1,65536,54,10.415935516,10.985088348000001,22.79253006,4.580129623,4.8799324035,8.256448746,2.2510738755563997
1,ma_fixed,double,brettel,2,65536,54,9.713554382,10.129785538,10.938644409,4.571117401,4.9396243095,11.499541283,2.0507198327852914
1,ma_fixed,double,lookup,0,65536,54,9.01966095,9.4435215,10.703659058,7.602940559,8.303037166500001,16.003448486,1.1373574886670956
1,ma_fixed,double,lookup,1,65536,54,8.667469025,9.2462539675,9.977054596,7.424155235,8.0677080155,8.899573326,1.1460818797278893
1,ma_fixed,double,lookup,2,65536,54,8.667469025,9.144639969,14.112663269,7.424121857,8.492759228,13.908942223,1.0767572379599315
1,ma_fixed,double,lookupApply,0,65536,54,11.816978455,12.5131130215,13.525485992,12.024507523,13.336631775,24.134209633,0.9382513690567872
1,ma_fixed,double,lookupApply,1,65536,54,11.622333527,12.498044968,14.370536804,11.571195602,13.1699323655,22.751072884,0.94898323097998
1,ma_fixed,double,lookupApply,2,65536,54,11.596012115,12.1780872345,13.083839417,11.905296326,13.3534531595,14.946581841,0.9119803760899243
1,ma_fixed,double,prepared,0,65536,54,1.8450737,1.9185066225,5.073833466,1.395359039,1.46213913,3.173262596,1.3121231647086828
1,ma_fixed,double,prepared,1,65536,54,1.760673523,1.8949985505,3.190326691,1.348610878,1.442207336,3.788760185,1.3139570873046786
1,ma_fixed,double,prepared,2,65536,54,1.758289337,1.8623828885,4.906749725,1.379912376,1.4342708590000002,1.980528831,1.2984875742357949
1,ma_fixed,double,vienot,0,65536,54,1.173114777,1.1961460115,1.828193665,1.359101295,1.4606747625,2.532235146,0.8188996224270698
1,ma_fixed,double,vienot,1,65536,54,1.187896729,1.2174129485,2.087879181,1.372677803,1.4315309525,2.39583683,0.8504272620678804
1,ma_fixed,float,brettel,0,65536,54,8.626747131,9.0651512145,16.00894928,2.21191597,2.287812233,6.511262894,3.96236679030818
1,ma_fixed,float,brettel,1,65536,54,8.762645721,9.20214653,10.078525543,2.162878036,2.318640232,2.585237503,3.968768592470451
1,ma_fixed,float,brettel,2,65536,54,8.90083313,9.177446365,11.556243896,2.212512016,2.3399386404999998,3.327323914,3.9220884711057877
1,ma_fixed,float,lookup,0,65536,54,6.807136536,7.0613861085,8.303356171,5.581093788,5.851788044,6.628918648,1.2067057206113667
1,ma_fixed,float,lookup,1,65536,54,6.772232056,7.087945938,8.273410797,5.51123333,5.9795885085,7.556553841,1.185356806396371
1,ma_fixed,float,lookup,2,65536,54,6.918811798,7.174205779999999,13.557910919,5.504903793,6.188383579,7.837417603,1.1593020517256465
1,ma_fixed,float,lookupApply,0,65536,54,11.946201324,12.8776073455,22.133731842,12.058757782,13.063052177,21.381724358,0.9858038665859031
1,ma_fixed,float,lookupApply,1,65536,54,11.973762512,12.815809250000001,13.555622101,12.202669144,13.2969732285,22.483366013,0.9638140221664356
1,ma_fixed,float,lookupApply,2,65536,54,12.577438354,12.9801273345,20.868396759,12.277002335,13.5936756135,14.719491959,0.954865166975834
1,ma_fixed,float,prepared,0,65536,54,2.366924286,2.4806499485,3.537559509,0.789795876,0.8466682435,1.335590363,2.929896057333347
1,ma_fixed,float,prepared,1,65536,54,2.327442169,2.4607181550000004,4.163455963,0.808462143,0.8472485545,1.117418289,2.904363946011312
1,ma_fixed,float,prepared,2,65536,54,2.422142029,2.5065422059999998,4.098320007,0.79276371,0.846441269,1.152581215,2.9612712633462106
1,ma_fixed,float,vienot,0,65536,54,5.138874054,5.378341675,12.635326385,0.80818367,0.8468441959999999,1.065834999,6.351040368941727
1,ma_fixed,float,vienot,1,65536,54,5.162906647,5.399751663,11.177349091,0.805062294,0.8467082975,1.147279739,6.377345868634292
1,ma_bounded,double,brettel,0,65536,54,9.806632996,10.45832634,13.966846466,4.683069229,4.866167068499999,5.686153412,2.1491917956741644
1,ma_bounded,double,brettel,1,65536,54,10.233306885,10.5776786805,19.18592453,4.581004143,4.832112789,5.901935577,2.189038034165804
1,ma_bounded,double,brettel,2,65536,54,9.838294983,10.130119324,11.370372772,4.583377838,5.0420184135,5.583130836,2.009139692325719
1,ma_bounded,double,lookup,0,65536,54,8.123588562,8.787059784,15.690803528,7.598093033,8.16218853,9.290522575,1.0765568268489873
1,ma_bounded,double,lookup,1,65536,54,8.149147034,8.558273315000001,12.207603455,7.59514904,8.4302430155,15.132358551,1.0151870235845635
1,ma_bounded,double,lookup,2,65536,54,8.138179779,8.530616760000001,10.879707336,7.764315605,8.3810539245,17.787754059,1.017845349385331
1,ma_bounded,double,lookupApply,0,65536,54,11.198139191,11.9163513185,20.107078552,11.806297302,13.2047605515,13.612477303,0.9024284289006935
1,ma_bounded,double,lookupApply,1,65536,54,10.978603363,11.3614082335,21.04101181,12.451329231,13.338871002000001,13.797013283,0.8517518635420116
1,ma_bounded,double,lookupApply,2,65536,54,10.915851593,11.4999294285,17.178153992,12.1434412,13.266516685500001,23.071816444,0.8668386511034324
1,ma_bounded,double,prepared,0,65536,54,1.803398132,1.8733501435,4.057407379,1.393187523,1.441555023,2.339822769,1.2995342623838229
1,ma_bounded,double,prepared,1,65536,54,1.759910583,1.8462657930000002,8.029937744,1.371396065,1.4468274115000002,1.9778862,1.2760788040958402
1,ma_bounded,double,prepared,2,65536,54,1.795578003,1.8629074095,3.688430786,1.375284195,1.4479026794999998,2.222015381,1.2866247406512934
1,ma_bounded,double,vienot,0,65536,54,1.12285614,1.1912345885,1.882171631,1.385137558,1.4351534845,1.978321075,0.8300398538313969
1,ma_bounded,double,vienot,1,65536,54,1.127147675,1.1931896210000001,5.031299591,1.367659569,1.4353671075,1.912564278,0.8312783640961343
1,ma_bounded,float,brettel,0,65536,54,8.827114105,9.2058181765,13.589000702,2.176224709,2.3246183394999997,2.930538177,3.9601417661017297
1,ma_bounded,float,brettel,1,65536,54,8.880996704,9.3750476835,15.305614471,2.209609985,2.335526466,2.905420303,4.014104665470316
1,ma_bounded,float,brettel,2,65536,54,8.740615845,9.212255478,9.678077698,2.212608337,2.3195066449999997,2.821453094,3.971644357155959
1,ma_bounded,float,lookup,0,65536,54,6.154727936,6.432914734000001,7.290458679,5.510181427,5.899778843,12.131833076,1.0903654027019265
1,ma_bounded,float,lookup,1,65536,54,5.998897552,6.338834762499999,7.104873657,5.516318321,5.9840373995,12.326345444,1.0592906326136338
1,ma_bounded,float,lookup,2,65536,54,6.000041962,6.22382164,6.912136078,5.512511253,6.0042676925,6.750152588,1.0365663156181806
1,ma_bounded,float,lookupApply,0,65536,54,11.657714844,12.1690750125,17.138195038,12.010626793,13.3109579085,15.087638855,0.9142148218145273
1,ma_bounded,float,lookupApply,1,65536,54,11.096096039,12.035894394,18.747615814,11.688030243,13.35067606,14.035999298,0.9015194691196784
1,ma_bounded,float,lookupApply,2,65536,54,11.022186279,11.9518756865,13.506984711,12.433216095,13.5538716315,22.746148109,0.8818052886618117
1,ma_bounded,float,prepared,0,65536,54,2.416706085,2.4483680725,3.916072845,0.787062645,0.854391098,1.242990494,2.865629192803224
1,ma_bounded,float,prepared,1,65536,54,2.315044403,2.4596691130000004,6.430721283,0.786685944,0.846745968,1.173512459,2.9048489227645193
1,ma_bounded,float,prepared,2,65536,54,2.366638184,2.4831295015,3.078365326,0.80471611,0.843351841,1.315647125,2.944357717362237
1,ma_bounded,float,vienot,0,65536,54,5.041694641,5.416679382,7.163906097,0.808547974,0.867333412,1.140629768,6.2452100968987
1,ma_bounded,float,vienot,1,65536,54,5.286312103,5.567216873,8.3568573,0.805986404,0.8467421534999999,1.076208115,6.574866799754761
1,ma_direct,double,brettel,0,65536,54,9.735012054,10.3125572205,10.855102539,4.723946571,5.056713104,6.005992889,2.0393795353630964
1,ma_direct,double,brettel,1,65536,54,10.124015808,10.694885253999999,18.626117706,4.574169159,4.909999371,5.706893921,2.17818464848842
1,ma_direct,double,brettel,2,65536,54,9.763622284,10.3622436525,16.477298737,4.574923515,4.98292017,5.855888367,2.0795524108306154
1,ma_direct,double,lookup,0,65536,54,9.802722931,10.963869094500001,11.960506439,7.864091873,8.595749378,10.860665321,1.2754989253829314
1,ma_direct,double,lookup,1,65536,54,9.755516052,10.896158218,15.30122757,7.035123825,8.3727264405,9.131621361,1.301387104359916
1,ma_direct,double,lookup,2,65536,54,10.151004791,10.929822922,11.497020721,6.99120903,8.144871711499999,10.027560234,1.3419269583544013
1,ma_direct,double,lookupApply,0,65536,54,11.372566223,12.273550033500001,14.85786438,12.760760307,13.4361519815,23.08232975,0.9134721049895264
1,ma_direct,double,lookupApply,1,65536,54,11.487007141,12.4321460725,13.410377502,11.607304573,13.3820433615,14.169750214,0.9290170220391869
1,ma_direct,double,lookupApply,2,65536,54,11.51342392,12.479448318500001,21.984672546,11.844565392,13.2940034865,22.395947456,0.9387276249154609
1,ma_direct,double,prepared,0,65536,54,1.797008514,1.8543720245,2.350521088,1.429591179,1.4838166235,2.385812759,1.2497312640465912
1,ma_direct,double,prepared,1,65536,54,1.759147644,1.8667697905,2.810001373,1.330828667,1.4527378085,2.320882797,1.2850011747319372
1,ma_direct,double,prepared,2,65536,54,1.766681671,1.892900467,2.594280243,1.366664886,1.4490027424999998,2.06409359,1.3063470561374733
1,ma_direct,double,vienot,0,65536,54,1.136779785,1.175022125,1.424598694,1.419182777,1.4706773759999998,1.942397118,0.7989666150953287
1,ma_direct,double,vienot,1,65536,54,1.125526428,1.1908054350000001,1.811504364,1.357908249,1.4554386135000001,1.972903252,0.8181763380156466
1,ma_direct,float,brettel,0,65536,54,8.869361877,9.267044067499999,18.3177948,2.263111115,2.3256053925,2.710486412,3.9847878308959497
1,ma_direct,float,brettel,1,65536,54,8.789157867,9.239721298,9.788990021,2.317886353,2.4101109505,2.751629829,3.83373275661153
1,ma_direct,float,brettel,2,65536,54,8.689212799,9.034204483,16.663646698,2.318088531,2.373254299,2.734770775,3.806673598698072
1,ma_direct,float,lookup,0,65536,54,10.181236267,10.9222888945,11.720275879,5.857303619,6.168276787,6.866595268,1.7707196469392157
1,ma_direct,float,lookup,1,65536,54,10.183906555,10.838699341,11.601543427,5.871209145,6.1172761915,6.4868927,1.7718178813080978
1,ma_direct,float,lookup,2,65536,54,10.179328918,10.7259750365,20.268058777,5.958251953,6.2016830445,13.960783958,1.7295264784633575
1,ma_direct,float,lookupApply,0,65536,54,11.804580688,12.8842830655,14.611148834,13.234327316,13.690395832,14.032013893,0.9411183740490696
1,ma_direct,float,lookupApply,1,65536,54,11.870574951,12.776708603,18.36605072,13.153590202,13.7068881985,23.103591919,0.9321377994750265
1,ma_direct,float,lookupApply,2,65536,54,11.916732788,12.602758407500001,21.374416351,13.224676132,13.728835106,14.394443512,0.9179772580990603
1,ma_direct,float,prepared,0,65536,54,2.425384521,2.472734451,2.797889709,0.825957298,0.854404926,1.094005585,2.8941013514240908
1,ma_direct,float,prepared,1,65536,54,2.365875244,2.4418354035,2.704238892,0.832491875,0.8611078265000001,1.104727745,2.8356906398411414
1,ma_direct,float,prepared,2,65536,54,2.346038818,2.4653911595,3.259849548,0.842066765,0.8588056565,1.119370461,2.8707206814956514
1,ma_direct,float,vienot,0,65536,54,5.307102203,5.5046081545,6.876087189,0.82392025,0.8563280105,1.073581696,6.42815379971738
1,ma_direct,float,vienot,1,65536,54,5.103778839,5.435705185,5.826187134,0.843250275,0.85922575,1.155768394,6.326282918080609
