variant,block,scalar,mode,deficiency,n,D_min_ns,D_median_ns,D_max_ns,CPP_min_ns,CPP_median_ns,CPP_max_ns,D_over_CPP
default,0,double,brettel,0,1024,4.467773438,4.473876953,6.170654297,4.106750488,4.133087158,11.77130127,1.0824540547954251
default,0,double,brettel,1,1024,4.382324219,4.39453125,7.879638672,4.127563477,4.133728027,5.303527832,1.0630915293160383
default,0,double,brettel,2,1024,4.479980469,4.559326172,25.384521484,4.136169434,4.2600097654999995,5.057678223,1.0702619061871725
default,0,double,lookup,0,1024,8.374023438,8.3892822265,9.759521484,5.7890625,5.807373047,8.621520996,1.4445915835962657
default,0,double,lookup,1,1024,8.374023438,8.386230469,11.663818359,5.798217773,5.8086242675,6.812072754,1.4437550240462338
default,0,double,lookup,2,1024,8.374023438,8.386230469,9.631347656,5.806152344,5.81652832,7.34588623,1.4417931122529117
default,0,double,lookupApply,0,1024,11.383056641,11.389160156,13.18359375,10.067626953,10.0814208985,11.556091309,1.1297177521567994
default,0,double,lookupApply,1,1024,11.370849609,11.39831543,13.262939453,10.070739746,10.078369140500001,11.276550293,1.130968242093434
default,0,double,lookupApply,2,1024,11.260986328,11.450195312,13.616943359,10.06640625,10.078674316,11.59765625,1.1360814878026861
default,0,double,prepared,0,1024,1.892089844,1.901245117,2.984619141,1.206481934,1.2193298339999998,1.240722656,1.5592541607572936
default,0,double,prepared,1,1024,1.885986328,1.898193359,1.910400391,1.206420898,1.220855713,1.242004395,1.5548056488473836
default,0,double,prepared,2,1024,1.892089844,1.9104003905,1.934814453,1.20526123,1.2187194825,1.236450195,1.5675472641014416
default,0,double,vienot,0,1024,0.891113281,0.897216797,0.903320312,1.210144043,1.2324523925,2.285217285,0.727993066880269
default,0,double,vienot,1,1024,0.891113281,0.897216797,0.903320312,1.210754395,1.23336792,2.055847168,0.7274526785162371
default,0,float,brettel,0,1024,3.662109375,3.7811279300000002,5.322265625,2.180603027,2.186706543,2.229553223,1.7291428253617294
default,0,float,brettel,1,1024,3.869628906,3.936767578,24.169921875,2.127990723,2.135345459,2.138427734,1.8436209285984204
default,0,float,brettel,2,1024,3.759765625,3.759765625,3.948974609,2.13104248,2.1371765135,3.292297363,1.759220916592765
default,0,float,lookup,0,1024,6.689453125,6.930541992,9.216308594,4.464538574,4.4871826175,5.085754395,1.5445197093095575
default,0,float,lookup,1,1024,6.683349609,6.930541992,8.709716797,4.465698242,4.489013672,5.894165039,1.543889704597897
default,0,float,lookup,2,1024,6.921386719,6.939697266,8.947753906,4.465759277,4.4709472654999995,5.787841797,1.552176049927959
default,0,float,lookupApply,0,1024,9.503173828,9.539794922,11.791992188,9.927062988,9.9425964355,11.46496582,0.9594872912610836
default,0,float,lookupApply,1,1024,9.539794922,9.582519531,12.457275391,9.931335449,9.9422912595,11.526123047,0.9638140023149864
default,0,float,lookupApply,2,1024,9.521484375,9.555053711,11.541748047,9.930664062,9.940460205,11.897888184,0.9612285059190575
default,0,float,prepared,0,1024,2.136230469,2.1514892574999998,2.166748047,0.780883789,0.784545898,1.344665527,2.74233701684589
default,0,float,prepared,1,1024,2.136230469,2.160644531,2.203369141,0.779724121,0.784851074,0.790039062,2.7529356875161772
default,0,float,prepared,2,1024,2.130126953,2.136230469,2.807617188,0.779052734,0.7839355465,0.789489746,2.7250077873589573
default,0,float,vienot,0,1024,6.787109375,6.817626953,8.30078125,0.779663086,0.780883789,0.785766602,8.730654995067392
default,0,float,vienot,1,1024,6.787109375,6.8145751955,7.965087891,0.778991699,0.781494141,0.78515625,8.719931267533328
bv_compiler,0,double,brettel,0,1024,3.778076172,3.802490234,5.023193359,4.090942383,4.105560303,6.557678223,0.9261805827627129
bv_compiler,0,double,brettel,1,1024,3.778076172,3.784179688,5.017089844,4.103088379,4.141052246,6.368103027,0.9138208028298322
bv_compiler,0,double,brettel,2,1024,3.784179688,3.8024902345,3.820800781,4.223571777,4.254791259999999,5.313903809,0.8936960715905956
bv_compiler,0,double,lookup,0,1024,8.374023438,8.386230469,10.675048828,5.78717041,5.8186645505,7.70300293,1.4412637807552193
bv_compiler,0,double,lookup,1,1024,8.380126953,8.3892822265,9.66796875,5.801879883,5.811370849499999,7.213806152,1.443597809150624
bv_compiler,0,double,lookup,2,1024,8.380126953,8.392333984,10.144042969,5.811035156,5.86151123,7.431518555,1.431769667359317
bv_compiler,0,double,lookupApply,0,1024,11.383056641,11.401367188,13.232421875,10.065856934,10.0780639645,11.119995117,1.1313053011135212
bv_compiler,0,double,lookupApply,1,1024,11.383056641,13.397216797,18.908691406,10.069519043,10.089355469000001,11.893005371,1.3278565551747634
bv_compiler,0,double,lookupApply,2,1024,11.254882812,11.441040039,12.915039062,10.07623291,10.0832824705,11.639831543,1.1346543223868124
bv_compiler,0,double,prepared,0,1024,1.879882812,1.889038086,1.910400391,1.206481934,1.2147216799999998,1.221740723,1.5551200880847045
bv_compiler,0,double,prepared,1,1024,1.879882812,1.885986328,2.471923828,1.206481934,1.2147216795000002,1.221801758,1.552607778249503
bv_compiler,0,double,prepared,2,1024,1.892089844,1.922607422,3.7109375,1.207092285,1.2153625485,1.222351074,1.581920904484741
bv_compiler,0,double,vienot,0,1024,0.897216797,0.903320312,0.909423828,1.219909668,1.2233276365,1.230285645,0.7384124130346988
bv_compiler,0,double,vienot,1,1024,0.897216797,0.903320312,0.909423828,1.211364746,1.22265625,2.526123047,0.7388178909648562
bv_compiler,0,float,brettel,0,1024,2.374267578,2.4627685545,3.631591797,2.181213379,2.1900634764999998,3.824279785,1.1245192575129457
bv_compiler,0,float,brettel,1,1024,2.404785156,2.471923828,21.710205078,2.133483887,2.1466064455,3.282470703,1.1515496159913121
bv_compiler,0,float,brettel,2,1024,2.410888672,2.416992188,3.076171875,2.132873535,2.1371765135,2.141479492,1.1309277323293025
bv_compiler,0,float,lookup,0,1024,6.695556641,6.869506836,8.563232422,4.462097168,4.477081299,6.236022949,1.5343716982611801
bv_compiler,0,float,lookup,1,1024,6.707763672,6.860351562,8.276367188,4.467041016,4.478881835999999,5.885681152,1.5317107736262237
bv_compiler,0,float,lookup,2,1024,6.854248047,6.994628906499999,8.850097656,4.476806641,4.482574463000001,6.369934082,1.5604043980161313
bv_compiler,0,float,lookupApply,0,1024,9.539794922,9.625244141,11.437988281,9.930725098,10.021209717000001,11.55480957,0.9604872478291433
bv_compiler,0,float,lookupApply,1,1024,9.503173828,9.555053711,11.480712891,9.931945801,9.942901611,11.589660645,0.96099248336412
bv_compiler,0,float,lookupApply,2,1024,9.527587891,9.5794677735,11.755371094,9.928833008,9.936218262,15.972290039,0.96409594887178
bv_compiler,0,float,prepared,0,1024,2.081298828,2.160644531,3.698730469,0.779052734,0.7839355465,0.791870117,2.7561507328587505
bv_compiler,0,float,prepared,1,1024,2.087402344,2.1240234375,2.160644531,0.779724121,0.783630371,0.789428711,2.710491471622659
bv_compiler,0,float,prepared,2,1024,2.081298828,2.087402344,4.650878906,0.779663086,0.7833251955,1.878540039,2.664796633622389
bv_compiler,0,float,vienot,0,1024,1.116943359,1.1352539065,1.159667969,0.780883789,0.7824401855,0.78704834,1.4509146226615939
bv_compiler,0,float,vienot,1,1024,1.116943359,1.1474609375,1.171875,0.780883789,0.782104492,0.787658691,1.4671453101691174
bv_vienot_index,0,double,brettel,0,1024,3.778076172,3.790283203,5.560302734,4.087219238,4.158813476500001,5.318786621,0.9113857172045738
bv_vienot_index,0,double,brettel,1,1024,3.771972656,3.7872314455,5.139160156,4.089660645,4.1373901365000005,5.430664062,0.9153672534018715
bv_vienot_index,0,double,brettel,2,1024,3.784179688,3.8177490235000002,26.965332031,4.22479248,4.27835083,5.442932129,0.8923412724196814
bv_vienot_index,0,double,lookup,0,1024,8.386230469,8.3984375,10.034179688,5.802429199,5.8132019045,7.057861328,1.4447180122023233
bv_vienot_index,0,double,lookup,1,1024,8.386230469,8.404541016,9.637451172,5.801269531,5.811035156,6.761901855,1.4463070331491898
bv_vienot_index,0,double,lookup,2,1024,8.380126953,8.435058594,13.385009766,5.796325684,5.820831299,7.416870117,1.449115798193484
bv_vienot_index,0,double,lookupApply,0,1024,11.389160156,11.4044189455,12.707519531,10.060302734,10.1994018555,16.880981445,1.1181458586564268
bv_vienot_index,0,double,lookupApply,1,1024,11.389160156,11.4166259765,13.824462891,10.062194824,10.1924438475,11.577453613,1.1201068308362834
bv_vienot_index,0,double,lookupApply,2,1024,11.267089844,11.444091797,12.530517578,10.068908691,10.200958252,11.88684082,1.1218643890397524
bv_vienot_index,0,double,prepared,0,1024,1.892089844,1.898193359,2.490234375,1.22052002,1.226623535,1.235229492,1.5474946508343326
bv_vienot_index,0,double,prepared,1,1024,1.898193359,1.901245117,1.910400391,1.22052002,1.22756958,2.665527344,1.5487880670682634
bv_vienot_index,0,double,prepared,2,1024,1.885986328,1.919555664,2.819824219,1.221130371,1.22479248,1.235229492,1.5672497140086947
bv_vienot_index,0,double,vienot,0,1024,1.049804688,1.055908203,2.508544922,1.224243164,1.232177734,1.36730957,0.8569447197947825
bv_vienot_index,0,double,vienot,1,1024,1.049804688,1.055908203,1.062011719,1.222961426,1.2318725585,1.239501953,0.8571570132918095
bv_vienot_index,0,float,brettel,0,1024,2.349853516,2.444458008,4.241943359,2.183654785,2.189453125,4.496337891,1.1164696700231935
bv_vienot_index,0,float,brettel,1,1024,2.380371094,2.4169921875,21.893310547,2.131103516,2.137756348,3.254394531,1.1306209848289035
bv_vienot_index,0,float,brettel,2,1024,2.386474609,2.392578125,3.619384766,2.13293457,2.1393127444999998,3.448852539,1.1183863281098685
bv_vienot_index,0,float,lookup,0,1024,6.683349609,7.00378418,9.576416016,4.472473145,4.487487793,5.079650879,1.5607360962463572
bv_vienot_index,0,float,lookup,1,1024,6.671142578,7.015991211,8.636474609,4.471862793,4.4819641115,4.490783691,1.5653831749785978
bv_vienot_index,0,float,lookup,2,1024,6.701660156,6.884765625,7.586669922,4.473693848,4.47857666,5.604980469,1.5372664459426715
bv_vienot_index,0,float,lookupApply,0,1024,9.545898438,9.576416016,11.468505859,9.931945801,9.9475097655,13.257202148,0.9626948092288354
bv_vienot_index,0,float,lookupApply,1,1024,9.509277344,9.555053711,10.797119141,9.936828613,9.949951171999999,13.544067383,0.9603116182005723
bv_vienot_index,0,float,lookupApply,2,1024,9.527587891,9.558105468499999,10.906982422,9.928222656,9.940185546999999,10.964782715,0.961562077821041
bv_vienot_index,0,float,prepared,0,1024,2.130126953,2.1575927735000002,2.191162109,0.779052734,0.78515625,0.791259766,2.747978855800995
bv_vienot_index,0,float,prepared,1,1024,2.130126953,2.160644531,3.491210938,0.779663086,0.7839355465,0.789428711,2.7561507328587505
bv_vienot_index,0,float,prepared,2,1024,2.130126953,2.1392822264999998,2.142333984,0.780273438,0.7842407225,0.78704834,2.7278387427783692
bv_vienot_index,0,float,vienot,0,1024,1.062011719,1.068115234,1.086425781,0.779663086,0.781494141,0.788818359,1.3667603862432538
bv_vienot_index,0,float,vienot,1,1024,1.062011719,1.068115234,1.080322266,0.778442383,0.781494141,0.786987305,1.3667603862432538
bv_vienot_ref,0,double,brettel,0,1024,3.778076172,3.784179688,4.425048828,4.084777832,4.10345459,5.451477051,0.9221936310010439
bv_vienot_ref,0,double,brettel,1,1024,3.771972656,3.784179688,3.790283203,4.09942627,4.125152588000001,5.580505371,0.9173429605993522
bv_vienot_ref,0,double,brettel,2,1024,3.778076172,4.306030273,5.950927734,4.223632812,4.252075195,5.67956543,1.0126891166137997
bv_vienot_ref,0,double,lookup,0,1024,8.380126953,8.395385742,9.063720703,5.797607422,5.809509277,9.90625,1.4451109967648306
bv_vienot_ref,0,double,lookup,1,1024,8.374023438,8.392333984,34.893798828,5.799987793,5.814086914,7.477966309,1.4434483192522845
bv_vienot_ref,0,double,lookup,2,1024,8.380126953,9.1583251955,14.221191406,5.795776367,5.8201904295,6.827392578,1.5735439083024594
bv_vienot_ref,0,double,lookupApply,0,1024,11.383056641,11.395263672,13.421630859,10.086608887,10.1688842775,11.731506348,1.120601175215803
bv_vienot_ref,0,double,lookupApply,1,1024,11.389160156,11.410522461,13.385009766,10.087219238,10.155120849500001,11.626342773,1.123622518146774
bv_vienot_ref,0,double,lookupApply,2,1024,11.260986328,13.034057617,18.566894531,10.088500977,10.181396484,11.821411133,1.2801836798599229
bv_vienot_ref,0,double,prepared,0,1024,1.885986328,1.9012451175,1.922607422,1.205871582,1.2162475585,1.518371582,1.5632057011853808
bv_vienot_ref,0,double,prepared,1,1024,1.892089844,1.9073486325,6.158447266,1.207092285,1.215332031,1.224243164,1.5694053837539315
bv_vienot_ref,0,double,prepared,2,1024,1.885986328,2.1331787110000002,2.532958984,1.205200195,1.2150268555000001,1.224243164,1.7556638368475963
bv_vienot_ref,0,double,vienot,0,1024,1.068115234,1.07421875,1.080322266,1.211975098,1.21963501,1.231567383,0.8807706741707915
bv_vienot_ref,0,double,vienot,1,1024,1.068115234,1.07421875,1.080322266,1.210754395,1.220855713,1.797790527,0.8798900136694532
bv_vienot_ref,0,float,brettel,0,1024,2.349853516,2.44140625,3.991699219,2.179382324,2.2041625975,7.633300781,1.1076343699730165
bv_vienot_ref,0,float,brettel,1,1024,2.386474609,2.44140625,3.405761719,2.128601074,2.152770996,2.386657715,1.1340761532630756
bv_vienot_ref,0,float,brettel,2,1024,2.380371094,2.392578125,2.398681641,2.133483887,2.177246094,4.100708008,1.0989010987749188
bv_vienot_ref,0,float,lookup,0,1024,6.695556641,7.144165039,26.904296875,4.462646484,4.476135254,6.545471191,1.5960565607609318
bv_vienot_ref,0,float,lookup,1,1024,6.689453125,6.997680664,9.954833984,4.460876465,4.472808838000001,4.485900879,1.5644935693538349
bv_vienot_ref,0,float,lookup,2,1024,6.701660156,6.896972656,8.880615234,4.465148926,4.472167969,7.182678223,1.5421989298720815
bv_vienot_ref,0,float,lookupApply,0,1024,9.521484375,9.606933594,12.310791016,9.936218262,10.0156860355,11.574401855,0.9591887724863577
bv_vienot_ref,0,float,lookupApply,1,1024,9.509277344,9.573364258,11.853027344,9.933776855,10.018768311,11.774353027,0.9555430329184303
bv_vienot_ref,0,float,lookupApply,2,1024,9.521484375,9.54284668,11.578369141,9.93560791,10.015380859499999,11.856933594,0.9528191502521064
bv_vienot_ref,0,float,prepared,0,1024,2.130126953,2.166748047,4.467773438,0.779663086,0.788818359,0.797363281,2.7468276090161337
bv_vienot_ref,0,float,prepared,1,1024,2.136230469,2.1545410155,3.680419922,0.783325195,0.7894287105,0.796203613,2.7292407621397246
bv_vienot_ref,0,float,prepared,2,1024,2.136230469,2.145385742,4.772949219,0.782714844,0.7879333495,0.796813965,2.7228010381352696
bv_vienot_ref,0,float,vienot,0,1024,1.116943359,1.141357422,1.159667969,0.779052734,0.785461426,0.793701172,1.4531043590675323
bv_vienot_ref,0,float,vienot,1,1024,1.116943359,1.141357422,1.159667969,0.779663086,0.787597656,0.794921875,1.4491630508356923
default,1,double,brettel,0,1024,4.522705078,4.696655273499999,6.286621094,4.095825195,4.1364135740000005,5.217285156,1.1354414130689146
default,1,double,brettel,1,1024,4.376220703,4.406738281,5.615234375,4.10925293,4.164855957,5.399536133,1.058076996298866
default,1,double,brettel,2,1024,4.449462891,4.537963867,7.275390625,4.222351074,4.259674072499999,4.290222168,1.0653312412554308
default,1,double,lookup,0,1024,8.374023438,8.3892822265,9.527587891,5.795166016,5.812591553000001,9.947814941,1.4432946388896215
default,1,double,lookup,1,1024,8.380126953,8.4075927735,10.009765625,5.807373047,5.81439209,7.735412598,1.4459968717899103
default,1,double,lookup,2,1024,8.380126953,8.3984375,10.180664062,5.795776367,5.813171387000001,7.651611328,1.4447255965618753
default,1,double,lookupApply,0,1024,11.383056641,11.395263672,12.933349609,10.075012207,10.085723877,15.734985352,1.1298409326856889
default,1,double,lookupApply,1,1024,11.383056641,11.4044189455,12.915039062,10.071960449,10.0875549315,11.401977539,1.130543429298995
default,1,double,lookupApply,2,1024,11.260986328,11.450195312,13.348388672,10.075622559,10.090911864999999,11.570739746,1.1347037279866283
default,1,double,prepared,0,1024,1.885986328,1.892089844,1.898193359,1.207702637,1.226043701,2.408630371,1.5432482891570274
default,1,double,prepared,1,1024,1.879882812,1.898193359,3.295898438,1.207702637,1.2193298339999998,1.23828125,1.5567513449359267
default,1,double,prepared,2,1024,1.898193359,1.919555664,22.381591797,1.205871582,1.2208251950000002,1.23828125,1.572342766074712
default,1,double,vienot,0,1024,0.891113281,0.897216797,1.07421875,1.210754395,1.2297058105,2.585998535,0.7296190595661173
default,1,double,vienot,1,1024,0.891113281,0.897216797,0.939941406,1.212585449,1.2242126464999998,1.382568359,0.7328929329109002
default,1,float,brettel,0,1024,3.662109375,3.7200927735000002,5.108642578,2.18182373,2.1983337405,2.251525879,1.6922329421436637
default,1,float,brettel,1,1024,3.881835938,3.912353516,25.030517578,2.128601074,2.1426696775,2.162902832,1.8259247130266072
default,1,float,brettel,2,1024,3.753662109,3.759765625,5.120849609,2.133483887,2.1457214355,2.162231445,1.7522151584061014
default,1,float,lookup,0,1024,6.774902344,6.948852539,8.087158203,4.463928223,4.477355957,5.727233887,1.5519991275511622
default,1,float,lookup,1,1024,6.719970703,6.936645508,10.583496094,4.465087891,4.474914550499999,5.653259277,1.5501179809623273
default,1,float,lookup,2,1024,6.683349609,6.915283203,10.772705078,4.471252441,4.4764404295,4.616821289,1.544817430704067
default,1,float,lookupApply,0,1024,9.509277344,9.567260742,10.980224609,9.928833008,9.937713623,12.09173584,0.9627225240076733
default,1,float,lookupApply,1,1024,9.527587891,9.588623047,11.175537109,9.930664062,9.941070556500001,11.392150879,0.9645463225014984
default,1,float,lookupApply,2,1024,9.515380859,9.5489501955,10.83984375,9.928833008,9.939208984,11.220947266,0.9607354278264766
default,1,float,prepared,0,1024,2.130126953,2.160644531,3.631591797,0.779663086,0.784851074,0.790649414,2.7529356875161772
default,1,float,prepared,1,1024,2.130126953,2.160644531,3.314208984,0.779663086,0.782714844,0.790100098,2.7604491566279785
default,1,float,prepared,2,1024,2.130126953,2.136230469,2.142333984,0.779052734,0.7842407225,0.848754883,2.7239473897633517
default,1,float,vienot,0,1024,6.787109375,6.842041016,8.721923828,0.780273438,0.7817993165,0.787597656,8.751658989203017
default,1,float,vienot,1,1024,6.787109375,6.817626953,8.581542969,0.779052734,0.7817993165,0.786987305,8.720430945784793
bv_compiler,1,double,brettel,0,1024,3.778076172,3.784179688,4.827880859,4.085388184,4.120239258,5.243591309,0.9184368797643256
bv_compiler,1,double,brettel,1,1024,3.778076172,3.778076172,3.796386719,4.103759766,4.16607666,6.590087891,0.9068666950550065
bv_compiler,1,double,brettel,2,1024,3.778076172,3.80859375,3.875732422,4.099487305,4.27923584,4.721923828,0.8900172583149799
bv_compiler,1,double,lookup,0,1024,8.374023438,8.392333984,9.692382812,5.79699707,5.822357178,6.952148438,1.4413979986852672
bv_compiler,1,double,lookup,1,1024,8.374023438,8.489990234,11.767578125,5.795715332,5.8174743655,6.788269043,1.4593945242542212
bv_compiler,1,double,lookup,2,1024,8.386230469,8.392333984,10.046386719,5.792724609,5.822357178,7.51159668,1.4413979986852672
bv_compiler,1,double,lookupApply,0,1024,11.389160156,11.407470703,13.598632812,10.083557129,10.204345703,11.665527344,1.117903198795616
bv_compiler,1,double,lookupApply,1,1024,11.383056641,11.401367188,12.646484375,10.084777832,10.2015686035,11.487548828,1.1176092257114625
bv_compiler,1,double,lookupApply,2,1024,11.401367188,11.462402344,12.780761719,10.078674316,10.204345703000001,11.349975586,1.1232863603033498
bv_compiler,1,double,prepared,0,1024,1.892089844,1.898193359,1.904296875,1.215637207,1.221740723,1.227844238,1.5536793717892632
bv_compiler,1,double,prepared,1,1024,1.885986328,1.892089844,3.460693359,1.216247559,1.2220458985,1.270080566,1.548296873564606
bv_compiler,1,double,prepared,2,1024,1.892089844,1.9073486325,1.928710938,1.216247559,1.22052002,2.315673828,1.562734409305306
bv_compiler,1,double,vienot,0,1024,0.897216797,0.897216797,0.903320312,1.222412109,1.2254333495,2.669189453,0.7321628690504314
bv_compiler,1,double,vienot,1,1024,0.897216797,0.9002685545,2.386474609,1.221801758,1.225402832,1.237670898,0.7346715145342506
bv_compiler,1,float,brettel,0,1024,2.386474609,2.447509766,4.052734375,2.179992676,2.186431885,3.875061035,1.1194081932261977
bv_compiler,1,float,brettel,1,1024,2.404785156,2.444458008,2.496337891,2.129211426,2.135925293,3.189575195,1.1444492071006154
bv_compiler,1,float,brettel,2,1024,2.404785156,2.416992188,2.465820312,2.132263184,2.1374816895,2.139648438,1.1307662656822026
bv_compiler,1,float,lookup,0,1024,6.683349609,6.701660156,8.740234375,4.465148926,4.4715576175,6.051391602,1.4987305832250075
bv_compiler,1,float,lookup,1,1024,6.695556641,6.713867188,8.666992188,4.463928223,4.4727783205,5.543212891,1.5010507355637235
bv_compiler,1,float,lookup,2,1024,6.683349609,7.000732422,8.117675781,4.465148926,4.4706726075,5.932128906,1.5659237516644746
bv_compiler,1,float,lookupApply,0,1024,9.521484375,9.5733642575,13.140869141,9.931945801,9.939239502,11.13104248,0.9631888089197994
bv_compiler,1,float,lookupApply,1,1024,9.509277344,9.588623047,11.114501953,9.932495117,9.9420166015,11.581115723,0.9644545398921701
bv_compiler,1,float,lookupApply,2,1024,9.503173828,9.5428466795,10.821533203,9.931884766,9.9420166015,12.484313965,0.9598502056474362
bv_compiler,1,float,prepared,0,1024,2.087402344,2.142333984,2.160644531,0.782714844,0.78427124,0.950256348,2.731623798929564
bv_compiler,1,float,prepared,1,1024,2.081298828,2.1209716795,2.160644531,0.780273438,0.7842407225,0.790710449,2.7044906221380263
bv_compiler,1,float,prepared,2,1024,2.087402344,2.093505859,2.099609375,0.780273438,0.78515625,0.790039062,2.6663557209154227
bv_compiler,1,float,vienot,0,1024,1.116943359,1.138305664,1.806640625,0.779663086,0.780883789,0.786987305,1.4577145537336798
bv_compiler,1,float,vienot,1,1024,1.116943359,1.138305664,20.989990234,0.780273438,0.782714844,1.871154785,1.4543044286509021
bv_vienot_index,1,double,brettel,0,1024,3.778076172,3.784179688,5.163574219,4.063964844,4.092437744,5.13470459,0.924676177065383
bv_vienot_index,1,double,brettel,1,1024,3.771972656,3.784179688,6.317138672,4.097595215,4.143188476500001,5.704650879,0.9133496362677479
bv_vienot_index,1,double,brettel,2,1024,3.778076172,3.8024902345,23.742675781,4.229675293,4.259063721,5.686279297,0.8927995643153233
bv_vienot_index,1,double,lookup,0,1024,8.380126953,8.392333984,9.790039062,5.804321289,5.8220520019999995,7.22052002,1.4414735528155802
bv_vienot_index,1,double,lookup,1,1024,8.374023438,8.386230469,9.869384766,5.7890625,5.8217773435,8.257019043,1.4404931645768289
bv_vienot_index,1,double,lookup,2,1024,8.374023438,8.386230469,10.308837891,5.797546387,5.8089294435,7.41192627,1.4436791754088034
bv_vienot_index,1,double,lookupApply,0,1024,11.376953125,11.401367188,13.836669922,10.08416748,10.178955078,12.138793945,1.1200921018545438
bv_vienot_index,1,double,lookupApply,1,1024,11.383056641,11.39831543,13.616943359,10.078674316,10.1783447265,12.993652344,1.11985944043767
bv_vienot_index,1,double,lookupApply,2,1024,11.260986328,11.450195312,13.757324219,10.078674316,10.1688232425,11.619018555,1.12600986750803
bv_vienot_index,1,double,prepared,0,1024,1.892089844,1.9134521485,2.178955078,1.205871582,1.2171936035,1.400939941,1.572019556295672
bv_vienot_index,1,double,prepared,1,1024,1.879882812,1.8951416015,3.100585938,1.205871582,1.223602295,1.237670898,1.5488215486715804
bv_vienot_index,1,double,prepared,2,1024,1.892089844,1.922607422,2.9296875,1.206481934,1.21963501,1.244995117,1.576379331714986
bv_vienot_index,1,double,vienot,0,1024,1.049804688,1.055908203,2.227783203,1.210754395,1.2221069335,1.925598145,0.8640063926124513
bv_vienot_index,1,double,vienot,1,1024,1.049804688,1.055908203,2.465820312,1.210144043,1.2294311525000001,2.742553711,0.8588591568164284
bv_vienot_index,1,float,brettel,0,1024,2.349853516,2.438354492,4.180908203,2.181213379,2.186706543,3.596862793,1.1150808048778038
bv_vienot_index,1,float,brettel,1,1024,2.386474609,2.4169921875,2.447509766,2.129821777,2.134765625,3.416992188,1.1322049405306496
bv_vienot_index,1,float,brettel,2,1024,2.386474609,2.392578125,3.61328125,2.131713867,2.1368713379999997,2.169555664,1.1196641007124597
bv_vienot_index,1,float,lookup,0,1024,6.677246094,7.03125,9.002685547,4.459655762,4.464538574,5.652648926,1.574910796145358
bv_vienot_index,1,float,lookup,1,1024,6.677246094,6.86340332,7.995605469,4.460266113,4.465423584,9.680603027,1.5370105860935948
bv_vienot_index,1,float,lookup,2,1024,6.695556641,6.8786621095000005,8.135986328,4.46270752,4.479248047,6.051330566,1.5356734070815796
bv_vienot_index,1,float,lookupApply,0,1024,9.497070312,9.606933594,10.882568359,9.934997559,9.942626953000001,11.499816895,0.9662369552245231
bv_vienot_index,1,float,lookupApply,1,1024,9.509277344,9.558105469,11.157226562,9.928222656,9.9407958985,11.474731445,0.9615030392528484
bv_vienot_index,1,float,lookupApply,2,1024,9.515380859,9.558105469,10.925292969,9.930053711,9.940185547,11.308410645,0.9615620778713416
bv_vienot_index,1,float,prepared,0,1024,2.136230469,2.145385742,2.209472656,0.779663086,0.7845764159999999,0.790039062,2.7344509702927398
bv_vienot_index,1,float,prepared,1,1024,2.130126953,2.1575927735000002,3.503417969,0.779052734,0.7842102049999999,2.183654785,2.7512939257147266
bv_vienot_index,1,float,prepared,2,1024,2.136230469,2.136230469,2.191162109,0.781494141,0.78515625,0.876281738,2.720771144597015
bv_vienot_index,1,float,vienot,0,1024,1.055908203,1.068115234,1.080322266,0.778442383,0.7817993165,2.247802734,1.3662268710873195
bv_vienot_index,1,float,vienot,1,1024,1.062011719,1.068115234,1.123046875,0.779663086,0.782104492,0.78704834,1.3656937722843305
bv_vienot_ref,1,double,brettel,0,1024,3.778076172,3.790283203,5.212402344,4.078674316,4.108642578,5.557250977,0.9225147067538372
bv_vienot_ref,1,double,brettel,1,1024,3.778076172,3.790283203,5.444335938,4.103759766,4.126373291,5.521179199,0.9185507310419434
bv_vienot_ref,1,double,brettel,2,1024,3.796386719,3.80859375,23.706054688,4.222961426,4.256896973,5.403747559,0.8946877911672682
bv_vienot_ref,1,double,lookup,0,1024,8.374023438,8.386230469,9.942626953,5.795776367,5.816833496,7.34588623,1.4417174696107202
bv_vienot_ref,1,double,lookup,1,1024,8.367919922,8.383178711,10.241699219,5.798828125,5.819580078,7.166137695,1.4405126484454225
bv_vienot_ref,1,double,lookup,2,1024,8.380126953,8.3984375,10.44921875,5.79699707,5.808929443,7.410705566,1.445780600781864
bv_vienot_ref,1,double,lookupApply,0,1024,11.383056641,11.401367188,13.464355469,10.08416748,10.257507323999999,11.370788574,1.1115144087027513
bv_vienot_ref,1,double,lookupApply,1,1024,11.383056641,11.39831543,12.646484375,10.07989502,10.242248535,11.551147461,1.112872372804611
bv_vienot_ref,1,double,lookupApply,2,1024,11.260986328,11.4288330075,12.890625,10.081115723,10.2441101075,11.57989502,1.115649176704244
bv_vienot_ref,1,double,prepared,0,1024,1.885986328,1.892089844,1.898193359,1.204650879,1.2144775395,1.221801758,1.5579455218076512
bv_vienot_ref,1,double,prepared,1,1024,1.885986328,1.898193359,1.947021484,1.207092285,1.2138061525000001,2.783508301,1.5638356710339707
bv_vienot_ref,1,double,prepared,2,1024,1.898193359,1.910400391,2.984619141,1.206420898,1.214416504,1.223022461,1.5731014727711574
bv_vienot_ref,1,double,vienot,0,1024,1.068115234,1.07421875,2.264404297,1.210754395,1.2232666015,2.398925781,0.8781558727122658
bv_vienot_ref,1,double,vienot,1,1024,1.068115234,1.07421875,1.080322266,1.211364746,1.2199401855,1.227905273,0.8805503439988124
bv_vienot_ref,1,float,brettel,0,1024,2.349853516,2.4200439455,4.144287109,2.183654785,2.189147949,4.128173828,1.1054729976589626
bv_vienot_ref,1,float,brettel,1,1024,2.386474609,2.435302734,23.468017578,2.126220703,2.1368408205,3.26965332,1.139674378473434
bv_vienot_ref,1,float,brettel,2,1024,2.386474609,2.395629883,3.918457031,2.133483887,2.141418457,2.286987305,1.1187117002606464
bv_vienot_ref,1,float,lookup,0,1024,6.994628906,11.7980957035,16.290283203,4.464477539,4.475524902,5.854431152,2.636136757551662
bv_vienot_ref,1,float,lookup,1,1024,6.994628906,11.5936279295,16.693115234,4.465759277,4.4758300779999995,5.803100586,2.5902743686553333
bv_vienot_ref,1,float,lookup,2,1024,6.683349609,7.000732422,11.242675781,4.46697998,4.4758300779999995,5.842895508,1.5641193476961124
bv_vienot_ref,1,float,lookupApply,0,1024,9.576416016,9.625244140500001,11.938476562,9.92767334,9.937408447500001,11.601318359,0.9685869501440758
bv_vienot_ref,1,float,lookupApply,1,1024,9.527587891,9.552001953,12.194824219,9.931335449,9.938323974500001,11.40435791,0.9611280511189576
bv_vienot_ref,1,float,lookupApply,2,1024,9.527587891,9.582519531500001,11.047363281,9.928894043,9.9380187985,11.258850098,0.9642283563547237
bv_vienot_ref,1,float,prepared,0,1024,2.130126953,2.178955078,2.191162109,0.779663086,0.78515625,1.788574219,2.775186567004975
bv_vienot_ref,1,float,prepared,1,1024,2.130126953,2.1453857425000002,2.166748047,0.780883789,0.7842407225,0.790039062,2.735621450083524
bv_vienot_ref,1,float,prepared,2,1024,2.130126953,2.136230469,2.142333984,0.779052734,0.782409668,0.790649414,2.730322178227481
bv_vienot_ref,1,float,vienot,0,1024,1.123046875,1.141357422,1.196289062,0.779602051,0.782104492,0.786987305,1.4593413459131495
bv_vienot_ref,1,float,vienot,1,1024,1.116943359,1.141357422,1.422119141,0.778442383,0.780883789,0.78515625,1.4616226358875022
default,2,double,brettel,0,1024,4.4921875,4.51965332,5.969238281,4.089111328,4.127258300499999,21.526489258,1.0950740154674747
default,2,double,brettel,1,1024,4.382324219,4.39453125,5.908203125,4.102539062,4.1688842775,5.64654541,1.054126465855108
default,2,double,brettel,2,1024,4.449462891,4.583740234,6.121826172,4.225402832,4.259399414000001,5.57989502,1.0761470781382794
default,2,double,lookup,0,1024,8.367919922,8.380126953,9.649658203,5.801269531,5.8153381345,7.463256836,1.4410386394015795
default,2,double,lookup,1,1024,8.367919922,8.386230469,10.308837891,5.800048828,5.815612793,8.50769043,1.4420200875639693
default,2,double,lookup,2,1024,8.374023438,8.386230469,10.168457031,5.794494629,5.809204101500001,9.550964355,1.4436109185481332
default,2,double,lookupApply,0,1024,11.376953125,11.401367188,12.847900391,10.067077637,10.2046203615,31.751953125,1.117274997413435
default,2,double,lookupApply,1,1024,11.370849609,11.395263672,13.110351562,10.082336426,10.2030944825,11.624511719,1.1168438841318944
default,2,double,lookupApply,2,1024,11.254882812,11.42578125,13.098144531,10.073181152,10.200958252,12.461669922,1.1200694060050547
default,2,double,prepared,0,1024,1.892089844,1.898193359,1.904296875,1.219909668,1.2691345215,2.980407715,1.4956597010350883
default,2,double,prepared,1,1024,1.898193359,1.904296875,3.503417969,1.221130371,1.227294922,1.237060547,1.5516212451174796
default,2,double,prepared,2,1024,1.885986328,1.9134521485,21.795654297,1.22052002,1.226928711,1.81427002,1.5595463137711185
default,2,double,vienot,0,1024,0.891113281,0.897216797,0.946044922,1.223571777,1.315032959,2.250305176,0.6822770416965648
default,2,double,vienot,1,1024,0.891113281,0.897216797,0.903320312,1.224182129,1.229736328,1.240783691,0.7296009531239936
default,2,float,brettel,0,1024,3.668212891,3.7231445315,5.200195312,2.181152344,2.187011719,2.191040039,1.7023889260192848
default,2,float,brettel,1,1024,3.875732422,3.912353516,23.840332031,2.126159668,2.133483887,2.721130371,1.8337862966011704
default,2,float,brettel,2,1024,3.753662109,3.765869141,5.364990234,2.131103516,2.1353759764999998,2.139038086,1.7635625681115272
default,2,float,lookup,0,1024,6.921386719,6.930541992,9.075927734,4.463256836,4.473693848,5.766418457,1.5491766373549127
default,2,float,lookup,1,1024,6.921386719,7.034301758,8.013916016,4.462097168,4.4730834965,9.215881348,1.5725844964673799
default,2,float,lookup,2,1024,6.915283203,6.9580078125,9.808349609,4.471923828,4.480133057,27.893981934,1.553080617020612
default,2,float,lookupApply,0,1024,9.533691406,9.582519531,11.584472656,9.930664062,9.938018799,11.028930664,0.9642283562558998
default,2,float,lookupApply,1,1024,9.521484375,9.552001953,14.227294922,9.92578125,9.938293457,17.677734375,0.9611310024531508
default,2,float,lookupApply,2,1024,9.552001953,9.594726562,11.322021484,9.928283691,9.939544678,17.087646484,0.9653084595752948
default,2,float,prepared,0,1024,2.130126953,2.166748047,3.527832031,0.779663086,0.7827148435,0.790039062,2.7682470378498705
default,2,float,prepared,1,1024,2.136230469,2.1514892574999998,2.209472656,0.780273438,0.784545898,2.390319824,2.74233701684589
default,2,float,prepared,2,1024,2.130126953,2.1514892574999998,2.172851562,0.779663086,0.784851074,0.790649414,2.741270705708431
default,2,float,vienot,0,1024,6.787109375,6.817626953,7.977294922,0.779602051,0.7817993165,2.499206543,8.720430945784793
default,2,float,vienot,1,1024,6.787109375,6.823730469,8.3984375,0.779052734,0.782104492,0.787597656,8.724832217176424
bv_compiler,2,double,brettel,0,1024,3.778076172,3.784179688,3.790283203,4.092163086,4.1410217285,5.523010254,0.9138275372852828
bv_compiler,2,double,brettel,1,1024,3.771972656,3.7811279300000002,5.419921875,4.10925293,4.1364440915,8.066833496,0.9141010603213179
bv_compiler,2,double,brettel,2,1024,3.778076172,3.814697266,25.769042969,4.22052002,4.278930664,5.271118164,0.8915071464219454
bv_compiler,2,double,lookup,0,1024,8.380126953,8.386230469,11.694335938,5.804321289,5.813842773499999,7.256591797,1.4424591093562362
bv_compiler,2,double,lookup,1,1024,8.380126953,8.395385742,10.980224609,5.803100586,5.8095092775,7.071899414,1.4451109966404558
bv_compiler,2,double,lookup,2,1024,8.361816406,8.386230469,9.86328125,5.804321289,5.8190002445,7.46270752,1.4411806352691758
bv_compiler,2,double,lookupApply,0,1024,11.376953125,11.474609375,13.061523438,10.111022949,10.204345703000001,11.65447998,1.124482618383514
bv_compiler,2,double,lookupApply,1,1024,11.389160156,11.410522461,12.976074219,10.117797852,10.201904297,11.778625488,1.1184698590394941
bv_compiler,2,double,lookupApply,2,1024,11.279296875,11.4501953125,13.238525391,10.115966797,10.212890625,15.647583008,1.1211512717536813
bv_compiler,2,double,prepared,0,1024,1.885986328,1.892089844,3.179931641,1.21685791,1.2214660645,1.226013184,1.549031855235795
bv_compiler,2,double,prepared,1,1024,1.885986328,1.892089844,1.898193359,1.216247559,1.2220764160000002,1.90234375,1.5482582097386615
bv_compiler,2,double,prepared,2,1024,1.879882812,1.922607422,2.453613281,1.21685791,1.221801758,1.268859863,1.5735837744636803
bv_compiler,2,double,vienot,0,1024,0.897216797,0.903320312,2.307128906,1.222351074,1.224822998,1.27557373,0.7375109003301062
bv_compiler,2,double,vienot,1,1024,0.897216797,0.897216797,0.909423828,1.222351074,1.226348877,1.235168457,0.7316162748033406
bv_compiler,2,float,brettel,0,1024,2.368164062,2.4322509764999998,3.454589844,2.179382324,2.2050476075,4.01385498,1.1030378519843362
bv_compiler,2,float,brettel,1,1024,2.404785156,2.4353027345,2.453613281,2.126159668,2.1558532715,3.406616211,1.1296236004065179
bv_compiler,2,float,brettel,2,1024,2.404785156,2.416992188,3.771972656,2.133483887,2.1579284665,2.184265137,1.1200520432079855
bv_compiler,2,float,lookup,0,1024,6.683349609,6.71081543,8.123779297,4.463317871,4.4859313965,5.82019043,1.495969250719236
bv_compiler,2,float,lookup,1,1024,6.689453125,6.726074219,8.117675781,4.460876465,4.48840332,5.962036133,1.4985449701075437
bv_compiler,2,float,lookup,2,1024,6.695556641,6.729125976500001,7.91015625,4.462097168,4.4687805175,10.997741699,1.5058081170351416
bv_compiler,2,float,lookupApply,0,1024,9.503173828,9.5489501955,10.687255859,9.917175293,10.093658447,11.696716309,0.9460346063461365
bv_compiler,2,float,lookupApply,1,1024,9.503173828,9.567260742,13.525390625,9.929443359,10.0988464355,11.27532959,0.9473617410765509
bv_compiler,2,float,lookupApply,2,1024,9.503173828,9.533691406,10.913085938,9.932495117,10.093383789,11.265563965,0.944548587995835
bv_compiler,2,float,prepared,0,1024,2.087402344,2.1240234375,2.160644531,0.780273438,0.8029174805,0.823730469,2.6453819839335284
bv_compiler,2,float,prepared,1,1024,2.093505859,2.142333984,20.922851562,0.779663086,0.8005065920000001,0.920898438,2.676222788681295
bv_compiler,2,float,prepared,2,1024,2.081298828,2.102661133,3.131103516,0.779602051,0.8056640625,1.750671387,2.609848485081212
bv_compiler,2,float,vienot,0,1024,1.116943359,1.153564453,2.685546875,0.780273438,0.7946472165,0.810241699,1.4516686512548804
bv_compiler,2,float,vienot,1,1024,1.116943359,1.1352539065,1.159667969,0.779052734,0.79095459,0.809631348,1.4352959333607256
bv_vienot_index,2,double,brettel,0,1024,3.784179688,3.784179688,5.206298828,4.092773438,4.1196594235,5.181213379,0.9185661480688659
bv_vienot_index,2,double,brettel,1,1024,3.778076172,3.796386719,5.499267578,4.117797852,4.160949707,5.283325195,0.91238466848405
bv_vienot_index,2,double,brettel,2,1024,3.778076172,3.80859375,5.194091797,4.223022461,4.2807922365,5.633117676,0.8896936687387398
bv_vienot_index,2,double,lookup,0,1024,8.374023438,8.3984375,9.814453125,5.783508301,5.8162231445,8.250915527,1.4439675527136233
bv_vienot_index,2,double,lookup,1,1024,8.386230469,8.392333984,26.440429688,5.784729004,5.8116455075,7.072570801,1.4440546955538824
bv_vienot_index,2,double,lookup,2,1024,8.367919922,8.5052490235,10.327148438,5.790222168,5.8095092775,7.592895508,1.4640219366617577
bv_vienot_index,2,double,lookupApply,0,1024,11.383056641,11.407470703,13.531494141,10.070739746,10.236755371000001,11.526062012,1.1143639062936437
bv_vienot_index,2,double,lookupApply,1,1024,11.383056641,11.45324707,13.372802734,10.07623291,10.248962402499998,11.773742676,1.1175030817955038
bv_vienot_index,2,double,lookupApply,2,1024,11.260986328,11.437988281,12.750244141,10.08416748,10.2232666015,11.508361816,1.118819329168406
bv_vienot_index,2,double,prepared,0,1024,1.879882812,1.892089844,3.3203125,1.207092285,1.2141723635,1.369689941,1.5583371034288906
bv_vienot_index,2,double,prepared,1,1024,1.879882812,1.892089844,1.898193359,1.205322266,1.2156372069999999,1.223022461,1.5564593063660648
bv_vienot_index,2,double,prepared,2,1024,1.879882812,1.9317626955,3.192138672,1.205871582,1.216247559,1.260253906,1.5882972847142216
bv_vienot_index,2,double,vienot,0,1024,1.049804688,1.055908203,1.062011719,1.213195801,1.2211608885,2.526733398,0.864675746614366
bv_vienot_index,2,double,vienot,1,1024,1.049804688,1.055908203,1.062011719,1.211975098,1.224182129,2.603759766,0.8625417558272492
bv_vienot_index,2,float,brettel,0,1024,2.44140625,2.935791016,3.552246094,2.212402344,2.243835449,3.902526855,1.308380709159569
bv_vienot_index,2,float,brettel,1,1024,2.392578125,2.4169921875,25.213623047,2.161010742,2.1931457520000004,3.165710449,1.1020663744285426
bv_vienot_index,2,float,brettel,2,1024,2.386474609,2.392578125,3.558349609,2.154296875,2.171386719,2.186706543,1.1018664266777254
bv_vienot_index,2,float,lookup,0,1024,6.683349609,6.86340332,9.600830078,4.47064209,4.4853210445,5.652038574,1.5301922096337022
bv_vienot_index,2,float,lookup,1,1024,6.665039062,6.872558594,8.233642578,4.467590332,4.4804382325,5.638549805,1.5339032115537596
bv_vienot_index,2,float,lookup,2,1024,6.677246094,6.851196289,8.618164062,4.463317871,4.475250244,5.963317871,1.5309079750759074
bv_vienot_index,2,float,lookupApply,0,1024,9.503173828,9.594726562,17.907714844,9.981445312,10.042602539,11.555419922,0.9554023994018788
bv_vienot_index,2,float,lookupApply,1,1024,9.515380859,9.750366211,11.962890625,9.98815918,10.042297363,11.325500488,0.970929843894526
bv_vienot_index,2,float,lookupApply,2,1024,9.515380859,9.5489501955,11.065673828,9.98815918,10.046234131,12.991821289,0.9505004632566232
bv_vienot_index,2,float,prepared,0,1024,2.154541016,2.83203125,3.588867188,0.78515625,0.7891540530000001,0.797973633,3.588692523638347
bv_vienot_index,2,float,prepared,1,1024,2.130126953,2.1575927735000002,3.448486328,0.784484863,0.7888793945,0.796142578,2.735009671367453
bv_vienot_index,2,float,prepared,2,1024,2.130126953,2.136230469,2.294921875,0.78515625,0.789428711,0.793701172,2.706046080201408
bv_vienot_index,2,float,vienot,0,1024,1.068115234,1.211547852,1.446533203,0.782714844,0.7872924805,0.794311523,1.5388789833615082
bv_vienot_index,2,float,vienot,1,1024,1.049804688,1.0650634765,1.080322266,0.783325195,0.788208008,2.146972656,1.3512467085972564
bv_vienot_ref,2,double,brettel,0,1024,3.784179688,3.7994384764999998,4.779052734,4.089660645,4.106811523499999,5.209960938,0.9251553071668497
bv_vienot_ref,2,double,brettel,1,1024,3.771972656,3.784179688,5.474853516,4.103149414,4.1441040035,5.324279785,0.9131478565219364
bv_vienot_ref,2,double,brettel,2,1024,3.771972656,3.796386719,3.814697266,4.227233887,4.249572754,5.349975586,0.8933572711342737
bv_vienot_ref,2,double,lookup,0,1024,8.374023438,8.392333984,9.973144531,5.803100586,5.823883057,6.978393555,1.4410203470539915
bv_vienot_ref,2,double,lookup,1,1024,8.374023438,8.392333984,13.897705078,5.794494629,5.8226623535,12.18347168,1.441322452598573
bv_vienot_ref,2,double,lookup,2,1024,8.380126953,8.395385742,10.223388672,5.797607422,5.8348999025,8.186706543,1.438822581755506
bv_vienot_ref,2,double,lookupApply,0,1024,11.383056641,11.39831543,13.555908203,10.06829834,10.3975830075,11.831848145,1.0962466394140014
bv_vienot_ref,2,double,lookupApply,1,1024,11.383056641,11.401367188,15.368652344,10.063964844,10.4054870605,11.710144043,1.095707209255051
bv_vienot_ref,2,double,lookupApply,2,1024,11.267089844,11.437988281,12.957763672,10.069519043,10.386230468499999,11.710144043,1.101264632600811
bv_vienot_ref,2,double,prepared,0,1024,1.879882812,1.898193359,2.9296875,1.207702637,1.215332031,2.553039551,1.5618722378592522
bv_vienot_ref,2,double,prepared,1,1024,1.879882812,1.889038086,3.265380859,1.208312988,1.215332031,1.223632812,1.554339092375983
bv_vienot_ref,2,double,prepared,2,1024,1.873779297,1.8981933595,22.259521484,1.208312988,1.2156372069999999,2.44720459,1.5614801427347231
bv_vienot_ref,2,double,vienot,0,1024,1.068115234,1.3916015625,1.867675781,1.211975098,1.2208251950000002,1.231567383,1.1398860116906415
bv_vienot_ref,2,double,vienot,1,1024,1.068115234,1.07421875,1.080322266,1.210144043,1.2211608885,1.230285645,0.8796701238274223
bv_vienot_ref,2,float,brettel,0,1024,2.380371094,2.44140625,4.205322266,2.181152344,2.1851501465,2.190368652,1.117271622689384
bv_vienot_ref,2,float,brettel,1,1024,2.386474609,2.438354492,4.895019531,2.127380371,2.1335144045,2.141418457,1.1428816636330332
bv_vienot_ref,2,float,brettel,2,1024,2.380371094,2.392578125,2.44140625,2.13470459,2.139587402,2.143859863,1.118242761554641
bv_vienot_ref,2,float,lookup,0,1024,6.866455078,6.942749023499999,8.270263672,4.459655762,4.467590332,5.899719238,1.5540254382258787
bv_vienot_ref,2,float,lookup,1,1024,6.860351562,6.939697266,8.361816406,4.46081543,4.4697265625,5.786010742,1.552599956387153
bv_vienot_ref,2,float,lookup,2,1024,6.707763672,9.857177734499999,13.055419922,4.462097168,4.470336914000001,5.563354492,2.2050189782407075
bv_vienot_ref,2,float,lookupApply,0,1024,9.558105469,9.59777832,10.784912109,9.934326172,9.944427489999999,12.124084473,0.9651413648147582
bv_vienot_ref,2,float,lookupApply,1,1024,9.515380859,9.5703125,11.303710938,9.931945801,9.9453735355,11.027709961,0.9622878885180913
bv_vienot_ref,2,float,lookupApply,2,1024,9.545898438,9.594726562,16.802978516,9.933166504,9.946899414,11.231323242,0.9645947106387417
bv_vienot_ref,2,float,prepared,0,1024,2.130126953,2.1484375,3.582763672,0.779052734,0.783935547,0.790649414,2.7405792583608917
bv_vienot_ref,2,float,prepared,1,1024,2.136230469,2.1484375,2.502441406,0.782714844,0.78515625,2.15612793,2.736318407960199
bv_vienot_ref,2,float,prepared,2,1024,2.130126953,2.136230469,3.472900391,0.780273438,0.783935547,0.789489746,2.7250077856209267
bv_vienot_ref,2,float,vienot,0,1024,1.116943359,1.141357422,1.159667969,0.778991699,0.7824401855,2.279602051,1.458715238750988
bv_vienot_ref,2,float,vienot,1,1024,1.116943359,1.141357422,1.159667969,0.779052734,0.779663086,0.786437988,1.4639110694026112
default,0,double,brettel,0,8191,4.531650592,4.642671835,10.868636308,4.010606153,4.101845775999999,4.202173117,1.1318494376761767
default,0,double,brettel,1,8191,8.171316079,8.775256379,10.49017214,4.059295263,4.160973172,4.320824686,2.108943272706109
default,0,double,brettel,2,8191,8.156818459,8.367796972,10.481015749,4.05899768,4.1524882495,4.273272494,2.015128392719128
default,0,double,lookup,0,8191,8.491026737,8.545202051,9.028201685,5.848911916,5.913086772,5.96044439,1.4451338836195926
default,0,double,lookup,1,8191,8.514680747,8.5497802465,8.790898547,5.841037419,5.9386559945,6.041402149,1.4396826915750387
default,0,double,lookup,2,8191,8.513154682,8.5696190945,9.401324625,5.830644915,5.935909077,6.087039128,1.4436910982523126
default,0,double,lookupApply,0,8191,11.5332377,11.628998291,12.240568917,10.168363142,10.256573526,10.667699304,1.1338092845062688
default,0,double,lookupApply,1,8191,11.526370407,11.603818215,11.92696252,10.173177878,10.25175879,10.42697778,1.1318856064306602
default,0,double,lookupApply,2,8191,11.350109877,11.524844341,11.839213771,10.179137163,10.258519258500002,10.746902088,1.123441312590094
default,0,double,prepared,0,8191,1.909107557,1.925512758,2.04797949,1.165188927,1.216220547,1.310676352,1.5831937412581798
default,0,double,prepared,1,8191,1.904529361,1.9224606275,2.037297033,1.164738738,1.2140840554999999,1.306166829,1.583465838951544
default,0,double,prepared,2,8191,1.907581492,1.920553046,2.849163716,1.164578501,1.2164952384999999,1.456987853,1.5787591970915884
default,0,double,vienot,0,8191,0.893511171,0.901904529,1.213984861,1.169782383,1.1998992794999999,1.276812965,0.7516501963196653
default,0,double,vienot,1,8191,0.892748138,0.9072457575,1.790074472,1.170774325,1.199975583,1.277186851,0.7560535150488974
default,0,float,brettel,0,8191,3.66408253,3.7907459405,4.521731168,2.114195458,2.1219936515,2.362425223,1.7864077669697025
default,0,float,brettel,1,8191,7.111463802,7.8702997195,9.518068612,2.091342632,2.093215877,2.206240081,3.759908285608709
default,0,float,brettel,2,8191,6.732999634,6.961527896,8.764955439,2.078729703,2.0824723780000003,2.276950311,3.3429148782687954
default,0,float,lookup,0,8191,6.734525699,6.9321511415,9.280765474,4.471500733,4.5377434075,4.57959193,1.5276648587142487
default,0,float,lookup,1,8191,6.678061287,7.026004151,7.46932609,4.469974667,4.545690392,6.081842876,1.5456407157348697
default,0,float,lookup,2,8191,6.728421438,6.911167745,7.029819314,4.467372726,4.538620894999999,4.886292882,1.5227462052655096
default,0,float,lookupApply,0,8191,9.638627762,9.669530582,9.927054084,10.024180503,10.137471768000001,15.607587596,0.9538404449640879
default,0,float,lookupApply,1,8191,9.651599316,9.703867049,10.587840313,10.024867232,10.0483037785,10.120803321,0.9657219032094772
default,0,float,lookupApply,2,8191,9.639390795,9.7015779515,10.4283665,10.025706568,10.041035893,10.186622513,0.9661929361554568
default,0,float,prepared,0,8191,2.12733488,2.153277988,2.332590648,0.766756196,0.945031132,1.593067086,2.278525981935588
default,0,float,prepared,1,8191,2.152514955,2.154422537,2.228055183,0.766298376,0.7674047735,0.871940239,2.807413520734374
default,0,float,prepared,2,8191,2.151751923,2.155567086,2.242552802,0.766519656,0.767221646,0.834872116,2.8095754300446316
default,0,float,vienot,0,8191,6.789464046,6.9401629835000005,7.233549017,0.766298376,0.8728291725,1.177649249,7.951341685362837
default,0,float,vienot,1,8191,6.788701013,6.860426077,6.925283848,0.766069466,0.766874466,0.846798315,8.945957104014466
bv_compiler,0,double,brettel,0,8191,3.794561104,3.9002411185,5.109266268,4.043706507,4.1485510009999995,4.278239836,0.940145394755869
bv_compiler,0,double,brettel,1,8191,3.777011354,3.86094494,3.965480405,4.055327494,4.136357739999999,4.344822061,0.9334165908000019
bv_compiler,0,double,brettel,2,8191,3.779300452,3.8620894885,4.00210597,4.108228544,4.230424399,4.380913503,0.9129319246109047
bv_compiler,0,double,lookup,0,8191,8.51544378,8.563514833500001,8.706964962,5.854482053,5.930895953,6.146662495,1.4438821556409793
bv_compiler,0,double,lookup,1,8191,8.488737639,8.535282627,9.086955195,5.824678,5.930594555,7.13015047,1.439195100566102
bv_compiler,0,double,lookup,2,8191,8.513154682,8.555502991000001,10.549688683,5.842563484,5.9307853129999994,8.238394274,1.4425582008923414
bv_compiler,0,double,lookupApply,0,8191,11.527133439,11.598095471,12.219967037,10.153758699,10.228177268,10.321023074,1.1339357118189517
bv_compiler,0,double,lookupApply,1,8191,11.521792211,11.611448541000001,11.922384324,10.154979551,10.221332865499999,10.448228238,1.136001409384881
bv_compiler,0,double,lookupApply,2,8191,11.396654865,11.585505433,11.993346356,10.214915761,10.273013063,10.750038152,1.1277611896286945
bv_compiler,0,double,prepared,0,8191,1.899188133,1.9560340615,2.031192773,1.16573068,1.196347363,1.62264986,1.635005118074557
bv_compiler,0,double,prepared,1,8191,1.897662068,1.9201715295000001,2.12733488,1.166646319,1.196690728,1.306235502,1.6045679009388965
bv_compiler,0,double,prepared,2,8191,1.888505677,1.9224606275,4.263826151,1.166341106,1.1958475765,1.341632585,1.607613432747547
bv_compiler,0,double,vienot,0,8191,0.898852399,0.905338176,1.157520449,1.189728055,1.2165639115,1.416089305,0.7441764197030433
bv_compiler,0,double,vienot,1,8191,0.901141497,0.9148760835,1.699273593,1.188972653,1.211863631,1.541768404,0.75493319553213
bv_compiler,0,float,brettel,0,8191,2.348614333,2.4279697225,3.188713222,2.115423941,2.118712611,2.786999451,1.1459646343229322
bv_compiler,0,float,brettel,1,8191,2.425680625,2.4291142715,2.588969601,2.091571542,2.093254029,2.185523746,1.1604488694859691
bv_compiler,0,float,brettel,2,8191,2.426443658,2.4291142715,2.530979123,2.081484251,2.0921438165,2.175589061,1.1610646707661456
bv_compiler,0,float,lookup,0,8191,6.88179099,7.006165303,9.647021121,4.473026798,4.546873092,4.735693139,1.540875489867312
bv_compiler,0,float,lookup,1,8191,6.938255402,7.0630112315,7.843975095,4.473332011,4.5444657245,4.645113539,1.5542005726706412
bv_compiler,0,float,lookup,2,8191,6.885606153,6.956949701,7.003876206,4.469585521,4.537701440499999,4.743041143,1.5331439920016927
bv_compiler,0,float,lookupApply,0,8191,9.656940545,9.6916585275,10.267366622,10.028232206,10.078840343,10.43843853,0.9615846861024139
bv_compiler,0,float,lookupApply,1,8191,9.648547186,9.7248504455,10.517641314,10.028690026,10.069512269499999,10.322930656,0.9657717459619211
bv_compiler,0,float,lookupApply,2,8191,9.649310219,9.69242156,10.303229154,10.029758271,10.0401965575,10.196648761,0.965361734154476
bv_compiler,0,float,prepared,0,8191,2.079263826,2.150225858,2.290623855,0.766527286,0.7671758635,0.921636552,2.80278090109648
bv_compiler,0,float,prepared,1,8191,2.145647662,2.148318276,2.299780247,0.766298376,0.7670995604999999,0.968807227,2.800572945967683
bv_compiler,0,float,prepared,2,8191,2.145647662,2.14793676,2.235685508,0.766222073,0.7670232575,0.835329935,2.800354147018808
bv_compiler,0,float,vienot,0,8191,1.123947015,1.155994384,1.288762056,0.765993163,0.766946954,0.904666707,1.5072677164580015
bv_compiler,0,float,vienot,1,8191,1.14302283,1.156757417,1.259003785,0.765993163,0.766832499,0.963984861,1.5084877316864995
bv_vienot_index,0,double,brettel,0,8191,3.789982908,3.8758240754999997,4.636186058,4.068627152,4.1755738005000005,4.287724332,0.9282135248180484
bv_vienot_index,0,double,brettel,1,8191,3.780063484,3.8594188745,4.804816262,4.052267733,4.1341449455,4.39933311,0.933547063631855
bv_vienot_index,0,double,brettel,2,8191,3.780063484,3.7884568425,4.02575998,4.079027286,4.191437248,4.38366042,0.9038562713321577
bv_vienot_index,0,double,lookup,0,8191,8.516969845,8.570763643,8.69780857,5.812446588,5.9300184655,6.434722561,1.4453182048021398
bv_vienot_index,0,double,lookup,1,8191,8.521548041,8.556266023500001,9.125869857,5.799223233,5.9153796849999996,6.002716396,1.4464440964282754
bv_vienot_index,0,double,lookup,2,8191,8.503998291,8.592510072,9.91713466,5.8103864,5.928530552,6.425848492,1.4493490413237902
bv_vienot_index,0,double,lookupApply,0,8191,11.519503113,11.641969845,12.274905384,10.158726041,10.2484739345,11.060027774,1.135971064512249
bv_vienot_index,0,double,lookupApply,1,8191,11.532474667,11.620223416,11.803351239,10.156665853,10.2383828285,10.464900501,1.1349666847437516
bv_vienot_index,0,double,lookupApply,2,8191,11.375289952,11.5877945305,12.110853376,10.166066414,10.250846966000001,10.574365157,1.130423131760174
bv_vienot_index,0,double,prepared,0,8191,1.909107557,1.9438255405,2.091472348,1.164349591,1.2035694665,1.287663289,1.6150505596928084
bv_vienot_index,0,double,prepared,1,8191,1.914448785,1.921697595,2.00982786,1.163281345,1.2014329755,1.277034245,1.5995046200561023
bv_vienot_index,0,double,prepared,2,8191,1.899951166,1.9201715295000001,5.366408253,1.163205042,1.2014673115,1.402484434,1.598188740651393
bv_vienot_index,0,double,vienot,0,8191,1.056800147,1.060615309,1.362776218,1.18469204,1.249740569,1.383065255,0.8486683839100048
bv_vienot_index,0,double,vienot,1,8191,1.051458918,1.059470761,1.883927481,1.183929007,1.2244384080000001,1.350270114,0.8652707674619106
bv_vienot_index,0,float,brettel,0,8191,2.360059822,2.432547918,3.186424124,2.114737212,2.1200479185,2.324655109,1.1474023283969466
bv_vienot_index,0,float,brettel,1,8191,2.421102429,2.428351239,2.587443536,2.091647845,2.0960848795,2.332995056,1.1585176071587608
bv_vienot_index,0,float,brettel,2,8191,2.414998169,2.424917592,3.03534367,2.078722073,2.086676688,2.265794775,1.1620955013994962
bv_vienot_index,0,float,lookup,0,8191,6.880264925,7.092006470499999,9.692040044,4.464312965,4.53640047,5.026271212,1.5633554659472115
bv_vienot_index,0,float,lookup,1,8191,6.803961665,7.035542058500001,7.536472958,4.464465572,4.5361334085,4.682494506,1.5509998108337164
bv_vienot_index,0,float,lookup,2,8191,6.745208155,6.9405445,7.314430472,4.463397326,4.5417912954999995,4.868178489,1.5281513500800183
bv_vienot_index,0,float,lookupApply,0,8191,9.643205958,9.7641466245,10.020144061,10.028621353,10.1032650165,10.599133195,0.9664347721804611
bv_vienot_index,0,float,lookupApply,1,8191,9.625656208,9.718364668500001,10.339854719,10.027316567,10.0984464655,10.241820291,0.9623623496645254
bv_vienot_index,0,float,lookupApply,2,8191,9.633286534,9.730573190000001,10.374191185,10.028918935,10.0659565375,10.499824503,0.9666814230470246
bv_vienot_index,0,float,prepared,0,8191,2.131150043,2.155567086,2.688926871,0.766603589,0.7673322855,0.882798193,2.8091703252071754
bv_vienot_index,0,float,prepared,1,8191,2.151751923,2.153277988,2.442467342,0.766450983,0.7672903185,0.998466304,2.8063406198184686
bv_vienot_index,0,float,prepared,2,8191,2.152514955,2.155567086,5.981412526,0.766450983,0.7672559825,1.005806678,2.8094496949719123
bv_vienot_index,0,float,vienot,0,8191,1.059852277,1.078165059,1.227719448,0.76614577,0.766946954,0.989447259,1.405788305666835
bv_vienot_index,0,float,vienot,1,8191,1.068245635,1.078165059,1.28418386,0.766222073,0.766946954,0.867430717,1.405788305666835
bv_vienot_ref,0,double,brettel,0,8191,3.78158955,3.8571297765,7.112989867,3.997832987,4.1063552985000005,4.253097912,0.9393073653195476
bv_vienot_ref,0,double,brettel,1,8191,3.780826517,3.8620894885,4.097485045,4.128181846,4.2035160545,4.365774936,0.9187759576570449
bv_vienot_ref,0,double,brettel,2,8191,3.779300452,3.79799475,4.092906849,4.059150287,4.143507356000001,4.647021121,0.9166134927938087
bv_vienot_ref,0,double,lookup,0,8191,8.509339519,8.555121475,8.809974362,5.838511781,5.9234449394999995,6.026500122,1.444281421095161
bv_vienot_ref,0,double,lookup,1,8191,8.51849591,8.5459650835,8.706201929,5.874145403,5.9667928215,6.12312294,1.432254368327744
bv_vienot_ref,0,double,lookup,2,8191,8.524600171,8.5928915885,9.270846051,5.83637529,5.9376259005000005,6.178473324,1.4471931597739096
bv_vienot_ref,0,double,lookupApply,0,8191,11.534763765,11.6083964105,12.326791601,10.229214992,10.2971325235,10.682998108,1.1273426251441794
bv_vienot_ref,0,double,lookupApply,1,8191,11.527133439,11.5988585035,11.675924796,10.235174277,10.297594157999999,10.48385423,1.126365860368373
bv_vienot_ref,0,double,lookupApply,2,8191,11.483640581,11.613356122999999,11.994109388,10.228749542,10.2948396105,10.721828837,1.128075478820982
bv_vienot_ref,0,double,prepared,0,8191,1.89537297,1.935813698,2.118178489,1.181937492,1.209994201,1.29797949,1.5998536988029748
bv_vienot_ref,0,double,prepared,1,8191,1.897662068,1.9289464045,2.057898913,1.203569466,1.2193604260000002,1.297597973,1.5819329243181455
bv_vienot_ref,0,double,prepared,2,8191,1.89537297,1.929327921,4.466029789,1.192482603,1.2173345745,1.395220364,1.584878932558405
bv_vienot_ref,0,double,vienot,0,8191,1.075112929,1.1147906234999998,2.379898669,1.170476743,1.200513521,1.405460261,0.9285948088043232
bv_vienot_ref,0,double,vienot,1,8191,1.074349896,1.0877029665,1.844249786,1.171079539,1.2006661275,1.276042303,0.9059162589726677
bv_vienot_ref,0,float,brettel,0,8191,2.360059822,2.423010011,3.13835307,2.114813515,2.12020434,2.239950861,1.142819097804507
bv_vienot_ref,0,float,brettel,1,8191,2.421102429,2.42415456,2.636277622,2.091037419,2.093215877,2.284908741,1.1581005985270385
bv_vienot_ref,0,float,brettel,2,8191,2.421102429,2.42415456,2.733945794,2.07888231,2.0823235865000003,2.260751129,1.1641584313389803
bv_vienot_ref,0,float,lookup,0,8191,6.887895251,6.977170064999999,9.605054328,4.494361189,4.568661488,4.994475644,1.5271803532229655
bv_vienot_ref,0,float,lookup,1,8191,6.888658283,6.9615278965,7.636430228,4.489538823,4.5637322975,4.614836406,1.5254023335929467
bv_vienot_ref,0,float,lookup,2,8191,6.72308021,6.858900011999999,7.01989989,4.495963558,4.56484251,4.626304786,1.5025491015242056
bv_vienot_ref,0,float,lookupApply,0,8191,9.666859968,9.767580271,10.059058723,10.037258882,10.0622520145,10.513437004,0.970715129866021
bv_vienot_ref,0,float,lookupApply,1,8191,9.651599316,9.6954736905,10.416157978,10.03931907,10.075742430999998,10.25022891,0.9622589855681476
bv_vienot_ref,0,float,lookupApply,2,8191,9.659992675,9.7210352825,10.386399707,10.032894335,10.0771960075,10.452966671,0.9646567631774826
bv_vienot_ref,0,float,prepared,0,8191,2.128097912,2.156330118,2.279941399,0.766534916,0.7673284705000001,0.964221402,2.810178692568139
bv_vienot_ref,0,float,prepared,1,8191,2.156330118,2.1590007325,2.237211574,0.76614577,0.7674429254999999,0.854901721,2.8132394745751035
bv_vienot_ref,0,float,prepared,2,8191,2.151751923,2.157856184,2.325723355,0.766222073,0.7683623795000001,0.837474057,2.8083834419433593
bv_vienot_ref,0,float,vienot,0,8191,1.124710048,1.1563759005,1.323098523,0.766222073,0.7672178304999999,0.859869064,1.507232828186988
bv_vienot_ref,0,float,vienot,1,8191,1.144548895,1.1563759005,1.255188622,0.766298376,0.767183494,0.838313393,1.5073002867551268
default,1,double,brettel,0,8191,4.55148944,4.642290318500001,11.03955561,4.019236052,4.132378525,4.227864424,1.1233942608149627
default,1,double,brettel,1,8191,8.237699915,9.1468532535,11.27456965,4.064422842,4.1401805335,4.458880173,2.2092885031193292
default,1,double,brettel,2,8191,7.967586375,8.55664754,10.815987059,4.146517519,4.225762269500001,4.373107679,2.0248766954446866
default,1,double,lookup,0,8191,8.500183128,8.5417684045,8.663472104,5.803107069,5.9214114575,6.281963435,1.4425223556591535
default,1,double,lookup,1,8191,8.491789769,8.523074106,8.768770602,5.835604627,5.98115691,6.084895007,1.4249875457622794
default,1,double,lookup,2,8191,8.468898791,8.5585551215,8.931296545,5.836588939,5.9261880415,6.186485167,1.4441922972349206
default,1,double,lookupApply,0,8191,11.520266146,11.59199121,12.295507264,10.166280063,10.249835948000001,10.485517641,1.13094407254995
default,1,double,lookupApply,1,8191,11.529422537,11.606870345499999,12.004791845,10.170560676,10.2469707605,10.391573068,1.1327123514631403
default,1,double,lookupApply,2,8191,11.47143206,11.628235258,11.732389208,10.229047125,10.307364791,10.828004822,1.1281482215661305
default,1,double,prepared,0,8191,1.909107557,1.9300909535000002,2.040349164,1.165043951,1.19569497,1.273440361,1.6142001111704938
default,1,double,prepared,1,8191,1.908344524,1.9464961545000001,2.089946283,1.165570443,1.195771273,1.350346417,1.6278164549116074
default,1,double,prepared,2,8191,1.904529361,1.922842144,4.272219509,1.16573068,1.196534306,1.501014833,1.6070096230069981
default,1,double,vienot,0,8191,0.896563301,0.924032475,1.056037114,1.172376694,1.215152301,1.292401721,0.7604252357828518
default,1,double,vienot,1,8191,0.892748138,0.9423452569999999,1.726742766,1.172681907,1.2161442435,1.325883592,0.7748630658218463
default,1,float,brettel,0,8191,3.662556464,3.8082956904999996,4.752930045,2.115187401,2.118476071,2.345447748,1.7976581102954547
default,1,float,brettel,1,8191,7.059577585,7.780261873000001,9.238035649,2.092029361,2.093097607,2.307830241,3.7171041842388393
default,1,float,brettel,2,8191,6.747497253,7.0382126725,8.804633134,2.078722073,2.0854100535,2.170232572,3.374977818241347
default,1,float,lookup,0,8191,6.685691613,6.9962458795,9.086192162,4.46277927,4.558261354,4.77551581,1.534849657832937
default,1,float,lookup,1,8191,6.707056525,7.0126510804999995,7.821084117,4.462626663,4.5482503659999995,4.667577219,1.5418348851071142
default,1,float,lookup,2,8191,6.99624588,7.031345379,7.660847271,4.469348981,4.540829874,4.550772189,1.5484714411478522
default,1,float,lookupApply,0,8191,9.653888414,9.728665609,10.038456843,10.032879075,10.111666005,10.501197961,0.9621229186357011
default,1,float,lookupApply,1,8191,9.634049567,9.6802130385,10.355115371,10.030582346,10.111471432,10.263139421,0.9573495908681315
default,1,float,lookupApply,2,8191,9.638627762,9.685935783,10.429892565,10.032421255,10.077070107499999,10.206110365,0.9611857097025759
default,1,float,prepared,0,8191,2.128860945,2.1563301185,2.672140154,0.766450983,0.767290319,0.93165517,2.8103184219896304
default,1,float,prepared,1,8191,2.154804053,2.157093151,2.318856062,0.766450983,0.767366622,0.936851422,2.811033330297757
default,1,float,prepared,2,8191,2.154804053,2.159763765,2.324960322,0.766450983,0.7672521670000001,0.856809303,2.814933418102682
default,1,float,vienot,0,8191,6.794805274,6.925283847999999,7.170217312,0.766069466,0.766832499,0.942047674,9.031025493873859
default,1,float,vienot,1,8191,6.788701013,6.869963985,7.054236357,0.766443352,0.7671758635,0.920720913,8.954875031727324
bv_compiler,1,double,brettel,0,8191,3.785404712,3.8659046515,4.407276279,4.017862593,4.1351330725,4.233442193,0.9348924408768226
bv_compiler,1,double,brettel,1,8191,3.779300452,3.8693382984999998,3.959376145,4.062202417,4.171823495,10.347538457,0.9274932899576088
bv_compiler,1,double,brettel,2,8191,3.78158955,3.8201226955000003,3.985319253,4.085741973,4.184020571,9.321473263,0.9130267479987494
bv_compiler,1,double,lookup,0,8191,8.508576486,8.593654620999999,8.981656696,5.804175314,5.895151691,6.11845318,1.457749532402999
bv_compiler,1,double,lookup,1,8191,8.511628617,8.547491148999999,9.075509706,5.80219143,7.8071129895,15.655582346,1.0948337958597183
bv_compiler,1,double,lookup,2,8191,8.50094616,8.6676687825,9.281528507,5.803954035,5.9345623245,7.194275729,1.4605405265889209
bv_compiler,1,double,lookupApply,0,8191,11.572915395,11.6591380785,12.337474057,10.164753998,10.293256318000001,11.185996826,1.1326967597330164
bv_compiler,1,double,lookupApply,1,8191,11.527896472,11.6030551825,11.888047857,10.171407643,10.322804755,28.871078012,1.1240215675763792
bv_compiler,1,double,lookupApply,2,8191,11.362318398,11.5774935905,11.900256379,10.233404041,10.346580850999999,10.551184227,1.118968068507485
bv_compiler,1,double,prepared,0,8191,1.905292394,1.9133042365000001,1.996856306,1.164280918,1.2076593215,1.282230497,1.5843079272750018
bv_compiler,1,double,prepared,1,8191,1.902240264,1.9163563665,2.135728238,1.164273288,1.2077737764999998,2.170156269,1.586684860846538
bv_compiler,1,double,prepared,2,8191,1.904529361,1.916737883,4.032627274,1.164502198,1.207506715,1.290341533,1.5873517382468552
bv_compiler,1,double,vienot,0,8191,0.90495666,0.906482725,1.223141253,1.170316506,1.2092273530000002,1.342326944,0.7496379591075955
bv_compiler,1,double,vienot,1,8191,0.901904529,0.9297552195000001,1.664937126,1.170163899,1.5187629715000002,4.063041753,0.6121792781013953
bv_compiler,1,float,brettel,0,8191,2.374557441,2.4279697225,3.062812843,2.114889818,2.122340831,2.320595776,1.1440055654755483
bv_compiler,1,float,brettel,1,8191,2.426443658,2.4325479185,2.83542913,2.091266329,2.1007431934999996,2.257843975,1.1579463525225986
bv_compiler,1,float,brettel,2,8191,2.426443658,2.4336924675000002,3.477902576,2.079263826,2.0889352645,2.173826456,1.1650396778008916
bv_compiler,1,float,lookup,0,8191,6.713923819,6.825326578,9.328836528,4.459421927,4.529403460999999,4.723614333,1.50689304602004
bv_compiler,1,float,lookup,1,8191,6.703241362,6.7860303994999995,7.426596264,4.459490599,4.5346378645000005,11.325662312,1.496487834811533
bv_compiler,1,float,lookup,2,8191,6.719265047,6.9321511415,7.155719692,4.460261262,4.542668783,4.88858198,1.526008492506023
bv_compiler,1,float,lookupApply,0,8191,9.633286534,9.726758026999999,9.968257844,10.031284336,10.119078866999999,10.63765108,0.9612295896537161
bv_compiler,1,float,lookupApply,1,8191,9.624130143,9.6672414845,10.371902088,10.035099499,10.065449121,10.227597363,0.9604381650820526
bv_compiler,1,float,lookupApply,2,8191,9.634049567,9.6722011965,10.30780735,10.032268649,10.06040166,10.130127579,0.9614130253821297
bv_compiler,1,float,prepared,0,8191,2.081552924,2.146410695,2.318856062,0.766222073,0.766985106,0.91643267,2.7985037495630327
bv_compiler,1,float,prepared,1,8191,2.146410695,2.150225858,2.241026737,0.76614577,0.767252167,0.954660603,2.8025021635422767
bv_compiler,1,float,prepared,2,8191,2.147173727,2.149462825,2.318856062,0.76637468,0.7670995604999999,0.836932304,2.8020649934918067
bv_compiler,1,float,vienot,0,8191,1.124710048,1.155994384,1.294866317,0.766222073,0.7669851055,0.924536076,1.5071927416979025
bv_compiler,1,float,vienot,1,8191,1.144548895,1.156757417,1.242217068,0.76637468,0.767252167,0.965892443,1.50766262612589
bv_vienot_index,1,double,brettel,0,8191,3.780826517,3.8804022705,4.438560615,4.005097058,4.1164044375,4.199426199,0.942667886359745
bv_vienot_index,1,double,brettel,1,8191,3.782352582,3.831568185,4.030338176,4.056159199,4.1386086865,4.306754365,0.9258106951494218
bv_vienot_index,1,double,brettel,2,8191,3.780826517,3.844921255,3.966243438,4.135514589,4.2383294165,4.326013307,0.9071784840582601
bv_vienot_index,1,double,lookup,0,8191,8.520021975,8.5574105725,8.69780857,5.805182517,5.897295811999999,6.348629593,1.4510736522809518
bv_vienot_index,1,double,lookup,1,8191,8.526126236,8.572289708500001,8.722225613,5.803038396,5.891946954,6.068375351,1.4549163078734673
bv_vienot_index,1,double,lookup,2,8191,8.546728116,8.6249389575,9.282291539,5.803954035,5.927912495499999,6.050184654,1.4549706939917497
bv_vienot_index,1,double,lookupApply,0,8191,11.488218777,11.5992400195,12.20623245,10.166966793,10.266733305,10.54002869,1.1297887726226468
bv_vienot_index,1,double,lookupApply,1,8191,11.495849103,11.5912281775,11.784275424,10.16269381,10.2604993285,10.619071237,1.1296943556444383
bv_vienot_index,1,double,lookupApply,2,8191,11.35392504,11.516832499500001,11.872787205,10.251060615,10.283970211500002,10.433234648,1.1198819388470571
bv_vienot_index,1,double,prepared,0,8191,1.898425101,1.950311317,2.070870468,1.163205042,1.198831034,1.286434806,1.6268442021329923
bv_vienot_index,1,double,prepared,1,8191,1.89537297,1.9506928335,2.05103162,1.164196984,1.199975583,1.272066903,1.6256104383583945
bv_vienot_index,1,double,prepared,2,8191,1.89537297,1.946114638,3.426016359,1.163205042,1.2043706505,1.332689843,1.6158768375765895
bv_vienot_index,1,double,vienot,0,8191,1.048406788,1.0667195705,1.164387743,1.172231718,1.201432975,1.27505036,0.8878727259005025
bv_vienot_index,1,double,vienot,1,8191,1.052984984,1.058707728,1.952600415,1.170621719,1.2010857955,1.303252045,0.8814588699379884
bv_vienot_index,1,float,brettel,0,8191,2.331827616,2.4233915274999998,3.091045049,2.114355695,2.1318978145000003,2.324510133,1.1367296832978668
bv_vienot_index,1,float,brettel,1,8191,2.421865462,2.4291142719999996,2.652301306,2.091716518,2.0955087900000002,2.285061348,1.1592002303173348
bv_vienot_index,1,float,brettel,2,8191,2.421865462,2.4264436575,2.517244537,2.079179893,2.15180915,3.005409901,1.1276295843894892
bv_vienot_index,1,float,lookup,0,8191,6.874923697,7.100018313,9.40590282,4.458422354,4.5306968014999995,4.785763338,1.5670919119216635
bv_vienot_index,1,float,lookup,1,8191,6.94359663,7.0664448785000005,7.720363814,4.459574533,4.538842174,7.444420706,1.5568827043555185
bv_vienot_index,1,float,lookup,2,8191,6.807776828,7.045079965999999,7.142748138,4.459719509,4.529514101,4.568657673,1.5553721235672116
bv_vienot_index,1,float,lookupApply,0,8191,9.654651447,9.739348065,10.078897571,10.03089519,10.125724881,10.592395617,0.9618420586633751
bv_vienot_index,1,float,lookupApply,1,8191,9.657703577,9.74087413,10.365797827,10.029666707,10.083143846999999,11.198617385,0.966055257943996
bv_vienot_index,1,float,lookupApply,2,8191,9.648547186,9.6973812725,10.485593945,10.038464473,10.130314521999999,10.255646441,0.9572635925015163
bv_vienot_index,1,float,prepared,0,8191,2.128097912,2.152514955,2.300543279,0.76637468,0.7676336834999999,1.103810585,2.804091328022085
bv_vienot_index,1,float,prepared,1,8191,2.152514955,2.155948602,2.313514833,0.766222073,0.7677862900000001,0.8789754,2.8080061210783014
bv_vienot_index,1,float,prepared,2,8191,2.154041021,2.158619216,2.379135637,0.766367049,0.7715327795,1.035999878,2.7978321509539956
bv_vienot_index,1,float,vienot,0,8191,1.059852277,1.077783543,1.198724209,0.765993163,0.7675917164999999,0.959475339,1.4041104402668474
bv_vienot_index,1,float,vienot,1,8191,1.069008668,1.078928092,1.210169698,0.76591686,0.767332285,0.878670187,1.40607675851929
bv_vienot_ref,1,double,brettel,0,8191,3.780826517,3.872008912,4.517916005,4.008843548,4.1011132645,4.195748382,0.9441360582544329
bv_vienot_ref,1,double,brettel,1,8191,3.780063484,3.8365278965,3.950982786,4.060134599,4.1441559335,4.252014406,0.925768228334934
bv_vienot_ref,1,double,brettel,2,8191,3.779300452,3.865141619,3.997527774,4.070992553,4.234590557,4.277324197,0.9127545076608927
bv_vienot_ref,1,double,lookup,0,8191,8.492552802,8.5421499205,8.705438896,5.817337627,5.9165967225,6.06646777,1.4437607160236872
bv_vienot_ref,1,double,lookup,1,8191,8.526889269,8.5700006105,8.80921133,5.820389757,5.9243911,6.059898059,1.4465622653609076
bv_vienot_ref,1,double,lookup,2,8191,8.516206812,8.592891588,9.901110975,5.822068429,5.9431998534999995,6.100567696,1.4458358796296538
bv_vienot_ref,1,double,lookupApply,0,8191,11.550024417,11.645403491500002,12.337474057,10.165440728,10.1901362775,10.369704554,1.142811359374384
bv_vienot_ref,1,double,lookupApply,1,8191,11.537815895,11.61259309,11.872024173,10.163449213,10.234052619,10.427504273,1.1347013272572661
bv_vienot_ref,1,double,lookupApply,2,8191,11.539341961,11.614119155,13.306525455,10.179274509,10.261189873,11.338816994,1.1318491616220774
bv_vienot_ref,1,double,prepared,0,8191,1.908344524,1.9175009155,2.002197534,1.163357649,1.194432151,1.269625198,1.6053661264012644
bv_vienot_ref,1,double,prepared,1,8191,1.896899036,1.91597485,2.000671469,1.163433952,1.1935928155,1.33544439,1.6052164734230507
bv_vienot_ref,1,double,prepared,2,8191,1.888505677,1.914067269,4.446190941,1.163510255,1.1943939995,1.345913197,1.6025426030282064
bv_vienot_ref,1,double,vienot,0,8191,1.08732145,1.121657917,1.349804664,1.170476743,1.19780094,1.273600598,0.9364309874393654
bv_vienot_ref,1,double,vienot,1,8191,1.086558418,1.115935173,1.824410939,1.170469112,1.1980641865,1.304862044,0.9314485697632529
bv_vienot_ref,1,float,brettel,0,8191,2.322671225,2.423010011,3.056708583,2.118170858,2.126964809,2.288647601,1.13918669493135
bv_vienot_ref,1,float,brettel,1,8191,2.421102429,2.423391527,2.574471981,2.093944573,2.099674948,2.207995056,1.1541746160796695
bv_vienot_ref,1,float,brettel,2,8191,2.421102429,2.425299109,2.553870101,2.082544866,2.0875923270000003,2.161213527,1.1617685491713343
bv_vienot_ref,1,float,lookup,0,8191,6.738340862,6.805487730499999,9.286869735,4.46675467,4.536625565,4.784847699,1.5001210994806886
bv_vienot_ref,1,float,lookup,1,8191,6.760468807,6.8245635455,7.546392382,4.462245147,4.535324594,4.612913564,1.5047574664288736
bv_vienot_ref,1,float,lookup,2,8191,6.722317177,6.990523135,7.151904529,4.464923392,4.538082957,4.786305091,1.5404132540629534
bv_vienot_ref,1,float,lookupApply,0,8191,9.647021121,9.7568978145,10.19335246,10.029445428,10.114908894,10.440796301,0.9646056051268672
bv_vienot_ref,1,float,lookupApply,1,8191,9.618788915,9.6840282015,10.400134294,10.031429313,10.067440636,10.30946313,0.9619156001646574
bv_vienot_ref,1,float,lookupApply,2,8191,9.621078012,9.6722011965,10.385636674,10.030818887,10.0797445365,10.252899524,0.9595680884049953
bv_vienot_ref,1,float,prepared,0,8191,2.13038701,2.159763765,2.501983885,0.766840129,0.767862593,0.943192223,2.812695636809072
bv_vienot_ref,1,float,prepared,1,8191,2.152514955,2.154804053,2.278415334,0.766679893,0.7676336834999999,0.857038213,2.807073346723457
bv_vienot_ref,1,float,prepared,2,8191,2.152514955,2.157093151,2.282993529,0.766985106,0.7677099865,0.836245574,2.809776072907709
bv_vienot_ref,1,float,vienot,0,8191,1.124710048,1.1563759005,1.339122207,0.766527286,0.76755738,0.894724393,1.506566063503943
bv_vienot_ref,1,float,vienot,1,8191,1.143785863,1.156757417,1.330728849,0.766138139,0.7672941335,0.836550787,1.5075801658009156
default,2,double,brettel,0,8191,4.546911244,6.904681968,11.002930045,4.003952509,4.1176291055,4.201417715,1.6768586463451207
default,2,double,brettel,1,8191,8.038548407,8.3754272985,10.564949335,4.056014223,4.211234128999999,4.508118667,1.988829649917572
default,2,double,brettel,2,8191,7.913411061,8.285007936,11.002930045,4.068550848,4.1658642105000006,4.371429007,1.9887849236942858
default,2,double,lookup,0,8191,8.482633378,8.566566964,9.538670492,5.841037419,5.9381638384999995,6.021372543,1.4426289332838522
default,2,double,lookup,1,8191,8.478055183,8.5406238555,8.692467342,5.863585032,5.948899707000001,7.611845318,1.4356644549664113
default,2,double,lookup,2,8191,8.538334758,8.630280185499998,9.289158833,5.854031864,5.954748352,6.217609266,1.4493106467885208
default,2,double,lookupApply,0,8191,11.520266146,11.6072518615,12.509156391,10.168737028,10.282612013,10.649737517,1.1288232840863097
default,2,double,lookupApply,1,8191,11.526370407,11.640825296,15.81156147,10.17133897,10.287770113499999,10.641718044,1.13152074429856
default,2,double,lookupApply,2,8191,11.430991332,11.571389329999999,11.691185447,10.237997497,10.3049688685,10.468944573,1.122894156950941
default,2,double,prepared,0,8191,1.927420339,1.9663350015,2.102917837,1.163365279,1.2180594555000002,1.296758638,1.6143177515853206
default,2,double,prepared,1,8191,1.904529361,1.924368209,2.035770968,1.163586558,1.2143167805,1.290188927,1.5847332754535712
default,2,double,prepared,2,8191,1.905292394,1.929327921,4.041783665,1.163662862,1.221115401,1.339953913,1.5799718187323066
default,2,double,vienot,0,8191,0.900378464,0.922124893,1.202539372,1.170392809,1.2144274204999999,1.290104993,0.759308360000918
default,2,double,vienot,1,8191,0.892748138,0.8969448175,1.57795141,1.169782383,1.2141946954999998,1.301428397,0.7387158096013936
default,2,float,brettel,0,8191,3.661030399,5.909687462,9.760712978,2.118170858,2.1359495175,2.280010072,2.766773003566551
default,2,float,brettel,1,8191,7.079416433,7.9191338049999995,9.418874374,2.091113722,2.1066338055,2.2338466,3.7591411399193935
default,2,float,brettel,2,8191,6.684165548,6.957331217,8.650500549,2.079416433,2.097042486,2.460581736,3.3176872969659046
default,2,float,lookup,0,8191,6.673483091,6.953897570500001,9.371566353,4.485105604,4.557731046,4.932471615,1.5257367098488508
default,2,float,lookup,1,8191,6.723843243,6.9935752655000005,7.65169088,4.482740203,4.556243133,4.721172628,1.5349433867668012
default,2,float,lookup,2,8191,6.713160786,6.911167745,7.286961299,4.48618148,4.5558234644999995,4.575463924,1.5169963890948306
default,2,float,lookupApply,0,8191,9.659229642,9.7046300815,9.913319497,10.032512819,10.111868209,10.71418325,0.9597267172511661
default,2,float,lookupApply,1,8191,9.630997436,9.680976071,10.319252838,10.028613722,10.0544576365,10.346325235,0.9628541310727516
default,2,float,lookupApply,2,8191,9.637101697,9.6790684895,10.595470639,10.032818032,10.0581621595,10.278133012,0.9623098470686374
default,2,float,prepared,0,8191,2.128860945,2.1528964715,2.291386888,0.766450983,0.7670232575,0.945260042,2.8068203283914115
default,2,float,prepared,1,8191,2.154804053,2.157856184,2.244078867,0.766222073,0.7670232575,0.960932731,2.813286511067756
default,2,float,prepared,2,8191,2.157093151,2.1609083140000003,2.490538396,0.766214443,0.767214015,0.837626663,2.8165652239812125
default,2,float,vienot,0,8191,6.788701013,7.014940178,7.228207789,0.766298376,0.767137712,0.959475339,9.144303647530757
default,2,float,vienot,1,8191,6.788701013,6.8722530825,6.952753022,0.766367049,0.7670232575,0.930502991,8.959641073856226
bv_compiler,2,double,brettel,0,8191,3.780826517,3.8376724455,4.636186058,4.012132218,4.110483305000001,4.288403431,0.9336304664786856
bv_compiler,2,double,brettel,1,8191,3.78158955,3.8567482605,3.992949579,4.113501099,4.210551214500001,5.149729886,0.9159722953181049
bv_compiler,2,double,brettel,2,8191,3.780826517,3.8388169945,4.01965572,4.071229093,4.2207949275,4.277476804,0.9095009495696472
bv_compiler,2,double,lookup,0,8191,8.465846661,8.540242338999999,9.099926749,5.84317391,5.9291447935,6.097439263,1.4403835015738682
bv_compiler,2,double,lookup,1,8191,8.51849591,8.543675986,9.179282139,5.853039922,5.9297933705,6.148509034,1.4408050082324535
bv_compiler,2,double,lookup,2,8191,8.529178366,8.6199792455,9.157154194,5.837748749,5.934073983999999,6.20530155,1.4526241615359006
bv_compiler,2,double,lookupApply,0,8191,11.497375168,11.604962764,12.199365157,10.215678794,10.347855115000002,10.694237578,1.1214848521775034
bv_compiler,2,double,lookupApply,1,8191,11.521792211,11.597713954,12.190971798,10.219188744,10.344188744,10.488897876,1.1211815871715498
bv_compiler,2,double,lookupApply,2,8191,11.438621658,11.6122115735,12.219967037,10.277988036,10.416543310000002,10.607312904,1.1147855126135886
bv_compiler,2,double,prepared,0,8191,1.931998535,1.949929801,2.114363326,1.18140337,1.225510469,1.331613967,1.5911163962484272
bv_compiler,2,double,prepared,1,8191,1.907581492,1.944207057,2.251709193,1.180335124,1.229867385,1.321610609,1.5808265839979163
bv_compiler,2,double,prepared,2,8191,1.88926871,1.9434440240000002,4.672811623,1.182624222,1.2228741909999998,1.352337932,1.5892428168843415
bv_compiler,2,double,vienot,0,8191,0.898852399,0.921743377,1.149890123,1.169393236,1.2044126175,1.29003632,0.7653053144804006
bv_compiler,2,double,vienot,1,8191,0.901141497,0.9061012085,1.780155048,1.170011293,1.203760225,1.451791601,0.752725658882773
bv_compiler,2,float,brettel,0,8191,2.345562202,2.4275882065,3.194817483,2.114889818,2.122146258,2.341014528,1.1439306774208209
bv_compiler,2,float,brettel,1,8191,2.426443658,2.4314033695,2.558448297,2.0905796,2.0959284585,2.27901813,1.160060287191334
bv_compiler,2,float,brettel,2,8191,2.425680625,2.429495788,2.546239775,2.079950555,2.0874435355000003,2.161366134,1.1638617987422921
bv_compiler,2,float,lookup,0,8191,6.775729459,7.0706415575,9.020571359,4.473797461,4.5567009525,4.975437981,1.5517019069730142
bv_compiler,2,float,lookup,1,8191,6.716212917,6.965724576,7.856183616,4.480214565,4.549360579,4.966418935,1.5311436530562157
bv_compiler,2,float,lookup,2,8191,7.064918813,7.0920064705,7.331980222,4.477688927,4.552035008000001,4.702981931,1.5579859245449807
bv_compiler,2,float,lookupApply,0,8191,9.65846661,9.722561348,9.99649005,10.036106702,10.1064735685,10.740256074,0.9620132365757543
bv_compiler,2,float,lookupApply,1,8191,9.618788915,9.687080332,10.288731535,10.030071115,10.0608709255,10.154445428,0.9628470938283683
bv_compiler,2,float,lookupApply,2,8191,9.624893175,9.6786869735,10.191826395,10.028537419,10.056937492500001,10.451745819,0.9623890951612175
bv_compiler,2,float,prepared,0,8191,2.08918325,2.148318276,2.42720669,0.76614577,0.7670995604999999,0.929129532,2.800572945967683
bv_compiler,2,float,prepared,1,8191,2.147173727,2.149462825,2.325723355,0.766450983,0.767214015,0.884102979,2.8016469759093234
bv_compiler,2,float,prepared,2,8191,2.147173727,2.15098889,2.320382127,0.766527286,0.767290319,0.834872116,2.8033572648269005
bv_compiler,2,float,vienot,0,8191,1.124710048,1.1556128675,1.307837871,0.76614577,0.766908802,0.943955256,1.506845226559285
bv_compiler,2,float,vienot,1,8191,1.145311928,1.156757417,1.426107923,0.766222073,0.7668706505,0.846561775,1.508412685041204
bv_vienot_index,2,double,brettel,0,8191,3.785404712,3.871627396,4.655261873,4.005097058,4.12932258,4.266313637,0.937593835548687
bv_vienot_index,2,double,brettel,1,8191,3.777774387,3.8288975704999997,3.911305091,4.058379624,4.1456858135,4.403232206,0.9235860464947894
bv_vienot_index,2,double,brettel,2,8191,3.779300452,3.845302771,3.974636796,4.152255524,4.273615859,4.326173544,0.8997773543221026
bv_vienot_index,2,double,lookup,0,8191,8.529178366,8.5825906485,9.189964595,5.835070504,5.985395556,6.679182945,1.4339220471229286
bv_vienot_index,2,double,lookup,1,8191,8.484159443,8.555884507,8.91222073,5.841266329,6.020151691000001,9.978841106,1.4212074622290443
bv_vienot_index,2,double,lookup,2,8191,8.526126236,8.632187767,8.849652057,5.832781406,5.9465266754999995,6.214091686,1.4516352550077787
bv_vienot_index,2,double,lookupApply,0,8191,11.527133439,11.6297613235,12.299322427,10.189384691,10.2798422045,10.42767214,1.1313171050825153
bv_vienot_index,2,double,lookupApply,1,8191,11.529422537,11.614882188,12.18563057,10.181052375,10.279002869,10.397608656,1.129961956040388
bv_vienot_index,2,double,lookupApply,2,8191,11.514924918,11.6129746065,11.798010011,10.275149554,10.306002777,10.506020327,1.1268165609674374
bv_vienot_index,2,double,prepared,0,8191,1.90987059,1.9247497255,2.008301795,1.169019351,1.206133256,1.280628128,1.5958018866698092
bv_vienot_index,2,double,prepared,1,8191,1.906055427,1.923986693,2.119704554,1.166951532,1.2018106765,1.277110548,1.600906640805666
bv_vienot_index,2,double,prepared,2,8191,1.900714199,1.916737883,4.423299963,1.170316506,1.2021921925,1.357152668,1.5943689328193669
bv_vienot_index,2,double,vienot,0,8191,1.057563179,1.066338054,1.26052985,1.173910389,1.228837291,1.329164632,0.8677617954873734
bv_vienot_index,2,double,vienot,1,8191,1.054511049,1.062522891,1.855695275,1.173071054,1.2295202055,1.434821756,0.8641768441437784
bv_vienot_index,2,float,brettel,0,8191,2.323434257,2.4272066905000003,3.074258332,2.114966121,2.133919851,2.830042119,1.137440419499617
bv_vienot_index,2,float,brettel,1,8191,2.421102429,2.4291142719999996,2.606519351,2.091418935,2.1080873825,2.322671225,1.1522834832013893
bv_vienot_index,2,float,brettel,2,8191,2.421865462,2.427969723,2.554633134,2.083086619,2.0982557075,2.295446221,1.1571371946333666
bv_vienot_index,2,float,lookup,0,8191,6.695611037,6.8005280185,9.583689415,4.468738555,4.539883714,4.737379441,1.4979520284910979
bv_vienot_index,2,float,lookup,1,8191,6.690269808,6.7799261385000005,7.656269076,4.464694482,4.534908741000001,4.653445855,1.4950523870971981
bv_vienot_index,2,float,lookup,2,8191,6.697900134,6.778781589499999,6.95809425,4.46698358,4.540799353000001,5.070832316,1.49286085169595
bv_vienot_index,2,float,lookupApply,0,8191,9.647021121,9.763002075500001,9.926291051,10.039166463,10.12183723,10.536205897,0.9645484168193842
bv_vienot_index,2,float,lookupApply,1,8191,9.632523501,9.732099255000001,10.370376022,10.037701441,10.066059547,10.367110243,0.966823135662899
bv_vienot_index,2,float,lookupApply,2,8191,9.640153827,9.682883653,10.36961299,10.033642107,10.059642443000001,10.265054633,0.9625474968782644
bv_vienot_index,2,float,prepared,0,8191,2.128860945,2.155567086,2.317329996,0.766298376,0.7670232575,1.0707026,2.810302119163577
bv_vienot_index,2,float,prepared,1,8191,2.153277988,2.157474667,2.311225736,0.766450983,0.7671796790000001,0.992346783,2.812215607447026
bv_vienot_index,2,float,prepared,2,8191,2.153277988,2.157856184,2.356244659,0.766367049,0.767061409,0.837924246,2.8131465860251614
bv_vienot_index,2,float,vienot,0,8191,1.059852277,1.078165059,1.233060676,0.766138139,0.766832499,0.918042669,1.4059981291950958
bv_vienot_index,2,float,vienot,1,8191,1.068245635,1.080454157,1.162861677,0.766069466,0.767061409,1.02949884,1.4085627882239087
bv_vienot_ref,2,double,brettel,0,8191,3.786930778,3.831949701,4.601849591,4.009759187,4.1117804605,4.253700708,0.9319441389956962
bv_vienot_ref,2,double,brettel,1,8191,3.780063484,3.8670492005000003,3.991423514,4.10416921,4.2017648945,4.322892504,0.9203392616188178
bv_vienot_ref,2,double,brettel,2,8191,3.780063484,3.8479733855,4.031864241,4.068856062,4.1804343185,4.27037297,0.9204721548838276
bv_vienot_ref,2,double,lookup,0,8191,8.516969845,8.540242338999999,8.693230375,5.841724148,5.9359434135,8.989096264,1.4387337856990166
bv_vienot_ref,2,double,lookup,1,8191,8.511628617,8.572289708,8.939689904,5.824678,5.923792119,6.190933647,1.4470949580599217
bv_vienot_ref,2,double,lookup,2,8191,8.506287389,8.6772066905,14.886765963,5.829492736,5.9206560555,6.108678733,1.4655819573304378
bv_vienot_ref,2,double,lookupApply,0,8191,11.524844341,11.5977139545,12.53815163,10.229131058,10.338603345500001,10.795598828,1.1217873021067242
bv_vienot_ref,2,double,lookupApply,1,8191,11.524081309,11.6064888295,11.688133317,10.2277576,10.3622268345,11.074861128,1.1200766992339286
bv_vienot_ref,2,double,lookupApply,2,8191,11.521029178,11.6118300575,14.972988646,10.30641863,10.3435325355,10.469173483,1.122617444054735
bv_vienot_ref,2,double,prepared,0,8191,1.922079111,1.9304724695000002,2.09223538,1.183692467,1.2135880845,1.527316567,1.59071475252277
bv_vienot_ref,2,double,prepared,1,8191,1.919790013,1.937339763,2.032718838,1.181021853,1.2118292945,1.309753083,1.5986903203221747
bv_vienot_ref,2,double,prepared,2,8191,1.900714199,1.9243682089999998,4.185996826,1.183158345,1.2140039375,1.345913197,1.5851416536282856
bv_vienot_ref,2,double,vienot,0,8191,1.08732145,1.0884659995,1.175070199,1.170316506,1.1988691855,1.525561592,0.9079105649429505
bv_vienot_ref,2,double,vienot,1,8191,1.078165059,1.0903735805,1.765657429,1.170850629,1.2007424305,1.299429252,0.9080828267607389
bv_vienot_ref,2,float,brettel,0,8191,2.32724942,2.4260621415,3.181845928,2.115652851,2.128456538,2.751915212,1.1398222600211723
bv_vienot_ref,2,float,brettel,1,8191,2.429495788,2.4390336955,2.553870101,2.092029361,2.095241729,2.201730558,1.1640822448988175
bv_vienot_ref,2,float,brettel,2,8191,2.418813332,2.4264436575,2.521822732,2.079492736,2.087290929,2.159077036,1.1624846463844334
bv_vienot_ref,2,float,lookup,0,8191,7.072549139,7.1194756439999995,9.283817605,4.460871688,4.535793859,4.595493529,1.5696206365007999
bv_vienot_ref,2,float,lookup,1,8191,7.005402271,7.1061225735,7.806586497,4.461337138,4.5394602305,4.587695336,1.565411351278056
bv_vienot_ref,2,float,lookup,2,8191,6.903918935,7.0469875475,7.181662801,4.461329508,4.5306319434999995,4.689216823,1.5554094076456952
bv_vienot_ref,2,float,lookupApply,0,8191,9.652362349,9.766435722499999,10.208613112,10.030597607,10.1013536195,10.285313149,0.9668442557685077
bv_vienot_ref,2,float,lookupApply,1,8191,9.633286534,9.700051886,10.426840435,10.028613722,10.047269869,10.469707606,0.9654415589979013
bv_vienot_ref,2,float,lookupApply,2,8191,9.627945306,9.704248565499999,10.281864241,10.02716396,10.0771197045,10.566101514,0.9629982425599755
bv_vienot_ref,2,float,prepared,0,8191,2.129623978,2.152514955,2.275363204,0.766450983,0.766985106,0.903056709,2.8064625221027435
bv_vienot_ref,2,float,prepared,1,8191,2.154041021,2.1624343795,2.346325235,0.766450983,0.7671033755000001,0.894037663,2.8189608448672505
bv_vienot_ref,2,float,prepared,2,8191,2.153277988,2.157474667,2.255524356,0.76661122,0.767252167,1.160000305,2.8119499165911117
bv_vienot_ref,2,float,vienot,0,8191,1.12547308,1.156757417,1.355908924,0.766069466,0.7670232575,0.907032108,1.5081125711497736
bv_vienot_ref,2,float,vienot,1,8191,1.144548895,1.156757417,1.36353925,0.765985533,0.766985106,0.862623611,1.5081875879347257
default,0,double,brettel,0,65536,15.795612335,15.848970413,17.346191406,4.183170319,4.200769424,4.232738495,3.7728732080487553
default,0,double,brettel,1,65536,16.81432724,16.850042343,16.955280304,4.216151237,4.2372694015,4.27374649,3.9766275745967574
default,0,double,brettel,2,65536,16.680908203,16.7125225065,16.86372757,4.229624748,4.243847847,4.273376465,3.938058834581965
default,0,double,lookup,0,65536,8.5272789,8.561086654499999,8.636283875,5.891003609,5.912709713,6.351028442,1.4479125595625193
default,0,double,lookup,1,65536,8.539390564,8.576536179,9.235191345,5.894940376,5.912782669,6.017982483,1.4505075966965155
default,0,double,lookup,2,65536,8.520126343,8.5941314695,12.706756592,5.891288757,5.9231762885000006,5.989187241,1.4509329202620103
default,0,double,lookupApply,0,65536,11.634922028,11.659622192499999,11.727905273,10.285064697,10.316576480999998,12.388082504,1.130183274846407
default,0,double,lookupApply,1,65536,11.635971069,11.7122650145,13.848400116,10.286726952,10.319454669999999,10.37200737,1.1349693747431326
default,0,double,lookupApply,2,65536,11.643409729,11.670732498,15.352630615,10.288227081,10.328559875500002,10.398875237,1.1299477021654991
default,0,double,prepared,0,65536,1.940822601,1.963710785,2.110290527,1.213582039,1.236110687,1.275227547,1.588620505956357
default,0,double,prepared,1,65536,1.934337616,1.9538402559999999,2.328205109,1.216284752,1.2340431215,1.298665047,1.5832836162362578
default,0,double,prepared,2,65536,1.922512054,1.951932907,2.00843811,1.215855598,1.2311668395,1.455648422,1.585433301462795
default,0,double,vienot,0,65536,0.921440125,0.94666481,1.017093658,1.221224785,1.229207516,1.313667297,0.7701423866008967
default,0,double,vienot,1,65536,0.925445557,0.9515285495000001,1.142978668,1.224932671,1.2354469300000002,1.388746262,0.7701897397567696
default,0,float,brettel,0,65536,13.317394257,13.3418083195,15.922260284,2.155371666,2.2132148745,2.25951767,6.028248080753625
default,0,float,brettel,1,65536,14.173603058,14.189529419,14.219284058,2.169895172,2.1785750385,2.208897591,6.513215826051979
default,0,float,brettel,2,65536,13.972663879,13.9923095705,14.765739441,2.165624619,2.181690216,3.13909626,6.413518045726067
default,0,float,lookup,0,65536,6.802272797,6.8194389345,6.857776642,4.53608799,4.5575823785,4.59552002,1.4962842946449222
default,0,float,lookup,1,65536,6.812095642,6.8463802335,12.948799133,4.535402298,4.5556283,5.127892494,1.5028399559068502
default,0,float,lookup,2,65536,6.803226471,6.969213486,9.376049042,4.527318001,4.5420513155,4.620149612,1.5343757703082692
default,0,float,lookupApply,0,65536,9.707736969,9.7316265105,10.277366638,10.075746536,10.1222085955,11.695333481,0.9614133534875343
default,0,float,lookupApply,1,65536,9.699344635,9.724664688,16.610431671,10.077060699,10.101438999500001,11.700387955,0.962700926915596
default,0,float,lookupApply,2,65536,9.719085693,9.7342967985,10.116863251,10.078627586,10.106357574499999,10.242843628,0.963185472782126
default,0,float,prepared,0,65536,2.156925201,2.190876007,2.328872681,0.783250809,0.799492836,1.03391552,2.7403322560854066
default,0,float,prepared,1,65536,2.180290222,2.189874649,2.211093903,0.790578842,0.7983903885,0.851852417,2.7428619890005104
default,0,float,prepared,2,65536,2.178382874,2.1894931790000003,2.27766037,0.782887459,0.7942481045,0.808274269,2.7566866909658456
default,0,float,vienot,0,65536,6.867408752,6.9994449615,7.163143158,0.780020714,0.7949452405,0.84948349,8.804939768049344
default,0,float,vienot,1,65536,6.868743896,6.878757477000001,6.927871704,0.777288437,0.790124893,0.814800262,8.705911607065392
bv_compiler,0,double,brettel,0,65536,3.856372833,3.871679306,3.921222687,4.197779655,4.208096981000001,4.302287102,0.9200546763729633
bv_compiler,0,double,brettel,1,65536,3.853702545,3.8679122925,3.896617889,4.211003304,4.235094547,4.323392868,0.9133001045371939
bv_compiler,0,double,brettel,2,65536,3.844070435,3.8686275485,3.908157349,4.234125137,4.259572029,4.308699608,0.9082197747007508
bv_compiler,0,double,lookup,0,65536,8.549213409,8.567667007499999,8.639907837,5.895217896,5.926113129,6.069991112,1.4457481355820399
bv_compiler,0,double,lookup,1,65536,8.532428741,8.577251434499999,8.696746826,5.893924713,5.91960907,6.005886078,1.4489557220879112
bv_compiler,0,double,lookup,2,65536,8.53767395,8.5951805115,8.70847702,5.907186508,5.936220646000001,6.83202076,1.44792133312829
bv_compiler,0,double,lookupApply,0,65536,11.635303497,11.6771697995,11.764907837,10.292236328,10.3409552575,10.814300537,1.1292157744354305
bv_compiler,0,double,lookupApply,1,65536,11.63444519,11.674928665,11.823940277,10.287840843,10.3251776695,10.504053116,1.1307242392048216
bv_compiler,0,double,lookupApply,2,65536,11.638736725,11.690282822,11.749839783,10.289225578,10.335346222,10.42585659,1.1310973595752272
bv_compiler,0,double,prepared,0,65536,1.928710938,1.9598484040000002,2.012443542,1.214507103,1.2265181539999999,1.280769348,1.597895960698516
bv_compiler,0,double,prepared,1,65536,1.941204071,1.9557476045,1.990413666,1.217421532,1.230401993,1.298445702,1.5895192104910707
bv_compiler,0,double,prepared,2,65536,1.93901062,1.9515514375,1.97019577,1.222476959,1.23390913,1.312298775,1.5816006138960979
bv_compiler,0,double,vienot,0,65536,0.92754364,0.949239731,1.072978973,1.223470688,1.2371621135,1.324329376,0.7672719044996847
bv_compiler,0,double,vienot,1,65536,0.918674469,0.9431362155,1.069259644,1.225104332,1.2399039269999999,1.280205727,0.7606526561956765
bv_compiler,0,float,brettel,0,65536,2.418327332,2.4740219115,2.510166168,2.175961494,2.2188196185,2.257033348,1.1150171428412579
bv_compiler,0,float,brettel,1,65536,2.454185486,2.476453781,2.522945404,2.168682098,2.1795587540000003,2.202935219,1.1362179507458232
bv_compiler,0,float,brettel,2,65536,2.461910248,2.4739265440000002,2.512359619,2.170048714,2.1786613465,2.217954636,1.13552597239325
bv_compiler,0,float,lookup,0,65536,6.802940369,6.9802284245,7.061862946,4.530345917,4.558694363,4.602849007,1.5311902638514308
bv_compiler,0,float,lookup,1,65536,6.803607941,6.929588318,7.114219666,4.532993317,4.5640659335,4.802760124,1.5182927720516026
bv_compiler,0,float,lookup,2,65536,6.796169281,6.835746765,6.868934631,4.523218155,4.5535035135,4.626515388,1.501205993304654
bv_compiler,0,float,lookupApply,0,65536,9.705638885,9.763240814500001,9.865188599,10.072579384,10.1091332435,11.233261108,0.965784165598727
bv_compiler,0,float,lookupApply,1,65536,9.712982178,9.7477436065,9.809684753,10.084226608,10.107335091,10.171460152,0.9644227206021699
bv_compiler,0,float,lookupApply,2,65536,9.695243835,9.7383975985,9.816551208,10.082037926,10.097431660000002,10.145853996,0.9644430312985153
bv_compiler,0,float,prepared,0,65536,2.104091644,2.172422409,2.206897736,0.780508041,0.795518398,0.848212242,2.730826105922443
bv_compiler,0,float,prepared,1,65536,2.174377441,2.188491821,2.221012115,0.782734871,0.793741226,0.810471535,2.7571855276167803
bv_compiler,0,float,prepared,2,65536,2.171039581,2.1850585935,2.236747742,0.783746719,0.7944293025,0.830641747,2.7504758278978514
bv_compiler,0,float,vienot,0,65536,1.141834259,1.1659145355,1.188755035,0.782132149,0.7918925285,0.829226494,1.4723141001323388
bv_compiler,0,float,vienot,1,65536,1.173782349,1.175689697,1.196479797,0.778931618,0.7912859915,0.808837891,1.4857961718383332
bv_vienot_index,0,double,brettel,0,65536,3.860569,3.8777351380000002,3.905105591,4.195350647,4.216582775,4.249812126,0.9196392778035765
bv_vienot_index,0,double,brettel,1,65536,3.860378265,3.8722038265,3.905010223,4.214022636,4.2322244645,4.317803383,0.9149334726879773
bv_vienot_index,0,double,brettel,2,65536,3.85723114,3.8688182835,3.879261017,4.228773117,4.2417531010000005,4.381334305,0.912080027144418
bv_vienot_index,0,double,lookup,0,65536,8.535575867,8.565044403,8.619022369,5.892424583,5.916618824,5.989884377,1.4476248441520354
bv_vienot_index,0,double,lookup,1,65536,8.53843689,8.569669723499999,8.666133881,5.899628639,5.917868614,6.025981903,1.4481007069380671
bv_vienot_index,0,double,lookup,2,65536,8.540439606,8.596754074500002,12.619972229,5.894030571,5.9332294465,5.988642693,1.448916505255196
bv_vienot_index,0,double,lookupApply,0,65536,11.636447906,11.668539047,11.730670929,10.296339035,10.3584485055,10.415748596,1.126475556721104
bv_vienot_index,0,double,lookupApply,1,65536,11.640644073,11.666917801,11.824893951,10.306773186,10.3375196455,10.431752205,1.1285993353423707
bv_vienot_index,0,double,lookupApply,2,65536,11.623001099,11.6669654845,11.754512787,10.303628922,10.3474416735,10.419378281,1.127521744276107
bv_vienot_index,0,double,prepared,0,65536,1.94234848,1.963710785,1.991462708,1.215903282,1.22678566,1.357131004,1.6006959072214781
bv_vienot_index,0,double,prepared,1,65536,1.933479309,1.9524097445,1.995182037,1.216322899,1.2264709475,1.327023506,1.5918923709360837
bv_vienot_index,0,double,prepared,2,65536,1.937007904,1.953792572,2.095508575,1.214746475,1.230359554,1.275476456,1.5879850452236175
bv_vienot_index,0,double,vienot,0,65536,1.089096069,1.115608215,1.241588593,1.224980354,1.23968935,1.861041069,0.8999094934549531
bv_vienot_index,0,double,vienot,1,65536,1.079845428,1.1263370515000002,1.243305206,1.224196434,1.2403964995,1.315329552,0.9080459771968262
bv_vienot_index,0,float,brettel,0,65536,2.420425415,2.4598121639999997,2.519321442,2.167324066,2.219837666,2.264312744,1.1081045256937267
bv_vienot_index,0,float,brettel,1,65536,2.460002899,2.4716854095,2.482891083,2.165155411,2.1782450675,2.201271057,1.134714108333451
bv_vienot_index,0,float,brettel,2,65536,2.45552063,2.4704456329999998,2.485275269,2.166770935,2.176295757,2.212546349,1.135160800205521
bv_vienot_index,0,float,lookup,0,65536,6.803321838,6.8286895755,6.980991364,4.526390076,4.543437003999999,4.703619957,1.5029788174652992
bv_vienot_index,0,float,lookup,1,65536,6.797409058,6.8265914915,6.905555725,4.521374702,4.5475726125,4.790377617,1.501150629840548
bv_vienot_index,0,float,lookup,2,65536,6.804466248,12.0990276335,17.356586456,4.527109146,4.5507116320000005,4.609372139,2.6587111229859617
bv_vienot_index,0,float,lookupApply,0,65536,9.726905823,9.753465652500001,9.984970093,10.076911926,10.114748955,10.154882431,0.9642815353987203
bv_vienot_index,0,float,lookupApply,1,65536,9.716510773,9.7447395325,9.857177734,10.083428383,10.14261198,10.739100456,0.9607721908040497
bv_vienot_index,0,float,lookupApply,2,65536,9.715557098,9.748268127,9.814453125,10.079529762,10.105729103,10.314411163,0.9646278885613623
bv_vienot_index,0,float,prepared,0,65536,2.15883255,2.1822452544999997,2.283096313,0.779781342,0.7968997955,0.824717522,2.7384186403646775
bv_vienot_index,0,float,prepared,1,65536,2.179336548,2.1932125090000003,2.326011658,0.779982567,0.7916059495000001,0.803382874,2.770586186707279
bv_vienot_index,0,float,prepared,2,65536,2.178955078,2.189350128,2.237224579,0.78069973,0.7935595515,0.811990738,2.758898338330945
bv_vienot_index,0,float,vienot,0,65536,1.078701019,1.0964393614999999,1.115703583,0.779839516,0.8002667425000001,0.892975807,1.370092374543479
bv_vienot_index,0,float,vienot,1,65536,1.093769073,1.0998249055,1.115226746,0.777126312,0.7893080715,0.856114388,1.393403849792001
bv_vienot_ref,0,double,brettel,0,65536,3.861522675,3.8744449615,3.897285461,4.192570686,4.21200037,4.256825447,0.9198586469972223
bv_vienot_ref,0,double,brettel,1,65536,3.86428833,3.8741588595,3.894519806,4.215462685,4.228495598,4.284705162,0.9162026469490485
bv_vienot_ref,0,double,brettel,2,65536,3.83939743,3.868341446,3.901195526,4.233386993,4.2526216505,4.324653625,0.9096368696578454
bv_vienot_ref,0,double,lookup,0,65536,8.528804779,8.5574626925,8.676433563,5.897507668,5.927710533,6.017333031,1.4436370745264933
bv_vienot_ref,0,double,lookup,1,65536,8.537483215,8.5685729985,8.668136597,5.89276886,5.920372486,5.994717598,1.4473030233760196
bv_vienot_ref,0,double,lookup,2,65536,8.54883194,8.584022522,8.691978455,5.901999474,5.954758644,6.050209999,1.4415399574001608
bv_vienot_ref,0,double,lookupApply,0,65536,11.63816452,11.666727066,11.841011047,10.304523468,10.332995415,11.689590454,1.1290750259178355
bv_vienot_ref,0,double,lookupApply,1,65536,11.63892746,11.66677475,11.738777161,10.313159943,10.331934452,10.459144592,1.1291955832861105
bv_vienot_ref,0,double,lookupApply,2,65536,11.652469635,11.6834640505,11.717987061,10.312596321,10.333649635,10.485248566,1.13062320314482
bv_vienot_ref,0,double,prepared,0,65536,1.943492889,1.9577503205,2.00214386,1.217402458,1.2396988869999999,1.338020325,1.5792143890986652
bv_vienot_ref,0,double,prepared,1,65536,1.929664612,1.954555511,1.982021332,1.215711594,1.238079071,1.302773476,1.5787000659184875
bv_vienot_ref,0,double,prepared,2,65536,1.930141449,1.9562244414999999,1.9780159,1.214421272,1.235040665,1.276316643,1.5839352475896005
bv_vienot_ref,0,double,vienot,0,65536,1.106548309,1.140642166,1.263237,1.224636078,1.2368035315,1.271424294,0.9222500881903407
bv_vienot_ref,0,double,vienot,1,65536,1.107120514,1.1261463164999999,1.254272461,1.224502563,1.2382035255,1.348864555,0.9095001696471909
bv_vienot_ref,0,float,brettel,0,65536,2.416229248,2.4609088894999998,2.509593964,2.162890434,2.2207918165000002,2.327297211,1.1081222792771397
bv_vienot_ref,0,float,brettel,1,65536,2.461338043,2.475118637,2.50377655,2.16895771,2.193751812,2.20999527,1.1282582758272384
bv_vienot_ref,0,float,brettel,2,65536,2.450275421,2.4696826935000002,2.49004364,2.170362473,2.175512314,2.212010384,1.1352188988345115
bv_vienot_ref,0,float,lookup,0,65536,6.812095642,6.8382740025,6.910800934,4.535084724,4.552875996,4.641208649,1.5019679886972261
bv_vienot_ref,0,float,lookup,1,65536,6.813812256,6.85300827,7.002830505,4.53453064,4.545298576,4.576169014,1.507713553997338
bv_vienot_ref,0,float,lookup,2,65536,6.813907623,7.0095539095,7.221508026,4.525425911,4.573657036,4.696499825,1.5325928145303984
bv_vienot_ref,0,float,lookupApply,0,65536,9.718894958,9.740066528,9.833335876,10.087632179,10.107276439500001,10.23635006,0.9636687574839728
bv_vienot_ref,0,float,lookupApply,1,65536,9.715461731,9.7457408905,9.838294983,10.077103615,10.1064887045,10.299124718,0.9643053265532892
bv_vienot_ref,0,float,lookupApply,2,65536,9.702587128,9.760761260999999,9.941864014,10.083543777,10.1119155885,10.150998116,0.965273214117871
bv_vienot_ref,0,float,prepared,0,65536,2.159023285,2.1864891054999998,2.304553986,0.780804634,0.7963213925,0.815649986,2.7457369927431654
bv_vienot_ref,0,float,prepared,1,65536,2.180671692,2.1875381469999997,2.237415314,0.782504082,0.7940707204999999,0.85447979,2.7548404575635024
bv_vienot_ref,0,float,prepared,2,65536,2.180290222,2.1904945375000002,2.239322662,0.781004906,0.801934719,0.84953022,2.731512285976984
bv_vienot_ref,0,float,vienot,0,65536,1.145458221,1.1726379395,1.21088028,0.781846046,0.797032833,0.888170242,1.4712542456830005
bv_vienot_ref,0,float,vienot,1,65536,1.172828674,1.1766433715,1.209545135,0.778702736,0.7900047305,0.851230621,1.4894130706727458
default,1,double,brettel,0,65536,15.782165527,15.82903862,16.523933411,4.192579269,4.20957613,4.258869171,3.7602452435038867
default,1,double,brettel,1,65536,16.79058075,16.833257675,16.915988922,4.214143753,4.2306008340000005,4.262871742,3.97892836868854
default,1,double,brettel,2,65536,16.658401489,16.7003154755,16.824913025,4.231877327,4.2410058975,4.27954483,3.9378194416906016
default,1,double,lookup,0,65536,8.53805542,8.562517166500001,8.618068695,5.894926071,5.921095848,6.105557442,1.4461034555608836
default,1,double,lookup,1,65536,8.532524109,8.562374115,8.641433716,5.891581535,5.9077153205,6.742630959,1.449354555946227
default,1,double,lookup,2,65536,8.546447754,8.574962616,8.673000336,5.900734901,5.9428710935,6.333024025,1.4428989761159121
default,1,double,lookupApply,0,65536,11.645889282,11.6666793825,12.250804901,10.284338951,10.3190321925,10.372032166,1.13059821549733
default,1,double,lookupApply,1,65536,11.632919312,11.66138649,11.814498901,10.284043312,10.326260567,10.638978004,1.1292942313761392
default,1,double,lookupApply,2,65536,11.632537842,11.656522751,12.057971954,10.296139717,10.325342655,10.380449295,1.128923575757109
default,1,double,prepared,0,65536,1.935863495,1.9730567935,2.625751495,1.215310097,1.2340035440000001,1.310780525,1.5989069100274804
default,1,double,prepared,1,65536,1.948451996,1.9591331479999998,1.989650726,1.212806702,1.232823372,1.312825203,1.589143418672955
default,1,double,prepared,2,65536,1.937294006,1.9603729245000001,1.988887787,1.216513634,1.25490427,1.41936779,1.5621692995753376
default,1,double,vienot,0,65536,0.922393799,1.007461548,1.235103607,1.226212502,1.2485117909999999,1.300757408,0.8069299427225034
default,1,double,vienot,1,65536,0.935173035,1.1008262635000001,1.354408264,1.226795197,1.2328810689999998,1.262672424,0.8928892584853213
default,1,float,brettel,0,65536,13.32654953,13.40675354,14.056015015,2.174078941,2.226084232,2.294103622,6.022572437860924
default,1,float,brettel,1,65536,14.165973663,14.196538924999999,14.289569855,2.170743942,2.179519653,2.209946632,6.513609044754046
default,1,float,brettel,2,65536,13.960170746,13.984584808000001,14.025497437,2.165241241,2.175679207,2.199684143,6.427686932432958
default,1,float,lookup,0,65536,6.815433502,7.071208954,7.702159882,4.520139694,4.5486454965,4.632674217,1.5545746441310961
default,1,float,lookup,1,65536,6.807899475,7.002925873000001,7.17420578,4.521687508,4.5488128660000005,4.634145737,1.5395062578509686
default,1,float,lookup,2,65536,6.814098358,6.960630417,7.085418701,4.521133423,4.541370391499999,4.753674507,1.5327158581973594
default,1,float,lookupApply,0,65536,9.699821472,9.7328662875,9.799194336,10.069961548,10.0974411965,12.389280319,0.9638943270968124
default,1,float,lookupApply,1,65536,9.714698792,9.7569465635,9.887695312,10.069752693,10.093739033,10.333488464,0.9666335271400511
default,1,float,lookupApply,2,65536,9.710884094,9.733676910500002,9.817218781,10.078847885,10.0999498365,10.239432335,0.9637351737454841
default,1,float,prepared,0,65536,2.155685425,2.1817684175,2.21862793,0.788199425,0.7959480285,0.825749397,2.7410940656661227
default,1,float,prepared,1,65536,2.18000412,2.2102355955,2.276325226,0.781013489,0.792661667,0.887518883,2.788371997178968
default,1,float,prepared,2,65536,2.179431915,2.190065384,2.338981628,0.781262398,0.7920303344999999,0.827927589,2.765128163156231
default,1,float,vienot,0,65536,6.868076324,6.9878101345,7.121372223,0.783210754,0.7969322205,0.825843811,8.768387015542936
default,1,float,vienot,1,65536,6.869506836,6.8879604335,6.943416595,0.778042793,0.7879695895000001,0.802674294,8.741403888277848
bv_compiler,1,double,brettel,0,65536,3.859519958,3.8698673250000004,8.695602417,4.191729546,4.2086362835,4.258641243,0.9195062401024896
bv_compiler,1,double,brettel,1,65536,3.859329224,3.871154785,3.917312622,4.213399887,4.233655929499999,4.276880264,0.9143763332362222
bv_compiler,1,double,brettel,2,65536,3.842258453,3.8671493530000003,3.954410553,4.222371101,4.2584638595,4.323745728,0.9081089990638208
bv_compiler,1,double,lookup,0,65536,8.537864685,8.556890487499999,8.781719208,5.887666702,5.917256832,6.229550362,1.4460907698352883
bv_compiler,1,double,lookup,1,65536,8.540630341,8.5620880125,8.662796021,5.88937664,5.91448164,5.967580795,1.4476480837465242
bv_compiler,1,double,lookup,2,65536,8.538246155,8.5624217985,8.756637573,5.893475533,5.9250392915,6.089374542,1.445124897447273
bv_compiler,1,double,lookupApply,0,65536,11.63892746,11.673641205,11.764335632,10.330328941,10.342272758499998,10.405735016,1.1287307420320924
bv_compiler,1,double,lookupApply,1,65536,11.637401581,11.6670131685,11.710166931,10.316188812,10.339181423,10.414954185,1.1284271637352428
bv_compiler,1,double,lookupApply,2,65536,11.633682251,11.6551399235,11.75661087,10.325323105,10.3425540925,11.97961998,1.1269111884028562
bv_compiler,1,double,prepared,0,65536,1.932621002,1.9521713255,1.983642578,1.215654373,1.233349323,1.256873131,1.5828210946364623
bv_compiler,1,double,prepared,1,65536,1.944065094,1.9535541535,1.997280121,1.219742775,1.2361679075,1.29176712,1.5803307476658466
bv_compiler,1,double,prepared,2,65536,1.934242249,1.9528865815,2.019691467,1.218234062,1.2733836175,1.445365906,1.533619998452666
bv_compiler,1,double,vienot,0,65536,0.931930542,1.0085582735,2.461910248,1.225801468,1.2487373355,1.332976341,0.8076624641771993
bv_compiler,1,double,vienot,1,65536,0.92420578,0.955724716,1.088619232,1.22372818,1.2509393690000001,1.353507996,0.7640056262391082
bv_compiler,1,float,brettel,0,65536,2.407646179,2.471733093,2.494812012,2.169186592,2.2183790205,2.264351845,1.1142068466022983
bv_compiler,1,float,brettel,1,65536,2.462387085,2.4790287015,2.948284149,2.169960976,2.1765441895000004,2.201729774,1.1389746707001096
bv_compiler,1,float,brettel,2,65536,2.449417114,2.469444275,2.489757538,2.165135384,2.173548222,2.225922585,1.136135030272174
bv_compiler,1,float,lookup,0,65536,6.806468964,6.8263053895,6.934642792,4.524249077,4.5599503514999995,4.656419754,1.4970130951654947
bv_compiler,1,float,lookup,1,65536,6.804466248,6.8393707280000005,8.702087402,4.53110981,4.545246124,4.751793861,1.5047305561488666
bv_compiler,1,float,lookup,2,65536,6.807994843,6.835269928,6.957054138,4.529294014,4.5484991075,4.670082092,1.5027528348261856
bv_compiler,1,float,lookupApply,0,65536,9.706115723,9.747171402,10.369110107,10.072554588,10.099532127500002,10.145227432,0.9651111832655535
bv_compiler,1,float,lookupApply,1,65536,9.70993042,9.725141525000002,11.850643158,10.072077751,10.097153187,10.227884293,0.963156777449018
bv_compiler,1,float,lookupApply,2,65536,9.697532654,9.762573242,9.968185425,10.07735157,10.088362694,10.253921509,0.9677064096641012
bv_compiler,1,float,prepared,0,65536,2.103233337,2.1515846255,2.228736877,0.782074928,0.795298576,0.850438118,2.705379703207214
bv_compiler,1,float,prepared,1,65536,2.16960907,2.1806240079999997,2.213382721,0.781472206,0.7955327034999999,0.834042549,2.7410865680394996
bv_compiler,1,float,prepared,2,65536,2.168750763,2.177619934,2.224254608,0.780097008,0.7928624150000001,0.810155869,2.746529401321161
bv_compiler,1,float,vienot,0,65536,1.144886017,1.175260544,1.291561127,0.77808094,0.78920269,0.836287498,1.4891745287893023
bv_compiler,1,float,vienot,1,65536,1.173305511,1.1847496035,1.222229004,0.776331902,0.7903876304999999,0.810806274,1.4989475515330704
bv_vienot_index,1,double,brettel,0,65536,3.852653503,3.8686275485,4.005336761,4.191806793,4.208555698,4.257274628,0.9192292620336375
bv_vienot_index,1,double,brettel,1,65536,3.856754303,3.8689613339999998,3.910160065,4.213171005,4.2361922265,6.180410385,0.9133110886227627
bv_vienot_index,1,double,brettel,2,65536,3.845405579,3.8630485534999996,6.035518646,4.22803688,4.2439169885,4.265968323,0.9102554465527808
bv_vienot_index,1,double,lookup,0,65536,8.543682098,8.563375473,8.611774445,5.89313221,5.9303469655,6.038534164,1.4439923199802196
bv_vienot_index,1,double,lookup,1,65536,8.538818359,8.568477630499999,9.705734253,5.893074036,5.9163541795,6.23048687,1.4482698923248258
bv_vienot_index,1,double,lookup,2,65536,8.532047272,8.5619449615,8.677577972,5.893054962,5.9278440475,6.832304001,1.4443606972269964
bv_vienot_index,1,double,lookupApply,0,65536,11.63854599,11.6698741915,11.740493774,10.279278755,10.324371814500001,10.422369003,1.1303229291984929
bv_vienot_index,1,double,lookupApply,1,65536,11.636257172,11.6732120515,12.103652954,10.291193962,10.326784134,10.379448891,1.130382111219601
bv_vienot_index,1,double,lookupApply,2,65536,11.627864838,11.657857894500001,11.727046967,10.293782234,10.322203159,10.438180923,1.129396284390647
bv_vienot_index,1,double,prepared,0,65536,1.923084259,1.9511699675,1.986503601,1.216122627,1.226059437,1.281829834,1.5914154800474
bv_vienot_index,1,double,prepared,1,65536,1.936912537,1.9469738005,1.96647644,1.215740204,1.2323508265,1.319799423,1.5798859859002983
bv_vienot_index,1,double,prepared,2,65536,1.92565918,1.9445419314999999,2.062606812,1.217288017,1.2551007269999999,1.373420715,1.549311453390625
bv_vienot_index,1,double,vienot,0,65536,1.076793671,1.0985851285,1.141643524,1.227989197,1.236951351,1.405962944,0.8881393173723934
bv_vienot_index,1,double,vienot,1,65536,1.077365875,1.096391678,1.254749298,1.22214222,1.2371139525000001,1.282957077,0.8862495453910095
bv_vienot_index,1,float,brettel,0,65536,2.408504486,2.4633407595,2.510738373,2.165297508,2.2154641155,2.23076725,1.1118847478800429
bv_vienot_index,1,float,brettel,1,65536,2.454376221,2.4747371675,2.635002136,2.168518066,2.177666664,2.213194847,1.1364168852887393
bv_vienot_index,1,float,brettel,2,65536,2.447986603,2.469110489,2.493190765,2.164448738,2.177107811,2.199026108,1.1341241239981938
bv_vienot_index,1,float,lookup,0,65536,6.811618805,6.9447994235,7.144165039,4.525777817,4.5454130169999996,4.611645699,1.5278698321860331
bv_vienot_index,1,float,lookup,1,65536,6.800460815,6.942653656,7.099437714,4.528215408,4.5587801935000005,4.615620613,1.5229191497100416
bv_vienot_index,1,float,lookup,2,65536,6.98223114,7.124567032,7.266044617,4.52304554,4.5357627869999995,4.61721611,1.5707538878399463
bv_vienot_index,1,float,lookupApply,0,65536,9.7240448,9.750843048499998,10.499858856,10.067806244,10.1036834715,10.267717361,0.9650780406972094
bv_vienot_index,1,float,lookupApply,1,65536,9.712982178,9.753370285,9.871482849,10.075946808,10.1138978005,10.250891685,0.9643532570121308
bv_vienot_index,1,float,lookupApply,2,65536,9.720039368,9.7540855405,9.948921204,10.073863983,10.098127842,10.336730003,0.9659300905194462
bv_vienot_index,1,float,prepared,0,65536,2.158355713,2.1810531615,2.243804932,0.782056808,0.7923464775,0.814904213,2.752650795371271
bv_vienot_index,1,float,prepared,1,65536,2.18038559,2.1884441375,2.210903168,0.779829979,0.7962493895,0.846329689,2.748440584518652
bv_vienot_index,1,float,prepared,2,65536,2.177810669,2.1884441375,2.264213562,0.77918911,0.7914958,0.812009811,2.764947252404877
bv_vienot_index,1,float,vienot,0,65536,1.076316833,1.0926246645000002,1.125335693,0.77768898,0.7913808824999999,0.868430138,1.3806558746382154
bv_vienot_index,1,float,vienot,1,65536,1.093673706,1.0966777799999998,1.123428345,0.779925346,0.7902250289999999,0.808904648,1.387804409824635
bv_vienot_ref,1,double,brettel,0,65536,3.859615326,3.8707256315,3.894042969,4.193526268,4.2105994225,4.273382187,0.9192813761423538
bv_vienot_ref,1,double,brettel,1,65536,3.863048553,3.8778781894999996,3.945732117,4.211947441,4.2306170465,4.290179253,0.916622361910109
bv_vienot_ref,1,double,brettel,2,65536,3.837776184,3.866577148,3.894233704,4.221434593,4.2451858520000005,4.275693893,0.9108145750976652
bv_vienot_ref,1,double,lookup,0,65536,8.529567719,8.5661411285,8.71963501,5.89274025,5.913074493,5.982229233,1.4486780335070608
bv_vienot_ref,1,double,lookup,1,65536,8.54549408,8.567762375000001,8.63237381,5.891536713,5.9127550125,5.979811668,1.4490305038661537
bv_vienot_ref,1,double,lookup,2,65536,8.539867401,8.576059341499999,8.656406403,5.903076172,5.9449300765,10.568048477,1.4425837194285456
bv_vienot_ref,1,double,lookupApply,0,65536,11.623382568,11.664056777999999,11.838626862,10.292999268,10.3277263645,10.405482292,1.129392507734658
bv_vienot_ref,1,double,lookupApply,1,65536,11.623573303,11.664104462000001,11.808872223,10.28447628,10.3207087515,10.794623375,1.1301650635480585
bv_vienot_ref,1,double,lookupApply,2,65536,11.625003815,11.661911010499999,11.861228943,10.291270256,10.326494217,17.961457253,1.129319473331188
bv_vienot_ref,1,double,prepared,0,65536,1.938056946,1.9633293150000002,2.026081085,1.217431068,1.2291736605,1.255554199,1.5972757781039355
bv_vienot_ref,1,double,prepared,1,65536,1.933288574,1.9571304325,1.982784271,1.21877861,1.2326803210000001,1.27993679,1.5877031531681278
bv_vienot_ref,1,double,prepared,2,65536,1.930427551,1.958036423,2.011299133,1.214125633,1.227168083,1.348501205,1.5955731330734095
bv_vienot_ref,1,double,vienot,0,65536,1.105690002,1.127815247,1.33228302,1.225896835,1.2356991769999999,1.416540146,0.9126940180846298
bv_vienot_ref,1,double,vienot,1,65536,1.109886169,1.1419296265,1.421451569,1.227606773,1.23664999,1.289013863,0.9234056812631357
bv_vienot_ref,1,float,brettel,0,65536,2.413082123,2.4606227875,2.823352814,2.168842316,2.2202367780000003,2.357250214,1.1082704384874396
bv_vienot_ref,1,float,brettel,1,65536,2.463436127,2.4787425995,2.505970001,2.169043541,2.1809864045,2.205207825,1.1365236364544242
bv_vienot_ref,1,float,brettel,2,65536,2.461433411,2.4718284605000003,2.492237091,2.168279648,2.1766586305,2.20587635,1.1356068544070215
bv_vienot_ref,1,float,lookup,0,65536,6.808376312,7.0150375364999995,7.146453857,4.534301758,4.5724368095,4.756587982,1.5342010898707423
bv_vienot_ref,1,float,lookup,1,65536,6.803417206,7.1297645565,7.687568665,4.542448997,4.5514359475,4.640319824,1.5664868491483916
bv_vienot_ref,1,float,lookup,2,65536,6.822681427,7.0017337795,7.169151306,4.530134201,4.5429711345,4.637443542,1.5412234795699646
bv_vienot_ref,1,float,lookupApply,0,65536,9.726333618,9.759616852,9.849834442,10.074943542,10.091764927,10.171756744,0.9670872164182744
bv_vienot_ref,1,float,lookupApply,1,65536,9.723186493,9.753036499,9.809494019,10.082855225,10.100823879,10.151081085,0.9655684146000146
bv_vienot_ref,1,float,lookupApply,2,65536,9.722518921,9.751033783,10.007572174,10.071443558,10.0930023195,10.161085129,0.9661182544425552
bv_vienot_ref,1,float,prepared,0,65536,2.158164978,2.1822452544999997,2.390861511,0.780345917,0.7922129634999999,0.816337585,2.7546194710811496
bv_vienot_ref,1,float,prepared,1,65536,2.179336548,2.200460434,2.265739441,0.790225029,0.7957048415,0.81764698,2.7654229548884803
bv_vienot_ref,1,float,prepared,2,65536,2.180671692,2.193450928,2.2315979,0.783097267,0.7942376135,0.938092232,2.761706183032592
bv_vienot_ref,1,float,vienot,0,65536,1.14068985,1.16481781,1.211261749,0.777545929,0.7919111249999999,0.825118065,1.4708946158573035
bv_vienot_ref,1,float,vienot,1,65536,1.173210144,1.179122925,1.23052597,0.778759956,0.7915668490000001,0.809830666,1.4896062492884916
default,2,double,brettel,0,65536,15.790939331,16.0995006565,16.547012329,4.193974495,4.220468521000001,4.259767532,3.8146240343679594
default,2,double,brettel,1,65536,16.782188416,16.837930679499998,16.893768311,4.212643623,4.230577469,4.250384331,3.980054922261015
default,2,double,brettel,2,65536,16.673469543,16.706562042,16.813564301,4.232527733,4.246471404999999,4.302743912,3.9342221926489116
default,2,double,lookup,0,65536,8.535766602,8.575773239,8.783340454,5.886374474,5.915722847,6.967628479,1.4496577106124864
default,2,double,lookup,1,65536,8.539104462,8.5937023165,8.708190918,5.892489433,5.91066885,5.989188194,1.4539306015257476
default,2,double,lookup,2,65536,8.538627625,8.580303191999999,8.700847626,5.896242142,5.915040492999999,6.059147835,1.450590778229521
default,2,double,lookupApply,0,65536,11.635398865,11.6599082945,11.729240417,10.314558029,10.353524208,10.499556541,1.1261777207697625
default,2,double,lookupApply,1,65536,11.636352539,11.6589069365,11.739444733,10.305318832,10.3420920375,10.467125893,1.127325776470107
default,2,double,lookupApply,2,65536,11.641693115,11.6644382475,11.738586426,10.315504074,10.3552179335,10.480419159,1.1264309763838538
default,2,double,prepared,0,65536,1.930046082,1.9463062285000001,1.990127563,1.213148117,1.2279639245,1.273602486,1.5849864883388112
default,2,double,prepared,1,65536,1.933288574,1.9490242005,1.968669891,1.215145111,1.2259044645000001,1.487243652,1.5898663043819918
default,2,double,prepared,2,65536,1.936626434,1.9515514375,1.981925964,1.2138834,1.2301135065,1.262681961,1.586480781804179
default,2,double,vienot,0,65536,0.930976868,0.9705543515,1.182937622,1.224603653,1.2405376435,1.298049927,0.7823659012569094
default,2,double,vienot,1,65536,0.91753006,0.9811878205,1.130390167,1.223295212,1.2363080975,1.382016182,0.7936434473608226
default,2,float,brettel,0,65536,13.324832916,13.3554458615,13.647270203,2.162622452,2.2228927615,2.25001812,6.008137726125751
default,2,float,brettel,1,65536,14.152336121,14.193773270000001,14.321613312,2.170074463,2.185314655,2.213213921,6.495070738451622
default,2,float,brettel,2,65536,13.949680328,13.979101181,14.091777802,2.168632507,2.1765093805,2.201423645,6.422715797249926
default,2,float,lookup,0,65536,6.790161133,6.9683074954999995,7.116699219,4.517148972,4.546640396,4.704602242,1.53262780615562
default,2,float,lookup,1,65536,6.789112091,6.9502830504999995,7.116889954,4.52237606,4.539512633999999,4.600455284,1.5310637090078425
default,2,float,lookup,2,65536,6.799983978,6.9674015045,7.105445862,4.524524689,4.5404734609999995,4.605751038,1.5345099061465477
default,2,float,lookupApply,0,65536,9.707546234,9.7599983215,10.840034485,10.077752113,10.090160847,10.143961906,0.9672787648773543
default,2,float,lookupApply,1,65536,9.705257416,9.7444057465,9.85326767,10.08551693,10.107550144000001,10.149179459,0.9640719667648081
default,2,float,lookupApply,2,65536,9.707355499,9.748506546,9.791851044,10.081019402,10.1128334995,10.143745422,0.9639738008622396
default,2,float,prepared,0,65536,2.157306671,2.1821022035000004,2.220439911,0.781291008,0.7951164245,0.818334579,2.744380742571367
default,2,float,prepared,1,65536,2.176094055,2.1854400634999998,2.208423615,0.787444115,0.794739723,0.854212761,2.7498815023997483
default,2,float,prepared,2,65536,2.175521851,2.1829128265,2.213096619,0.782943726,0.7953362465,0.913757324,2.744641447068765
default,2,float,vienot,0,65536,6.872367859,6.9889068605,7.185268402,0.778530121,0.7920403485,0.819911003,8.823927813445225
default,2,float,vienot,1,65536,6.864070892,6.8829536440000005,7.050323486,0.7810812,0.7932963369999999,0.817007065,8.676396603606152
bv_compiler,2,double,brettel,0,65536,3.851890564,3.873348236,3.893280029,4.196984291,4.215123653499999,4.309948921,0.9189168703944881
bv_compiler,2,double,brettel,1,65536,3.86095047,3.8729667665000003,3.904151917,4.209529877,4.2309126855,4.288316727,0.915397469622397
bv_compiler,2,double,brettel,2,65536,3.851032257,3.8691043855,3.888702393,4.242607117,4.2641096115,4.321566582,0.9073651331723042
bv_compiler,2,double,lookup,0,65536,8.538627625,8.580255508499999,9.115505219,5.895409584,5.9301743505,6.037096024,1.4468808168813045
bv_compiler,2,double,lookup,1,65536,8.535861969,8.5780620575,8.692646027,5.892544746,5.911457539,5.946718216,1.451090869029754
bv_compiler,2,double,lookup,2,65536,8.537387848,8.563280105499999,8.785152435,5.89761734,5.9447927475,6.041472435,1.440467392088844
bv_compiler,2,double,lookupApply,0,65536,11.638450623,11.6642951965,11.792945862,10.308815956,10.3443017005,10.453156471,1.1276058582027046
bv_compiler,2,double,lookupApply,1,65536,11.632919312,11.67678833,12.215709686,10.323997498,10.359545707999999,10.534160614,1.1271525469483457
bv_compiler,2,double,lookupApply,2,65536,11.642551422,11.679220199500001,11.795139313,10.311624527,10.358748435999999,10.941101074,1.1274740642325993
bv_compiler,2,double,prepared,0,65536,1.930713654,1.952314377,1.977443695,1.214313507,1.242303848,1.425154686,1.571527271804764
bv_compiler,2,double,prepared,1,65536,1.932144165,1.945924759,1.975250244,1.2296772,1.2528519635,1.338255882,1.553196080376339
bv_compiler,2,double,prepared,2,65536,1.93157196,1.947069168,2.00958252,1.219702721,1.2389550205,1.347457886,1.571541448868926
bv_compiler,2,double,vienot,0,65536,0.92754364,0.960016251,1.247024536,1.231158257,1.2783584595,1.614308357,0.7509757876327489
bv_compiler,2,double,vienot,1,65536,0.910282135,0.9381771085,1.23167038,1.225616455,1.24591589,1.36449337,0.753001961071385
bv_compiler,2,float,brettel,0,65536,2.435779572,2.475833893,2.506160736,2.166535378,2.2210030554999998,2.244925499,1.1147368243681375
bv_compiler,2,float,brettel,1,65536,2.461433411,2.478122711,2.493095398,2.176997185,2.195253849,2.23404789,1.1288547391131347
bv_compiler,2,float,brettel,2,65536,2.452945709,2.470445633,2.49710083,2.171092987,2.1961641309999997,2.268980026,1.1248911673441773
bv_compiler,2,float,lookup,0,65536,6.796836853,6.9221973420000005,7.068252563,4.528805733,4.5499596595,5.549390793,1.5213755417692403
bv_compiler,2,float,lookup,1,65536,6.802845001,6.9442749025,7.042980194,4.541571617,4.558635235,4.742562294,1.5233232194547368
bv_compiler,2,float,lookup,2,65536,6.846618652,6.9600582125,7.067394257,4.530162811,4.566025734,4.786359787,1.5243142763461262
bv_compiler,2,float,lookupApply,0,65536,9.710121155,9.7530841825,9.822273254,10.071154594,10.102800369,10.447031975,0.9653842327150115
bv_compiler,2,float,lookupApply,1,65536,9.715175629,9.769201279,9.900474548,10.076963425,10.122873783,10.23632431,0.9650620454644072
bv_compiler,2,float,lookupApply,2,65536,9.712028503,9.751558304,9.831905365,10.07221508,10.109917641,10.16327095,0.9645536838453855
bv_compiler,2,float,prepared,0,65536,2.099704742,2.154016495,2.234268188,0.782751083,0.79637146,0.850992203,2.7047886610602543
bv_compiler,2,float,prepared,1,65536,2.171707153,2.183008194,2.20746994,0.781251907,0.7960033415000001,0.824256897,2.742461093048062
bv_compiler,2,float,prepared,2,65536,2.171897888,2.1821022035,2.21786499,0.788293839,0.8046026230000001,1.294868469,2.712024720182897
bv_compiler,2,float,vienot,0,65536,1.145172119,1.1752605434999999,1.210403442,0.780612946,0.792444229,0.84105587,1.4830829735274655
bv_compiler,2,float,vienot,1,65536,1.173114777,1.1758327485,1.219940186,0.780086517,0.7931332584999999,0.843587875,1.4825160033306055
bv_vienot_index,2,double,brettel,0,65536,3.86133194,3.8746833805,3.890419006,4.192318916,4.2044358255,4.260446548,0.9215703464897612
bv_vienot_index,2,double,brettel,1,65536,3.860092163,3.873252869,3.894615173,4.210329056,4.2303214075,4.30532074,0.9155930474060557
bv_vienot_index,2,double,brettel,2,65536,3.845405579,3.868675232,3.892326355,4.227120399,4.2447800635,4.31747818,0.9113959201952418
bv_vienot_index,2,double,lookup,0,65536,8.538913727,8.5564136505,8.608150482,5.888711929,5.926099300500001,5.989670753,1.4438525607861603
bv_vienot_index,2,double,lookup,1,65536,8.545303345,8.5708141325,8.843708038,5.887857437,5.913140774,6.214152336,1.4494520695644104
bv_vienot_index,2,double,lookup,2,65536,8.533382416,8.560466766000001,8.658790588,5.891716957,5.915000439,6.105648041,1.4472470212440505
bv_vienot_index,2,double,lookupApply,0,65536,11.599159241,11.640167236,11.884975433,10.298100471,10.326450825,10.385256767,1.1272185800584587
bv_vienot_index,2,double,lookupApply,1,65536,11.599731445,11.636400222999999,11.688709259,10.303670883,10.368718624,10.886780739,1.1222601986773713
bv_vienot_index,2,double,lookupApply,2,65536,11.60774231,11.6410255435,11.770915985,10.311486244,10.354382038499999,10.851185799,1.1242607719336568
bv_vienot_index,2,double,prepared,0,65536,1.952457428,1.9747257235,1.994609833,1.216945648,1.2269339559999999,1.333022118,1.6094800489000405
bv_vienot_index,2,double,prepared,1,65536,1.940822601,1.976490021,2.014636993,1.213458061,1.2291498184999998,1.268289566,1.608013922511107
bv_vienot_index,2,double,prepared,2,65536,1.937103271,1.9612312315,1.986980438,1.213964462,1.2238235474999999,1.309259415,1.6025441212553562
bv_vienot_index,2,double,vienot,0,65536,1.079654694,1.103782654,1.317596436,1.222458839,1.2395601274999999,1.288051605,0.8904631808592924
bv_vienot_index,2,double,vienot,1,65536,1.080989838,1.098823547,1.240730286,1.225505829,1.236120224,1.412938118,0.8889293498040851
bv_vienot_index,2,float,brettel,0,65536,2.408599854,2.4633407595,2.526473999,2.178593636,2.226140022,2.250533104,1.106552478800006
bv_vienot_index,2,float,brettel,1,65536,2.455997467,2.4713993075,2.505683899,2.174762726,2.1853165624999997,2.254268646,1.1309113516591491
bv_vienot_index,2,float,brettel,2,65536,2.45475769,2.4703979494999997,2.628040314,2.17450428,2.1863732335000003,2.214913368,1.129906784280068
bv_vienot_index,2,float,lookup,0,65536,7.109832764,7.1383953095,7.285308838,4.535847664,4.550723076,4.570512772,1.5686288069575343
bv_vienot_index,2,float,lookup,1,65536,7.107257843,7.134866714499999,7.196426392,4.536190987,4.559407711,4.776556015,1.5648670105299998
bv_vienot_index,2,float,lookup,2,65536,6.97593689,7.075023651,7.174968719,4.534691811,4.5557188985,4.625649452,1.5529982882239501
bv_vienot_index,2,float,lookupApply,0,65536,9.725952148,9.7603797915,9.884262085,10.069288254,10.098109245,10.132740021,0.9665551792611846
bv_vienot_index,2,float,lookupApply,1,65536,9.724140167,9.770917892,9.925079346,10.073233604,10.096107483,10.125775337,0.9677905973616504
bv_vienot_index,2,float,lookupApply,2,65536,9.726142883,9.7517490385,9.826087952,10.075479507,10.095276356,10.147186279,0.9659714795924503
bv_vienot_index,2,float,prepared,0,65536,2.155780792,2.1863937375,2.265357971,0.781392097,0.7922167775,0.806256294,2.7598427597047452
bv_vienot_index,2,float,prepared,1,65536,2.180862427,2.1940231325,2.262687683,0.781448364,0.7932987215,0.825232506,2.7656960398870374
bv_vienot_index,2,float,prepared,2,65536,2.180767059,2.1913051605,2.25315094,0.784988403,0.802640438,0.83747673,2.7301205580424543
bv_vienot_index,2,float,vienot,0,65536,1.07717514,1.0910987855,1.142215729,0.783851624,0.7995018955,0.818396568,1.3647232003341763
bv_vienot_index,2,float,vienot,1,65536,1.092910767,1.0961055755,1.107501984,0.782857895,0.7929096225000001,0.803137779,1.3823839998864433
bv_vienot_ref,2,double,brettel,0,65536,3.854656219,3.865861893,3.877735138,4.194939613,4.206088543,4.242235184,0.9191109158730804
bv_vienot_ref,2,double,brettel,1,65536,3.859710693,3.8738250735,3.917789459,4.214974403,4.2301330565,4.296361923,0.9157690837992676
bv_vienot_ref,2,double,brettel,2,65536,3.845596313,3.865718842,3.929710388,4.222064018,4.252070427,4.298187256,0.9091380089692951
bv_vienot_ref,2,double,lookup,0,65536,8.544254303,8.567667007499999,8.643245697,5.901618958,5.934771538,6.02579689,1.4436388920182894
bv_vienot_ref,2,double,lookup,1,65536,8.538913727,8.5765361785,8.810997009,5.902446747,5.9172673225,6.054050446,1.4494082675440931
bv_vienot_ref,2,double,lookup,2,65536,8.539772034,8.5659980775,8.82062912,5.908409119,5.9372463225,6.040820122,1.4427560542735087
bv_vienot_ref,2,double,lookupApply,0,65536,11.630535126,11.6667747495,11.790180206,10.304139137,10.3393149375,10.403860092,1.128389532577772
bv_vienot_ref,2,double,lookupApply,1,65536,11.644363403,11.6701602935,11.883640289,10.313340187,10.329603672,10.399130821,1.1297781274158454
bv_vienot_ref,2,double,lookupApply,2,65536,11.643981934,11.664581299,11.727046967,10.313445091,10.338312625499999,10.392251968,1.12828676415034
bv_vienot_ref,2,double,prepared,0,65536,1.936435699,1.957130432,2.036762238,1.217657089,1.2328267099999999,1.335551262,1.5875146248250902
bv_vienot_ref,2,double,prepared,1,65536,1.932907104,1.9559383394999998,2.027225494,1.220791817,1.229253292,1.254213333,1.591159732684287
bv_vienot_ref,2,double,prepared,2,65536,1.933002472,1.9519805909999999,2.014160156,1.212806702,1.2337398529999999,1.35648632,1.5821654672607872
bv_vienot_ref,2,double,vienot,0,65536,1.105976105,1.118040085,1.297569275,1.226011276,1.2408909795,1.410048485,0.9009978341937008
bv_vienot_ref,2,double,vienot,1,65536,1.108932495,1.1317253114999999,1.3879776,1.23043251,1.2426919939999999,1.325847626,0.9107045969268552
bv_vienot_ref,2,float,brettel,0,65536,2.425575256,2.462673187,2.496147156,2.164266586,2.229007244,2.277673721,1.1048296023393274
bv_vienot_ref,2,float,brettel,1,65536,2.460289001,2.4731159209999998,2.495002747,2.171814919,2.1873469355,2.202048302,1.1306463921484302
bv_vienot_ref,2,float,brettel,2,65536,2.458667755,2.4677753449999997,2.487182617,2.167557716,2.1766324040000002,2.233206749,1.1337584336541924
bv_vienot_ref,2,float,lookup,0,65536,6.794452667,6.9432258605,7.048988342,4.527065277,4.5581002235,4.819253922,1.5232718720626437
bv_vienot_ref,2,float,lookup,1,65536,6.803131104,6.995010376,7.062149048,4.523749352,4.552201748,4.664358139,1.536621345719847
bv_vienot_ref,2,float,lookup,2,65536,6.812763214,6.9237232209999995,7.133865356,4.529358864,4.550374508,4.598830223,1.5215721714393886
bv_vienot_ref,2,float,lookupApply,0,65536,9.720230103,9.763145447,9.895992279,10.073729515,10.106265067999999,10.162895203,0.966048820341509
bv_vienot_ref,2,float,lookupApply,1,65536,9.717559814,9.755563736,9.860992432,10.071799278,10.105247497499999,10.146556854,0.9653958241412187
bv_vienot_ref,2,float,lookupApply,2,65536,9.727573395,9.758615494,9.879970551,10.068922997,10.1042194365,10.282356262,0.9657960771069999
bv_vienot_ref,2,float,prepared,0,65536,2.155971527,2.1756649015000002,2.223491669,0.78068924,0.7957558634999999,0.861261368,2.7340859191796585
bv_vienot_ref,2,float,prepared,1,65536,2.179050446,2.194070816,2.234077454,0.781816483,0.7955875400000001,0.82890892,2.7577993692560843
bv_vienot_ref,2,float,prepared,2,65536,2.178478241,2.187919617,2.252101898,0.783432007,0.7952966690000001,0.842467308,2.751073533039027
bv_vienot_ref,2,float,vienot,0,65536,1.140880585,1.1589527130000001,1.198863983,0.780546188,0.789727211,0.822146416,1.467535494354392
bv_vienot_ref,2,float,vienot,1,65536,1.173496246,1.1805534364999999,1.195812225,0.784308434,0.7917866705000001,0.882138252,1.4909993821372367
