variant,block,scalar,mode,deficiency,n,D_min_ns,D_median_ns,D_max_ns,CPP_min_ns,CPP_median_ns,CPP_max_ns,D_over_CPP
default,0,double,brettel,0,1024,4.351806641,4.370117188,5.151367188,4.43157959,4.458465576,5.67364502,0.9801841269167624
default,0,double,brettel,1,1024,4.284667969,4.296875,4.364013672,4.42791748,4.4401245115000005,5.587463379,0.9677375012504758
default,0,double,brettel,2,1024,4.290771484,4.3182373045,4.962158203,4.454162598,4.4664001465,4.624084473,0.9668272351020532
default,0,double,lookup,0,1024,8.233642578,8.239746094,9.497070312,6.206054688,6.214904785,7.386413574,1.3258040756934941
default,0,double,lookup,1,1024,8.221435547,8.239746094,10.070800781,6.20300293,6.213684082,6.747619629,1.3260645351876128
default,0,double,lookup,2,1024,8.227539062,8.233642578,9.197998047,6.198120117,6.211547852,7.481079102,1.3255379776795768
default,0,double,lookupApply,0,1024,11.291503906,11.303710938,12.060546875,10.175537109,10.212524414,11.081420898,1.106847874214541
default,0,double,lookupApply,1,1024,11.279296875,11.30065918,11.822509766,10.172485352,10.213134766,12.254394531,1.1064829201726016
default,0,double,lookupApply,2,1024,11.279296875,11.3067626955,24.072265625,10.170654297,10.210083008000002,12.662109375,1.1074114369727168
default,0,double,prepared,0,1024,1.196289062,1.202392578,1.208496094,1.187011719,1.2130126955,2.27142334,0.9912448422515294
default,0,double,prepared,1,1024,1.202392578,1.223754883,1.965332031,1.187072754,1.2017211915,1.214599609,1.0183351110522545
default,0,double,prepared,2,1024,1.202392578,1.214599609,2.117919922,1.188293457,1.2093811035000002,1.769592285,1.0043150215303491
default,0,double,vienot,0,1024,0.872802734,0.872802734,0.87890625,1.18762207,1.2078552249999999,1.756103516,0.7226054215230969
default,0,double,vienot,1,1024,0.872802734,0.872802734,3.845214844,1.188232422,1.2005004885,1.215148926,0.7270323855432568
default,0,float,brettel,0,1024,3.564453125,3.741455078,4.998779297,2.289123535,2.301086426,3.530578613,1.6259515660625605
default,0,float,brettel,1,1024,3.881835938,3.942871094,5.450439453,2.28918457,2.30380249,3.24206543,1.7114622938010629
default,0,float,brettel,2,1024,3.753662109,3.7994384764999998,3.851318359,2.283630371,2.2940063475,3.226196289,1.6562458428419846
default,0,float,lookup,0,1024,5.938720703,5.947875976500001,7.000732422,4.372924805,4.3805541990000005,5.086853027,1.3577907511925753
default,0,float,lookup,1,1024,5.938720703,5.944824219,7.049560547,4.372924805,4.3811340335,5.530639648,1.3569144823105992
default,0,float,lookup,2,1024,5.944824219,5.960083008,7.208251953,4.375305176,4.382385254000001,4.394897461,1.360008913538572
default,0,float,lookupApply,0,1024,9.851074219,9.973144531,11.834716797,10.214050293,10.2922973635,15.072265625,0.9689910987578124
default,0,float,lookupApply,1,1024,9.875488281,9.9517822265,11.004638672,10.207885742,10.311248779500001,11.550231934,0.9651384075113517
default,0,float,lookupApply,2,1024,9.918212891,9.963989258,11.03515625,10.233581543,10.305114746000001,11.534973145,0.9668974585525686
default,0,float,prepared,0,1024,1.580810547,1.586914062,2.337646484,0.774475098,0.779052734,0.78302002,2.036979003785898
default,0,float,prepared,1,1024,1.580810547,1.586914062,2.453613281,0.773864746,0.7811584475,0.938842773,2.0314880637580255
default,0,float,prepared,2,1024,1.580810547,1.586914062,2.746582031,0.773864746,0.7784118655000001,0.784240723,2.038656053862529
default,0,float,vienot,0,1024,8.020019531,8.0474853515,9.606933594,0.773193359,0.778137207,0.783630371,10.341987607206143
default,0,float,vienot,1,1024,8.020019531,8.038330078,26.843261719,0.774475098,0.7787170409999999,0.78302002,10.322530078033827
bv_compiler,0,double,brettel,0,1024,3.637695312,3.643798828,3.656005859,4.425476074,4.432861328,5.374755859,0.8219970259353891
bv_compiler,0,double,brettel,1,1024,3.631591797,3.649902344,4.962158203,4.374755859,4.438903808499999,5.349060059,0.8222530835227494
bv_compiler,0,double,brettel,2,1024,3.643798828,3.6956787110000002,4.833984375,4.440795898,4.4536132815,5.50189209,0.8298158096374448
bv_compiler,0,double,lookup,0,1024,8.227539062,8.245849609,9.130859375,6.200561523,6.2063598634999995,7.690795898,1.3286128729812092
bv_compiler,0,double,lookup,1,1024,8.239746094,8.245849609,9.649658203,6.197509766,6.2063598634999995,6.791015625,1.3286128729812092
bv_compiler,0,double,lookup,2,1024,8.233642578,8.245849609,9.497070312,6.19744873,6.2109375,7.618713379,1.3276336477383648
bv_compiler,0,double,lookupApply,0,1024,11.291503906,11.322021484,14.404296875,10.190795898,10.230255127,11.401672363,1.106719367547206
bv_compiler,0,double,lookupApply,1,1024,11.303710938,11.358642578,12.420654297,10.173706055,10.2348327635,11.597900391,1.1098024599393348
bv_compiler,0,double,lookupApply,2,1024,11.285400391,11.334228516,29.846191406,10.186584473,10.241546631,11.219604492,1.1066911009019453
bv_compiler,0,double,prepared,0,1024,1.202392578,1.205444336,1.208496094,1.18762207,1.191925049,1.196838379,1.0113423969161002
bv_compiler,0,double,prepared,1,1024,1.202392578,1.220703125,1.232910156,1.187683105,1.1916503905,1.198059082,1.024380250056235
bv_compiler,0,double,prepared,2,1024,1.202392578,1.214599609,1.220703125,1.187011719,1.1919555665,1.196838379,1.0189973881043997
bv_compiler,0,double,vienot,0,1024,0.872802734,0.872802734,0.885009766,1.186401367,1.1907043455,1.195007324,0.7330138143012261
bv_compiler,0,double,vienot,1,1024,0.872802734,0.87890625,0.87890625,1.186462402,1.1907043455,1.972473145,0.7381397853477474
bv_compiler,0,float,brettel,0,1024,2.581787109,2.606201172,4.19921875,2.299560547,2.3160400395,4.421203613,1.1252832971586457
bv_compiler,0,float,brettel,1,1024,2.581787109,2.5970458985000002,2.612304688,2.300109863,2.3126831054999997,3.233520508,1.1229579583660778
bv_compiler,0,float,brettel,2,1024,2.581787109,2.600097656,3.497314453,2.283630371,2.2955627439999997,3.423034668,1.1326624213587604
bv_compiler,0,float,lookup,0,1024,5.944824219,6.063842773499999,23.663330078,4.374755859,4.383605957,5.436462402,1.3833001490056145
bv_compiler,0,float,lookup,1,1024,5.938720703,6.030273438,7.208251953,4.371704102,4.385437012000001,5.102111816,1.3750678487683634
bv_compiler,0,float,lookup,2,1024,5.950927734,6.002807617,7.073974609,4.37286377,4.382385254000001,9.071594238,1.3697580812916816
bv_compiler,0,float,lookupApply,0,1024,9.875488281,9.954833984,11.236572266,10.206054688,10.325897217,11.470214844,0.9640647950292299
bv_compiler,0,float,lookupApply,1,1024,9.875488281,9.967041016,12.292480469,10.167602539,10.340270996000001,13.907226562,0.9639052032442496
bv_compiler,0,float,lookupApply,2,1024,9.942626953,9.9700927735,12.457275391,10.211608887,10.382751465,11.595458984,0.9602553626665279
bv_compiler,0,float,prepared,0,1024,1.586914062,1.586914062,1.586914062,0.773864746,0.77935791,0.784851074,2.0361813765385404
bv_compiler,0,float,prepared,1,1024,1.586914062,1.586914062,9.429931641,0.773193359,0.77935791,0.784240723,2.0361813765385404
bv_compiler,0,float,prepared,2,1024,1.580810547,1.586914062,1.593017578,0.774475098,0.7790527345,0.783630371,2.0369790024785543
bv_compiler,0,float,vienot,0,1024,1.07421875,1.086425781,1.086425781,0.773864746,0.781188965,0.917541504,1.3907336504682961
bv_compiler,0,float,vienot,1,1024,1.07421875,1.086425781,1.275634766,0.774414062,0.7793579105,0.78302002,1.3940010954697302
bv_vienot_index,0,double,brettel,0,1024,3.643798828,3.649902344,4.254150391,4.432800293,4.4758911134999995,5.025756836,0.815458252098965
bv_vienot_index,0,double,brettel,1,1024,3.637695312,3.649902344,3.656005859,4.424255371,4.439819336,9.415771484,0.8220835281302986
bv_vienot_index,0,double,brettel,2,1024,3.637695312,3.6712646485000002,4.248046875,4.45300293,4.465179443,5.102783203,0.8221986810083054
bv_vienot_index,0,double,lookup,0,1024,8.227539062,8.264160156,9.326171875,6.193786621,6.203918457,7.286743164,1.332087166083782
bv_vienot_index,0,double,lookup,1,1024,8.258056641,8.288574219,9.149169922,6.19140625,6.2042236325,7.454223633,1.3359567143230309
bv_vienot_index,0,double,lookup,2,1024,8.227539062,8.258056641,9.350585938,6.193847656,6.2033081055,8.463989258,1.3312343189399558
bv_vienot_index,0,double,lookupApply,0,1024,11.279296875,11.297607422,12.634277344,10.170043945,10.2265625,14.209777832,1.1047316654056532
bv_vienot_index,0,double,lookupApply,1,1024,11.303710938,11.45324707,13.76953125,10.167541504,10.219543457,11.371765137,1.1207200319848887
bv_vienot_index,0,double,lookupApply,2,1024,11.285400391,11.325073242,30.615234375,10.177978516,10.228424072500001,12.550292969,1.107215848866536
bv_vienot_index,0,double,prepared,0,1024,1.196289062,1.202392578,1.208496094,1.188903809,1.2017211915,1.213928223,1.0005586874099823
bv_vienot_index,0,double,prepared,1,1024,1.202392578,1.208496094,2.24609375,1.188903809,1.2014160155,2.394897461,1.005893111469014
bv_vienot_index,0,double,prepared,2,1024,1.202392578,1.208496094,1.214599609,1.188232422,1.210876465,1.371032715,0.9980341751873095
bv_vienot_index,0,double,vienot,0,1024,1.043701172,1.04675293,1.049804688,1.186401367,1.1983642575000002,2.069702148,0.8734847718036182
bv_vienot_index,0,double,vienot,1,1024,1.043701172,1.049804688,1.055908203,1.185180664,1.199279785,1.212097168,0.8753626144044444
bv_vienot_index,0,float,brettel,0,1024,2.581787109,2.600097656,3.747558594,2.292175293,2.295898438,2.305603027,1.1324968095126167
bv_vienot_index,0,float,brettel,1,1024,2.581787109,2.600097656,3.106689453,2.293457031,2.295227051,2.297729492,1.1328280811552704
bv_vienot_index,0,float,brettel,2,1024,2.581787109,2.593994141,3.143310547,2.282409668,2.2851867675,3.482910156,1.1351344134719614
bv_vienot_index,0,float,lookup,0,1024,5.987548828,6.039428711,7.446289062,4.374084473,4.3778076175,6.008605957,1.3795555306856744
bv_vienot_index,0,float,lookup,1,1024,5.944824219,5.999755859,7.12890625,4.377197266,4.382080078,5.272644043,1.3691570560568838
bv_vienot_index,0,float,lookup,2,1024,6.018066406,6.0760498045,8.728027344,4.373535156,4.37902832,5.336853027,1.3875337998499175
bv_vienot_index,0,float,lookupApply,0,1024,9.875488281,9.9395751955,11.987304688,10.187744141,10.313354492,11.54107666,0.9637577379125348
bv_vienot_index,0,float,lookupApply,1,1024,9.887695312,9.924316406,29.699707031,10.174316406,10.330810547,11.475646973,0.9606522509390085
bv_vienot_index,0,float,lookupApply,2,1024,9.930419922,9.9609375,11.236572266,10.226318359,10.282775878999999,11.176757812,0.9687012162097909
bv_vienot_index,0,float,prepared,0,1024,1.586914062,1.586914062,1.586914062,0.774414062,0.777832031,1.168701172,2.040175769002241
bv_vienot_index,0,float,prepared,1,1024,1.586914062,1.586914062,2.960205078,0.773803711,0.7756652835,0.776855469,2.045874806771599
bv_vienot_index,0,float,prepared,2,1024,1.586914062,1.586914062,4.449462891,0.773803711,0.7760009765,0.778747559,2.0449897745715013
bv_vienot_index,0,float,vienot,0,1024,1.037597656,1.043701172,1.049804688,0.773254395,0.7753601075000001,1.891235352,1.3460857244322437
bv_vienot_index,0,float,vienot,1,1024,1.037597656,1.04675293,1.5625,0.774475098,0.7762756344999999,0.77935791,1.3484294540227517
bv_vienot_ref,0,double,brettel,0,1024,3.637695312,3.649902344,4.382324219,4.424865723,4.434936523499999,5.782470703,0.8229886323422596
bv_vienot_ref,0,double,brettel,1,1024,3.631591797,3.656005859,5.676269531,4.371643066,4.4401245115000005,5.448669434,0.8234016522579222
bv_vienot_ref,0,double,brettel,2,1024,3.643798828,3.692626953,22.412109375,4.372314453,4.4551086425,9.746459961,0.8288522793302453
bv_vienot_ref,0,double,lookup,0,1024,8.233642578,8.306884766,9.710693359,6.199951172,6.207275391,6.926696777,1.338249754158523
bv_vienot_ref,0,double,lookup,1,1024,8.227539062,8.248901367,9.783935547,6.198730469,6.205444336,7.405334473,1.3293006786226693
bv_vienot_ref,0,double,lookup,2,1024,8.239746094,8.303833008,9.362792969,6.195678711,6.2109375,7.799560547,1.3369693396528302
bv_vienot_ref,0,double,lookupApply,0,1024,11.279296875,11.297607422,12.475585938,10.152893066,10.227203369000001,11.464660645,1.1046624394156994
bv_vienot_ref,0,double,lookupApply,1,1024,11.279296875,11.3037109375,12.335205078,10.151062012,10.232696532999999,11.127868652,1.1046659012163633
bv_vienot_ref,0,double,lookupApply,2,1024,11.285400391,11.315917968499999,12.585449219,10.159057617,10.229919433500001,11.579589844,1.1061590506220087
bv_vienot_ref,0,double,prepared,0,1024,1.202392578,1.202392578,1.208496094,1.187683105,1.191650391,1.819091797,1.0090145457771262
bv_vienot_ref,0,double,prepared,1,1024,1.202392578,1.202392578,1.214599609,1.187011719,1.192260742,2.348388672,1.0084980035348676
bv_vienot_ref,0,double,prepared,2,1024,1.202392578,1.208496094,1.220703125,1.187011719,1.1904296875,1.196228027,1.0151763742871207
bv_vienot_ref,0,double,vienot,0,1024,1.049804688,1.055908203,1.055908203,1.187011719,1.1907348635,1.194396973,0.8867702083537761
bv_vienot_ref,0,double,vienot,1,1024,1.049804688,1.055908203,1.062011719,1.187072754,1.19039917,1.195617676,0.8870202782483458
bv_vienot_ref,0,float,brettel,0,1024,2.581787109,2.6031494139999998,2.618408203,2.294006348,2.3031921385,2.912658691,1.130235454735163
bv_vienot_ref,0,float,brettel,1,1024,2.581787109,2.600097656,3.692626953,2.294067383,2.2976989745000003,3.301391602,1.1316093556449467
bv_vienot_ref,0,float,brettel,2,1024,2.581787109,2.593994141,2.606201172,2.284851074,2.286071777,2.294006348,1.134694967628744
bv_vienot_ref,0,float,lookup,0,1024,5.938720703,6.005859375,22.979736328,4.380249023,4.3839111325,5.605834961,1.3699774455909322
bv_vienot_ref,0,float,lookup,1,1024,5.944824219,6.030273437,8.624267578,4.374755859,4.3817749025,5.459716797,1.3762170744004802
bv_vienot_ref,0,float,lookup,2,1024,5.938720703,5.963134766,7.250976562,4.375366211,4.383911133,5.839904785,1.3602316710100153
bv_vienot_ref,0,float,lookupApply,0,1024,9.857177734,9.954833984,11.376953125,10.168212891,10.300842285,15.008728027,0.9664097079222489
bv_vienot_ref,0,float,lookupApply,1,1024,9.844970703,9.954833984,14.611816406,10.187744141,10.289855957,11.470153809,0.9674415293663959
bv_vienot_ref,0,float,lookupApply,2,1024,9.942626953,9.957885742,11.029052734,10.228088379,10.293792724500001,11.588134766,0.967368005992532
bv_vienot_ref,0,float,prepared,0,1024,1.580810547,1.586914062,2.868652344,0.773864746,0.776245117,2.622314453,2.044346595226312
bv_vienot_ref,0,float,prepared,1,1024,1.580810547,1.586914062,1.751708984,0.773193359,0.775695801,0.777526855,2.045794317765038
bv_vienot_ref,0,float,prepared,2,1024,1.586914062,1.586914062,2.807617188,0.774475098,0.775695801,1.505554199,2.045794317765038
bv_vienot_ref,0,float,vienot,0,1024,1.07421875,1.0803222655,1.086425781,0.773254395,0.775695801,0.777526855,1.3927138242946349
bv_vienot_ref,0,float,vienot,1,1024,1.07421875,1.0833740235,1.092529297,0.773254395,0.775695801,0.835571289,1.3966480443794487
default,1,double,brettel,0,1024,4.333496094,4.357910156,5.706787109,4.434020996,4.47467041,5.646118164,0.9739064012985037
default,1,double,brettel,1,1024,4.284667969,4.336547851500001,5.944824219,4.42364502,4.437988281,5.745178223,0.9771427000079544
default,1,double,brettel,2,1024,4.290771484,4.330444336,22.521972656,4.454162598,4.463684082,4.651611328,0.9701502741788347
default,1,double,lookup,0,1024,8.221435547,8.258056641,11.968994141,6.195068359,6.213989258,7.915100098,1.3289460760442144
default,1,double,lookup,1,1024,8.227539062,8.264160156,9.954833984,6.202392578,6.2189025875,6.730529785,1.3288775695909711
default,1,double,lookup,2,1024,8.221435547,8.2611083985,9.967041016,6.201171875,6.2115783695,7.868652344,1.3299531788995165
default,1,double,lookupApply,0,1024,11.297607422,11.325073242,12.921142578,10.194519043,10.222930907999999,11.378479004,1.1078107975020661
default,1,double,lookupApply,1,1024,11.279296875,11.3067626955,11.828613281,10.19140625,10.230895996000001,11.574707031,1.1051585999819207
default,1,double,lookupApply,2,1024,11.285400391,11.328125,12.902832031,10.192016602,10.225646973,11.541687012,1.1078149900843444
default,1,double,prepared,0,1024,1.202392578,1.202392578,1.214599609,1.189453125,1.2011413575,2.236572266,1.0010416929632697
default,1,double,prepared,1,1024,1.202392578,1.202392578,1.214599609,1.18951416,1.2014160155,1.214599609,1.0008128429181906
default,1,double,prepared,2,1024,1.202392578,1.208496094,1.391601562,1.188842773,1.211486816,1.700500488,0.9975313623223119
default,1,double,vienot,0,1024,0.872802734,0.872802734,0.891113281,1.188232422,1.1998901370000001,1.213989258,0.7274022071572374
default,1,double,vienot,1,1024,0.872802734,0.872802734,0.87890625,1.185852051,1.1989440915,1.213928223,0.7279761751926528
default,1,float,brettel,0,1024,3.588867188,3.692626953,4.00390625,2.291564941,2.2962036135000004,2.305664062,1.608144387235544
default,1,float,brettel,1,1024,3.894042969,3.924560547,5.432128906,2.294616699,2.297393799,2.301330566,1.708266361956869
default,1,float,brettel,2,1024,3.753662109,3.790283203,4.364013672,2.283630371,2.2888793945000003,2.378356934,1.6559558411455653
default,1,float,lookup,0,1024,5.938720703,6.051635742,7.098388672,4.374694824,4.379333495999999,5.776367188,1.3818622736833015
default,1,float,lookup,1,1024,5.944824219,6.036376953,7.476806641,4.374755859,4.3860473634999995,5.476806641,1.376268072988401
default,1,float,lookup,2,1024,5.950927734,6.011962891,7.452392578,4.372924805,4.3820800785,4.389404297,1.3719427265824669
default,1,float,lookupApply,0,1024,9.826660156,9.957885742,10.894775391,10.175537109,10.303619385000001,11.479980469,0.9664454178593476
default,1,float,lookupApply,1,1024,9.851074219,9.9609375,13.415527344,10.186584473,10.309112549,12.789916992,0.9662264770759755
default,1,float,lookupApply,2,1024,9.930419922,9.963989258,11.279296875,10.236694336,10.3564453125,15.415222168,0.9621051391034418
default,1,float,prepared,0,1024,1.580810547,1.586914062,2.05078125,0.773803711,0.7760009765,0.778137207,2.0449897745715013
default,1,float,prepared,1,1024,1.580810547,1.586914062,20.574951172,0.774475098,0.776611328,0.844726562,2.043382583778124
default,1,float,prepared,2,1024,1.580810547,1.586914062,2.136230469,0.773864746,0.7759704590000001,0.780578613,2.045070200281941
default,1,float,vienot,0,1024,8.032226562,8.038330078,9.484863281,0.773864746,0.7762756344999999,0.778076172,10.354994696152607
default,1,float,vienot,1,1024,8.038330078,8.087158203,8.953857422,0.773193359,0.776306152,0.778686523,10.417485655839553
bv_compiler,1,double,brettel,0,1024,3.637695312,3.643798828,4.724121094,4.430969238,4.435913086,5.311218262,0.8214315198149488
bv_compiler,1,double,brettel,1,1024,3.643798828,4.0191650395,9.338378906,4.375976562,4.440124512000001,5.318481445,0.905191966720234
bv_compiler,1,double,brettel,2,1024,3.637695312,3.674316406,6.646728516,4.437683105,4.4545288085,5.428527832,0.8248496224760693
bv_compiler,1,double,lookup,0,1024,8.233642578,10.348510742,18.225097656,6.199951172,6.2075805665,7.261108398,1.6670763482067488
bv_compiler,1,double,lookup,1,1024,8.233642578,9.6282958985,35.595703125,6.199951172,6.206970215,7.278808594,1.5512070406318197
bv_compiler,1,double,lookup,2,1024,8.233642578,9.750366210500001,13.372802734,6.196289062,6.2045288085,7.595458984,1.5714918104888675
bv_compiler,1,double,lookupApply,0,1024,11.279296875,11.395263672,21.307373047,10.169433594,10.2283935545,12.109558105,1.1140814646290798
bv_compiler,1,double,lookupApply,1,1024,11.291503906,12.994384765500001,21.478271484,10.166320801,10.2299499515,13.148071289,1.2702295541137674
bv_compiler,1,double,lookupApply,2,1024,11.285400391,13.003540039,21.856689453,10.165161133,10.229034424,11.555114746,1.2712382713748898
bv_compiler,1,double,prepared,0,1024,1.208496094,1.214599609,1.7578125,1.18951416,1.19317627,1.196228027,1.017954881888491
bv_compiler,1,double,prepared,1,1024,1.202392578,1.208496094,4.486083984,1.18951416,1.192565918,2.507995605,1.0133578997685226
bv_compiler,1,double,prepared,2,1024,1.202392578,1.208496094,2.9296875,1.18951416,1.192871094,1.195617676,1.013098649199056
bv_compiler,1,double,vienot,0,1024,0.872802734,0.872802734,0.87890625,1.185852051,1.1907043455,2.868591309,0.7330138143012261
bv_compiler,1,double,vienot,1,1024,0.872802734,0.881958008,8.038330078,1.185852051,1.191619873,1.195007324,0.74013368523269
bv_compiler,1,float,brettel,0,1024,2.581787109,2.6031494139999998,4.547119141,2.291625977,2.295898438,3.406555176,1.133826031201821
bv_compiler,1,float,brettel,1,1024,2.581787109,2.600097656,3.668212891,2.293457031,2.295288086,2.297729492,1.1327979576329315
bv_compiler,1,float,brettel,2,1024,2.587890625,2.600097656,3.137207031,2.277526855,2.2830200195000003,3.176086426,1.138885175684724
bv_compiler,1,float,lookup,0,1024,5.944824219,6.018066406,10.876464844,4.376586914,4.387573242,9.381530762,1.3716161700486549
bv_compiler,1,float,lookup,1,1024,5.95703125,6.051635742,7.379150391,4.376525879,4.3842163085,5.961608887,1.3803232587468945
bv_compiler,1,float,lookup,2,1024,5.950927734,6.0485839845000005,6.622314453,4.374145508,4.38482666,5.649841309,1.379435141570682
bv_compiler,1,float,lookupApply,0,1024,9.869384766,9.954833984,11.62109375,10.205505371,11.816467285,17.327209473,0.8424543261450751
bv_compiler,1,float,lookupApply,1,1024,9.893798828,9.948730469,11.047363281,10.209777832,10.286804199,11.31427002,0.9671352031729284
bv_compiler,1,float,lookupApply,2,1024,9.930419922,9.98840332,11.004638672,10.185913086,10.330810547,15.277648926,0.966855724878293
bv_compiler,1,float,prepared,0,1024,1.586914062,1.586914062,1.593017578,0.774475098,0.775390625,0.778137207,2.0465994955768263
bv_compiler,1,float,prepared,1,1024,1.586914062,1.586914062,2.844238281,0.773193359,0.775695801,0.778137207,2.045794317765038
bv_compiler,1,float,prepared,2,1024,1.586914062,1.586914062,1.586914062,0.774475098,0.7760009765,0.778137207,2.0449897745715013
bv_compiler,1,float,vienot,0,1024,1.07421875,1.0803222655,1.086425781,0.772644043,0.7762756344999999,1.704162598,1.3916735467239505
bv_compiler,1,float,vienot,1,1024,1.07421875,1.0833740235,1.086425781,0.773254395,0.7765808105,1.993286133,1.3950563918808034
bv_vienot_index,1,double,brettel,0,1024,3.637695312,3.649902344,4.974365234,4.429138184,4.4557495115000005,6.896789551,0.8191444188188404
bv_vienot_index,1,double,brettel,1,1024,3.637695312,3.643798828,3.991699219,4.37286377,4.4199523925,5.462219238,0.8243977546416525
bv_vienot_index,1,double,brettel,2,1024,3.649902344,3.692626953,3.729248047,4.44140625,4.480194092,5.370483398,0.8242113795011005
bv_vienot_index,1,double,lookup,0,1024,8.227539062,8.239746094,9.356689453,6.194458008,6.2112426755,7.075866699,1.3265857614131469
bv_vienot_index,1,double,lookup,1,1024,8.233642578,8.251953125,9.86328125,6.194458008,6.2112426755,7.188354492,1.3285510736119683
bv_vienot_index,1,double,lookup,2,1024,8.227539062,8.258056641,10.430908203,6.198120117,6.2100219725,7.875366211,1.329795076018952
bv_vienot_index,1,double,lookupApply,0,1024,11.279296875,11.328125,12.780761719,10.188964844,10.384613037000001,11.496459961,1.0908567280878256
bv_vienot_index,1,double,lookupApply,1,1024,11.273193359,11.30065918,12.377929688,10.188415527,10.378479003999999,15.340637207,1.0888550408633655
bv_vienot_index,1,double,lookupApply,2,1024,11.279296875,11.303710938,12.133789062,10.182861328,10.380615234,11.635803223,1.088924951285792
bv_vienot_index,1,double,prepared,0,1024,1.202392578,1.202392578,1.251220703,1.191894531,1.198364258,1.201171875,1.0033615154767075
bv_vienot_index,1,double,prepared,1,1024,1.202392578,1.202392578,1.727294922,1.19317627,1.1974487305000001,2.798278809,1.0041286506671026
bv_vienot_index,1,double,prepared,2,1024,1.202392578,1.208496094,21.313476562,1.19317627,1.198364258,1.208435059,1.0084547214524817
bv_vienot_index,1,double,vienot,0,1024,1.043701172,1.043701172,1.129150391,1.190063477,1.196838379,1.200500488,0.8720485491717341
bv_vienot_index,1,double,vienot,1,1024,1.043701172,1.04675293,1.049804688,1.190673828,1.1962280275000001,1.20111084,0.8750446452818962
bv_vienot_index,1,float,brettel,0,1024,2.587890625,2.6092529300000002,2.618408203,2.292785645,2.2955627439999997,3.944458008,1.136650669566713
bv_vienot_index,1,float,brettel,1,1024,2.587890625,2.606201172,20.965576172,2.293395996,2.296783447,3.327697754,1.1347178487393548
bv_vienot_index,1,float,brettel,2,1024,2.587890625,2.5970458985000002,2.612304688,2.281188965,2.286071777,3.727416992,1.1360299027478875
bv_vienot_index,1,float,lookup,0,1024,5.938720703,5.996704101500001,7.965087891,4.37109375,4.3857421875,4.394348145,1.3673179692576265
bv_vienot_index,1,float,lookup,1,1024,5.963134766,6.005859375,7.556152344,4.373535156,4.388214111,5.861938477,1.3686340782563515
bv_vienot_index,1,float,lookup,2,1024,5.950927734,6.011962891,8.184814453,4.377197266,4.387573242,5.515991211,1.370225078740691
bv_vienot_index,1,float,lookupApply,0,1024,9.893798828,9.979248047,12.933349609,10.199401855,10.324981689,11.821655273,0.9665148421165399
bv_vienot_index,1,float,lookupApply,1,1024,9.881591797,9.967041016,12.860107422,10.196350098,10.264495849500001,11.712219238,0.971020999193595
bv_vienot_index,1,float,lookupApply,2,1024,9.942626953,9.9609375,13.269042969,10.190795898,10.3341674805,11.478759766,0.9638838850633819
bv_vienot_index,1,float,prepared,0,1024,1.586914062,1.586914062,1.586914062,0.773864746,0.775695801,0.777526855,2.045794317765038
bv_vienot_index,1,float,prepared,1,1024,1.586914062,1.586914062,1.599121094,0.773254395,0.775695801,0.778747559,2.045794317765038
bv_vienot_index,1,float,prepared,2,1024,1.586914062,1.586914062,2.447509766,0.772644043,0.7756652835,0.782409668,2.045874806771599
bv_vienot_index,1,float,vienot,0,1024,1.037597656,1.043701172,1.049804688,0.772033691,0.776306152,1.026306152,1.3444453187844891
bv_vienot_index,1,float,vienot,1,1024,1.037597656,1.043701172,1.049804688,0.774475098,0.7772216795,1.054382324,1.3428616307659236
bv_vienot_ref,1,double,brettel,0,1024,3.637695312,3.643798828,5.224609375,4.41998291,4.4731445315,5.756164551,0.8145944765120541
bv_vienot_ref,1,double,brettel,1,1024,3.61328125,3.643798828,5.187988281,4.420593262,4.4318847654999995,5.668151855,0.8221781523664935
bv_vienot_ref,1,double,brettel,2,1024,3.61328125,3.659057617,3.7109375,4.412658691,4.427612305,5.253723145,0.8264177992431521
bv_vienot_ref,1,double,lookup,0,1024,8.221435547,8.364868164,9.411621094,6.196899414,6.2066650395,7.13458252,1.3477234731961405
bv_vienot_ref,1,double,lookup,1,1024,8.233642578,8.267211914,11.419677734,6.196899414,6.206359863,7.288024902,1.3320548754006403
bv_vienot_ref,1,double,lookup,2,1024,8.227539062,8.239746094,9.997558594,6.200561523,6.211608887,7.724975586,1.3265075512472457
bv_vienot_ref,1,double,lookupApply,0,1024,11.279296875,11.315917969,12.103271484,10.163330078,10.35647583,12.855895996,1.092641759103106
bv_vienot_ref,1,double,lookupApply,1,1024,11.285400391,11.303710938,12.908935547,10.163269043,10.3604125975,11.370544434,1.091048337276415
bv_vienot_ref,1,double,lookupApply,2,1024,11.291503906,11.315917969,13.122558594,10.160827637,10.362609863500001,12.347290039,1.0919949817717074
bv_vienot_ref,1,double,prepared,0,1024,1.202392578,1.202392578,1.202392578,1.185180664,1.2001953125,1.213317871,1.0018307566086249
bv_vienot_ref,1,double,prepared,1,1024,1.196289062,1.202392578,1.208496094,1.185241699,1.211486816,1.225524902,0.992493324830371
bv_vienot_ref,1,double,prepared,2,1024,1.196289062,1.205444336,20.715332031,1.185852051,1.20022583,1.215820312,1.0043479367545356
bv_vienot_ref,1,double,vienot,0,1024,1.049804688,1.055908203,1.062011719,1.184631348,1.1974487305000001,1.215148926,0.8817982566644843
bv_vienot_ref,1,double,vienot,1,1024,1.049804688,1.0528564455,2.856445312,1.185852051,1.2072143555000001,1.348999023,0.8721371152548392
bv_vienot_ref,1,float,brettel,0,1024,2.581787109,2.5970458985000002,3.814697266,2.295227051,2.3129577635,3.582580566,1.1228246098926224
bv_vienot_ref,1,float,brettel,1,1024,2.587890625,2.600097656,3.466796875,2.293395996,2.314208984,3.461547852,1.1235362380738212
bv_vienot_ref,1,float,brettel,2,1024,2.587890625,2.593994141,2.764892578,2.268371582,2.2885437015,6.669372559,1.133469349656638
bv_vienot_ref,1,float,lookup,0,1024,5.950927734,5.963134766,8.282470703,4.374755859,4.381439209,4.537963867,1.3609990876402
bv_vienot_ref,1,float,lookup,1,1024,5.938720703,5.95703125,10.711669922,4.374145508,4.377197266,5.35333252,1.3609236431429317
bv_vienot_ref,1,float,lookup,2,1024,5.938720703,6.005859375,7.098388672,4.372314453,4.3775024415,5.241516113,1.3719831011543708
bv_vienot_ref,1,float,lookupApply,0,1024,9.954833984,9.973144531,11.151123047,10.260559082,10.346069336,11.510498047,0.9639549288827617
bv_vienot_ref,1,float,lookupApply,1,1024,9.887695312,9.9609375,29.919433594,10.226257324,10.33203125,11.33996582,0.9640831758034026
bv_vienot_ref,1,float,lookupApply,2,1024,9.948730469,9.976196289,11.041259766,10.248901367,10.3525390625,11.580200195,0.9636472974187341
bv_vienot_ref,1,float,prepared,0,1024,1.586914062,1.586914062,2.691650391,0.772644043,0.778442383,0.784240723,2.038576131844558
bv_vienot_ref,1,float,prepared,1,1024,1.586914062,1.586914062,2.362060547,0.772033691,0.7787475585,0.78302002,2.037777254874052
bv_vienot_ref,1,float,prepared,2,1024,1.580810547,1.586914062,3.851318359,0.773254395,0.776611328,0.784240723,2.043382583778124
bv_vienot_ref,1,float,vienot,0,1024,1.07421875,1.0833740235,1.092529297,0.773864746,0.7775268555,0.782409668,1.3933589763961536
bv_vienot_ref,1,float,vienot,1,1024,1.07421875,1.0833740235,1.086425781,0.773803711,0.7781066895,0.783630371,1.3923206651727418
default,2,double,brettel,0,1024,4.339599609,4.452514648499999,5.108642578,4.429138184,4.4331359865,6.402832031,1.0043713213533292
default,2,double,brettel,1,1024,4.302978516,4.312133789,5.017089844,4.374755859,4.411102295,7.08013916,0.977563769919328
default,2,double,brettel,2,1024,4.272460938,4.321289062,24.475097656,4.435913086,4.451171875,5.821594238,0.9708205352101799
default,2,double,lookup,0,1024,8.221435547,8.236694336,9.930419922,6.196289062,6.2033081055,7.254943848,1.3277906233122858
default,2,double,lookup,1,1024,8.221435547,8.233642578,9.289550781,6.195678711,6.206390381,7.06060791,1.3266394913227098
default,2,double,lookup,2,1024,8.227539062,8.2427978515,9.661865234,6.195678711,6.2075805665,7.732971191,1.327859987187812
default,2,double,lookupApply,0,1024,11.291503906,11.422729492,14.996337891,10.177978516,10.228088378999999,11.719604492,1.1168000381628302
default,2,double,lookupApply,1,1024,11.285400391,11.30065918,12.591552734,10.179199219,10.23425293,11.391906738,1.1041997161193866
default,2,double,lookupApply,2,1024,11.285400391,11.309814453,13.659667969,10.173095703,10.2284545895,11.651733398,1.1057207473561126
default,2,double,prepared,0,1024,1.196289062,1.202392578,1.776123047,1.190124512,1.193145752,1.199890137,1.007749955095176
default,2,double,prepared,1,1024,1.202392578,1.208496094,1.214599609,1.18951416,1.1934814455,2.359436035,1.012580546230201
default,2,double,prepared,2,1024,1.202392578,1.208496094,1.214599609,1.189453125,1.1928405765,1.198059082,1.0131245682016754
default,2,double,vienot,0,1024,0.872802734,0.875854492,0.87890625,1.187683105,1.191955566,1.195617676,0.7348046495887581
default,2,double,vienot,1,1024,0.872802734,0.872802734,0.87890625,1.185852051,1.19039917,1.194396973,0.7332017326591381
default,2,float,brettel,0,1024,3.576660156,3.6895751949999998,3.759765625,2.292236328,2.294677734,2.849060059,1.607883817553964
default,2,float,brettel,1,1024,3.894042969,3.958129883,4.071044922,2.29284668,2.294067383,3.390014648,1.7253764699029333
default,2,float,brettel,2,1024,3.753662109,3.7750244139999998,5.975341797,2.281799316,2.2869873045,2.825195312,1.6506538565264692
default,2,float,lookup,0,1024,5.926513672,6.045532226500001,7.049560547,4.375976562,4.3854370115000005,5.297729492,1.3785472714912348
default,2,float,lookup,1,1024,5.950927734,6.002807617,7.385253906,4.376586914,4.385131836,8.79284668,1.3689001474755205
default,2,float,lookup,2,1024,5.950927734,6.0760498045,7.098388672,4.378417969,4.3897705075,5.981689453,1.3841383721811795
default,2,float,lookupApply,0,1024,9.869384766,9.963989258,11.560058594,10.198791504,10.3042297365,11.375427246,0.96698050342426
default,2,float,lookupApply,1,1024,9.887695312,9.9395751955,11.42578125,10.178588867,10.299316405999999,11.485473633,0.9650713507266921
default,2,float,lookupApply,2,1024,9.942626953,9.976196289,11.566162109,10.177368164,10.2736206055,10.86505127,0.9710497079928402
default,2,float,prepared,0,1024,1.580810547,1.586914062,1.586914062,0.77142334,0.775695801,0.780517578,2.045794317765038
default,2,float,prepared,1,1024,1.580810547,1.586914062,1.586914062,0.773254395,0.775695801,0.77935791,2.045794317765038
default,2,float,prepared,2,1024,1.580810547,1.7150878905,2.313232422,0.773864746,0.775634766,1.883300781,2.2112055385872167
default,2,float,vienot,0,1024,8.026123047,8.038330078,8.978271484,0.773193359,0.7759704590000001,1.935852051,10.359067132992493
default,2,float,vienot,1,1024,8.032226562,8.044433594,9.100341797,0.772583008,0.775695801,0.779296875,10.37060350672183
bv_compiler,2,double,brettel,0,1024,3.631591797,3.6468505860000002,6.091308594,4.430358887,4.446563721,5.510437012,0.8201503036551222
bv_compiler,2,double,brettel,1,1024,3.637695312,3.656005859,4.949951172,4.399780273,4.441375732,8.898010254,0.8231696842621465
bv_compiler,2,double,brettel,2,1024,3.637695312,3.674316406,3.704833984,4.453613281,4.4621276855000005,4.469482422,0.823444926943698
bv_compiler,2,double,lookup,0,1024,8.233642578,8.285522461,9.86328125,6.190185547,6.2088012695,7.583862305,1.3344802162861364
bv_compiler,2,double,lookup,1,1024,8.233642578,8.251953125,9.436035156,6.196899414,6.2084960935,7.499511719,1.3291388124797892
bv_compiler,2,double,lookup,2,1024,8.227539062,8.233642578,9.997558594,6.199279785,6.2075805665,7.695678711,1.3263851334340953
bv_compiler,2,double,lookupApply,0,1024,11.291503906,11.4044189455,12.664794922,10.192687988,10.257751465,11.651672363,1.111785461405698
bv_compiler,2,double,lookupApply,1,1024,11.291503906,11.3067626955,12.457275391,10.176757812,10.2577819825,13.176147461,1.1022619426684623
bv_compiler,2,double,lookupApply,2,1024,11.279296875,11.3067626955,12.59765625,10.181640625,10.259277343499999,11.407836914,1.1021012803268897
bv_compiler,2,double,prepared,0,1024,1.202392578,1.2115478515,1.232910156,1.188293457,1.1965332035,1.204162598,1.0125484591284892
bv_compiler,2,double,prepared,1,1024,1.202392578,1.214599609,2.655029297,1.188232422,1.1962280275000001,1.203552246,1.015357925978707
bv_compiler,2,double,prepared,2,1024,1.214599609,1.2298583985,20.5078125,1.18951416,1.1959228515,1.204833984,1.0283760335856413
bv_compiler,2,double,vienot,0,1024,0.872802734,0.872802734,0.885009766,1.186401367,1.1943664555,1.202331543,0.7307662819738326
bv_compiler,2,double,vienot,1,1024,0.872802734,0.872802734,1.947021484,1.184631348,1.194091797,1.202941895,0.7309343688590803
bv_compiler,2,float,brettel,0,1024,2.581787109,2.6031494139999998,2.618408203,2.303161621,2.31451416,4.124694824,1.1247066269838677
bv_compiler,2,float,brettel,1,1024,2.581787109,2.606201172,22.412109375,2.302612305,2.316040039,2.90222168,1.1252832974015783
bv_compiler,2,float,brettel,2,1024,2.581787109,2.600097656,2.606201172,2.292175293,2.304382324,3.495788574,1.128327373856388
bv_compiler,2,float,lookup,0,1024,5.993652344,6.008911133,9.216308594,4.375976562,4.379638672,4.387573242,1.3720107029413864
bv_compiler,2,float,lookup,1,1024,5.987548828,6.011962891,6.988525391,4.37286377,4.3833007815,4.558105469,1.371560655014566
bv_compiler,2,float,lookup,2,1024,5.950927734,6.024169922,8.477783203,4.374755859,4.383605957,5.800231934,1.3742498712458975
bv_compiler,2,float,lookupApply,0,1024,9.881591797,9.9609375,11.291503906,10.215270996,10.3244018555,11.653564453,0.9647956016641899
bv_compiler,2,float,lookupApply,1,1024,9.875488281,9.9517822265,11.175537109,10.237915039,10.3124389645,11.742797852,0.9650270184151838
bv_compiler,2,float,lookupApply,2,1024,9.954833984,9.979248047,10.815429688,10.182312012,10.292877197,11.571044922,0.9695294965637586
bv_compiler,2,float,prepared,0,1024,1.586914062,1.586914062,2.972412109,0.775695801,0.779052734,0.783630371,2.036979003785898
bv_compiler,2,float,prepared,1,1024,1.586914062,1.586914062,1.586914062,0.775024414,0.7790527345,0.784240723,2.0369790024785543
bv_compiler,2,float,prepared,2,1024,1.586914062,1.586914062,3.106689453,0.775695801,0.7793579105,0.785461426,2.0361813752322204
bv_compiler,2,float,vienot,0,1024,1.07421875,1.077270508,2.459716797,0.773254395,0.7802734375,0.793395996,1.380632040290363
bv_compiler,2,float,vienot,1,1024,1.07421875,1.0803222655,1.086425781,0.775695801,0.7787475585,1.794677734,1.3872560545562211
bv_vienot_index,2,double,brettel,0,1024,3.637695312,3.656005859,4.223632812,4.423034668,4.462158203,5.336242676,0.8193357771452371
bv_vienot_index,2,double,brettel,1,1024,3.637695312,3.674316406,5.230712891,4.365600586,4.4618530275,5.39855957,0.8234956156901337
bv_vienot_index,2,double,brettel,2,1024,3.637695312,3.6468505860000002,4.223632812,4.444458008,4.4679870605,4.496398926,0.8162178038160862
bv_vienot_index,2,double,lookup,0,1024,8.239746094,8.251953125,9.582519531,6.199951172,6.2082214355000005,7.25012207,1.32919761492615
bv_vienot_index,2,double,lookup,1,1024,8.221435547,8.233642578,11.059570312,6.197509766,6.208190918,7.483581543,1.326254731330413
bv_vienot_index,2,double,lookup,2,1024,8.239746094,8.258056641,9.918212891,6.194458008,6.2145996095000005,8.963439941,1.32881555689867
bv_vienot_index,2,double,lookupApply,0,1024,11.285400391,11.325073242,12.475585938,10.210998535,10.448791503999999,11.490356445,1.0838644103162116
bv_vienot_index,2,double,lookupApply,1,1024,11.279296875,11.315917969,11.987304688,10.207946777,10.44329834,17.600402832,1.0835578569710764
bv_vienot_index,2,double,lookupApply,2,1024,11.291503906,11.328125,30.847167969,10.195678711,10.4442138675,11.861999512,1.0846316576540556
bv_vienot_index,2,double,prepared,0,1024,1.208496094,1.214599609,2.380371094,1.18951416,1.1971435549999998,1.206604004,1.01458142085558
bv_vienot_index,2,double,prepared,1,1024,1.196289062,1.202392578,1.208496094,1.191345215,1.1956176755,1.206604004,1.0056664455860997
bv_vienot_index,2,double,prepared,2,1024,1.202392578,1.208496094,2.325439453,1.192565918,1.198669434,1.206054688,1.008197973287104
bv_vienot_index,2,double,vienot,0,1024,1.043701172,1.049804688,1.055908203,1.187011719,1.1943969724999999,1.205383301,0.8789411830161016
bv_vienot_index,2,double,vienot,1,1024,1.043701172,1.049804688,1.055908203,1.188293457,1.199584961,1.34967041,0.8751399209980593
bv_vienot_index,2,float,brettel,0,1024,2.587890625,2.600097656,3.881835938,2.292785645,2.3215637205,2.39855957,1.1199768643179915
bv_vienot_index,2,float,brettel,1,1024,2.581787109,2.6123046875,21.734619141,2.291625977,2.3243103025,2.976806641,1.123905308465155
bv_vienot_index,2,float,brettel,2,1024,2.581787109,2.5970458985000002,3.192138672,2.28302002,2.3212280275,3.490234375,1.1188241171191873
bv_vienot_index,2,float,lookup,0,1024,5.950927734,6.005859375,9.185791016,4.377197266,4.383605957,4.394897461,1.3700728199370862
bv_vienot_index,2,float,lookup,1,1024,5.932617188,6.008911133,6.616210938,4.377197266,4.3863525395,4.394287109,1.3699106669809435
bv_vienot_index,2,float,lookup,2,1024,5.987548828,6.042480469,6.628417969,4.372924805,4.3829956055,5.612548828,1.3786188745928918
bv_vienot_index,2,float,lookupApply,0,1024,9.881591797,9.899902344,15.197753906,10.265380859,10.345458984,13.558227539,0.9569321534511821
bv_vienot_index,2,float,lookupApply,1,1024,9.906005859,9.948730469,11.614990234,10.190795898,10.365661621000001,11.872375488,0.9597776613549364
bv_vienot_index,2,float,lookupApply,2,1024,9.875488281,9.9609375,11.572265625,10.252563477,10.338745117,11.475097656,0.9634571108268477
bv_vienot_index,2,float,prepared,0,1024,1.586914062,1.586914062,95.135498047,0.774475098,0.7817993165,0.788513184,2.0298227799742516
bv_vienot_index,2,float,prepared,1,1024,1.586914062,1.586914062,3.7109375,0.773864746,0.781494141,0.787902832,2.0306154310630973
bv_vienot_index,2,float,prepared,2,1024,1.586914062,1.586914062,1.586914062,0.773864746,0.7817993165,0.787963867,2.0298227799742516
bv_vienot_index,2,float,vienot,0,1024,1.031494141,1.040649414,1.049804688,0.77746582,0.783630371,1.804992676,1.3279850456434135
bv_vienot_index,2,float,vienot,1,1024,1.037597656,1.043701172,1.635742188,0.776306152,0.78302002,1.309265137,1.33291760790484
bv_vienot_ref,2,double,brettel,0,1024,3.637695312,3.649902344,4.418945312,4.429748535,4.456939697499999,13.748901367,0.8189256736067834
bv_vienot_ref,2,double,brettel,1,1024,3.637695312,3.649902344,4.461669922,4.374145508,4.4245605470000005,5.064819336,0.8249186117420758
bv_vienot_ref,2,double,brettel,2,1024,3.637695312,3.692626953,4.455566406,4.438293457,4.4847717285,5.325866699,0.8233701014332462
bv_vienot_ref,2,double,lookup,0,1024,8.233642578,8.248901367,9.47265625,6.217041016,6.2292785644999995,7.502502441,1.3242145589715024
bv_vienot_ref,2,double,lookup,1,1024,8.245849609,8.306884765500001,9.545898438,6.224365234,6.229888916,6.762329102,1.3333921162166675
bv_vienot_ref,2,double,lookup,2,1024,8.227539062,8.258056641,9.356689453,6.218322754,6.2283325195,7.950561523,1.3258856387556748
bv_vienot_ref,2,double,lookupApply,0,1024,11.291503906,11.383056641,11.962890625,10.166992188,10.438079834,11.580200195,1.0905316707697448
bv_vienot_ref,2,double,lookupApply,1,1024,11.291503906,11.309814453,12.384033203,10.174316406,10.437744141,11.626037598,1.0835496923683408
bv_vienot_ref,2,double,lookupApply,2,1024,11.291503906,11.303710938,31.268310547,10.176757812,10.435028076,11.575317383,1.083246815981063
bv_vienot_ref,2,double,prepared,0,1024,1.196289062,1.2115478515,1.898193359,1.187072754,1.1922302245,1.195007324,1.0162029334628733
bv_vienot_ref,2,double,prepared,1,1024,1.202392578,1.202392578,1.208496094,1.187072754,1.191955566,1.196228027,1.008756208954185
bv_vienot_ref,2,double,prepared,2,1024,1.202392578,1.208496094,1.214599609,1.188232422,1.191955566,1.193786621,1.0138767991624948
bv_vienot_ref,2,double,vienot,0,1024,1.049804688,1.055908203,1.068115234,1.186401367,1.1910095215,1.194396973,0.8865657108014984
bv_vienot_ref,2,double,vienot,1,1024,1.049804688,1.055908203,2.282714844,1.185852051,1.191925049,2.705383301,0.8858847323377295
bv_vienot_ref,2,float,brettel,0,1024,2.587890625,2.606201172,3.619384766,2.294067383,2.297363281,3.559936523,1.1344314560758404
bv_vienot_ref,2,float,brettel,1,1024,2.581787109,2.600097656,2.612304688,2.293457031,2.29586792,3.35760498,1.1325118633131126
bv_vienot_ref,2,float,brettel,2,1024,2.587890625,2.593994141,6.384277344,2.282470703,2.2867126465,5.098449707,1.1343769602928988
bv_vienot_ref,2,float,lookup,0,1024,6.005859375,6.045532226500001,7.897949219,4.391235352,4.4025268555,4.41204834,1.3731959906042193
bv_vienot_ref,2,float,lookup,1,1024,5.999755859,6.018066406,7.556152344,4.384521484,4.4172363279999995,7.16204834,1.3624053501173687
bv_vienot_ref,2,float,lookup,2,1024,5.95703125,6.011962891,8.660888672,4.390014648,4.4144592285,5.932800293,1.3618798090118094
bv_vienot_ref,2,float,lookupApply,0,1024,9.899902344,9.942626953,11.480712891,10.154174805,10.3142700195,12.011169434,0.9639680689183647
bv_vienot_ref,2,float,lookupApply,1,1024,9.881591797,9.973144531500001,24.627685547,10.198120117,10.316772461,11.36505127,0.9666923031598303
bv_vienot_ref,2,float,lookupApply,2,1024,9.948730469,9.973144531,11.071777344,10.164489746,10.2849731445,14.726928711,0.969681144605929
bv_vienot_ref,2,float,prepared,0,1024,1.586914062,1.586914062,1.586914062,0.773193359,0.776916504,0.778137207,2.0425799346901248
bv_vienot_ref,2,float,prepared,1,1024,1.586914062,1.586914062,2.203369141,0.773864746,0.7759704590000001,0.778747559,2.045070200281941
bv_vienot_ref,2,float,prepared,2,1024,1.586914062,1.586914062,1.586914062,0.773254395,0.776916504,0.777526855,2.0425799346901248
bv_vienot_ref,2,float,vienot,0,1024,1.07421875,1.080322266,1.086425781,0.773864746,0.7762756344999999,1.390563965,1.3916735473680517
bv_vienot_ref,2,float,vienot,1,1024,1.07421875,1.080322266,1.092529297,0.773864746,0.7759704590000001,0.778137207,1.3922208680369363
default,0,double,brettel,0,8191,4.377518008,4.453821267,5.168019778,4.260880845,4.380127579,4.49204157,1.0168245528630984
default,0,double,brettel,1,8191,4.320290563,4.4129990235,5.412190209,4.278224576,4.3985853375,4.550497497,1.0032768912943706
default,0,double,brettel,2,8191,4.277560737,4.3538639969999995,4.887986815,4.287167318,4.4411472960000005,4.594051398,0.9803466777427954
default,0,double,lookup,0,8191,8.29797949,8.328882310000001,8.439903553,6.202768282,6.2783771825,6.335879319,1.3265979516514976
default,0,double,lookup,1,8191,8.293401294,8.339564765999999,9.10908314,6.202302832,6.292893877499999,6.66760011,1.3252352460316854
default,0,double,lookup,2,8191,8.296453424,8.3807685265,8.571908192,6.200395251,6.271425955,6.383256013,1.3363417804236837
default,0,double,lookupApply,0,8191,11.368422659,11.4351880115,11.803351239,10.244406971,10.4212664815,10.487028446,1.0972935037982119
default,0,double,lookupApply,1,8191,11.359266268,11.423361006,11.603436699,10.241499817,10.4202783545,10.64559425,1.0962625581942174
default,0,double,lookupApply,2,8191,11.384446344,11.4702875105,11.646166524,10.314789098,10.438308814500001,10.547857404,1.0988645492617026
default,0,double,prepared,0,8191,1.186515688,1.189186302,1.31928336,1.149523868,1.1690880235,1.229688072,1.0171914159550022
default,0,double,prepared,1,8191,1.186515688,1.191093884,1.293340251,1.148837138,1.1693550844999998,1.666554755,1.0185904177338019
default,0,double,prepared,2,8191,1.185752655,1.194146014,3.445092174,1.149447564,1.1690117205,1.288678122,1.021500463219693
default,0,double,vienot,0,8191,0.864515932,0.866041997,1.239164937,1.147616286,1.168817147,1.232816506,0.7409559307226693
default,0,double,vienot,1,8191,0.865278965,0.866041997,1.30478574,1.147921499,1.1690117199999999,1.225254853,0.7408326043129834
default,0,float,brettel,0,8191,3.588542303,3.7598431205000002,3.982267122,2.207583018,2.2132332745000003,2.404430167,1.6988010996488385
default,0,float,brettel,1,8191,3.927328775,3.9925680625,4.906299597,2.207048895,2.2134659990000003,2.34222775,1.8037629962708994
default,0,float,brettel,2,8191,3.816689049,3.912068124,4.723934806,2.219272677,2.2214167985,2.391290746,1.7610689388149057
default,0,float,lookup,0,8191,5.974545233,6.0996825784999995,8.303320718,4.371451898,4.4397280555,4.922185936,1.3738865313932063
default,0,float,lookup,1,8191,5.998962276,6.0313911615,6.809302893,4.36610304,4.435947229,4.559814125,1.3596625140330316
default,0,float,lookup,2,8191,6.030246612,6.097774997,6.157673056,4.368773654,4.4291066415,4.453371078,1.3767505482629054
default,0,float,lookupApply,0,8191,9.965205714,10.017091930500001,10.517641314,10.312721279,10.410076608499999,10.891573068,0.9622495882807318
default,0,float,lookupApply,1,8191,9.92018679,9.973599071999999,10.678641192,10.311424124,10.375156422,10.612730436,0.9612962606377173
default,0,float,lookupApply,2,8191,9.92018679,9.9827554635,10.523745574,10.303709864,10.3608228545,10.867346783,0.9635099068568869
default,0,float,prepared,0,8191,1.570321084,1.570321084,1.816780613,0.760873215,0.762403095,1.056296545,2.059699251352068
default,0,float,prepared,1,8191,1.570321084,1.570321084,1.723690636,0.760415395,0.7618308205,0.912945611,2.061246462789963
default,0,float,prepared,2,8191,1.570321084,1.570321084,1.638230985,0.760720608,0.762826578,0.829958186,2.058555809784593
default,0,float,vienot,0,8191,8.143083873,8.162922720000001,8.685600049,0.760873215,0.761868972,0.925779819,10.714339368056061
default,0,float,vienot,1,8191,8.14232084,8.1518587475,8.333078989,0.761331034,0.761788854,0.83590984,10.700942531117684
bv_compiler,0,double,brettel,0,8191,3.641954584,3.657215236,4.35462703,4.265237761,4.393728635,4.515344586,0.8323716687614686
bv_compiler,0,double,brettel,1,8191,3.650347943,3.719783909,3.957087047,4.276393298,4.437782322,4.695374496,0.838207834250776
bv_compiler,0,double,brettel,2,8191,3.651110975,3.696511415,3.831949701,4.290150775,4.452760652,4.796941765,0.8301617140233388
bv_compiler,0,double,lookup,0,8191,8.293401294,8.3491026735,9.508149188,6.194970089,6.26404743,6.473125992,1.3328607049675547
bv_compiler,0,double,lookup,1,8191,8.298742522,8.312095592999999,8.997680381,6.196343548,6.2774958795,6.362623611,1.3241100834720188
bv_compiler,0,double,lookup,2,8191,8.304846783,8.372375168,8.616927115,6.195275302,6.302599652,6.450349469,1.3284002840547233
bv_compiler,0,double,lookupApply,0,8191,11.373763887,11.559943840999999,14.819619094,10.239973752,10.4837016235,10.923132096,1.1026586082045222
bv_compiler,0,double,lookupApply,1,8191,11.366896594,11.442436821000001,11.925436455,10.244559578,10.4751442135,11.032871444,1.0923416983847714
bv_compiler,0,double,lookupApply,2,8191,11.358503235,11.462657185,11.984952997,10.307830241,10.468185356,10.562065071,1.0949994478680112
bv_compiler,0,double,prepared,0,8191,1.18422659,1.187278721,1.262818948,1.151889269,1.196026889,1.264299231,0.9926856427054792
bv_compiler,0,double,prepared,1,8191,1.189567818,1.191093884,1.402453913,1.151744293,1.1941154925,1.257813454,0.9974695843752317
bv_compiler,0,double,prepared,2,8191,1.188041753,1.1918569165,3.50842388,1.152431022,1.1970569835,1.294866317,0.9956559570081652
bv_compiler,0,double,vienot,0,8191,0.864515932,0.8656604809999999,0.942345257,1.148913442,1.174593304,1.35767916,0.7369874134749876
bv_compiler,0,double,vienot,1,8191,0.864515932,0.8656604809999999,1.020937614,1.148608229,1.1760430655,1.30946313,0.7360788957434653
bv_compiler,0,float,brettel,0,8191,2.563789525,2.591640215,2.756836772,2.206201929,2.210986143,2.802092235,1.1721648383935621
bv_compiler,0,float,brettel,1,8191,2.588206568,2.594310829,3.25280796,2.206362166,2.212165029,2.28231443,1.1727474193789003
bv_compiler,0,float,brettel,2,8191,2.589732633,2.595455378,3.071969235,2.218814858,2.2212222255,2.550764559,1.1684807347071091
bv_compiler,0,float,lookup,0,8191,5.937919668,6.0603864000000005,8.617690148,4.365568917,4.430636522,4.549352948,1.3678365106023924
bv_compiler,0,float,lookup,1,8191,5.941734831,6.057334269,6.161488219,4.367255219,4.4297590345,4.529941399,1.3674184581653457
bv_compiler,0,float,lookup,2,8191,5.937919668,6.0207087045000005,6.12944085,4.366560859,4.425970577499999,4.437553412,1.3603137660035656
bv_compiler,0,float,lookupApply,0,8191,9.91713466,10.0815681845,12.093303626,10.327234159,10.404193627,10.55267214,0.9689908267698178
bv_compiler,0,float,lookupApply,1,8191,9.916371627,10.0022127945,10.725949213,10.313179099,10.351006439999999,10.507737151,0.9663034075457498
bv_compiler,0,float,lookupApply,2,8191,9.936210475,9.980847881999999,10.665669637,10.307753937,10.356435417,11.257294592,0.9637338987907482
bv_compiler,0,float,prepared,0,8191,1.570321084,1.5707026005,1.891557807,0.760873215,0.7623267920000001,0.891542547,2.0604058744664977
bv_compiler,0,float,prepared,1,8191,1.570321084,1.570321084,1.673330485,0.760796911,0.7626281895,0.942589427,2.059091318181597
bv_compiler,0,float,prepared,2,8191,1.570321084,1.570321084,1.658069833,0.760644305,0.762632005,0.837138323,2.0590810164071205
bv_compiler,0,float,vienot,0,8191,1.068245635,1.077783543,1.217036992,0.761025821,0.7616743985000001,0.880997436,1.4150187338875089
bv_compiler,0,float,vienot,1,8191,1.078165059,1.080454157,1.226193383,0.761102124,0.762139849,0.821244354,1.4176586599134773
bv_vienot_index,0,double,brettel,0,8191,3.651110975,3.7155872299999997,4.321816628,4.261643877,4.4072114209999995,4.647547613,0.8430698859363843
bv_vienot_index,0,double,brettel,1,8191,3.650347943,3.6728574045,3.799139299,4.277003724,4.4745376025,4.715175192,0.8208350740974694
bv_vienot_index,0,double,brettel,2,8191,3.651874008,3.7178763275,5.949365157,4.301687828,4.431937491999999,4.558066781,0.8388828439505438
bv_vienot_index,0,double,lookup,0,8191,8.297216457,8.3155292395,8.381913075,6.198945489,6.2676413135,6.294843426,1.326739809055284
bv_vienot_index,0,double,lookup,1,8191,8.298742522,8.318199853500001,8.931296545,6.196877671,6.2778430595,6.335879319,1.3250092069301436
bv_vienot_index,0,double,lookup,2,8191,8.295690392,8.373901233,8.57419729,6.199929801,6.343059455500001,6.810264314,1.320167545605942
bv_vienot_index,0,double,lookupApply,0,8191,11.37452692,11.4122970335,11.570626297,10.236074655,10.392229276,10.633133927,1.0981567794944405
bv_vienot_index,0,double,lookupApply,1,8191,11.376052985,11.4500671465,11.891099988,10.244712184,10.4045713285,10.545331767,1.1004842760927784
bv_vienot_index,0,double,lookupApply,2,8191,11.379868148,11.485548162499999,11.982663899,10.296522097,10.4665104995,11.367186546,1.0973617389528898
bv_vienot_index,0,double,prepared,0,8191,1.188804786,1.190330851,1.265108045,1.148615859,1.208636003,1.276378037,0.9848547023631894
bv_vienot_index,0,double,prepared,1,8191,1.185752655,1.188041753,1.278842632,1.149218655,1.209131974,1.271410695,0.982557552481033
bv_vienot_index,0,double,prepared,2,8191,1.189567818,1.191093884,1.372695642,1.149142351,1.2088191305,1.286236418,0.9853367256914041
bv_vienot_index,0,double,vienot,0,8191,1.037724332,1.039250397,1.115553656,1.148226712,1.207869155,1.284092296,0.8603998145809096
bv_vienot_index,0,double,vienot,1,8191,1.038487364,1.039250397,1.229245513,1.147837566,1.2080217615,1.272791784,0.860291122330084
bv_vienot_index,0,float,brettel,0,8191,2.563026492,2.592021731,2.730893664,2.207201502,2.210329935,2.413601819,1.1726854393798907
bv_vienot_index,0,float,brettel,1,8191,2.588969601,2.6042302525,3.294774753,2.211176901,2.214725003,2.292027835,1.175870705831373
bv_vienot_index,0,float,brettel,2,8191,2.58591747,2.5924032475,3.133774875,2.219501587,2.2206079845,2.301420767,1.1674294902995743
bv_vienot_index,0,float,lookup,0,8191,5.99133195,6.1065498715,8.430747162,4.370070809,4.432280857,4.564560188,1.377744341687145
bv_vienot_index,0,float,lookup,1,8191,6.005066536,6.0806067635000005,6.227109022,4.368552375,4.4289960015,4.536587413,1.372908614376856
bv_vienot_index,0,float,lookup,2,8191,5.936393603,6.044744231499999,7.199975583,4.370536259,4.4325479185,4.846454951,1.3637177403703231
bv_vienot_index,0,float,lookupApply,0,8191,9.957575388,10.046468685,10.441338054,10.326623733,10.394522189,10.674322427,0.9665156803101227
bv_vienot_index,0,float,lookupApply,1,8191,9.946129899,9.985807594,10.778598462,10.326249847,10.374156849,10.512628189,0.9625657043119187
bv_vienot_index,0,float,lookupApply,2,8191,9.942314736,9.986570625999999,10.659565377,10.295301245,10.370223416,10.812332133,0.9630043852856564
bv_vienot_index,0,float,prepared,0,8191,1.570321084,1.570321084,1.848064949,0.760033879,0.762174185,0.912716701,2.0603178576561207
bv_vienot_index,0,float,prepared,1,8191,1.570321084,1.570321084,1.842723721,0.761254731,0.7625557009999999,0.837214626,2.0592870552809623
bv_vienot_index,0,float,prepared,2,8191,1.570321084,1.570321084,1.65425467,0.760796911,0.7625137344999999,0.831255341,2.0594003923479494
bv_vienot_index,0,float,vienot,0,8191,1.031620071,1.0388688805,2.026614577,0.760949518,0.7621360335,0.874275119,1.363101644373307
bv_vienot_index,0,float,vienot,1,8191,1.038487364,1.041921011,1.215510927,0.760796911,0.761788854,0.931815407,1.3677293984141174
bv_vienot_ref,0,double,brettel,0,8191,3.640428519,3.687355024,4.269167379,4.263482786,4.382420492,4.586947564,0.8413969017193068
bv_vienot_ref,0,double,brettel,1,8191,3.651110975,3.6667531435000003,3.829660603,4.275927848,4.4370192895,4.672071481,0.8264000907494815
bv_vienot_ref,0,double,brettel,2,8191,3.651110975,3.7201654255000003,4.306555976,4.289837932,4.417798498,4.519854108,0.8420858097498498
bv_vienot_ref,0,double,lookup,0,8191,8.30103162,8.31133256,8.463557563,6.195962031,6.2782207605,6.313568246,1.3238356657178272
bv_vienot_ref,0,double,lookup,1,8191,8.29797949,8.312858625,8.994628251,6.197259187,6.2670308875,6.574067574,1.3264429000311035
bv_vienot_ref,0,double,lookup,2,8191,8.301794653,8.348339640999999,9.589030643,6.203599988,6.3393167805,8.232068734,1.3169147291518601
bv_vienot_ref,0,double,lookupApply,0,8191,11.366896594,11.4111524845,11.510346722,10.226452814,10.341838603500001,11.29282902,1.1033968834746763
bv_vienot_ref,0,double,lookupApply,1,8191,11.370711757,11.435569528,11.805640337,10.226445184,10.357351055999999,10.69006379,1.1041017598196974
bv_vienot_ref,0,double,lookupApply,2,8191,11.37452692,11.461512635999998,11.987242095,10.231336223,10.354253144000001,11.595134904,1.1069376493505592
bv_vienot_ref,0,double,prepared,0,8191,1.185752655,1.1926199485,1.276553534,1.148379319,1.1724148455,1.232976743,1.0172337488539587
bv_vienot_ref,0,double,prepared,1,8191,1.189567818,1.191093884,1.273501404,1.149066048,1.172452997,1.694146014,1.0158990484460335
bv_vienot_ref,0,double,prepared,2,8191,1.186515688,1.188041753,1.345226468,1.149455195,1.172029514,1.379540044,1.0136619759218792
bv_vienot_ref,0,double,vienot,0,8191,1.04611769,1.049169821,1.135392504,1.147616286,1.1721096325,1.233045416,0.8951123614283581
bv_vienot_ref,0,double,vienot,1,8191,1.047643755,1.049169821,1.132340374,1.148303016,1.1719913625,1.245421804,0.8952026905403068
bv_vienot_ref,0,float,brettel,0,8191,2.574471981,2.5908771825,2.899523868,2.206354535,2.212054389,2.966090831,1.1712538332618727
bv_vienot_ref,0,float,brettel,1,8191,2.586680503,2.5920217315,2.772860457,2.205438896,2.2134659990000003,2.483213283,1.1710239654329562
bv_vienot_ref,0,float,brettel,2,8191,2.585154438,2.5924032475,3.2116042,2.218662251,2.22156559,2.288128739,1.166926270000428
bv_vienot_ref,0,float,lookup,0,8191,5.946313026,6.076410084,7.052710292,4.36656849,4.428347424,4.566689049,1.372162005868851
bv_vienot_ref,0,float,lookup,1,8191,5.958521548,6.0626754975,6.565895495,4.367178916,4.42872894,4.554617873,1.3689425520587404
bv_vienot_ref,0,float,lookup,2,8191,6.011170797,6.0924337685,6.852795751,4.367629105,4.427241027,4.441834025,1.376124256923137
bv_vienot_ref,0,float,lookupApply,0,8191,9.947655964,10.022051642000001,10.238371383,10.300032047,10.4121367965,10.530963863,0.9625355330875863
bv_vienot_ref,0,float,lookupApply,1,8191,9.93773654,10.000305213,10.579446954,10.309974362,10.3761063975,10.724827555,0.9637820613914924
bv_vienot_ref,0,float,lookupApply,2,8191,9.917897693,9.9869521425,10.699243072,10.310653461,10.345390519999999,10.427725552,0.9653528422337412
bv_vienot_ref,0,float,prepared,0,8191,1.570321084,1.5707026005,1.766420461,0.759957575,0.7628570995,0.833697046,2.0589735633705013
bv_vienot_ref,0,float,prepared,1,8191,1.570321084,1.571084117,1.671804419,0.760568001,0.762479398,0.831560554,2.0604938587468564
bv_vienot_ref,0,float,prepared,2,8191,1.570321084,1.571084117,1.638230985,0.760720608,0.7625595165,0.823533451,2.0602773724613272
bv_vienot_ref,0,float,vienot,0,8191,1.067482603,1.0785465754999999,1.216273959,0.761559944,0.7620215785,0.979886461,1.4153753724705054
bv_vienot_ref,0,float,vienot,1,8191,1.078165059,1.080454157,1.252136491,0.760957148,0.7621360335,0.832705103,1.4176657571722069
default,1,double,brettel,0,8191,4.366072519,4.439323648,5.204645342,4.262559517,4.384068642500001,4.514352643,1.012603590410138
default,1,double,brettel,1,8191,4.312660237,4.3862928825,4.736143328,4.274943536,4.4355695275,4.6329508,0.9888905709414562
default,1,double,brettel,2,8191,4.273745574,4.3538639969999995,4.852887315,4.289227506,4.450357099,4.538960444,0.978317896776939
default,1,double,lookup,0,8191,8.289586131,8.308661946,8.373519717,6.195969662,6.2707010745,6.46419088,1.3249972925335944
default,1,double,lookup,1,8191,8.294164327,8.320107435,8.878647296,6.194893786,6.2656993960000005,6.624740569,1.3278816791484644
default,1,double,lookup,2,8191,8.288060066,8.357114516,8.543675986,6.198487669,6.295884965,6.497504883,1.3273931405130113
default,1,double,lookupApply,0,8191,11.361555366,11.396654864999999,11.570626297,10.236387498,10.421468685,11.373916494,1.0935747359106514
default,1,double,lookupApply,1,8191,11.367659626,11.416875228999999,11.49508607,10.232946221,10.3684341045,10.576211696,1.1011185598454991
default,1,double,lookupApply,2,8191,11.369185692,11.4657093155,11.773592968,10.263589611,10.4282673055,10.991377732,1.099483641875275
default,1,double,prepared,0,8191,1.185752655,1.187278721,1.265871078,1.149066048,1.172071481,1.23969143,1.0129746694177948
default,1,double,prepared,1,8191,1.18422659,1.188804786,1.400927848,1.148150409,1.1721783055000001,1.248565499,1.0141842588469574
default,1,double,prepared,2,8191,1.184989623,1.1888047855,3.507660847,1.148837138,1.172407215,1.3024356,1.0139862415466283
default,1,double,vienot,0,8191,0.864515932,0.866041997,1.106397265,1.148303016,1.1716861495000002,1.24321664,0.7391416185721498
default,1,double,vienot,1,8191,0.865278965,0.866041997,1.243743133,1.147768893,1.171987547,1.244048346,0.738951535122412
default,1,float,brettel,0,8191,3.582438042,3.7483976315,3.92275058,2.207506715,2.2167088875000003,2.824945062,1.6909742423270722
default,1,float,brettel,1,8191,3.921224515,3.9998168725000003,5.769289464,2.207277805,2.21652576,2.367903797,1.8045433735450924
default,1,float,brettel,2,8191,3.815162984,3.884217434,4.477475278,2.220569833,2.230088664,2.308143084,1.7417322892593294
default,1,float,lookup,0,8191,5.946313026,6.0844219265,8.35978513,4.37030735,4.4306021855,4.665196557,1.3732720004545758
default,1,float,lookup,1,8191,5.950128189,6.0367323895,6.085184959,4.365652851,4.429266878,4.545530155,1.3629190915282663
default,1,float,lookup,2,8191,5.937919668,6.0237608355,6.739103895,4.366721096,4.430335124000001,4.541638689,1.3596625688355035
default,1,float,lookupApply,0,8191,9.948418996,10.091106092499999,10.562660237,10.32419729,10.4231855085,10.823182456,0.9681403141362884
default,1,float,lookupApply,1,8191,9.956812355,9.990004273,10.757996582,10.339625809,10.375923269000001,10.547628495,0.9628062981968066
default,1,float,lookupApply,2,8191,9.952234159,9.992293371,10.767152973,10.306075266,10.3666028265,10.539380112,0.963892756212946
default,1,float,prepared,0,8191,1.570321084,1.570321084,1.838145526,0.761025821,0.7631241609999999,1.098019167,2.0577530685730707
default,1,float,prepared,1,8191,1.570321084,1.570321084,1.710719082,0.761483641,0.763547644,0.825669943,2.0566117862319016
default,1,float,prepared,2,8191,1.570321084,1.570321084,1.637467953,0.760415395,0.7626701565,0.90262941,2.0589780137804565
default,1,float,vienot,0,8191,8.151477231,8.1785648885,9.089244293,0.760644305,0.7621741855,0.916684471,10.73057188775649
default,1,float,vienot,1,8191,8.134690514,8.151477231,8.343761445,0.761109755,0.762055915,0.834238799,10.696691765721678
bv_compiler,1,double,brettel,0,8191,3.639665487,3.6793431815,4.290532292,4.260117812,4.386891863,4.503197107,0.8387129877835332
bv_compiler,1,double,brettel,1,8191,3.651874008,3.696892931,3.818978147,4.27387529,4.3975132765,4.551344463,0.8406780602018724
bv_compiler,1,double,brettel,2,8191,3.654926138,3.723599072,3.812110853,4.286946038,4.4484418875,4.612547308,0.8370569215399243
bv_compiler,1,double,lookup,0,8191,8.307135881,8.3342235385,9.97283604,6.201921316,6.298479276,6.791928641,1.32321202837915
bv_compiler,1,double,lookup,1,8191,8.29797949,8.331171407500001,9.081613967,6.195962031,6.278766329,6.775965999,1.326880309117489
bv_compiler,1,double,lookup,2,8191,8.319344402,8.381531558999999,8.726040776,6.192215541,6.2688278295,6.391290746,1.3370173478936505
bv_compiler,1,double,lookupApply,0,8191,11.362318398,11.435188011000001,11.617934318,10.225766085,10.4009507385,10.665921438,1.0994368013562148
bv_compiler,1,double,lookupApply,1,8191,11.367659626,11.43633256,11.530948602,10.23080973,10.4625427295,10.54166921,1.0930739167023251
bv_compiler,1,double,lookupApply,2,8191,11.375289952,11.462657185000001,11.725521914,10.258317055,10.4626571845,10.544042241,1.0955780145393144
bv_compiler,1,double,prepared,0,8191,1.188804786,1.190330851,1.271975339,1.151278843,1.17157551,1.233281956,1.0160086489004878
bv_compiler,1,double,prepared,1,8191,1.185752655,1.188804786,1.289525089,1.150828653,1.1716479975,1.23572366,1.014643296055307
bv_compiler,1,double,prepared,2,8191,1.188804786,1.191856916,3.475613478,1.15074472,1.171647998,1.242598584,1.0172482844971327
bv_compiler,1,double,vienot,0,8191,0.864515932,0.866041997,0.945397387,1.149447564,1.171495391,1.258492553,0.739261975466022
bv_compiler,1,double,vienot,1,8191,0.864515932,0.8656604809999999,0.953790746,1.149752777,1.171953211,1.24390337,0.7386476464033511
bv_compiler,1,float,brettel,0,8191,2.575998047,2.59011415,2.949884019,2.207735624,2.2113676595,2.376533696,1.1712725104181165
bv_compiler,1,float,brettel,1,8191,2.588206568,2.592021731,3.291722622,2.207735624,2.211100598,2.362478635,1.1722767084159598
bv_compiler,1,float,brettel,2,8191,2.586680503,2.594310829,3.481717739,2.218051825,2.2268381455,2.291562386,1.1650199338656875
bv_compiler,1,float,lookup,0,8191,5.988279819,6.099301062,8.378860945,4.365347638,4.428156666,4.694321511,1.3773905311054775
bv_compiler,1,float,lookup,1,8191,5.99743621,6.082514345,6.12944085,4.362898303,4.4280460260000005,4.497161519,1.373633948085796
bv_compiler,1,float,lookup,2,8191,5.969967037,6.037495422,6.156910023,4.363508729,4.427012117,4.449479612,1.363785610347811
bv_compiler,1,float,lookupApply,0,8191,9.973599072,10.081949701,10.367323892,10.303633561,10.407024478,10.546331339,0.9687639077156784
bv_compiler,1,float,lookupApply,1,8191,9.956049322,10.021670126,12.81742156,10.315933647,10.380051276,10.670812477,0.9654740482035361
bv_compiler,1,float,lookupApply,2,8191,9.961390551,10.011369185500001,10.719081919,10.323426627,10.381314095,11.011552314,0.9643643467373579
bv_compiler,1,float,prepared,0,8191,1.570321084,1.570321084,2.276889269,0.760796911,0.7627464595,1.456110365,2.0587720394394045
bv_compiler,1,float,prepared,1,8191,1.570321084,1.570321084,1.728268832,0.761254731,0.7623267915,0.860906788,2.059905412625131
bv_compiler,1,float,prepared,2,8191,1.570321084,1.570321084,1.676382615,0.761254731,0.7623267915,0.832476193,2.059905412625131
bv_compiler,1,float,vienot,0,8191,1.067482603,1.078165059,1.709193017,0.760949518,0.7620940665,0.897730741,1.4147401303773306
bv_compiler,1,float,vienot,1,8191,1.075112929,1.0800726405,1.257477719,0.761178428,0.7620597305000001,0.831324014,1.4173070656697033
bv_vienot_index,1,double,brettel,0,8191,3.645769747,3.6873550235,4.307319009,4.261269991,4.385514589,4.869078867,0.8408032737478143
bv_vienot_index,1,double,brettel,1,8191,3.651110975,3.686210475,3.813636919,4.338298132,4.5699090465,6.255570138,0.8066266609448591
bv_vienot_index,1,double,brettel,2,8191,3.651110975,3.686210475,3.816689049,4.251022464,4.437709834,4.524363631,0.8306560394638007
bv_vienot_index,1,double,lookup,0,8191,8.30103162,8.314384690499999,8.51849591,6.198335063,6.288353833,9.555907398,1.322187795296728
bv_vienot_index,1,double,lookup,1,8191,8.306372848,8.3159107555,9.001495544,6.202531742,6.280216091,6.399386522,1.324144047752958
bv_vienot_index,1,double,lookup,2,8191,8.297216457,8.3185813695,8.746642657,6.200708094,6.302187614499999,6.395029606,1.3199514007422923
bv_vienot_index,1,double,lookupApply,0,8191,11.370711757,11.404666707499999,12.001739714,10.212466427,10.352082316,10.506516298,1.101678518327964
bv_vienot_index,1,double,lookupApply,1,8191,11.359266268,11.425650103999999,11.775882066,10.231114943,10.353722836,10.504990233,1.1035306126094953
bv_vienot_index,1,double,lookupApply,2,8191,11.369185692,11.429846783,11.672872665,10.268411977,10.353116225,10.422689537,1.104000624990569
bv_vienot_index,1,double,prepared,0,8191,1.187278721,1.189567818,1.265871078,1.149684105,1.171651813,1.237173422,1.0152912365271098
bv_vienot_index,1,double,prepared,1,8191,1.187278721,1.190330851,1.275027469,1.149218655,1.1721058174999999,1.23572366,1.015548965995982
bv_vienot_index,1,double,prepared,2,8191,1.184989623,1.1884232694999999,3.489348065,1.147921499,1.171304633,1.379234831,1.01461501646771
bv_vienot_index,1,double,vienot,0,8191,1.037724332,1.039250397,1.114027591,1.147845196,1.171415273,1.238554511,0.8871750445411855
bv_vienot_index,1,double,vienot,1,8191,1.037724332,1.039250397,1.12547308,1.171224515,1.3383477295000001,2.147440789,0.7765174730697668
bv_vienot_index,1,float,brettel,0,8191,2.576761079,2.589732633,2.77972775,2.206736052,2.2144999085,2.45364577,1.16944354933578
bv_vienot_index,1,float,brettel,1,8191,2.587443536,2.5924032475,2.723263338,2.207201502,2.213618606,2.470836894,1.1711155844431858
bv_vienot_index,1,float,brettel,2,8191,2.586680503,2.59316628,3.216945428,2.219959407,2.5043454704999997,3.382637956,1.0354666760422104
bv_vienot_index,1,float,lookup,0,8191,5.987516787,6.0870925405000005,8.117903797,4.365263704,4.4270464535,4.628822793,1.3749782398799038
bv_vienot_index,1,float,lookup,1,8191,5.99438408,6.0767916005,8.20107435,4.371612135,4.9377403555,6.100216701,1.2306826934978963
bv_vienot_index,1,float,lookup,2,8191,5.948602124,6.071450372499999,6.586497375,4.364653278,4.432090099,4.44779331,1.3698842390117214
bv_vienot_index,1,float,lookupApply,0,8191,9.988096691,10.0647814675,10.248290807,10.30500702,10.375160236500001,10.623664693,0.970084436102675
bv_vienot_index,1,float,lookupApply,1,8191,9.948418996,9.9865706265,10.68703455,10.306388109,10.355824990999999,12.333780979,0.9643433174256123
bv_vienot_index,1,float,lookupApply,2,8191,9.943840801,9.99649005,10.996825784,10.328775485,10.405193199500001,19.466678366,0.9607212339392563
bv_vienot_index,1,float,prepared,0,8191,1.570321084,1.570321084,1.884690514,0.760339092,0.7622161515,0.898348797,2.0602044195858267
bv_vienot_index,1,float,prepared,1,8191,1.570321084,1.570321084,2.215846661,0.760568001,0.7620597305000001,0.852574472,2.0606272988203775
bv_vienot_index,1,float,prepared,2,8191,1.570321084,1.570321084,2.105969967,0.761491271,0.8387063545,1.083964107,1.8723133258435327
bv_vienot_index,1,float,vienot,0,8191,1.031620071,1.0388688805,1.193382981,0.760568001,0.762212337,0.900798132,1.3629651870880173
bv_vienot_index,1,float,vienot,1,8191,1.039250397,1.041539495,1.202539372,0.761331034,0.762097882,0.831560554,1.3666741761132466
bv_vienot_ref,1,double,brettel,0,8191,3.641954584,3.6934592845000003,4.677389818,4.264779941,4.3949914539999995,4.673605176,0.8403791732378647
bv_vienot_ref,1,double,brettel,1,8191,3.652637041,3.717876328,3.904437798,4.268450128,4.3996116165,4.656337749,0.8450464841161737
bv_vienot_ref,1,double,brettel,2,8191,3.651110975,3.71558723,6.156910023,4.249114882,4.4409985044999996,4.627754548,0.8366558165320365
bv_vienot_ref,1,double,lookup,0,8191,8.300268587,8.308280429500002,8.398699792,6.203073495,6.27738524,6.457842449,1.323525657874074
bv_vienot_ref,1,double,lookup,1,8191,8.307898913,8.378860945,9.114424368,6.206667379,6.2776141495,6.776423819,1.3347206033150922
bv_vienot_ref,1,double,lookup,2,8191,8.29797949,8.308661946,8.681021853,6.199327005,6.3030269505,6.74134721,1.318201875265804
bv_vienot_ref,1,double,lookupApply,0,8191,11.375289952,11.4279392015,11.838450739,10.24249939,10.3469623675,10.466556281,1.104472868036649
bv_vienot_ref,1,double,lookupApply,1,8191,11.376816018,11.440147722999999,11.621749481,10.244178061,10.35112471,10.491995788,1.1052081820585078
bv_vienot_ref,1,double,lookupApply,2,8191,11.373763887,11.42603162,12.070412648,10.246863936,10.463420217,16.571053595,1.0919977773076568
bv_vienot_ref,1,double,prepared,0,8191,1.186515688,1.189186302,1.274264437,1.148379319,1.175886644,1.441513551,1.0113103232083314
bv_vienot_ref,1,double,prepared,1,8191,1.188041753,1.190330851,1.266634111,1.148074106,1.1764245815,1.244124649,1.0118207913356152
bv_vienot_ref,1,double,prepared,2,8191,1.185752655,1.1907123675,1.418477597,1.14723477,1.1757340374999998,1.288678122,1.0127395563301451
bv_vienot_ref,1,double,vienot,0,8191,1.045354658,1.049169821,1.130051276,1.149066048,1.1762719755,1.245505738,0.8919449267283849
bv_vienot_ref,1,double,vienot,1,8191,1.047643755,1.0487883045,1.141496765,1.147768893,1.1760430655,1.319016298,0.8917941317515468
bv_vienot_ref,1,float,brettel,0,8191,2.574471981,2.590495666,2.730893664,2.209345623,2.211630906,2.801794653,1.1713056003025488
bv_vienot_ref,1,float,brettel,1,8191,2.588206568,2.5939293125000003,3.231443047,2.206896289,2.2116728730000004,2.30173361,1.1728358855265482
bv_vienot_ref,1,float,brettel,2,8191,2.587443536,2.593547796,3.179556831,2.218975095,2.221378647,2.29049414,1.1675397166091515
bv_vienot_ref,1,float,lookup,0,8191,5.99438408,6.096630448,8.404041021,4.36611067,4.428343609000001,4.552939202,1.3767293115216794
bv_vienot_ref,1,float,lookup,1,8191,6.021853254,6.092433768999999,6.651355146,4.364424368,4.427008301500001,4.516107618,1.3761965991651073
bv_vienot_ref,1,float,lookup,2,8191,5.999725308,6.070687339499999,6.187431327,4.36611067,4.429377518,4.554472897,1.370550899043959
bv_vienot_ref,1,float,lookupApply,0,8191,9.962153583,10.051428397,10.118575266,10.293927787,10.40343441,10.607007691,0.966164441555796
bv_vienot_ref,1,float,lookupApply,1,8191,9.952234159,9.9770327185,10.72213405,10.302183799,10.3583506285,10.940178244,0.9631873911517496
bv_vienot_ref,1,float,lookupApply,2,8191,9.943077768,9.974743621,10.519930411,10.301344463,10.346275638000002,10.435836589,0.9640902649417699
bv_vienot_ref,1,float,prepared,0,8191,1.570321084,1.570321084,1.915211818,0.760796911,0.7619452755,0.911877365,2.0609368343015597
bv_vienot_ref,1,float,prepared,1,8191,1.570321084,1.570321084,2.10978513,0.760873215,0.762403095,0.935332987,2.059699251352068
bv_vienot_ref,1,float,prepared,2,8191,1.570321084,1.570321084,1.668752289,0.761254731,0.7625557015,0.822236296,2.0592870539307087
bv_vienot_ref,1,float,vienot,0,8191,1.068245635,1.078928092,2.076211696,0.761178428,0.7619414600000001,0.888032597,1.4160249161398828
bv_vienot_ref,1,float,vienot,1,8191,1.075875961,1.080454157,1.159046514,0.761331034,0.76228864,0.91057258,1.4173819473421512
default,2,double,brettel,0,8191,4.379044073,4.449624588,5.120711757,4.264779941,4.3844463435000005,4.491660054,1.0148657867820932
default,2,double,brettel,1,8191,4.310371139,4.3786625565,4.679678916,4.276706141,4.3968685144999995,4.545614089,0.9958593353565248
default,2,double,brettel,2,8191,4.279849835,4.3553900625,5.037541204,4.253395495,4.4336962825,4.843097607,0.9823383887820467
default,2,double,lookup,0,8191,8.29797949,8.316292272,10.21090221,6.195809425,6.2679884935,6.348950067,1.3267880565869135
default,2,double,lookup,1,8191,8.291875229,8.339183250000001,9.370040288,6.201234587,6.2701287995,6.340465145,1.3299859566943815
default,2,double,lookup,2,8191,8.307898913,8.364744842,8.783268221,6.193444024,6.268675222500001,6.349644427,1.3343720236098098
default,2,double,lookupApply,0,8191,11.362318398,11.410007935500001,11.527133439,10.238455317,10.362131455,10.562767061,1.1011255729625369
default,2,double,lookupApply,1,8191,11.363844463,11.3833017945,11.49203394,10.243033512,10.338939079,10.687706019,1.1010125611070931
default,2,double,lookupApply,2,8191,11.358503235,11.429083750499998,11.682029056,10.270929984,10.3601895375,10.654384385,1.1031732295177614
default,2,double,prepared,0,8191,1.187278721,1.1899493345,1.28418386,1.149752777,1.170995605,1.238249298,1.016185995420538
default,2,double,prepared,1,8191,1.184989623,1.1899493345,1.265108045,1.148074106,1.170884965,1.232518923,1.0162820175080138
default,2,double,prepared,2,8191,1.18422659,1.1907123675,3.60838115,1.14677695,1.170614089,1.255051276,1.0171690044472033
default,2,double,vienot,0,8191,0.864515932,0.8656604809999999,0.993468441,1.147616286,1.170388994,1.236944512,0.7396348440029844
default,2,double,vienot,1,8191,0.864515932,0.866041997,0.94921255,1.147616286,1.1704614819999999,1.23244262,0.7399149910684545
default,2,float,brettel,0,8191,3.588542303,3.742674887,3.90520083,2.208956477,2.2141908800000003,2.355603711,1.6903126649135145
default,2,float,brettel,1,8191,3.929617873,3.996764742,4.926138445,2.207048895,2.2145380599999998,2.388230985,1.8047848507060658
default,2,float,brettel,2,8191,3.812110853,3.8811653035,4.59574533,2.220112013,2.2333353679999997,2.297674277,1.7378336272781405
default,2,float,lookup,0,8191,5.942497864,6.0661091445,8.448296911,4.364195458,4.4283893905,4.801680198,1.3698228880941044
default,2,float,lookup,1,8191,5.942497864,6.0512300085,6.168355512,4.364805885,4.42532963,4.454523257,1.3674077446068125
default,2,float,lookup,2,8191,5.936393603,6.012315346499999,6.614729581,4.367789342,4.4277751495,4.446190941,1.3578637449959334
default,2,float,lookupApply,0,8191,9.915608595,10.0045018925,10.960963252,10.337031498,10.4021372545,10.699853498,0.9617736862847123
default,2,float,lookupApply,1,8191,9.943840801,9.9747436215,10.820565255,10.344974667,10.4293012145,10.902659932,0.9564153356345655
default,2,float,lookupApply,2,8191,9.929343182,9.975506653499998,10.667195703,10.307540288,10.37909367,10.765878708,0.9611153893266674
default,2,float,prepared,0,8191,1.570321084,1.570321084,1.71300818,0.761102124,0.7625976685,1.352940728,2.0591737279878664
default,2,float,prepared,1,8191,1.570321084,1.570321084,1.69851056,0.760796911,0.7626320045,0.82934776,2.0590810177571033
default,2,float,prepared,2,8191,1.570321084,1.570321084,1.638230985,0.760796911,0.762551886,0.927382188,2.059297357766944
default,2,float,vienot,0,8191,8.13926871,8.1720791115,8.61540105,0.761178428,0.762132218,0.944649615,10.722652734646628
default,2,float,vienot,1,8191,8.133164449,8.158726041000001,8.248382371,0.761407337,0.762055915,0.904765902,10.706203941740943
bv_compiler,2,double,brettel,0,8191,3.638139421,3.6556891709999997,4.259247955,4.307044317,4.4140977905,4.499381944,0.8281849076537807
bv_compiler,2,double,brettel,1,8191,3.652637041,3.658359785,4.0051581,4.275561592,4.3931945125,4.547826883,0.8327333958446029
bv_compiler,2,double,brettel,2,8191,3.650347943,3.6610303995,4.959711879,4.32514345,4.4500518865,4.516649371,0.8226938680437339
bv_compiler,2,double,lookup,0,8191,8.298742522,8.3109510435,8.478055183,6.198411366,6.2741423515,6.425749298,1.324635396822491
bv_compiler,2,double,lookup,1,8191,8.305609816,8.33918325,8.885514589,6.196725064,6.2721928035,6.34994201,1.329548295350006
bv_compiler,2,double,lookup,2,8191,8.294927359,8.3784794285,8.739775363,6.192604688,6.2938934500000006,6.706117995,1.3312077007754237
bv_compiler,2,double,lookupApply,0,8191,11.364607496,11.420690392000001,11.845318032,10.246551093,10.374393389,10.857961482,1.1008538006770971
bv_compiler,2,double,lookupApply,1,8191,11.359266268,11.3981809305,11.47753632,10.24273593,10.3771136005,10.563759004,1.098396082890603
bv_compiler,2,double,lookupApply,2,8191,11.367659626,11.435188011000001,11.613356123,10.242888536,10.394571786499998,10.728207789,1.100111504915624
bv_compiler,2,double,prepared,0,8191,1.188804786,1.189567818,1.265108045,1.149523868,1.172224087,1.240233183,1.0147955763683263
bv_compiler,2,double,prepared,1,8191,1.188804786,1.190330851,1.268160176,1.148150409,1.1721096325,1.239164937,1.0155456605719857
bv_compiler,2,double,prepared,2,8191,1.185752655,1.188804786,1.333780979,1.149142351,1.1726056040000001,1.247260713,1.0138146892226516
bv_compiler,2,double,vienot,0,8191,0.864515932,0.8656604809999999,0.938530094,1.153880784,1.1721096325,1.237097119,0.7385490716884796
bv_compiler,2,double,vienot,1,8191,0.864515932,0.866041997,0.94310829,1.15403339,1.1723385425,1.269274203,0.7387302947092179
bv_compiler,2,float,brettel,0,8191,2.574471981,2.590495666,2.755310707,2.207201502,2.2117873274999997,2.356443047,1.1712227635050505
bv_compiler,2,float,brettel,1,8191,2.590495666,2.595073862,3.269594677,2.207430411,2.2115965695,2.375999573,1.173393872005642
bv_compiler,2,float,brettel,2,8191,2.582102307,2.6038487365,3.468746185,2.219883103,2.2259225065,2.34597424,1.169784091268408
bv_compiler,2,float,lookup,0,8191,5.99133195,6.1340190450000005,8.253723599,4.364271762,4.4304114275,4.645334819,1.3845258268623857
bv_compiler,2,float,lookup,1,8191,6.011170797,6.1153247465,6.365217922,4.364653278,4.430644152499999,4.519938042,1.380233784527565
bv_compiler,2,float,lookup,2,8191,5.959284581,6.0539006225000005,6.820748382,4.36610304,4.4278133010000005,5.030544195,1.3672438765954191
bv_compiler,2,float,lookupApply,0,8191,9.945366866,10.052191429499999,10.23455622,10.317772555,10.408974026500001,10.565285069,0.9657235577597104
bv_compiler,2,float,lookupApply,1,8191,9.929343182,9.983518496,10.676352094,10.326791601,10.374244597499999,10.547636125,0.9623369106224702
bv_compiler,2,float,lookupApply,2,8191,9.956812355,10.0025943105,12.22683433,10.319146014,10.3787121535,10.442566536,0.9637606441495573
bv_compiler,2,float,prepared,0,8191,1.570321084,1.570321084,1.703088756,0.760651935,0.7625557009999999,1.353627457,2.0592870552809623
bv_compiler,2,float,prepared,1,8191,1.570321084,1.570321084,1.644335246,0.760720608,0.762670156,0.874885545,2.0589780151303048
bv_compiler,2,float,prepared,2,8191,1.570321084,1.570321084,1.942680991,0.761178428,0.763089824,0.915692528,2.05784566195447
bv_compiler,2,float,vienot,0,8191,1.068245635,1.077783543,1.661121963,0.760949518,0.762025394,0.938079905,1.414366963996478
bv_compiler,2,float,vienot,1,8191,1.078165059,1.079691124,1.226193383,0.760949518,0.761868972,0.835307044,1.4171611703331055
bv_vienot_index,2,double,brettel,0,8191,3.640428519,3.6873550235,4.3164754,4.266313637,4.3860906790000005,4.529872726,0.8406928386489019
bv_vienot_index,2,double,brettel,1,8191,3.651874008,3.719402393,3.825082408,4.280292394,4.430983702000001,4.555922659,0.8394078252468372
bv_vienot_index,2,double,brettel,2,8191,3.651874008,3.7201654255000003,4.424062996,4.260201746,4.423460200499999,4.592525333,0.8410080020793443
bv_vienot_index,2,double,lookup,0,8191,8.302557685,8.314003174,8.386491271,6.203378708,6.2721508365,6.38998596,1.3255426074286503
bv_vienot_index,2,double,lookup,1,8191,8.309424979,8.330408375000001,9.507386156,6.198342693,6.3050871385,6.383950372,1.3212201817375409
bv_vienot_index,2,double,lookup,2,8191,8.308661946,8.326593211999999,9.60276523,6.19802985,6.2841914905,6.622977964,1.3250062835589207
bv_vienot_index,2,double,lookupApply,0,8191,11.3600293,11.422979489500001,11.49508607,10.234861433,10.316471585,10.547788732,1.1072564292338911
bv_vienot_index,2,double,lookupApply,1,8191,11.37452692,11.419164327,11.732389208,10.23478513,10.332483824,10.605855512,1.1051712755142078
bv_vienot_index,2,double,lookupApply,2,8191,11.363081431,11.4508301795,11.959772921,10.301344463,10.352082316,10.520968136,1.1061378599938096
bv_vienot_index,2,double,prepared,0,8191,1.184989623,1.189186302,1.514619705,1.148913442,1.1693970514999998,1.231214137,1.0169226102243172
bv_vienot_index,2,double,prepared,1,8191,1.185752655,1.188041753,1.265108045,1.148913442,1.168939232,1.231519351,1.016341757105129
bv_vienot_index,2,double,prepared,2,8191,1.184989623,1.188804786,1.330728849,1.146845623,1.169316933,1.259721035,1.0166660145338031
bv_vienot_index,2,double,vienot,0,8191,1.037724332,1.039250397,1.120894885,1.148303016,1.1691643265,1.240614699,0.8888830880694853
bv_vienot_index,2,double,vienot,1,8191,1.037724332,1.039250397,1.123947015,1.146242827,1.1689354170000001,1.261781223,0.8890571556700466
bv_vienot_index,2,float,brettel,0,8191,2.572182884,2.59316628,2.729367599,2.212702967,2.217979337,2.33825235,1.1691570957137372
bv_vienot_index,2,float,brettel,1,8191,2.589732633,2.5939293125000003,3.27646197,2.211787328,2.2136605725000003,2.353612196,1.1717827677485997
bv_vienot_index,2,float,brettel,2,8191,2.587443536,2.591640215,3.460352826,2.221485472,2.2239386215,2.342151447,1.1653380133539806
bv_vienot_index,2,float,lookup,0,8191,5.950128189,6.134400562,8.393358564,4.367018679,4.4289196985,4.68025119,1.385078298908336
bv_vienot_index,2,float,lookup,1,8191,5.97073007,6.038639971,6.15004273,4.36587413,4.4282329695,4.494948724,1.3636680844462965
bv_vienot_index,2,float,lookup,2,8191,5.936393603,6.05008546,6.732236601,4.368704981,4.4333948845,4.554472897,1.3646619842397212
bv_vienot_index,2,float,lookupApply,0,8191,9.949945062,10.0441795875,10.568764498,10.299505555,10.3869681665,10.837245147,0.9669982064539717
bv_vienot_index,2,float,lookupApply,1,8191,9.943840801,9.9877151755,10.679404224,10.313186729,10.3779109695,10.6603513,0.9624013161081493
bv_vienot_index,2,float,lookupApply,2,8191,9.943077768,9.999923697,11.011323404,10.336184532,10.3716846235,11.977604993,0.9641561674891589
bv_vienot_index,2,float,prepared,0,8191,1.570321084,1.570321084,1.718349408,0.760949518,0.7625595165,1.222958125,2.059276751547825
bv_vienot_index,2,float,prepared,1,8191,1.570321084,1.570321084,1.722927603,0.761025821,0.7631699425,0.963992492,2.0576296268376684
bv_vienot_index,2,float,prepared,2,8191,1.570321084,1.570321084,1.637467953,0.761178428,0.7622085215000001,0.821007813,2.0602250430232165
bv_vienot_index,2,float,vienot,0,8191,1.031620071,1.0403949460000002,1.168965938,0.761254731,0.76217037,0.91431907,1.3650424983065141
bv_vienot_index,2,float,vienot,1,8191,1.037724332,1.0407764620000002,1.191093884,0.76171255,0.762670156,0.824067574,1.3646482084189488
bv_vienot_ref,2,double,brettel,0,8191,3.636613356,3.6884995725,4.326394824,4.25912587,4.3924696315,4.722210353,0.8397325154050983
bv_vienot_ref,2,double,brettel,1,8191,3.651874008,3.6919332195,3.82584544,4.274562019,4.435226162999999,4.582132829,0.8324114901511056
bv_vienot_ref,2,double,brettel,2,8191,3.651874008,3.718257844,6.044744231,4.264551032,4.3969028505,4.922109633,0.845653854639334
bv_vienot_ref,2,double,lookup,0,8191,8.307135881,8.31858137,8.623031376,6.192146869,6.261491271000001,6.411923147,1.3285303787817098
bv_vienot_ref,2,double,lookup,1,8191,8.299505555,8.325830179499999,8.962580881,6.192452082,6.266691338,6.348415944,1.3285846917357778
bv_vienot_ref,2,double,lookup,2,8191,8.299505555,8.3849652055,10.580209987,6.193215114,6.270014345,6.367903797,1.3373119651929601
bv_vienot_ref,2,double,lookupApply,0,8191,11.370711757,11.419164326499999,11.4981382,10.232877549,10.340854291500001,10.447762788,1.10427668784448
bv_vienot_ref,2,double,lookupApply,1,8191,11.370711757,11.430609816,11.649981687,10.229741485,10.3420331765,10.481458308,1.1052575079698597
bv_vienot_ref,2,double,lookupApply,2,8191,11.352398974,11.4519747285,19.789250397,10.25656208,10.382306037,10.575982786,1.1030280447992924
bv_vienot_ref,2,double,prepared,0,8191,1.188041753,1.189567818,1.275790502,1.148989745,1.170499634,1.235799963,1.0162906364479904
bv_vienot_ref,2,double,prepared,1,8191,1.184989623,1.191093884,1.267397143,1.149302588,1.170312691,1.234273898,1.0177569577428431
bv_vienot_ref,2,double,prepared,2,8191,1.184989623,1.187660237,1.420766695,1.147387376,1.1710757235,1.264451837,1.0141617772166207
bv_vienot_ref,2,double,vienot,0,8191,1.046880723,1.052984984,1.129288243,1.146624344,1.1705416005,1.23992797,0.8995707487458923
bv_vienot_ref,2,double,vienot,1,8191,1.047643755,1.049169821,1.130051276,1.147082163,1.1702707239999999,1.276759553,0.8965188989893933
bv_vienot_ref,2,float,brettel,0,8191,2.563026492,2.6870192895000002,3.162770114,2.207583018,2.2117453605,2.367293371,1.2148863686968725
bv_vienot_ref,2,float,brettel,1,8191,2.588969601,2.5924032475,3.261964351,2.208346051,2.2115965695,2.283085093,1.1721863215252197
bv_vienot_ref,2,float,brettel,2,8191,2.584391405,2.591640215,3.191765352,2.219196374,2.2205736480000002,2.285839641,1.1671039225986526
bv_vienot_ref,2,float,lookup,0,8191,5.940208766,6.0951043825,8.263643023,4.36305091,4.430335123500001,4.467967892,1.3757659889360283
bv_vienot_ref,2,float,lookup,1,8191,5.95623245,6.0600048834999996,6.149279697,4.364348065,4.4264741789999995,4.653514528,1.36903653753359
bv_vienot_ref,2,float,lookup,2,8191,5.980649493,6.054663655000001,6.512483213,4.364813515,4.426630600499999,4.539036748,1.3677815479602276
bv_vienot_ref,2,float,lookupApply,0,8191,9.970546942,10.0323525825,10.264314492,10.330690697,10.413826914000001,11.06764284,0.9633684778275736
bv_vienot_ref,2,float,lookupApply,1,8191,9.947655964,9.99649005,10.775546331,10.306464412,10.361143328,10.734617263,0.964805691181343
bv_vienot_ref,2,float,lookupApply,2,8191,9.947655964,10.0235777075,10.747314125,10.310439812,10.363089061499998,10.466556281,0.9672384023735432
bv_vienot_ref,2,float,prepared,0,8191,1.570321084,1.8289891345,3.109357832,0.760873215,0.7623267915,0.869765596,2.39921927825883
bv_vienot_ref,2,float,prepared,1,8191,1.570321084,1.570321084,2.207453302,0.761033451,0.7626701565,0.860822854,2.0589780137804565
bv_vienot_ref,2,float,prepared,2,8191,1.570321084,1.570321084,1.734373092,0.760491698,0.761796484,0.82537236,2.0613393694791586
bv_vienot_ref,2,float,vienot,0,8191,1.067482603,1.0785465754999999,1.397875717,0.761102124,0.762101697,0.909199121,1.4152265763817082
bv_vienot_ref,2,float,vienot,1,8191,1.075875961,1.079691124,1.179648395,0.761331034,0.7619834265000001,0.870841472,1.4169483041899205
default,0,double,brettel,0,65536,13.567256927,15.7468795775,16.651058197,4.495815277,4.5166034695,6.536265373,3.486442784680237
default,0,double,brettel,1,65536,13.678264618,13.9666080475,15.681266785,4.503288269,4.5252404214999995,5.428694725,3.086379229961539
default,0,double,brettel,2,65536,14.600753784,14.9615287785,16.842365265,4.497171402,4.527226448,4.579790115,3.304789135323588
default,0,double,lookup,0,65536,8.369350433,8.380365372,8.463859558,6.278147697,6.2956690785,6.38689518,1.3311318094242492
default,0,double,lookup,1,65536,8.361911774,8.393764495500001,8.490085602,6.284402847,6.3001065255,6.373247147,1.3323210427515493
default,0,double,lookup,2,65536,8.367538452,8.381080627500001,8.511734009,6.274785995,6.2956123349999995,6.388755798,1.331257418902049
default,0,double,lookupApply,0,65536,11.46478653,11.4896297455,11.536979675,10.456090927,10.4942512515,11.767238617,1.0948498821064272
default,0,double,lookupApply,1,65536,11.465454102,11.490297317500001,11.554813385,10.455385208,10.47287035,11.520795822,1.097148817229462
default,0,double,lookupApply,2,65536,11.465454102,11.484050751,11.788082123,10.450322151,10.482000351,10.521061897,1.0955972492315746
default,0,double,prepared,0,65536,1.213264465,1.2268066405,1.293182373,1.187884331,1.1915392875,1.204315186,1.0295981453318215
default,0,double,prepared,1,65536,1.206970215,1.222372055,1.238536835,1.186022758,1.1962680815,2.083668709,1.0218211736179303
default,0,double,prepared,2,65536,1.205539703,1.215362549,1.379966736,1.186043739,1.189844608,1.201199532,1.0214464484088328
default,0,double,vienot,0,65536,0.870704651,0.889205933,0.979137421,1.187349319,1.194328308,1.636831284,0.7445238692274218
default,0,double,vienot,1,65536,0.881099701,0.886678696,0.971889496,1.18614006,1.192026138,1.204133034,0.7438416555929582
default,0,float,brettel,0,65536,12.647819519,12.9755973815,14.005279541,2.255046844,2.3319048880000004,2.34354496,5.56437676693956
default,0,float,brettel,1,65536,11.085700989,11.698961258,13.575363159,2.32277298,2.3357424735,2.369934082,5.008669145134677
default,0,float,brettel,2,65536,10.7421875,10.8820438385,12.33663559,2.312552452,2.325422764,2.377144814,4.679598052863991
default,0,float,lookup,0,65536,6.023597717,6.069135666,6.793117523,4.414720535,4.4294610025,4.531277657,1.370174759993273
default,0,float,lookup,1,65536,6.016254425,6.0441970825,6.174087524,4.418005943,4.4314713480000005,4.510237694,1.363925569602938
default,0,float,lookup,2,65536,6.023979187,6.039953232,6.097698212,4.421862602,4.4326033595,4.549004555,1.3626198290571414
default,0,float,lookupApply,0,65536,9.99917984,10.0172519685,10.179424286,10.410161018,10.434634685999999,10.851780891,0.9600002558728773
default,0,float,lookupApply,1,65536,10.003948212,10.035896301000001,10.674571991,10.406645775,10.4294338225,10.794657707,0.96226664570698
default,0,float,lookupApply,2,65536,9.994220734,10.0232601165,10.106658936,10.403866768,10.421034336,12.206652641,0.9618296796004339
default,0,float,prepared,0,65536,1.581382751,1.593255997,1.744556427,0.776159286,0.804410458,0.886546135,1.9806505263013376
default,0,float,prepared,1,65536,1.580047607,1.5926837919999999,1.716709137,0.774019241,0.7856912615,0.791202545,2.0271115004630857
default,0,float,prepared,2,65536,1.581001282,1.5921115875,1.606369019,0.775050163,0.784549713,0.791678429,2.0293316804769517
default,0,float,vienot,0,65536,8.165836334,8.177471161,8.190155029,0.772051811,0.7989420890000001,0.824848175,10.23537409480501
default,0,float,vienot,1,65536,8.149528503,8.1883907315,8.295536041,0.7726717,0.7843494415,0.808697701,10.439722779480045
bv_compiler,0,double,brettel,0,65536,3.695487976,3.7120342255,3.776073456,4.496602058,4.510331154,4.585816383,0.8230070251511292
bv_compiler,0,double,brettel,1,65536,3.694629669,3.7131786345,3.774261475,4.505637169,4.5189266205,5.170910835,0.8216948285141998
bv_compiler,0,double,brettel,2,65536,3.70054245,3.7174701690000003,3.768920898,4.503555298,4.516916752,4.537449837,0.8230105563388962
bv_compiler,0,double,lookup,0,65536,8.365345001,8.371925354,8.564853668,6.276696205,6.2928948405,6.49075985,1.3303774441167702
bv_compiler,0,double,lookup,1,65536,8.362960815,8.382940292,8.452510834,6.275083542,6.2967448235,6.620459557,1.3313133256907819
bv_compiler,0,double,lookup,2,65536,8.355903625,8.382940292499999,8.527469635,6.283228874,6.2942991255,6.430494308,1.3318306177312607
bv_compiler,0,double,lookupApply,0,65536,11.459064484,11.4735603335,11.518573761,10.448800087,10.478038787500001,10.622042656,1.095010294024453
bv_compiler,0,double,lookupApply,1,65536,11.458206177,11.4881515505,11.597633362,10.450413704,10.467633724,10.550046921,1.0974926954274464
bv_compiler,0,double,lookupApply,2,65536,11.456871033,11.4899158475,11.613845825,10.450070381,10.469815731,10.537069321,1.0974324804475395
bv_compiler,0,double,prepared,0,65536,1.20639801,1.2192726135,1.307106018,1.183444977,1.19208765,1.256365776,1.0228045005751045
bv_compiler,0,double,prepared,1,65536,1.207733154,1.2171745299999999,1.234340668,1.182775497,1.1911616325,1.213691711,1.0218382600566174
bv_compiler,0,double,prepared,2,65536,1.205253601,1.2152194980000002,1.378631592,1.182603836,1.187713623,1.214179039,1.023158676020339
bv_compiler,0,double,vienot,0,65536,0.87184906,0.893163681,0.968074799,1.184552193,1.188821793,1.21545887,0.7513015712355805
bv_compiler,0,double,vienot,1,65536,0.884056091,0.8858203885,0.970458984,1.184056282,1.1890840535,1.634550095,0.7449602792104049
bv_compiler,0,float,brettel,0,65536,2.605342865,2.6310920715000004,2.675533295,2.275793076,2.325147152,2.348035812,1.1315808847783413
bv_compiler,0,float,brettel,1,65536,2.618312836,2.6295185090000004,2.768039703,2.323040962,2.3277740475,2.353527069,1.1296279000206528
bv_compiler,0,float,brettel,2,65536,2.618598938,2.6332378385,2.660560608,2.31654644,2.3259682655000002,2.381530762,1.1321039403493098
bv_compiler,0,float,lookup,0,65536,6.026077271,6.0918331145,6.142234802,4.418093681,4.4312415125,4.45192337,1.374746354337869
bv_compiler,0,float,lookup,1,65536,6.029033661,6.105995178000001,8.388137817,4.415888786,4.4326872825,4.495819092,1.377492881599414
bv_compiler,0,float,lookup,2,65536,6.042575836,6.111574173,6.145477295,4.416480064,4.427678108,4.527709007,1.3803113107878167
bv_compiler,0,float,lookupApply,0,65536,10.007476807,10.036087036,10.092067719,10.404073715,10.426077843,10.480556488,0.9625946772244908
bv_compiler,0,float,lookupApply,1,65536,10.012054443,10.03408432,10.101127625,10.405878067,10.428943634,10.533342361,0.9621381294350181
bv_compiler,0,float,lookupApply,2,65536,10.012531281,10.02907753,10.079193115,10.403299332,10.422143936000001,10.565071106,0.9622854560046635
bv_compiler,0,float,prepared,0,65536,1.581478119,1.591682434,1.706123352,0.774200439,0.7847061155,1.231389999,2.0283803102334814
bv_compiler,0,float,prepared,1,65536,1.581001282,1.5918254855,1.602172852,0.773808479,0.7834362985000001,0.834877014,2.031850564682509
bv_compiler,0,float,prepared,2,65536,1.582050323,1.5921592715,1.628494263,0.77230072,0.783952713,0.787944794,2.030937893444091
bv_compiler,0,float,vienot,0,65536,1.081085205,1.0929107665,1.119232178,0.774773598,0.7849502559999999,0.814275742,1.3923312441087987
bv_compiler,0,float,vienot,1,65536,1.092815399,1.0974407195,1.189804077,0.774535179,0.7845778465,0.839174271,1.3987658769562263
bv_vienot_index,0,double,brettel,0,65536,3.710269928,3.7162303925,3.812599182,4.486755371,4.503104687,4.549682617,0.8252596043854753
bv_vienot_index,0,double,brettel,1,65536,3.691673279,3.7222862245000004,3.783893585,4.510389328,4.523516655,4.636967659,0.8228744378304937
bv_vienot_index,0,double,brettel,2,65536,3.701591492,3.7198543545,3.757476807,4.495007515,4.5156641010000005,4.608820915,0.8237668416648246
bv_vienot_index,0,double,lookup,0,65536,8.360958099,8.378982544,8.44373703,6.269150734,6.2871747015,6.311796188,1.3327103097677457
bv_vienot_index,0,double,lookup,1,65536,8.348178864,8.377885818500001,8.449840546,6.272254944,6.289739132,6.368489265,1.3319925743623036
bv_vienot_index,0,double,lookup,2,65536,8.351230621,8.375310898,8.47902298,6.273505211,6.3027615545,6.380226135,1.3288319454224404
bv_vienot_index,0,double,lookupApply,0,65536,11.459064484,11.475133896,11.496162415,10.417358398,10.443277836,10.547912598,1.0988057654123682
bv_vienot_index,0,double,lookupApply,1,65536,11.452579498,11.4777088165,12.092590332,10.413481712,10.4443292615,10.4970541,1.098941686835674
bv_vienot_index,0,double,lookupApply,2,65536,11.450386047,11.484479904,11.633396149,10.405582428,10.443875789500002,10.507235527,1.0996377336798848
bv_vienot_index,0,double,prepared,0,65536,1.208782196,1.2211799625,1.294994354,1.183121681,1.192361832,1.263700485,1.0241689474843907
bv_vienot_index,0,double,prepared,1,65536,1.211166382,1.2197971345,1.232433319,1.184286118,1.189481735,1.213348389,1.0254862253097146
bv_vienot_index,0,double,prepared,2,65536,1.211166382,1.2246608735,1.355171204,1.183255196,1.1885495185,1.211466789,1.0303827097129064
bv_vienot_index,0,double,vienot,0,65536,1.052761078,1.060438156,1.135921478,1.185803413,1.1872711185,1.224113464,0.8931727045965365
bv_vienot_index,0,double,vienot,1,65536,1.051998138,1.05881691,1.138687134,1.185097694,1.1884031295000002,1.216501236,0.890957692483929
bv_vienot_index,0,float,brettel,0,65536,2.602672577,2.6269912719999997,2.668857574,2.251315117,2.32358408,2.417702675,1.1305772382465282
bv_vienot_index,0,float,brettel,1,65536,2.619075775,2.630376816,2.722549438,2.322022438,2.3324165345,2.387002945,1.1277474572370383
bv_vienot_index,0,float,brettel,2,65536,2.615451813,2.625799179,2.641010284,2.313700676,2.3241267205,2.353507996,1.1298003485950627
bv_vienot_index,0,float,lookup,0,65536,6.075286865,6.1188697815,6.156730652,4.41754055,4.4351172445,4.496225357,1.3796410431061379
bv_vienot_index,0,float,lookup,1,65536,6.08253479,6.113910675,6.202888489,4.418290138,4.4313893315,4.500136375,1.379682582060664
bv_vienot_index,0,float,lookup,2,65536,6.078243256,6.0959815975,6.160545349,4.419173241,4.428894043,4.497289658,1.376411704211999
bv_vienot_index,0,float,lookupApply,0,65536,10.014820099,10.0381851195,10.151576996,10.418708801,10.438764095,10.755257607,0.9616258235309799
bv_vienot_index,0,float,lookupApply,1,65536,10.008335114,10.039758681999999,10.104751587,10.401055336,10.430487633,10.480149269,0.9625397234771831
bv_vienot_index,0,float,lookupApply,2,65536,10.006141663,10.0278377535,10.201644897,10.412854195,10.430000782,10.482145309,0.9614417067739774
bv_vienot_index,0,float,prepared,0,65536,1.581287384,1.592731476,1.728153229,0.774641037,0.7843399045,0.815957069,2.0306648518862906
bv_vienot_index,0,float,prepared,1,65536,1.581001282,1.590251923,1.606082916,0.773139954,0.7847499849999999,0.804085732,2.0264440310884493
bv_vienot_index,0,float,prepared,2,65536,1.581001282,1.5917778015000001,1.661014557,0.773083687,0.7838754649999999,0.793751717,2.030651388610562
bv_vienot_index,0,float,vienot,0,65536,1.043605804,1.0518074035,1.061439514,0.773180008,0.784196377,0.814591408,1.3412551171477805
bv_vienot_index,0,float,vienot,1,65536,1.051712036,1.0547161105,1.127243042,0.773781776,0.784453869,0.825069427,1.3445227975540777
bv_vienot_ref,0,double,brettel,0,65536,3.70092392,3.7165641784999996,3.781223297,4.492634773,4.5057621,4.556023598,0.8248469617381706
bv_vienot_ref,0,double,brettel,1,65536,3.70721817,3.72262001,3.783988953,4.508527756,4.530375004,4.58757019,0.8217023991862021
bv_vienot_ref,0,double,brettel,2,65536,3.704833984,3.7234306335,3.743171692,4.503933907,4.518675327,4.583644867,0.8240093310647365
bv_vienot_ref,0,double,lookup,0,65536,8.351516724,8.3750724795,8.449459076,6.279980659,6.2970337865,6.324469566,1.3300027859871162
bv_vienot_ref,0,double,lookup,1,65536,8.359050751,8.3725452425,8.484268188,6.284727097,6.3023490905,6.343150139,1.3284800829456687
bv_vienot_ref,0,double,lookup,2,65536,8.359909058,8.390522003000001,8.508968353,6.285778046,6.311565399,6.458218575,1.3293884278422259
bv_vienot_ref,0,double,lookupApply,0,65536,11.476993561,11.5010738375,11.594295502,10.455039978,10.4929623605,10.599640846,1.096075011266119
bv_vienot_ref,0,double,lookupApply,1,65536,11.460494995,11.4781856535,11.525249481,10.455230713,10.486777782499999,10.520071983,1.0945388461129053
bv_vienot_ref,0,double,lookupApply,2,65536,11.457252502,11.4850997925,11.532974243,10.454925537,10.480144501,10.535124779,1.095891358311339
bv_vienot_ref,0,double,prepared,0,65536,1.207351685,1.214313507,1.310539246,1.18726635,1.1947546005,1.226673126,1.016370647572158
bv_vienot_ref,0,double,prepared,1,65536,1.208305359,1.216506958,1.2383461,1.188747406,1.195752144,1.288591385,1.0173571204568963
bv_vienot_ref,0,double,prepared,2,65536,1.215553284,1.2238502505,1.316738129,1.188547134,1.1978006365,1.255660057,1.0217478712284855
bv_vienot_ref,0,double,vienot,0,65536,1.062679291,1.0820388795,1.174163818,1.187572479,1.18885231,1.20599556,0.9101541633039347
bv_vienot_ref,0,double,vienot,1,65536,1.064109802,1.0667800905,1.167201996,1.187714577,1.1969652175,1.278104782,0.8912373349729353
bv_vienot_ref,0,float,brettel,0,65536,2.60477066,2.6309490205,2.666282654,2.252202034,2.3149342534999997,2.370970726,1.1365113356987184
bv_vienot_ref,0,float,brettel,1,65536,2.617740631,2.629327774,2.714538574,2.320952415,2.336039543,2.591088295,1.1255493434941397
bv_vienot_ref,0,float,brettel,2,65536,2.616786957,2.6290893555,2.640247345,2.316683769,2.3256645205,2.363720894,1.1304680156253861
bv_vienot_ref,0,float,lookup,0,65536,6.019115448,6.0994148255,8.797645569,4.417726517,4.430279255,4.522867203,1.3767562888087062
bv_vienot_ref,0,float,lookup,1,65536,6.028175354,6.1025619505,6.180477142,4.424365044,4.4354319575000005,4.510116577,1.3758664339740352
bv_vienot_ref,0,float,lookup,2,65536,6.031513214,6.1178207395,6.199455261,4.423199654,4.432908058000001,4.456589699,1.3800919530598572
bv_vienot_ref,0,float,lookupApply,0,65536,10.013866425,10.0445747375,10.16254425,10.396378517,10.436906338,10.520212173,0.962409205583119
bv_vienot_ref,0,float,lookupApply,1,65536,10.004234314,10.052871704000001,10.759067535,10.407037735,10.431379318000001,10.51901722,0.9637145191962427
bv_vienot_ref,0,float,lookupApply,2,65536,10.006523132,10.04447937,10.115337372,10.406808853,10.431492329000001,10.528158188,0.9628995596417121
bv_vienot_ref,0,float,prepared,0,65536,1.580905914,1.5914440155,1.706600189,0.772778511,0.785719395,0.802863121,2.0254610305247716
bv_vienot_ref,0,float,prepared,1,65536,1.581764221,1.5909671785000001,1.681232452,0.773638725,0.785232544,0.791669846,2.0261095781837595
bv_vienot_ref,0,float,prepared,2,65536,1.581478119,1.5912532805000001,1.618003845,0.775663376,0.786650181,0.797343254,2.0228219848334343
bv_vienot_ref,0,float,vienot,0,65536,1.079940796,1.0927677155,1.121234894,0.772157669,0.783112526,0.788889885,1.3954159577572636
bv_vienot_ref,0,float,vienot,1,65536,1.089763641,1.0969638824999999,1.202487946,0.771508217,0.782992363,0.790494919,1.4009892488568243
default,1,double,brettel,0,65536,15.787506104,16.0081863405,16.722297668,4.482059479,4.4959311485,4.542898178,3.560594193227556
default,1,double,brettel,1,65536,13.760757446,16.316843032999998,17.613792419,4.488581657,4.507039547,4.603219032,3.620301721971999
default,1,double,brettel,2,65536,14.533805847,14.943552017,16.656112671,4.494778633,4.509152412500001,4.574050903,3.314048994124569
default,1,double,lookup,0,65536,8.372306824,8.3908081055,8.4649086,6.275889397,6.296824932,6.434262276,1.3325458776626506
default,1,double,lookup,1,65536,8.365154266,8.388900757,8.475971222,6.272992134,6.286846638,6.3419981,1.3343574672705416
default,1,double,lookup,2,65536,8.368301392,8.386230469,8.473205566,6.275867462,6.293847083999999,6.432663918,1.3324490342828927
default,1,double,lookupApply,0,65536,11.462879181,11.473608017,11.529541016,10.442015648,10.461227894,10.621142387,1.0967745023106368
default,1,double,lookupApply,1,65536,11.467838287,11.4847660065,11.567687988,10.447178841,10.466953278,10.57557106,1.0972405915520127
default,1,double,lookupApply,2,65536,11.46478653,11.504840850499999,11.617469788,10.441849709,10.463882923,10.550232887,1.0994810373128254
default,1,double,prepared,0,65536,1.214504242,1.2258529665,1.310539246,1.181715965,1.188741207,1.239775658,1.0312193766662283
default,1,double,prepared,1,65536,1.211071014,1.2228012085,1.247882843,1.183235168,1.187933445,1.209213257,1.0293516136335397
default,1,double,prepared,2,65536,1.215457916,1.2269020080000002,1.550865173,1.183053017,1.1923174855,1.227120399,1.0290061354635733
default,1,double,vienot,0,65536,0.873947144,0.898885727,0.982570648,1.183263779,1.193449974,1.210226059,0.7531825770520315
default,1,double,vienot,1,65536,0.880813599,0.89673996,0.965976715,1.183206558,1.1943187714999999,1.208754539,0.7508380353711958
default,1,float,brettel,0,65536,12.803077698,13.0274295805,13.759613037,2.240628242,2.3130426405,2.420957565,5.6321614450150905
default,1,float,brettel,1,65536,11.085319519,11.4297389985,13.223075867,2.323758125,2.3343458175,2.386269569,4.896334944383192
default,1,float,brettel,2,65536,10.738945007,10.875225067,12.279987335,2.311504364,2.323142052,2.372668266,4.681257031888122
default,1,float,lookup,0,65536,6.035804749,6.1021804809999995,6.19020462,4.416425705,4.430068016,4.46630764,1.377446228581787
default,1,float,lookup,1,65536,6.031894684,6.1032772065,7.9413414,4.421726227,4.4308133125,4.501466751,1.3774620540390912
default,1,float,lookup,2,65536,6.033420563,6.0655117035,10.345458984,4.419594765,4.4288792610000005,4.444648743,1.3695364777522663
default,1,float,lookupApply,0,65536,10.006809235,10.0410461425,10.133361816,10.409405708,10.4417252545,10.582089424,0.9616271159952882
default,1,float,lookupApply,1,65536,9.98544693,10.03241539,10.194396973,10.410331726,10.4442777635,10.717859268,0.9605657391706538
default,1,float,lookupApply,2,65536,10.014343262,10.079288483,10.689067841,10.411262512,10.425816058999999,10.538756371,0.9667625465441755
default,1,float,prepared,0,65536,1.580524445,1.593160629,1.688194275,0.775365829,0.785791397,0.806645393,2.02746000412117
default,1,float,prepared,1,65536,1.583099365,1.592206955,1.64604187,0.773361206,0.783632755,0.829165459,2.031827976613867
default,1,float,prepared,2,65536,1.582050323,1.5933036805,1.624393463,0.774717331,0.784906864,0.799204826,2.0299270570527206
default,1,float,vienot,0,65536,8.156585693,8.170461655,8.202171326,0.772129059,0.7832117080000001,0.799443245,10.43199631918679
default,1,float,vienot,1,65536,8.156681061,8.180379867500001,8.407020569,0.772023201,0.7821383475,0.793283463,10.458993467904348
bv_compiler,1,double,brettel,0,65536,3.721141815,3.7389278409999998,4.059314728,4.488369942,4.5103130345,4.584747314,0.8289730252424677
bv_compiler,1,double,brettel,1,65536,3.701686859,3.721666336,3.795719147,4.493861198,4.5074858665,4.652061462,0.8256634510292591
bv_compiler,1,double,brettel,2,65536,3.701877594,3.717279434,3.766727448,4.498474121,4.513803482,4.539657593,0.8235359489671287
bv_compiler,1,double,lookup,0,65536,8.369350433,8.4025859835,8.455657959,6.269143105,6.298459053,6.412979126,1.3340701134665294
bv_compiler,1,double,lookup,1,65536,8.361434937,8.3730220795,8.568954468,6.271244049,6.294509888,6.317088127,1.3302103306664945
bv_compiler,1,double,lookup,2,65536,8.358097076,8.383798598999999,8.836555481,6.284366608,6.3130674365,6.4428339,1.3280071349353466
bv_compiler,1,double,lookupApply,0,65536,11.468219757,11.50636673,11.630535126,10.409632683,10.4868798255,10.519859314,1.0972154655592605
bv_compiler,1,double,lookupApply,1,65536,11.461925507,11.482763290000001,11.616897583,10.405564308,10.4765315055,10.559580803,1.0960462710365302
bv_compiler,1,double,lookupApply,2,65536,11.466598511,11.4856243135,11.586666107,10.418582916,10.4876389505,10.562637329,1.095158249412507
bv_compiler,1,double,prepared,0,65536,1.210021973,1.219892502,1.288414001,1.182040215,1.1913237570000001,1.207884789,1.0239806726191223
bv_compiler,1,double,prepared,1,65536,1.211738586,1.2187004090000002,1.278591156,1.183129311,1.1891417505000001,1.226318359,1.0248571362392846
bv_compiler,1,double,prepared,2,65536,1.213264465,1.220750809,1.327705383,1.187589645,1.1968922615,1.277758598,1.0199337469774428
bv_compiler,1,double,vienot,0,65536,0.884819031,0.9464740755000001,1.051902771,1.184829712,1.1893277165,1.208897591,0.7958059518576771
bv_compiler,1,double,vienot,1,65536,0.877189636,0.8862495425000001,0.932788849,1.184304237,1.1902303695,1.207198143,0.7446033685666261
bv_compiler,1,float,brettel,0,65536,2.601718903,2.6261806485,2.640628815,2.24306488,2.321524143,2.343938828,1.1312312458255578
bv_compiler,1,float,brettel,1,65536,2.619457245,2.6299476625000002,2.732181549,2.325829506,2.3375635150000003,2.358446121,1.1250807285550912
bv_compiler,1,float,brettel,2,65536,2.616214752,2.6300907135,2.641105652,2.313156128,2.323112488,2.351760864,1.132140921752903
bv_compiler,1,float,lookup,0,65536,6.034088135,6.111812592,6.233024597,4.416824341,4.426728249,4.435887337,1.380661348114301
bv_compiler,1,float,lookup,1,65536,6.026744843,6.1203956605,6.219100952,4.417272568,4.428595543,4.500050545,1.3820173012128236
bv_compiler,1,float,lookup,2,65536,6.049919128,6.093120575,6.349563599,4.416069984,4.4271960255,4.481426239,1.3762933784509472
bv_compiler,1,float,lookupApply,0,65536,9.994888306,10.0266456605,10.145950317,10.396424294,10.4344410895,10.487491608,0.9609183256197251
bv_compiler,1,float,lookupApply,1,65536,9.984207153,10.020542145,10.089874268,10.413681984,10.4245705605,10.4944067,0.9612426801511696
bv_compiler,1,float,lookupApply,2,65536,9.98840332,10.049533843999999,10.151100159,10.404657364,10.426614284500001,10.488694191,0.9638348144267155
bv_compiler,1,float,prepared,0,65536,1.581668854,1.592206955,1.668930054,0.77503109,0.784844875,0.805041313,2.0286900070539415
bv_compiler,1,float,prepared,1,65536,1.581382751,1.591968536,1.63564682,0.77464962,0.7847304345,0.800398827,2.0286820365446143
bv_compiler,1,float,prepared,2,65536,1.582145691,1.5926361085,1.654815674,0.773857117,0.7843818659999999,0.846128464,2.0304346359022025
bv_compiler,1,float,vienot,0,65536,1.077461243,1.0925769805,1.112651825,0.772835732,0.7837805744999999,0.815232277,1.3939832346533871
bv_compiler,1,float,vienot,1,65536,1.093482971,1.099205017,1.191139221,0.773006439,0.783273697,0.808832169,1.4033472861530292
bv_vienot_index,1,double,brettel,0,65536,3.694343567,3.717660904,3.742027283,4.489804268,4.5175685885,4.542686462,0.8229340254985263
bv_vienot_index,1,double,brettel,1,65536,3.698444366,3.7165641785,3.783226013,4.502650261,4.533674717,4.558673859,0.8197686006373447
bv_vienot_index,1,double,brettel,2,65536,3.7068367,3.716611862,3.78036499,4.509355545,4.5380449295,4.587507248,0.8189896573830298
bv_vienot_index,1,double,lookup,0,65536,8.366775513,8.378458023,8.426952362,6.277303696,6.297830105,6.332312584,1.3303721890414508
bv_vienot_index,1,double,lookup,1,65536,8.359336853,8.3783626555,8.476448059,6.278717041,6.298862934,6.351675987,1.330138906543795
bv_vienot_index,1,double,lookup,2,65536,8.363056183,8.387851715,10.153865814,6.276758194,6.2979841235,6.381843567,1.331831194000945
bv_vienot_index,1,double,lookupApply,0,65536,11.460018158,11.468887329,11.57579422,10.445865631,10.462275982,10.537988663,1.0962134194062403
bv_vienot_index,1,double,lookupApply,1,65536,11.461257935,11.477518081500001,11.540222168,10.446543694,10.464214802,10.572070122,1.0968350993049503
bv_vienot_index,1,double,lookupApply,2,65536,11.463260651,11.4824295045,11.578178406,10.445540428,10.4697737695,10.627450943,1.0967218353800554
bv_vienot_index,1,double,prepared,0,65536,1.20639801,1.2172698975,1.259708405,1.184916496,1.1900396345,1.218209267,1.0228818118410326
bv_vienot_index,1,double,prepared,1,65536,1.207447052,1.2172222135,1.24168396,1.185317039,1.190755844,1.218629837,1.0222265291691486
bv_vienot_index,1,double,prepared,2,65536,1.210689545,1.2190818785,1.378631592,1.184448242,1.1962628364999999,1.271436691,1.019075274516396
bv_vienot_index,1,double,vienot,0,65536,1.053333282,1.064491272,1.133918762,1.186138153,1.188235283,1.231696129,0.8958589996691757
bv_vienot_index,1,double,vienot,1,65536,1.05342865,1.0632038119999998,1.15070343,1.187465668,1.1952018735,1.212268829,0.8895600279528844
bv_vienot_index,1,float,brettel,0,65536,2.610683441,2.6350021365,2.691936493,2.239443779,2.314684868,2.37305069,1.138384828504439
bv_vienot_index,1,float,brettel,1,65536,2.619361877,2.63004303,2.73771286,2.322449684,2.3459978105,2.385227203,1.1210765066483424
bv_vienot_index,1,float,brettel,2,65536,2.615737915,2.6307106014999997,2.647304535,2.313425064,2.3291597370000003,2.372544289,1.1294676615389214
bv_vienot_index,1,float,lookup,0,65536,6.029033661,6.0883522034999995,6.151008606,4.416292191,4.4382143025000005,4.477014542,1.3718022133519991
bv_vienot_index,1,float,lookup,1,65536,6.022357941,6.0961723325,6.253433228,4.413541794,4.4376893045,4.473203659,1.3737267109525289
bv_vienot_index,1,float,lookup,2,65536,6.091213226,6.11448288,6.310367584,4.41661644,4.4436211585,4.640200615,1.3760135398365103
bv_vienot_index,1,float,lookupApply,0,65536,9.984588623,10.0396633145,10.156917572,10.40828228,10.4330978395,10.601023674,0.9622897694383306
bv_vienot_index,1,float,lookupApply,1,65536,9.98506546,10.031223297,10.095119476,10.397242546,10.43519783,10.480988503,0.9612873143776327
bv_vienot_index,1,float,lookupApply,2,65536,9.990310669,10.028886795,10.245323181,10.391998291,10.432926177999999,10.903952599,0.9612726692294632
bv_vienot_index,1,float,prepared,0,65536,1.581287384,1.5918731685,1.667785645,0.772156715,0.792213917,1.183549881,2.0093981364631848
bv_vienot_index,1,float,prepared,1,65536,1.581001282,1.592540741,1.635169983,0.773942947,0.7856478689999999,0.804964066,2.0270413805450036
bv_vienot_index,1,float,prepared,2,65536,1.581764221,1.593351364,1.652812958,0.774544716,0.7851991655,0.793130875,2.029232115886654
bv_vienot_index,1,float,vienot,0,65536,1.045417786,1.053953171,1.068210602,0.773159981,0.790207863,0.846376419,1.333767000240543
bv_vienot_index,1,float,vienot,1,65536,1.051902771,1.055431366,1.142120361,0.773341179,0.7838902475,0.803922653,1.3464019604351565
bv_vienot_ref,1,double,brettel,0,65536,3.712749481,3.7277698514999997,3.846263885,4.495992661,4.504716396,4.551733017,0.8275259802837097
bv_vienot_ref,1,double,brettel,1,65536,3.697299957,3.725194931,3.817272186,4.502364159,4.5170812604999995,4.537652016,0.8246907053843116
bv_vienot_ref,1,double,brettel,2,65536,3.726291656,3.732252121,3.788375854,4.506813049,4.5157637595,4.532611847,0.8264941037157459
bv_vienot_ref,1,double,lookup,0,65536,8.350658417,8.382940292499999,8.424758911,6.275994301,6.2923965455,6.377301216,1.3322333123609396
bv_vienot_ref,1,double,lookup,1,65536,8.382701874,8.4025859835,8.632278442,6.277580261,6.2893071175,6.353172302,1.3360113962505982
bv_vienot_ref,1,double,lookup,2,65536,8.368587494,8.39509964,8.494472504,6.269710541,6.295032501,6.38809967,1.3336070367653214
bv_vienot_ref,1,double,lookupApply,0,65536,11.469268799,11.494588852,11.553859711,10.439729691,10.4806804655,10.585155487,1.0967407020791782
bv_vienot_ref,1,double,lookupApply,1,65536,11.459159851,11.4807128905,11.544704437,10.445278168,10.494520186999999,10.547085762,1.0939721574619141
bv_vienot_ref,1,double,lookupApply,2,65536,11.466026306,11.4817619325,11.567687988,10.434256554,10.489028453500001,10.580990791,1.0946449409877175
bv_vienot_ref,1,double,prepared,0,65536,1.200866699,1.219081879,1.292324066,1.187600136,1.190288544,1.267176628,1.0241902143351218
bv_vienot_ref,1,double,prepared,1,65536,1.21088028,1.221513748,1.236724854,1.184448242,1.1993618009999998,1.222813606,1.0184697786618937
bv_vienot_ref,1,double,prepared,2,65536,1.209640503,1.2206077575,1.301765442,1.185002327,1.1974315645,1.222021103,1.0193549207212336
bv_vienot_ref,1,double,vienot,0,65536,1.062488556,1.068401337,1.148986816,1.187188148,1.192752838,1.25880146,0.8957441164352945
bv_vienot_ref,1,double,vienot,1,65536,1.065731049,1.0945320129999998,1.180267334,1.187236786,1.1965775490000001,1.210102081,0.9147188278057854
bv_vienot_ref,1,float,brettel,0,65536,2.607536316,2.6326656340000003,2.65789032,2.264095306,2.326212406,2.350129128,1.1317391426550583
bv_vienot_ref,1,float,brettel,1,65536,2.62336731,2.6371002199999998,2.734375,2.322335243,2.3338103295,2.363595963,1.1299548153790961
bv_vienot_ref,1,float,brettel,2,65536,2.619743347,2.630853653,2.640247345,2.312346458,2.3236775395,2.33137989,1.1321939504420637
bv_vienot_ref,1,float,lookup,0,65536,6.029987335,6.0419082645,6.113910675,4.419129372,4.430574417,4.642762184,1.3636850881721687
bv_vienot_ref,1,float,lookup,1,65536,6.020545959,6.038379668999999,6.136894226,4.420179367,4.434928417,4.484360695,1.361550650029353
bv_vienot_ref,1,float,lookup,2,65536,6.029129028,6.0416221615,6.086444855,4.421802521,4.4315872195,4.50332737,1.3633088693178548
bv_vienot_ref,1,float,lookupApply,0,65536,10.014343262,10.045003891,10.11390686,10.401353836,10.423313618,10.506016731,0.9637054260416096
bv_vienot_ref,1,float,lookupApply,1,65536,10.004901886,10.030555725,10.169696808,10.409501076,10.427112579500001,10.604328156,0.9619686800658848
bv_vienot_ref,1,float,lookupApply,2,65536,10.010814667,10.044336319,10.144329071,10.39618206,10.422738075,10.458205223,0.9636945922197128
bv_vienot_ref,1,float,prepared,0,65536,1.581382751,1.5918254850000002,1.683330536,0.775346756,0.7880687710000001,0.806674004,2.019906819781849
bv_vienot_ref,1,float,prepared,1,65536,1.581764221,1.5923023225000001,1.638031006,0.774344444,0.7861776355000001,0.80934906,2.0253721940173404
bv_vienot_ref,1,float,prepared,2,65536,1.581859589,1.5936374665,1.621627808,0.782586098,0.7874436380000001,0.821487427,2.0238114699200858
bv_vienot_ref,1,float,vienot,0,65536,1.092243195,1.0941982270000001,1.111698151,0.773236275,0.783499241,0.793942451,1.396553014656973
bv_vienot_ref,1,float,vienot,1,65536,1.092624664,1.099920273,1.184082031,0.772559166,0.782552719,0.794878006,1.4055542154470488
default,2,double,brettel,0,65536,15.723705292,16.127681732,16.800498962,4.498770714,4.533183098,5.878504753,3.557694755174435
default,2,double,brettel,1,65536,13.677501678,14.137125014999999,15.836238861,4.506641388,4.531879425,4.556114197,3.119483924707463
default,2,double,brettel,2,65536,14.580154419,15.3282642365,17.496013641,4.514310837,4.5381155015,4.671049118,3.3776716858426132
default,2,double,lookup,0,65536,8.359527588,8.3858966825,9.476661682,6.282123566,6.302309513,7.185930252,1.3306069251600718
default,2,double,lookup,1,65536,8.364868164,8.39881897,10.186672211,6.276067734,6.291454314999999,7.953949928,1.3349566808385862
default,2,double,lookup,2,65536,8.365249634,8.385562897,10.227870941,6.280718803,6.2942819595,7.731215477,1.3322509145532662
default,2,double,lookupApply,0,65536,11.469173431,11.4847660065,12.730121613,10.441295624,10.4776940345,12.14511776,1.096115802645506
default,2,double,lookupApply,1,65536,11.466217041,11.487388611,12.971782684,10.439079285,10.483104705999999,11.843302727,1.0958002360145462
default,2,double,lookupApply,2,65536,11.464691162,11.489486694,12.721538544,10.442116737,10.48554945,12.178068161,1.0957448390079358
default,2,double,prepared,0,65536,1.213550568,1.224517822,1.401519775,1.186453819,1.1934108735,1.214895248,1.0260655815953565
default,2,double,prepared,1,65536,1.210784912,1.223421097,1.308441162,1.186835289,1.1976418495,1.232631683,1.02152500558557
default,2,double,prepared,2,65536,1.215839386,1.2478351595000001,2.076053619,1.187208176,1.1917681695,1.21391201,1.047045215197787
default,2,double,vienot,0,65536,0.878715515,0.8927822114999999,1.016330719,1.187484741,1.1946907045000001,1.216959,0.747291502425848
default,2,double,vienot,1,65536,0.883865356,0.8860588075,0.980758667,1.187608719,1.1941990855,1.446932793,0.7419690889555618
default,2,float,brettel,0,65536,12.839603424,13.1908893585,14.013290405,2.268545151,2.3270964625,2.352057457,5.668389588083094
default,2,float,brettel,1,65536,11.059379578,11.7031097415,13.237285614,2.326413155,2.344612122,2.368657112,4.991490759468146
default,2,float,brettel,2,65536,10.779762268,10.979270934999999,12.771987915,2.318027496,2.5005488395,3.085580826,4.390744448404924
default,2,float,lookup,0,65536,6.033706665,6.118011474499999,6.917095184,4.419356346,4.4305353165,5.378509521,1.3808741015370256
default,2,float,lookup,1,65536,6.035327911,6.0970783235,7.835960388,4.418046951,4.430243969,4.503270149,1.3762398563518026
default,2,float,lookup,2,65536,6.113147736,6.130313873,8.200931549,4.419251442,4.4309172629999996,4.499277115,1.3835315599753282
default,2,float,lookupApply,0,65536,9.993267059,10.040807724,12.950325012,10.419071198,10.4390702245,12.102463722,0.9618488532086606
default,2,float,lookupApply,1,65536,9.988594055,10.023832321,11.653423309,10.417733192,10.4326615335,12.151622772,0.9608125681843296
default,2,float,lookupApply,2,65536,9.980869293,10.0269317625,11.664104462,10.407103539,10.439294338,12.433447838,0.9604989990560031
default,2,float,prepared,0,65536,1.582622528,1.5929222105,1.696968079,0.776818275,0.7886939049999999,0.801888466,2.01969636179704
default,2,float,prepared,1,65536,1.583099365,1.5923500065,1.600456238,0.776788712,0.7904229165000001,0.808383942,2.0145544533943176
default,2,float,prepared,2,65536,1.582527161,1.592493057,1.648044586,0.777954102,0.8542656895,0.884217262,1.864166004293211
default,2,float,vienot,0,65536,8.159542084,8.168745041000001,8.435058594,0.774391174,0.785360813,0.825584412,10.401263859596215
default,2,float,vienot,1,65536,8.148288727,8.181428909000001,8.443069458,0.774706841,0.7906665799999999,1.097085953,10.347508186067511
bv_compiler,2,double,brettel,0,65536,3.717899323,3.732252121,3.790569305,4.501321793,4.515303135,5.494121552,0.8265784177522336
bv_compiler,2,double,brettel,1,65536,3.710651398,3.731012344,3.792667389,4.505542755,4.5258240700000005,5.588980675,0.8243829822576376
bv_compiler,2,double,brettel,2,65536,3.711795807,3.7306308745,3.783798218,4.516821861,4.527519226,4.555875778,0.8239900679109784
bv_compiler,2,double,lookup,0,65536,8.386898041,8.400154113500001,9.736442566,6.277939796,6.2978010179999995,7.598640442,1.3338233598507132
bv_compiler,2,double,lookup,1,65536,8.372211456,8.401823044,10.25686264,6.276889801,6.301521778,8.261975288,1.333300643875042
bv_compiler,2,double,lookup,2,65536,8.375358582,8.46657753,10.112476349,6.277959824,6.2986221315,7.597828865,1.344195183206475
bv_compiler,2,double,lookupApply,0,65536,11.458683014,11.497926712,12.490177155,10.458190918,10.4815907475,12.212966919,1.0969639045239779
bv_compiler,2,double,lookupApply,1,65536,11.460208893,11.49559021,12.968349457,10.460177422,10.480062008,12.202489853,1.096900972649283
bv_compiler,2,double,lookupApply,2,65536,11.465930939,11.515378951999999,12.987613678,10.458372116,10.4867720605,12.14670372,1.0980861303712703
bv_compiler,2,double,prepared,0,65536,1.219558716,1.2268066405,1.318454742,1.187121391,1.1979289055,2.057976723,1.0241063846672493
bv_compiler,2,double,prepared,1,65536,1.219463348,1.2330532075,2.009010315,1.185822487,1.189519405,1.241266251,1.0365978077507698
bv_compiler,2,double,prepared,2,65536,1.210403442,1.2305259705,1.349639893,1.187103271,1.1979956625,1.886721611,1.0271539447247373
bv_compiler,2,double,vienot,0,65536,0.874519348,0.889873505,0.970840454,1.189681053,1.1948103905,1.217627525,0.744782194794614
bv_compiler,2,double,vienot,1,65536,0.884914398,0.887441635,0.982189178,1.188420296,1.1917972565000001,1.214446068,0.7446246667878614
bv_compiler,2,float,brettel,0,65536,2.618598938,2.6324272155,2.684497833,2.285907745,2.3329172135,3.062009811,1.1283843251131294
bv_compiler,2,float,brettel,1,65536,2.620124817,2.641105652,2.663803101,2.330204964,2.3435811995,2.394300461,1.1269529097449136
bv_compiler,2,float,brettel,2,65536,2.621936798,2.6319503785,3.075790405,2.31769371,2.330443859,3.224689484,1.1293772936582893
bv_compiler,2,float,lookup,0,65536,6.105995178,6.1470985415,6.392669678,4.415926933,4.429494381,5.99524498,1.3877652871324413
bv_compiler,2,float,lookup,1,65536,6.085777283,6.121444702,6.188869476,4.414638519,4.4252061845,4.445793152,1.3833128778137727
bv_compiler,2,float,lookup,2,65536,6.082725525,6.116867065,7.404232025,4.413949966,4.430808067,6.504906654,1.3805308134553416
bv_compiler,2,float,lookupApply,0,65536,10.021114349,10.098838806,11.024665833,10.402767181,10.428449630500001,12.14240551,0.9683931134369206
bv_compiler,2,float,lookupApply,1,65536,10.064983368,10.095834732,11.215591431,10.402738571,10.432833194499999,11.931886673,0.9676982794397923
bv_compiler,2,float,lookupApply,2,65536,10.025596619,10.077047348,11.691570282,10.406282425,10.433464050000001,12.207226753,0.9658390827541117
bv_compiler,2,float,prepared,0,65536,1.581859589,1.5924453735,1.705265045,0.777028084,0.788441181,0.803665161,2.019738963254381
bv_compiler,2,float,prepared,1,65536,1.581859589,1.5943050385,2.062797546,0.777285576,0.7921562195,1.079655647,2.0126144304040268
bv_compiler,2,float,prepared,2,65536,1.581764221,1.591205597,1.608943939,0.777887344,0.7878484724999999,0.808755875,2.0196848157245113
bv_compiler,2,float,vienot,0,65536,1.082134247,1.0913848874999998,1.102638245,0.779606819,0.7911252975,0.797113419,1.3795348106663214
bv_compiler,2,float,vienot,1,65536,1.093292236,1.0989665985000001,1.178359985,0.774697304,0.7851171495,0.896661758,1.3997485587977214
bv_vienot_index,2,double,brettel,0,65536,3.703117371,3.7232398985,3.739070892,4.48886013,4.5142784119999995,4.834648132,0.8247696660894385
bv_vienot_index,2,double,brettel,1,65536,3.694152832,3.7184238435,3.768157959,4.504666328,4.5266022685,4.686980247,0.8214602527321648
bv_vienot_index,2,double,brettel,2,65536,3.707408905,3.725337982,4.865074158,4.500864983,4.5300498010000005,5.944542885,0.8223613747419815
bv_vienot_index,2,double,lookup,0,65536,8.352661133,8.4002017975,8.420562744,6.272595406,6.293520926999999,8.231482506,1.3347380416996903
bv_vienot_index,2,double,lookup,1,65536,8.352661133,8.4112644195,9.321594238,6.27587986,6.2881469725,7.855743408,1.3376380126426823
bv_vienot_index,2,double,lookup,2,65536,8.378124237,8.3992004395,9.647369385,6.275580406,6.301594734,6.359144211,1.3328690266580383
bv_vienot_index,2,double,lookupApply,0,65536,11.467266083,11.503553390499999,15.327453613,10.435809135,10.4801859855,12.119680405,1.0976478286182985
bv_vienot_index,2,double,lookupApply,1,65536,11.461544037,11.475563049,11.638641357,10.437030792,10.4846229555,12.132564545,1.094513660405897
bv_vienot_index,2,double,lookupApply,2,65536,11.466217041,11.485719680999999,12.763309479,10.432217598,10.482803345,12.110922813,1.0956725317639733
bv_vienot_index,2,double,prepared,0,65536,1.206302643,1.228570938,1.286792755,1.187093735,1.1913719175,1.237607002,1.0312236841859252
bv_vienot_index,2,double,prepared,1,65536,1.205825806,1.219892502,1.23796463,1.186215401,1.1923651695,1.211009026,1.02308632724616
bv_vienot_index,2,double,prepared,2,65536,1.210308075,1.221227646,1.300907135,1.185489655,1.19221735,1.211895943,1.0243330597394846
bv_vienot_index,2,double,vienot,0,65536,1.052761078,1.0584831239999999,1.138114929,1.185985565,1.198845863,1.846751213,0.882918444036871
bv_vienot_index,2,double,vienot,1,65536,1.051616669,1.0581970215,1.138114929,1.18540287,1.1913719175000002,1.220749855,0.8882171939393559
bv_vienot_index,2,float,brettel,0,65536,2.612876892,2.6277542115,2.710342407,2.25290966,2.3315811159999997,2.356356621,1.1270267173925765
bv_vienot_index,2,float,brettel,1,65536,2.617931366,2.629470825,2.721500397,2.327933311,2.3430995945,2.39462471,1.122218974887881
bv_vienot_index,2,float,brettel,2,65536,2.617549896,2.6333332064999997,2.66828537,2.303692818,2.3214855195000004,2.350930214,1.134331092906048
bv_vienot_index,2,float,lookup,0,65536,6.025409698,6.053256988499999,6.109237671,4.414532661,4.4397706985,5.117048264,1.3634165815241592
bv_vienot_index,2,float,lookup,1,65536,6.029605865,6.070756912,6.240653992,4.422535896,4.4334063530000005,6.33910656,1.3693211108185552
bv_vienot_index,2,float,lookup,2,65536,6.027317047,6.0579776765,6.195831299,4.417149544,4.4295859335,4.553003311,1.367617146940265
bv_vienot_index,2,float,lookupApply,0,65536,10.015392303,10.045671463,10.094642639,10.400260925,10.435510158500001,10.995794296,0.9626430630051691
bv_vienot_index,2,float,lookupApply,1,65536,10.013961792,10.040092468000001,10.166931152,10.40435791,10.430866718,11.680122375,0.9625367420977913
bv_vienot_index,2,float,lookupApply,2,65536,10.012435913,10.038137435500001,10.914039612,10.406898499,10.419552803,12.118181229,0.9633942670370477
bv_vienot_index,2,float,prepared,0,65536,1.581478119,1.591539383,1.697540283,0.775767326,0.793913841,0.80474472,2.004675193715385
bv_vienot_index,2,float,prepared,1,65536,1.581096649,1.591014862,1.626014709,0.774344444,0.786230564,0.804715157,2.0235983372429667
bv_vienot_index,2,float,prepared,2,65536,1.581668854,1.592874527,1.633071899,0.774449348,0.7875485419999999,0.796692848,2.022573139371008
bv_vienot_index,2,float,vienot,0,65536,1.044940948,1.054382324,1.065158844,0.768356323,0.780924797,0.807055473,1.3501713968496254
bv_vienot_index,2,float,vienot,1,65536,1.052284241,1.0575294495,1.15032196,0.768461227,0.780628681,0.793531418,1.3547150844435858
bv_vienot_ref,2,double,brettel,0,65536,3.712463379,3.7266254424999996,3.807735443,4.498208046,4.512891768999999,4.568798065,0.8257732809146835
bv_vienot_ref,2,double,brettel,1,65536,3.699970245,3.723287582,3.790569305,4.502906799,4.520661831,5.879860878,0.8236155946166813
bv_vienot_ref,2,double,brettel,2,65536,3.702545166,3.7237644195,4.656505585,4.51274395,4.523226261,5.474677086,0.8232540679220293
bv_vienot_ref,2,double,lookup,0,65536,8.364868164,8.388376236,10.138225555,6.268685341,6.287639141,8.241555214,1.3341058619763433
bv_vienot_ref,2,double,lookup,1,65536,8.36725235,8.3845615385,10.158634186,6.280718803,6.288393974,6.328903198,1.3333390963045282
bv_vienot_ref,2,double,lookup,2,65536,8.349895477,8.387470245500001,10.182857513,6.278780937,6.301111220999999,8.273349762,1.3311096965796603
bv_vienot_ref,2,double,lookupApply,0,65536,11.455631256,11.4879608155,12.940406799,10.450426102,10.4838495255,12.303203583,1.0957769650887956
bv_vienot_ref,2,double,lookupApply,1,65536,11.462116241,11.4946365355,12.415122986,10.452279091,10.472569465500001,11.533004761,1.0975946804045573
bv_vienot_ref,2,double,lookupApply,2,65536,11.456108093,11.490821837999999,12.941169739,10.45407486,10.481791019500001,11.369541168,1.0962651150574199
bv_vienot_ref,2,double,prepared,0,65536,1.205825806,1.2155056,1.291275024,1.188038826,1.1916818615,1.227617264,1.0199916934793423
bv_vienot_ref,2,double,prepared,1,65536,1.208591461,1.2337684635000001,1.473999023,1.18611908,1.189719677,1.244140625,1.0370245086733991
bv_vienot_ref,2,double,prepared,2,65536,1.205539703,1.2172222135,1.297283173,1.18889904,1.195474148,1.217675209,1.0181919998323543
bv_vienot_ref,2,double,vienot,0,65536,1.0638237,1.0719776154999998,1.139354706,1.189270973,1.200621605,1.719456673,0.8928521784346866
bv_vienot_ref,2,double,vienot,1,65536,1.066303253,1.0763645175,1.768016815,1.190922737,1.1929478645,1.233557701,0.9022728901494254
bv_vienot_ref,2,float,brettel,0,65536,2.615261078,2.639913559,2.813053131,2.255402565,2.325620651,2.352334023,1.1351436692243235
bv_vienot_ref,2,float,brettel,1,65536,2.617359161,2.632856369,3.176403046,2.325543404,2.3411598205,2.386258125,1.1245948892278967
bv_vienot_ref,2,float,brettel,2,65536,2.617359161,2.6306629185,3.225898743,2.315993309,2.3243212700000004,2.346508026,1.1317983242910303
bv_vienot_ref,2,float,lookup,0,65536,6.026077271,6.1267852785,7.77759552,4.413100243,4.4357161524999995,6.548315048,1.3812392560436724
bv_vienot_ref,2,float,lookup,1,65536,6.024932861,6.097126007,6.140232086,4.418143272,4.432889462,6.435566902,1.3754292903683507
bv_vienot_ref,2,float,lookup,2,65536,6.030845642,6.1094284055,7.556247711,4.414523125,4.4304585460000006,7.279642105,1.3789607423402803
bv_vienot_ref,2,float,lookupApply,0,65536,9.977531433,10.032558440999999,11.628437042,10.398918152,10.4318833355,11.308579445,0.9617207284957754
bv_vienot_ref,2,float,lookupApply,1,65536,9.976863861,10.028743744,11.622714996,10.403178215,10.434142113,12.057030678,0.9611469381373567
bv_vienot_ref,2,float,lookupApply,2,65536,9.977912903,10.0276470185,11.65599823,10.406014442,10.439127445,13.154240608,0.9605828716367395
bv_vienot_ref,2,float,prepared,0,65536,1.57957077,1.5918731689999999,1.7121315,0.77422905,0.7880306244999999,0.845698357,2.020065108522949
bv_vienot_ref,2,float,prepared,1,65536,1.580715179,1.5911102295,1.609992981,0.777896881,0.7859773640000001,0.798612595,2.024371568924725
bv_vienot_ref,2,float,prepared,2,65536,1.581001282,1.5905380245,1.629734039,0.775996208,0.7863831525,0.813349724,2.022599313634202
bv_vienot_ref,2,float,vienot,0,65536,1.08089447,1.091051102,1.110649109,0.773961067,0.7848072054999999,0.802156448,1.3902154495445698
bv_vienot_ref,2,float,vienot,1,65536,1.092529297,1.0980129239999998,1.23090744,0.774344444,0.7851648330000001,0.794963837,1.398448934352616
