variant,block,scalar,mode,deficiency,n,D_min_ns,D_median_ns,D_max_ns,CPP_min_ns,CPP_median_ns,CPP_max_ns,D_over_CPP
default,0,double,brettel,0,1024,21.453857422,21.502685547,22.192382812,4.089050293,4.1028442384999995,4.114196777,5.2409217355181354
default,0,double,brettel,1,1024,21.447753906,21.466064453,22.033691406,4.102600098,4.1361694335,5.685668945,5.189841663433878
default,0,double,brettel,2,1024,21.307373047,21.316528320000003,33.319091797,4.221191406,4.244720459,4.267028809,5.0218921424620495
default,0,double,lookup,0,1024,46.014404297,46.514892578,47.174072266,5.793334961,5.8281860355,7.172241211,7.981023991800133
default,0,double,lookup,1,1024,46.032714844,46.5606689455,63.342285156,5.802490234,5.830322266,6.853637695,7.985951174092441
default,0,double,lookup,2,1024,46.075439453,46.862792969,47.55859375,5.793273926,5.832458496,7.586853027,8.034826651769455
default,0,double,lookupApply,0,1024,55.249023438,55.73425293,56.481933594,10.071411133,10.078674316499999,11.53527832,5.529919032978012
default,0,double,lookupApply,1,1024,55.249023438,55.69152832,55.889892578,10.067077637,10.078674316,11.951721191,5.525679923161038
default,0,double,lookupApply,2,1024,55.590820312,56.253051758,56.848144531,10.062194824,10.077178955,11.48638916,5.582222168446148
default,0,double,prepared,0,1024,26.239013672,26.290893554500002,26.861572266,1.205871582,1.2156677249999999,2.216064453,21.626710172386954
default,0,double,prepared,1,1024,26.239013672,26.2634277345,26.818847656,1.205871582,1.2159423825000002,1.223022461,21.59923703004899
default,0,double,prepared,2,1024,26.239013672,26.889038086,51.202392578,1.205871582,1.2153320315,1.744018555,22.1248493325834
default,0,double,vienot,0,1024,21.917724609,21.923828125,22.454833984,1.20892334,1.2193298339999998,5.804382324,17.98022775599535
default,0,double,vienot,1,1024,21.923828125,21.969604492000002,24.383544922,1.210754395,1.220245361,1.231567383,18.004251599035584
default,0,float,brettel,0,1024,28.741455078,29.000854492000002,36.041259766,2.180603027,2.186096191,3.846313477,13.266046851641033
default,0,float,brettel,1,1024,28.875732422,29.382324219,29.815673828,2.13104248,2.135314941,2.138427734,13.7601829382788
default,0,float,brettel,2,1024,28.973388672,29.7424316405,30.688476562,2.132324219,2.1377868655,2.143249512,13.912720730250928
default,0,float,lookup,0,1024,28.979492188,29.217529297,30.017089844,4.462097168,4.477081299,5.994567871,6.526021607766207
default,0,float,lookup,1,1024,28.942871094,29.269409179500002,31.042480469,4.460876465,4.4736938475,5.784790039,6.542559722958334
default,0,float,lookup,2,1024,28.973388672,29.4006347655,32.305908203,4.462097168,4.467590332,5.578674316,6.580870800733929
default,0,float,lookupApply,0,1024,41.534423828,42.0532226565,43.127441406,9.933776855,9.940185546999999,12.017700195,4.2306275328222505
default,0,float,lookupApply,1,1024,41.522216797,42.166137695,57.244873047,9.927001953,9.937744140500001,12.13458252,4.243029111924638
default,0,float,lookupApply,2,1024,41.516113281,42.016601562,42.932128906,9.930725098,9.941741943,11.207519531,4.226281651937663
default,0,float,prepared,0,1024,15.447998047,15.454101562,16.754150391,0.782714844,0.786407471,1.87487793,19.651519259282317
default,0,float,prepared,1,1024,15.447998047,15.454101562,16.2109375,0.782104492,0.78515625,0.892150879,19.682835820258706
default,0,float,prepared,2,1024,15.447998047,15.454101562,19.494628906,0.780273438,0.784545898,0.790649414,19.698148446631738
default,0,float,vienot,0,1024,19.146728516,19.146728516,20.617675781,0.780883789,0.782409668,0.787597656,24.471487635042873
default,0,float,vienot,1,1024,19.451904297,19.482421875,20.147705078,0.779663086,0.782409668,0.785766602,24.90053826252055
bv_direct,0,double,brettel,0,1024,13.293457031,13.299560547,14.477539062,4.082336426,4.1049804685,5.029541016,3.239859641003308
bv_direct,0,double,brettel,1,1024,13.293457031,13.299560547,13.848876953,4.091552734,4.1434936525,6.004272461,3.2097456065790366
bv_direct,0,double,brettel,2,1024,13.299560547,13.305664062,16.748046875,4.225463867,4.2551269535,5.639892578,3.126972287173617
bv_direct,0,double,lookup,0,1024,45.709228516,46.2524414065,46.356201172,5.79699707,5.8076782225,7.354492188,7.964015848417642
bv_direct,0,double,lookup,1,1024,45.709228516,46.7041015625,62.219238281,5.793334961,5.803405762000001,6.9765625,8.047705688324054
bv_direct,0,double,lookup,2,1024,45.703125,46.325683594,47.509765625,5.793945312,5.8070983885,7.488952637,7.97742357624599
bv_direct,0,double,lookupApply,0,1024,55.389404297,55.581665039,55.938720703,10.070800781,10.0906066895,11.128662109,5.5082580016558085
bv_direct,0,double,lookupApply,1,1024,54.931640625,55.5572509765,56.219482422,10.073791504,10.0869750975,11.368347168,5.5078207727775155
bv_direct,0,double,lookupApply,2,1024,54.913330078,55.999755859,58.435058594,10.074462891,10.0866699215,11.241149902,5.551857678978377
bv_direct,0,double,prepared,0,1024,26.232910156,26.306152343999997,27.478027344,1.207092285,1.2147216795000002,1.221191406,21.65611496686883
bv_direct,0,double,prepared,1,1024,26.239013672,26.287841797,27.868652344,1.20526123,1.2147827145,1.27130127,21.639953782039097
bv_direct,0,double,prepared,2,1024,26.239013672,26.776123047,33.605957031,1.205871582,1.2141113285,1.223571777,22.054092090616713
bv_direct,0,double,vienot,0,1024,4.046630859,4.110717773499999,4.797363281,1.210754395,1.221191406,1.23034668,3.366153539324858
bv_direct,0,double,vienot,1,1024,4.046630859,4.046630859,4.571533203,1.211364746,1.2208557125000001,1.228515625,3.3145856775437745
bv_direct,0,float,brettel,0,1024,8.038330078,8.044433594,9.362792969,2.18182373,2.2151184085,3.650024414,3.6316043255888095
bv_direct,0,float,brettel,1,1024,8.038330078,8.044433594,9.307861328,2.131652832,2.1619262695000003,5.691223145,3.720956494904184
bv_direct,0,float,brettel,2,1024,8.044433594,8.044433594,8.581542969,2.132873535,2.1549072264999998,3.23059082,3.7330765311255503
bv_direct,0,float,lookup,0,1024,28.411865234,28.747558593999997,29.974365234,4.455383301,4.460266113,4.509155273,6.44525637387681
bv_direct,0,float,lookup,1,1024,28.442382812,28.982543945499998,29.705810547,4.455993652,4.461486816,5.715637207,6.496162633846949
bv_direct,0,float,lookup,2,1024,28.472900391,28.591918945,29.125976562,4.455993652,4.464538574,6.056884766,6.404227104567963
bv_direct,0,float,lookupApply,0,1024,41.522216797,42.1752929685,44.842529297,9.940490723,9.9866333005,11.379333496,4.223174287013063
bv_direct,0,float,lookupApply,1,1024,41.461181641,42.2943115235,68.884277344,9.938659668,9.9897155765,11.439880371,4.233785356511446
bv_direct,0,float,lookupApply,2,1024,41.436767578,42.065429688,42.199707031,9.936218262,9.989685058500001,11.08770752,4.210886473563795
bv_direct,0,float,prepared,0,1024,15.447998047,15.447998047,16.625976562,0.780273438,0.785461426,0.792480469,19.66741782046468
bv_direct,0,float,prepared,1,1024,15.447998047,15.447998047,17.67578125,0.779052734,0.786987305,1.104980469,19.629284931095555
bv_direct,0,float,prepared,2,1024,15.447998047,15.447998047,15.960693359,0.780883789,0.7864379885,1.857116699,19.64299572616589
bv_direct,0,float,vienot,0,1024,3.41796875,3.424072266,4.876708984,0.780883789,0.78515625,0.790039062,4.361007463164179
bv_direct,0,float,vienot,1,1024,3.41796875,3.424072266,3.430175781,0.780273438,0.7845458985,0.788879395,4.364400186842606
bv_split,0,double,brettel,0,1024,5.120849609,5.123901367,5.688476562,4.112304688,4.151763916,6.156555176,1.2341504648791788
bv_split,0,double,brettel,1,1024,5.114746094,5.126953125,5.670166016,4.134338379,4.204650879,5.26739502,1.2193528719843092
bv_split,0,double,brettel,2,1024,5.126953125,5.133056641,6.341552734,4.207763672,4.2624511720000005,5.314575195,1.2042499570948748
bv_split,0,double,lookup,0,1024,46.051025391,46.520996094,46.691894531,5.801879883,5.8184204105,6.813903809,7.995468325053924
bv_split,0,double,lookup,1,1024,46.051025391,46.942138672,64.276123047,5.797607422,5.813812256,6.99798584,8.07424399086065
bv_split,0,double,lookup,2,1024,46.057128906,46.5850830075,48.071289062,5.803100586,5.9890136720000005,7.869384766,7.7784232193851635
bv_split,0,double,lookupApply,0,1024,55.255126953,55.706787109,60.961914062,10.070800781,10.080535889,11.222229004,5.526173183886772
bv_split,0,double,lookupApply,1,1024,55.242919922,55.7037353515,55.828857422,10.062805176,10.0826416015,12.095397949,5.524716394085943
bv_split,0,double,lookupApply,2,1024,55.462646484,56.234741211,57.366943359,10.065856934,10.090332031500001,11.547485352,5.573130897521149
bv_split,0,double,prepared,0,1024,26.239013672,26.348876953,27.484130859,1.206481934,1.3125915529999999,2.397094727,20.073934570718666
bv_split,0,double,prepared,1,1024,26.239013672,26.239013672,26.824951172,1.206481934,1.261199951,1.47857666,20.80480073853095
bv_split,0,double,prepared,2,1024,26.239013672,26.272583007999998,27.447509766,1.206481934,1.2602844235,1.331848145,20.846550602471996
bv_split,0,double,vienot,0,1024,4.046630859,4.046630859,4.620361328,1.210205078,1.2618103029999999,1.335510254,3.207004134757014
bv_split,0,double,vienot,1,1024,4.046630859,4.046630859,4.644775391,1.211364746,1.2682495115,2.817138672,3.1907214016695487
bv_split,0,float,brettel,0,1024,4.345703125,4.351806641,7.531738281,2.18182373,2.2108154295,3.439025879,1.9684169844898394
bv_split,0,float,brettel,1,1024,4.345703125,4.3853759765,5.682373047,2.129821777,2.1494140625,6.053833008,2.0402657882489774
bv_split,0,float,brettel,2,1024,4.345703125,4.345703125,4.876708984,2.132873535,2.1488037110000002,3.26361084,2.022382548370422
bv_split,0,float,lookup,0,1024,28.747558594,29.431152343500003,30.377197266,4.464538574,4.469421387,5.467407227,6.585002799043528
bv_split,0,float,lookup,1,1024,28.802490234,28.973388672,29.443359375,4.463317871,4.4725036625,5.790283203,6.478114018089974
bv_split,0,float,lookup,2,1024,28.80859375,29.058837891,29.455566406,4.463928223,4.467315674,5.606201172,6.504764832296022
bv_split,0,float,lookupApply,0,1024,41.522216797,42.06237793,43.518066406,9.932556152,9.987915039,11.625793457,4.211327165455276
bv_split,0,float,lookupApply,1,1024,41.522216797,42.462158203,57.952880859,9.929504395,9.991546630999999,11.230773926,4.249808340107822
bv_split,0,float,lookupApply,2,1024,41.522216797,42.016601562,42.462158203,9.940490723,9.9964294435,11.537719727,4.203160918553828
bv_split,0,float,prepared,0,1024,15.447998047,15.478515625,18.188476562,0.780273438,0.7854309079999999,0.790649414,19.707036567244437
bv_split,0,float,prepared,1,1024,15.447998047,15.4510498045,16.833496094,0.779663086,0.785461426,0.835327148,19.67130312583931
bv_split,0,float,prepared,2,1024,15.447998047,15.447998047,15.985107422,0.782714844,0.7872924805,0.829223633,19.621676098302327
bv_split,0,float,vienot,0,1024,3.424072266,3.424072266,4.913330078,0.779052734,0.7860717775,0.791870117,4.3559282549105385
bv_split,0,float,vienot,1,1024,3.424072266,3.4393310545,3.961181641,0.782714844,0.784851074,0.792480469,4.38214480228895
bv_portable,0,double,brettel,0,1024,5.120849609,5.126953125,5.700683594,4.087890625,4.175933838000001,5.683288574,1.2277381117358592
bv_portable,0,double,brettel,1,1024,5.114746094,5.169677734,5.889892578,4.104370117,4.1472167970000005,5.271728516,1.2465414727630406
bv_portable,0,double,brettel,2,1024,5.126953125,5.133056641,6.793212891,4.224853516,4.290588379000001,5.493041992,1.1963526182384223
bv_portable,0,double,lookup,0,1024,46.044921875,46.530151367,49.21875,5.813476562,5.824798584,7.1484375,7.988285036123406
bv_portable,0,double,lookup,1,1024,46.038818359,46.563720703499996,63.464355469,5.801269531,5.8236083985,7.046875,7.995681975370033
bv_portable,0,double,lookup,2,1024,46.051025391,46.798706055,47.790527344,5.804931641,5.81930542,7.457824707,8.04197454461842
bv_portable,0,double,lookupApply,0,1024,55.242919922,55.7220458985,56.34765625,10.070800781,10.4034118655,11.612304688,5.35613187470608
bv_portable,0,double,lookupApply,1,1024,55.249023438,55.709838867,56.665039062,10.071960449,10.3819580075,12.168823242,5.366024292022258
bv_portable,0,double,lookupApply,2,1024,55.621337891,56.3598632815,56.811523438,10.076843262,10.392089843499999,11.6484375,5.423342574039785
bv_portable,0,double,prepared,0,1024,26.239013672,26.266479492499997,26.861572266,1.214416504,1.2211608885,1.237670898,21.509433965547444
bv_portable,0,double,prepared,1,1024,26.239013672,26.565551757999998,27.197265625,1.216247559,1.226348877,2.730957031,21.662311807213406
bv_portable,0,double,prepared,2,1024,26.239013672,26.5625,27.813720703,1.216247559,1.2233276365,1.234619141,21.713316373687597
bv_portable,0,double,vienot,0,1024,21.917724609,21.97265625,22.491455078,1.223571777,1.2303161624999999,1.241333008,17.859357553550794
bv_portable,0,double,vienot,1,1024,21.917724609,21.97265625,22.540283203,1.223632812,1.2290954589999998,1.236450195,17.877094971839778
bv_portable,0,float,brettel,0,1024,4.339599609,4.4006347654999995,4.455566406,2.179992676,2.1860961915,3.688537598,2.013010581423905
bv_portable,0,float,brettel,1,1024,4.339599609,4.345703125,5.76171875,2.130493164,2.1341552735000002,3.286193848,2.036263799059511
bv_portable,0,float,brettel,2,1024,4.345703125,4.345703125,4.888916016,2.13104248,2.139038086,3.920288086,2.0316155908782636
bv_portable,0,float,lookup,0,1024,28.576660156,29.119873047,31.878662109,4.459655762,4.4828796385,5.589111328,6.495796317374181
bv_portable,0,float,lookup,1,1024,28.576660156,28.7902832035,30.322265625,4.460266113,4.471862793,4.630859375,6.4380962780357835
bv_portable,0,float,lookup,2,1024,28.570556641,28.90625,29.815673828,4.461486816,4.472167969,5.616577148,6.463587727556572
bv_portable,0,float,lookupApply,0,1024,41.540527344,42.3400878905,44.769287109,9.931274414,9.9420166015,13.548339844,4.258702191677284
bv_portable,0,float,lookupApply,1,1024,41.546630859,42.5689697265,58.728027344,9.931945801,9.943847655999999,11.173278809,4.280935428532475
bv_portable,0,float,lookupApply,2,1024,41.540527344,42.077636719,42.230224609,9.933166504,9.940826416,11.482727051,4.232810730028946
bv_portable,0,float,prepared,0,1024,15.447998047,15.454101562,16.864013672,0.782165527,0.7845764159999999,0.790100098,19.697382239437594
bv_portable,0,float,prepared,1,1024,15.447998047,15.454101562,16.662597656,0.782714844,0.784851074,0.790039062,19.690489156417975
bv_portable,0,float,prepared,2,1024,15.447998047,15.454101562,16.003417969,0.779052734,0.784545898,0.791320801,19.698148446631738
bv_portable,0,float,vienot,0,1024,3.424072266,3.424072266,4.846191406,0.779663086,0.782104492,0.78704834,4.378024037739449
bv_portable,0,float,vienot,1,1024,3.424072266,3.424072266,4.791259766,0.779663086,0.780883789,0.786987305,4.384867907662506
bv_compiler,0,double,brettel,0,1024,5.120849609,5.126953125,5.743408203,4.08972168,4.101928710999999,5.231994629,1.2498884028021326
bv_compiler,0,double,brettel,1,1024,5.114746094,5.120849609,5.657958984,4.104370117,4.137664795,4.15447998,1.2376182853642692
bv_compiler,0,double,brettel,2,1024,5.126953125,5.126953125,6.359863281,4.106811523,4.2517395019999995,5.391601562,1.2058483645548614
bv_compiler,0,double,lookup,0,1024,46.008300781,46.481323242,47.155761719,5.794555664,5.8064575195,7.088439941,8.00510863739214
bv_compiler,0,double,lookup,1,1024,46.051025391,47.058105469,61.42578125,5.797607422,5.811065674,7.741516113,8.09801645841802
bv_compiler,0,double,lookup,2,1024,46.081542969,46.6186523435,48.175048828,5.792114258,5.805847168,7.581359863,8.029603776077215
bv_compiler,0,double,lookupApply,0,1024,55.242919922,55.6915283205,56.274414062,10.078674316,10.092163086,12.24029541,5.518294526745819
bv_compiler,0,double,lookupApply,1,1024,55.578613281,55.728149414,58.343505859,10.075622559,10.095214843499999,12.05078125,5.520253929997503
bv_compiler,0,double,lookupApply,2,1024,55.419921875,56.1126708985,56.945800781,10.080505371,10.090332030999999,11.452758789,5.5610331479784785
bv_compiler,0,double,prepared,0,1024,26.239013672,26.287841797,27.435302734,1.205871582,1.2147216799999998,1.221801758,21.641041095932366
bv_compiler,0,double,prepared,1,1024,26.239013672,26.287841797,26.812744141,1.20526123,1.2156372069999999,2.51385498,21.62474268278957
bv_compiler,0,double,prepared,2,1024,26.239013672,26.266479492499997,28.833007812,1.205871582,1.21383667,1.223022461,21.6392206148295
bv_compiler,0,double,vienot,0,1024,4.046630859,4.046630859,5.047607422,1.210754395,1.2205810545,1.230285645,3.315331533355371
bv_compiler,0,double,vienot,1,1024,4.046630859,4.046630859,4.632568359,1.211975098,1.2239074705,1.250488281,3.30632090785984
bv_compiler,0,float,brettel,0,1024,4.339599609,4.345703125,6.774902344,2.18182373,2.186096191,3.673278809,1.9878828492959029
bv_compiler,0,float,brettel,1,1024,4.339599609,4.345703125,5.389404297,2.126831055,2.1341247555000002,3.31060791,2.0362929176471
bv_compiler,0,float,brettel,2,1024,4.345703125,4.345703125,5.560302734,2.132263184,2.1378173824999998,4.523254395,2.032775652669669
bv_compiler,0,float,lookup,0,1024,28.784179688,28.9978027345,30.133056641,4.45904541,4.465759277,5.60925293,6.493364495450389
bv_compiler,0,float,lookup,1,1024,28.759765625,28.927612304500002,30.047607422,4.457763672,4.4620666505,4.514038086,6.4830076666959915
bv_compiler,0,float,lookup,2,1024,28.765869141,28.952026367000002,29.534912109,4.457824707,4.462402344,5.674072266,6.487991027059214
bv_compiler,0,float,lookupApply,0,1024,41.516113281,42.1813964845,44.268798828,9.928283691,9.9438781735,13.169189453,4.2419462254587526
bv_compiler,0,float,lookupApply,1,1024,41.528320312,42.678833008,57.220458984,9.934387207,9.9435424805,12.980895996,4.292115520368747
bv_compiler,0,float,lookupApply,2,1024,41.546630859,42.01965332,42.352294922,9.931335449,9.943267822500001,11.046081543,4.225940009874455
bv_compiler,0,float,prepared,0,1024,15.447998047,15.447998047,16.845703125,0.779663086,0.784545898,0.790710449,19.690368767946833
bv_compiler,0,float,prepared,1,1024,15.447998047,15.6646728515,17.016601562,0.782714844,0.78515625,0.790649414,19.951026119323384
bv_compiler,0,float,prepared,2,1024,15.447998047,15.4510498045,16.070556641,0.781494141,0.784545898,0.790039062,19.694258607289285
bv_compiler,0,float,vienot,0,1024,3.41796875,3.424072266,4.650878906,0.779052734,0.781494141,0.788818359,4.381443297346486
bv_compiler,0,float,vienot,1,1024,3.41796875,3.424072266,4.815673828,0.779052734,0.7817993165,0.787597656,4.379733000188675
default,1,double,brettel,0,1024,21.459960938,21.466064453,22.698974609,4.14239502,4.14944458,5.208984375,5.1732380175565575
default,1,double,brettel,1,1024,21.453857422,21.502685547,22.027587891,4.16015625,4.166503906,4.199890137,5.160846127141492
default,1,double,brettel,2,1024,21.307373047,21.313476562,22.619628906,4.256164551,4.2873229980000005,5.28729248,4.971278481220695
default,1,double,lookup,0,1024,46.069335938,46.51184082,46.704101562,5.801696777,5.8132629394999995,7.00592041,8.000986933510443
default,1,double,lookup,1,1024,46.002197266,46.844482422,62.255859375,5.799194336,5.8178710935,7.101318359,8.05182543049757
default,1,double,lookup,2,1024,46.032714844,46.5911865235,50.256347656,5.801086426,5.813293457,7.677429199,8.014593941993043
default,1,double,lookupApply,0,1024,55.261230469,55.7189941405,56.451416016,10.071289062,10.2048950195,12.231506348,5.460026196646755
default,1,double,lookupApply,1,1024,55.297851562,55.728149414,56.774902344,10.071899414,10.198791503999999,12.440002441,5.464191457599975
default,1,double,lookupApply,2,1024,55.249023438,56.140136719,57.104492188,10.073730469,10.206176758,11.723205566,5.500604001884954
default,1,double,prepared,0,1024,26.245117188,26.272583007500003,26.763916016,1.221984863,1.2357177735,1.2421875,21.260989823822424
default,1,double,prepared,1,1024,26.245117188,26.339721679500002,27.502441406,1.223205566,1.236694336,1.242736816,21.29848978260381
default,1,double,prepared,2,1024,26.245117188,26.251220703,27.575683594,1.22076416,1.2360839845,1.242797852,21.23740864874866
default,1,double,vienot,0,1024,21.923828125,21.929931641,22.570800781,1.225036621,1.2418518065,1.25012207,17.65905684254444
default,1,double,vienot,1,1024,21.923828125,21.929931641,22.4609375,1.223815918,1.2406616215000001,1.871520996,17.67599743634046
default,1,float,brettel,0,1024,28.741455078,29.1137695315,30.480957031,2.180358887,2.1858825685,2.229309082,13.318999817761712
default,1,float,brettel,1,1024,28.881835938,29.2541503905,30.249023438,2.130249023,2.1338806155,2.139404297,13.709366015139192
default,1,float,brettel,2,1024,28.979492188,29.397583007999998,30.194091797,2.13269043,2.1393737795,3.382141113,13.741209362148302
default,1,float,lookup,0,1024,28.961181641,29.0954589845,30.541992188,4.465942383,4.4772338865000005,5.89465332,6.498534524236094
default,1,float,lookup,1,1024,28.979492188,29.2327880855,30.37109375,4.466552734,4.4760131835,5.342407227,6.5309879321315005
default,1,float,lookup,2,1024,28.930664062,29.1015625,29.553222656,4.464050293,4.476928711,5.912963867,6.500340831538427
default,1,float,lookupApply,0,1024,41.534423828,42.053222656,43.328857422,9.93548584,9.944396973,13.827697754,4.228835873123184
default,1,float,lookupApply,1,1024,41.528320312,42.071533203,58.935546875,9.939758301,9.9486083985,11.379516602,4.228886243963863
default,1,float,lookupApply,2,1024,41.522216797,42.022705078,43.096923828,9.933044434,9.945556640500001,11.273010254,4.225274320682704
default,1,float,prepared,0,1024,15.447998047,15.460205078,16.784667969,0.779785156,0.7846984865,0.790222168,19.7020962114472
default,1,float,prepared,1,1024,15.447998047,15.454101562,16.937255859,0.782836914,0.784729004,0.788391113,19.69355214758954
default,1,float,prepared,2,1024,15.447998047,15.454101562,15.979003906,0.777954102,0.7837829590000001,0.789550781,19.717322741639244
default,1,float,vienot,0,1024,19.146728516,19.177246093999997,20.361328125,0.779174805,0.781005859,0.787719727,24.55454830845257
default,1,float,vienot,1,1024,19.458007812,19.464111328,20.892333984,0.779174805,0.7813415530000001,2.061706543,24.911143216774494
bv_direct,1,double,brettel,0,1024,13.293457031,13.299560547,14.208984375,4.089050293,4.1063232425,5.337768555,3.2388002019302795
bv_direct,1,double,brettel,1,1024,13.293457031,13.299560547,16.192626953,4.102539062,4.1378173825,6.476989746,3.214148744999623
bv_direct,1,double,brettel,2,1024,13.299560547,13.305664062,14.752197266,4.217529297,4.255859375,5.290100098,3.1264341439853145
bv_direct,1,double,lookup,0,1024,45.593261719,46.255493164,46.58203125,5.804931641,5.8186035154999995,6.84753418,7.9495867076664375
bv_direct,1,double,lookup,1,1024,45.642089844,46.710205078,63.043212891,5.809204102,5.8245544435,6.909912109,8.01953274385253
bv_direct,1,double,lookup,2,1024,45.684814453,46.3256835935,47.283935547,5.79498291,5.8215026855000005,7.62121582,7.957684827473571
bv_direct,1,double,lookupApply,0,1024,55.120849609,55.557250977,56.195068359,10.08605957,10.1981201175,11.89263916,5.447793351802517
bv_direct,1,double,lookupApply,1,1024,54.937744141,55.557250977,55.969238281,10.07989502,10.199066162000001,11.685913086,5.447288025642675
bv_direct,1,double,lookupApply,2,1024,54.931640625,55.844116211,57.104492188,10.084838867,10.1954345705,12.227539062,5.477364973983774
bv_direct,1,double,prepared,0,1024,26.239013672,26.242065429999997,26.849365234,1.206054688,1.2148742675,1.224243164,21.600643072308713
bv_direct,1,double,prepared,1,1024,26.239013672,26.245117188,26.85546875,1.206665039,1.21484375,2.601318359,21.603697749607715
bv_direct,1,double,prepared,2,1024,26.239013672,26.245117188,27.478027344,1.206726074,1.21484375,1.223022461,21.603697749607715
bv_direct,1,double,vienot,0,1024,4.046630859,4.046630859,4.656982422,1.210388184,1.2214660645,2.526550293,3.3129294186789098
bv_direct,1,double,vienot,1,1024,4.046630859,4.046630859,4.052734375,1.209716797,1.2200622555,1.229125977,3.3167412898464184
bv_direct,1,float,brettel,0,1024,8.038330078,8.041381836,10.25390625,2.182250977,2.186706543,3.687927246,3.6773941440573075
bv_direct,1,float,brettel,1,1024,8.038330078,8.044433594,9.442138672,2.128967285,2.1364746095,3.776611328,3.765283967443283
bv_direct,1,float,brettel,2,1024,8.044433594,8.050537109,9.301757812,2.132629395,2.1404418945000003,3.195678711,3.761156576913562
bv_direct,1,float,lookup,0,1024,28.430175781,28.988647461,29.809570312,4.467163086,4.4771118165,5.668334961,6.474854470724832
bv_direct,1,float,lookup,1,1024,28.436279297,28.787231445,29.772949219,4.470153809,4.476806641,5.785339355,6.430304847512846
bv_direct,1,float,lookup,2,1024,28.430175781,28.604125977,29.150390625,4.468994141,4.4826660154999995,5.900939941,6.381052230546218
bv_direct,1,float,lookupApply,0,1024,41.552734375,42.0806884765,43.048095703,9.933166504,9.939758301,11.305358887,4.233572608326545
bv_direct,1,float,lookupApply,1,1024,41.564941406,42.4865722655,58.947753906,9.934997559,9.941741943,12.49407959,4.273554122516214
bv_direct,1,float,lookupApply,2,1024,41.558837891,42.074584961,42.950439453,9.932556152,9.94039917,12.003112793,4.232685653910214
bv_direct,1,float,prepared,0,1024,15.447998047,15.447998047,16.870117188,0.779052734,0.785461426,1.825622559,19.66741782046468
bv_direct,1,float,prepared,1,1024,15.447998047,15.447998047,17.358398438,0.779052734,0.783996582,0.790222168,19.704165045709345
bv_direct,1,float,prepared,2,1024,15.447998047,15.447998047,16.625976562,0.779052734,0.784545898,0.790222168,19.690368767946833
bv_direct,1,float,vienot,0,1024,3.424072266,3.424072266,3.436279297,0.779785156,0.780944824,0.831054688,4.384525206866599
bv_direct,1,float,vienot,1,1024,3.424072266,3.424072266,4.711914062,0.779052734,0.781555176,0.786499023,4.381101131623751
bv_split,1,double,brettel,0,1024,5.120849609,5.126953125,6.396484375,4.085449219,4.101654053000001,5.342956543,1.2499720987561305
bv_split,1,double,brettel,1,1024,5.120849609,5.120849609,5.670166016,4.104370117,4.1340942384999995,5.588500977,1.2386871981075187
bv_split,1,double,brettel,2,1024,5.126953125,5.133056641,6.384277344,4.218139648,4.2429504394999995,5.245117188,1.2097847274419007
bv_split,1,double,lookup,0,1024,46.063232422,46.520996094,47.65625,5.790649414,5.809082031,6.840209961,8.008321425957153
bv_split,1,double,lookup,1,1024,46.057128906,46.9604492185,63.171386719,5.792480469,5.8136901855000005,7.001586914,8.077563083018195
bv_split,1,double,lookup,2,1024,46.069335938,46.6796875,47.698974609,5.794372559,5.8161621095000005,7.293395996,8.025857364559071
bv_split,1,double,lookupApply,0,1024,55.102539062,55.679321289,59.222412109,10.068786621,10.094879150499999,11.227233887,5.515600579155245
bv_split,1,double,lookupApply,1,1024,55.297851562,55.73425293,56.732177734,10.071228027,10.094604492,11.361633301,5.521192333406379
bv_split,1,double,lookupApply,2,1024,55.255126953,56.195068359000004,57.293701172,10.070617676,10.090301514,11.559753418,5.5692159724891255
bv_split,1,double,prepared,0,1024,26.239013672,26.245117188,26.867675781,1.205444336,1.214355469,2.216064453,21.612384394836532
bv_split,1,double,prepared,1,1024,26.239013672,26.391601562,26.800537109,1.207336426,1.2145080565000002,1.223022461,21.730281179077547
bv_split,1,double,prepared,2,1024,26.239013672,26.397705078,28.240966797,1.206054688,1.2151184085,1.223632812,21.724389074630665
bv_split,1,double,vienot,0,1024,4.046630859,4.046630859,4.718017578,1.212219238,1.2203369144999998,1.229675293,3.315994796943431
bv_split,1,double,vienot,1,1024,4.046630859,4.046630859,4.638671875,1.212219238,1.222076416,2.423156738,3.3112748155676712
bv_split,1,float,brettel,0,1024,4.339599609,4.345703125,5.853271484,2.183410645,2.187927246,2.192260742,1.9862192095029103
bv_split,1,float,brettel,1,1024,4.339599609,4.345703125,5.444335938,2.132019043,2.1367492675,4.208435059,2.033791793495958
bv_split,1,float,brettel,2,1024,4.345703125,4.351806641,4.858398438,2.133300781,2.1393737795,3.098999023,2.0341497510627033
bv_split,1,float,lookup,0,1024,28.753662109,28.936767578,30.395507812,4.464660645,4.4695129394999995,5.542602539,6.47425524205712
bv_split,1,float,lookup,1,1024,28.790283203,29.086303711,29.638671875,4.465332031,4.4694213865000005,8.175720215,6.507845467168504
bv_split,1,float,lookup,2,1024,28.765869141,29.086303711,29.656982422,4.467712402,4.473083496,5.605895996,6.502517499843244
bv_split,1,float,lookupApply,0,1024,41.516113281,42.044067383,43.188476562,9.93548584,9.943206787000001,11.304870605,4.22842130146277
bv_split,1,float,lookupApply,1,1024,41.522216797,42.303466797,57.073974609,9.936096191,9.944763183500001,11.358520508,4.253843557299425
bv_split,1,float,lookupApply,2,1024,41.522216797,42.034912109,42.822265625,9.933654785,9.94354248,11.157409668,4.227357824794047
bv_split,1,float,prepared,0,1024,15.447998047,15.454101562,17.413330078,0.782714844,0.783935547,2.704650879,19.71348489188997
bv_split,1,float,prepared,1,1024,15.447998047,15.460205078,16.784667969,0.778564453,0.783447266,0.789550781,19.733561847671314
bv_split,1,float,prepared,2,1024,15.447998047,15.45715332,15.966796875,0.779846191,0.784057617,0.790222168,19.714307960099827
bv_split,1,float,vienot,0,1024,3.41796875,3.424072266,3.948974609,0.779785156,0.7818603515,1.820129395,4.3793911015322795
bv_split,1,float,vienot,1,1024,3.41796875,3.424072266,3.436279297,0.779785156,0.782226562,0.788269043,4.377340827247439
bv_portable,1,double,brettel,0,1024,5.120849609,5.126953125,6.915283203,4.144104004,4.180236816,4.224914551,1.2264743244632483
bv_portable,1,double,brettel,1,1024,5.114746094,5.120849609,5.694580078,4.158752441,4.2083740235,5.859985352,1.2168237852445247
bv_portable,1,double,brettel,2,1024,5.126953125,5.172729492,6.4453125,4.257202148,4.2952575685,4.331970215,1.2042885460315789
bv_portable,1,double,lookup,0,1024,46.032714844,46.514892578,47.320556641,5.784179688,5.805755615500001,6.849365234,8.011858517402315
bv_portable,1,double,lookup,1,1024,46.09375,46.9696044925,62.841796875,5.794555664,5.8118896485,6.753356934,8.081640797261603
bv_portable,1,double,lookup,2,1024,45.99609375,46.697998047,47.344970703,5.788818359,5.8038024905,7.328857422,8.046103933315786
bv_portable,1,double,lookupApply,0,1024,55.249023438,55.7342529295,55.926513672,10.06829834,10.287780762,11.786804199,5.4175195038531285
bv_portable,1,double,lookupApply,1,1024,55.242919922,55.712890625,58.746337891,10.06829834,10.286254883,11.414306641,5.416246365533503
bv_portable,1,double,lookupApply,2,1024,55.255126953,56.005859375,57.2265625,10.068908691,10.2859191895,11.621704102,5.444905636841043
bv_portable,1,double,prepared,0,1024,26.239013672,26.293945312,27.478027344,1.220153809,1.2316589355,1.244384766,21.348398127218395
bv_portable,1,double,prepared,1,1024,26.239013672,26.26953125,26.873779297,1.220214844,1.231964111,1.243164062,21.3232926312088
bv_portable,1,double,prepared,2,1024,26.239013672,26.3366699215,28.02734375,1.220153809,1.23135376,2.297424316,21.388386324901465
bv_portable,1,double,vienot,0,1024,21.923828125,21.929931641,22.55859375,1.221923828,1.2428588865,2.822570801,17.644747830348315
bv_portable,1,double,vienot,1,1024,21.923828125,21.929931641,22.546386719,1.221374512,1.234710693,1.249938965,17.761190346312162
bv_portable,1,float,brettel,0,1024,4.339599609,4.348754883,5.578613281,2.180603027,2.186279297,2.190185547,1.9891122277777302
bv_portable,1,float,brettel,1,1024,4.339599609,4.345703125,5.584716797,2.127746582,2.1344909665,2.137145996,2.0359435543200273
bv_portable,1,float,brettel,2,1024,4.345703125,4.351806641,5.804443359,2.13470459,2.1388854979999996,2.141784668,2.0346141226677297
bv_portable,1,float,lookup,0,1024,28.61328125,28.9123535155,30.688476562,4.45916748,4.4660644529999995,8.09564209,6.473787787831553
bv_portable,1,float,lookup,1,1024,28.649902344,28.820800781000003,30.151367188,4.46105957,4.46697998,6.336181641,6.451965513622025
bv_portable,1,float,lookup,2,1024,28.662109375,28.741455078,29.388427734,4.456115723,4.463928223,6.730163574,6.438601528114222
bv_portable,1,float,lookupApply,0,1024,41.516113281,42.2668457035,44.152832031,9.933044434,9.9404296875,11.194763184,4.252013950327537
bv_portable,1,float,lookupApply,1,1024,41.558837891,42.6208496095,58.587646484,9.934997559,9.941680908,13.991088867,4.287086862263232
bv_portable,1,float,lookupApply,2,1024,41.522216797,42.056274414,43.072509766,9.93182373,9.940979004,11.268066406,4.2305968453486935
bv_portable,1,float,prepared,0,1024,15.447998047,15.625,16.949462891,0.780822754,0.78527832,2.48449707,19.89740401848863
bv_portable,1,float,prepared,1,1024,15.447998047,15.454101562,16.644287109,0.779785156,0.7895507815,2.153076172,19.573283852167272
bv_portable,1,float,prepared,2,1024,15.447998047,15.454101562,16.607666016,0.779052734,0.7846069335,0.787597656,19.6966161044
bv_portable,1,float,vienot,0,1024,3.424072266,3.430175781,5.480957031,0.779052734,0.782226562,0.785217285,4.385143573020216
bv_portable,1,float,vienot,1,1024,3.424072266,3.424072266,4.937744141,0.780212402,0.7830810545,1.076904297,4.372564303942052
bv_compiler,1,double,brettel,0,1024,5.120849609,5.126953125,5.651855469,4.086120605,4.109649658,5.580871582,1.2475401923907743
bv_compiler,1,double,brettel,1,1024,5.114746094,5.120849609,5.749511719,4.103271484,4.1231384275,5.495239258,1.2419785799199925
bv_compiler,1,double,brettel,2,1024,5.126953125,5.133056641,6.158447266,4.227416992,4.2570800779999995,5.203491211,1.2057693411798678
bv_compiler,1,double,lookup,0,1024,46.014404297,46.51184082,49.328613281,5.802856445,5.812988281,6.933105469,8.001364972990903
bv_compiler,1,double,lookup,1,1024,46.057128906,46.6156005855,61.047363281,5.801696777,5.810241699,6.78326416,8.023005410174761
bv_compiler,1,double,lookup,2,1024,46.063232422,46.5606689455,47.729492188,5.795532227,5.8110961915,7.590637207,8.012372779787258
bv_compiler,1,double,lookupApply,0,1024,55.297851562,55.6732177735,56.829833984,10.071899414,10.560546875,13.233215332,5.271812002965045
bv_compiler,1,double,lookupApply,1,1024,55.145263672,55.688476562,55.810546875,10.065185547,10.5645141605,12.352600098,5.271276626256551
bv_compiler,1,double,lookupApply,2,1024,55.255126953,56.170654297,56.73828125,10.067016602,10.5593261715,11.978271484,5.319530184473949
bv_compiler,1,double,prepared,0,1024,26.239013672,26.245117188,26.940917969,1.206665039,1.2149353029999999,1.221374512,21.602069775397744
bv_compiler,1,double,prepared,1,1024,26.239013672,26.339721679999997,27.209472656,1.206665039,1.2152404785000002,2.091674805,21.674493358311874
bv_compiler,1,double,prepared,2,1024,26.245117188,26.248168945499998,27.587890625,1.207275391,1.2146606444999999,1.380371094,21.60946686167208
bv_compiler,1,double,vienot,0,1024,4.046630859,4.046630859,4.052734375,1.211608887,1.221374512,1.230529785,3.313177751166303
bv_compiler,1,double,vienot,1,1024,4.046630859,4.046630859,4.58984375,1.211547852,1.2210693355000002,1.229309082,3.3140057991407974
bv_compiler,1,float,brettel,0,1024,4.339599609,4.351806641,4.919433594,2.184020996,2.187408447,2.24029541,1.9894805869331085
bv_compiler,1,float,brettel,1,1024,4.339599609,4.345703125,4.351806641,2.132629395,2.135681152,5.905029297,2.0348089512005956
bv_compiler,1,float,brettel,2,1024,4.345703125,4.351806641,4.357910156,2.132629395,2.138122559,3.291015625,2.035340127104472
bv_compiler,1,float,lookup,0,1024,28.753662109,29.220581054500002,30.224609375,4.462219238,4.479675293,4.500793457,6.522923904810796
bv_compiler,1,float,lookup,1,1024,28.747558594,28.90625,30.102539062,4.465332031,4.476654053000001,4.483703613,6.457110524461604
bv_compiler,1,float,lookup,2,1024,28.778076172,29.171752929500002,30.456542969,4.460388184,4.4714355465,5.761962891,6.524024024529233
bv_compiler,1,float,lookupApply,0,1024,41.528320312,42.2454833985,44.720458984,9.927490234,9.94039917,11.498718262,4.249877965262838
bv_compiler,1,float,lookupApply,1,1024,41.510009766,42.3889160155,57.409667969,9.932434082,9.940093994000001,11.408203125,4.2644381472737205
bv_compiler,1,float,lookupApply,2,1024,41.522216797,42.022705078,43.151855469,9.930603027,9.9385681155,11.198425293,4.228245416204594
bv_compiler,1,float,prepared,0,1024,15.447998047,15.454101562,16.876220703,0.780395508,0.7840576175,0.788391113,19.710415685107478
bv_compiler,1,float,prepared,1,1024,15.447998047,15.454101562,16.888427734,0.778564453,0.784362793,0.790222168,19.702746866525576
bv_compiler,1,float,prepared,2,1024,15.447998047,15.460205078,15.997314453,0.778564453,0.784362793,0.790161133,19.710528362606816
bv_compiler,1,float,vienot,0,1024,3.424072266,3.4423828125,3.454589844,0.778625488,0.782836914,0.788330078,4.397317948269364
bv_compiler,1,float,vienot,1,1024,3.424072266,3.4271240235000002,4.479980469,0.779174805,0.781951904,2.007324219,4.382781096853752
default,2,double,brettel,0,1024,21.453857422,21.459960938,22.027587891,4.148986816,4.164001465,4.226074219,5.153687172874229
default,2,double,brettel,1,1024,21.447753906,21.472167968500003,22.75390625,4.161254883,4.180786133,5.488830566,5.135916376830368
default,2,double,brettel,2,1024,21.301269531,21.3439941405,22.845458984,4.260925293,4.2820129394999995,5.735839844,4.984570210801906
default,2,double,lookup,0,1024,46.057128906,46.520996094,46.58203125,5.798828125,5.8055725095,7.158203125,8.01316252925529
default,2,double,lookup,1,1024,46.014404297,47.0092773435,64.068603516,5.788452148,5.808013916,7.202270508,8.093864447190487
default,2,double,lookup,2,1024,46.057128906,46.5606689455,47.912597656,5.801269531,5.8104248045,7.630859375,8.013298599000912
default,2,double,lookupApply,0,1024,55.249023438,55.7037353515,56.365966797,10.075622559,10.28414917,11.548156738,5.416465128101599
default,2,double,lookupApply,1,1024,55.676269531,55.7495117185,56.73828125,10.082397461,10.289031982000001,11.447875977,5.418343709693019
default,2,double,lookupApply,2,1024,55.133056641,56.1248779295,58.129882812,10.081787109,10.2826232915,11.49432373,5.458225623795332
default,2,double,prepared,0,1024,26.239013672,26.290893554500002,26.782226562,1.222961426,1.251434326,2.257019043,21.008608289125675
default,2,double,prepared,1,1024,26.239013672,26.2634277345,26.867675781,1.223022461,1.258178711,1.32635498,20.87416318912743
default,2,double,prepared,2,1024,26.239013672,26.339721679999997,27.496337891,1.221740723,1.2419433595,1.353881836,21.208472575274474
default,2,double,vienot,0,1024,21.917724609,21.923828125,22.4609375,1.225402832,1.2807922365,2.559692383,17.117396171069
default,2,double,vienot,1,1024,21.917724609,21.923828125,23.803710938,1.22668457,1.2507934569999999,1.331848145,17.527936368954002
default,2,float,brettel,0,1024,28.729248047,28.869628906499997,30.535888672,2.182434082,2.1873168945000003,3.893432617,13.198649440825225
default,2,float,brettel,1,1024,28.869628906,28.930664062,30.035400391,2.129211426,2.132598877,2.139587402,13.565919204973868
default,2,float,brettel,2,1024,29.00390625,29.5166015625,30.639648438,2.132873535,2.1381225585,2.145812988,13.80491564674729
default,2,float,lookup,0,1024,28.887939453,29.241943359,30.187988281,4.45904541,4.4731445315,6.366943359,6.53722301013917
default,2,float,lookup,1,1024,28.851318359,29.1656494145,29.968261719,4.46270752,4.474029541,8.647216797,6.518877255330129
default,2,float,lookup,2,1024,28.948974609,29.476928711,32.019042969,4.46270752,4.475524902,6.553405762,6.5862506312561235
default,2,float,lookupApply,0,1024,41.516113281,42.254638672,43.524169922,9.928894043,9.9411315915,11.184875488,4.250485800643574
default,2,float,lookupApply,1,1024,41.510009766,42.025756836,58.795166016,9.930114746,9.9396057125,11.200195312,4.228111059088452
default,2,float,lookupApply,2,1024,41.510009766,42.007446289,42.694091797,9.928894043,9.9414367675,11.246643066,4.225490466964336
default,2,float,prepared,0,1024,15.447998047,15.4510498045,17.291259766,0.780273438,0.783630371,0.833435059,19.717267702096247
default,2,float,prepared,1,1024,15.447998047,15.454101562,16.217041016,0.779052734,0.78515625,2.04119873,19.682835820258706
default,2,float,prepared,2,1024,15.447998047,15.447998047,15.972900391,0.781494141,0.785766602,1.793518066,19.65977938955466
default,2,float,vienot,0,1024,19.146728516,19.146728516,20.678710938,0.779052734,0.781188965,0.788208008,24.509727318024773
default,2,float,vienot,1,1024,19.451904297,19.458007812,20.141601562,0.779663086,0.783630371,2.002075195,24.830594285376417
bv_direct,2,double,brettel,0,1024,13.293457031,13.299560547,13.909912109,4.079345703,4.109893799,5.203857422,3.235986426276024
bv_direct,2,double,brettel,1,1024,13.293457031,13.299560547,13.8671875,4.103149414,4.123321533,5.372009277,3.2254483286254065
bv_direct,2,double,brettel,2,1024,13.299560547,13.305664062,14.715576172,4.216918945,4.2578430175,5.47467041,3.124977601877968
bv_direct,2,double,lookup,0,1024,45.709228516,46.243286133,46.655273438,5.763305664,5.8000793455,6.928283691,7.97287129681733
bv_direct,2,double,lookup,1,1024,45.629882812,46.673583984,64.477539062,5.76953125,5.799438476500001,7.244384766,8.047948809721284
bv_direct,2,double,lookup,2,1024,45.690917969,46.3439941405,47.332763672,5.782958984,5.8077087405,7.767211914,7.979738001894036
bv_direct,2,double,lookupApply,0,1024,54.937744141,55.615234375,58.331298828,10.068359375,10.084503174,11.344482422,5.514920607927214
bv_direct,2,double,lookupApply,1,1024,55.413818359,55.8319091795,57.116699219,10.066467285,10.081481933500001,12.234863281,5.538065687939667
bv_direct,2,double,lookupApply,2,1024,54.937744141,55.822753906,57.690429688,10.06829834,10.0869750975,11.582946777,5.534142135419305
bv_direct,2,double,prepared,0,1024,26.239013672,26.3244628905,26.770019531,1.205200195,1.2150268555000001,1.221801758,21.665745716926665
bv_direct,2,double,prepared,1,1024,26.239013672,26.339721679500002,26.892089844,1.207092285,1.2156372069999999,2.733398438,21.66741979254013
bv_direct,2,double,prepared,2,1024,26.239013672,26.382446289,27.661132812,1.207092285,1.2150268555000001,1.222412109,21.71346762384381
bv_direct,2,double,vienot,0,1024,4.046630859,4.052734375,4.577636719,1.210754395,1.2211608885,1.228515625,3.318755467167093
bv_direct,2,double,vienot,1,1024,4.046630859,4.046630859,4.577636719,1.209533691,1.2199096680000001,1.227905273,3.3171561511061
bv_direct,2,float,brettel,0,1024,8.038330078,8.044433594,10.290527344,2.181213379,2.186096191,2.290710449,3.679816847546943
bv_direct,2,float,brettel,1,1024,8.038330078,8.044433594,9.399414062,2.133544922,2.139038086,3.657348633,3.7607715573887166
bv_direct,2,float,brettel,2,1024,8.044433594,8.1939697265,8.721923828,2.13104248,2.1377868655,4.384460449,3.8329217279494983
bv_direct,2,float,lookup,0,1024,28.460693359,28.973388672,31.585693359,4.46270752,4.475860596,5.94317627,6.47325537750059
bv_direct,2,float,lookup,1,1024,28.405761719,28.5736083985,29.034423828,4.462097168,4.471862793,4.482910156,6.38964335918971
bv_direct,2,float,lookup,2,1024,28.442382812,28.955078125,29.705810547,4.470031738,4.4786071775,5.814147949,6.465197097541159
bv_direct,2,float,lookupApply,0,1024,41.552734375,42.254638672,44.348144531,9.931335449,9.938079834,11.200866699,4.251791027824018
bv_direct,2,float,lookupApply,1,1024,41.577148438,42.483520508,58.3984375,9.931945801,9.935913086,13.964172363,4.2757540389378565
bv_direct,2,float,lookupApply,2,1024,41.516113281,42.0532226565,48.266601562,9.930725098,9.9368591305,11.593994141,4.232043757913671
bv_direct,2,float,prepared,0,1024,15.447998047,15.447998047,16.619873047,0.779663086,0.78515625,0.790649414,19.675062189213932
bv_direct,2,float,prepared,1,1024,15.447998047,15.447998047,16.662597656,0.779663086,0.782714844,0.791320801,19.736431684436024
bv_direct,2,float,prepared,2,1024,15.447998047,15.447998047,18.572998047,0.780273438,0.783630371,0.790100098,19.713373318196727
bv_direct,2,float,vienot,0,1024,3.424072266,3.430175781,3.942871094,0.779052734,0.781494141,0.786376953,4.38925335589944
bv_direct,2,float,vienot,1,1024,3.424072266,3.424072266,4.827880859,0.779052734,0.782409668,0.786987305,4.376316405640325
bv_split,2,double,brettel,0,1024,5.120849609,5.126953125,5.676269531,4.102478027,4.142578125,5.126159668,1.2376237623762376
bv_split,2,double,brettel,1,1024,5.114746094,5.120849609,5.737304688,4.136169434,4.154205322,5.655761719,1.2326905417700007
bv_split,2,double,brettel,2,1024,5.126953125,5.133056641,6.817626953,4.149658203,4.205902099999999,5.535888672,1.2204413034245376
bv_split,2,double,lookup,0,1024,46.044921875,46.5118408205,47.082519531,5.792114258,5.8126220705,7.170410156,8.001869080144594
bv_split,2,double,lookup,1,1024,46.020507812,46.9818115235,62.164306641,5.793945312,5.815032959,7.885864258,8.079371493636275
bv_split,2,double,lookup,2,1024,46.032714844,46.6735839845,47.8515625,5.793945312,5.8113708495,7.483520508,8.031424115450438
bv_split,2,double,lookupApply,0,1024,55.249023438,55.679321289,56.677246094,10.070739746,10.083282471,11.195861816,5.5219440146734335
bv_split,2,double,lookupApply,1,1024,54.949951172,55.725097656,56.640625,10.070129395,10.083312988,11.42401123,5.526467116742048
bv_split,2,double,lookupApply,2,1024,54.962158203,56.2591552735,57.275390625,10.071411133,10.081756592,11.203857422,5.580292953922568
bv_split,2,double,prepared,0,1024,26.239013672,26.266479492499997,27.471923828,1.206481934,1.2303466795,1.25604248,21.348844134869708
bv_split,2,double,prepared,1,1024,26.239013672,26.242065429999997,26.812744141,1.205871582,1.229431152,1.260925293,21.344884085058546
bv_split,2,double,prepared,2,1024,26.239013672,26.2939453125,27.819824219,1.207702637,1.2278747559999998,1.850402832,21.414191621755275
bv_split,2,double,vienot,0,1024,4.046630859,4.046630859,4.095458984,1.211425781,1.230316162,3.42010498,3.2890983504774933
bv_split,2,double,vienot,1,1024,4.046630859,4.046630859,4.58984375,1.211364746,1.249572754,2.579284668,3.2384115659103117
bv_split,2,float,brettel,0,1024,4.339599609,4.345703125,6.579589844,2.18182373,2.1959228514999998,3.469604492,1.9789871588756043
bv_split,2,float,brettel,1,1024,4.339599609,4.345703125,5.676269531,2.129272461,2.1472473145,4.243225098,2.0238484387216125
bv_split,2,float,brettel,2,1024,4.345703125,4.345703125,4.364013672,2.132324219,2.1488342285,2.165893555,2.0223538267228416
bv_split,2,float,lookup,0,1024,28.875732422,29.202270507999998,31.439208984,4.45904541,4.471557617,8.26373291,6.5306707436752225
bv_split,2,float,lookup,1,1024,28.826904297,29.3884277345,31.774902344,4.46081543,4.4733886720000005,5.708312988,6.569611962950845
bv_split,2,float,lookup,2,1024,28.802490234,29.324340820499998,30.017089844,4.463317871,4.4734191894999995,5.976806641,6.555240986431594
bv_split,2,float,lookupApply,0,1024,41.528320312,42.4682617185,43.1640625,9.93371582,9.974121094000001,11.283325195,4.257845008924853
bv_split,2,float,lookupApply,1,1024,41.522216797,42.468261719,61.065673828,9.931335449,9.9765625,11.501647949,4.256803054057948
bv_split,2,float,lookupApply,2,1024,41.522216797,42.022705078,42.962646484,9.931945801,9.973876953000001,11.219116211,4.213276870771918
bv_split,2,float,prepared,0,1024,15.447998047,15.447998047,16.717529297,0.779663086,0.7867126465000001,0.790649414,19.636137941504412
bv_split,2,float,prepared,1,1024,15.447998047,15.447998047,16.711425781,0.780883789,0.7854614255,0.793151855,19.66741783298434
bv_split,2,float,prepared,2,1024,15.447998047,15.447998047,15.985107422,0.783935547,0.786376953,1.799072266,19.644520338581184
bv_split,2,float,vienot,0,1024,3.424072266,3.424072266,3.430175781,0.780273438,0.784545898,3.168151855,4.364400189624088
bv_split,2,float,vienot,1,1024,3.41796875,3.424072266,3.961181641,0.780883789,0.7860717775,0.790039062,4.3559282549105385
bv_portable,2,double,brettel,0,1024,5.120849609,5.126953125,5.688476562,4.144714355,4.165863037,4.237060547,1.2307061176673053
bv_portable,2,double,brettel,1,1024,5.114746094,5.120849609,5.706787109,4.161254883,4.192993164000001,5.539550781,1.2212873736514396
bv_portable,2,double,brettel,2,1024,5.126953125,5.133056641,6.237792969,4.254211426,4.3021850585,4.316589355,1.1931278109151564
bv_portable,2,double,lookup,0,1024,45.99609375,46.490478516,46.722412109,5.803771973,5.817474365000001,6.862854004,7.9915227122792825
bv_portable,2,double,lookup,1,1024,46.057128906,47.122192383,61.578369141,5.791503906,5.825103759999999,6.856689453,8.089502663725943
bv_portable,2,double,lookup,2,1024,46.057128906,46.55456543,50.109863281,5.801330566,5.812591552500001,7.509155273,8.00926144724152
bv_portable,2,double,lookupApply,0,1024,55.242919922,55.731201172,56.54296875,10.07989502,10.339508056500001,12.349853516,5.390121161225287
bv_portable,2,double,lookupApply,1,1024,55.535888672,55.776977539,58.740234375,10.075012207,10.339538573999999,11.477233887,5.39453256446645
bv_portable,2,double,lookupApply,2,1024,55.255126953,55.926513671500004,58.276367188,10.079284668,10.330352783,12.004272461,5.41380481831508
bv_portable,2,double,prepared,0,1024,26.239013672,26.300048828,27.374267578,1.235229492,1.244995117,1.25970459,21.124620063871305
bv_portable,2,double,prepared,1,1024,26.239013672,26.287841797,26.818847656,1.235839844,1.2431640625,1.260864258,21.14591516113747
bv_portable,2,double,prepared,2,1024,26.239013672,26.2634277345,27.734375,1.233398438,1.244415283,2.497314453,21.10503470447976
bv_portable,2,double,vienot,0,1024,21.923828125,21.923828125,22.65625,1.235229492,1.2544860839999998,3.281921387,17.476342228599805
bv_portable,2,double,vienot,1,1024,21.917724609,21.97265625,22.863769531,1.235168457,1.245941162,1.405822754,17.635388347495656
bv_portable,2,float,brettel,0,1024,4.339599609,4.351806641,6.73828125,2.182434082,2.210235596,4.130004883,1.9689333792631578
bv_portable,2,float,brettel,1,1024,4.339599609,4.345703125,5.798339844,2.126220703,2.1500244139999998,2.164123535,2.021234315621125
bv_portable,2,float,brettel,2,1024,4.345703125,4.351806641,4.357910156,2.13293457,2.146057129,2.160400391,2.0278149086496193
bv_portable,2,float,lookup,0,1024,28.7109375,29.058837891,30.487060547,4.466369629,4.470977783,5.682006836,6.499436879666551
bv_portable,2,float,lookup,1,1024,28.7109375,28.985595703,29.455566406,4.466369629,4.4718933105000005,5.658203125,6.481727914872623
bv_portable,2,float,lookup,2,1024,28.692626953,29.251098632999998,29.357910156,4.467651367,4.4920654295,5.99206543,6.511725862429359
bv_portable,2,float,lookupApply,0,1024,41.534423828,42.120361328,42.96875,9.934387207,9.9744262695,13.773376465,4.222835498498443
bv_portable,2,float,lookupApply,1,1024,41.534423828,42.3553466795,58.435058594,9.934997559,9.980255126500001,11.324890137,4.243914222897596
bv_portable,2,float,lookupApply,2,1024,41.534423828,42.0837402345,42.504882812,9.933166504,9.980895996000001,11.18371582,4.216429091272538
bv_portable,2,float,prepared,0,1024,15.447998047,15.447998047,17.718505859,0.778991699,0.7860717775,1.712219238,19.652146902068367
bv_portable,2,float,prepared,1,1024,15.447998047,15.454101562,16.949462891,0.782714844,0.7872924805,0.790649414,19.629428636464667
bv_portable,2,float,prepared,2,1024,15.447998047,15.454101562,16.296386719,0.77722168,0.7857360840000001,0.792480469,19.66831087014199
bv_portable,2,float,vienot,0,1024,3.424072266,3.424072266,3.442382812,0.780883789,0.784545898,0.790649414,4.364400189624088
bv_portable,2,float,vienot,1,1024,3.41796875,3.424072266,3.967285156,0.779052734,0.784851074,2.253356934,4.362703166792125
bv_compiler,2,double,brettel,0,1024,5.120849609,5.126953125,6.616210938,4.102539062,4.116912842,4.130065918,1.245339243691475
bv_compiler,2,double,brettel,1,1024,5.114746094,5.120849609,5.676269531,4.134338379,4.140106201,5.204467773,1.236888466233816
bv_compiler,2,double,brettel,2,1024,5.126953125,5.133056641,5.902099609,4.251159668,4.2581481935,4.307983398,1.2054668855432353
bv_compiler,2,double,lookup,0,1024,46.008300781,46.533203125,47.015380859,5.80065918,5.812561035,7.155761719,8.005628301329313
bv_compiler,2,double,lookup,1,1024,46.014404297,46.643066406,56.774902344,5.792785645,5.809204101500001,7.13861084,8.029166404044274
bv_compiler,2,double,lookup,2,1024,46.057128906,46.691894531,48.034667969,5.793334961,5.8141174315,7.628479004,8.03077940566361
bv_compiler,2,double,lookupApply,0,1024,55.242919922,55.706787109,56.359863281,10.071960449,10.0915527345,11.313903809,5.5201403168171685
bv_compiler,2,double,lookupApply,1,1024,55.120849609,55.682373046500004,56.768798828,10.072021484,10.0909423825,11.182434082,5.518054799625649
bv_compiler,2,double,lookupApply,2,1024,55.242919922,56.0485839845,56.970214844,10.058532715,10.085449219,11.285766602,5.55737109646142
bv_compiler,2,double,prepared,0,1024,26.239013672,26.287841797,26.85546875,1.206481934,1.2162475585,2.18548584,21.613890702827664
bv_compiler,2,double,prepared,1,1024,26.239013672,26.245117188,29.705810547,1.204650879,1.2153320315,1.222961426,21.595018075519224
bv_compiler,2,double,prepared,2,1024,26.239013672,26.309204102,27.667236328,1.207092285,1.218078613,2.208740234,21.59893772143588
bv_compiler,2,double,vienot,0,1024,4.046630859,4.046630859,4.095458984,1.208312988,1.219329834,3.542419434,3.3187335749221076
bv_compiler,2,double,vienot,1,1024,4.046630859,4.046630859,4.656982422,1.210205078,1.2202453615,1.228515625,3.316243590572338
bv_compiler,2,float,brettel,0,1024,4.339599609,4.510498047,6.011962891,2.183044434,2.2127075195000003,3.469055176,2.0384519902654032
bv_compiler,2,float,brettel,1,1024,4.339599609,4.345703125,5.950927734,2.133483887,2.1610107425000002,3.409729004,2.010958594297686
bv_compiler,2,float,brettel,2,1024,4.345703125,4.351806641,4.39453125,2.13104248,2.155517578,2.18182373,2.018914939695286
bv_compiler,2,float,lookup,0,1024,28.790283203,29.180908203,37.048339844,4.46270752,4.4694519045,6.480651855,6.528967942046686
bv_compiler,2,float,lookup,1,1024,28.820800781,29.3304443355,29.962158203,4.46081543,4.466369629,5.557312012,6.566954097363177
bv_compiler,2,float,lookup,2,1024,28.802490234,29.138183593500003,32.568359375,4.463317871,4.4709777835,5.7890625,6.517183713377761
bv_compiler,2,float,lookupApply,0,1024,41.516113281,42.037963867,43.487548828,9.936218262,9.989746094000001,13.588745117,4.20811134451642
bv_compiler,2,float,lookupApply,1,1024,41.516113281,42.498779297,60.247802734,9.936218262,10.0010375975,11.161071777,4.249437009178287
bv_compiler,2,float,lookupApply,2,1024,41.522216797,42.010498047,42.08984375,9.936218262,9.995849609,11.383605957,4.2027941285926165
bv_compiler,2,float,prepared,0,1024,15.447998047,15.447998047,16.925048828,0.780273438,0.786987305,0.926452637,19.629284931095555
bv_compiler,2,float,prepared,1,1024,15.447998047,15.447998047,16.918945312,0.782104492,0.7857971195,0.793701172,19.65901587528026
bv_compiler,2,float,prepared,2,1024,15.447998047,15.5853271485,16.11328125,0.782714844,0.7872924805,0.792480469,19.796108224737452
bv_compiler,2,float,vienot,0,1024,3.41796875,3.424072266,3.430175781,0.780883789,0.783630371,0.869567871,4.3694991831805865
bv_compiler,2,float,vienot,1,1024,3.424072266,3.4362792965,3.979492188,0.780273438,0.7848205564999999,2.05279541,4.378426721930544
default,0,double,brettel,0,8191,23.867659626,24.14044378,25.186942986,4.004578196,4.1003616775000005,4.202493591,5.887393766375868
default,0,double,brettel,1,8191,23.740996215,24.0992400195,25.422720059,4.054572091,4.1420652239999995,4.267168233,5.8181700954064945
default,0,double,brettel,2,8191,23.73641802,24.139299231000003,25.39067269,4.135911366,4.194619094,4.477849164,5.754825096164025
default,0,double,lookup,0,8191,46.446557197,46.532016848,47.034855329,5.816353315,5.905338176,6.079485106,7.8796531987129335
default,0,double,lookup,1,8191,46.45037236,46.5190452935,47.069191796,5.817268954,5.913174521,6.08613112,7.8670171374601985
default,0,double,lookup,2,8191,46.441979001,46.5980191675,47.247741424,5.806571237,5.93316979,6.070771273,7.853815214598805
default,0,double,lookupApply,0,8191,55.568611891,55.769289463999996,58.259064827,10.163189781,10.241312873999998,10.357816506,5.4455215019925385
default,0,double,lookupApply,1,8191,55.64186302,55.717784764,56.063820046,10.165318642,10.2420377545,10.369208583,5.440107339920663
default,0,double,lookupApply,2,8191,55.584635576,55.7525027465,56.295018923,10.232518923,10.2728070445,10.391679893,5.427192636344665
default,0,double,prepared,0,8191,26.440605543,26.487913564,26.635178855,1.163823099,1.1985639730000002,1.269777805,22.09970778422521
default,0,double,prepared,1,8191,26.44289464,26.5363661335,27.293675986,1.164052008,1.1975758454999998,1.272684959,22.158401268038936
default,0,double,prepared,2,8191,26.443657673,26.524539128,28.430594555,1.163815468,1.197957362,1.27597363,22.141471783033296
default,0,double,vienot,0,8191,22.0646136,22.166859968,22.380509095,1.171010866,1.2004753695,1.272913869,18.46506853133733
default,0,double,vienot,1,8191,22.085978513,22.188224881,22.75210597,1.171392382,1.2017381885,1.33216335,18.46344328018332
default,0,float,brettel,0,8191,32.927145648,33.4074746675,35.316963741,2.115042425,2.120971188,2.341403675,15.751027103296982
default,0,float,brettel,1,8191,33.190391894,33.577249420499996,35.933494079,2.091273959,2.093753815,2.194168905,16.036866025005903
default,0,float,brettel,2,8191,33.020235624,33.529178366500005,47.798650958,2.080034489,2.083971737,2.208460505,16.089075380056368
default,0,float,lookup,0,8191,29.150134294,29.2405536565,29.803290197,4.46348126,4.545896411,4.760552741,6.432296518183903
default,0,float,lookup,1,8191,29.169210109,29.255432792,57.006928336,4.464320596,4.5406200405,4.638925345,6.443047982666807
default,0,float,lookup,2,8191,29.153949457,29.321816628,30.898241973,4.473492248,4.547033329,4.977666036,6.448559864514686
default,0,float,lookupApply,0,8191,41.950769137,42.0846813575,42.650470028,10.034374618,10.1230123,10.636086864,4.157327889199543
default,0,float,lookupApply,1,8191,41.937797583,42.107572335499995,43.29446954,10.034901111,10.073396105499999,10.31929099,4.180077095599326
default,0,float,lookupApply,2,8191,41.956110365,42.06980222200001,42.949578806,10.031078318,10.0430045175,10.194222317,4.188965776993638
default,0,float,prepared,0,8191,15.575021365,15.596386278,16.221309974,0.766687523,0.7673704370000001,0.926611525,20.324455472865708
default,0,float,prepared,1,8191,15.577310463,15.635682456000001,16.080911977,0.766306007,0.767290319,0.845958979,20.377791911121456
default,0,float,prepared,2,8191,15.598675375,15.61469906,16.042760347,0.766527286,0.767214015,0.857274753,20.352468482995583
default,0,float,vienot,0,8191,19.265047003,19.330286289500002,20.109724087,0.766069466,0.7670270724999999,0.894266573,25.201569778360078
default,0,float,vienot,1,8191,19.579416433,19.65495666,25.463923819,0.766298376,0.766988921,0.840457514,25.626128516137978
bv_direct,0,double,brettel,0,8191,13.34925528,13.431662801,13.982572335,4.01030857,4.113474392500001,4.232160298,3.265284165981349
bv_direct,0,double,brettel,1,8191,13.351544378,13.435477964,13.489653278,4.067032414,4.146345837,4.438713222,3.2403177381173185
bv_direct,0,double,brettel,2,8191,13.357648639,13.42861067,14.081766573,4.083315529,4.187892961499999,4.248061897,3.206531492913373
bv_direct,0,double,lookup,0,8191,46.207727994,46.235197167500004,46.594585521,5.79892565,5.9328226100000006,6.231076792,7.793119768922267
bv_direct,0,double,lookup,1,8191,46.198571603,46.2809791235,46.856305701,5.811004456,5.894258943,6.128639665,7.851874098348381
bv_direct,0,double,lookup,2,8191,46.179495788,46.2493132705,47.25842388,5.800917165,5.9103894515,6.033161397,7.8250872721699185
bv_direct,0,double,lookupApply,0,8191,55.5594555,55.681159199,56.116469296,10.15752808,10.2290394945,10.704042547,5.443439653247885
bv_direct,0,double,lookupApply,1,8191,55.610578684,55.6803961665,55.989042852,10.159664571,10.2324807715,10.325715725,5.441534404988449
bv_direct,0,double,lookupApply,2,8191,55.589976804,55.718929313000004,56.137071176,10.222958125,10.269827402,10.523707423,5.425498124939179
bv_direct,0,double,prepared,0,8191,26.44289464,26.553534366999997,27.632462459,1.165654377,1.1987203945,1.715159932,22.151566360957577
bv_direct,0,double,prepared,1,8191,26.442131608,26.5119490905,26.832804297,1.16550177,1.1991820290000001,1.405315285,22.10836090714965
bv_direct,0,double,prepared,2,8191,26.442131608,26.556204981,27.164723477,1.166112196,1.1987165795,1.297147784,22.153864754316597
bv_direct,0,double,vienot,0,8191,4.016603589,4.0936698815,4.428641192,1.171392382,1.2022379745,1.277263155,3.4050412383642437
bv_direct,0,double,vienot,1,8191,4.016603589,4.056662801,4.106641436,1.171926505,1.202615676,1.295308876,3.373199669650739
bv_direct,0,float,brettel,0,8191,8.095012819,8.184669149000001,8.479581248,2.115271334,2.1194451225,2.304556831,3.8617037365637197
bv_direct,0,float,brettel,1,8191,8.095012819,8.136216579,8.763429374,2.091273959,2.093490569,2.17345257,3.8864357449130686
bv_direct,0,float,brettel,2,8191,8.093486754,8.115233183,8.457453302,2.078355817,2.0822930655,2.151202539,3.897257940035147
bv_direct,0,float,lookup,0,8191,28.693840801,28.806388109,30.93563057,4.463939079,4.537785374,4.748016115,6.348116037847673
bv_direct,0,float,lookup,1,8191,28.688499573,28.781208033,29.141740935,4.461268465,4.532673056,4.556288915,6.349720722720487
bv_direct,0,float,lookup,2,8191,28.685447442,28.811729337,32.918752289,4.465167562,4.5343898795,4.547033329,6.354047645364148
bv_direct,0,float,lookupApply,0,8191,41.969081919,42.046911244,42.241484556,10.031467464,10.095875046,10.429213466,4.164761454794258
bv_direct,0,float,lookupApply,1,8191,41.948480039,42.076287999,42.385697717,10.031467464,10.054358442,10.121520571,4.184880441822625
bv_direct,0,float,lookupApply,2,8191,41.903461116,42.0358472715,42.234617263,10.028484007,10.080965389,10.474171347,4.169823588261504
bv_direct,0,float,prepared,0,8191,15.574258332,15.666966793,16.18773654,0.76638231,0.767214015,0.928442803,20.4205951490602
bv_direct,0,float,prepared,1,8191,15.578073495,15.586466854,15.803168111,0.76637468,0.7672559825,0.847179832,20.314558907984793
bv_direct,0,float,prepared,2,8191,15.570443169,15.587229886,15.83521548,0.766450983,0.7674124035000001,0.836482115,20.311412501166327
bv_direct,0,float,vienot,0,8191,3.400836284,3.4160969359999998,3.582438042,0.766069466,0.7666417409999999,0.894800696,4.455923481995745
bv_direct,0,float,vienot,1,8191,3.401599316,3.4229642289999997,3.485532902,0.7661534,0.766832499,0.87126114,4.463770423741522
bv_split,0,double,brettel,0,8191,5.094768649,5.17603162,5.867720669,4.002365401,4.112017,4.381836772,1.2587573494953936
bv_split,0,double,brettel,1,8191,5.102398974,5.178320718,5.211512636,4.05548773,4.1392000365,4.817513124,1.2510438423697574
bv_split,0,double,brettel,2,8191,5.103162007,5.182517397,5.882218288,4.062904407,4.178301642,4.301565743,1.2403406553767427
bv_split,0,double,lookup,0,8191,46.461817849,46.533542913,47.028751068,5.808639055,5.894102521,6.156238555,7.894932731014843
bv_split,0,double,lookup,1,8191,46.469448175,46.541173239,47.757447198,5.808486449,5.9028163535000004,6.014657856,7.884570762802743
bv_split,0,double,lookup,2,8191,46.460291784,46.612135270500005,47.659779026,5.802748443,5.9176878585,6.022761262,7.8767478760387215
bv_split,0,double,lookupApply,0,8191,55.644152118,55.989042852,109.739348065,10.149882493,10.291268618,11.239401477,5.440441303229813
bv_split,0,double,lookupApply,1,8191,55.61515688,55.721599926500005,56.488829203,10.151103345,10.29493499,10.499855024,5.4125256721509425
bv_split,0,double,lookupApply,2,8191,55.596081065,55.6941307535,57.042790868,10.223110731,10.297727689,10.521418325,5.408390320224945
bv_split,0,double,prepared,0,8191,26.44289464,26.521486998,26.63975705,1.163594189,1.1985296365,1.272753632,22.128353100595188
bv_split,0,double,prepared,1,8191,26.440605543,26.542470394,30.868483702,1.163128739,1.1982587594999998,1.272074533,22.150866983918764
bv_split,0,double,prepared,2,8191,26.44289464,26.532932487,28.889177146,1.163517885,1.198678428,1.359144183,22.135154739766453
bv_split,0,double,vienot,0,8191,4.016603589,4.089091686,4.231778782,1.169561104,1.2009751555000001,1.275363204,3.404809556029154
bv_split,0,double,vienot,1,8191,4.015840557,4.0894732025,4.110456599,1.169400867,1.2004372175,1.329256196,3.406653128446511
bv_split,0,float,brettel,0,8191,4.327920889,4.4026980835,4.51638994,2.114660908,2.1229970395,2.294774753,2.0738126344900163
bv_split,0,float,brettel,1,8191,4.335551215,4.408802344,5.197778049,2.091190026,2.0945588145,2.267023257,2.1048835265351293
bv_split,0,float,brettel,2,8191,4.333262117,4.4042241485,4.514100842,2.07866103,2.08661183,2.257080942,2.1107060188094495
bv_split,0,float,lookup,0,8191,29.103589305,29.215755097,29.729276035,4.464938652,4.5532711205,4.740065316,6.416432126227481
bv_split,0,float,lookup,1,8191,29.107404468,29.1745513365,29.372939812,4.466464717,4.5443627155,4.680434318,6.419943381057783
bv_split,0,float,lookup,2,8191,29.076120132,29.182181663,30.019991454,4.460810646,4.531482725,4.555289342,6.4398748564135815
bv_split,0,float,lookupApply,0,8191,41.941612746,42.118254792,42.751190331,10.032154194,10.123737181,10.976193383,4.160346524112319
bv_split,0,float,lookupApply,1,8191,41.963740691,42.126266634000004,42.972469784,10.02786595,10.0445343975,10.354146319,4.193949163485853
bv_split,0,float,lookupApply,2,8191,41.948480039,42.218212062,42.796209254,10.027942254,10.0606649065,12.299253754,4.196364003210527
bv_split,0,float,prepared,0,8191,15.581125626,15.664677695,16.168660725,0.766069466,0.7671415269999999,0.947938286,20.419540780511028
bv_split,0,float,prepared,1,8191,15.577310463,15.731443046999999,16.240385789,0.766222073,0.767061409,0.911701868,20.508713986157527
bv_split,0,float,prepared,2,8191,15.57959956,15.594860212,15.724575754,0.766450983,0.7670270724999999,1.245925406,20.33156425779222
bv_split,0,float,vienot,0,8191,3.399310219,3.405032963,3.561836162,0.766298376,0.766836314,0.898936333,4.440364782985486
bv_split,0,float,vienot,1,8191,3.400836284,3.409229642,3.502319619,0.766298376,0.7669126175000001,0.89793676,4.445395165245146
bv_portable,0,double,brettel,0,8191,5.099346844,5.1752685875,5.778445855,4.005493835,4.0993315835,4.255936394,1.2624664490012705
bv_portable,0,double,brettel,1,8191,5.100109877,5.178702233999999,5.267977048,4.058700098,4.142366622,4.295377549,1.2501795969714626
bv_portable,0,double,brettel,2,8191,5.10697717,5.185951043999999,5.855512147,4.072381272,4.206243896,4.26709193,1.2329173419857247
bv_portable,0,double,lookup,0,8191,46.451898425,46.491957636500004,47.333964107,5.809402088,5.8949075205,6.029712489,7.886800170286064
bv_portable,0,double,lookup,1,8191,46.461054816,46.502640093,47.468257844,5.813072274,5.890817666,6.48992797,7.894089196037934
bv_portable,0,double,lookup,2,8191,46.445794164,46.526294103,47.230954706,5.81040166,5.8981885604999995,6.243613417,7.8882344343117925
bv_portable,0,double,lookupApply,0,8191,55.620498108,55.727322670999996,56.282047369,10.154697229,10.2234960625,10.318070138,5.450906649772087
bv_portable,0,double,lookupApply,1,8191,55.639573923,55.7227444755,56.436179954,10.213870407,10.2803725125,10.494498535,5.420304021838334
bv_portable,0,double,lookupApply,2,8191,55.606000488,55.7788273715,61.971981443,10.218685142,10.248077158000001,10.512307716,5.4428578660687705
bv_portable,0,double,prepared,0,8191,26.443657673,26.515764253500002,26.885453547,1.163594189,1.198602124,1.270769747,22.122240335275762
bv_portable,0,double,prepared,1,8191,26.43984251,26.5195794165,26.859510438,1.163517885,1.1981862715,1.311363081,22.133102379232195
bv_portable,0,double,prepared,2,8191,26.444420706,26.6706598705,31.575814919,1.163365279,1.1989531195,1.329935295,22.24495640131657
bv_portable,0,double,vienot,0,8191,22.06156147,22.151217799999998,22.412556464,1.16971371,1.2017000365000001,1.297376694,18.4332338580236
bv_portable,0,double,vienot,1,8191,22.059272372,22.158466609999998,29.917745086,1.169553473,1.201432975,1.375656208,18.443364774468588
bv_portable,0,float,brettel,0,8191,4.33402515,4.4068947625,4.647631547,2.115965694,2.1188652175,2.503166585,2.0798372289576745
bv_portable,0,float,brettel,1,8191,4.334788182,4.403461116,5.041356367,2.091502869,2.0940208765,2.175131242,2.1028735507928924
bv_portable,0,float,brettel,2,8191,4.341655476,4.4107099255,4.735380295,2.078806007,2.0831285865,2.155719692,2.1173488540670076
bv_portable,0,float,lookup,0,8191,29.02270785,29.147845196,31.298071054,4.456682639,4.5397349225,4.626617629,6.420605099988633
bv_portable,0,float,lookup,1,8191,29.004395068,29.1058784035,29.234067879,4.462802161,4.5317497865,4.576089611,6.422657863901905
bv_portable,0,float,lookup,2,8191,29.029575143,29.125335734,30.280948602,4.467769503,4.539280918,4.59199121,6.416288451879417
bv_portable,0,float,lookupApply,0,8191,41.967555854,42.1285557315,42.674887071,10.028628983,10.0960276525,10.358961055,4.1727852955184845
bv_portable,0,float,lookupApply,1,8191,41.939323648,42.114058112500004,42.370437065,10.032688316,10.051230009000001,10.18703455,4.18994074106259
bv_portable,0,float,lookupApply,2,8191,41.951532169,42.101468075,42.377304358,10.026347516,10.043698877,10.118002991,4.19182898557543
bv_portable,0,float,prepared,0,8191,15.597912343,15.631485777,16.306006593,0.766222073,0.7669851055,1.284985045,20.380429378494625
bv_portable,0,float,prepared,1,8191,15.574258332,15.616606641499999,15.960352826,0.76614577,0.7669088024999999,0.833269747,20.36305567310267
bv_portable,0,float,prepared,2,8191,15.565101941,15.591808082,15.669637407,0.766069466,0.7668744654999999,0.838389696,20.331630251679048
bv_portable,0,float,vienot,0,8191,3.400836284,3.4092296419999997,3.662556464,0.766077097,0.766756196,0.948853925,4.44630204462019
bv_portable,0,float,vienot,1,8191,3.400836284,3.405032963,3.483243804,0.766069466,0.7669126175000001,0.83310951,4.439922991617751
bv_compiler,0,double,brettel,0,8191,5.102398974,5.1828989135,5.87687706,4.038823099,4.108655842,4.185836589,1.261458518992694
bv_compiler,0,double,brettel,1,8191,5.106214137,5.1878586255,5.576242217,4.056945123,4.131283573499999,4.298132096,1.2557498252546426
bv_compiler,0,double,brettel,2,8191,5.10697717,5.185951044,5.870772799,4.092334575,4.1844135335,4.286968929,1.2393495534037902
bv_compiler,0,double,lookup,0,8191,46.454187523,46.4908130875,46.86164693,5.803511476,5.883706202,6.057853131,7.901620422803702
bv_compiler,0,double,lookup,1,8191,46.452661458,46.543462337,46.965419363,5.797933708,5.883629898500001,6.036907887,7.910671327043532
bv_compiler,0,double,lookup,2,8191,46.45037236,46.490050055,47.224087413,5.807410573,5.8926146075,6.139421316,7.889545329475376
bv_compiler,0,double,lookupApply,0,8191,55.584635576,55.700235014,56.09434135,10.151866378,10.179808631499998,10.625373886,5.471638714468893
bv_compiler,0,double,lookupApply,1,8191,55.593791967,55.7086283725,63.047094372,10.150958369,10.1772105055,10.284962154,5.473860282480525
bv_compiler,0,double,lookupApply,2,8191,55.566322793,55.710154438,56.596416799,10.154926138,10.2352658405,10.570565255,5.442961160574851
bv_compiler,0,double,prepared,0,8191,26.441368575,26.518816384,26.832804297,1.165120254,1.1953935725,1.268785863,22.184171802546647
bv_compiler,0,double,prepared,1,8191,26.444420706,26.522631547000003,27.756836772,1.16550177,1.195927695,1.268556953,22.17745408680414
bv_compiler,0,double,prepared,2,8191,26.445946771,26.539418264,28.816689049,1.164891344,1.195698785,1.343471493,22.195739091597385
bv_compiler,0,double,vienot,0,8191,4.020418752,4.099774142499999,4.223385423,1.182013796,1.2000938529999998,1.286663716,3.4162112673532707
bv_compiler,0,double,vienot,1,8191,4.020418752,4.0963404955,4.177603467,1.180792943,1.1996398485,1.300123611,3.4146419032528494
bv_compiler,0,float,brettel,0,8191,4.332499084,4.4004089855,4.533176657,2.115042425,2.120437065,2.648570077,2.07523677930993
bv_compiler,0,float,brettel,1,8191,4.330973019,4.4011720180000005,5.064247345,2.091045049,2.096771609,2.257996582,2.0990230882127516
bv_compiler,0,float,brettel,2,8191,4.330209987,4.4011720180000005,4.834574533,2.07911122,2.082750885,2.162594616,2.113153353911551
bv_compiler,0,float,lookup,0,8191,29.01965572,29.1371627395,29.590404102,4.468067086,4.5333521545,4.70482084,6.427288625830049
bv_compiler,0,float,lookup,1,8191,29.053229154,29.137925772499997,36.45693444,4.464099316,4.5336993345,4.564544927,6.426964741744058
bv_compiler,0,float,lookup,2,8191,29.066200708,29.165394945499997,29.944451227,4.464854719,4.533314003,4.638086009,6.433570435711995
bv_compiler,0,float,lookupApply,0,8191,41.939323648,42.078195580499994,42.726773288,10.030010072,10.112654132500001,10.350781345,4.160944795419165
bv_compiler,0,float,lookupApply,1,8191,41.93703455,42.094600781,42.366621902,10.027034245,10.0556288915,10.324327005,4.186172862503157
bv_compiler,0,float,lookupApply,2,8191,41.97213405,42.1026126235,43.663014284,10.02527164,10.0436950615,10.439621231,4.191944534924191
bv_compiler,0,float,prepared,0,8191,15.598675375,15.694435966499999,16.320504212,0.766298376,0.767061409,0.900386094,20.4604687217422
bv_compiler,0,float,prepared,1,8191,15.571206202,15.599438408000001,15.864973752,0.76614577,0.7668706505,0.904666707,20.341681348515763
bv_compiler,0,float,prepared,2,8191,15.570443169,15.5837962395,15.656665853,0.76637468,0.7669126175000001,0.915829874,20.320171925584468
bv_compiler,0,float,vienot,0,8191,3.400836284,3.4164784519999998,3.567940422,0.76614577,0.7669126175000001,0.910625992,4.454847102577498
bv_compiler,0,float,vienot,1,8191,3.400836284,3.408085093,3.493163228,0.766298376,0.766985106,0.890832926,4.443482756495665
default,1,double,brettel,0,8191,23.938621658,24.2007233545,25.380753266,4.00396777,4.098641039,6.84808021,5.904572545929655
default,1,double,brettel,1,8191,23.909626419,24.077493591,25.573800513,4.098759309,4.1824220180000005,4.49673422,5.7568302498832145
default,1,double,brettel,2,8191,23.832560127,24.0713893295,25.489866927,4.055106214,4.138395037,4.242171286,5.816600182990215
default,1,double,lookup,0,8191,46.489287022,46.5407917225,46.780002442,5.83310188,5.916390703499999,5.986837688,7.866416207936969
default,1,double,lookup,1,8191,46.506073739,46.559104505,46.915822244,5.852589733,5.914399188,6.373885972,7.872161317664512
default,1,double,lookup,2,8191,46.494628251,46.596874618499996,47.680380906,5.85159779,9.631310280000001,11.85838115,4.838061827917768
default,1,double,lookupApply,0,8191,55.639573923,55.694130753,56.402606519,10.205454157,10.2269754915,10.425245696,5.445806612061343
default,1,double,lookupApply,1,8191,55.632706629,55.7387681605,61.179953608,10.208971737,10.2335528325,10.3759309,5.446668334332851
default,1,double,lookupApply,2,8191,55.575479184,55.712062019499996,56.03253571,10.212870834,10.3461192165,19.713191308,5.384826992003954
default,1,double,prepared,0,8191,26.448235869,26.5020296665,26.603894518,1.185989195,1.1979955135,1.351193383,22.12197739294789
default,1,double,prepared,1,8191,26.445183738,26.5336955195,26.965571969,1.19195611,1.1978429065,1.275889696,22.151231497483515
default,1,double,prepared,2,8191,26.449761934,26.544759492,28.793035038,1.186683555,1.199063759,2.382996582,22.137904921868298
default,1,double,vienot,0,8191,22.050115981,22.164189354,22.389665487,1.170545416,1.1989836404999998,1.338191308,18.48581465611749
default,1,double,vienot,1,8191,22.083689415,22.143587474,22.481229398,1.170316506,1.1999450619999998,1.303335979,18.4538344089623
default,1,float,brettel,0,8191,32.878311561,33.223202295,35.974697839,2.115355268,2.1169538215,2.77669088,15.693871995497375
default,1,float,brettel,1,8191,33.056098157,33.7145952875,36.398943963,2.091884385,2.0934867539999997,2.161602674,16.104518083566536
default,1,float,brettel,2,8191,33.089671591,33.8244719815,35.730527408,2.079492736,2.081293493,2.157009217,16.251658930017133
default,1,float,lookup,0,8191,29.159290685,29.272982542,30.219142962,4.462336711,4.5292279635,4.663769686,6.463128545947387
default,1,float,lookup,1,8191,29.16081675,29.2523806615,29.399645953,4.463404957,4.5319786959999995,4.559806495,6.4546597907264305
default,1,float,lookup,2,8191,29.160053717,29.237883042500002,30.553351239,4.465549078,4.531177511499999,4.571122268,6.452601551869264
default,1,float,lookupApply,0,8191,41.940086681,42.0797216455,42.86259309,10.035671774,10.100800420999999,10.446793737,4.165978921632235
default,1,float,lookupApply,1,8191,41.922536931,42.2250793555,42.546697595,10.031772677,10.050115981,10.184669149,4.201451946955397
default,1,float,lookupApply,2,8191,41.962214626,42.102612623499994,42.682517397,10.033611586,10.07431556,10.50398303,4.179203279145645
default,1,float,prepared,0,8191,15.577310463,15.6055426685,17.015626908,0.766450983,0.7677176165,0.904743011,20.327191057104002
default,1,float,prepared,1,8191,15.574258332,15.6234739345,16.357892809,0.76661122,0.7677862900000001,0.88295843,20.348727423226062
default,1,float,prepared,2,8191,15.571969235,15.587992919,16.758484922,0.76638231,0.7676413135,0.832270175,20.30634965167231
default,1,float,vienot,0,8191,19.26428397,19.324182029,19.686240996,0.766298376,0.766988921,0.897868087,25.194864619172247
default,1,float,vienot,1,8191,19.569497009,19.649615432,19.705316811,0.7661534,0.766988921,0.861479062,25.619164624152376
bv_direct,1,double,brettel,0,8191,13.348492248,13.441200708,15.282016848,3.999984739,4.102315041000001,4.22986357,3.276491584303946
bv_direct,1,double,brettel,1,8191,13.353070443,13.429755219,13.854382859,4.081636858,4.155250427,4.287197839,3.2319965920070883
bv_direct,1,double,brettel,2,8191,13.34925528,13.422124893,14.094738127,4.059005311,4.1984418875,4.249816872,3.1969300165762986
bv_direct,1,double,lookup,0,8191,46.201623733,46.325998046500004,46.616713466,5.811996398,5.884549353000001,5.914738738,7.872480162458415
bv_direct,1,double,lookup,1,8191,46.226040776,46.274111829999995,46.635789281,5.820176108,5.896280979,5.989050482,7.848016740519719
bv_direct,1,double,lookup,2,8191,46.187889147,46.289753998500004,46.784580637,5.820557624,5.9311019715,6.396586192,7.804579017681791
bv_direct,1,double,lookupApply,0,8191,55.637284825,55.76661885,56.108075937,10.165402576,10.224301062,10.388543829,5.454320888228164
bv_direct,1,double,lookupApply,1,8191,55.560218533,55.784550116,56.363691857,10.164258027,10.230420583499999,10.305678489,5.452811021862717
bv_direct,1,double,lookupApply,2,8191,55.614393847,55.677344036,55.843303626,10.217380356,10.2590076,10.47027225,5.427166662397248
bv_direct,1,double,prepared,0,8191,26.445946771,26.534458551999997,26.75421194,1.172613234,1.1969616040000002,1.272448419,22.168178547521723
bv_direct,1,double,prepared,1,8191,26.443657673,26.548574655000003,27.54166158,1.172536931,1.1972286655,1.268175436,22.175024220550625
bv_direct,1,double,prepared,2,8191,26.450524966,26.5378921985,27.350140398,1.171392382,1.197839092,1.346760164,22.154805579262227
bv_direct,1,double,vienot,0,8191,4.016603589,4.0887101695,4.191338054,1.169782383,1.2001701565,1.2713115,3.406775403767507
bv_direct,1,double,vienot,1,8191,4.017366622,4.0909992675,4.106641436,1.169400867,1.1999412465,1.274592541,3.4093329814544386
bv_direct,1,float,brettel,0,8191,8.094249786,8.1758942745,8.319344402,2.115660481,2.117644366,2.77691979,3.8608438724502996
bv_direct,1,float,brettel,1,8191,8.091197656,8.096538884,8.824471981,2.0905796,2.0934142655,2.174909962,3.8676238226867095
bv_direct,1,float,brettel,2,8191,8.096538884,8.103024661500001,8.174368209,2.07911122,2.0874435360000003,2.230252716,3.881793457765652
bv_direct,1,float,lookup,0,8191,28.724362105,28.860563423000002,30.948602124,4.470058601,4.5546827315,4.688240142,6.336459666751654
bv_direct,1,float,lookup,1,8191,28.693077768,28.7880753265,29.586588939,4.470669027,4.54447717,4.585947992,6.334738683812113
bv_direct,1,float,lookup,2,8191,28.680869247,28.749923697,28.900622635,4.47097424,4.5375183125,4.756272128,6.33604576708802
bv_direct,1,float,lookupApply,0,8191,41.932456355,42.0553046025,42.516939324,10.015260652,10.0870009765,10.393976621,4.169257512760983
bv_direct,1,float,lookupApply,1,8191,41.946953974,42.0900225855,42.951104871,10.013879563,10.056235502,10.219448175,4.185465085531169
bv_direct,1,float,lookupApply,2,8191,41.969081919,42.0835368085,42.309394457,10.015336955,10.0382699,10.130768526,4.192309753347039
bv_direct,1,float,prepared,0,8191,15.580362593,15.7394548895,16.166371627,0.76568795,0.7669126175000001,0.830820413,20.523139834115455
bv_direct,1,float,prepared,1,8191,15.578073495,15.6085947995,15.884812599,0.765611647,0.766832499,0.848019167,20.35463392573298
bv_direct,1,float,prepared,2,8191,15.57654743,15.586848369999998,15.818428763,0.765764253,0.766603589,0.83380387,20.33234463503144
bv_direct,1,float,vienot,0,8191,3.399310219,3.44242156,3.591594433,0.765535344,0.7661877365,0.832354108,4.492921768397425
bv_direct,1,float,vienot,1,8191,3.401599316,3.425634843,3.58777927,0.76568795,0.7661495845,0.863386644,4.471235007241591
bv_split,1,double,brettel,0,8191,5.115370529,5.191673788,5.852460017,4.056868819,4.1841464715,4.32419729,1.2407963782727724
bv_split,1,double,brettel,1,8191,5.110792333,5.191673788,5.35954096,4.071999756,4.1458460505,4.400027469,1.2522591829896506
bv_split,1,double,brettel,2,8191,5.096294714,5.18328043,5.849407887,4.129410328,4.215449884,4.925222806,1.2295912826940396
bv_split,1,double,lookup,0,8191,46.436637773,46.500732511500004,47.349224759,5.807494506,5.9037319925,6.262040654,7.876497878049637
bv_split,1,double,lookup,1,8191,46.434348675,46.5121780005,47.510987669,5.826600842,6.027080027,10.348179404,7.71719933900589
bv_split,1,double,lookup,2,8191,46.451898425,46.7838176045,50.240355268,5.830499939,5.929919271,6.017336101,7.8894527001900565
bv_split,1,double,lookupApply,0,8191,55.530460261,55.7235075085,56.076028568,10.16479215,10.270166951499998,10.5573419,5.425764524729694
bv_split,1,double,lookupApply,1,8191,55.547246978,55.74601697,55.954706385,10.204385911,10.272993987,10.43280735,5.42646253278684
bv_split,1,double,lookupApply,2,8191,55.548010011,55.7055762425,56.030246612,10.226323099,10.273688347,10.384644732,5.4221594388510415
bv_split,1,double,prepared,0,8191,26.428397021,26.4989775365,26.704614821,1.166341106,1.200746246,1.676321572,22.068757345504956
bv_split,1,double,prepared,1,8191,26.44289464,26.497451470999998,26.600842388,1.166653949,1.200132005,1.273745574,22.078780801283603
bv_split,1,double,prepared,2,8191,26.43984251,26.5325509705,28.712916616,1.165425467,1.2018946095,1.613630814,22.07560526587086
bv_split,1,double,vienot,0,8191,4.016603589,4.077646197,4.305029911,1.190964168,1.201047644,1.368544744,3.395074472999008
bv_split,1,double,vienot,1,8191,4.012788426,4.0883286535,4.111219631,1.190575021,1.1993346355,1.336283726,3.408830640328822
bv_split,1,float,brettel,0,8191,4.327157856,4.4046056645,4.540043951,2.11305091,2.120814766,2.41502106,2.076846000467728
bv_split,1,float,brettel,1,8191,4.332499084,4.402698083,5.010835063,2.091960689,2.29786885,2.594211635,1.9159918909210156
bv_split,1,float,brettel,2,8191,4.329446954,4.3965938225,4.479001343,2.078279514,2.142950342,2.283764192,2.051654551358708
bv_split,1,float,lookup,0,8191,28.901385667,29.2729825415,31.250763033,4.460345196,4.9542333045,6.635857954,5.908680666070154
bv_split,1,float,lookup,1,8191,28.91969845,29.171499206500002,29.68959834,4.470821634,4.610876267,5.13437004,6.326671443187526
bv_split,1,float,lookup,2,8191,28.955560982,29.213084483000003,29.69265047,4.473110731,4.5463885665,5.66338817,6.425558232803989
bv_split,1,float,lookupApply,0,8191,41.882859236,42.084299841,42.820626297,10.08543676,10.276400928000001,16.521090221,4.095237246566875
bv_split,1,float,lookupApply,1,8191,41.909565377,42.069802222,42.584849225,10.029399646,10.370391283,12.349323953,4.056722747864325
bv_split,1,float,lookupApply,2,8191,41.896593822,42.0228757175,42.343730924,10.031230924,10.3519297095,11.6734602,4.059424367896883
bv_split,1,float,prepared,0,8191,15.571969235,15.7318245635,16.464717373,0.765840557,0.766683708,0.982190819,20.51931507001581
bv_split,1,float,prepared,1,8191,15.559760713,15.6089763155,16.521944817,0.76637468,0.8603650345,1.034244903,18.142271814394615
bv_split,1,float,prepared,2,8191,15.563575876,15.58379624,15.681845928,0.766222073,0.767069039,0.976445184,20.316028216073
bv_split,1,float,vienot,0,8191,3.396258088,3.4046514465,3.659504334,0.765611647,0.7662983765,0.892282688,4.442984026731786
bv_split,1,float,vienot,1,8191,3.397021121,3.4424215604999997,3.50842388,0.765993163,0.8614370954999999,1.05618209,3.996138056374193
bv_portable,1,double,brettel,0,8191,5.101635942,5.2008301795000005,6.066872177,4.003426016,4.143400531,4.2600644,1.2552081655124931
bv_portable,1,double,brettel,1,8191,5.103162007,5.189766207,5.281711635,4.05242797,4.151542089,4.278255097,1.2500815590310157
bv_portable,1,double,brettel,2,8191,5.10697717,5.18328043,5.848644854,4.056555976,4.2144541265,4.331842876,1.2298818006840158
bv_portable,1,double,lookup,0,8191,46.516756196,46.537739591999994,46.842571115,5.834009889,5.922887926,6.012818948,7.857271684596788
bv_portable,1,double,lookup,1,8191,46.496154316,46.535832011,46.803656452,5.830881455,5.938369857,6.088359175,7.836465752658491
bv_portable,1,double,lookup,2,8191,46.425955317,46.56787938,47.106580393,5.824151508,5.959730955,6.167172812,7.813755307348433
bv_portable,1,double,lookupApply,0,8191,55.611341717,55.733808448,56.058478818,10.167233854,10.2565239285,10.680419058,5.433986098655841
bv_portable,1,double,lookupApply,1,8191,55.616682945,55.7444909045,56.043981199,10.159359358,10.251362013000001,10.383042364,5.437764351098815
bv_portable,1,double,lookupApply,2,8191,55.650256379,55.748687584,56.246184837,10.222507936,10.33087001,10.430060432,5.3963206903229635
bv_portable,1,double,prepared,0,8191,26.448998901,26.5352215845,27.281467464,1.16573831,1.2039166465,1.374732939,22.040746476629103
bv_portable,1,double,prepared,1,8191,26.450524966,26.5249206445,27.491301428,1.165349164,1.2035694664999999,1.278262727,22.03854566170984
bv_portable,1,double,prepared,2,8191,26.450524966,26.528354291,28.825082408,1.16573068,1.203840343,1.334681358,22.03643900559993
bv_portable,1,double,vienot,0,8191,22.056983274,22.1462580885,22.359907215,1.169782383,1.2197037905,1.292256745,18.15707900638848
bv_portable,1,double,vienot,1,8191,22.126419241,22.149691734999998,22.337016237,1.170698022,1.220733885,1.323289281,18.14457025168921
bv_portable,1,float,brettel,0,8191,4.327920889,4.4030795995,4.555304603,2.115271334,2.118258607,2.72096661,2.0786317520200686
bv_portable,1,float,brettel,1,8191,4.328683921,4.4007905019999995,5.004730802,2.091808082,2.092838176,2.243018252,2.1027858496021623
bv_portable,1,float,brettel,2,8191,4.333262117,4.4011720180000005,4.459162495,2.0786534,2.0828996765000003,2.162594616,2.113002401246472
bv_portable,1,float,lookup,0,8191,29.000579905,29.213084483000003,31.325540227,4.479001343,4.5461215055,4.605443475,6.4259357009392195
bv_portable,1,float,lookup,1,8191,29.014314492,29.099392626,29.221859358,4.474644427,4.54834193,4.635941887,6.3978023362900505
bv_portable,1,float,lookup,2,8191,28.950219753,29.123809669,29.932242705,4.479382859,4.548719631,4.571808998,6.4026389910950305
bv_portable,1,float,lookupApply,0,8191,41.956110365,42.098415943999996,42.372726163,10.026576425,10.064796728000001,10.452684349,4.182738815467908
bv_portable,1,float,lookupApply,1,8191,41.97213405,42.109861433,42.261323404,10.02786595,10.048166432999999,10.115782566,4.190800551900055
bv_portable,1,float,lookupApply,2,8191,42.031650592,42.193031986,42.459711879,10.026957942,10.038456843,10.178862471,4.203139251967992
bv_portable,1,float,prepared,0,8191,15.577310463,15.7280094005,16.124404835,0.766450983,0.7671758639999999,0.929434745,20.50117859351738
bv_portable,1,float,prepared,1,8191,15.574258332,15.594478696,16.935508485,0.76637468,0.7671415269999999,1.022250031,20.32803354680081
bv_portable,1,float,prepared,2,8191,15.575784398,15.5887559515,15.69710658,0.766450983,0.7670690389999999,0.834337993,20.32249401152013
bv_portable,1,float,vienot,0,8191,3.402362349,3.4096111584999997,3.576333781,0.766298376,0.766908802,0.911701868,4.4459147549332725
bv_portable,1,float,vienot,1,8191,3.403888414,3.41151874,3.483243804,0.766306007,0.766946954,0.885255158,4.4481808320735565
bv_compiler,1,double,brettel,0,8191,5.099346844,5.17603162,5.901294103,4.000144976,4.135110182,4.219463435,1.2517276184153683
bv_compiler,1,double,brettel,1,8191,5.10392504,5.187477109,5.331308754,4.053198633,4.158458979500001,4.298124466,1.2474517927368673
bv_compiler,1,double,brettel,2,8191,5.106214137,5.196251984,5.829569039,4.057013796,4.174631455,4.399874863,1.2447211304788102
bv_compiler,1,double,lookup,0,8191,46.511414968,46.5903888415,46.865462093,5.826524539,5.913712459,6.004189049,7.878365606125254
bv_compiler,1,double,lookup,1,8191,46.493102185,46.583521548,47.041722622,5.820412648,5.8994551945,6.127189904,7.896241265028901
bv_compiler,1,double,lookup,2,8191,46.515993163,46.5991637165,47.400347943,5.823319802,5.9171537359999995,6.058845074,7.875266689961156
bv_compiler,1,double,lookupApply,0,8191,55.628891466,55.745635454,55.952417287,10.145449274,10.273192376,10.796468685,5.426320603538165
bv_compiler,1,double,lookupApply,1,8191,55.633469662,55.739531193000005,55.936393603,10.14934837,10.274909199,10.501609999,5.424819831831198
bv_compiler,1,double,lookupApply,2,8191,55.618972042,55.7132065685,55.97073007,10.152408131,10.323800513,10.418439446,5.396579147218553
bv_compiler,1,double,prepared,0,8191,26.441368575,26.5233945795,26.61305091,1.164128312,1.2062896775,1.283687889,21.98758314376772
bv_compiler,1,double,prepared,1,8191,26.448235869,26.5233945795,26.868666829,1.163968075,1.1844211635000002,1.294316933,22.393550028372147
bv_compiler,1,double,prepared,2,8191,26.448235869,26.5226315465,32.969875473,1.163594189,1.206480436,1.286060921,21.983474207367916
bv_compiler,1,double,vienot,0,8191,4.017366622,4.0906177515,4.131058479,1.170621719,1.2088839885,1.280101636,3.3837967831600575
bv_compiler,1,double,vienot,1,8191,4.016603589,4.057044317,4.09901111,1.170476743,1.2095363815,1.433829813,3.354214374245344
bv_compiler,1,float,brettel,0,8191,4.332499084,4.401935050500001,4.81015749,2.115042425,2.1212764010000003,2.582590648,2.0751350688787493
bv_compiler,1,float,brettel,1,8191,4.330209987,4.406513246,5.03067391,2.091273959,2.092223935,2.263887193,2.106138435893575
bv_compiler,1,float,brettel,2,8191,4.333262117,4.421010866,4.530124527,2.079424063,2.0801069775,2.157398364,2.1253766819788478
bv_compiler,1,float,lookup,0,8191,29.01965572,29.164631913500003,31.536900256,4.460963252,4.5303725125,4.643671408,6.437579212974268
bv_compiler,1,float,lookup,1,8191,29.028812111,29.1295324135,29.388963497,4.464778415,4.5431800145,4.563400378,6.4117055279628525
bv_compiler,1,float,lookup,2,8191,29.089854719,29.182944695499998,29.575906483,4.471050543,4.540196557,4.649630692,6.427683103390363
bv_compiler,1,float,lookupApply,0,8191,41.983579539,42.164799779999996,42.72448419,10.029552252,10.10450876,10.732564705,4.172869832813129
bv_compiler,1,float,lookupApply,1,8191,41.941612746,42.0606458305,42.951104871,10.029712489,10.0592532965,10.164410634,4.181289066966284
bv_compiler,1,float,lookupApply,2,8191,41.940086681,42.2262239045,43.230374802,10.029941399,10.050726407500001,10.13856672,4.201310650839145
bv_compiler,1,float,prepared,0,8191,15.571206202,15.5887559515,16.216731779,0.766222073,0.766916433,0.930892138,20.326537913029696
bv_compiler,1,float,prepared,1,8191,15.582651691,15.604779636,15.689476254,0.766298376,0.7667600109999999,0.868666829,20.35158251882283
bv_compiler,1,float,prepared,2,8191,15.568917104,15.60745025,15.987822,0.766450983,0.7669507689999999,0.92064461,20.350002739224063
bv_compiler,1,float,vienot,0,8191,3.399310219,3.405032963,3.588542303,0.76614577,0.7668706505,0.92790868,4.440165966424607
bv_compiler,1,float,vienot,1,8191,3.401599316,3.4096111584999997,3.635087291,0.76637468,0.766832499,0.846722012,4.446357141809139
default,2,double,brettel,0,8191,23.811958247,24.008820657,25.012971554,4.051275791,4.1350300635,4.219165853,5.8062022012672605
default,2,double,brettel,1,8191,23.910389452,24.335398608,25.786686607,4.055022281,4.1458460505,4.346592296,5.86982688492861
default,2,double,brettel,2,8191,23.859266268,23.977917837,26.255951654,4.091487608,4.224743621,4.339641069,5.675591228261186
default,2,double,lookup,0,8191,46.460291784,46.503784642,46.644182639,5.819268099,5.91420843,5.991041997,7.863061505595263
default,2,double,lookup,1,8191,46.47402637,46.5854291295,46.968471493,5.805808204,5.8923093945,6.463435478,7.906141040893708
default,2,double,lookup,2,8191,46.481656696,46.6930167255,47.152362349,5.805579294,5.8930762425,6.061248627,7.923368849151624
default,2,double,lookupApply,0,8191,55.551825174,55.7212184105,56.306464412,10.155567086,10.263383592,10.449861128,5.42912753002168
default,2,double,lookupApply,1,8191,55.64186302,55.782261018499995,86.918569161,10.155032963,10.254631608,10.358434562,5.439713794787351
default,2,double,lookupApply,2,8191,55.561744598,55.713969601,56.133256013,10.216655476,10.2771639605,10.419431388,5.421142429481045
default,2,double,prepared,0,8191,26.451287999,26.5378921985,26.950311317,1.166363997,1.2068238005,1.279636186,21.989864790125175
default,2,double,prepared,1,8191,26.450524966,26.518816384,26.920553046,1.166447931,1.2074380415000001,1.304869674,21.96287964478548
default,2,double,prepared,2,8191,26.454340129,26.542470394,28.898333537,1.165372055,1.207396075,1.303053656,21.983233955767165
default,2,double,vienot,0,8191,22.063850568,22.1466396045,22.874954218,1.190369003,1.2071671655,1.279407276,18.345959232023198
default,2,double,vienot,1,8191,22.114973752,22.137101697,22.398821878,1.191597485,1.2072396534999998,1.28231443,18.336957067986173
default,2,float,brettel,0,8191,32.963771212,33.4895006715,35.494750336,2.115042425,2.1165150775,2.326196435,15.822944531563348
default,2,float,brettel,1,8191,33.056861189,33.697427054,35.940361372,2.090701685,2.0925901905,2.290646746,16.103213714266907
default,2,float,brettel,2,8191,33.294164327,33.8672018065,35.769442071,2.078508424,2.0822663595,2.155490783,16.26458673357826
default,2,float,lookup,0,8191,29.158527652,29.2241484555,29.329446954,4.472584239,4.5464000124999995,4.882561653,6.427975623603358
default,2,float,lookup,1,8191,29.182944695,29.2218593575,29.511048712,4.47097424,4.5413907035,4.577775913,6.434561847977324
default,2,float,lookup,2,8191,29.143267,29.240935172500002,29.314949335,4.464480833,4.542840465499999,5.074983213,6.436707472905204
default,2,float,lookupApply,0,8191,41.968318887,42.112150531,42.449792455,10.024386522,10.111814797,10.481893236,4.164648124636732
default,2,float,lookupApply,1,8191,41.950769137,42.0182975215,42.188072274,10.023013063,10.044976956500001,10.408809974,4.18301582009209
default,2,float,lookupApply,2,8191,41.966029789,42.0709467705,42.623763887,10.025302161,10.0549497925,10.233236174,4.184103117240901
default,2,float,prepared,0,8191,15.571969235,15.6013459895,16.217494811,0.76637468,0.767065224,1.275126663,20.339008341616594
default,2,float,prepared,1,8191,15.577310463,15.6024905385,15.674215602,0.766313637,0.7669583995,0.953516054,20.343333548040764
default,2,float,prepared,2,8191,15.578836528,15.602872055,15.691765352,0.766313637,0.7669583995,0.834200647,20.34383098897139
default,2,float,vienot,0,8191,19.259705775,19.327615676,19.542790868,0.766222073,0.7668019774999999,0.934478391,25.205484914128306
default,2,float,vienot,1,8191,19.572549139,19.645418752,19.825112929,0.7661534,0.7667676409999999,0.90520083,25.62108480005614
bv_direct,2,double,brettel,0,8191,13.351544378,13.4289921865,14.111524844,4.012445062,4.112322213000001,4.214953913,3.2655496069952528
bv_direct,2,double,brettel,1,8191,13.350018313,13.4305182515,13.583506287,4.055327494,4.1314743315,4.280933341,3.250780998226323
bv_direct,2,double,brettel,2,8191,13.356122574,13.431662801,14.092449029,4.066421988,4.203718258,4.293706507,3.1951862557483506
bv_direct,2,double,lookup,0,8191,46.221462581,46.252365401000006,46.416798926,5.806441521,5.881600232,5.972118789,7.863908388291155
bv_direct,2,double,lookup,1,8191,46.211543157,46.2695336345,46.472500305,5.805304603,5.907280094000001,6.073174826,7.832629043863312
bv_direct,2,double,lookup,2,8191,46.217647418,46.341640215,46.957789037,5.808204126,5.8856137835,6.115683372,7.873714096721106
bv_direct,2,double,lookupApply,0,8191,55.574716152,55.727322671500005,56.412525943,10.159244903,10.2361852945,10.311218105,5.44414946273421
bv_direct,2,double,lookupApply,1,8191,55.660938835,55.795995605,56.929099011,10.158176657,10.238482023,10.43468441,5.449635549455318
bv_direct,2,double,lookupApply,2,8191,55.55640337,55.705957758500006,55.9737822,10.211688133,10.246043676,10.432540288,5.43682610771842
bv_direct,2,double,prepared,0,8191,26.445946771,26.515382737,26.623733366,1.163685753,1.1962977655,1.271403064,22.16453420016022
bv_direct,2,double,prepared,1,8191,26.445946771,26.521868513999998,27.77667562,1.164227506,1.1959849225,1.271868514,22.17575490714432
bv_direct,2,double,prepared,2,8191,26.461207423,26.542851910499998,28.995238677,1.163540776,1.195946771,1.414746368,22.194007755300003
bv_direct,2,double,vienot,0,8191,4.02270785,4.099392626,4.128006348,1.169889208,1.2044774755,1.278827372,3.403461425709326
bv_direct,2,double,vienot,1,8191,4.02270785,4.07116042,4.104352338,1.169889208,1.2036381390000002,1.367125504,3.3823790457341096
bv_direct,2,float,brettel,0,8191,8.095012819,8.1762757905,8.352154804,2.115240813,2.118773654,2.316635637,3.8589661406560043
bv_direct,2,float,brettel,1,8191,8.097301917,8.111418019999999,8.755036015,2.091075571,2.092952631,2.205255769,3.87558604999312
bv_direct,2,float,brettel,2,8191,8.097301917,8.106839824000001,8.204889513,2.079225675,2.108331553,2.197686485,3.845144665441527
bv_direct,2,float,lookup,0,8191,28.693840801,28.814018435,31.09128922,4.460734343,4.534317391,4.769342876,6.354654063738875
bv_direct,2,float,lookup,1,8191,28.689262605,28.7621322185,29.11961299,4.45973477,4.5318718715,4.649714626,6.346634025418739
bv_direct,2,float,lookup,2,8191,28.659504334,28.7621322185,29.230252716,4.465854291,4.534431846,4.557288487,6.34305094779894
bv_direct,2,float,lookupApply,0,8191,41.956110365,42.051870956,42.178152851,10.030734953,10.120887254,10.543965938,4.154958937950837
bv_direct,2,float,lookupApply,1,8191,41.97213405,42.0965083625,42.484128922,10.031269076,10.0501465025,10.365805457,4.188646240333749
bv_direct,2,float,lookupApply,2,8191,41.953821267,42.110624466,43.120498108,10.030506043,10.0377662985,10.185378769,4.195218658586705
bv_direct,2,float,prepared,0,8191,15.575021365,15.612028446,16.254120376,0.76637468,0.767000366,1.363043279,20.354655796865682
bv_direct,2,float,prepared,1,8191,15.577310463,15.590663533,16.078622879,0.76638994,0.766962215,0.83825235,20.327811759279435
bv_direct,2,float,prepared,2,8191,15.572732267,15.5921895985,16.041234282,0.766237334,0.7671148215,0.840243865,20.32575718979248
bv_direct,2,float,vienot,0,8191,3.401599316,3.440513979,3.580911977,0.766084727,0.7669507695,0.937004029,4.485964570115735
bv_direct,2,float,vienot,1,8191,3.403888414,3.439750946,3.485532902,0.766244964,0.767152973,0.836192162,4.4837875457206895
bv_split,2,double,brettel,0,8191,5.100109877,5.1783207175,5.870772799,4.003364974,4.09561943,4.242476499,1.2643559310148111
bv_split,2,double,brettel,1,8191,5.102398974,5.18328043,5.296972287,4.119567208,4.184543248500001,4.274966427,1.2386729260972529
bv_split,2,double,brettel,2,8191,5.113081431,5.194725919,5.822701746,4.079439324,4.199628403,4.292943475,1.2369489441706683
bv_split,2,double,lookup,0,8191,46.444268099,46.523241973,46.966182395,5.810775546,5.8939918815,6.054282139,7.893333229559861
bv_split,2,double,lookup,1,8191,46.47097424,46.58123245,47.047063851,5.810699243,5.9122321755,6.24180503,7.878789443187015
bv_split,2,double,lookup,2,8191,46.429007447,46.483564278,47.185172751,5.822549139,5.983331553,6.646265718,7.768843138016223
bv_split,2,double,lookupApply,0,8191,55.609815651,55.705576242,56.111128067,10.171972287,10.2316605115,10.313743743,5.444431642291986
bv_split,2,double,lookupApply,1,8191,55.594554999,55.730756318000005,56.159962154,10.180075693,10.25912587,10.736036503,5.432310415546154
bv_split,2,double,lookupApply,2,8191,55.59760713,55.754791844500005,56.060767916,10.176413136,10.2928748015,10.514879136,5.4168337728517555
bv_split,2,double,prepared,0,8191,26.439079477,26.5298803565,26.788548407,1.190506348,1.1940582655,1.494002564,22.21824606305194
bv_split,2,double,prepared,1,8191,26.445183738,26.4726529115,26.69545843,1.187912038,1.1934096875,1.285137651,22.18236804073203
bv_split,2,double,prepared,2,8191,26.452051032,26.5684135025,29.200494445,1.18515749,1.192871749,1.384522647,22.272648777852815
bv_split,2,double,vienot,0,8191,4.02270785,4.0936698815,6.108075937,1.173383897,1.1965800880000002,1.39630387,3.421141570508902
bv_split,2,double,vienot,1,8191,4.016603589,4.088328653,4.106641436,1.172384324,1.1964656329999999,1.272524722,3.4170046679477
bv_split,2,float,brettel,0,8191,4.329446954,4.47518618,4.61634721,2.115126358,2.1207842450000003,2.746795263,2.1101562738174713
bv_split,2,float,brettel,1,8191,4.343181541,4.411472958,5.032199976,2.091273959,2.092800024,2.198609755,2.107928568143021
bv_split,2,float,brettel,2,8191,4.330973019,4.401553534,4.532413625,2.078592357,2.0865698630000002,2.168714137,2.109468564676571
bv_split,2,float,lookup,0,8191,29.101300208,29.200112929,31.32935539,4.481221768,4.553210077999999,4.686630143,6.4130827325731845
bv_split,2,float,lookup,1,8191,29.086802588,29.210795385,30.016939324,4.474346844,4.547964229,4.563324075,6.422828745823894
bv_split,2,float,lookup,2,8191,29.074594067,29.1444115495,29.403461116,4.463641497,4.5362211575,4.928068917,6.424821572315502
bv_split,2,float,lookupApply,0,8191,41.935508485,42.0095226465,42.468105237,10.108709254,10.148310646,10.637490844,4.139558209430477
bv_split,2,float,lookupApply,1,8191,41.999603223,42.262086436000004,42.877090709,10.026110975,10.0426687825,10.122596447,4.2082525423565125
bv_split,2,float,lookupApply,2,8191,41.933219387,42.0385178855,42.485654987,10.02691216,10.0419973145,10.183143084,4.186270576352284
bv_split,2,float,prepared,0,8191,15.570443169,15.6040166035,16.2640398,0.766450983,0.7670232575,1.025302161,20.34360294935385
bv_split,2,float,prepared,1,8191,15.565864974,15.594478696,16.649371261,0.766077097,0.767145342,0.855596081,20.327932455855283
bv_split,2,float,prepared,2,8191,15.575784398,15.590663533,15.977902576,0.7661534,0.766992736,0.833422354,20.327002853127414
bv_split,2,float,vienot,0,8191,3.400073251,3.469890734,3.672475888,0.76614577,0.7668744654999999,0.908031681,4.524718047219946
bv_split,2,float,vienot,1,8191,3.400073251,3.438606397,3.496215358,0.766222073,0.767069039,0.882569283,4.482786062494174
bv_portable,2,double,brettel,0,8191,5.092479551,5.17603162,5.863905506,4.005356489,4.117377304,4.224972531,1.2571186067819253
bv_portable,2,double,brettel,1,8191,5.102398974,5.1844249785,5.329019656,4.058867965,4.1393564585,4.267938896,1.2524712550072836
bv_portable,2,double,brettel,2,8191,5.102398974,5.1790837505,5.939445733,4.078203211,4.1918683615,4.307311378,1.235507249718772
bv_portable,2,double,lookup,0,8191,46.503784642,46.53277988,46.6502869,5.807570809,5.8912564095,7.113813942,7.898617314459973
bv_portable,2,double,lookup,1,8191,46.480893664,46.572076059,47.094371872,5.8106382,5.89337764,5.948480039,7.902442182374724
bv_portable,2,double,lookup,2,8191,46.473263338,46.56787938,47.551428397,5.811927726,5.8937629715,6.095714809,7.901213470101289
bv_portable,2,double,lookupApply,0,8191,55.64186302,55.7425833235,55.984464656,10.175604322,10.304190575,10.395273776,5.409700346453462
bv_portable,2,double,lookupApply,1,8191,55.65636064,55.733808448000005,56.220241729,10.17697778,10.3126793125,10.480817361,5.404396545177648
bv_portable,2,double,lookupApply,2,8191,55.654834575,55.6948937855,55.802099866,10.18210536,10.314819619000001,10.475163289,5.399502448196907
bv_portable,2,double,prepared,0,8191,26.45739226,26.5310249055,26.706903919,1.164593761,1.1977666035,1.370070809,22.150412966911546
bv_portable,2,double,prepared,1,8191,26.458155292,26.5249206445,26.558112563,1.165051581,1.198453333,1.27505036,22.132627040305458
bv_portable,2,double,prepared,2,8191,26.453577097,26.541325845499998,29.038731535,1.165127884,1.198525821,1.317246063,22.14497625370726
bv_portable,2,double,vienot,0,8191,22.129471371,22.149691734999998,22.435447442,1.17017153,1.2114058115,1.289883714,18.284287168453954
bv_portable,2,double,vienot,1,8191,22.071480894,22.146639604500002,22.547613234,1.170553046,1.219593151,1.299894702,18.159039009313034
bv_portable,2,float,brettel,0,8191,4.327920889,4.3969753385,4.565987059,2.11727048,2.1187202415,2.783268221,2.075297744541796
bv_portable,2,float,brettel,1,8191,4.332499084,4.404605665,5.092479551,2.092502442,2.0954744539999997,2.179259248,2.1019610411342198
bv_portable,2,float,brettel,2,8191,4.335551215,4.403461116,4.47518618,2.078813637,2.0815605545,2.302809486,2.115461453417929
bv_portable,2,float,lookup,0,8191,28.900622635,29.038731534500002,31.289677695,4.463404957,4.5354733855,4.572427054,6.402580076279891
bv_portable,2,float,lookup,1,8191,28.875442559,29.026523013000002,29.916219021,4.465030216,4.5246841045,4.644281834,6.415149067341924
bv_portable,2,float,lookup,2,8191,28.955560982,29.096722012,29.18141863,4.465411732,4.533947319999999,4.937835734,6.41752538315774
bv_portable,2,float,lookupApply,0,8191,41.950769137,42.053778537499994,42.522280552,10.028903675,10.07911122,10.52152515,4.1723697278042335
bv_portable,2,float,lookupApply,1,8191,41.966792821,42.2414845565,42.639024539,10.027797277,10.042645892,10.129623978,4.206210694947403
bv_portable,2,float,lookupApply,2,8191,41.991209864,42.2063850565,42.472683433,10.026729032,10.0418866745,10.118849957,4.203033396470938
bv_portable,2,float,prepared,0,8191,15.570443169,15.6154620925,16.159504334,0.76637468,0.7675268585,0.904743011,20.34516697307212
bv_portable,2,float,prepared,1,8191,15.569680137,15.588755952,15.640642168,0.766450983,0.7673704370000001,0.854138689,20.314512001457256
bv_portable,2,float,prepared,2,8191,15.569680137,15.5853223045,19.303961665,0.766603589,0.76744674,0.839152729,20.30801812318598
bv_portable,2,float,vienot,0,8191,3.401599316,3.458445245,3.632035161,0.766229703,0.7668401295,0.930510621,4.509995124087986
bv_portable,2,float,vienot,1,8191,3.403888414,3.44242156,3.672475888,0.765695581,0.766832499,0.835024722,4.489144062737488
bv_compiler,2,double,brettel,0,8191,5.097057746,5.1970150165,5.870772799,4.013765108,4.1110288735000005,4.189651752,1.264164075810887
bv_compiler,2,double,brettel,1,8191,5.103162007,5.182135881,5.353436699,4.06085185,4.143095318,4.296369491,1.2507884765493584
bv_compiler,2,double,brettel,2,8191,5.098583812,5.177176169,5.908924429,4.081873398,4.2383599375,4.301344463,1.2215046020970464
bv_compiler,2,double,lookup,0,8191,46.45342449,46.566734831,47.129471371,5.806517824,5.8854115794999995,5.941444879,7.912230810365197
bv_compiler,2,double,lookup,1,8191,46.461054816,46.5339244295,46.94405445,5.805960811,5.9079553775,6.028209315,7.876485426196839
bv_compiler,2,double,lookup,2,8191,46.455713588,46.5419362715,47.345409596,5.798086314,5.887719753,5.985708399,7.904917051764437
bv_compiler,2,double,lookupApply,0,8191,55.61820901,55.694130752999996,56.185905262,10.156566659,10.237722805499999,11.040562813,5.440089735881451
bv_compiler,2,double,lookupApply,1,8191,55.609815651,55.7479245515,56.932914174,10.174001953,10.245231046499999,10.405254242,5.4413535720646085
bv_compiler,2,double,lookupApply,2,8191,55.603711391,55.7391496765,56.333170553,10.213672018,10.2458033205,10.546369491,5.440193212080895
bv_compiler,2,double,prepared,0,8191,26.441368575,26.527972775000002,26.865614699,1.164815041,1.1999450619999998,1.273974484,22.10765610450923
bv_compiler,2,double,prepared,1,8191,26.441368575,26.5119490905,26.932761568,1.164822671,1.2011239470000001,1.277041875,22.07261719884767
bv_compiler,2,double,prepared,2,8191,26.449761934,26.532550970499997,28.967006471,1.164509828,1.2000557015,1.307700525,22.109432868270904
bv_compiler,2,double,vienot,0,8191,4.02270785,4.068489806,4.159290685,1.172773471,1.203420675,1.274745147,3.3807710724265223
bv_compiler,2,double,vienot,1,8191,4.016603589,4.055518251500001,4.150897326,1.172308021,1.2024668840000001,1.340106519,3.3726652313362173
bv_compiler,2,float,brettel,0,8191,4.33402515,4.4019350505,4.633133927,2.116957636,2.1193650044999996,2.786244048,2.077006575626884
bv_compiler,2,float,brettel,1,8191,4.328683921,4.396212306,5.094005616,2.091655476,2.0972027225,2.199517763,2.096226682730715
bv_compiler,2,float,brettel,2,8191,4.330209987,4.398501404,4.503418386,2.080957759,2.0856885605000004,2.227505799,2.1088965473088424
bv_compiler,2,float,lookup,0,8191,29.038731535,29.1871413745,31.531559028,4.467769503,4.548265627,4.727543951,6.417202460919506
bv_compiler,2,float,lookup,1,8191,29.027286046,29.1318215115,29.23712001,4.466617324,4.536034214500001,4.657428885,6.422310797034222
bv_compiler,2,float,lookup,2,8191,29.067726773,29.184852277,30.558692467,4.458742827,4.528232206,4.555312233,6.445087387155074
bv_compiler,2,float,lookupApply,0,8191,41.944664876,42.0804846785,42.484891955,10.028598462,10.0953790745,10.310188011,4.168291687509925
bv_compiler,2,float,lookupApply,1,8191,41.964503724,42.198373214499995,42.432242705,10.030048224,10.062049811000001,10.14209193,4.193814780003178
bv_compiler,2,float,lookupApply,2,8191,41.934745452,43.01825174,44.261994872,10.030589977,10.05231733,10.187370284,4.279436305857248
bv_compiler,2,float,prepared,0,8191,15.572732267,15.600964473000001,16.201471127,0.76614577,0.7669126175,0.934173178,20.342558092024092
bv_compiler,2,float,prepared,1,8191,15.575784398,15.6120284455,15.93212062,0.76638231,0.7669507695,0.843814858,20.355972073250527
bv_compiler,2,float,prepared,2,8191,15.570443169,15.905032963,16.597485045,0.766298376,0.767069039,0.998321328,20.734812845183807
bv_compiler,2,float,vienot,0,8191,3.399310219,3.4134263215000002,3.624404835,0.766298376,0.766874466,0.934791234,4.451088767245512
bv_compiler,2,float,vienot,1,8191,3.401599316,3.4386063975,3.914357221,0.76568795,0.7669507695,0.839152729,4.483477342022538
default,0,double,brettel,0,65536,29.354953766,29.386711121,29.522514343,4.164432526,4.1802363395,4.226451874,7.0299161899814875
default,0,double,brettel,1,65536,29.245185852,29.286956787,29.480838776,4.196986198,4.2108254435,4.224473953,6.955158122787666
default,0,double,brettel,2,65536,29.184913635,29.2270660405,29.307174683,4.202155113,4.220995903,4.259414673,6.924210947403991
default,0,double,lookup,0,65536,46.49143219,46.552324295,46.889400482,5.88447094,5.9105634684999995,5.977828026,7.876122901496258
default,0,double,lookup,1,65536,46.492195129,46.566390991000006,46.968173981,5.87985611,5.9004406925,6.007200241,7.892019158872345
default,0,double,lookup,2,65536,46.524429321,46.598720550500005,46.850299835,5.877275467,5.916955471,5.999593735,7.875455676299783
default,0,double,lookupApply,0,65536,55.722522736,55.7805538175,55.955219269,10.270425797,10.3002433775,10.356754303,5.415459788003441
default,0,double,lookupApply,1,65536,55.71975708,55.8032512665,56.276416779,10.253581047,10.293387413,10.384577751,5.42127183477263
default,0,double,lookupApply,2,65536,55.762672424,55.8214187625,56.259441376,10.253333092,10.300802231,10.367436409,5.4191331423203986
default,0,double,prepared,0,65536,26.515769958,26.543807983500002,26.633834839,1.208472252,1.216302395,1.272631645,21.823362424193864
default,0,double,prepared,1,65536,26.502990723,26.556205749500002,26.740074158,1.210047722,1.2294640545,1.321034431,21.599822827109747
default,0,double,prepared,2,65536,26.502227783,26.5336036685,26.613903046,1.20753479,1.2175016405,1.241436005,21.79348494150961
default,0,double,vienot,0,65536,22.152233124,22.1783161165,22.355937958,1.213535309,1.2266688344999999,1.281039238,18.080117055831177
default,0,double,vienot,1,65536,22.15681076,22.214412689,22.687911987,1.213880539,1.2315316200000002,1.294951439,18.038036805746
default,0,float,brettel,0,65536,42.461490631,42.543363571,48.407268524,2.168887138,2.214548111,2.277542114,19.21085541545952
default,0,float,brettel,1,65536,42.71697998,42.8053855895,42.921543121,2.163602829,2.170247555,2.193384171,19.723734046321734
default,0,float,brettel,2,65536,42.67168045,42.817783356,43.239784241,2.158825874,2.17004776,2.204582214,19.73126312943453
default,0,float,lookup,0,65536,29.233074188,29.2798995975,32.871818542,4.515423775,4.53490448,4.724153519,6.456563688746097
default,0,float,lookup,1,65536,29.221630096,29.2706489565,29.560375214,4.516004562,4.5349664690000004,4.71200943,6.4544355854861335
default,0,float,lookup,2,65536,29.256343842,29.301357269500002,47.631549835,4.517477036,4.538243293500001,4.599990845,6.45654174412983
default,0,float,lookupApply,0,65536,42.09651947,42.2729969025,43.234920502,10.067895889,10.1011376385,10.179198265,4.184973852982511
default,0,float,lookupApply,1,65536,42.099666595,42.218017578499996,42.437171936,10.062441826,10.0867619515,10.242736816,4.185487650198959
default,0,float,lookupApply,2,65536,42.145824432,42.218732834,42.566013336,10.067427635,10.091220378500001,10.181569099,4.183709328551554
default,0,float,prepared,0,65536,15.61384201,15.653848648,15.867996216,0.776706696,0.7888126375,0.812517166,19.84482487198996
default,0,float,prepared,1,65536,15.602970123,15.628862381000001,15.674686432,0.776679039,0.7861614225,0.799800873,19.879966039671707
default,0,float,prepared,2,65536,15.603923798,15.6242847445,15.679454803,0.776534081,0.7867732045,0.815756798,19.85868946112539
default,0,float,vienot,0,65536,19.338130951,19.3775177,27.126502991,0.775779724,0.8026909825,0.848633766,24.140694392315535
default,0,float,vienot,1,65536,19.658851624,19.670820236,19.926261902,0.775655746,0.7854585645,0.808801651,25.043740211199903
bv_direct,0,double,brettel,0,65536,20.53565979,20.565891266,20.714569092,4.172773361,4.191562176,4.246591568,4.906497960057936
bv_direct,0,double,brettel,1,65536,20.549106598,20.5740451815,20.670127869,4.20838356,4.2180147175,4.256634712,4.877660833221121
bv_direct,0,double,brettel,2,65536,20.557975769,20.593214035000003,20.716094971,4.210018158,4.225420475,4.260026932,4.8736484704519265
bv_direct,0,double,lookup,0,65536,46.25749588,46.292591095,46.600818634,5.880839348,5.893102646,5.940717697,7.855385163946115
bv_direct,0,double,lookup,1,65536,46.241474152,46.2744712825,46.546077728,5.881250381,5.897272587,5.964213371,7.846758073301183
bv_direct,0,double,lookup,2,65536,46.243095398,46.2924957275,69.541740417,5.880198479,5.9017887115,5.972392082,7.843807698045206
bv_direct,0,double,lookupApply,0,65536,55.695724487,55.793190002,64.726638794,10.284320831,10.304527283,10.349586487,5.41443469163747
bv_direct,0,double,lookupApply,1,65536,55.715370178,55.7920455935,56.302070618,10.280116081,10.313780308,10.367186546,5.409466163461352
bv_direct,0,double,lookupApply,2,65536,55.692958832,55.751657486,55.897712708,10.286803246,10.3029551505,10.347073555,5.411229756085503
bv_direct,0,double,prepared,0,65536,26.500892639,26.5384197235,45.540046692,1.215533257,1.2286806110000001,1.304514885,21.599119808605813
bv_direct,0,double,prepared,1,65536,26.512813568,26.5337467195,26.751804352,1.211271286,1.2241559025000002,1.309780121,21.67513685578132
bv_direct,0,double,prepared,2,65536,26.516342163,26.535034179500002,26.590156555,1.214138031,1.2284703255,1.257430077,21.6000611725806
bv_direct,0,double,vienot,0,65536,4.064655304,4.080820083500001,4.128360748,1.215695381,1.2250828745,1.266372681,3.331056346017023
bv_direct,0,double,vienot,1,65536,4.063129425,4.078865051,4.099464417,1.218035698,1.2422189715,1.36004734,3.2835314421858355
bv_direct,0,float,brettel,0,65536,15.881156921,15.944051742500001,16.183280945,2.158824921,2.210100651,2.243746758,7.21417449258966
bv_direct,0,float,brettel,1,65536,15.934371948,15.981578827,16.07208252,2.162436485,2.1741313935,2.185062408,7.350787939855024
bv_direct,0,float,brettel,2,65536,15.928077698,15.992069244,16.100883484,2.158490181,2.170591831,2.207830429,7.367607772039017
bv_direct,0,float,lookup,0,65536,28.801250458,28.877067566,28.934383392,4.514992714,4.5361948015,4.564322472,6.365923164598469
bv_direct,0,float,lookup,1,65536,28.807640076,28.847551346,28.97644043,4.518269539,4.5389509199999996,4.606306076,6.3555548086869385
bv_direct,0,float,lookup,2,65536,28.811454773,28.856468201,28.975963593,4.522644997,4.543226242,4.712258339,6.351536697476224
bv_direct,0,float,lookupApply,0,65536,42.048740387,42.127895355,42.652702332,10.057139397,10.072168827,10.125120163,4.182604171811506
bv_direct,0,float,lookupApply,1,65536,42.0545578,42.116737366,42.293071747,10.059259415,10.0754499435,10.398180962,4.180134644326318
bv_direct,0,float,lookupApply,2,65536,42.06609726,42.130279541,61.869907379,10.05909729,10.071953773499999,10.117887497,4.182930192933139
bv_direct,0,float,prepared,0,65536,15.610218048,15.6249523165,15.663909912,0.775474548,0.7863430975,0.803985596,19.870400549297123
bv_direct,0,float,prepared,1,65536,15.608310699,15.621614456,15.789318085,0.775790215,0.786735058,0.802342415,19.856258211897302
bv_direct,0,float,prepared,2,65536,15.614318848,15.6432151795,16.329288483,0.77600956,0.7877092365,0.806803703,19.85912371550565
bv_direct,0,float,vienot,0,65536,3.436851501,3.458213806,3.479671478,0.774604797,0.7842407225,0.808906555,4.409633046057488
bv_direct,0,float,vienot,1,65536,3.440380096,3.452396393,3.483486176,0.77526474,0.7853255269999999,0.799552917,4.396134181692021
bv_split,0,double,brettel,0,65536,13.590908051,13.605737686000001,13.647651672,4.167718887,4.1841430665,4.211374283,3.251738162333222
bv_split,0,double,brettel,1,65536,13.580703735,13.610363007,13.651561737,4.195991516,4.2272353175,4.276937485,3.219684258090749
bv_split,0,double,brettel,2,65536,13.603591919,13.6323451995,13.694286346,4.203902245,4.2193756105,4.299362183,3.230891595802857
bv_split,0,double,lookup,0,65536,46.509075165,46.596765518,49.167346954,5.884383202,5.90031147,6.020279884,7.897339954834621
bv_split,0,double,lookup,1,65536,46.503162384,46.560525894,46.687984467,5.885989189,5.9114189145000005,6.211420059,7.876370557970883
bv_split,0,double,lookup,2,65536,46.490001678,46.575498581000005,46.974086761,5.880342484,5.8999571799999995,6.28181839,7.894209595094046
bv_split,0,double,lookupApply,0,65536,55.734062195,55.8314800265,57.616043091,10.27655983,10.295497894,10.337021828,5.422902379401915
bv_split,0,double,lookupApply,1,65536,55.70192337,55.833339691,56.135559082,10.275365829,10.2970123295,10.388436317,5.422285407102271
bv_split,0,double,lookupApply,2,65536,55.747890472,55.851125717,61.942577362,10.2884655,10.3633356095,14.849625587,5.389300107756971
bv_split,0,double,prepared,0,65536,26.515483856,26.539945602499998,28.142547607,1.210688591,1.2231383325,1.305270195,21.698237147268866
bv_split,0,double,prepared,1,65536,26.496696472,26.556587219,27.817058563,1.209723473,1.2225561145000001,1.298295021,21.72218264996457
bv_split,0,double,prepared,2,65536,26.514625549,26.559209823499998,26.708602905,1.212733269,1.2237591745,1.245544434,21.7029709577879
bv_split,0,double,vienot,0,65536,4.064941406,4.0716171265,4.134464264,1.21407032,1.2338151935,1.279807091,3.300021873575672
bv_split,0,double,vienot,1,65536,4.06255722,4.0709972385,4.156303406,1.213956833,1.2273521425,1.255337715,3.316894229074115
bv_split,0,float,brettel,0,65536,12.861537933,12.8829956055,13.017463684,2.147369385,2.2068238255,2.272783279,5.837799763006048
bv_split,0,float,brettel,1,65536,12.872505188,12.9001140595,12.934970856,2.161996841,2.174695015,2.193240166,5.931918715277875
bv_split,0,float,brettel,2,65536,12.869358063,12.894821167,13.003921509,2.161615372,2.175192356,2.202203751,5.928129129100341
bv_split,0,float,lookup,0,65536,29.139328003,29.1801929475,29.297161102,4.51263237,4.535496712,4.548089027,6.433736986358111
bv_split,0,float,lookup,1,65536,29.144096375,29.19793129,29.954242706,4.524107933,4.541826725,4.653334618,6.428675741697301
bv_split,0,float,lookup,2,65536,29.163074493,29.201412201,29.265975952,4.51650238,4.538023472,4.569922447,6.434830577932278
bv_split,0,float,lookupApply,0,65536,42.071342468,42.1426296235,44.445705414,10.067715645,10.083217621,10.268390656,4.179482304907401
bv_split,0,float,lookupApply,1,65536,42.068576813,42.116546631,42.53911972,10.068346024,10.078941822,10.157375336,4.178667500497851
bv_split,0,float,lookupApply,2,65536,42.084312439,42.11974144,44.710731506,10.059908867,10.078855514499999,10.130641937,4.179020264692178
bv_split,0,float,prepared,0,65536,15.607643127,15.630197525,15.65656662,0.77684021,0.7865104675,0.84563446,19.872841075697444
bv_split,0,float,prepared,1,65536,15.609073639,15.633010864500001,15.796279907,0.775865555,0.786925316,0.811448097,19.86593968531062
bv_split,0,float,prepared,2,65536,15.606689453,15.635251999000001,15.830230713,0.775780678,0.7857217785,0.804339409,19.89922187068409
bv_split,0,float,vienot,0,65536,3.432750702,3.451061249,3.531169891,0.775302887,0.785430431,0.798186302,4.3938471350112485
bv_split,0,float,vienot,1,65536,3.433322906,3.4946918485,3.568744659,0.77529335,0.7850813864999999,0.787895203,4.451375244138463
bv_portable,0,double,brettel,0,65536,13.576889038,13.6049747465,13.755702972,4.174971581,4.1943006515,4.515670776,3.2436813373486895
bv_portable,0,double,brettel,1,65536,13.576889038,13.6189460755,13.675308228,4.202231407,4.2154917715,4.243162155,3.230689754295017
bv_portable,0,double,brettel,2,65536,13.599967957,13.6296749115,13.655662537,4.215492249,4.2335076335,4.283216476,3.2194756904765125
bv_portable,0,double,lookup,0,65536,46.496200562,46.534633635999995,46.663856506,5.884202957,5.895936012,5.973626137,7.892662596963068
bv_portable,0,double,lookup,1,65536,46.507072449,46.5607166295,46.717453003,5.881165504,5.9063682555,6.018780708,7.883138100328021
bv_portable,0,double,lookup,2,65536,46.505737305,46.606397629,48.216247559,5.882569313,5.9308815005,6.137256622,7.858258106332233
bv_portable,0,double,lookupApply,0,65536,55.713939667,55.773067474499996,55.88350296,10.296666145,10.318567276,10.815406799,5.405117394952962
bv_portable,0,double,lookupApply,1,65536,55.724143982,55.7839393615,56.05764389,10.279934883,10.311392784,10.36033535,5.409932540641738
bv_portable,0,double,lookupApply,2,65536,55.725288391,55.800485611,56.043338776,10.278884888,10.3041553495,10.338655472,5.415338154204718
bv_portable,0,double,prepared,0,65536,26.507282257,26.5570640565,26.612091064,1.209341049,1.2203240395,1.296135902,21.7623050901965
bv_portable,0,double,prepared,1,65536,26.518249512,26.5650749205,26.862239838,1.212112427,1.2235445975,1.291025162,21.71157060787071
bv_portable,0,double,prepared,2,65536,26.504898071,26.5627861025,27.090835571,1.211367607,1.2345418929999998,1.455316544,21.516310020027813
bv_portable,0,double,vienot,0,65536,22.149944305,22.203350067,22.473144531,1.215055466,1.2268218995,1.391845703,18.098266811221038
bv_portable,0,double,vienot,1,65536,22.167682648,22.191143036,22.621631622,1.216363907,1.2196364405,1.280295372,18.194883572765796
bv_portable,0,float,brettel,0,65536,12.849712372,12.878656387,13.063907623,2.174591064,2.2121262550000003,2.22589016,5.821845094912993
bv_portable,0,float,brettel,1,65536,12.862682343,12.925481796,12.992954254,2.165570259,2.1762294769999997,2.236448288,5.939392850159432
bv_portable,0,float,brettel,2,65536,12.874507904,12.90268898,12.936878204,2.15990448,2.1685471535,2.196041107,5.949923182060058
bv_portable,0,float,lookup,0,65536,29.075813293,29.143667221,29.351139069,4.51115036,4.5375938415,4.596570969,6.422713940251191
bv_portable,0,float,lookup,1,65536,29.06703949,29.115056992,29.249954224,4.512613297,4.5320377345,4.562222481,6.4242750607221355
bv_portable,0,float,lookup,2,65536,29.162502289,29.205131530499997,29.334163666,4.517964363,4.5315122605,4.598108292,6.444897387804386
bv_portable,0,float,lookupApply,0,65536,42.160511017,42.330265045000004,42.660903931,10.066969872,10.079325676,10.120439529,4.1997120051188634
bv_portable,0,float,lookupApply,1,65536,42.09356308,42.3062324525,42.580795288,10.061275482,10.085334778,10.208371162,4.194826784013773
bv_portable,0,float,lookupApply,2,65536,42.107200623,42.1958446505,42.38910675,10.06186676,10.086194515,10.160359383,4.183524776142987
bv_portable,0,float,prepared,0,65536,15.606689453,15.6348228455,15.728473663,0.775436401,0.788081646,0.833088875,19.839090181653592
bv_portable,0,float,prepared,1,65536,15.607738495,15.668487549,15.733337402,0.777565956,0.787308216,0.821537018,19.901338802998087
bv_portable,0,float,prepared,2,65536,15.599250793,15.622138977,15.710926056,0.777079582,0.7865486145,0.789958954,19.861631803815225
bv_portable,0,float,vienot,0,65536,3.439044952,3.4500122070000003,3.514194489,0.774633408,0.789390087,0.841650009,4.370478251267931
bv_portable,0,float,vienot,1,65536,3.438282013,3.4557819365,3.531742096,0.774069786,0.786715984,0.926944733,4.392667756576305
bv_compiler,0,double,brettel,0,65536,13.580131531,13.606786727500001,13.680267334,4.169333458,4.19052124,4.206989288,3.2470391982788285
bv_compiler,0,double,brettel,1,65536,13.590049744,13.6132240295,15.581035614,4.204637527,4.234477043,4.517161369,3.2148536622731196
bv_compiler,0,double,brettel,2,65536,13.604831696,13.63325119,13.667964935,4.207447052,4.2256011959999995,4.330329895,3.226345922777896
bv_compiler,0,double,lookup,0,65536,46.506118774,46.5931415555,47.393512726,5.88412571,5.9206438065,6.089818001,7.869607272159752
bv_compiler,0,double,lookup,1,65536,46.50220871,46.5233802795,46.623325348,5.882224083,5.8922424315,5.980369568,7.895700290739133
bv_compiler,0,double,lookup,2,65536,46.495723724,46.559000014999995,46.836853027,5.880533218,5.8943920135,6.008747101,7.898863853704561
bv_compiler,0,double,lookupApply,0,65536,55.72719574,55.808401108,56.277275085,10.283372879,10.317254066499999,10.411949158,5.409230086637995
bv_compiler,0,double,lookupApply,1,65536,55.735301971,55.813169479,56.000232697,10.286678314,10.3122811315,10.342860222,5.412300999874074
bv_compiler,0,double,lookupApply,2,65536,55.735492706,55.8054924015,55.968570709,10.280191422,10.3124284745,11.442055702,5.4114792203885544
bv_compiler,0,double,prepared,0,65536,26.502990723,26.563024521000003,26.941490173,1.216373444,1.2198181154999999,1.290862083,21.77621744050907
bv_compiler,0,double,prepared,1,65536,26.510906219,26.5329837795,26.601791382,1.21479702,1.223162174,1.288090706,21.69212255209913
bv_compiler,0,double,prepared,2,65536,26.517105103,26.552629471,26.620006561,1.214817047,1.2270698544999998,1.328288078,21.639052881646684
bv_compiler,0,double,vienot,0,65536,4.066848755,4.0813446045,4.12607193,1.212389946,1.2289953235,1.518672943,3.3208788727339695
bv_compiler,0,double,vienot,1,65536,4.063224792,4.0721416475,4.105949402,1.213726997,1.2225265505,1.247426987,3.330922871028476
bv_compiler,0,float,brettel,0,65536,12.854766846,12.88022995,13.042545319,2.147321701,2.209092617,2.225660324,5.830552259729
bv_compiler,0,float,brettel,1,65536,12.874221802,12.891292572,12.96749115,2.160526276,2.175245285,2.195973396,5.926362723733016
bv_compiler,0,float,brettel,2,65536,12.865829468,12.8921508785,13.038539886,2.15988636,2.1708025930000003,2.187002182,5.9388868062311175
bv_compiler,0,float,lookup,0,65536,29.149913788,29.192972183000002,29.333496094,4.512173653,4.531832218,4.562574387,6.441759266163547
bv_compiler,0,float,lookup,1,65536,29.173088074,29.2306900025,29.901599884,4.512889862,4.5314502715,5.04778862,6.4506257933233515
bv_compiler,0,float,lookup,2,65536,29.177379608,29.224300385,29.680538177,4.518336296,4.532195568,4.555752754,6.448155192450424
bv_compiler,0,float,lookupApply,0,65536,42.085361481,42.1223640445,42.306995392,10.065823555,10.0838665965,10.159687996,4.1772036194053
bv_compiler,0,float,lookupApply,1,65536,42.091274261,42.160987854,42.279052734,10.062679291,10.0805134775,10.1332407,4.182424630263583
bv_compiler,0,float,lookupApply,2,65536,42.108917236,42.211198807,55.527210236,10.065058708,10.082993030499999,10.135877609,4.18637587860227
bv_compiler,0,float,prepared,0,65536,15.606975555,15.6312465665,17.264175415,0.776582718,0.786070347,0.811027527,19.885302411108505
bv_compiler,0,float,prepared,1,65536,15.612125397,15.6368255615,15.692996979,0.775865555,0.7858843805,0.797813416,19.897106940274657
bv_compiler,0,float,prepared,2,65536,15.609550476,15.662717819000001,15.980243683,0.777662277,0.787331581,0.799064636,19.89341999860666
bv_compiler,0,float,vienot,0,65536,3.435993195,3.4521102905000003,3.46698761,0.774882317,0.7852487564999999,0.806173325,4.396199627092311
bv_compiler,0,float,vienot,1,65536,3.435516357,3.4490585325,3.473186493,0.775331497,0.785205841,0.787829399,4.392553331120724
default,1,double,brettel,0,65536,29.335021973,29.425334929999998,29.502105713,4.164733887,4.1799974445,4.308473587,7.039558114734632
default,1,double,brettel,1,65536,29.200363159,29.284191131500002,29.616546631,4.200271606,4.213265895999999,4.255831718,6.950473066345492
default,1,double,brettel,2,65536,29.153060913,29.228878021,29.294776917,4.208726883,4.2235035895,4.276927948,6.920528750979531
default,1,double,lookup,0,65536,46.464443207,46.527528763,46.667957306,5.875718117,5.8922657965,5.961135864,7.896373037115417
default,1,double,lookup,1,65536,46.472454071,46.5312957765,46.59910202,5.879682541,5.893823147,5.971837044,7.894925690158311
default,1,double,lookup,2,65536,46.482849121,46.5437412265,49.767112732,5.883686066,5.911107063,6.109853745,7.873946577255557
default,1,double,lookupApply,0,65536,55.708122253,55.7648658755,66.171741486,10.269843102,10.2844753265,10.389457703,5.422237314509444
default,1,double,lookupApply,1,65536,55.710792542,55.781364441,56.13193512,10.25390625,10.286167145,10.412914276,5.422949447998689
default,1,double,lookupApply,2,65536,55.698204041,55.7596683505,58.145904541,10.259543419,10.275098324,10.320721626,5.4266797837116245
default,1,double,prepared,0,65536,26.507663727,26.587200165,26.988697052,1.211152077,1.217954636,1.233448029,21.82938459212039
default,1,double,prepared,1,65536,26.494407654,26.5307426455,26.713085175,1.210746765,1.2232055665,1.233276367,21.68952085577351
default,1,double,prepared,2,65536,26.498985291,26.525115966999998,26.718235016,1.216813087,1.223927021,1.26820755,21.672138544116674
default,1,double,vienot,0,65536,22.148513794,22.1823215485,24.554252625,1.210302353,1.224440575,1.291100502,18.11629081999345
default,1,double,vienot,1,65536,22.146511078,22.1698760985,22.382068634,1.21440506,1.2243614200000001,1.288406372,18.107297188848044
default,1,float,brettel,0,65536,42.4949646,42.5327301025,42.711162567,2.155165672,2.2105841635,2.24009037,19.240493442764137
default,1,float,brettel,1,65536,42.633533478,42.7579402925,43.217849731,2.167338371,2.1741952895,2.206282616,19.666099222546404
default,1,float,brettel,2,65536,42.532444,42.7795410155,43.001461029,2.160793304,2.1671862605000003,2.225910187,19.739669725310165
default,1,float,lookup,0,65536,29.272174835,29.302597046,29.395294189,4.527503967,4.543543338999999,4.604599953,6.4492830506265815
default,1,float,lookup,1,65536,29.256343842,29.2958259585,29.4921875,4.525816917,4.53676033,4.608679771,6.457433019940906
default,1,float,lookup,2,65536,29.249382019,29.297065734500002,29.541110992,4.517180443,4.5411548615,4.67672348,6.45145709142868
default,1,float,lookupApply,0,65536,42.065906525,42.232418060499995,42.499637604,10.063926697,10.081731319500001,10.587974548,4.189004519374009
default,1,float,lookupApply,1,65536,42.039775848,42.1707630155,42.574310303,10.062009811,10.0758032795,10.109726906,4.185349976145294
default,1,float,lookupApply,2,65536,42.069911957,42.215728760000005,42.8814888,10.068408012,10.075626849999999,10.147447586,4.1898860873356
default,1,float,prepared,0,65536,15.600299835,15.625286102499999,15.717315674,0.776370049,0.7866892815,0.800621986,19.862080836676558
default,1,float,prepared,1,65536,15.607738495,15.6261444095,15.823554993,0.777279854,0.7867012025,0.789901733,19.86287088394275
default,1,float,prepared,2,65536,15.605545044,15.628910064500001,15.699958801,0.777892113,0.7868857380000001,0.802282333,19.86172745260761
default,1,float,vienot,0,65536,19.343757629,19.3609714505,19.632339478,0.775235176,0.785017967,0.828929901,24.663093412357526
default,1,float,vienot,1,65536,19.643306732,19.677877426000002,20.158576965,0.774843216,0.7844500545,0.83525753,25.084933467870645
bv_direct,1,double,brettel,0,65536,20.506477356,20.5499649045,20.594024658,4.163371086,4.177096843999999,4.214211464,4.91967643364986
bv_direct,1,double,brettel,1,65536,20.561313629,20.5981731415,21.074390411,4.196630478,4.216351509,4.266972542,4.885307379503875
bv_direct,1,double,brettel,2,65536,20.567512512,20.597982407,21.174526215,4.212921143,4.2238998415,4.271138191,4.876531920720261
bv_direct,1,double,lookup,0,65536,46.232223511,46.3037014005,46.576499939,5.878878593,5.8964552875,6.041278839,7.852802937157861
bv_direct,1,double,lookup,1,65536,46.237754822,46.287584305,46.526050568,5.884267807,5.892991543,5.951284409,7.854683647048974
bv_direct,1,double,lookup,2,65536,46.231460571,46.3086605075,46.49438858,5.877617836,5.893483638999999,6.007885933,7.857603981633791
bv_direct,1,double,lookupApply,0,65536,55.684280396,55.782699585,73.69260788,10.281183243,10.299404621,10.798768997,5.416109147829935
bv_direct,1,double,lookupApply,1,65536,55.698394775,55.7993888855,62.583446503,10.282931328,10.29581213,10.53136158,5.419619956245259
bv_direct,1,double,lookupApply,2,65536,55.679321289,55.7854652405,56.052589417,10.291149139,10.298343658499999,10.361471176,5.416935683094636
bv_direct,1,double,prepared,0,65536,26.510906219,26.565504074499998,27.108955383,1.212952614,1.225675106,1.271016121,21.67418098356972
bv_direct,1,double,prepared,1,65536,26.508522034,26.5468120575,27.077960968,1.208223343,1.2255177494999998,1.286313057,21.661711605834235
bv_direct,1,double,prepared,2,65536,26.504325867,26.5322208405,26.613330841,1.211854935,1.2413306235000001,1.331181526,21.374016187315945
bv_direct,1,double,vienot,0,65536,4.06255722,4.0670871735,4.199504852,1.213201523,1.2214665415,1.286361694,3.3296754641395965
bv_direct,1,double,vienot,1,65536,4.065132141,4.0776252745,4.12273407,1.214147568,1.2206397055,1.285835266,3.3405641780509816
bv_direct,1,float,brettel,0,65536,15.844154358,15.914058685499999,16.169261932,2.172287941,2.205599308,2.252851486,7.2152990925312706
bv_direct,1,float,brettel,1,65536,15.879249573,15.948867798,16.027641296,2.165226936,2.169951439,2.189390182,7.34987314064036
bv_direct,1,float,brettel,2,65536,15.887069702,15.960264206,16.043376923,2.156121254,2.1610274315,2.202355385,7.385498200234206
bv_direct,1,float,lookup,0,65536,28.793430328,28.843307494999998,29.175376892,4.510643959,4.534564495,4.602607727,6.360766844711071
bv_direct,1,float,lookup,1,65536,28.769302368,28.806447982999998,28.908443451,4.510472298,4.531253337500001,4.58454895,6.357280389644512
bv_direct,1,float,lookup,2,65536,28.760528564,28.829860687500002,28.892421722,4.515545845,4.539991379,4.60254097,6.35020163713399
bv_direct,1,float,lookupApply,0,65536,42.062854767,42.114353179999995,42.464351654,10.060470581,10.080745697000001,10.170149803,4.177702170637346
bv_direct,1,float,lookupApply,1,65536,42.04788208,42.11435318,42.286586761,10.064121246,10.078137397999999,10.224524498,4.178783391895171
bv_direct,1,float,lookupApply,2,65536,42.053794861,42.1339988705,42.38576889,10.058560371,10.0735411645,11.847075462,4.182640263483881
bv_direct,1,float,prepared,0,65536,15.605831146,15.621042252,15.818881989,0.776763916,0.7880868910000001,0.833777428,19.821472010755727
bv_direct,1,float,prepared,1,65536,15.602397919,15.632247925000001,15.74048996,0.775875092,0.7866249085,0.805122375,19.87255648287166
bv_direct,1,float,prepared,2,65536,15.603542328,15.622138976999999,15.774822235,0.776802063,0.786395073,0.79947567,19.865509733426318
bv_direct,1,float,vienot,0,65536,3.437328339,3.450489044,3.467941284,0.774604797,0.7851009365,0.823830605,4.394962333610717
bv_direct,1,float,vienot,1,65536,3.440952301,3.4495830535,3.482341766,0.773983955,0.784455299,0.790474892,4.397424630692692
bv_split,1,double,brettel,0,65536,13.573741913,13.5970115665,13.669109344,4.171998024,4.179465771,4.21680069,3.253289370341394
bv_split,1,double,brettel,1,65536,13.590049744,13.616943359499999,13.659763336,4.202410698,4.213982105,4.290456772,3.231371899596616
bv_split,1,double,brettel,2,65536,13.603591919,13.637685776,13.729286194,4.209539413,4.220736504,4.278628349,3.2311151769544346
bv_split,1,double,lookup,0,65536,46.480464935,46.536397934,46.904087067,5.88417244,5.9046812055,6.895149231,7.881271878091065
bv_split,1,double,lookup,1,65536,46.477985382,46.572446823,46.945285797,5.884515762,5.8986997599999995,5.936302185,7.895375034819539
bv_split,1,double,lookup,2,65536,46.485900879,46.529817581,46.692371368,5.877990723,5.897983074,6.010379791,7.889106665313568
bv_split,1,double,lookupApply,0,65536,55.716133118,55.7861328125,56.021595001,10.272861481,10.3124408725,10.602237701,5.4095954102644965
bv_split,1,double,lookupApply,1,65536,55.712890625,55.757856368999995,56.497955322,10.270615578,10.303158283,10.356014252,5.411724719496867
bv_split,1,double,lookupApply,2,65536,55.717468262,55.7702541355,56.079101562,10.266448975,10.3009562495,10.362463951,5.414085137795536
bv_split,1,double,prepared,0,65536,26.509666443,26.5267372135,26.603984833,1.213354111,1.2332224845000002,1.254276276,21.510098580675038
bv_split,1,double,prepared,1,65536,26.50718689,26.543188094999998,27.083873749,1.213392258,1.2276673315,1.48106575,21.620831159992466
bv_split,1,double,prepared,2,65536,26.505374908,26.534175873,26.574611664,1.214949608,1.2224073409999998,1.24284935,21.706492576601764
bv_split,1,double,vienot,0,65536,4.063129425,4.07204628,4.142093658,1.220492363,1.2334861755,1.285520554,3.301250034966444
bv_split,1,double,vienot,1,65536,4.065036774,4.081249237,4.151058197,1.216670036,1.2263388635,1.258719444,3.327994699076908
bv_split,1,float,brettel,0,65536,12.862014771,12.8832817075,14.096450806,2.162914276,2.2063398359999997,2.217605591,5.839210033417537
bv_split,1,float,brettel,1,65536,12.875843048,12.898635864,12.932491302,2.161395073,2.1734671595,2.20452404,5.934589721138135
bv_split,1,float,brettel,2,65536,12.8698349,12.8873348235,13.055419922,2.158471107,2.1659150125,2.194788933,5.95006486825392
bv_split,1,float,lookup,0,65536,29.166698456,29.2440891265,29.545688629,4.517398834,4.546808242999999,4.577554703,6.431784135942503
bv_split,1,float,lookup,1,65536,29.17098999,29.2193889615,29.463195801,4.521335602,4.5355243685,4.577651024,6.442339757765101
bv_split,1,float,lookup,2,65536,29.155063629,29.2282104495,29.322624207,4.522730827,4.5443668365,4.599129677,6.431745389641807
bv_split,1,float,lookupApply,0,65536,42.091083527,42.193841934000005,42.299365997,10.055214882,10.074625968500001,10.270214081,4.188129868634934
bv_split,1,float,lookupApply,1,65536,42.051410675,42.1433925625,42.562103271,10.056695938,10.075131893,10.304237366,4.182912244730055
bv_split,1,float,lookupApply,2,65536,42.083835602,42.145204544,42.283344269,10.054154396,10.069905758,10.104745865,4.18526305576573
bv_split,1,float,prepared,0,65536,15.60382843,15.6357765195,16.085338593,0.77689743,0.78664875,0.837694168,19.876439795397882
bv_split,1,float,prepared,1,65536,15.608119965,15.6277656555,15.728092194,0.775760651,0.7862038615,0.787847519,19.87749796303945
bv_split,1,float,prepared,2,65536,15.596485138,15.6235694885,15.739536285,0.777308464,0.7863378525,0.789423943,19.868774520809424
bv_split,1,float,vienot,0,65536,3.438282013,3.449726105,3.527450562,0.775006294,0.785802364,0.823400497,4.390068372204591
bv_split,1,float,vienot,1,65536,3.438568115,3.459072113,3.495693207,0.775397301,0.784909725,0.80334568,4.406968091776414
bv_portable,1,double,brettel,0,65536,13.576030731,13.6020183565,13.646030426,4.161967278,4.174812317000001,4.194313049,3.2581149339605147
bv_portable,1,double,brettel,1,65536,13.601875305,13.614034652499999,13.658809662,4.200281143,4.2138314245,4.254197121,3.2307971726978604
bv_portable,1,double,brettel,2,65536,13.610935211,13.6345386505,13.730239868,4.205134392,4.2230968475,4.231021881,3.2285640473936583
bv_portable,1,double,lookup,0,65536,46.494674683,46.574354172,46.944046021,5.879912376,5.8968195915,5.976385117,7.898215885582601
bv_portable,1,double,lookup,1,65536,46.490573883,46.5342998505,46.659946442,5.873796463,5.891043663,5.990631104,7.899160575361025
bv_portable,1,double,lookup,2,65536,46.494007111,46.5811729435,47.074222565,5.888578415,5.9125409125,6.042991638,7.878367969517201
bv_portable,1,double,lookupApply,0,65536,55.732154846,55.8327674865,56.560134888,10.262763023,10.30672884,10.388449669,5.41711811315102
bv_portable,1,double,lookupApply,1,65536,55.706214905,55.748701095499996,55.965042114,10.264425278,10.305346012000001,11.219970703,5.409687460332117
bv_portable,1,double,lookupApply,2,65536,55.706882477,55.757951736500004,56.121253967,10.270224571,10.2854628565,10.31366539,5.421044489141606
bv_portable,1,double,prepared,0,65536,26.510715485,26.5552043915,26.776599884,1.2102108,1.2379999160000001,1.303281784,21.45008577811567
bv_portable,1,double,prepared,1,65536,26.509189606,26.5390396115,26.628112793,1.211128235,1.234942436,1.256310463,21.490102564991133
bv_portable,1,double,prepared,2,65536,26.503562927,26.5337467195,26.615905762,1.214883804,1.24327898,1.295359612,21.341748027864192
bv_portable,1,double,vienot,0,65536,22.145557404,22.1971988675,22.430229187,1.218301773,1.2282352445,1.243994713,18.07243275821825
bv_portable,1,double,vienot,1,65536,22.14679718,22.176790237,22.230148315,1.215466499,1.2360930445,1.318741798,17.94103634485745
bv_portable,1,float,brettel,0,65536,12.852287292,12.8773212435,13.023090363,2.150598526,2.2087311745,2.26631546,5.830189473562846
bv_portable,1,float,brettel,1,65536,12.886810303,12.900066376,12.990474701,2.161277771,2.1721029285,2.20909214,5.938975638188777
bv_portable,1,float,brettel,2,65536,12.873268127,12.9052639005,13.037395477,2.154465675,2.1620926855,2.193657875,5.968876351623917
bv_portable,1,float,lookup,0,65536,29.074192047,29.096364975,29.175758362,4.523020744,4.542869568,4.621567726,6.404842696773635
bv_portable,1,float,lookup,1,65536,29.078483582,29.114437103,29.291343689,4.518336296,4.5403728485,4.559549332,6.41234499334532
bv_portable,1,float,lookup,2,65536,29.149627686,29.188251495499998,29.219722748,4.514466286,4.530368805,4.577607155,6.442798092571626
bv_portable,1,float,lookupApply,0,65536,42.116451263,42.25730896,42.603778839,10.064025879,10.076297283,10.098910332,4.193733846191049
bv_portable,1,float,lookupApply,1,65536,42.108154297,42.2506809235,42.48418808,10.06184864,10.0737843515,10.112727165,4.1941220349042725
bv_portable,1,float,lookupApply,2,65536,42.095279694,42.186546326,42.503166199,10.071063995,10.098884106,10.179312706,4.177347307207527
bv_portable,1,float,prepared,0,65536,15.600585938,15.623664856000001,15.762233734,0.778053284,0.788845539,0.806211472,19.8057339283502
bv_portable,1,float,prepared,1,65536,15.603256226,15.632343292,15.679550171,0.776161194,0.7875413895,0.815670013,19.849551401894924
bv_portable,1,float,prepared,2,65536,15.603733063,15.6466007235,15.841960907,0.776400566,0.7864141465000001,0.83909893,19.89613334543442
bv_portable,1,float,vienot,0,65536,3.437709808,3.4492492675,3.468608856,0.774986267,0.7850284574999999,0.807548523,4.393788829623415
bv_portable,1,float,vienot,1,65536,3.437519073,3.4531593325,3.48739624,0.775883675,0.7855114940000001,0.796150208,4.396064677444427
bv_compiler,1,double,brettel,0,65536,13.569831848,13.605213164999999,13.675498962,4.166360855,4.177550316,4.22372818,3.2567442965060387
bv_compiler,1,double,brettel,1,65536,13.589763641,13.6068344115,13.680362701,4.200080872,4.213609695500001,4.242197037,3.229258378162472
bv_compiler,1,double,brettel,2,65536,13.594245911,13.631248474,13.69600296,4.208067894,4.2228541375,4.542480469,3.2279704745070656
bv_compiler,1,double,lookup,0,65536,46.480941772,46.5363025665,46.724033356,5.881001472,5.896464825000001,5.98259449,7.8922377980097576
bv_compiler,1,double,lookup,1,65536,46.498203278,46.543407439999996,46.674919128,5.877025604,5.8975391385,6.046372414,7.892004842521147
bv_compiler,1,double,lookup,2,65536,46.49066925,46.567106247,46.688652039,5.877990723,5.9031295775,6.045023918,7.888545497034704
bv_compiler,1,double,lookupApply,0,65536,55.710792542,55.7542324065,55.881214142,10.270949364,10.289854526500001,10.38190937,5.418369352347325
bv_compiler,1,double,lookupApply,1,65536,55.692481995,55.792474746500005,56.000709534,10.275576591,10.296997547,10.340727806,5.418324564208038
bv_compiler,1,double,lookupApply,2,65536,55.695056915,55.8098316195,55.998706818,10.27593708,10.2931513785,10.355833054,5.422035445439359
bv_compiler,1,double,prepared,0,65536,26.510429382,26.5529632565,26.706695557,1.211023331,1.2219347955,1.263688087,21.73026200275676
bv_compiler,1,double,prepared,1,65536,26.515388489,26.540088654,26.780509949,1.212475777,1.2198753355,1.275650024,21.756394183608773
bv_compiler,1,double,prepared,2,65536,26.504611969,26.536989212,26.676845551,1.217634201,1.2311406135,1.268465996,21.554799606974385
bv_compiler,1,double,vienot,0,65536,4.066371918,4.079198837,4.103469849,1.212790489,1.21995163,1.517688751,3.343738175094696
bv_compiler,1,double,vienot,1,65536,4.065322876,4.0814876555,6.099796295,1.216889381,1.2233433725,1.23322773,3.336338551586832
bv_compiler,1,float,brettel,0,65536,12.852668762,12.886714935,13.201999664,2.150235176,2.2180919645,2.235969543,5.809819944911486
bv_compiler,1,float,brettel,1,65536,12.853908539,12.8975391385,12.944507599,2.165963173,2.1779627799999997,2.205470085,5.921836340334522
bv_compiler,1,float,brettel,2,65536,12.852668762,12.885904312000001,12.958812714,2.160889626,2.1643815039999996,2.226109505,5.953619677577878
bv_compiler,1,float,lookup,0,65536,29.139709473,29.214334488,29.272651672,4.524250031,4.537483692,4.719212532,6.43844396388852
bv_compiler,1,float,lookup,1,65536,29.160022736,29.210138321,29.247283936,4.525798798,4.535820961,4.750790596,6.439879036706978
bv_compiler,1,float,lookup,2,65536,29.168605804,29.211807251,29.412078857,4.518068314,4.5312919615,4.559727669,6.446683969869373
bv_compiler,1,float,lookupApply,0,65536,42.043685913,42.122268676999994,42.459774017,10.0590868,10.087844371500001,10.15372467,4.1755470371849785
bv_compiler,1,float,lookupApply,1,65536,42.033863068,42.129611968999995,42.90895462,10.059937477,10.086799621499999,10.146967888,4.17670753359676
bv_compiler,1,float,lookupApply,2,65536,42.059326172,42.1344280245,42.653179169,10.058150291,10.079308509499999,10.147675514,4.18028954910818
bv_compiler,1,float,prepared,0,65536,15.61088562,15.650892257999999,15.786457062,0.778092384,0.7877230645,0.802227974,19.86852101116813
bv_compiler,1,float,prepared,1,65536,15.615940094,15.630245209,15.723705292,0.776773453,0.794039249,0.838114738,19.684474323762302
bv_compiler,1,float,prepared,2,65536,15.611171722,15.638446808,15.790367126,0.77801609,0.7881770130000001,0.801548004,19.841287616948044
bv_compiler,1,float,vienot,0,65536,3.435230255,3.4528255459999997,3.513145447,0.774968147,0.7849864959999999,0.795740128,4.398579547029558
bv_compiler,1,float,vienot,1,65536,3.434467316,3.446626663,3.485870361,0.774729729,0.784948349,0.801023483,4.390896123790688
default,2,double,brettel,0,65536,29.273796082,29.327201843,29.469203949,4.170405388,4.1838068965,4.23541832,7.009692982612062
default,2,double,brettel,1,65536,29.209423065,29.2528152465,29.366111755,4.206072807,4.2167310715,4.235170364,6.9373205809148315
default,2,double,brettel,2,65536,29.144859314,29.1784763335,29.31470871,4.208193779,4.2280263905,4.407962799,6.901204873995452
default,2,double,lookup,0,65536,46.47769928,46.520996094,47.116851807,5.879181862,5.896803379,5.996747971,7.889188956116965
default,2,double,lookup,1,65536,46.478271484,46.5328216555,46.716022491,5.880705833,5.905751705,5.957989693,7.879237729568585
default,2,double,lookup,2,65536,46.475124359,46.528530121,46.985530853,5.876741409,5.906233310999999,5.979744911,7.877868629798869
default,2,double,lookupApply,0,65536,55.719566345,55.7647705075,56.016540527,10.281842232,10.3177661895,10.449516296,5.404732912464104
default,2,double,lookupApply,1,65536,55.702972412,55.7497024535,55.998420715,10.277772903,10.3110694885,10.567343712,5.406781761647324
default,2,double,lookupApply,2,65536,55.712509155,55.771017074499994,56.135368347,10.273023605,10.304448128,10.386206627,5.412324501198167
default,2,double,prepared,0,65536,26.508712769,26.526021956999998,26.611328125,1.212221146,1.219296932,1.233307838,21.755178136542707
default,2,double,prepared,1,65536,26.500034332,26.528930664500002,26.580238342,1.212183952,1.2246751790000001,1.257959366,21.66201382979119
default,2,double,prepared,2,65536,26.515388489,26.54209137,26.731967926,1.212088585,1.224823475,1.240100861,21.67013607409835
default,2,double,vienot,0,65536,22.146129608,22.166585922,22.222328186,1.214179039,1.2231473925,1.243970871,18.122579550035706
default,2,double,vienot,1,65536,22.146701813,22.172451019,22.446346283,1.216043472,1.2246570585,1.243217468,18.10502855889921
default,2,float,brettel,0,65536,42.512989044,42.552709579500004,42.696285248,2.147108078,2.219151497,2.245491028,19.175216129689954
default,2,float,brettel,1,65536,42.547798157,42.6694393155,42.873001099,2.167795181,2.1705608365,2.221367836,19.658255413980424
default,2,float,brettel,2,65536,42.607879639,42.7194118495,42.913722992,2.164526939,2.173201561,2.296457291,19.657362950651773
default,2,float,lookup,0,65536,29.259204865,29.2957305905,29.447460175,4.512217522,4.542075634,4.611487389,6.449855297698022
default,2,float,lookup,1,65536,29.237365723,29.2818069455,29.802703857,4.519469261,4.542738437500001,4.603059769,6.44584920491584
default,2,float,lookup,2,65536,29.214859009,29.250049591,29.478740692,4.513134956,4.5256433485,4.551105499,6.463180444984639
default,2,float,lookupApply,0,65536,42.083740234,42.1714782715,42.345714569,10.061473846,10.076300621,10.098727226,4.185214381517211
default,2,float,lookupApply,1,65536,42.082214355,42.180871963499996,42.378044128,10.062954903,10.0796494485,10.144522667,4.184755846819368
default,2,float,lookupApply,2,65536,42.085838318,42.155218124,42.32673645,10.064885139,10.0825538635,10.204343796,4.1810059925994265
default,2,float,prepared,0,65536,15.612411499,15.63334465,15.694141388,0.777683258,0.787578106,0.802593231,19.849897465280733
default,2,float,prepared,1,65536,15.611553192,15.626811981,15.874004364,0.777234077,0.7876019475,0.825600624,19.84100221006627
default,2,float,prepared,2,65536,15.610980988,15.625715256,15.733146667,0.776947975,0.787706375,0.798369408,19.83697955472304
default,2,float,vienot,0,65536,19.33889389,19.352054596000002,19.551372528,0.775763512,0.7855186464999999,0.790448189,24.63602192287361
default,2,float,vienot,1,65536,19.64597702,19.6702480315,19.735240936,0.775438309,0.7853894235000001,0.801427841,25.045216351197784
bv_direct,2,double,brettel,0,65536,20.515632629,20.544719696,20.571231842,4.169300079,4.186029911,4.225204468,4.907924724095456
bv_direct,2,double,brettel,1,65536,20.54605484,20.585584640500002,20.70016861,4.19854641,4.2130174635,4.258435249,4.88618545231435
bv_direct,2,double,brettel,2,65536,20.562171936,20.585680007999997,20.651531219,4.213117599,4.2273254394999995,4.25157547,4.86967003194219
bv_direct,2,double,lookup,0,65536,46.245670319,46.310186386,46.547412872,5.882721901,5.8997712135,6.002261162,7.849488515763442
bv_direct,2,double,lookup,1,65536,46.237564087,46.2896823885,46.535682678,5.883419037,5.904415607500001,5.989496231,7.839841478926582
bv_direct,2,double,lookup,2,65536,46.224498749,46.2874889375,46.647834778,5.882883072,5.9111175535000005,6.050435066,7.830581699410285
bv_direct,2,double,lookupApply,0,65536,55.710887909,55.7520866395,55.994701385,10.271502495,10.320063591,10.432354927,5.402300688158618
bv_direct,2,double,lookupApply,1,65536,55.6889534,55.74965477,55.864048004,10.275104523,10.31513834,10.35777092,5.404644410227076
bv_direct,2,double,lookupApply,2,65536,55.707645416,55.757999420000004,55.89017868,10.279871941,10.3166766165,10.444680214,5.404647396897497
bv_direct,2,double,prepared,0,65536,26.506900787,26.52926445,26.650428772,1.210014343,1.217242718,1.23496151,21.794555890701165
bv_direct,2,double,prepared,1,65536,26.507568359,26.526927948,27.061843872,1.212919235,1.2229890825,1.257348061,21.690241006709886
bv_direct,2,double,prepared,2,65536,26.503372192,26.5213012695,26.626586914,1.210702896,1.215364933,1.283776283,21.821677217586792
bv_direct,2,double,vienot,0,65536,4.067420959,4.0824890135,4.119873047,1.213884354,1.2209877965,1.240178108,3.343595263771336
bv_direct,2,double,vienot,1,65536,4.064559937,4.0869712830000005,4.280757904,1.214323044,1.2209787369999998,1.246705055,3.347291119124543
bv_direct,2,float,brettel,0,65536,15.842819214,15.911626816,16.173458099,2.158068657,2.2046518324999997,2.23225975,7.217296890800558
bv_direct,2,float,brettel,1,65536,15.869522095,15.9737586975,16.161727905,2.160848618,2.1709246635,2.220937729,7.358043770964786
bv_direct,2,float,brettel,2,65536,15.898418427,15.99817276,16.710186005,2.158928871,2.1686263085000004,2.20179081,7.377099824573117
bv_direct,2,float,lookup,0,65536,28.787231445,28.818035125999998,28.922367096,4.520816803,4.541516781,4.602154732,6.345464855830508
bv_direct,2,float,lookup,1,65536,28.786468506,28.8115024565,28.928852081,4.514309883,4.5309300425,4.554917336,6.358849548823066
bv_direct,2,float,lookup,2,65536,28.780555725,28.8278102875,29.002094269,4.518629074,4.538650513,4.613220215,6.3516259304233404
bv_direct,2,float,lookupApply,0,65536,42.046356201,42.1054840085,42.250919342,10.060391426,10.0810008045,10.201809883,4.176716659888052
bv_direct,2,float,lookupApply,1,65536,42.043209076,42.1189308165,42.234611511,10.057209969,10.082147598,10.177913666,4.1775753039813806
bv_direct,2,float,lookupApply,2,65536,42.04492569,42.141866684,42.561435699,10.06280899,10.0888495445,10.171942711,4.177073560084351
bv_direct,2,float,prepared,0,65536,15.603637695,15.6271457675,15.672588348,0.776576042,0.7865700725,0.796860695,19.86745531498721
bv_direct,2,float,prepared,1,65536,15.603065491,15.6178474425,15.654945374,0.77598381,0.7861828805,0.796029091,19.865412781015145
bv_direct,2,float,prepared,2,65536,15.61088562,15.6230449675,16.360187531,0.776366234,0.7868566515,0.798828125,19.855007818409476
bv_direct,2,float,vienot,0,65536,3.437137604,3.4530162815,3.504753113,0.774377823,0.784707069,0.820336342,4.400388906780703
bv_direct,2,float,vienot,1,65536,3.442001343,3.4517765044999997,3.466129303,0.774999619,0.7846832275,0.793077469,4.39894263510303
bv_split,2,double,brettel,0,65536,13.581752777,13.605976105,13.716602325,4.173598289,4.1899142265,4.278384209,3.2473161428809503
bv_split,2,double,brettel,1,65536,13.590049744,13.61079216,13.680553436,4.194879532,4.208254337,4.23896122,3.234308354495258
bv_split,2,double,brettel,2,65536,13.612270355,13.6347293855,13.702487946,4.206336021,4.22646904,4.250287056,3.2260331866763186
bv_split,2,double,lookup,0,65536,46.48103714,46.5542793275,46.641635895,5.88713932,5.9023284915000005,6.029756546,7.88744296332257
bv_split,2,double,lookup,1,65536,46.485233307,46.513843536500005,46.661281586,5.87788105,5.899834632499999,5.983507156,7.883923267996785
bv_split,2,double,lookup,2,65536,46.492862701,46.535682678,46.760177612,5.881272316,5.9094944,5.963475227,7.874731665368868
bv_split,2,double,lookupApply,0,65536,55.701160431,55.792760849000004,55.901145935,10.28144455,10.3021874425,10.33561039,5.415622765592095
bv_split,2,double,lookupApply,1,65536,55.695056915,55.7776927945,55.939102173,10.289097786,10.3081645965,10.369920731,5.411020776039856
bv_split,2,double,lookupApply,2,65536,55.702972412,55.7460308075,58.751296997,10.281367302,10.304973602,10.376618385,5.409623834133913
bv_split,2,double,prepared,0,65536,26.505851746,26.5318870545,26.721191406,1.212479591,1.219305992,1.286939621,21.759826678929336
bv_split,2,double,prepared,1,65536,26.501274109,26.5436172485,26.755619049,1.212516785,1.221385002,1.268011093,21.73239167423475
bv_split,2,double,prepared,2,65536,26.498699188,26.531457901000003,26.672077179,1.211830139,1.221575737,1.236949921,21.719044589209947
bv_split,2,double,vienot,0,65536,4.065227509,4.0694713595,4.093933105,1.214160919,1.2212562565,1.279266357,3.3322010330270104
bv_split,2,double,vienot,1,65536,4.064464569,4.0728092195,4.105949402,1.215497971,1.2257609365,1.250679016,3.322678263128024
bv_split,2,float,brettel,0,65536,12.851142883,12.883234024,13.029098511,2.157036781,2.2031254765000003,2.223768234,5.847707795775198
bv_split,2,float,brettel,1,65536,12.878513336,12.8975868225,12.998485565,2.160333633,2.171780586,2.199519157,5.938715405065325
bv_split,2,float,brettel,2,65536,12.873363495,12.8877639775,12.948799133,2.16252327,2.1712565425,2.202958107,5.935624706355951
bv_split,2,float,lookup,0,65536,29.183101654,29.2212486265,29.399108887,4.518325806,4.537038803,4.554747581,6.440599231194189
bv_split,2,float,lookup,1,65536,29.160499573,29.2065620425,29.338550568,4.518362999,4.540932655500001,4.587386131,6.431842147477097
bv_split,2,float,lookup,2,65536,29.149723053,29.208707809499998,29.342746735,4.51228714,4.533604145,4.562186241,6.442712437016267
bv_split,2,float,lookupApply,0,65536,42.063808441,42.166519165,42.360973358,10.058753014,10.075886726,10.139490128,4.184894125118809
bv_split,2,float,lookupApply,1,65536,42.057609558,42.139625549499996,42.859268188,10.056430817,10.0717248915,10.110360146,4.183953196047243
bv_split,2,float,lookupApply,2,65536,42.071437836,42.144012450999995,42.42477417,10.059536934,10.0733246805,10.118976593,4.183724220920092
bv_split,2,float,prepared,0,65536,15.607070923,15.638303757,15.832996368,0.77557373,0.7863731385,0.802991867,19.886619966228665
bv_split,2,float,prepared,1,65536,15.605354309,15.632867813499999,15.847587585,0.777596474,0.7873129845,0.797739983,19.855976112762814
bv_split,2,float,prepared,2,65536,15.603351593,15.621042252,15.722560883,0.776633263,0.786631584,0.798253059,19.858142705848945
bv_split,2,float,vienot,0,65536,3.442192078,3.4536838535,3.481960297,0.775407791,0.7854213715,0.796430588,4.397236921251766
bv_split,2,float,vienot,1,65536,3.436088562,3.4515380860000002,3.473377228,0.77562809,0.7853450774999999,0.810954094,4.394931839373502
bv_portable,2,double,brettel,0,65536,13.58537674,13.604497909500001,13.682174683,4.1727705,4.213490963,4.315018654,3.228794847067529
bv_portable,2,double,brettel,1,65536,13.59577179,13.612651825,13.700199127,4.211180687,4.2361655235,4.295832634,3.213437187353569
bv_portable,2,double,brettel,2,65536,13.600921631,13.635206222499999,13.694763184,4.212871552,4.2368865015,4.260622978,3.2182137089753713
bv_portable,2,double,lookup,0,65536,46.465587616,46.5354442595,46.685314178,5.883476257,5.9146008495,5.95898056,7.8678926006365995
bv_portable,2,double,lookup,1,65536,46.483325958,46.556854248,46.64773941,5.88977623,5.9227924345,6.047266006,7.8606256698797035
bv_portable,2,double,lookup,2,65536,46.490192413,46.5543270115,46.844577789,5.900034904,5.9307641985,6.015312195,7.849633782991145
bv_portable,2,double,lookupApply,0,65536,55.687522888,55.7626247405,56.192588806,10.28875351,10.389451980499999,10.47996521,5.36723446483617
bv_portable,2,double,lookupApply,1,65536,55.727672577,55.7980537415,55.901527405,10.29690361,10.4470524785,11.122384071,5.341033162830589
bv_portable,2,double,lookupApply,2,65536,55.723571777,55.779314041,55.872154236,10.281600952,10.3027620315,10.348403931,5.414015568879345
bv_portable,2,double,prepared,0,65536,26.498508453,26.5474796295,27.952289581,1.212498665,1.230925083,1.292797089,21.567096158930088
bv_portable,2,double,prepared,1,65536,26.506710052,26.529455185,26.630592346,1.209050179,1.2246952055,1.247258186,21.662087894080518
bv_portable,2,double,prepared,2,65536,26.509094238,26.531219481999997,26.649284363,1.213149071,1.2179732325,1.248376846,21.783089130409113
bv_portable,2,double,vienot,0,65536,22.153949738,22.174167633499998,22.319698334,1.215356827,1.2312641145,1.304959297,18.00926980033413
bv_portable,2,double,vienot,1,65536,22.155284882,22.177648544500002,22.372055054,1.214954376,1.2310395239999998,1.243618011,18.01538302559001
bv_portable,2,float,brettel,0,65536,12.843704224,12.8726005555,13.027381897,2.173663139,2.210412979,2.256605148,5.823617883986375
bv_portable,2,float,brettel,1,65536,12.882328033,12.9056453705,12.958431244,2.164842606,2.1766519545,2.201590538,5.929126769127664
bv_portable,2,float,brettel,2,65536,12.874507904,12.8977775575,12.980937958,2.157351494,2.1714358330000003,2.196077347,5.939746117056915
bv_portable,2,float,lookup,0,65536,29.193210602,29.222488403,29.364871979,4.522842407,4.5445418360000005,4.611922264,6.43023861536743
bv_portable,2,float,lookup,1,65536,29.168510437,29.195690155,29.283046722,4.530791283,4.556519031500001,4.620999336,6.407454891149399
bv_portable,2,float,lookup,2,65536,29.147338867,29.183244705,30.096721649,4.523204803,4.5386414525,4.561349869,6.429951563793416
bv_portable,2,float,lookupApply,0,65536,42.115211487,42.161798477,42.592716217,10.064078331,10.083928584999999,10.139261246,4.18108856301465
bv_portable,2,float,lookupApply,1,65536,42.096805573,42.237281799,42.86441803,10.064499855,10.090416431000001,10.281075478,4.185880938395931
bv_portable,2,float,lookupApply,2,65536,42.09394455,42.260837554999995,42.762851715,10.063562393,10.081713676500001,10.115062714,4.191830765191042
bv_portable,2,float,prepared,0,65536,15.608692169,15.631389618,16.026115417,0.778658867,0.7879133225,0.808794022,19.838971079207763
bv_portable,2,float,prepared,1,65536,15.608882904,15.629482269,15.71855545,0.777770042,0.7876019475,0.830645561,19.84439261305915
bv_portable,2,float,prepared,2,65536,15.608406067,15.6241416935,15.896129608,0.777999878,0.7875308990000001,0.808221817,19.839401493121603
bv_portable,2,float,vienot,0,65536,3.434658051,3.4453868865,3.524780273,0.774082184,0.7851610185,0.808871269,4.388127792031999
bv_portable,2,float,vienot,1,65536,3.432178497,3.4442424775,3.475093842,0.774064064,0.7843203545,0.804991722,4.391372042990884
bv_compiler,2,double,brettel,0,65536,13.586235046,13.6029720305,13.653182983,4.176054955,4.190186500499999,4.200257301,3.246388204648363
bv_compiler,2,double,brettel,1,65536,13.58499527,13.6055469515,13.961219788,4.205770493,4.2190418245,4.273665428,3.2247954671822665
bv_compiler,2,double,brettel,2,65536,13.614463806,13.635969161999999,13.670921326,4.209792137,4.228887558,4.250964165,3.2244813736426137
bv_compiler,2,double,lookup,0,65536,46.486854553,46.532964706499996,47.633457184,5.88109684,5.909274578,6.041988373,7.87456465125862
bv_compiler,2,double,lookup,1,65536,46.473693848,46.5302944185,46.81186676,5.886190414,5.8991031645,5.933563232,7.88768955567907
bv_compiler,2,double,lookup,2,65536,46.496677399,46.522760391,48.042964935,5.882483482,5.909919738999999,5.965943336,7.87197837628705
bv_compiler,2,double,lookupApply,0,65536,55.720424652,55.7891845705,56.333351135,10.282499313,10.3218603135,10.544815063,5.4049544244977925
bv_compiler,2,double,lookupApply,1,65536,55.715465546,55.770397186,55.97486496,10.288365364,10.33528471,10.370640755,5.3961161933003
bv_compiler,2,double,lookupApply,2,65536,55.714702606,55.836057663,57.166481018,10.285910606,10.319314003,10.365367889,5.410830375620657
bv_compiler,2,double,prepared,0,65536,26.502418518,26.533126831,26.592159271,1.214838982,1.224896431,1.247945786,21.66152677033966
bv_compiler,2,double,prepared,1,65536,26.501655579,26.526451111,26.7370224,1.215880394,1.2192635539999999,1.23299408,21.75612567436753
bv_compiler,2,double,prepared,2,65536,26.509857178,26.536321639999997,26.598167419,1.21420002,1.219354153,1.244784355,21.762604059462284
bv_compiler,2,double,vienot,0,65536,4.064941406,4.0756225585,4.127788544,1.215976715,1.2188715935,1.334971428,3.343766956449297
bv_compiler,2,double,vienot,1,65536,4.065799713,4.077816009499999,4.182434082,1.216397285,1.2202186584999999,1.230184555,3.3418731807566435
bv_compiler,2,float,brettel,0,65536,12.855529785,12.8699302675,13.079547882,2.16186142,2.2064719200000003,2.230549812,5.832809450618342
bv_compiler,2,float,brettel,1,65536,12.873744965,12.903928757,12.966442108,2.162874222,2.1668252945,2.250738144,5.955223427451085
bv_compiler,2,float,brettel,2,65536,12.869358063,12.890434265500001,12.94260025,2.159052849,2.169638634,2.212950706,5.941281678661333
bv_compiler,2,float,lookup,0,65536,29.16021347,29.207754135000002,29.317474365,4.517128944,4.531933307999999,4.609273911,6.444877307316281
bv_compiler,2,float,lookup,1,65536,29.165744781,29.19049263,29.396915436,4.513660431,4.536276340500001,4.812425613,6.434901764997533
bv_compiler,2,float,lookup,2,65536,29.153156281,29.206943512,29.89988327,4.52129364,4.5364007950000005,4.55232811,6.438351643045243
bv_compiler,2,float,lookupApply,0,65536,42.075538635,42.117977142499996,42.272567749,10.060009003,10.077456474,10.128124237,4.179425359083917
bv_compiler,2,float,lookupApply,1,65536,42.089939117,42.1338558195,42.525863647,10.06006813,10.0710983275,10.101486206,4.183640597019084
bv_compiler,2,float,lookupApply,2,65536,42.076301575,42.118072509499996,42.732334137,10.059485435,10.0773415565,10.178450584,4.179482482890873
bv_compiler,2,float,prepared,0,65536,15.606021881,15.625619888500001,15.661239624,0.777235031,0.7860016825,0.799516678,19.879880967684826
bv_compiler,2,float,prepared,1,65536,15.610122681,15.630197525,15.664958954,0.776719093,0.786231041,0.838270187,19.87990388311316
bv_compiler,2,float,prepared,2,65536,15.605831146,15.6241416935,15.655231476,0.7759161,0.786263943,0.800567627,19.87136995483462
bv_compiler,2,float,vienot,0,65536,3.440761566,3.456020355,3.49149704,0.773661613,0.7837467195,0.801198006,4.4096138063643915
bv_compiler,2,float,vienot,1,65536,3.442287445,3.4535884855,3.468132019,0.774206161,0.7843866349999999,0.8012743,4.402916025589855
