compiler,variant,baseline,scalar,mode,deficiency,n,pooled_speedup,block_speedup_min,block_speedup_max,D_median_ns,CPP_median_ns,D_over_CPP
dmd-2.111.0,bv_vienot_index,default,double,brettel,0,1024,4.250350630755426,4.199859747169314,4.26227208942301,4.351806641,3.541442871,1.228823053065706
dmd-2.111.0,bv_vienot_index,bv_compiler,double,brettel,0,1024,1.0,1.0,1.0,4.351806641,3.541442871,1.228823053065706
dmd-2.111.0,bv_vienot_index,bv_split,double,brettel,0,1024,1.0,1.0,1.0014025244004403,4.351806641,3.541442871,1.228823053065706
dmd-2.111.0,bv_vienot_index,bv_vienot_index,double,brettel,0,1024,1.0,1.0,1.0,4.351806641,3.541442871,1.228823053065706
dmd-2.111.0,bv_vienot_index,default,double,brettel,1,1024,4.2882187934737335,4.2517531552707615,4.291023842504404,4.351806641,3.533782959,1.2314866791455372
dmd-2.111.0,bv_vienot_index,bv_compiler,double,brettel,1,1024,1.0,1.0,1.0,4.351806641,3.533782959,1.2314866791455372
dmd-2.111.0,bv_vienot_index,bv_split,double,brettel,1,1024,1.0,1.0,1.0014025244004403,4.351806641,3.533782959,1.2314866791455372
dmd-2.111.0,bv_vienot_index,bv_vienot_index,double,brettel,1,1024,1.0,1.0,1.0,4.351806641,3.533782959,1.2314866791455372
dmd-2.111.0,bv_vienot_index,default,double,brettel,2,1024,4.219887955395472,4.212184874148195,4.350140056214597,4.357910156,3.599182129,1.2108056774583968
dmd-2.111.0,bv_vienot_index,bv_compiler,double,brettel,2,1024,1.0,1.0,1.0,4.357910156,3.599182129,1.2108056774583968
dmd-2.111.0,bv_vienot_index,bv_split,double,brettel,2,1024,1.0,1.0,1.0014005603102203,4.357910156,3.599182129,1.2108056774583968
dmd-2.111.0,bv_vienot_index,bv_vienot_index,double,brettel,2,1024,1.0,1.0,1.0,4.357910156,3.599182129,1.2108056774583968
dmd-2.111.0,bv_vienot_index,default,double,lookup,0,1024,1.0059766908972474,0.8446934849708944,1.129209005802068,30.63659668,4.884094238,6.272728409217889
dmd-2.111.0,bv_vienot_index,bv_compiler,double,lookup,0,1024,1.0001992230261,0.840929999148449,1.0029904306260924,30.63659668,4.884094238,6.272728409217889
dmd-2.111.0,bv_vienot_index,bv_split,double,lookup,0,1024,1.0123518278630157,0.9943215780137181,1.1368620414652633,30.63659668,4.884094238,6.272728409217889
dmd-2.111.0,bv_vienot_index,bv_vienot_index,double,lookup,0,1024,1.0,1.0,1.0,30.63659668,4.884094238,6.272728409217889
dmd-2.111.0,bv_vienot_index,default,double,lookup,1,1024,1.0101939825750752,0.7308994023248985,1.2444643034673637,30.8349609375,4.8834533695,6.314171264556804
dmd-2.111.0,bv_vienot_index,bv_compiler,double,lookup,1,1024,0.9960411718131433,0.7284510693545528,0.9987091649310298,30.8349609375,4.8834533695,6.314171264556804
dmd-2.111.0,bv_vienot_index,bv_split,double,lookup,1,1024,1.0070269200418052,0.8988982501556756,1.1324667592709996,30.8349609375,4.8834533695,6.314171264556804
dmd-2.111.0,bv_vienot_index,bv_vienot_index,double,lookup,1,1024,1.0,1.0,1.0,30.8349609375,4.8834533695,6.314171264556804
dmd-2.111.0,bv_vienot_index,default,double,lookup,2,1024,1.0120338140125675,0.8270247933912934,1.1518761167139704,30.685424805,4.886535645,6.279586814515091
dmd-2.111.0,bv_vienot_index,bv_compiler,double,lookup,2,1024,0.9995027349597743,0.8381818181795286,1.0032950574036208,30.685424805,4.886535645,6.279586814515091
dmd-2.111.0,bv_vienot_index,bv_split,double,lookup,2,1024,1.018896071593753,1.0000992654093457,1.1495756365395629,30.685424805,4.886535645,6.279586814515091
dmd-2.111.0,bv_vienot_index,bv_vienot_index,double,lookup,2,1024,1.0,1.0,1.0,30.685424805,4.886535645,6.279586814515091
dmd-2.111.0,bv_vienot_index,default,double,lookupApply,0,1024,1.0001480604056154,0.9948159668191308,1.0029664787896946,41.223144531,8.2314453125,5.008008067356033
dmd-2.111.0,bv_vienot_index,bv_compiler,double,lookupApply,0,1024,0.9941516138629671,0.9816344593553115,0.9974043310574984,41.223144531,8.2314453125,5.008008067356033
dmd-2.111.0,bv_vienot_index,bv_split,double,lookupApply,0,1024,1.0021468759360035,0.995574568514402,1.0192821121390907,41.223144531,8.2314453125,5.008008067356033
dmd-2.111.0,bv_vienot_index,bv_vienot_index,double,lookupApply,0,1024,1.0,1.0,1.0,41.223144531,8.2314453125,5.008008067356033
dmd-2.111.0,bv_vienot_index,default,double,lookupApply,1,1024,0.9989672469724813,0.9930806036039357,1.0014784151450264,41.369628906,8.2247314455,5.029906347718451
dmd-2.111.0,bv_vienot_index,bv_compiler,double,lookupApply,1,1024,0.9920330481027786,0.9902626143464976,0.9935688941379066,41.369628906,8.2247314455,5.029906347718451
dmd-2.111.0,bv_vienot_index,bv_split,double,lookupApply,1,1024,1.0009589849498082,0.9980125137884287,1.0031785925381904,41.369628906,8.2247314455,5.029906347718451
dmd-2.111.0,bv_vienot_index,bv_vienot_index,double,lookupApply,1,1024,1.0,1.0,1.0,41.369628906,8.2247314455,5.029906347718451
dmd-2.111.0,bv_vienot_index,default,double,lookupApply,2,1024,0.9974977921846182,0.9939825346648011,1.0033863368699176,41.467285156,8.229919433500001,5.038601591554693
dmd-2.111.0,bv_vienot_index,bv_compiler,double,lookupApply,2,1024,0.9955107447762814,0.9922213253010407,0.9969817432228033,41.467285156,8.229919433500001,5.038601591554693
dmd-2.111.0,bv_vienot_index,bv_split,double,lookupApply,2,1024,0.9975713865250367,0.9957437440285616,0.9977185752179314,41.467285156,8.229919433500001,5.038601591554693
dmd-2.111.0,bv_vienot_index,bv_vienot_index,double,lookupApply,2,1024,1.0,1.0,1.0,41.467285156,8.229919433500001,5.038601591554693
dmd-2.111.0,bv_vienot_index,default,double,prepared,0,1024,1.0,1.0,1.0,16.796875,0.9560241700000001,17.56950872905232
dmd-2.111.0,bv_vienot_index,bv_compiler,double,prepared,0,1024,1.0,1.0,1.0,16.796875,0.9560241700000001,17.56950872905232
dmd-2.111.0,bv_vienot_index,bv_split,double,prepared,0,1024,1.0,1.0,1.0,16.796875,0.9560241700000001,17.56950872905232
dmd-2.111.0,bv_vienot_index,bv_vienot_index,double,prepared,0,1024,1.0,1.0,1.0,16.796875,0.9560241700000001,17.56950872905232
dmd-2.111.0,bv_vienot_index,default,double,prepared,1,1024,1.0,0.9963794352066662,1.0,16.796875,0.955383301,17.58129431655201
dmd-2.111.0,bv_vienot_index,bv_compiler,double,prepared,1,1024,1.0,0.9961984069551357,1.0,16.796875,0.955383301,17.58129431655201
dmd-2.111.0,bv_vienot_index,bv_split,double,prepared,1,1024,1.0,0.9963794352066662,1.0034520348874418,16.796875,0.955383301,17.58129431655201
dmd-2.111.0,bv_vienot_index,bv_vienot_index,double,prepared,1,1024,1.0,1.0,1.0,16.796875,0.955383301,17.58129431655201
dmd-2.111.0,bv_vienot_index,default,double,prepared,2,1024,1.0,0.9958386104393029,1.0,16.796875,0.9551086424999999,17.586350130843886
dmd-2.111.0,bv_vienot_index,bv_compiler,double,prepared,2,1024,1.0,0.9958386104393029,1.0,16.796875,0.9551086424999999,17.586350130843886
dmd-2.111.0,bv_vienot_index,bv_split,double,prepared,2,1024,1.0,0.9958386104393029,1.0,16.796875,0.9551086424999999,17.586350130843886
dmd-2.111.0,bv_vienot_index,bv_vienot_index,double,prepared,2,1024,1.0,1.0,1.0,16.796875,0.9551086424999999,17.586350130843886
dmd-2.111.0,bv_vienot_index,default,double,vienot,0,1024,10.793918918988107,10.793918918988107,10.840947547831584,1.806640625,0.954162598,1.8934305628693275
dmd-2.111.0,bv_vienot_index,bv_compiler,double,vienot,0,1024,1.9628378377686486,1.9628378377686486,1.9694915257644934,1.806640625,0.954162598,1.8934305628693275
dmd-2.111.0,bv_vienot_index,bv_split,double,vienot,0,1024,1.9628378377686486,1.9645270270616217,1.9711864411232194,1.806640625,0.954162598,1.8934305628693275
dmd-2.111.0,bv_vienot_index,bv_vienot_index,double,vienot,0,1024,1.0,1.0,1.0,1.806640625,0.954162598,1.8934305628693275
dmd-2.111.0,bv_vienot_index,default,double,vienot,1,1024,10.800675675606486,10.723154364061811,10.80236486489946,1.806640625,0.9541931155000001,1.8933700061892764
dmd-2.111.0,bv_vienot_index,bv_compiler,double,vienot,1,1024,1.9628378377686486,1.9496644297294572,1.9628378377686486,1.806640625,0.9541931155000001,1.8933700061892764
dmd-2.111.0,bv_vienot_index,bv_split,double,vienot,1,1024,1.9662162163545946,1.9530201346340796,1.9662162163545946,1.806640625,0.9541931155000001,1.8933700061892764
dmd-2.111.0,bv_vienot_index,bv_vienot_index,double,vienot,1,1024,1.0,1.0,1.0,1.806640625,0.9541931155000001,1.8933700061892764
dmd-2.111.0,bv_vienot_index,default,float,brettel,0,1024,9.932692307757948,9.916799999090674,9.934294871827692,3.80859375,1.8353576660000002,2.075123459886973
dmd-2.111.0,bv_vienot_index,bv_compiler,float,brettel,0,1024,1.0,0.9983999999018532,1.0,3.80859375,1.8353576660000002,2.075123459886973
dmd-2.111.0,bv_vienot_index,bv_split,float,brettel,0,1024,1.0,0.9983999999018532,1.0,3.80859375,1.8353576660000002,2.075123459886973
dmd-2.111.0,bv_vienot_index,bv_vienot_index,float,brettel,0,1024,1.0,1.0,1.0,3.80859375,1.8353576660000002,2.075123459886973
dmd-2.111.0,bv_vienot_index,default,float,brettel,1,1024,9.894230769165128,9.886217948685129,9.907199999026082,3.80859375,1.8368530275,2.073434125093604
dmd-2.111.0,bv_vienot_index,bv_compiler,float,brettel,1,1024,1.0,1.0,1.0055999999502974,3.80859375,1.8368530275,2.073434125093604
dmd-2.111.0,bv_vienot_index,bv_split,float,brettel,1,1024,1.0,0.9983999999018532,1.0,3.80859375,1.8368530275,2.073434125093604
dmd-2.111.0,bv_vienot_index,bv_vienot_index,float,brettel,1,1024,1.0,1.0,1.0,3.80859375,1.8368530275,2.073434125093604
dmd-2.111.0,bv_vienot_index,default,float,brettel,2,1024,9.915199998992529,9.895199999076414,11.219199998897107,3.814697266,1.8194885255,2.096576709628719
dmd-2.111.0,bv_vienot_index,bv_compiler,float,brettel,2,1024,1.0,0.9991993594384382,1.0,3.814697266,1.8194885255,2.096576709628719
dmd-2.111.0,bv_vienot_index,bv_split,float,brettel,2,1024,1.0,0.9991993594384382,1.0,3.814697266,1.8194885255,2.096576709628719
dmd-2.111.0,bv_vienot_index,bv_vienot_index,float,brettel,2,1024,1.0,1.0,1.0,3.814697266,1.8194885255,2.096576709628719
dmd-2.111.0,bv_vienot_index,default,float,lookup,0,1024,1.0012916558975975,0.9900191938736105,1.0041349011500085,23.626708984,3.442077637,6.864083694693258
dmd-2.111.0,bv_vienot_index,bv_compiler,float,lookup,0,1024,0.999225006474139,0.9910428662774778,1.0064582795303116,23.626708984,3.442077637,6.864083694693258
dmd-2.111.0,bv_vienot_index,bv_split,float,lookup,0,1024,1.0002583311964495,0.9918106206013432,1.0029719601936296,23.626708984,3.442077637,6.864083694693258
dmd-2.111.0,bv_vienot_index,bv_vienot_index,float,lookup,0,1024,1.0,1.0,1.0,23.626708984,3.442077637,6.864083694693258
dmd-2.111.0,bv_vienot_index,default,float,lookup,1,1024,1.0023270846535184,0.9992244053933402,1.002715283162582,23.605346679999997,3.444244385,6.853563232273367
dmd-2.111.0,bv_vienot_index,bv_compiler,float,lookup,1,1024,1.0020685196943697,1.0007755946278387,1.0023273855437167,23.605346679999997,3.444244385,6.853563232273367
dmd-2.111.0,bv_vienot_index,bv_split,float,lookup,1,1024,1.002197802163353,1.000258431316583,1.005818463922845,23.605346679999997,3.444244385,6.853563232273367
dmd-2.111.0,bv_vienot_index,bv_vienot_index,float,lookup,1,1024,1.0,1.0,1.0,23.605346679999997,3.444244385,6.853563232273367
dmd-2.111.0,bv_vienot_index,default,float,lookup,2,1024,1.000645827969961,0.9863728986426696,1.0142082149582208,23.626708984,3.444244385,6.859765551740893
dmd-2.111.0,bv_vienot_index,bv_compiler,float,lookup,2,1024,1.000645827969961,0.9875191034182293,0.9993541720723638,23.626708984,3.444244385,6.859765551740893
dmd-2.111.0,bv_vienot_index,bv_split,float,lookup,2,1024,0.9997416688247132,0.9858634742817475,1.0010337252875021,23.626708984,3.444244385,6.859765551740893
dmd-2.111.0,bv_vienot_index,bv_vienot_index,float,lookup,2,1024,1.0,1.0,1.0,23.626708984,3.444244385,6.859765551740893
dmd-2.111.0,bv_vienot_index,default,float,lookupApply,0,1024,0.9997570259965599,0.9980598221503574,1.0013006015415378,37.680053711,8.461853027,4.452931714929442
dmd-2.111.0,bv_vienot_index,bv_compiler,float,lookupApply,0,1024,1.0029966793536453,1.0013757384262816,1.0067097817316697,37.680053711,8.461853027,4.452931714929442
dmd-2.111.0,bv_vienot_index,bv_split,float,lookupApply,0,1024,1.0017818093364448,0.9992716678755897,1.0077607113985705,37.680053711,8.461853027,4.452931714929442
dmd-2.111.0,bv_vienot_index,bv_vienot_index,float,lookupApply,0,1024,1.0,1.0,1.0,37.680053711,8.461853027,4.452931714929442
dmd-2.111.0,bv_vienot_index,default,float,lookupApply,1,1024,0.9980610761027824,0.9974130962004765,1.0003234675657502,37.774658203499996,8.4554748535,4.4674792200303
dmd-2.111.0,bv_vienot_index,bv_compiler,float,lookupApply,1,1024,0.9988689610434109,0.9983017952334393,1.0065348930937852,37.774658203499996,8.4554748535,4.4674792200303
dmd-2.111.0,bv_vienot_index,bv_split,float,lookupApply,1,1024,1.0001615769748895,0.998547801522965,1.0109943411612197,37.774658203499996,8.4554748535,4.4674792200303
dmd-2.111.0,bv_vienot_index,bv_vienot_index,float,lookupApply,1,1024,1.0,1.0,1.0,37.774658203499996,8.4554748535,4.4674792200303
dmd-2.111.0,bv_vienot_index,default,float,lookupApply,2,1024,0.9994325551281971,0.9971636952849201,1.0009735518615839,37.646484375,8.4664611815,4.4465430795644645
dmd-2.111.0,bv_vienot_index,bv_compiler,float,lookupApply,2,1024,0.9998378728823865,0.9952998379155191,1.0024338796074364,37.646484375,8.4664611815,4.4465430795644645
dmd-2.111.0,bv_vienot_index,bv_split,float,lookupApply,2,1024,1.0006485084438912,1.0009724473191248,1.0013791984606075,37.646484375,8.4664611815,4.4465430795644645
dmd-2.111.0,bv_vienot_index,bv_vienot_index,float,lookupApply,2,1024,1.0,1.0,1.0,37.646484375,8.4664611815,4.4465430795644645
dmd-2.111.0,bv_vienot_index,default,float,prepared,0,1024,1.0004330879434598,1.0,1.0099610221319204,14.093017578,0.6173706055,22.82748393339242
dmd-2.111.0,bv_vienot_index,bv_compiler,float,prepared,0,1024,1.0004330879434598,1.0,1.0004330879434598,14.093017578,0.6173706055,22.82748393339242
dmd-2.111.0,bv_vienot_index,bv_split,float,prepared,0,1024,1.0,1.0,1.0,14.093017578,0.6173706055,22.82748393339242
dmd-2.111.0,bv_vienot_index,bv_vienot_index,float,prepared,0,1024,1.0,1.0,1.0,14.093017578,0.6173706055,22.82748393339242
dmd-2.111.0,bv_vienot_index,default,float,prepared,1,1024,1.0004330879434598,0.99978350290941,1.0004330879434598,14.093017578,0.617706299,22.815078299857195
dmd-2.111.0,bv_vienot_index,bv_compiler,float,prepared,1,1024,1.0004330879434598,1.0,1.0004330879434598,14.093017578,0.617706299,22.815078299857195
dmd-2.111.0,bv_vienot_index,bv_split,float,prepared,1,1024,1.0,1.0,1.0004329941457093,14.093017578,0.617706299,22.815078299857195
dmd-2.111.0,bv_vienot_index,bv_vienot_index,float,prepared,1,1024,1.0,1.0,1.0,14.093017578,0.617706299,22.815078299857195
dmd-2.111.0,bv_vienot_index,default,float,prepared,2,1024,1.0002165439717299,1.0,1.0008661758514412,14.093017578,0.618621826,22.781313212185303
dmd-2.111.0,bv_vienot_index,bv_compiler,float,prepared,2,1024,1.0002165439717299,1.0,1.0004330879434598,14.093017578,0.618621826,22.781313212185303
dmd-2.111.0,bv_vienot_index,bv_split,float,prepared,2,1024,1.0,1.0,1.0,14.093017578,0.618621826,22.781313212185303
dmd-2.111.0,bv_vienot_index,bv_vienot_index,float,prepared,2,1024,1.0,1.0,1.0,14.093017578,0.618621826,22.781313212185303
dmd-2.111.0,bv_vienot_index,default,float,vienot,0,1024,12.561224487976233,12.532312923249922,15.767006800419944,1.794433594,0.617980957,2.903703704255081
dmd-2.111.0,bv_vienot_index,bv_compiler,float,vienot,0,1024,1.6734693878005942,1.6734693878005942,1.6734693878005942,1.794433594,0.617980957,2.903703704255081
dmd-2.111.0,bv_vienot_index,bv_split,float,vienot,0,1024,1.6734693878005942,1.6734693878005942,1.6734693878005942,1.794433594,0.617980957,2.903703704255081
dmd-2.111.0,bv_vienot_index,bv_vienot_index,float,vienot,0,1024,1.0,1.0,1.0,1.794433594,0.617980957,2.903703704255081
dmd-2.111.0,bv_vienot_index,default,float,vienot,1,1024,12.714285712653682,12.534013603626283,16.146258501221528,1.794433594,0.617675781,2.9051383415015266
dmd-2.111.0,bv_vienot_index,bv_compiler,float,vienot,1,1024,1.6734693878005942,1.6734693878005942,1.6734693878005942,1.794433594,0.617675781,2.9051383415015266
dmd-2.111.0,bv_vienot_index,bv_split,float,vienot,1,1024,1.6734693878005942,1.6734693878005942,1.6734693878005942,1.794433594,0.617675781,2.9051383415015266
dmd-2.111.0,bv_vienot_index,bv_vienot_index,float,vienot,1,1024,1.0,1.0,1.0,1.794433594,0.617675781,2.9051383415015266
dmd-2.111.0,bv_vienot_static,default,double,brettel,0,1024,4.250350630755426,4.199859747169314,4.26227208942301,4.351806641,3.5597839355,1.2224917915948608
dmd-2.111.0,bv_vienot_static,bv_compiler,double,brettel,0,1024,1.0,1.0,1.0,4.351806641,3.5597839355,1.2224917915948608
dmd-2.111.0,bv_vienot_static,bv_split,double,brettel,0,1024,1.0,1.0,1.0014025244004403,4.351806641,3.5597839355,1.2224917915948608
dmd-2.111.0,bv_vienot_static,bv_vienot_index,double,brettel,0,1024,1.0,1.0,1.0,4.351806641,3.5597839355,1.2224917915948608
dmd-2.111.0,bv_vienot_static,default,double,brettel,1,1024,4.2882187934737335,4.2517531552707615,4.291023842504404,4.351806641,3.5560913085,1.2237612208094963
dmd-2.111.0,bv_vienot_static,bv_compiler,double,brettel,1,1024,1.0,1.0,1.0,4.351806641,3.5560913085,1.2237612208094963
dmd-2.111.0,bv_vienot_static,bv_split,double,brettel,1,1024,1.0,1.0,1.0014025244004403,4.351806641,3.5560913085,1.2237612208094963
dmd-2.111.0,bv_vienot_static,bv_vienot_index,double,brettel,1,1024,1.0,1.0,1.0,4.351806641,3.5560913085,1.2237612208094963
dmd-2.111.0,bv_vienot_static,default,double,brettel,2,1024,4.219887955395472,4.212184874148195,4.350140056214597,4.357910156,3.6016540525,1.2099746651056238
dmd-2.111.0,bv_vienot_static,bv_compiler,double,brettel,2,1024,1.0,1.0,1.0,4.357910156,3.6016540525,1.2099746651056238
dmd-2.111.0,bv_vienot_static,bv_split,double,brettel,2,1024,1.0,1.0,1.0014005603102203,4.357910156,3.6016540525,1.2099746651056238
dmd-2.111.0,bv_vienot_static,bv_vienot_index,double,brettel,2,1024,1.0,1.0,1.0,4.357910156,3.6016540525,1.2099746651056238
dmd-2.111.0,bv_vienot_static,default,double,lookup,0,1024,1.0049756194769022,1.0014873574554874,1.1222772277420137,30.6671142575,4.8850097654999995,6.277799990101166
dmd-2.111.0,bv_vienot_static,bv_compiler,double,lookup,0,1024,0.9992039009019562,0.9933663366315817,1.0080144259832522,30.6671142575,4.8850097654999995,6.277799990101166
dmd-2.111.0,bv_vienot_static,bv_split,double,lookup,0,1024,1.0113444123916848,0.9882178217881658,1.204561229559404,30.6671142575,4.8850097654999995,6.277799990101166
dmd-2.111.0,bv_vienot_static,bv_vienot_index,double,lookup,0,1024,0.9990048761274454,0.9938613861345086,1.1856222112213826,30.6671142575,4.8850097654999995,6.277799990101166
dmd-2.111.0,bv_vienot_static,default,double,lookup,1,1024,1.0110946012878337,1.0135809866186782,1.235386890120243,30.807495117000002,4.8892822265,6.301026140406216
dmd-2.111.0,bv_vienot_static,bv_compiler,double,lookup,1,1024,0.9969291728639178,0.9914243469749199,1.010185739968099,30.807495117000002,4.8892822265,6.301026140406216
dmd-2.111.0,bv_vienot_static,bv_split,double,lookup,1,1024,1.0079247152218254,0.9910300640688616,1.2465548232280388,30.807495117000002,4.8892822265,6.301026140406216
dmd-2.111.0,bv_vienot_static,bv_vienot_index,double,lookup,1,1024,1.0008915304667156,0.9927057663913469,1.386758538034927,30.807495117000002,4.8892822265,6.301026140406216
dmd-2.111.0,bv_vienot_static,default,double,lookup,2,1024,1.008623253058111,0.9942374565366433,1.1505056514038723,30.789184570000003,4.889282226500001,6.2972811025557185
dmd-2.111.0,bv_vienot_static,bv_compiler,double,lookup,2,1024,0.9961344038284154,0.9936708860759493,1.0076502732219623,30.789184570000003,4.889282226500001,6.2972811025557185
dmd-2.111.0,bv_vienot_static,bv_split,double,lookup,2,1024,1.0154623847837747,0.998909379335652,1.216492796805101,30.789184570000003,4.889282226500001,6.2972811025557185
dmd-2.111.0,bv_vienot_static,bv_vienot_index,double,lookup,2,1024,0.9966299930820155,0.9904074367189873,1.2021857923505272,30.789184570000003,4.889282226500001,6.2972811025557185
dmd-2.111.0,bv_vienot_static,default,double,lookupApply,0,1024,1.0074571215449952,0.988011179757174,1.0188608355890392,40.9240722655,8.266845703,4.950385399191477
dmd-2.111.0,bv_vienot_static,bv_compiler,double,lookupApply,0,1024,1.001416853096237,0.9901441600560511,1.0057583009134916,40.9240722655,8.266845703,4.950385399191477
dmd-2.111.0,bv_vienot_static,bv_split,double,lookupApply,0,1024,1.0094705443775382,0.9947778758503245,1.027819323954218,40.9240722655,8.266845703,4.950385399191477
dmd-2.111.0,bv_vienot_static,bv_vienot_index,double,lookupApply,0,1024,1.0073079791170276,0.9931597528699558,1.0187856928131576,40.9240722655,8.266845703,4.950385399191477
dmd-2.111.0,bv_vienot_static,default,double,lookupApply,1,1024,1.0106724382247652,1.0050659316160493,1.018610235629539,40.89050293,8.2666015625,4.946470761998818
dmd-2.111.0,bv_vienot_static,bv_compiler,double,lookupApply,1,1024,1.0036569893198914,1.0037994487211914,1.0073540447215024,40.89050293,8.2666015625,4.946470761998818
dmd-2.111.0,bv_vienot_static,bv_split,double,lookupApply,1,1024,1.0126875139782001,1.0100573642210517,1.018760318171865,40.89050293,8.2666015625,4.946470761998818
dmd-2.111.0,bv_vienot_static,bv_vienot_index,double,lookupApply,1,1024,1.0117172923214033,1.0103061986649848,1.0172594927117224,40.89050293,8.2666015625,4.946470761998818
dmd-2.111.0,bv_vienot_static,default,double,lookupApply,2,1024,1.0056388188341336,1.0050140097391331,1.0099194510724583,41.1315917965,8.2717895505,4.97251429637904
dmd-2.111.0,bv_vienot_static,bv_compiler,double,lookupApply,2,1024,1.0036355542411255,0.998599026690714,1.0073090692093556,41.1315917965,8.2717895505,4.97251429637904
dmd-2.111.0,bv_vienot_static,bv_split,double,lookupApply,2,1024,1.0057130138109558,0.9980091431927031,1.0111127684948926,41.1315917965,8.2717895505,4.97251429637904
dmd-2.111.0,bv_vienot_static,bv_vienot_index,double,lookupApply,2,1024,1.0081614482892094,1.0016221796225502,1.0134248209962768,41.1315917965,8.2717895505,4.97251429637904
dmd-2.111.0,bv_vienot_static,default,double,prepared,0,1024,1.0,1.0,1.0001817190734963,16.796875,0.9599914549999999,17.496900532307343
dmd-2.111.0,bv_vienot_static,bv_compiler,double,prepared,0,1024,1.0,1.0,1.0001817190734963,16.796875,0.9599914549999999,17.496900532307343
dmd-2.111.0,bv_vienot_static,bv_split,double,prepared,0,1024,1.0,1.0,1.0001817190734963,16.796875,0.9599914549999999,17.496900532307343
dmd-2.111.0,bv_vienot_static,bv_vienot_index,double,prepared,0,1024,1.0,1.0,1.0001817190734963,16.796875,0.9599914549999999,17.496900532307343
dmd-2.111.0,bv_vienot_static,default,double,prepared,1,1024,1.0,1.0,1.0,16.796875,0.9600219725,17.49634433497302
dmd-2.111.0,bv_vienot_static,bv_compiler,double,prepared,1,1024,1.0,0.9998183139423257,1.0,16.796875,0.9600219725,17.49634433497302
dmd-2.111.0,bv_vienot_static,bv_split,double,prepared,1,1024,1.0,1.0,1.0034520348874418,16.796875,0.9600219725,17.49634433497302
dmd-2.111.0,bv_vienot_static,bv_vienot_index,double,prepared,1,1024,1.0,1.0,1.0036337209153487,16.796875,0.9600219725,17.49634433497302
dmd-2.111.0,bv_vienot_static,default,double,prepared,2,1024,1.0,1.0,1.00036350420264,16.796875,0.9578552245,17.53592251769359
dmd-2.111.0,bv_vienot_static,bv_compiler,double,prepared,2,1024,1.0,1.0,1.00036350420264,16.796875,0.9578552245,17.53592251769359
dmd-2.111.0,bv_vienot_static,bv_split,double,prepared,2,1024,1.0,1.0,1.00036350420264,16.796875,0.9578552245,17.53592251769359
dmd-2.111.0,bv_vienot_static,bv_vienot_index,double,prepared,2,1024,1.0,1.0,1.0045438022947724,16.796875,0.9578552245,17.53592251769359
dmd-2.111.0,bv_vienot_static,default,double,vienot,0,1024,7.1797752812753295,7.155655095394746,7.1797752812753295,2.716064453,0.9553833005,2.8429055140262
dmd-2.111.0,bv_vienot_static,bv_compiler,double,vienot,0,1024,1.3056179775421553,1.3012318028955088,1.3056179775421553,2.716064453,0.9553833005,2.8429055140262
dmd-2.111.0,bv_vienot_static,bv_split,double,vienot,0,1024,1.3056179775421553,1.3012318028955088,1.3067415731168586,2.716064453,0.9553833005,2.8429055140262
dmd-2.111.0,bv_vienot_static,bv_vienot_index,double,vienot,0,1024,0.6651685393564554,0.6606942887913225,0.6651685393564554,2.716064453,0.9553833005,2.8429055140262
dmd-2.111.0,bv_vienot_static,default,double,vienot,1,1024,7.184269663205964,7.180898876850032,7.185393258780667,2.716064453,0.9557189939999999,2.841906951783361
dmd-2.111.0,bv_vienot_static,bv_compiler,double,vienot,1,1024,1.3056179775421553,1.3056179775421553,1.3056179775421553,2.716064453,0.9557189939999999,2.841906951783361
dmd-2.111.0,bv_vienot_static,bv_split,double,vienot,1,1024,1.3078651686915619,1.3056179775421553,1.3078651686915619,2.716064453,0.9557189939999999,2.841906951783361
dmd-2.111.0,bv_vienot_static,bv_vienot_index,double,vienot,1,1024,0.6651685393564554,0.6651685393564554,0.6696629212870892,2.716064453,0.9557189939999999,2.841906951783361
dmd-2.111.0,bv_vienot_static,default,float,brettel,0,1024,9.932692307757948,9.91839999905775,9.932692307757948,3.80859375,1.82220459,2.0901021602629153
dmd-2.111.0,bv_vienot_static,bv_compiler,float,brettel,0,1024,1.0,0.9983999999018532,1.0,3.80859375,1.82220459,2.0901021602629153
dmd-2.111.0,bv_vienot_static,bv_split,float,brettel,0,1024,1.0,0.9983999999018532,1.0,3.80859375,1.82220459,2.0901021602629153
dmd-2.111.0,bv_vienot_static,bv_vienot_index,float,brettel,0,1024,1.0,0.9983999999018532,1.0016025642010256,3.80859375,1.82220459,2.0901021602629153
dmd-2.111.0,bv_vienot_static,default,float,brettel,1,1024,9.894230769165128,9.886217948685129,9.923076923076923,3.80859375,1.8204040525,2.092169452583659
dmd-2.111.0,bv_vienot_static,bv_compiler,float,brettel,1,1024,1.0,1.0,1.0072115385107692,3.80859375,1.8204040525,2.092169452583659
dmd-2.111.0,bv_vienot_static,bv_split,float,brettel,1,1024,1.0,1.0,1.0,3.80859375,1.8204040525,2.092169452583659
dmd-2.111.0,bv_vienot_static,bv_vienot_index,float,brettel,1,1024,1.0,1.0,1.0016025642010256,3.80859375,1.8204040525,2.092169452583659
dmd-2.111.0,bv_vienot_static,default,float,brettel,2,1024,9.915199998992529,9.895199999076414,11.237179487179487,3.814697266,1.809997559,2.1075703925852642
dmd-2.111.0,bv_vienot_static,bv_compiler,float,brettel,2,1024,1.0,0.9976019184488961,1.0016025642010256,3.814697266,1.809997559,2.1075703925852642
dmd-2.111.0,bv_vienot_static,bv_split,float,brettel,2,1024,1.0,0.9976019184488961,1.0016025642010256,3.814697266,1.809997559,2.1075703925852642
dmd-2.111.0,bv_vienot_static,bv_vienot_index,float,brettel,2,1024,1.0,0.9984012790095864,1.0016025642010256,3.814697266,1.809997559,2.1075703925852642
dmd-2.111.0,bv_vienot_static,default,float,lookup,0,1024,0.9996131527808754,0.9965224111256833,1.0033570045349547,23.666381836,3.454956055,6.849980566829525
dmd-2.111.0,bv_vienot_static,bv_compiler,float,lookup,0,1024,0.9975499677600993,0.9975528078073005,1.0058087001393314,23.666381836,3.454956055,6.849980566829525
dmd-2.111.0,bv_vienot_static,bv_split,float,lookup,0,1024,0.9985815602810508,0.998325605339616,1.0021949645011834,23.666381836,3.454956055,6.849980566829525
dmd-2.111.0,bv_vienot_static,bv_vienot_index,float,lookup,0,1024,0.9983236621349677,0.9992253066653067,1.0065687789613735,23.666381836,3.454956055,6.849980566829525
dmd-2.111.0,bv_vienot_static,default,float,lookup,1,1024,0.999742101853917,0.9987121699777598,1.0011612903093619,23.666381836,3.4585876465,6.842787939738858
dmd-2.111.0,bv_vienot_static,bv_compiler,float,lookup,1,1024,0.9994842037289609,0.998325820952098,1.0011638432770547,23.666381836,3.4585876465,6.842787939738858
dmd-2.111.0,bv_vienot_static,bv_split,float,lookup,1,1024,0.9996131527808754,0.9988387096694978,1.0024570024384702,23.666381836,3.4585876465,6.842787939738858
dmd-2.111.0,bv_vienot_static,bv_vienot_index,float,lookup,1,1024,0.9974210187081847,0.996007726966925,1.0003879477590183,23.666381836,3.4585876465,6.842787939738858
dmd-2.111.0,bv_vienot_static,default,float,lookup,2,1024,0.9978104070198636,0.9909160696086795,1.0146013696939065,23.693847656,3.444854736,6.878039706113169
dmd-2.111.0,bv_vienot_static,bv_compiler,float,lookup,2,1024,0.9978104070198636,0.9920675537306858,0.9997415686834171,23.693847656,3.444854736,6.878039706113169
dmd-2.111.0,bv_vienot_static,bv_split,float,lookup,2,1024,0.9969088098917759,0.9904042988714842,0.9989662747124979,23.693847656,3.444854736,6.878039706113169
dmd-2.111.0,bv_vienot_static,bv_vienot_index,float,lookup,2,1024,0.9971664090621856,0.9969084116965172,1.004605936529949,23.693847656,3.444854736,6.878039706113169
dmd-2.111.0,bv_vienot_static,default,float,lookupApply,0,1024,0.9985439249345495,0.9926033124230892,1.0005685971978258,37.725830078,8.442047119,4.468801174195389
dmd-2.111.0,bv_vienot_static,bv_compiler,float,lookupApply,0,1024,1.0017796473095804,1.0002425026155228,1.0032491267971895,37.725830078,8.442047119,4.468801174195389
dmd-2.111.0,bv_vienot_static,bv_split,float,lookupApply,0,1024,1.0005662514106604,0.9981408131971123,1.00259930145106,37.725830078,8.442047119,4.468801174195389
dmd-2.111.0,bv_vienot_static,bv_vienot_index,float,lookupApply,0,1024,0.9987866041143334,0.9945328830936087,0.9992689464656418,37.725830078,8.442047119,4.468801174195389
dmd-2.111.0,bv_vienot_static,default,float,lookupApply,1,1024,0.9971749132410447,0.9938936204337402,1.0009715812551194,37.808227539,8.442626953000001,4.478253954542577
dmd-2.111.0,bv_vienot_static,bv_compiler,float,lookupApply,1,1024,0.9979820808732359,0.9918849429420676,1.010120638003412,37.808227539,8.442626953000001,4.478253954542577
dmd-2.111.0,bv_vienot_static,bv_split,float,lookupApply,1,1024,0.999273549111191,0.9937329262380923,1.0102593101302357,37.808227539,8.442626953000001,4.478253954542577
dmd-2.111.0,bv_vienot_static,bv_vienot_index,float,lookupApply,1,1024,0.9991121155979773,0.9935722320424444,1.0035624645844172,37.808227539,8.442626953000001,4.478253954542577
dmd-2.111.0,bv_vienot_static,default,float,lookupApply,2,1024,0.9986230357961065,0.9926784133864808,1.0021990552090365,37.677001953499996,8.4298095705,4.469496213218165
dmd-2.111.0,bv_vienot_static,bv_compiler,float,lookupApply,2,1024,0.9990280252514466,0.9941266392932305,1.000325785951952,37.677001953499996,8.4298095705,4.469496213218165
dmd-2.111.0,bv_vienot_static,bv_split,float,lookupApply,2,1024,0.99983800421521,0.9930806983635071,1.0060270402312097,37.677001953499996,8.4298095705,4.469496213218165
dmd-2.111.0,bv_vienot_static,bv_vienot_index,float,lookupApply,2,1024,0.9991900210495076,0.9917129294178894,1.0050496823620094,37.677001953499996,8.4298095705,4.469496213218165
dmd-2.111.0,bv_vienot_static,default,float,prepared,0,1024,1.0004330879434598,1.0,1.0099610221319204,14.093017578,0.614929199,22.918114151870025
dmd-2.111.0,bv_vienot_static,bv_compiler,float,prepared,0,1024,1.0004330879434598,1.0,1.0004330879434598,14.093017578,0.614929199,22.918114151870025
dmd-2.111.0,bv_vienot_static,bv_split,float,prepared,0,1024,1.0,1.0,1.0,14.093017578,0.614929199,22.918114151870025
dmd-2.111.0,bv_vienot_static,bv_vienot_index,float,prepared,0,1024,1.0,1.0,1.0,14.093017578,0.614929199,22.918114151870025
dmd-2.111.0,bv_vienot_static,default,float,prepared,1,1024,1.0004330879434598,1.0,1.0004330879434598,14.093017578,0.614929199,22.918114151870025
dmd-2.111.0,bv_vienot_static,bv_compiler,float,prepared,1,1024,1.0004330879434598,1.0,1.0004330879434598,14.093017578,0.614929199,22.918114151870025
dmd-2.111.0,bv_vienot_static,bv_split,float,prepared,1,1024,1.0,1.0,1.0006496318797113,14.093017578,0.614929199,22.918114151870025
dmd-2.111.0,bv_vienot_static,bv_vienot_index,float,prepared,1,1024,1.0,1.0,1.0002165439717299,14.093017578,0.614929199,22.918114151870025
dmd-2.111.0,bv_vienot_static,default,float,prepared,2,1024,1.0002165439717299,0.9959025231786577,1.0008661758514412,14.093017578,0.614929199,22.918114151870025
dmd-2.111.0,bv_vienot_static,bv_compiler,float,prepared,2,1024,1.0002165439717299,0.9963338365543076,1.0004330879434598,14.093017578,0.614929199,22.918114151870025
dmd-2.111.0,bv_vienot_static,bv_split,float,prepared,2,1024,1.0,0.9959025231786577,1.0,14.093017578,0.614929199,22.918114151870025
dmd-2.111.0,bv_vienot_static,bv_vienot_index,float,prepared,2,1024,1.0,0.9959025231786577,1.0,14.093017578,0.614929199,22.918114151870025
dmd-2.111.0,bv_vienot_static,default,float,vienot,0,1024,3.448179271623624,3.4402427636585844,4.326178254878377,6.5368652345000005,0.614318848,10.640834569510067
dmd-2.111.0,bv_vienot_static,bv_compiler,float,vienot,0,1024,0.4593837535691053,0.4591693887970375,0.4593837535691053,6.5368652345000005,0.614318848,10.640834569510067
dmd-2.111.0,bv_vienot_static,bv_split,float,vienot,0,1024,0.4593837535691053,0.4591693887970375,0.4593837535691053,6.5368652345000005,0.614318848,10.640834569510067
dmd-2.111.0,bv_vienot_static,bv_vienot_index,float,vienot,0,1024,0.274509803954564,0.27438170793223426,0.274509803954564,6.5368652345000005,0.614318848,10.640834569510067
dmd-2.111.0,bv_vienot_static,default,float,vienot,1,1024,3.4627142196825695,3.4374999999808957,4.399443929833903,6.588745117,0.6146545409999999,10.719428032339227
dmd-2.111.0,bv_vienot_static,bv_compiler,float,vienot,1,1024,0.45576655868079774,0.4547134935889972,0.45895522395701494,6.588745117,0.6146545409999999,10.719428032339227
dmd-2.111.0,bv_vienot_static,bv_split,float,vienot,1,1024,0.45576655868079774,0.4547134935889972,0.45895522395701494,6.588745117,0.6146545409999999,10.719428032339227
dmd-2.111.0,bv_vienot_static,bv_vienot_index,float,vienot,1,1024,0.27234830944819505,0.27171903884457527,0.27425373138149256,6.588745117,0.6146545409999999,10.719428032339227
dmd-2.111.0,bv_vienot_index,default,double,brettel,0,8191,4.203358858263812,4.195423300865189,4.218102698304843,4.384385301,3.5089580025,1.249483549782098
dmd-2.111.0,bv_vienot_index,bv_compiler,double,brettel,0,8191,1.0005221023798885,0.9993909335179828,1.0025208621597246,4.384385301,3.5089580025,1.249483549782098
dmd-2.111.0,bv_vienot_index,bv_split,double,brettel,0,8191,0.9997389488100558,0.9985222530320808,0.9998259809399773,4.384385301,3.5089580025,1.249483549782098
dmd-2.111.0,bv_vienot_index,bv_vienot_index,double,brettel,0,8191,1.0,1.0,1.0,4.384385301,3.5089580025,1.249483549782098
dmd-2.111.0,bv_vienot_index,default,double,brettel,1,8191,4.220830070286857,4.2173837460199675,4.221700165130845,4.3847668175,3.522677329,1.2447256469966625
dmd-2.111.0,bv_vienot_index,bv_compiler,double,brettel,1,8191,0.9999129904699886,0.9988700564696303,1.0007835625555774,4.3847668175,3.522677329,1.2447256469966625
dmd-2.111.0,bv_vienot_index,bv_split,double,brettel,1,8191,0.9993909335179828,0.9991308126864712,1.0002611874424587,4.3847668175,3.522677329,1.2447256469966625
dmd-2.111.0,bv_vienot_index,bv_vienot_index,double,brettel,1,8191,1.0,1.0,1.0,4.3847668175,3.522677329,1.2447256469966625
dmd-2.111.0,bv_vienot_index,default,double,brettel,2,8191,4.207361642758139,4.1874728896659645,4.23392220009613,4.384385301,3.584383775,1.2231908122059278
dmd-2.111.0,bv_vienot_index,bv_compiler,double,brettel,2,8191,1.0005221023798885,0.9976576733016325,1.0012183448652312,4.384385301,3.584383775,1.2231908122059278
dmd-2.111.0,bv_vienot_index,bv_split,double,brettel,2,8191,1.0001740342026568,0.9977444260749379,1.0001740946854356,4.384385301,3.584383775,1.2231908122059278
dmd-2.111.0,bv_vienot_index,bv_vienot_index,double,brettel,2,8191,1.0,1.0,1.0,4.384385301,3.584383775,1.2231908122059278
dmd-2.111.0,bv_vienot_index,default,double,lookup,0,8191,0.9998876544811627,0.7955772002310783,1.0026495694529642,30.563270662999997,4.9307280855,6.19853095385217
dmd-2.111.0,bv_vienot_index,bv_compiler,double,lookup,0,8191,0.9987891648963866,0.7941161854552042,1.0001124409787945,30.563270662999997,4.9307280855,6.19853095385217
dmd-2.111.0,bv_vienot_index,bv_split,double,lookup,0,8191,1.0004493820917089,0.7964617601859046,1.001812205507936,30.563270662999997,4.9307280855,6.19853095385217
dmd-2.111.0,bv_vienot_index,bv_vienot_index,double,lookup,0,8191,1.0,1.0,1.0,30.563270662999997,4.9307280855,6.19853095385217
dmd-2.111.0,bv_vienot_index,default,double,lookup,1,8191,1.000810150566823,0.7927515799271962,1.0024179878390604,30.609815650999998,4.934432609,6.203310101990289
dmd-2.111.0,bv_vienot_index,bv_compiler,double,lookup,1,8191,0.9998878253126661,0.7926431296755814,1.0009734789302123,30.609815650999998,4.934432609,6.203310101990289
dmd-2.111.0,bv_vienot_index,bv_split,double,lookup,1,8191,0.9956750423782551,0.791036094215848,0.9969338917270828,30.609815650999998,4.934432609,6.203310101990289
dmd-2.111.0,bv_vienot_index,bv_vienot_index,double,lookup,1,8191,1.0,1.0,1.0,30.609815650999998,4.934432609,6.203310101990289
dmd-2.111.0,bv_vienot_index,default,double,lookup,2,8191,0.9962774075708188,0.7896976307699449,1.0020590510818395,30.74601697,4.937568673,6.226954804320551
dmd-2.111.0,bv_vienot_index,bv_compiler,double,lookup,2,8191,0.9979525741639503,0.7905427316503297,1.004592307874413,30.74601697,4.937568673,6.226954804320551
dmd-2.111.0,bv_vienot_index,bv_split,double,lookup,2,8191,0.9975306803455525,0.7917022886548821,1.0031946489504249,30.74601697,4.937568673,6.226954804320551
dmd-2.111.0,bv_vienot_index,bv_vienot_index,double,lookup,2,8191,1.0,1.0,1.0,30.74601697,4.937568673,6.226954804320551
dmd-2.111.0,bv_vienot_index,default,double,lookupApply,0,8191,0.9983916588078225,0.8600610023179615,1.000962374856382,41.274722256000004,8.3205080275,4.960601218048642
dmd-2.111.0,bv_vienot_index,bv_compiler,double,lookupApply,0,8191,0.9974026214195925,0.8565250977550698,1.0753243388479716,41.274722256000004,8.3205080275,4.960601218048642
dmd-2.111.0,bv_vienot_index,bv_split,double,lookupApply,0,8191,0.9954707633199681,0.8563578590313149,0.9994817981654502,41.274722256000004,8.3205080275,4.960601218048642
dmd-2.111.0,bv_vienot_index,bv_vienot_index,double,lookupApply,0,8191,1.0,1.0,1.0,41.274722256000004,8.3205080275,4.960601218048642
dmd-2.111.0,bv_vienot_index,default,double,lookupApply,1,8191,1.0036239943728629,0.9237584259628123,1.0033225666226058,41.1625564645,8.298998138,4.9599428485255554
dmd-2.111.0,bv_vienot_index,bv_compiler,double,lookupApply,1,8191,0.9961906350706078,0.9137284385170041,1.0916806263899532,41.1625564645,8.298998138,4.9599428485255554
dmd-2.111.0,bv_vienot_index,bv_split,double,lookupApply,1,8191,0.9980443406359023,0.9161974899459499,1.0004442429062486,41.1625564645,8.298998138,4.9599428485255554
dmd-2.111.0,bv_vienot_index,bv_vienot_index,double,lookupApply,1,8191,1.0,1.0,1.0,41.1625564645,8.298998138,4.9599428485255554
dmd-2.111.0,bv_vienot_index,default,double,lookupApply,2,8191,1.00206437517844,0.9250315926142633,1.0051816358370145,41.2125350995,8.336287541,4.943751627664734
dmd-2.111.0,bv_vienot_index,bv_compiler,double,lookupApply,2,8191,0.9956398174471393,0.9147938795720603,1.079470321669994,41.2125350995,8.336287541,4.943751627664734
dmd-2.111.0,bv_vienot_index,bv_split,double,lookupApply,2,8191,0.9986114068362493,0.9183288363664217,1.0026743926916422,41.2125350995,8.336287541,4.943751627664734
dmd-2.111.0,bv_vienot_index,bv_vienot_index,double,lookupApply,2,8191,1.0,1.0,1.0,41.2125350995,8.336287541,4.943751627664734
dmd-2.111.0,bv_vienot_index,default,double,prepared,0,8191,0.9994809766879593,0.9988496153939272,1.0001580741993015,16.906513246,0.927725552,18.22361495762704
dmd-2.111.0,bv_vienot_index,bv_compiler,double,prepared,0,8191,1.0012411427888577,0.9994359333319119,1.0036316062503796,16.906513246,0.927725552,18.22361495762704
dmd-2.111.0,bv_vienot_index,bv_split,double,prepared,0,8191,0.9994132779860836,0.9988947285389198,0.9996612695602412,16.906513246,0.927725552,18.22361495762704
dmd-2.111.0,bv_vienot_index,bv_vienot_index,double,prepared,0,8191,1.0,1.0,1.0,16.906513246,0.927725552,18.22361495762704
dmd-2.111.0,bv_vienot_index,default,double,prepared,1,8191,0.9999096881803679,0.9992326962083765,1.001355503378978,16.8977383715,0.9283741305,18.20143174648704
dmd-2.111.0,bv_vienot_index,bv_compiler,double,prepared,1,8191,1.0006773384844982,0.9998645934589757,1.0016040123085979,16.8977383715,0.9283741305,18.20143174648704
dmd-2.111.0,bv_vienot_index,bv_split,double,prepared,1,8191,1.0001580456177794,0.9998420257169265,1.0007003434090176,16.8977383715,0.9283741305,18.20143174648704
dmd-2.111.0,bv_vienot_index,bv_vienot_index,double,prepared,1,8191,1.0,1.0,1.0,16.8977383715,0.9283741305,18.20143174648704
dmd-2.111.0,bv_vienot_index,default,double,prepared,2,8191,0.9996844287970957,0.9970785203705654,1.0003835740029394,16.9255890615,0.9278361925,18.242001334195635
dmd-2.111.0,bv_vienot_index,bv_compiler,double,prepared,2,8191,1.0007663871521912,0.9983594768175811,1.0017599278112421,16.9255890615,0.9278361925,18.242001334195635
dmd-2.111.0,bv_vienot_index,bv_split,double,prepared,2,8191,1.0004958975708027,0.9969212099348709,1.0022563176991384,16.9255890615,0.9278361925,18.242001334195635
dmd-2.111.0,bv_vienot_index,bv_vienot_index,double,prepared,2,8191,1.0,1.0,1.0,16.9255890615,0.9278361925,18.242001334195635
dmd-2.111.0,bv_vienot_index,default,double,vienot,0,8191,11.025712449220528,10.969243912838861,11.045678746428331,1.7805365645,0.927992614,1.9186969137881522
dmd-2.111.0,bv_vienot_index,bv_compiler,double,vienot,0,8191,2.006428112305132,1.9800728520787418,2.0356685178232428,1.7805365645,0.927992614,1.9186969137881522
dmd-2.111.0,bv_vienot_index,bv_split,double,vienot,0,8191,2.007070923591808,1.97372917539824,2.0503967399434675,1.7805365645,0.927992614,1.9186969137881522
dmd-2.111.0,bv_vienot_index,bv_vienot_index,double,vienot,0,8191,1.0,1.0,1.0,1.7805365645,0.927992614,1.9186969137881522
dmd-2.111.0,bv_vienot_index,default,double,vienot,1,8191,10.933376177284146,10.913807887963458,11.022269810074594,1.780918081,0.9276110975,1.9198973425390697
dmd-2.111.0,bv_vienot_index,bv_compiler,double,vienot,1,8191,2.003427591681574,1.9918524867653447,2.0072898795674936,1.780918081,0.9276110975,1.9198973425390697
dmd-2.111.0,bv_vienot_index,bv_split,double,vienot,1,8191,1.9817909168052292,1.9811563173370181,1.994639793865412,1.780918081,0.9276110975,1.9198973425390697
dmd-2.111.0,bv_vienot_index,bv_vienot_index,double,vienot,1,8191,1.0,1.0,1.0,1.780918081,0.9276110975,1.9198973425390697
dmd-2.111.0,bv_vienot_index,default,float,brettel,0,8191,9.860873031443077,9.811687666998058,9.929773592117032,3.828134538,1.7622543035,2.1722940499546355
dmd-2.111.0,bv_vienot_index,bv_compiler,float,brettel,0,8191,1.0034881403376634,0.9990078380749946,1.0086155078718932,3.828134538,1.7622543035,2.1722940499546355
dmd-2.111.0,bv_vienot_index,bv_split,float,brettel,0,8191,1.004883396420484,1.0003968647179906,1.0088158684956503,3.828134538,1.7622543035,2.1722940499546355
dmd-2.111.0,bv_vienot_index,bv_vienot_index,float,brettel,0,8191,1.0,1.0,1.0,3.828134538,1.7622543035,2.1722940499546355
dmd-2.111.0,bv_vienot_index,default,float,brettel,1,8191,9.811556791825389,9.78648004848891,9.857328016591328,3.842632157,1.7604993285,2.182694474682954
dmd-2.111.0,bv_vienot_index,bv_compiler,float,brettel,1,8191,1.0,0.9999007149307005,1.0038883349595153,3.842632157,1.7604993285,2.182694474682954
dmd-2.111.0,bv_vienot_index,bv_split,float,brettel,1,8191,1.0002978554681365,0.9994044074608165,1.0061814556336217,3.842632157,1.7604993285,2.182694474682954
dmd-2.111.0,bv_vienot_index,bv_vienot_index,float,brettel,1,8191,1.0,1.0,1.0,3.842632157,1.7604993285,2.182694474682954
dmd-2.111.0,bv_vienot_index,default,float,brettel,2,8191,9.824096146313888,9.827408143403037,9.854154214197868,3.841106092,1.7578210840000001,2.1851519059376576
dmd-2.111.0,bv_vienot_index,bv_compiler,float,brettel,2,8191,1.0001986491603523,1.0,1.003392536381854,3.841106092,1.7578210840000001,2.1851519059376576
dmd-2.111.0,bv_vienot_index,bv_split,float,brettel,2,8191,1.0001986492905233,0.9999006952117221,1.0067742578754046,3.841106092,1.7578210840000001,2.1851519059376576
dmd-2.111.0,bv_vienot_index,bv_vienot_index,float,brettel,2,8191,1.0,1.0,1.0,3.841106092,1.7578210840000001,2.1851519059376576
dmd-2.111.0,bv_vienot_index,default,float,lookup,0,8191,1.0006581164928527,1.0000000000210414,1.0094062505080046,23.7680838725,3.4448441885,6.899610714425205
dmd-2.111.0,bv_vienot_index,bv_compiler,float,lookup,0,8191,1.000176567851347,0.9995826578384184,1.0012041422755225,23.7680838725,3.4448441885,6.899610714425205
dmd-2.111.0,bv_vienot_index,bv_split,float,lookup,0,8191,0.9992295221357247,0.9988604446159012,1.000850927197375,23.7680838725,3.4448441885,6.899610714425205
dmd-2.111.0,bv_vienot_index,bv_vienot_index,float,lookup,0,8191,1.0,1.0,1.0,23.7680838725,3.4448441885,6.899610714425205
dmd-2.111.0,bv_vienot_index,default,float,lookup,1,8191,1.0001124606350422,0.9985381525958037,1.000932221105311,23.7471004765,3.453092571,6.877052957089694
dmd-2.111.0,bv_vienot_index,bv_compiler,float,lookup,1,8191,1.0005623031752113,0.9995984322989582,1.0013333333221612,23.7471004765,3.453092571,6.877052957089694
dmd-2.111.0,bv_vienot_index,bv_split,float,lookup,1,8191,1.000787224445296,1.0006589838902367,1.001734772563652,23.7471004765,3.453092571,6.877052957089694
dmd-2.111.0,bv_vienot_index,bv_vienot_index,float,lookup,1,8191,1.0,1.0,1.0,23.7471004765,3.453092571,6.877052957089694
dmd-2.111.0,bv_vienot_index,default,float,lookup,2,8191,0.9990206781276774,0.9985872077986809,1.0032443544904928,23.7638871935,3.4452600415,6.897559808911742
dmd-2.111.0,bv_vienot_index,bv_compiler,float,lookup,2,8191,0.9993578217075456,0.9993575535612372,0.9999197418895763,23.7638871935,3.4452600415,6.897559808911742
dmd-2.111.0,bv_vienot_index,bv_split,float,lookup,2,8191,0.9995665296710036,0.9989564603089521,1.0007388133919477,23.7638871935,3.4452600415,6.897559808911742
dmd-2.111.0,bv_vienot_index,bv_vienot_index,float,lookup,2,8191,1.0,1.0,1.0,23.7638871935,3.4452600415,6.897559808911742
dmd-2.111.0,bv_vienot_index,default,float,lookupApply,0,8191,1.0000304992625713,0.9991256786200015,1.0008437017221226,37.5270876575,8.4676130815,4.43183779139472
dmd-2.111.0,bv_vienot_index,bv_compiler,float,lookupApply,0,8191,0.9996035094400132,0.9991663447257413,1.0006505651759399,37.5270876575,8.4676130815,4.43183779139472
dmd-2.111.0,bv_vienot_index,bv_split,float,lookupApply,0,8191,1.0018197899507493,1.0004574286430796,1.0044350408894094,37.5270876575,8.4676130815,4.43183779139472
dmd-2.111.0,bv_vienot_index,bv_vienot_index,float,lookupApply,0,8191,1.0,1.0,1.0,37.5270876575,8.4676130815,4.43183779139472
dmd-2.111.0,bv_vienot_index,default,float,lookupApply,1,8191,1.0005794626111373,0.9990647364983545,1.0015938277286058,37.5286137225,8.462153583,4.434877404954327
dmd-2.111.0,bv_vienot_index,bv_compiler,float,lookupApply,1,8191,0.9997458497249453,0.9987716359603189,1.0004067810283364,37.5286137225,8.462153583,4.434877404954327
dmd-2.111.0,bv_vienot_index,bv_split,float,lookupApply,1,8191,1.00159606372468,0.997959494441202,1.0050931197141113,37.5286137225,8.462153583,4.434877404954327
dmd-2.111.0,bv_vienot_index,bv_vienot_index,float,lookupApply,1,8191,1.0,1.0,1.0,37.5286137225,8.462153583,4.434877404954327
dmd-2.111.0,bv_vienot_index,default,float,lookupApply,2,8191,0.9989943827786808,0.9974719015510203,0.9998781169083438,37.559135026,8.4615431575,4.438804403273529
dmd-2.111.0,bv_vienot_index,bv_compiler,float,lookupApply,2,8191,0.9996140055011926,0.9980303168722516,1.0013102432585979,37.559135026,8.4615431575,4.438804403273529
dmd-2.111.0,bv_vienot_index,bv_split,float,lookupApply,2,8191,1.0001828395008363,0.9998273989033715,1.000457224143383,37.559135026,8.4615431575,4.438804403273529
dmd-2.111.0,bv_vienot_index,bv_vienot_index,float,lookupApply,2,8191,1.0,1.0,1.0,37.559135026,8.4615431575,4.438804403273529
dmd-2.111.0,bv_vienot_index,default,float,prepared,0,8191,0.9987106478869068,0.9971045576565495,0.9996235142030376,14.203088756,0.5965655905,23.808092491717385
dmd-2.111.0,bv_vienot_index,bv_compiler,float,prepared,0,8191,1.0001880305084252,0.998042213088393,1.0011563491756272,14.203088756,0.5965655905,23.808092491717385
dmd-2.111.0,bv_vienot_index,bv_split,float,prepared,0,8191,0.9998656924889529,0.9975058331145362,1.005388739948209,14.203088756,0.5965655905,23.808092491717385
dmd-2.111.0,bv_vienot_index,bv_vienot_index,float,prepared,0,8191,1.0,1.0,1.0,14.203088756,0.5965655905,23.808092491717385
dmd-2.111.0,bv_vienot_index,default,float,prepared,1,8191,0.9994890412567605,0.9983611842248568,1.0002690703630477,14.186683554999998,0.5967143815,23.774663381395307
dmd-2.111.0,bv_vienot_index,bv_compiler,float,prepared,1,8191,1.0001075702784294,0.9990328300285697,1.0005112337109487,14.186683554999998,0.5967143815,23.774663381395307
dmd-2.111.0,bv_vienot_index,bv_split,float,prepared,1,8191,0.9997310743567933,0.9996235041136082,1.0053463005482621,14.186683554999998,0.5967143815,23.774663381395307
dmd-2.111.0,bv_vienot_index,bv_vienot_index,float,prepared,1,8191,1.0,1.0,1.0,14.186683554999998,0.5967143815,23.774663381395307
dmd-2.111.0,bv_vienot_index,default,float,prepared,2,8191,0.9997310815886933,0.9993011316121048,0.9999999999999999,14.187065071,0.596260377,23.79340573053037
dmd-2.111.0,bv_vienot_index,bv_compiler,float,prepared,2,8191,0.9996504060934959,0.9991936134148411,0.999973108903167,14.187065071,0.596260377,23.79340573053037
dmd-2.111.0,bv_vienot_index,bv_split,float,prepared,2,8191,1.000376485832219,0.9998655444453495,1.0005917160070543,14.187065071,0.596260377,23.79340573053037
dmd-2.111.0,bv_vienot_index,bv_vienot_index,float,prepared,2,8191,1.0,1.0,1.0,14.187065071,0.596260377,23.79340573053037
dmd-2.111.0,bv_vienot_index,default,float,vienot,0,8191,12.779190004490218,12.69741379636816,12.784575614164341,1.770998657,0.59644732,2.969245728189373
dmd-2.111.0,bv_vienot_index,bv_compiler,float,vienot,0,8191,1.6874192158125392,1.6844032745079605,1.6890086212048798,1.770998657,0.59644732,2.969245728189373
dmd-2.111.0,bv_vienot_index,bv_split,float,vienot,0,8191,1.693235674204128,1.6846186987255294,1.6980603453272276,1.770998657,0.59644732,2.969245728189373
dmd-2.111.0,bv_vienot_index,bv_vienot_index,float,vienot,0,8191,1.0,1.0,1.0,1.770998657,0.59644732,2.969245728189373
dmd-2.111.0,bv_vienot_index,default,float,vienot,1,8191,12.769479123518819,12.757640983413037,12.832544126005143,1.772524722,0.596371017,2.972184548666623
dmd-2.111.0,bv_vienot_index,bv_compiler,float,vienot,1,8191,1.6838140337091445,1.682737839410513,1.6855359450947056,1.772524722,0.596371017,2.972184548666623
dmd-2.111.0,bv_vienot_index,bv_split,float,vienot,1,8191,1.6861816616174676,1.6859664231526583,1.6861816616174676,1.772524722,0.596371017,2.972184548666623
dmd-2.111.0,bv_vienot_index,bv_vienot_index,float,vienot,1,8191,1.0,1.0,1.0,1.772524722,0.596371017,2.972184548666623
dmd-2.111.0,bv_vienot_static,default,double,brettel,0,8191,4.198609300116095,4.19505829129326,4.207483288452582,4.389345013,3.5244704550000003,1.2453913485848753
dmd-2.111.0,bv_vienot_static,bv_compiler,double,brettel,0,8191,0.9993915689033125,0.9986109905997267,1.0024337243867505,4.389345013,3.5244704550000003,1.2453913485848753
dmd-2.111.0,bv_vienot_static,bv_split,double,brettel,0,8191,0.9986093002527893,0.9973087942229729,0.9997389942339564,4.389345013,3.5244704550000003,1.2453913485848753
dmd-2.111.0,bv_vienot_static,bv_vienot_index,double,brettel,0,8191,0.9988700564696303,0.9974824202700115,0.9999130813369944,4.389345013,3.5244704550000003,1.2453913485848753
dmd-2.111.0,bv_vienot_static,default,double,brettel,1,8191,4.222667130736024,4.2183147630297295,4.223992339112678,4.382859236,3.518888872,1.2455236284597282
dmd-2.111.0,bv_vienot_static,bv_compiler,double,brettel,1,8191,1.0003481893708712,0.9995649147214399,1.0006093314560651,4.382859236,3.518888872,1.2455236284597282
dmd-2.111.0,bv_vienot_static,bv_split,double,brettel,1,8191,0.9998259052004835,0.9994778976201115,1.000696439479069,4.382859236,3.518888872,1.2455236284597282
dmd-2.111.0,bv_vienot_static,bv_vienot_index,double,brettel,1,8191,1.0004352367706295,0.9998259053145644,1.0015669887993826,4.382859236,3.518888872,1.2455236284597282
dmd-2.111.0,bv_vienot_static,default,double,brettel,2,8191,4.206263592642061,4.158969498532671,4.234659239292453,4.38552985,3.5758225495,1.2264394525430855
dmd-2.111.0,bv_vienot_static,bv_compiler,double,brettel,2,8191,1.000260983060006,0.9908667930670583,1.0013926364864203,4.38552985,3.5758225495,1.2264394525430855
dmd-2.111.0,bv_vienot_static,bv_split,double,brettel,2,8191,0.9999130057226723,0.9909529553295008,1.0000870398231778,4.38552985,3.5758225495,1.2264394525430855
dmd-2.111.0,bv_vienot_static,bv_vienot_index,double,brettel,2,8191,0.9997390169399941,0.9931931759597452,1.0001740795322849,4.38552985,3.5758225495,1.2264394525430855
dmd-2.111.0,bv_vienot_static,default,double,lookup,0,8191,0.999064557968491,0.9978322889257927,1.0020108913020893,30.588450739,4.9264436575,6.209032897886136
dmd-2.111.0,bv_vienot_static,bv_compiler,double,lookup,0,8191,0.9979669726482514,0.9961475644779203,0.9980765387673337,30.588450739,4.9264436575,6.209032897886136
dmd-2.111.0,bv_vienot_static,bv_split,double,lookup,0,8191,0.9996258231710503,0.9980814511189808,1.0011740607498556,30.588450739,4.9264436575,6.209032897886136
dmd-2.111.0,bv_vienot_static,bv_vienot_index,double,lookup,0,8191,0.9991768110057337,0.9971720091105784,1.2544103529471666,30.588450739,4.9264436575,6.209032897886136
dmd-2.111.0,bv_vienot_static,default,double,lookup,1,8191,1.0020591024733143,1.0015070932993835,1.0029389694972666,30.5716640215,4.946240538,6.180787971516965
dmd-2.111.0,bv_vienot_static,bv_compiler,double,lookup,1,8191,1.001135626211762,0.997831694656405,1.0030390195095933,30.5716640215,4.946240538,6.180787971516965
dmd-2.111.0,bv_vienot_static,bv_split,double,lookup,1,8191,0.9969175859732815,0.9967475419764417,0.9993398682166824,30.5716640215,4.946240538,6.180787971516965
dmd-2.111.0,bv_vienot_static,bv_vienot_index,double,lookup,1,8191,1.0012479408864747,0.999813077123581,1.2633303025285154,30.5716640215,4.946240538,6.180787971516965
dmd-2.111.0,bv_vienot_static,default,double,lookup,2,8191,1.000610667992082,0.9964582787974727,1.0019449916449883,30.6128677815,4.9436385975,6.192375752746356
dmd-2.111.0,bv_vienot_static,bv_compiler,double,lookup,2,8191,1.002293120641328,1.0005986007765226,1.0031401869096754,30.6128677815,4.9436385975,6.192375752746356
dmd-2.111.0,bv_vienot_static,bv_split,double,lookup,2,8191,1.0018693918161625,0.9993141032969903,1.0044884422639502,30.6128677815,4.9436385975,6.192375752746356
dmd-2.111.0,bv_vienot_static,bv_vienot_index,double,lookup,2,8191,1.004349451657073,0.9985545171375939,1.268770416175752,30.6128677815,4.9436385975,6.192375752746356
dmd-2.111.0,bv_vienot_static,default,double,lookupApply,0,8191,1.0077908506454143,1.0018670823993832,1.0130648560121676,40.889772311,8.33743209,4.90436046370244
dmd-2.111.0,bv_vienot_static,bv_compiler,double,lookupApply,0,8191,1.0067925021295676,0.9987742025323847,1.0883259190014039,40.889772311,8.33743209,4.90436046370244
dmd-2.111.0,bv_vienot_static,bv_split,double,lookupApply,0,8191,1.0048424568739096,0.9985791893058152,1.011566377897614,40.889772311,8.33743209,4.90436046370244
dmd-2.111.0,bv_vienot_static,bv_vienot_index,double,lookupApply,0,8191,1.009414333297631,1.0083365229213812,1.1660769837920058,40.889772311,8.33743209,4.90436046370244
dmd-2.111.0,bv_vienot_static,default,double,lookupApply,1,8191,1.0085408788724435,1.0013335679433282,1.014448270694361,40.9618788915,8.3320107435,4.916205721824752
dmd-2.111.0,bv_vienot_static,bv_compiler,double,lookupApply,1,8191,1.001071102576037,0.9904612848514907,1.1037861206687951,40.9618788915,8.3320107435,4.916205721824752
dmd-2.111.0,bv_vienot_static,bv_split,double,lookupApply,1,8191,1.0029338896860256,0.9931376816315308,1.0115380296475696,40.9618788915,8.3320107435,4.916205721824752
dmd-2.111.0,bv_vienot_static,bv_vienot_index,double,lookupApply,1,8191,1.0048991300797396,1.0069060257177267,1.083977736819733,40.9618788915,8.3320107435,4.916205721824752
dmd-2.111.0,bv_vienot_static,default,double,lookupApply,2,8191,1.0113707499805904,1.0056896745091104,1.0135772875352498,40.833307899000005,8.3341853865,4.899495992150979
dmd-2.111.0,bv_vienot_static,bv_compiler,double,lookupApply,2,8191,1.004886526080462,0.9958913914396982,1.0884864601629907,40.833307899000005,8.3341853865,4.899495992150979
dmd-2.111.0,bv_vienot_static,bv_split,double,lookupApply,2,8191,1.00788571322207,0.9997397261511883,1.012052019883479,40.833307899000005,8.3341853865,4.899495992150979
dmd-2.111.0,bv_vienot_static,bv_vienot_index,double,lookupApply,2,8191,1.0092872025317665,1.0083523727442996,1.088651130794158,40.833307899000005,8.3341853865,4.899495992150979
dmd-2.111.0,bv_vienot_static,default,double,prepared,0,8191,0.9987597528768214,0.9977934885538543,1.000135513579347,16.918721767500003,0.9283359785,18.224783008881307
dmd-2.111.0,bv_vienot_static,bv_compiler,double,prepared,0,8191,1.0005186488447875,0.9973431800906396,1.0049236606712026,16.918721767500003,0.9283359785,18.224783008881307
dmd-2.111.0,bv_vienot_static,bv_split,double,prepared,0,8191,0.9986921030262164,0.9972981492207117,1.0001806848020625,16.918721767500003,0.9283359785,18.224783008881307
dmd-2.111.0,bv_vienot_static,bv_vienot_index,double,prepared,0,8191,0.9992784016625029,0.9979042725944497,1.0012873791665953,16.918721767500003,0.9283359785,18.224783008881307
dmd-2.111.0,bv_vienot_static,default,double,prepared,1,8191,0.9991652377672294,0.9977240975633194,1.001174557310951,16.9103284095,0.928488585,18.212747773845816
dmd-2.111.0,bv_vienot_static,bv_compiler,double,prepared,1,8191,0.9999323165421579,0.9983550408025661,1.001423021334727,16.9103284095,0.928488585,18.212747773845816
dmd-2.111.0,bv_vienot_static,bv_split,double,prepared,1,8191,0.9994134102981448,0.9983325071323254,1.0005195157291353,16.9103284095,0.928488585,18.212747773845816
dmd-2.111.0,bv_vienot_static,bv_vienot_index,double,prepared,1,8191,0.9992554823481177,0.9984902429126054,0.9998192988729611,16.9103284095,0.928488585,18.212747773845816
dmd-2.111.0,bv_vienot_static,default,double,prepared,2,8191,0.9996618956370154,0.9988968187927086,1.0009029956920479,16.9259705775,0.92802695,18.238662764588895
dmd-2.111.0,bv_vienot_static,bv_compiler,double,prepared,2,8191,1.0007438296044742,1.0001801112253452,1.0022800641342555,16.9259705775,0.92802695,18.238662764588895
dmd-2.111.0,bv_vienot_static,bv_split,double,prepared,2,8191,1.0004733461199944,0.9987392214815964,1.0027767117589648,16.9259705775,0.92802695,18.238662764588895
dmd-2.111.0,bv_vienot_static,bv_vienot_index,double,prepared,2,8191,0.9999774597268586,0.9994367085731667,1.0018236261086715,16.9259705775,0.92802695,18.238662764588895
dmd-2.111.0,bv_vienot_static,default,double,vienot,0,8191,7.257686884224765,7.19702914854219,7.26664785517539,2.704950555,0.928335979,2.9137624913705946
dmd-2.111.0,bv_vienot_static,bv_compiler,double,vienot,0,8191,1.3207334276023395,1.3033850496760744,1.3356221974785047,2.704950555,0.928335979,2.9137624913705946
dmd-2.111.0,bv_vienot_static,bv_split,double,vienot,0,8191,1.3211565588118486,1.2949831838494505,1.3488995483764756,2.704950555,0.928335979,2.9137624913705946
dmd-2.111.0,bv_vienot_static,bv_vienot_index,double,vienot,0,8191,0.6582510579384694,0.6561098655230454,0.6582510579384695,2.704950555,0.928335979,2.9137624913705946
dmd-2.111.0,bv_vienot_static,default,double,vienot,1,8191,7.200479683782639,7.17940761767455,7.262133182692006,2.704187523,0.928675528,2.911875505994813
dmd-2.111.0,bv_vienot_static,bv_compiler,double,vienot,1,8191,1.319413092344188,1.310481027066139,1.3206828441534821,2.704187523,0.928675528,2.911875505994813
dmd-2.111.0,bv_vienot_static,bv_split,double,vienot,1,8191,1.3051636569140401,1.304513399506484,1.3123148541670486,2.704187523,0.928675528,2.911875505994813
dmd-2.111.0,bv_vienot_static,bv_vienot_index,double,vienot,1,8191,0.6585778781436971,0.6578279269138064,0.6588600449658979,2.704187523,0.928675528,2.911875505994813
dmd-2.111.0,bv_vienot_static,default,float,brettel,0,8191,9.840278467575022,9.841044480308295,9.853726584300645,3.8361463805,1.7623306065,2.1767461600854854
dmd-2.111.0,bv_vienot_static,bv_compiler,float,brettel,0,8191,1.0013923420720208,0.999602859462564,1.0041857683790736,3.8361463805,1.7623306065,2.1767461600854854
dmd-2.111.0,bv_vienot_static,bv_split,float,brettel,0,8191,1.0027846841440415,0.999801429731282,1.0083715367581472,3.8361463805,1.7623306065,2.1767461600854854
dmd-2.111.0,bv_vienot_static,bv_vienot_index,float,brettel,0,8191,0.9979114867616299,0.991064336866736,1.004284575572456,3.8361463805,1.7623306065,2.1767461600854854
dmd-2.111.0,bv_vienot_static,default,float,brettel,1,8191,9.812531029648671,9.78997920671655,9.844966643578726,3.842250641,1.76041921,2.182577092532409
dmd-2.111.0,bv_vienot_static,bv_compiler,float,brettel,1,8191,1.0000992949278031,0.997029408839486,1.0027880115883658,3.842250641,1.76041921,2.182577092532409
dmd-2.111.0,bv_vienot_static,bv_split,float,brettel,1,8191,1.000397179971477,0.999306862088501,1.004480732867929,3.842250641,1.76041921,2.182577092532409
dmd-2.111.0,bv_vienot_static,bv_vienot_index,float,brettel,1,8191,1.0000992949278031,0.9931676403827263,1.0028875833515785,3.842250641,1.76041921,2.182577092532409
dmd-2.111.0,bv_vienot_static,default,float,brettel,2,8191,9.85345686415126,9.83660456269063,9.85677290761162,3.8296606029999998,1.7567909904999999,2.179918171091053
dmd-2.111.0,bv_vienot_static,bv_compiler,float,brettel,2,8191,1.003187886020614,1.001892995870844,1.0033874664674431,3.8296606029999998,1.7567909904999999,2.179918171091053
dmd-2.111.0,bv_vienot_static,bv_split,float,brettel,2,8191,1.003187886151174,1.0028884461749912,1.0068745642209278,3.8296606029999998,1.7567909904999999,2.179918171091053
dmd-2.111.0,bv_vienot_static,bv_vienot_index,float,brettel,2,8191,1.0029886431688058,0.9985055295344161,1.0029880476907125,3.8296606029999998,1.7567909904999999,2.179918171091053
dmd-2.111.0,bv_vienot_static,default,float,lookup,0,8191,1.0011402142240298,1.0007873256795967,1.0091956605693992,23.7566383835,3.4816757725,6.8233344905754
dmd-2.111.0,bv_vienot_static,bv_compiler,float,lookup,0,8191,1.0006584335817001,0.9993741173717439,1.0019924159861713,23.7566383835,3.4816757725,6.8233344905754
dmd-2.111.0,bv_vienot_static,bv_split,float,lookup,0,8191,0.9997109315977647,0.9990050070822265,1.0016389228127298,23.7566383835,3.4816757725,6.8233344905754
dmd-2.111.0,bv_vienot_static,bv_vienot_index,float,lookup,0,8191,1.0004817806633766,0.9997913724642588,1.000787325658539,23.7566383835,3.4816757725,6.8233344905754
dmd-2.111.0,bv_vienot_static,default,float,lookup,1,8191,0.9996948771550257,0.9978168392359824,1.0018015119867267,23.7570199,3.4542409354999997,6.877638341855034
dmd-2.111.0,bv_vienot_static,bv_compiler,float,lookup,1,8191,1.0001445318695044,0.9989725972460977,1.0009811806463562,23.7570199,3.4542409354999997,6.877638341855034
dmd-2.111.0,bv_vienot_static,bv_split,float,lookup,1,8191,1.0003693592267437,0.999438139135396,1.0031204761187367,23.7570199,3.4542409354999997,6.877638341855034
dmd-2.111.0,bv_vienot_static,bv_vienot_index,float,lookup,1,8191,0.9995824634764061,0.9987799592323706,1.00138330383754,23.7570199,3.4542409354999997,6.877638341855034
dmd-2.111.0,bv_vienot_static,default,float,lookup,2,8191,0.9998714549643103,0.9989881631270501,1.0037925049641014,23.7436668295,3.4430052805,6.896204012226173
dmd-2.111.0,bv_vienot_static,bv_compiler,float,lookup,2,8191,1.000208885659305,0.9999035803729875,1.0012215114522602,23.7436668295,3.4430052805,6.896204012226173
dmd-2.111.0,bv_vienot_static,bv_split,float,lookup,2,8191,1.0004177713607265,0.9993575639005479,1.0012855948934474,23.7436668295,3.4430052805,6.896204012226173
dmd-2.111.0,bv_vienot_static,bv_vienot_index,float,lookup,2,8191,1.000851610837753,1.0004015225963618,1.001301874048635,23.7436668295,3.4430052805,6.896204012226173
dmd-2.111.0,bv_vienot_static,default,float,lookupApply,0,8191,0.9995833629783603,0.9977765368892056,1.000447086328038,37.543874374,8.479916981999999,4.427387019671651
dmd-2.111.0,bv_vienot_static,bv_compiler,float,lookupApply,0,8191,0.999156564072622,0.9978171480825943,1.000254026318209,37.543874374,8.479916981999999,4.427387019671651
dmd-2.111.0,bv_vienot_static,bv_split,float,lookupApply,0,8191,1.001371853634149,1.0000609663216968,1.0039958922697811,37.543874374,8.479916981999999,4.427387019671651
dmd-2.111.0,bv_vienot_static,bv_vienot_index,float,lookupApply,0,8191,0.9995528773527,0.9986496776535069,0.9996037189489206,37.543874374,8.479916981999999,4.427387019671651
dmd-2.111.0,bv_vienot_static,default,float,lookupApply,1,8191,1.0002845644037435,0.9974119820048107,1.0012888821259291,37.539677695,8.454660603,4.440116458569567
dmd-2.111.0,bv_vienot_static,bv_compiler,float,lookupApply,1,8191,0.9994511972061298,0.9977367529011222,1.0011601990653418,37.539677695,8.454660603,4.440116458569567
dmd-2.111.0,bv_vienot_static,bv_split,float,lookupApply,1,8191,1.0013008658970588,0.997655655348893,1.0034303924559562,37.539677695,8.454660603,4.440116458569567
dmd-2.111.0,bv_vienot_static,bv_vienot_index,float,lookupApply,1,8191,0.9997052725761287,0.9983456982984541,1.0007531116854598,37.539677695,8.454660603,4.440116458569567
dmd-2.111.0,bv_vienot_static,default,float,lookupApply,2,8191,0.9994106050525534,0.9979075672921159,1.000844233774476,37.543492858,8.456037877,4.439844452461172
dmd-2.111.0,bv_vienot_static,bv_compiler,float,lookupApply,2,8191,1.0000304859354543,0.9984662265123728,1.0006102894699038,37.543492858,8.456037877,4.439844452461172
dmd-2.111.0,bv_vienot_static,bv_split,float,lookupApply,2,8191,1.0005995569348098,0.9994519380110839,1.0015358951781437,37.543492858,8.456037877,4.439844452461172
dmd-2.111.0,bv_vienot_static,bv_vienot_index,float,lookupApply,2,8191,1.0004166412554942,0.9992489520872927,1.001078178065718,37.543492858,8.456037877,4.439844452461172
dmd-2.111.0,bv_vienot_static,default,float,prepared,0,8191,0.9953152188263178,0.9935583887888726,0.9964100091077751,14.251541326,0.5964854715,23.892520450097837
dmd-2.111.0,bv_vienot_static,bv_compiler,float,prepared,0,8191,0.9967875786237607,0.995081923423669,0.9993841210239717,14.251541326,0.5964854715,23.892520450097837
dmd-2.111.0,bv_vienot_static,bv_split,float,prepared,0,8191,0.9964663364931536,0.99417314837405,1.004177266029618,14.251541326,0.5964854715,23.892520450097837
dmd-2.111.0,bv_vienot_static,bv_vienot_index,float,prepared,0,8191,0.9966001873838302,0.9939325902922556,0.9989551518793475,14.251541326,0.5964854715,23.892520450097837
dmd-2.111.0,bv_vienot_static,default,float,prepared,1,8191,0.9993277943207549,0.9990590386023035,0.9996773065913049,14.188972653,0.5966380785000001,23.781540542421144
dmd-2.111.0,bv_vienot_static,bv_compiler,float,prepared,1,8191,0.9999462235555272,0.9997311538863725,1.0001075355755413,14.188972653,0.5966380785000001,23.781540542421144
dmd-2.111.0,bv_vienot_static,bv_split,float,prepared,1,8191,0.9995697883737403,0.9993010189175284,1.006049037521387,14.188972653,0.5966380785000001,23.781540542421144
dmd-2.111.0,bv_vienot_static,bv_vienot_index,float,prepared,1,8191,0.9998386706313428,0.9994083954115187,1.0006989999095253,14.188972653,0.5966380785000001,23.781540542421144
dmd-2.111.0,bv_vienot_static,default,float,prepared,2,8191,0.9990325700852632,0.9983347210657493,1.0000537995896817,14.1969844955,0.596523623,23.799534415923713
dmd-2.111.0,bv_vienot_static,bv_compiler,float,prepared,2,8191,0.9989519509579856,0.9984418654846483,0.9999462004103182,14.1969844955,0.596523623,23.799534415923713
dmd-2.111.0,bv_vienot_static,bv_split,float,prepared,2,8191,0.9996775233852335,0.9986838924637054,1.0012642905161635,14.1969844955,0.596523623,23.799534415923713
dmd-2.111.0,bv_vienot_static,bv_vienot_index,float,prepared,2,8191,0.9993013006034384,0.9988179669121041,1.000753194361306,14.1969844955,0.596523623,23.799534415923713
dmd-2.111.0,bv_vienot_static,default,float,vienot,0,8191,3.4412924932088824,3.4201787993797357,3.4385537977827147,6.5765779515,0.59621841,11.030484535859937
dmd-2.111.0,bv_vienot_static,bv_compiler,float,vienot,0,8191,0.4544030629665684,0.45303899412507587,0.4541871921360361,6.5765779515,0.59621841,11.030484535859937
dmd-2.111.0,bv_vienot_static,bv_split,float,vienot,0,8191,0.45596936995417897,0.45309693486427693,0.4573899918751001,6.5765779515,0.59621841,11.030484535859937
dmd-2.111.0,bv_vienot_static,bv_vienot_index,float,vienot,0,8191,0.26928878058779293,0.26890756295372537,0.26936026928239587,6.5765779515,0.59621841,11.030484535859937
dmd-2.111.0,bv_vienot_static,default,float,vienot,1,8191,3.4546672101226936,3.450459890583299,3.4735492891668054,6.551779392,0.596371017,10.986079479445932
dmd-2.111.0,bv_vienot_static,bv_compiler,float,vienot,1,8191,0.45554067428526746,0.4554882312146846,0.4558737920472333,6.551779392,0.596371017,10.986079479445932
dmd-2.111.0,bv_vienot_static,bv_split,float,vienot,1,8191,0.4561812146253657,0.45599022009805185,0.45642041473663664,6.551779392,0.596371017,10.986079479445932
dmd-2.111.0,bv_vienot_static,bv_vienot_index,float,vienot,1,8191,0.2705409654306016,0.27046221907870316,0.2706828244702981,6.551779392,0.596371017,10.986079479445932
dmd-2.111.0,bv_vienot_index,default,double,brettel,0,65536,2.251728914646717,2.241007251050164,2.2628402297624444,9.053182602,3.5763072965,2.5314330820676445
dmd-2.111.0,bv_vienot_index,bv_compiler,double,brettel,0,65536,1.0046771551907774,1.0009865938898688,1.0135864566532935,9.053182602,3.5763072965,2.5314330820676445
dmd-2.111.0,bv_vienot_index,bv_split,double,brettel,0,65536,1.0021068266087758,0.9970877013011002,1.0021221360405506,9.053182602,3.5763072965,2.5314330820676445
dmd-2.111.0,bv_vienot_index,bv_vienot_index,double,brettel,0,65536,1.0,1.0,1.0,9.053182602,3.5763072965,2.5314330820676445
dmd-2.111.0,bv_vienot_index,default,double,brettel,1,65536,2.2696327920429287,2.2663950391346717,2.278607932963411,9.0690612795,3.576713562,2.535585006261678
dmd-2.111.0,bv_vienot_index,bv_compiler,double,brettel,1,65536,1.0069350971464015,1.0050664276785062,1.0104071254661247,9.0690612795,3.576713562,2.535585006261678
dmd-2.111.0,bv_vienot_index,bv_split,double,brettel,1,65536,1.0020505594158944,0.9985418443059934,1.0093367777624256,9.0690612795,3.576713562,2.535585006261678
dmd-2.111.0,bv_vienot_index,bv_vienot_index,double,brettel,1,65536,1.0,1.0,1.0,9.0690612795,3.576713562,2.535585006261678
dmd-2.111.0,bv_vienot_index,default,double,brettel,2,65536,2.2633178732826202,2.2487404219775744,2.346623693033688,9.0987682345,3.5803861615,2.54128125405559
dmd-2.111.0,bv_vienot_index,bv_compiler,double,brettel,2,65536,1.0014883525605864,1.000099453463098,1.0029337671721603,9.0987682345,3.5803861615,2.54128125405559
dmd-2.111.0,bv_vienot_index,bv_split,double,brettel,2,65536,1.0006079186607948,0.9990473398556249,1.0050750498364236,9.0987682345,3.5803861615,2.54128125405559
dmd-2.111.0,bv_vienot_index,bv_vienot_index,double,brettel,2,65536,1.0,1.0,1.0,9.0987682345,3.5803861615,2.54128125405559
dmd-2.111.0,bv_vienot_index,default,double,lookup,0,65536,1.0005636295770612,1.0002934787071374,1.0015927006072076,30.710220337,4.939617633999999,6.217125010976103
dmd-2.111.0,bv_vienot_index,bv_compiler,double,lookup,0,65536,1.000172349544937,0.9989247328649343,1.0010978277888936,30.710220337,4.939617633999999,6.217125010976103
dmd-2.111.0,bv_vienot_index,bv_split,double,lookup,0,65536,1.0011738401289347,1.0000248616696523,1.0011987451225823,30.710220337,4.939617633999999,6.217125010976103
dmd-2.111.0,bv_vienot_index,bv_vienot_index,double,lookup,0,65536,1.0,1.0,1.0,30.710220337,4.939617633999999,6.217125010976103
dmd-2.111.0,bv_vienot_index,default,double,lookup,1,65536,0.9994710718194241,0.9960614695383322,1.0015156903411193,30.741691589,4.937932968,6.225619462276994
dmd-2.111.0,bv_vienot_index,bv_compiler,double,lookup,1,65536,1.000196990867678,0.99475429819096,1.0021399808396925,30.741691589,4.937932968,6.225619462276994
dmd-2.111.0,bv_vienot_index,bv_split,double,lookup,1,65536,0.9998495424369668,0.9959578239985866,1.0014648740504362,30.741691589,4.937932968,6.225619462276994
dmd-2.111.0,bv_vienot_index,bv_vienot_index,double,lookup,1,65536,1.0,1.0,1.0,30.741691589,4.937932968,6.225619462276994
dmd-2.111.0,bv_vienot_index,default,double,lookup,2,65536,1.0001581248251534,0.9933684894569862,1.0042400836466414,30.758857727,4.945096016,6.220072902018249
dmd-2.111.0,bv_vienot_index,bv_compiler,double,lookup,2,65536,0.998077698202424,0.9939580256381517,1.0015357660776099,30.758857727,4.945096016,6.220072902018249
dmd-2.111.0,bv_vienot_index,bv_split,double,lookup,2,65536,0.9989365330373994,0.9935135585638677,1.0027012055951166,30.758857727,4.945096016,6.220072902018249
dmd-2.111.0,bv_vienot_index,bv_vienot_index,double,lookup,2,65536,1.0,1.0,1.0,30.758857727,4.945096016,6.220072902018249
dmd-2.111.0,bv_vienot_index,default,double,lookupApply,0,65536,0.9977175927486612,0.9937795798653839,1.002685941107282,41.34497642549999,8.367362499,4.941219701003896
dmd-2.111.0,bv_vienot_index,bv_compiler,double,lookupApply,0,65536,0.9875476750862903,0.9865852997017001,0.9932294982167424,41.34497642549999,8.367362499,4.941219701003896
dmd-2.111.0,bv_vienot_index,bv_split,double,lookupApply,0,65536,0.9962505781015663,0.9943665642683159,1.1430313789638618,41.34497642549999,8.367362499,4.941219701003896
dmd-2.111.0,bv_vienot_index,bv_vienot_index,double,lookupApply,0,65536,1.0,1.0,1.0,41.34497642549999,8.367362499,4.941219701003896
dmd-2.111.0,bv_vienot_index,default,double,lookupApply,1,65536,0.9988097560752952,0.9933435137092936,1.0067709892070575,41.304063797,8.3699650765,4.9347952374338675
dmd-2.111.0,bv_vienot_index,bv_compiler,double,lookupApply,1,65536,0.9877546873720273,0.9858310350422881,0.9899523646213156,41.304063797,8.3699650765,4.9347952374338675
dmd-2.111.0,bv_vienot_index,bv_split,double,lookupApply,1,65536,0.9985026708315202,0.9946755035090785,1.1498528820231304,41.304063797,8.3699650765,4.9347952374338675
dmd-2.111.0,bv_vienot_index,bv_vienot_index,double,lookupApply,1,65536,1.0,1.0,1.0,41.304063797,8.3699650765,4.9347952374338675
dmd-2.111.0,bv_vienot_index,default,double,lookupApply,2,65536,0.9988061907246758,0.9941340001607971,1.006293115004605,41.300535202,8.3688144685,4.935052074275769
dmd-2.111.0,bv_vienot_index,bv_compiler,double,lookupApply,2,65536,0.987993788504804,0.9857763939444677,0.9928063284859917,41.300535202,8.3688144685,4.935052074275769
dmd-2.111.0,bv_vienot_index,bv_split,double,lookupApply,2,65536,0.9979241111384957,0.9959581055987955,1.282608545240064,41.300535202,8.3688144685,4.935052074275769
dmd-2.111.0,bv_vienot_index,bv_vienot_index,double,lookupApply,2,65536,1.0,1.0,1.0,41.300535202,8.3688144685,4.935052074275769
dmd-2.111.0,bv_vienot_index,default,double,prepared,0,65536,1.0002588574343643,0.9995949196214612,1.0007571045362536,16.947174072,0.938961029,18.04885777852661
dmd-2.111.0,bv_vienot_index,bv_compiler,double,prepared,0,65536,1.0009285103482826,0.9998734212946043,1.0174077753882975,16.947174072,0.938961029,18.04885777852661
dmd-2.111.0,bv_vienot_index,bv_split,double,prepared,0,65536,1.000295435125569,0.9998790469899372,1.0008218384132863,16.947174072,0.938961029,18.04885777852661
dmd-2.111.0,bv_vienot_index,bv_vienot_index,double,prepared,0,65536,1.0,1.0,1.0,16.947174072,0.938961029,18.04885777852661
dmd-2.111.0,bv_vienot_index,default,double,prepared,1,65536,0.9997721089477132,0.999299729719683,0.999817080722544,16.948366165499998,0.9396252629999999,18.037367483487934
dmd-2.111.0,bv_vienot_index,bv_compiler,double,prepared,1,65536,0.9999690518251214,0.9992012667407475,1.009019327520304,16.948366165499998,0.9396252629999999,18.037367483487934
dmd-2.111.0,bv_vienot_index,bv_split,double,prepared,1,65536,1.0000703367208594,0.999460032563108,1.0003939799731332,16.948366165499998,0.9396252629999999,18.037367483487934
dmd-2.111.0,bv_vienot_index,bv_vienot_index,double,prepared,1,65536,1.0,1.0,1.0,16.948366165499998,0.9396252629999999,18.037367483487934
dmd-2.111.0,bv_vienot_index,default,double,prepared,2,65536,1.00005065072787,0.999577961716453,1.0006359855375537,16.9456005095,0.9380016330000001,18.065640733804564
dmd-2.111.0,bv_vienot_index,bv_compiler,double,prepared,2,65536,1.0003292297016484,0.9998649466034114,1.012323517643553,16.9456005095,0.9380016330000001,18.065640733804564
dmd-2.111.0,bv_vienot_index,bv_split,double,prepared,2,65536,1.0001603939617527,0.9999381005154999,1.000838600392547,16.9456005095,0.9380016330000001,18.065640733804564
dmd-2.111.0,bv_vienot_index,bv_vienot_index,double,prepared,2,65536,1.0,1.0,1.0,16.9456005095,0.9380016330000001,18.065640733804564
dmd-2.111.0,bv_vienot_index,default,double,vienot,0,65536,10.887799219673747,10.761712885742853,10.913753961568156,1.8087387085,0.939568043,1.9250747425644403
dmd-2.111.0,bv_vienot_index,bv_compiler,double,vienot,0,65536,1.96839080446981,1.9634011673332834,1.970670538968147,1.8087387085,0.939568043,1.9250747425644403
dmd-2.111.0,bv_vienot_index,bv_split,double,vienot,0,65536,1.9686544340354069,1.9625335226616691,1.9717265048270443,1.8087387085,0.939568043,1.9250747425644403
dmd-2.111.0,bv_vienot_index,bv_vienot_index,double,vienot,0,65536,1.0,1.0,1.0,1.8087387085,0.939568043,1.9250747425644403
dmd-2.111.0,bv_vienot_index,default,double,vienot,1,65536,10.900915639434453,10.762659981575135,10.911610231134675,1.8070697784999998,0.9411540030000001,1.92005747490828
dmd-2.111.0,bv_vienot_index,bv_compiler,double,vienot,1,65536,1.9707892444840642,1.9694380719566569,1.9720763286823473,1.8070697784999998,0.9411540030000001,1.92005747490828
dmd-2.111.0,bv_vienot_index,bv_split,double,vienot,1,65536,1.9703670474504593,1.970101596530024,1.97088837922996,1.8070697784999998,0.9411540030000001,1.92005747490828
dmd-2.111.0,bv_vienot_index,bv_vienot_index,double,vienot,1,65536,1.0,1.0,1.0,1.8070697784999998,0.9411540030000001,1.92005747490828
dmd-2.111.0,bv_vienot_index,default,float,brettel,0,65536,4.576874645186094,4.529950220135084,4.6013908336161355,9.2396736145,1.84126091,5.018122941902894
dmd-2.111.0,bv_vienot_index,bv_compiler,float,brettel,0,65536,0.9354389224242873,0.9321271176608643,0.9388041172470873,9.2396736145,1.84126091,5.018122941902894
dmd-2.111.0,bv_vienot_index,bv_split,float,brettel,0,65536,0.9295401765081471,0.9265437939443694,0.9368954636646432,9.2396736145,1.84126091,5.018122941902894
dmd-2.111.0,bv_vienot_index,bv_vienot_index,float,brettel,0,65536,1.0,1.0,1.0,9.2396736145,1.84126091,5.018122941902894
dmd-2.111.0,bv_vienot_index,default,float,brettel,1,65536,4.617951822246964,4.581177097422107,4.659245599177252,9.2956542965,1.843925953,5.041229709564156
dmd-2.111.0,bv_vienot_index,bv_compiler,float,brettel,1,65536,0.9492726116463317,0.938171228413825,0.9661993826107148,9.2956542965,1.843925953,5.041229709564156
dmd-2.111.0,bv_vienot_index,bv_split,float,brettel,1,65536,0.9395621306924534,0.9359506990370666,0.9433659867583988,9.2956542965,1.843925953,5.041229709564156
dmd-2.111.0,bv_vienot_index,bv_vienot_index,float,brettel,1,65536,1.0,1.0,1.0,9.2956542965,1.843925953,5.041229709564156
dmd-2.111.0,bv_vienot_index,default,float,brettel,2,65536,4.563759291269161,4.539887283550297,4.619537022540526,9.22498703,1.8259506225000002,5.052155801107923
dmd-2.111.0,bv_vienot_index,bv_compiler,float,brettel,2,65536,0.9392593894519549,0.9380752445409103,0.9392962331394323,9.22498703,1.8259506225000002,5.052155801107923
dmd-2.111.0,bv_vienot_index,bv_split,float,brettel,2,65536,0.9494474367298922,0.9381697927454118,0.9668927540328174,9.22498703,1.8259506225000002,5.052155801107923
dmd-2.111.0,bv_vienot_index,bv_vienot_index,float,brettel,2,65536,1.0,1.0,1.0,9.22498703,1.8259506225000002,5.052155801107923
dmd-2.111.0,bv_vienot_index,default,float,lookup,0,65536,1.0011930065956502,0.9991214138642308,1.0026427303116092,23.9816188815,3.4737138749999996,6.903740418603131
dmd-2.111.0,bv_vienot_index,bv_compiler,float,lookup,0,65536,1.0002366129671243,0.9992622626493155,1.0012324059227373,23.9816188815,3.4737138749999996,6.903740418603131
dmd-2.111.0,bv_vienot_index,bv_split,float,lookup,0,65536,1.0000835104381358,0.9994813329264838,1.0001928855102673,23.9816188815,3.4737138749999996,6.903740418603131
dmd-2.111.0,bv_vienot_index,bv_vienot_index,float,lookup,0,65536,1.0,1.0,1.0,23.9816188815,3.4737138749999996,6.903740418603131
dmd-2.111.0,bv_vienot_index,default,float,lookup,1,65536,1.000218624860522,0.9992487359509548,1.0014291081030269,23.9918231965,3.4750561715,6.904010183566036
dmd-2.111.0,bv_vienot_index,bv_compiler,float,lookup,1,65536,0.9995965377903663,0.9993481095088111,1.0004094523889575,23.9918231965,3.4750561715,6.904010183566036
dmd-2.111.0,bv_vienot_index,bv_split,float,lookup,1,65536,0.9990440131493071,0.9989247782090281,0.9993003559823431,23.9918231965,3.4750561715,6.904010183566036
dmd-2.111.0,bv_vienot_index,bv_vienot_index,float,lookup,1,65536,1.0,1.0,1.0,23.9918231965,3.4750561715,6.904010183566036
dmd-2.111.0,bv_vienot_index,default,float,lookup,2,65536,1.0007870072276304,0.9991936508788344,1.0017529389613031,23.9931106565,3.4745688435,6.905349048237961
dmd-2.111.0,bv_vienot_index,bv_compiler,float,lookup,2,65536,0.999403782393838,0.9979821411453598,1.0002663470327005,23.9931106565,3.4745688435,6.905349048237961
dmd-2.111.0,bv_vienot_index,bv_split,float,lookup,2,65536,0.9994176941581264,0.9976584098616931,1.0001888281324856,23.9931106565,3.4745688435,6.905349048237961
dmd-2.111.0,bv_vienot_index,bv_vienot_index,float,lookup,2,65536,1.0,1.0,1.0,23.9931106565,3.4745688435,6.905349048237961
dmd-2.111.0,bv_vienot_index,default,float,lookupApply,0,65536,0.9995016124759906,0.9992973029764025,1.0007310506469953,37.600660324,8.5057249065,4.420629721432198
dmd-2.111.0,bv_vienot_index,bv_compiler,float,lookupApply,0,65536,0.9992061308034809,0.9978131829845357,1.000396982424859,37.600660324,8.5057249065,4.420629721432198
dmd-2.111.0,bv_vienot_index,bv_split,float,lookupApply,0,65536,1.0002688502785029,0.9983415159484105,1.0013494865960761,37.600660324,8.5057249065,4.420629721432198
dmd-2.111.0,bv_vienot_index,bv_vienot_index,float,lookupApply,0,65536,1.0,1.0,1.0,37.600660324,8.5057249065,4.420629721432198
dmd-2.111.0,bv_vienot_index,default,float,lookupApply,1,65536,0.9992682966912475,0.9987684557130023,1.0016790268813296,37.6019954685,8.5058307645,4.420731673317082
dmd-2.111.0,bv_vienot_index,bv_compiler,float,lookupApply,1,65536,0.9987724630854056,0.998512989465195,0.9989891443870973,37.6019954685,8.5058307645,4.420731673317082
dmd-2.111.0,bv_vienot_index,bv_split,float,lookupApply,1,65536,0.9988536225547894,0.997851758669165,1.000712799034303,37.6019954685,8.5058307645,4.420731673317082
dmd-2.111.0,bv_vienot_index,bv_vienot_index,float,lookupApply,1,65536,1.0,1.0,1.0,37.6019954685,8.5058307645,4.420731673317082
dmd-2.111.0,bv_vienot_index,default,float,lookupApply,2,65536,0.9994469075689268,0.9981448958146819,0.9999923865639436,37.5888347625,8.5048513415,4.419693331861396
dmd-2.111.0,bv_vienot_index,bv_compiler,float,lookupApply,2,65536,0.9995991348469512,0.9986872350101199,0.999996192694398,37.5888347625,8.5048513415,4.419693331861396
dmd-2.111.0,bv_vienot_index,bv_split,float,lookupApply,2,65536,1.000518841302829,0.9994898205303447,1.0011153675772873,37.5888347625,8.5048513415,4.419693331861396
dmd-2.111.0,bv_vienot_index,bv_vienot_index,float,lookupApply,2,65536,1.0,1.0,1.0,37.5888347625,8.5048513415,4.419693331861396
dmd-2.111.0,bv_vienot_index,default,float,prepared,0,65536,0.9997552832189476,0.9994971319671173,1.0003286164470713,14.224243164,0.6204490665,22.925722564528996
dmd-2.111.0,bv_vienot_index,bv_compiler,float,prepared,0,65536,1.0001944325239742,1.0002447290870726,1.0004994335173585,14.224243164,0.6204490665,22.925722564528996
dmd-2.111.0,bv_vienot_index,bv_split,float,prepared,0,65536,0.9999899431204634,0.9997552142541072,1.0003251345834974,14.224243164,0.6204490665,22.925722564528996
dmd-2.111.0,bv_vienot_index,bv_vienot_index,float,prepared,0,65536,1.0,1.0,1.0,14.224243164,0.6204490665,22.925722564528996
dmd-2.111.0,bv_vienot_index,default,float,prepared,1,65536,1.0006470951373088,0.9990660243921133,1.0012575494934943,14.221954345499999,0.6205301285,22.919039209068796
dmd-2.111.0,bv_vienot_index,bv_compiler,float,prepared,1,65536,0.9998994153007915,0.9981755673401792,1.000285044526541,14.221954345499999,0.6205301285,22.919039209068796
dmd-2.111.0,bv_vienot_index,bv_split,float,prepared,1,65536,1.0005599216750771,0.9988819073247172,1.000808185137214,14.221954345499999,0.6205301285,22.919039209068796
dmd-2.111.0,bv_vienot_index,bv_vienot_index,float,prepared,1,65536,1.0,1.0,1.0,14.221954345499999,0.6205301285,22.919039209068796
dmd-2.111.0,bv_vienot_index,default,float,prepared,2,65536,1.00022466786324,0.9998558072274325,1.000630330985617,14.2201423645,0.620640278,22.912052067139605
dmd-2.111.0,bv_vienot_index,bv_compiler,float,prepared,2,65536,1.0002347276078145,0.9997283811152025,1.000714304879543,14.2201423645,0.620640278,22.912052067139605
dmd-2.111.0,bv_vienot_index,bv_split,float,prepared,2,65536,1.0001508963092633,0.9995473687129338,1.0009725277963544,14.2201423645,0.620640278,22.912052067139605
dmd-2.111.0,bv_vienot_index,bv_vienot_index,float,prepared,2,65536,1.0,1.0,1.0,14.2201423645,0.620640278,22.912052067139605
dmd-2.111.0,bv_vienot_index,default,float,vienot,0,65536,12.633701775596988,12.485163715134828,12.70662158183512,1.7946243284999999,0.617512226,2.9062166754573697
dmd-2.111.0,bv_vienot_index,bv_compiler,float,vienot,0,65536,1.6806780740128588,1.672989799411559,1.6841236451817871,1.7946243284999999,0.617512226,2.9062166754573697
dmd-2.111.0,bv_vienot_index,bv_split,float,vienot,0,65536,1.6788181529993116,1.6731782208386154,1.6821800368810136,1.7946243284999999,0.617512226,2.9062166754573697
dmd-2.111.0,bv_vienot_index,bv_vienot_index,float,vienot,0,65536,1.0,1.0,1.0,1.7946243284999999,0.617512226,2.9062166754573697
dmd-2.111.0,bv_vienot_index,default,float,vienot,1,65536,12.69443777538888,12.633706964011918,12.690231739767253,1.7874240875,0.6166524885,2.8985921906321797
dmd-2.111.0,bv_vienot_index,bv_compiler,float,vienot,1,65536,1.685180738899492,1.681524942281079,1.6858286627644545,1.7874240875,0.6166524885,2.8985921906321797
dmd-2.111.0,bv_vienot_index,bv_split,float,vienot,1,65536,1.6843804187572244,1.6764541902620254,1.6844942617936305,1.7874240875,0.6166524885,2.8985921906321797
dmd-2.111.0,bv_vienot_index,bv_vienot_index,float,vienot,1,65536,1.0,1.0,1.0,1.7874240875,0.6166524885,2.8985921906321797
dmd-2.111.0,bv_vienot_static,default,double,brettel,0,65536,2.252393270927492,2.2403583949614023,2.260782352454831,9.050512313999999,3.5774879454999997,2.5298512397181745
dmd-2.111.0,bv_vienot_static,bv_compiler,double,brettel,0,65536,1.0049735778968414,0.9990784768810798,1.020667608774878,9.050512313999999,3.5774879454999997,2.5298512397181745
dmd-2.111.0,bv_vienot_static,bv_split,double,brettel,0,65536,1.0024024909580385,0.9951870165030016,1.0081347284948377,9.050512313999999,3.5774879454999997,2.5298512397181745
dmd-2.111.0,bv_vienot_static,bv_vienot_index,double,brettel,0,65536,1.000295042745356,0.9980937636723245,1.0069862339567612,9.050512313999999,3.5774879454999997,2.5298512397181745
dmd-2.111.0,bv_vienot_static,default,double,brettel,1,65536,2.2566405453563574,2.249725845641126,2.274482121624888,9.121274948,3.5781183245,2.5491820339045357
dmd-2.111.0,bv_vienot_static,bv_compiler,double,brettel,1,65536,1.0011710152978497,0.9955247573795324,1.0078672383827543,9.121274948,3.5781183245,2.5491820339045357
dmd-2.111.0,bv_vienot_static,bv_split,double,brettel,1,65536,0.9963144385306167,0.9923515963849069,1.0012018663127074,9.121274948,3.5781183245,2.5491820339045357
dmd-2.111.0,bv_vienot_static,bv_vienot_index,double,brettel,1,65536,0.994275617301565,0.9905064281959819,0.9981893281073777,9.121274948,3.5781183245,2.5491820339045357
dmd-2.111.0,bv_vienot_static,default,double,brettel,2,65536,2.2542213638805606,2.2330711862602763,2.3397447955331305,9.1354846955,3.580672741,2.5513319301413366
dmd-2.111.0,bv_vienot_static,bv_compiler,double,brettel,2,65536,0.9974632669450572,0.9959453191267261,0.999148273520531,9.1354846955,3.580672741,2.5513319301413366
dmd-2.111.0,bv_vienot_static,bv_split,double,brettel,2,65536,0.9965863716004733,0.9958467687009428,0.998071681321523,9.1354846955,3.580672741,2.5513319301413366
dmd-2.111.0,bv_vienot_static,bv_vienot_index,double,brettel,2,65536,0.9959808962278611,0.9930319944604731,0.9970685979516108,9.1354846955,3.580672741,2.5513319301413366
dmd-2.111.0,bv_vienot_static,default,double,lookup,0,65536,0.9985759047368878,0.9979844737794558,1.0010824004594718,30.7713508605,4.944942951,6.222791883630773
dmd-2.111.0,bv_vienot_static,bv_compiler,double,lookup,0,65536,0.9981854020236831,0.9975235272814096,0.9995115241526517,30.7713508605,4.944942951,6.222791883630773
dmd-2.111.0,bv_vienot_static,bv_split,double,lookup,0,65536,0.9991849030413482,0.9986221129201881,1.001164588444834,30.7713508605,4.944942951,6.222791883630773
dmd-2.111.0,bv_vienot_static,bv_vienot_index,double,lookup,0,65536,0.9980133948692362,0.9976916725172835,0.9999658842183783,30.7713508605,4.944942951,6.222791883630773
dmd-2.111.0,bv_vienot_static,default,double,lookup,1,65536,0.9990015550148972,0.9988376237886956,0.9999922470068145,30.7561397555,4.942221164999999,6.223141119889564
dmd-2.111.0,bv_vienot_static,bv_compiler,double,lookup,1,65536,0.9997271330515886,0.9977207561702905,1.0006155878735368,30.7561397555,4.942221164999999,6.223141119889564
dmd-2.111.0,bv_vienot_static,bv_split,double,lookup,1,65536,0.9993798478400856,0.9989278710136639,1.000213877212869,30.7561397555,4.942221164999999,6.223141119889564
dmd-2.111.0,bv_vienot_static,bv_vienot_index,double,lookup,1,65536,0.9995302347233801,0.9984788622395064,1.0029821011929532,30.7561397555,4.942221164999999,6.223141119889564
dmd-2.111.0,bv_vienot_static,default,double,lookup,2,65536,1.0001937873338604,0.9969271467603421,1.0016594884766588,30.7577610015,4.9440784455,6.221131266534634
dmd-2.111.0,bv_vienot_static,bv_compiler,double,lookup,2,65536,0.9981132865296284,0.9975187949042476,0.9986584509122867,30.7577610015,4.9440784455,6.221131266534634
dmd-2.111.0,bv_vienot_static,bv_split,double,lookup,2,65536,0.9989721519879663,0.9970727355648406,1.0003039810728016,30.7577610015,4.9440784455,6.221131266534634
dmd-2.111.0,bv_vienot_static,bv_vienot_index,double,lookup,2,65536,1.0000356568704707,0.9968466393450214,1.0035824141203646,30.7577610015,4.9440784455,6.221131266534634
dmd-2.111.0,bv_vienot_static,default,double,lookupApply,0,65536,1.0067497742376506,1.0037272144864955,1.0126480462397494,40.9740447995,8.366273403000001,4.897526392671726
dmd-2.111.0,bv_vienot_static,bv_compiler,double,lookupApply,0,65536,0.9964877898995766,0.9947094923682938,1.0031716265753354,40.9740447995,8.366273403000001,4.897526392671726
dmd-2.111.0,bv_vienot_static,bv_split,double,lookupApply,0,65536,1.005269478936154,1.0043200745448415,1.1513867841747445,40.9740447995,8.366273403000001,4.897526392671726
dmd-2.111.0,bv_vienot_static,bv_vienot_index,double,lookupApply,0,65536,1.0090528437652442,1.0073098651223877,1.0100099004071497,40.9740447995,8.366273403000001,4.897526392671726
dmd-2.111.0,bv_vienot_static,default,double,lookupApply,1,65536,1.0063169746541893,1.0013031044204317,1.015459436028384,40.995931625,8.3693213465,4.898357934618469
dmd-2.111.0,bv_vienot_static,bv_compiler,double,lookupApply,1,65536,0.9951788142343505,0.9943353676425108,0.9978847822967333,40.995931625,8.3693213465,4.898357934618469
dmd-2.111.0,bv_vienot_static,bv_split,double,lookupApply,1,65536,1.0060075813071612,1.0026457673594593,1.1597721592648231,40.995931625,8.3693213465,4.898357934618469
dmd-2.111.0,bv_vienot_static,bv_vienot_index,double,lookupApply,1,65536,1.0075161646482036,1.0080129286609179,1.0086300130957981,40.995931625,8.3693213465,4.898357934618469
dmd-2.111.0,bv_vienot_static,default,double,lookupApply,2,65536,1.0064158792659794,1.0020410941713334,1.0122529226494172,40.988254547500006,8.364926815,4.900013527195457
dmd-2.111.0,bv_vienot_static,bv_compiler,double,lookupApply,2,65536,0.9955210996899793,0.9942110895805326,1.0007028625270007,40.988254547500006,8.364926815,4.900013527195457
dmd-2.111.0,bv_vienot_static,bv_split,double,lookupApply,2,65536,1.0055270793060351,1.003879708089256,1.2947490102033221,40.988254547500006,8.364926815,4.900013527195457
dmd-2.111.0,bv_vienot_static,bv_vienot_index,double,lookupApply,2,65536,1.0076187839162094,1.0059225364418647,1.009465448369507,40.988254547500006,8.364926815,4.900013527195457
dmd-2.111.0,bv_vienot_static,default,double,prepared,0,65536,1.000236342756929,0.9999409053027343,1.000506411714724,16.947555542,0.9418888095,17.99315945901999
dmd-2.111.0,bv_vienot_static,bv_compiler,double,prepared,0,65536,1.0009059805977298,1.000064708168301,1.0171300907766527,16.947555542,0.9418888095,17.99315945901999
dmd-2.111.0,bv_vienot_static,bv_split,double,prepared,0,65536,1.000272919624812,1.0000703349398918,1.0005486806586001,16.947555542,0.9418888095,17.99315945901999
dmd-2.111.0,bv_vienot_static,bv_vienot_index,double,prepared,0,65536,0.999977491149148,0.9997270665525051,1.0003461258900797,16.947555542,0.9418888095,17.99315945901999
dmd-2.111.0,bv_vienot_static,default,double,prepared,1,65536,0.9994431163124041,0.9991478854560454,1.0001856911095237,16.95394516,0.938598156,18.06304972114179
dmd-2.111.0,bv_vienot_static,bv_compiler,double,prepared,1,65536,0.999639994382287,0.9992659962102342,1.0083439730271657,16.95394516,0.938598156,18.06304972114179
dmd-2.111.0,bv_vienot_static,bv_split,double,prepared,1,65536,0.9997412459484447,0.9994403572683741,1.0001153535675904,16.95394516,0.938598156,18.06304972114179
dmd-2.111.0,bv_vienot_static,bv_vienot_index,double,prepared,1,65536,0.9996709323731231,0.9993306823023916,1.0003770091964408,16.95394516,0.938598156,18.06304972114179
dmd-2.111.0,bv_vienot_static,default,double,prepared,2,65536,1.0000872350068177,0.9999099352604391,1.0007176528509985,16.944980621,0.9389328955,18.047062470823825
dmd-2.111.0,bv_vienot_static,bv_compiler,double,prepared,2,65536,1.000365824171691,0.9995865141871476,1.0126597241613875,16.944980621,0.9389328955,18.047062470823825
dmd-2.111.0,bv_vienot_static,bv_split,double,prepared,2,65536,1.0001969822553745,0.9996596477280644,1.0009202842424854,16.944980621,0.9389328955,18.047062470823825
dmd-2.111.0,bv_vienot_static,bv_vienot_index,double,prepared,2,65536,1.0000365824260213,0.9997215299754135,1.0003321137086858,16.944980621,0.9389328955,18.047062470823825
dmd-2.111.0,bv_vienot_static,default,double,vienot,0,65536,6.431657141038001,6.347697087303882,6.473840805697419,3.061914444,0.939677715,3.2584729797492327
dmd-2.111.0,bv_vienot_static,bv_compiler,double,vienot,0,65536,1.162770778418262,1.1604121020378793,1.1689660033278406,3.061914444,0.939677715,3.2584729797492327
dmd-2.111.0,bv_vienot_static,bv_split,double,vienot,0,65536,1.1629265100720103,1.1598993054714102,1.16959238311346,3.061914444,0.939677715,3.2584729797492327
dmd-2.111.0,bv_vienot_static,bv_vienot_index,double,vienot,0,65536,0.5907215049866363,0.5898407767143955,0.5931818536952996,3.061914444,0.939677715,3.2584729797492327
dmd-2.111.0,bv_vienot_static,default,double,vienot,1,65536,6.339476712830526,6.144277497664714,6.362418794247356,3.1073093414999997,0.9391145704999999,3.3087649144295757
dmd-2.111.0,bv_vienot_static,bv_compiler,double,vienot,1,65536,1.1461213841621634,1.1104671036934728,1.15128900944367,3.1073093414999997,0.9391145704999999,3.3087649144295757
dmd-2.111.0,bv_vienot_static,bv_split,double,vienot,1,65536,1.145875853570854,1.1094119219467689,1.1511194028900589,3.1073093414999997,0.9391145704999999,3.3087649144295757
dmd-2.111.0,bv_vienot_static,bv_vienot_index,double,vienot,1,65536,0.5815545154663192,0.5630953972432887,0.584294436854194,3.1073093414999997,0.9391145704999999,3.3087649144295757
dmd-2.111.0,bv_vienot_static,default,float,brettel,0,65536,4.864336684668994,4.831509606875521,4.870889938950218,8.6936473845,1.842349529,4.718782862673612
dmd-2.111.0,bv_vienot_static,bv_compiler,float,brettel,0,65536,0.9941914995206692,0.9867209205675871,0.9969778246301036,8.6936473845,1.842349529,4.718782862673612
dmd-2.111.0,bv_vienot_static,bv_split,float,brettel,0,65536,0.9879222681394686,0.9814322591604714,0.994165527754992,8.6936473845,1.842349529,4.718782862673612
dmd-2.111.0,bv_vienot_static,bv_vienot_index,float,brettel,0,65536,1.0628074967675265,1.0585690533751702,1.0665701325811578,8.6936473845,1.842349529,4.718782862673612
dmd-2.111.0,bv_vienot_static,default,float,brettel,1,65536,4.898716336908073,4.861013153957331,4.9383401662391275,8.762884140499999,1.846203327,4.746435028225902
dmd-2.111.0,bv_vienot_static,bv_compiler,float,brettel,1,65536,1.0069869565223428,0.9879548699901727,1.0240759191969824,8.762884140499999,1.846203327,4.746435028225902
dmd-2.111.0,bv_vienot_static,bv_split,float,brettel,1,65536,0.996686092953599,0.9864945264048945,0.9998747747265039,8.762884140499999,1.846203327,4.746435028225902
dmd-2.111.0,bv_vienot_static,bv_vienot_index,float,brettel,1,65536,1.0607984936760333,1.0530645580130584,1.066482735975718,8.762884140499999,1.846203327,4.746435028225902
dmd-2.111.0,bv_vienot_static,default,float,brettel,2,65536,4.840510742751145,4.816644744082795,4.891443984809617,8.6975574495,1.8307785985,4.75074236536636
dmd-2.111.0,bv_vienot_static,bv_compiler,float,brettel,2,65536,0.996217125993012,0.9945834154214533,0.9959059520144726,8.6975574495,1.8307785985,4.75074236536636
dmd-2.111.0,bv_vienot_static,bv_split,float,brettel,2,65536,1.0070229878163681,0.9933906724987983,1.025835799641679,8.6975574495,1.8307785985,4.75074236536636
dmd-2.111.0,bv_vienot_static,bv_vienot_index,float,brettel,2,65536,1.0606411148833883,1.0588602193125307,1.0616062753947302,8.6975574495,1.8307785985,4.75074236536636
dmd-2.111.0,bv_vienot_static,default,float,lookup,0,65536,1.0004748734299305,0.9981214690737147,1.0026905829594357,23.998832702999998,3.477663517,6.900849546163841
dmd-2.111.0,bv_vienot_static,bv_compiler,float,lookup,0,65536,0.9995191658009868,0.9986723082358991,1.0002303484004929,23.998832702999998,3.477663517,6.900849546163841
dmd-2.111.0,bv_vienot_static,bv_split,float,lookup,0,65536,0.9993661730889897,0.9981543297923847,1.000240621235528,23.998832702999998,3.477663517,6.900849546163841
dmd-2.111.0,bv_vienot_static,bv_vienot_index,float,lookup,0,65536,0.9992827225510079,0.9986723082358991,1.0000477265195067,23.998832702999998,3.477663517,6.900849546163841
dmd-2.111.0,bv_vienot_static,default,float,lookup,1,65536,0.9994498860170148,0.9979872485979708,1.001492807310166,24.0102767945,3.472357273,6.914690772518327
dmd-2.111.0,bv_vienot_static,bv_compiler,float,lookup,1,65536,0.9988282770648256,0.9980864967030926,1.000473086737526,24.0102767945,3.472357273,6.914690772518327
dmd-2.111.0,bv_vienot_static,bv_split,float,lookup,1,65536,0.99827617707808,0.9976636998318873,0.9991512267521669,24.0102767945,3.472357273,6.914690772518327
dmd-2.111.0,bv_vienot_static,bv_vienot_index,float,lookup,1,65536,0.99923142918518,0.9987375642244036,1.0000636083039967,24.0102767945,3.472357273,6.914690772518327
dmd-2.111.0,bv_vienot_static,default,float,lookup,2,65536,1.000131081892187,0.9978606739140121,1.0024801607188254,24.008846283,3.4748601915,6.909298492563539
dmd-2.111.0,bv_vienot_static,bv_compiler,float,lookup,2,65536,0.9987487636371236,0.9974829083780336,1.0001630899498082,24.008846283,3.4748601915,6.909298492563539
dmd-2.111.0,bv_vienot_static,bv_split,float,lookup,2,65536,0.9987626662835093,0.9971593390384117,1.0001770122837061,24.008846283,3.4748601915,6.909298492563539
dmd-2.111.0,bv_vienot_static,bv_vienot_index,float,lookup,2,65536,0.9993445904765885,0.9984242811469438,1.000725949212863,24.008846283,3.4748601915,6.909298492563539
dmd-2.111.0,bv_vienot_static,default,float,lookupApply,0,65536,1.0004176075661677,0.9985411691915355,1.0028898798282984,37.566232681,8.505653857999999,4.416619028726058
dmd-2.111.0,bv_vienot_static,bv_compiler,float,lookupApply,0,65536,1.000121855098936,0.998451180505749,1.0014677408094803,37.566232681,8.505653857999999,4.416619028726058
dmd-2.111.0,bv_vienot_static,bv_split,float,lookupApply,0,65536,1.0011855485051744,0.9998415691994411,1.0024212644778026,37.566232681,8.505653857999999,4.416619028726058
dmd-2.111.0,bv_vienot_static,bv_vienot_index,float,lookupApply,0,65536,1.0009164518383398,0.9992433345085442,1.0021572521207445,37.566232681,8.505653857999999,4.416619028726058
dmd-2.111.0,bv_vienot_static,default,float,lookupApply,1,65536,0.999753865825483,0.9988964152460218,1.0021670506896418,37.583732605,8.5100708005,4.416383069667506
dmd-2.111.0,bv_vienot_static,bv_compiler,float,lookupApply,1,65536,0.9992577912818513,0.9990382761060103,0.9995190581098613,37.583732605,8.5100708005,4.416383069667506
dmd-2.111.0,bv_vienot_static,bv_split,float,lookupApply,1,65536,0.9993389901886249,0.9983379178102953,1.0008410076713685,37.583732605,8.5100708005,4.416383069667506
dmd-2.111.0,bv_vienot_static,bv_vienot_index,float,lookupApply,1,65536,1.0004859246869366,1.000128117315167,1.001007566907272,37.583732605,8.5100708005,4.416383069667506
dmd-2.111.0,bv_vienot_static,default,float,lookupApply,2,65536,1.000109168502513,0.9995253704769573,1.0006577301627848,37.563943863,8.508337021,4.414957208475158
dmd-2.111.0,bv_vienot_static,bv_compiler,float,lookupApply,2,65536,1.000261496650507,0.9999644662529352,1.0010618542707441,37.563943863,8.508337021,4.414957208475158
dmd-2.111.0,bv_vienot_static,bv_split,float,lookupApply,2,65536,1.0011818125291079,0.9994581101543301,1.0031042725539072,37.563943863,8.508337021,4.414957208475158
dmd-2.111.0,bv_vienot_static,bv_vienot_index,float,lookupApply,2,65536,1.000662627427801,0.9999682734377445,1.0023777406753378,37.563943863,8.508337021,4.414957208475158
dmd-2.111.0,bv_vienot_static,default,float,prepared,0,65536,1.0000637130912793,0.9998088505407301,1.0001944846814157,14.219856262,0.62186718,22.866388063766287
dmd-2.111.0,bv_vienot_static,bv_compiler,float,prepared,0,65536,1.0005029978762243,1.0003151538520054,1.000881887421965,14.219856262,0.62186718,22.866388063766287
dmd-2.111.0,bv_vienot_static,bv_split,float,prepared,0,65536,1.0002984453866346,0.9995976758655429,1.0007075218600723,14.219856262,0.62186718,22.866388063766287
dmd-2.111.0,bv_vienot_static,bv_vienot_index,float,prepared,0,65536,1.0003085053687726,0.9998424230388419,1.000382262989657,14.219856262,0.62186718,22.866388063766287
dmd-2.111.0,bv_vienot_static,default,float,prepared,1,65536,1.0005028511750365,0.9992132021486851,1.001133330654593,14.2240047455,0.6205539705,22.921462792413152
dmd-2.111.0,bv_vienot_static,bv_compiler,float,prepared,1,65536,0.9997552791170784,0.9983226139187628,1.000160946339352,14.2240047455,0.6205539705,22.921462792413152
dmd-2.111.0,bv_vienot_static,bv_split,float,prepared,1,65536,1.000415690278919,0.9990290579580196,1.0006840220477236,14.2240047455,0.6205539705,22.921462792413152
dmd-2.111.0,bv_vienot_static,bv_vienot_index,float,prepared,1,65536,0.9998558493169337,0.9998759371762399,1.0001473153455112,14.2240047455,0.6205539705,22.921462792413152
dmd-2.111.0,bv_vienot_static,default,float,prepared,2,65536,1.0001810677201601,0.9997284157221311,1.0004424897431161,14.2207622525,0.6217575074999999,22.87187863590051
dmd-2.111.0,bv_vienot_static,bv_compiler,float,prepared,2,65536,1.000191127026227,0.9996010058452465,1.000841846818823,14.2207622525,0.6217575074999999,22.87187863590051
dmd-2.111.0,bv_vienot_static,bv_split,float,prepared,2,65536,1.0001072993819113,0.9993597307672675,1.0011001026463775,14.2207622525,0.6217575074999999,22.87187863590051
dmd-2.111.0,bv_vienot_static,bv_vienot_index,float,prepared,2,65536,0.9999564096502709,0.999812277085069,1.0001274509004796,14.2207622525,0.6217575074999999,22.87187863590051
dmd-2.111.0,bv_vienot_static,default,float,vienot,0,65536,3.4386941870541206,3.4086126408873914,3.4516905943085825,6.593418121,0.618929863,10.652932610233416
dmd-2.111.0,bv_vienot_static,bv_compiler,float,vienot,0,65536,0.4574540404761326,0.4569677320738594,0.45748381725924675,6.593418121,0.618929863,10.652932610233416
dmd-2.111.0,bv_vienot_static,bv_split,float,vienot,0,65536,0.45694779933705343,0.4567994913109869,0.4570618075228931,6.593418121,0.618929863,10.652932610233416
dmd-2.111.0,bv_vienot_static,bv_vienot_index,float,vienot,0,65536,0.2721842139487759,0.2716450294894263,0.27314436240710416,6.593418121,0.618929863,10.652932610233416
dmd-2.111.0,bv_vienot_static,default,float,vienot,1,65536,3.440541693486691,3.422538571625639,3.4451642791030084,6.594991684,0.619087696,10.652758448618885
dmd-2.111.0,bv_vienot_static,bv_compiler,float,vienot,1,65536,0.45673031731149644,0.4562327890722583,0.45847599335848,6.594991684,0.619087696,10.652758448618885
dmd-2.111.0,bv_vienot_static,bv_split,float,vienot,1,65536,0.4565134085467028,0.4563384761965355,0.4570934280390168,6.594991684,0.619087696,10.652758448618885
dmd-2.111.0,bv_vienot_static,bv_vienot_index,float,vienot,1,65536,0.2710274967952484,0.27090533137858924,0.27265488713865443,6.594991684,0.619087696,10.652758448618885
dmd-2.113.0,bv_vienot_index,default,double,brettel,0,1024,4.009248554723228,4.005777007486379,4.017261219911108,5.279541016,4.1508789065,1.2719091871681898
dmd-2.113.0,bv_vienot_index,bv_compiler,double,brettel,0,1024,0.9994219652824458,0.9948216341209365,0.9994219652824458,5.279541016,4.1508789065,1.2719091871681898
dmd-2.113.0,bv_vienot_index,bv_split,double,brettel,0,1024,1.0,0.9953970081493966,1.000578034622849,5.279541016,4.1508789065,1.2719091871681898
dmd-2.113.0,bv_vienot_index,bv_vienot_index,double,brettel,0,1024,1.0,1.0,1.0,5.279541016,4.1508789065,1.2719091871681898
dmd-2.113.0,bv_vienot_index,default,double,brettel,1,1024,4.066473988162308,4.0641618494815,4.0699826487735455,5.279541016,4.1701049805,1.2660451093408631
dmd-2.113.0,bv_vienot_index,bv_compiler,double,brettel,1,1024,1.0,1.0,1.0005783690349361,5.279541016,4.1701049805,1.2660451093408631
dmd-2.113.0,bv_vienot_index,bv_split,double,brettel,1,1024,1.0,1.0,1.0005783690349361,5.279541016,4.1701049805,1.2660451093408631
dmd-2.113.0,bv_vienot_index,bv_vienot_index,double,brettel,1,1024,1.0,1.0,1.0,5.279541016,4.1701049805,1.2660451093408631
dmd-2.113.0,bv_vienot_index,default,double,brettel,2,1024,4.069284064763,4.064087759971993,4.069284064763,5.285644531,4.276489258,1.2359775068093952
dmd-2.113.0,bv_vienot_index,bv_compiler,double,brettel,2,1024,1.0,1.0,1.0144341801747243,5.285644531,4.276489258,1.2359775068093952
dmd-2.113.0,bv_vienot_index,bv_split,double,brettel,2,1024,1.0,1.0,1.0,5.285644531,4.276489258,1.2359775068093952
dmd-2.113.0,bv_vienot_index,bv_vienot_index,double,brettel,2,1024,1.0,1.0,1.0,5.285644531,4.276489258,1.2359775068093952
dmd-2.113.0,bv_vienot_index,default,double,lookup,0,1024,0.9949874686662625,0.9941948677461232,0.9969660994564646,46.270751953,5.8064575195,7.968843618954853
dmd-2.113.0,bv_vienot_index,bv_compiler,double,lookup,0,1024,0.9986149584501004,0.9979554148569685,0.9990764562387243,46.270751953,5.8064575195,7.968843618954853
dmd-2.113.0,bv_vienot_index,bv_split,double,lookup,0,1024,1.0015169502771706,1.0004614978862447,1.00382610990983,46.270751953,5.8064575195,7.968843618954853
dmd-2.113.0,bv_vienot_index,bv_vienot_index,double,lookup,0,1024,1.0,1.0,1.0,46.270751953,5.8064575195,7.968843618954853
dmd-2.113.0,bv_vienot_index,default,double,lookup,1,1024,0.9984245765942203,0.9860231206296435,1.0043529877406052,46.490478516,5.8073425295,8.005465198554896
dmd-2.113.0,bv_vienot_index,bv_compiler,double,lookup,1,1024,1.0034134173397546,1.0005234916788441,1.003135000979667,46.490478516,5.8073425295,8.005465198554896
dmd-2.113.0,bv_vienot_index,bv_split,double,lookup,1,1024,1.0097807535761005,1.0061393769211895,1.0114760585702038,46.490478516,5.8073425295,8.005465198554896
dmd-2.113.0,bv_vienot_index,bv_vienot_index,double,lookup,1,1024,1.0,1.0,1.0,46.490478516,5.8073425295,8.005465198554896
dmd-2.113.0,bv_vienot_index,default,double,lookup,2,1024,0.9988138385529415,0.996836485863042,1.0019114157645244,46.3104248045,5.8079528805,7.973622678652515
dmd-2.113.0,bv_vienot_index,bv_compiler,double,lookup,2,1024,1.008896210869134,1.0044781033969297,1.0127858696341727,46.3104248045,5.8079528805,7.973622678652515
dmd-2.113.0,bv_vienot_index,bv_split,double,lookup,2,1024,1.0046787479474588,1.0024385421566868,1.005734247293573,46.3104248045,5.8079528805,7.973622678652515
dmd-2.113.0,bv_vienot_index,bv_vienot_index,double,lookup,2,1024,1.0,1.0,1.0,46.3104248045,5.8079528805,7.973622678652515
dmd-2.113.0,bv_vienot_index,default,double,lookupApply,0,1024,0.9945364521085944,0.993966989179161,0.9947623114100753,53.6224365235,10.2119750975,5.250936866916895
dmd-2.113.0,bv_vienot_index,bv_compiler,double,lookupApply,0,1024,0.9941949803630504,0.9927791676177421,0.9949900370054027,53.6224365235,10.2119750975,5.250936866916895
dmd-2.113.0,bv_vienot_index,bv_split,double,lookupApply,0,1024,0.9997154402058304,0.9984648624143299,1.000341588388327,53.6224365235,10.2119750975,5.250936866916895
dmd-2.113.0,bv_vienot_index,bv_vienot_index,double,lookupApply,0,1024,1.0,1.0,1.0,53.6224365235,10.2119750975,5.250936866916895
dmd-2.113.0,bv_vienot_index,default,double,lookupApply,1,1024,0.9940818300802299,0.9832178859064378,0.9959578707599305,53.628540039,10.217224121000001,5.248836611969236
dmd-2.113.0,bv_vienot_index,bv_compiler,double,lookupApply,1,1024,0.9949354122767005,0.9935799966233502,1.0001707941848343,53.628540039,10.217224121000001,5.248836611969236
dmd-2.113.0,bv_vienot_index,bv_split,double,lookupApply,1,1024,1.0012519205622823,0.9907642056699741,1.0018221159321303,53.628540039,10.217224121000001,5.248836611969236
dmd-2.113.0,bv_vienot_index,bv_vienot_index,double,lookupApply,1,1024,1.0,1.0,1.0,53.628540039,10.217224121000001,5.248836611969236
dmd-2.113.0,bv_vienot_index,default,double,lookupApply,2,1024,0.9950265626858387,0.9946218297136231,0.9975130002214722,53.997802734,10.2184143065,5.284362241962693
dmd-2.113.0,bv_vienot_index,bv_compiler,double,lookupApply,2,1024,0.993613654351849,0.9926009601795402,0.9958738412714819,53.997802734,10.2184143065,5.284362241962693
dmd-2.113.0,bv_vienot_index,bv_split,double,lookupApply,2,1024,1.0012433593331702,0.9992657441412259,1.0033348406070657,53.997802734,10.2184143065,5.284362241962693
dmd-2.113.0,bv_vienot_index,bv_vienot_index,double,lookupApply,2,1024,1.0,1.0,1.0,53.997802734,10.2184143065,5.284362241962693
dmd-2.113.0,bv_vienot_index,default,double,prepared,0,1024,1.0,0.9989892608970335,1.0008851795779556,24.133300781,1.2257385255,19.68878376500046
dmd-2.113.0,bv_vienot_index,bv_compiler,double,prepared,0,1024,0.9994941831160696,0.9972204674616674,0.9998735457893766,24.133300781,1.2257385255,19.68878376500046
dmd-2.113.0,bv_vienot_index,bv_split,double,prepared,0,1024,0.9988619120007975,0.9972204674616674,0.9998735457893766,24.133300781,1.2257385255,19.68878376500046
dmd-2.113.0,bv_vienot_index,bv_vienot_index,double,prepared,0,1024,1.0,1.0,1.0,24.133300781,1.2257385255,19.68878376500046
dmd-2.113.0,bv_vienot_index,default,double,prepared,1,1024,0.9983556792128564,0.9991138118619595,1.0001265983113605,24.127197266,1.2266540529999999,19.66911306981187
dmd-2.113.0,bv_vienot_index,bv_compiler,double,prepared,1,1024,0.9982291929920841,0.997976732422842,1.0001265982906187,24.127197266,1.2266540529999999,19.66911306981187
dmd-2.113.0,bv_vienot_index,bv_split,double,prepared,1,1024,1.0001264862000485,0.9991138118619595,1.0029117609746172,24.127197266,1.2266540529999999,19.66911306981187
dmd-2.113.0,bv_vienot_index,bv_vienot_index,double,prepared,1,1024,1.0,1.0,1.0,24.127197266,1.2266540529999999,19.66911306981187
dmd-2.113.0,bv_vienot_index,default,double,prepared,2,1024,1.0008860759415807,0.99898823826989,1.003420752568168,24.108886718999997,1.2254333495,19.673764165824995
dmd-2.113.0,bv_vienot_index,bv_compiler,double,prepared,2,1024,1.0008860759415807,0.9998735297966869,1.00367414164191,24.108886718999997,1.2254333495,19.673764165824995
dmd-2.113.0,bv_vienot_index,bv_split,double,prepared,2,1024,1.000759493676063,1.0,1.00303528519033,24.108886718999997,1.2254333495,19.673764165824995
dmd-2.113.0,bv_vienot_index,bv_vienot_index,double,prepared,2,1024,1.0,1.0,1.0,24.108886718999997,1.2254333495,19.673764165824995
dmd-2.113.0,bv_vienot_index,default,double,vienot,0,1024,9.922651934824398,9.370611182659596,9.963938972798635,2.209472656,1.231842041,1.7936330978007269
dmd-2.113.0,bv_vienot_index,bv_compiler,double,vienot,0,1024,1.9723756907177583,1.8569570868712466,1.9972260747257844,2.209472656,1.231842041,1.7936330978007269
dmd-2.113.0,bv_vienot_index,bv_split,double,vienot,0,1024,1.9723756907177583,1.8569570868712466,1.9805825239894497,2.209472656,1.231842041,1.7936330978007269
dmd-2.113.0,bv_vienot_index,bv_vienot_index,double,vienot,0,1024,1.0,1.0,1.0,2.209472656,1.231842041,1.7936330978007269
dmd-2.113.0,bv_vienot_index,default,double,vienot,1,1024,10.091412740721506,9.766756030617723,10.105409153148521,2.203369141,1.230041504,1.7912965813225115
dmd-2.113.0,bv_vienot_index,bv_compiler,double,vienot,1,1024,1.9778393347299765,1.9142091148563833,1.9805825239894497,2.203369141,1.230041504,1.7912965813225115
dmd-2.113.0,bv_vienot_index,bv_split,double,vienot,1,1024,1.9778393347299765,1.9142091148563833,1.9805825239894497,2.203369141,1.230041504,1.7912965813225115
dmd-2.113.0,bv_vienot_index,bv_vienot_index,double,vienot,1,1024,1.0,1.0,1.0,2.203369141,1.230041504,1.7912965813225115
dmd-2.113.0,bv_vienot_index,default,float,brettel,0,1024,6.699438202189664,6.65098314602427,6.748595505589214,4.345703125,2.186706543,1.9873279928261502
dmd-2.113.0,bv_vienot_index,bv_compiler,float,brettel,0,1024,1.0,1.0,1.0,4.345703125,2.186706543,1.9873279928261502
dmd-2.113.0,bv_vienot_index,bv_split,float,brettel,0,1024,1.0,1.0,1.0,4.345703125,2.186706543,1.9873279928261502
dmd-2.113.0,bv_vienot_index,bv_vienot_index,float,brettel,0,1024,1.0,1.0,1.0,4.345703125,2.186706543,1.9873279928261502
dmd-2.113.0,bv_vienot_index,default,float,brettel,1,1024,6.761938202232809,6.6994382023047185,6.844803370800899,4.345703125,2.136535645,2.0339951431046686
dmd-2.113.0,bv_vienot_index,bv_compiler,float,brettel,1,1024,1.0,0.9985955055316855,1.0,4.345703125,2.136535645,2.0339951431046686
dmd-2.113.0,bv_vienot_index,bv_split,float,brettel,1,1024,1.0,1.0,1.0,4.345703125,2.136535645,2.0339951431046686
dmd-2.113.0,bv_vienot_index,bv_vienot_index,float,brettel,1,1024,1.0,1.0,1.0,4.345703125,2.136535645,2.0339951431046686
dmd-2.113.0,bv_vienot_index,default,float,brettel,2,1024,6.727910237820698,6.397849462365591,6.735955056179775,4.351806641,2.138366699,2.035107749777018
dmd-2.113.0,bv_vienot_index,bv_compiler,float,brettel,2,1024,1.0,0.9583333334159139,1.0119214585526894,4.351806641,2.138366699,2.035107749777018
dmd-2.113.0,bv_vienot_index,bv_split,float,brettel,2,1024,1.0,0.9583333334159139,1.0014044944683145,4.351806641,2.138366699,2.035107749777018
dmd-2.113.0,bv_vienot_index,bv_vienot_index,float,brettel,2,1024,1.0,1.0,1.0,4.351806641,2.138366699,2.035107749777018
dmd-2.113.0,bv_vienot_index,default,float,lookup,0,1024,0.9960138466336892,0.9892685976307691,1.0029319371641843,29.0924072265,4.468200684,6.510989385654908
dmd-2.113.0,bv_vienot_index,bv_compiler,float,lookup,0,1024,0.9942305675087928,0.9832460732985012,0.9975792021957046,29.0924072265,4.468200684,6.510989385654908
dmd-2.113.0,bv_vienot_index,bv_split,float,lookup,0,1024,0.9915031994061035,0.990727234851142,0.9938953794380417,29.0924072265,4.468200684,6.510989385654908
dmd-2.113.0,bv_vienot_index,bv_vienot_index,float,lookup,0,1024,1.0,1.0,1.0,29.0924072265,4.468200684,6.510989385654908
dmd-2.113.0,bv_vienot_index,default,float,lookup,1,1024,0.9968589676431118,0.9981238273963814,0.9988487702752008,29.1473388675,4.4693908695,6.5215461611127274
dmd-2.113.0,bv_vienot_index,bv_compiler,float,lookup,1,1024,0.9978012773381704,0.9871271585536142,1.004949452394541,29.1473388675,4.4693908695,6.5215461611127274
dmd-2.113.0,bv_vienot_index,bv_split,float,lookup,1,1024,0.9894251910645716,0.9832186783512311,0.9980115122950874,29.1473388675,4.4693908695,6.5215461611127274
dmd-2.113.0,bv_vienot_index,bv_vienot_index,float,lookup,1,1024,1.0,1.0,1.0,29.1473388675,4.4693908695,6.5215461611127274
dmd-2.113.0,bv_vienot_index,default,float,lookup,2,1024,0.9874442253919417,0.981243523301445,1.00020887729743,29.409790039,4.467590332,6.582920065062044
dmd-2.113.0,bv_vienot_index,bv_compiler,float,lookup,2,1024,0.9826709556979438,0.9774093264124245,0.9912335629390815,29.409790039,4.467590332,6.582920065062044
dmd-2.113.0,bv_vienot_index,bv_split,float,lookup,2,1024,0.9810106879627697,0.9789637305511156,0.992375979122917,29.409790039,4.467590332,6.582920065062044
dmd-2.113.0,bv_vienot_index,bv_vienot_index,float,lookup,2,1024,1.0,1.0,1.0,29.409790039,4.467590332,6.582920065062044
dmd-2.113.0,bv_vienot_index,default,float,lookupApply,0,1024,1.000388018002445,0.9983717143410671,1.0069067204638613,39.324951172,9.9456481935,3.9539857440061983
dmd-2.113.0,bv_vienot_index,bv_compiler,float,lookupApply,0,1024,1.0006984324120294,0.9981391021167803,1.0088543689288434,39.324951172,9.9456481935,3.9539857440061983
dmd-2.113.0,bv_vienot_index,bv_split,float,lookupApply,0,1024,0.9981375135806361,0.9964302343597071,1.0018608978832197,39.324951172,9.9456481935,3.9539857440061983
dmd-2.113.0,bv_vienot_index,bv_vienot_index,float,lookupApply,0,1024,1.0,1.0,1.0,39.324951172,9.9456481935,3.9539857440061983
dmd-2.113.0,bv_vienot_index,default,float,lookupApply,1,1024,0.9952921200911,0.9894017356609126,1.0120210950845345,39.5416259765,9.944427489999999,3.976259670681153
dmd-2.113.0,bv_vienot_index,bv_compiler,float,lookupApply,1,1024,1.0016207455413717,0.9958528530929109,1.0056615480115718,39.5416259765,9.944427489999999,3.976259670681153
dmd-2.113.0,bv_vienot_index,bv_split,float,lookupApply,1,1024,0.9939800879928036,0.9969753373709914,0.9983031238043073,39.5416259765,9.944427489999999,3.976259670681153
dmd-2.113.0,bv_vienot_index,bv_vienot_index,float,lookupApply,1,1024,1.0,1.0,1.0,39.5416259765,9.944427489999999,3.976259670681153
dmd-2.113.0,bv_vienot_index,default,float,lookupApply,2,1024,1.0,0.9905391893040835,1.0010865347334872,39.321899414,9.9450683595,3.9539094144524265
dmd-2.113.0,bv_vienot_index,bv_compiler,float,lookupApply,2,1024,0.9982149786494033,0.9900776863396187,0.9988343176793361,39.321899414,9.9450683595,3.9539094144524265
dmd-2.113.0,bv_vienot_index,bv_split,float,lookupApply,2,1024,0.996740395812254,0.9882316744943614,0.998057196140715,39.321899414,9.9450683595,3.9539094144524265
dmd-2.113.0,bv_vienot_index,bv_vienot_index,float,lookupApply,2,1024,1.0,1.0,1.0,39.321899414,9.9450683595,3.9539094144524265
dmd-2.113.0,bv_vienot_index,default,float,prepared,0,1024,1.0,1.0,1.0,13.287353516,0.78515625,16.923196517890545
dmd-2.113.0,bv_vienot_index,bv_compiler,float,prepared,0,1024,1.0,1.0,1.0,13.287353516,0.78515625,16.923196517890545
dmd-2.113.0,bv_vienot_index,bv_split,float,prepared,0,1024,1.0,1.0,1.0,13.287353516,0.78515625,16.923196517890545
dmd-2.113.0,bv_vienot_index,bv_vienot_index,float,prepared,0,1024,1.0,1.0,1.0,13.287353516,0.78515625,16.923196517890545
dmd-2.113.0,bv_vienot_index,default,float,prepared,1,1024,1.0,1.0,1.000229726639427,13.287353516,0.78515625,16.923196517890545
dmd-2.113.0,bv_vienot_index,bv_compiler,float,prepared,1,1024,1.0,1.0,1.000229726639427,13.287353516,0.78515625,16.923196517890545
dmd-2.113.0,bv_vienot_index,bv_split,float,prepared,1,1024,1.0,1.0,1.0146991272389054,13.287353516,0.78515625,16.923196517890545
dmd-2.113.0,bv_vienot_index,bv_vienot_index,float,prepared,1,1024,1.0,1.0,1.0,13.287353516,0.78515625,16.923196517890545
dmd-2.113.0,bv_vienot_index,default,float,prepared,2,1024,1.0,1.0,1.0,13.287353516,0.784545898,16.93636223179896
dmd-2.113.0,bv_vienot_index,bv_compiler,float,prepared,2,1024,1.0,1.0,1.0,13.287353516,0.784545898,16.93636223179896
dmd-2.113.0,bv_vienot_index,bv_split,float,prepared,2,1024,1.0,1.0,1.0,13.287353516,0.784545898,16.93636223179896
dmd-2.113.0,bv_vienot_index,bv_vienot_index,float,prepared,2,1024,1.0,1.0,1.0,13.287353516,0.784545898,16.93636223179896
dmd-2.113.0,bv_vienot_index,default,float,vienot,0,1024,8.753481895619984,8.619505494533627,8.760445684121676,2.191162109,0.782714844,2.7994385513404163
dmd-2.113.0,bv_vienot_index,bv_compiler,float,vienot,0,1024,1.5626740951461022,1.5412087913775825,1.566852367927653,2.191162109,0.782714844,2.7994385513404163
dmd-2.113.0,bv_vienot_index,bv_split,float,vienot,0,1024,1.5640668526638895,1.5494505492254944,1.5626740951461022,2.191162109,0.782714844,2.7994385513404163
dmd-2.113.0,bv_vienot_index,bv_vienot_index,float,vienot,0,1024,1.0,1.0,1.0,2.191162109,0.782714844,2.7994385513404163
dmd-2.113.0,bv_vienot_index,default,float,vienot,1,1024,8.713888889059556,8.713888889059556,8.713888889059556,2.197265625,0.781494141,2.8116213669732426
dmd-2.113.0,bv_vienot_index,bv_compiler,float,vienot,1,1024,1.558333333504,1.558333333504,1.5597222222506668,2.197265625,0.781494141,2.8116213669732426
dmd-2.113.0,bv_vienot_index,bv_split,float,vienot,1,1024,1.558333333504,1.558333333504,1.647222222392889,2.197265625,0.781494141,2.8116213669732426
dmd-2.113.0,bv_vienot_index,bv_vienot_index,float,vienot,1,1024,1.0,1.0,1.0,2.197265625,0.781494141,2.8116213669732426
dmd-2.113.0,bv_vienot_static,default,double,brettel,0,1024,4.009248554723228,4.00693641585301,4.0358381500260325,5.279541016,4.1441345215,1.2739791598485637
dmd-2.113.0,bv_vienot_static,bv_compiler,double,brettel,0,1024,0.9994219652824458,0.9994219652824458,0.9994219652824458,5.279541016,4.1441345215,1.2739791598485637
dmd-2.113.0,bv_vienot_static,bv_split,double,brettel,0,1024,1.0,0.9994219652824458,1.000578034622849,5.279541016,4.1441345215,1.2739791598485637
dmd-2.113.0,bv_vienot_static,bv_vienot_index,double,brettel,0,1024,1.0,1.0,1.0046242773616139,5.279541016,4.1441345215,1.2739791598485637
dmd-2.113.0,bv_vienot_static,default,double,brettel,1,1024,4.066473988162308,3.7879440256057575,4.0641618494815,5.279541016,4.166687012,1.2670836568225539
dmd-2.113.0,bv_vienot_static,bv_compiler,double,brettel,1,1024,1.0,0.9311087190573011,1.0,5.279541016,4.166687012,1.2670836568225539
dmd-2.113.0,bv_vienot_static,bv_split,double,brettel,1,1024,1.0,0.9311087190573011,1.0,5.279541016,4.166687012,1.2670836568225539
dmd-2.113.0,bv_vienot_static,bv_vienot_index,double,brettel,1,1024,1.0,0.9311087190573011,1.0,5.279541016,4.166687012,1.2670836568225539
dmd-2.113.0,bv_vienot_static,default,double,brettel,2,1024,4.069284064763,3.9819209039543844,4.069284064763,5.285644531,4.266723633,1.2388063970488712
dmd-2.113.0,bv_vienot_static,bv_compiler,double,brettel,2,1024,1.0,0.9926553672430393,1.0,5.285644531,4.266723633,1.2388063970488712
dmd-2.113.0,bv_vienot_static,bv_split,double,brettel,2,1024,1.0,0.9785310734226897,1.0,5.285644531,4.266723633,1.2388063970488712
dmd-2.113.0,bv_vienot_static,bv_vienot_index,double,brettel,2,1024,1.0,0.9785310734226897,1.0,5.285644531,4.266723633,1.2388063970488712
dmd-2.113.0,bv_vienot_static,default,double,lookup,0,1024,0.26242454815610916,0.26222291819106275,0.26289610073270114,175.4364013675,5.810119629000001,30.1949723189598
dmd-2.113.0,bv_vienot_static,bv_compiler,double,lookup,0,1024,0.263381286203012,0.2631569793737392,0.2635104569035082,175.4364013675,5.810119629000001,30.1949723189598
dmd-2.113.0,bv_vienot_static,bv_split,double,lookup,0,1024,0.2641466766405342,0.2639176333489827,0.2647631972730675,175.4364013675,5.810119629000001,30.1949723189598
dmd-2.113.0,bv_vienot_static,bv_vienot_index,double,lookup,0,1024,0.2637465861835203,0.2636961285604689,0.2637958921023774,175.4364013675,5.810119629000001,30.1949723189598
dmd-2.113.0,bv_vienot_static,default,double,lookup,1,1024,0.26410376621229004,0.2621780733910624,0.2648050323222476,175.75378418,5.809173584,30.254524441148117
dmd-2.113.0,bv_vienot_static,bv_compiler,double,lookup,1,1024,0.2654234168507222,0.2633524847670182,0.2667280273712517,175.75378418,5.809173584,30.254524441148117
dmd-2.113.0,bv_vienot_static,bv_split,double,lookup,1,1024,0.26710770780286935,0.2661991633541259,0.26763745047503157,175.75378418,5.809173584,30.254524441148117
dmd-2.113.0,bv_vienot_static,bv_vienot_index,double,lookup,1,1024,0.26452049799614163,0.2631789068051874,0.26589444801623285,175.75378418,5.809173584,30.254524441148117
dmd-2.113.0,bv_vienot_static,default,double,lookup,2,1024,0.2625270633064112,0.26172801052077177,0.2634306113971551,176.1932373045,5.8107299805,30.322048674741378
dmd-2.113.0,bv_vienot_static,bv_compiler,double,lookup,2,1024,0.26517710227580177,0.2643592498871772,0.265915658688401,176.1932373045,5.8107299805,30.322048674741378
dmd-2.113.0,bv_vienot_static,bv_split,double,lookup,2,1024,0.2640685892449499,0.26319887868155306,0.26460189261380496,176.1932373045,5.8107299805,30.322048674741378
dmd-2.113.0,bv_vienot_static,bv_vienot_index,double,lookup,2,1024,0.26283883259642693,0.26255861842192973,0.26318069950272766,176.1932373045,5.8107299805,30.322048674741378
dmd-2.113.0,bv_vienot_static,default,double,lookupApply,0,1024,0.29298348562371496,0.292848159637696,0.2930086804964225,182.0220947265,10.107727051000001,18.008212312034264
dmd-2.113.0,bv_vienot_static,bv_compiler,double,lookupApply,0,1024,0.2928828904348314,0.2926064952901358,0.2930563240938599,182.0220947265,10.107727051000001,18.008212312034264
dmd-2.113.0,bv_vienot_static,bv_split,double,lookupApply,0,1024,0.29450917930896386,0.2942822669843697,0.2946325267875063,182.0220947265,10.107727051000001,18.008212312034264
dmd-2.113.0,bv_vienot_static,bv_vienot_index,double,lookupApply,0,1024,0.2945930086348648,0.29453191810429014,0.2947347253390398,182.0220947265,10.107727051000001,18.008212312034264
dmd-2.113.0,bv_vienot_static,default,double,lookupApply,1,1024,0.29288780095157146,0.2925974961877436,0.293365977999077,182.019042969,10.108306885000001,18.006877416741585
dmd-2.113.0,bv_vienot_static,bv_compiler,double,lookupApply,1,1024,0.2931392931375171,0.2928918692391349,0.29568117447965503,182.019042969,10.108306885000001,18.006877416741585
dmd-2.113.0,bv_vienot_static,bv_split,double,lookupApply,1,1024,0.29500033532285413,0.29484321842275685,0.2950932385293051,182.019042969,10.108306885000001,18.006877416741585
dmd-2.113.0,bv_vienot_static,bv_vienot_index,double,lookupApply,1,1024,0.29463148011460305,0.29441743503723555,0.29759171429026154,182.019042969,10.108306885000001,18.006877416741585
dmd-2.113.0,bv_vienot_static,default,double,lookupApply,2,1024,0.29520456069739426,0.2945891111526228,0.2959236715454764,182.006835938,10.129394531500001,17.968185104450434
dmd-2.113.0,bv_vienot_static,bv_compiler,double,lookupApply,2,1024,0.2947853789391553,0.29434720709922174,0.2954373962441821,182.006835938,10.129394531500001,17.968185104450434
dmd-2.113.0,bv_vienot_static,bv_split,double,lookupApply,2,1024,0.29704896042705253,0.2963235909873524,0.29765078726394234,182.006835938,10.129394531500001,17.968185104450434
dmd-2.113.0,bv_vienot_static,bv_vienot_index,double,lookupApply,2,1024,0.296680080480022,0.296182028537864,0.29666146855206316,182.006835938,10.129394531500001,17.968185104450434
dmd-2.113.0,bv_vienot_static,default,double,prepared,0,1024,1.0002529724000973,0.9984844657845393,1.0020255728573184,24.127197266,1.22177124,19.74772074844387
dmd-2.113.0,bv_vienot_static,bv_compiler,double,prepared,0,1024,0.9997470275584558,0.9973478150867326,1.0010127864286593,24.127197266,1.22177124,19.74772074844387
dmd-2.113.0,bv_vienot_static,bv_split,double,prepared,0,1024,0.9991145964960421,0.9973478150867326,1.0010127864286593,24.127197266,1.22177124,19.74772074844387
dmd-2.113.0,bv_vienot_static,bv_vienot_index,double,prepared,0,1024,1.0002529724000973,0.9977266986457708,1.0029143436521337,24.127197266,1.22177124,19.74772074844387
dmd-2.113.0,bv_vienot_static,default,double,prepared,1,1024,1.000126710600792,0.9989873417721414,1.0020273694881103,24.084472656,1.2211608885,19.722604026062367
dmd-2.113.0,bv_vienot_static,bv_compiler,double,prepared,1,1024,1.0,0.9998733054527501,1.0,24.084472656,1.2211608885,19.722604026062367
dmd-2.113.0,bv_vienot_static,bv_split,double,prepared,1,1024,1.0019006589080786,0.9998733054527501,1.002784810131796,24.084472656,1.2211608885,19.722604026062367
dmd-2.113.0,bv_vienot_static,bv_vienot_index,double,prepared,1,1024,1.0017739483280468,0.9998734177344797,1.0020273694881103,24.084472656,1.2211608885,19.722604026062367
dmd-2.113.0,bv_vienot_static,default,double,prepared,2,1024,1.0,0.9922325231720569,0.9992428066581245,24.1302490235,1.2217712404999999,19.75021855451835
dmd-2.113.0,bv_vienot_static,bv_compiler,double,prepared,2,1024,1.0,0.9906038586795171,1.0,24.1302490235,1.2217712404999999,19.75021855451835
dmd-2.113.0,bv_vienot_static,bv_split,double,prepared,2,1024,0.9998735297966869,0.9907291405509271,1.0031621553120682,24.1302490235,1.2217712404999999,19.75021855451835
dmd-2.113.0,bv_vienot_static,bv_vienot_index,double,prepared,2,1024,0.999114708493924,0.988849912295041,1.0001264862000485,24.1302490235,1.2217712404999999,19.75021855451835
dmd-2.113.0,bv_vienot_static,default,double,vienot,0,1024,7.098814229823651,7.036238981531932,7.120553360300668,3.088378906,1.224243164,2.5226842156988347
dmd-2.113.0,bv_vienot_static,bv_compiler,double,vienot,0,1024,1.4110671937091646,1.4103819784807883,1.4110671937091646,3.088378906,1.224243164,2.5226842156988347
dmd-2.113.0,bv_vienot_static,bv_split,double,vienot,0,1024,1.4110671937091646,1.3986287952465466,1.4110671937091646,3.088378906,1.224243164,2.5226842156988347
dmd-2.113.0,bv_vienot_static,bv_vienot_index,double,vienot,0,1024,0.715415019739809,0.7061704212300709,0.7598814230471239,3.088378906,1.224243164,2.5226842156988347
dmd-2.113.0,bv_vienot_static,default,double,vienot,1,1024,6.552158272452746,6.540394973347266,6.594032548977618,3.393554688,1.224853516,2.7705800274650962
dmd-2.113.0,bv_vienot_static,bv_compiler,double,vienot,1,1024,1.284172661607627,1.2818671453954984,1.2911392402888109,3.393554688,1.224853516,2.7705800274650962
dmd-2.113.0,bv_vienot_static,bv_split,double,vienot,1,1024,1.284172661607627,1.2818671453954984,1.2911392402888109,3.393554688,1.224853516,2.7705800274650962
dmd-2.113.0,bv_vienot_static,bv_vienot_index,double,vienot,1,1024,0.6492805755544082,0.6489648964851358,0.6696588870290029,3.393554688,1.224853516,2.7705800274650962
dmd-2.113.0,bv_vienot_static,default,float,brettel,0,1024,6.259842519967774,6.214566929427597,6.305774278527303,4.650878906,2.2080993655,2.106281528207794
dmd-2.113.0,bv_vienot_static,bv_compiler,float,brettel,0,1024,0.9343832021499637,0.9325474786539012,0.9343832021499637,4.650878906,2.2080993655,2.106281528207794
dmd-2.113.0,bv_vienot_static,bv_split,float,brettel,0,1024,0.9343832021499637,0.9325474786539012,0.9343832021499637,4.650878906,2.2080993655,2.106281528207794
dmd-2.113.0,bv_vienot_static,bv_vienot_index,float,brettel,0,1024,0.9343832021499637,0.9325474786539012,0.9343832021499637,4.650878906,2.2080993655,2.106281528207794
dmd-2.113.0,bv_vienot_static,default,float,brettel,1,1024,6.318241470142461,6.259842520075279,6.3872870247436815,4.650878906,2.146057129,2.1671738571876573
dmd-2.113.0,bv_vienot_static,bv_compiler,float,brettel,1,1024,0.9343832021499637,0.9330708661112581,0.9343832021499637,4.650878906,2.146057129,2.1671738571876573
dmd-2.113.0,bv_vienot_static,bv_split,float,brettel,1,1024,0.9343832021499637,0.9331585845096841,0.9343832021499637,4.650878906,2.146057129,2.1671738571876573
dmd-2.113.0,bv_vienot_static,bv_vienot_index,float,brettel,1,1024,0.9343832021499637,0.9331585845096841,0.9343832021499637,4.650878906,2.146057129,2.1671738571876573
dmd-2.113.0,bv_vienot_static,default,float,brettel,2,1024,6.287024901508207,6.238532109924293,6.287024901508207,4.656982422,2.15246582,2.1635569674225996
dmd-2.113.0,bv_vienot_static,bv_compiler,float,brettel,2,1024,0.9344692005796882,0.931937172674942,0.9456094364231636,4.656982422,2.15246582,2.1635569674225996
dmd-2.113.0,bv_vienot_static,bv_split,float,brettel,2,1024,0.9344692005796882,0.9332460732787806,0.9344692005796882,4.656982422,2.15246582,2.1635569674225996
dmd-2.113.0,bv_vienot_static,bv_vienot_index,float,brettel,2,1024,0.9344692005796882,0.931937172674942,0.9750982961730407,4.656982422,2.15246582,2.1635569674225996
dmd-2.113.0,bv_vienot_static,default,float,lookup,0,1024,0.9904036716301531,0.9883418340623873,1.0009506707402114,29.2572021485,4.476135254,6.53626409576318
dmd-2.113.0,bv_vienot_static,bv_compiler,float,lookup,0,1024,0.9886304370523326,0.9787367104524753,1.001161930920086,29.2572021485,4.476135254,6.53626409576318
dmd-2.113.0,bv_vienot_static,bv_split,float,lookup,0,1024,0.9859184311982777,0.9879091098517391,0.9974648779972591,29.2572021485,4.476135254,6.53626409576318
dmd-2.113.0,bv_vienot_static,bv_vienot_index,float,lookup,0,1024,0.9943673724793112,0.9954138003003681,1.0035914228328897,29.2572021485,4.476135254,6.53626409576318
dmd-2.113.0,bv_vienot_static,default,float,lookup,1,1024,0.9977992035405626,0.992046049197497,1.007069747812665,29.1198730465,4.469390869,6.515400845443487
dmd-2.113.0,bv_vienot_static,bv_compiler,float,lookup,1,1024,0.9987424020207258,0.9952516619204793,0.9987441130212565,29.1198730465,4.469390869,6.515400845443487
dmd-2.113.0,bv_vienot_static,bv_split,float,lookup,1,1024,0.9903584154349964,0.9823995001147342,1.0062255988203659,29.1198730465,4.469390869,6.515400845443487
dmd-2.113.0,bv_vienot_static,bv_vienot_index,float,lookup,1,1024,1.0009431985145039,0.9938252223945209,1.008230452679237,29.1198730465,4.469390869,6.515400845443487
dmd-2.113.0,bv_vienot_static,default,float,lookup,2,1024,1.0028453999389086,0.9868681604960198,1.0103386433123727,28.958129882999998,4.474609375,6.471655390701003
dmd-2.113.0,bv_vienot_static,bv_compiler,float,lookup,2,1024,0.9979976815238322,0.9830119854069691,1.0017930598102869,28.958129882999998,4.474609375,6.471655390701003
dmd-2.113.0,bv_vienot_static,bv_split,float,lookup,2,1024,0.9963115185810841,0.984575299626722,1.0024264162821301,28.958129882999998,4.474609375,6.471655390701003
dmd-2.113.0,bv_vienot_static,bv_vienot_index,float,lookup,2,1024,1.0155970070520732,1.0057321521732447,1.0106528847145728,28.958129882999998,4.474609375,6.471655390701003
dmd-2.113.0,bv_vienot_static,default,float,lookupApply,0,1024,0.9983736059495415,0.9998448770555449,1.0013892104622266,39.404296875,9.9869689945,3.94557116345316
dmd-2.113.0,bv_vienot_static,bv_compiler,float,lookupApply,0,1024,0.9986833952991325,0.9930539476762227,1.007445900863654,39.404296875,9.9869689945,3.94557116345316
dmd-2.113.0,bv_vienot_static,bv_split,float,lookupApply,0,1024,0.9961276332125898,0.9909701319765606,1.0036507689997318,39.404296875,9.9869689945,3.94557116345316
dmd-2.113.0,bv_vienot_static,bv_vienot_index,float,lookupApply,0,1024,0.9979863692720694,0.9945203365023791,1.0017865465358453,39.404296875,9.9869689945,3.94557116345316
dmd-2.113.0,bv_vienot_static,default,float,lookupApply,1,1024,0.9955994750203684,0.9926102686474902,1.0061685557868472,39.5294189455,9.988800049,3.9573741341891586
dmd-2.113.0,bv_vienot_static,bv_compiler,float,lookupApply,1,1024,1.0019300548056422,0.9991532599476152,1.005193798451167,39.5294189455,9.988800049,3.9573741341891586
dmd-2.113.0,bv_vienot_static,bv_split,float,lookupApply,1,1024,0.9942870377550614,0.9912098080069011,1.0072868217085553,39.5294189455,9.988800049,3.9573741341891586
dmd-2.113.0,bv_vienot_static,bv_vienot_index,float,lookupApply,1,1024,1.0003088087638432,0.9942169789482517,1.009379844953243,39.5294189455,9.988800049,3.9573741341891586
dmd-2.113.0,bv_vienot_static,default,float,lookupApply,2,1024,0.9975226445642575,0.9891254049067504,0.9993016217973427,39.4195556645,9.987548828,3.9468698820262733
dmd-2.113.0,bv_vienot_static,bv_compiler,float,lookupApply,2,1024,0.9957420453460067,0.9912848989618169,0.9988360363204289,39.4195556645,9.987548828,3.9468698820262733
dmd-2.113.0,bv_vienot_static,bv_split,float,lookupApply,2,1024,0.9942711155746644,0.9905136510859099,0.9969736944254872,39.4195556645,9.987548828,3.9468698820262733
dmd-2.113.0,bv_vienot_static,bv_vienot_index,float,lookupApply,2,1024,0.9975226445642575,0.9924417707883132,1.008846123997795,39.4195556645,9.987548828,3.9468698820262733
dmd-2.113.0,bv_vienot_static,default,float,prepared,0,1024,1.0,0.9986238532391927,1.0,13.287353516,0.786376953,16.8969264235291
dmd-2.113.0,bv_vienot_static,bv_compiler,float,prepared,0,1024,1.0,0.9986238532391927,1.0,13.287353516,0.786376953,16.8969264235291
dmd-2.113.0,bv_vienot_static,bv_split,float,prepared,0,1024,1.0,0.9986238532391927,1.0,13.287353516,0.786376953,16.8969264235291
dmd-2.113.0,bv_vienot_static,bv_vienot_index,float,prepared,0,1024,1.0,0.9986238532391927,1.0,13.287353516,0.786376953,16.8969264235291
dmd-2.113.0,bv_vienot_static,default,float,prepared,1,1024,1.0,0.998394863577514,1.0,13.287353516,0.7870178225,16.88316723729595
dmd-2.113.0,bv_vienot_static,bv_compiler,float,prepared,1,1024,1.0,0.998394863577514,1.0,13.287353516,0.7870178225,16.88316723729595
dmd-2.113.0,bv_vienot_static,bv_split,float,prepared,1,1024,1.0,0.998394863577514,1.0146991272389054,13.287353516,0.7870178225,16.88316723729595
dmd-2.113.0,bv_vienot_static,bv_vienot_index,float,prepared,1,1024,1.0,0.998394863577514,1.0,13.287353516,0.7870178225,16.88316723729595
dmd-2.113.0,bv_vienot_static,default,float,prepared,2,1024,1.0,1.0,1.0,13.287353516,0.786376953,16.8969264235291
dmd-2.113.0,bv_vienot_static,bv_compiler,float,prepared,2,1024,1.0,1.0,1.0,13.287353516,0.786376953,16.8969264235291
dmd-2.113.0,bv_vienot_static,bv_split,float,prepared,2,1024,1.0,1.0,1.0,13.287353516,0.786376953,16.8969264235291
dmd-2.113.0,bv_vienot_static,bv_vienot_index,float,prepared,2,1024,1.0,1.0,1.0,13.287353516,0.786376953,16.8969264235291
dmd-2.113.0,bv_vienot_static,default,float,vienot,0,1024,2.5220706259120838,2.5089964014681585,2.5496554519945938,7.604980469,0.783325195,9.708586571123886
dmd-2.113.0,bv_vienot_static,bv_compiler,float,vienot,0,1024,0.4502407704999985,0.44862055183209426,0.45480340499131156,7.604980469,0.783325195,9.708586571123886
dmd-2.113.0,bv_vienot_static,bv_split,float,vienot,0,1024,0.4506420545680431,0.45101959210131826,0.45480340499131156,7.604980469,0.783325195,9.708586571123886
dmd-2.113.0,bv_vienot_static,bv_vienot_index,float,vienot,0,1024,0.2881219903104001,0.289866774276567,0.29108356657575424,7.604980469,0.783325195,9.708586571123886
dmd-2.113.0,bv_vienot_static,default,float,vienot,1,1024,2.543169841941952,2.543169841941952,2.5483346872536554,7.5286865235,0.783935547,9.603706009137
dmd-2.113.0,bv_vienot_static,bv_compiler,float,vienot,1,1024,0.45480340499131156,0.45480340499131156,0.4561332250210385,7.5286865235,0.783935547,9.603706009137
dmd-2.113.0,bv_vienot_static,bv_split,float,vienot,1,1024,0.45480340499131156,0.45480340499131156,0.48172217713369153,7.5286865235,0.783935547,9.603706009137
dmd-2.113.0,bv_vienot_static,bv_vienot_index,float,vienot,1,1024,0.29185245236887836,0.29185245236887836,0.29244516652641,7.5286865235,0.783935547,9.603706009137
dmd-2.113.0,bv_vienot_index,default,double,brettel,0,8191,4.462060588821101,4.444713420904836,4.467148066359513,5.339702112,4.113527805,1.2980833885478014
dmd-2.113.0,bv_vienot_index,bv_compiler,double,brettel,0,8191,0.9997142040945373,0.9967960127091837,1.0000714541285125,5.339702112,4.113527805,1.2980833885478014
dmd-2.113.0,bv_vienot_index,bv_split,double,brettel,0,8191,1.0,0.9964400142249947,1.0010724243987226,5.339702112,4.113527805,1.2980833885478014
dmd-2.113.0,bv_vienot_index,bv_vienot_index,double,brettel,0,8191,1.0,1.0,1.0,5.339702112,4.113527805,1.2980833885478014
dmd-2.113.0,bv_vienot_index,default,double,brettel,1,8191,4.5328764188104484,4.499395060903152,4.567333809707748,5.3438987915,4.142503968,1.2900165776015016
dmd-2.113.0,bv_vienot_index,bv_compiler,double,brettel,1,8191,0.9990718925089134,0.9960145184853462,1.001215501201954,5.3438987915,4.142503968,1.2900165776015016
dmd-2.113.0,bv_vienot_index,bv_split,double,brettel,1,8191,1.0000713928191542,0.9998576613944634,1.0040755040741776,5.3438987915,4.142503968,1.2900165776015016
dmd-2.113.0,bv_vienot_index,bv_vienot_index,double,brettel,1,8191,1.0,1.0,1.0,5.3438987915,4.142503968,1.2900165776015016
dmd-2.113.0,bv_vienot_index,default,double,brettel,2,8191,4.516363636602175,4.506986028039401,4.52295081993889,5.3507660845,4.232209895,1.2642960101816971
dmd-2.113.0,bv_vienot_index,bv_compiler,double,brettel,2,8191,0.9982174687980419,0.9976475619900691,0.9995717345296586,5.3507660845,4.232209895,1.2642960101816971
dmd-2.113.0,bv_vienot_index,bv_split,double,brettel,2,8191,0.9982174687980419,0.9969351390494428,0.9992862241225531,5.3507660845,4.232209895,1.2642960101816971
dmd-2.113.0,bv_vienot_index,bv_vienot_index,double,brettel,2,8191,1.0,1.0,1.0,5.3507660845,4.232209895,1.2642960101816971
dmd-2.113.0,bv_vienot_index,default,double,lookup,0,8191,0.9976904740419835,0.9947608238047676,0.9989272422762014,46.253891466,5.9225521914999995,7.809790436694374
dmd-2.113.0,bv_vienot_index,bv_compiler,double,lookup,0,8191,0.9982101173787538,0.9954270298808869,0.9995958096206837,46.253891466,5.9225521914999995,7.809790436694374
dmd-2.113.0,bv_vienot_index,bv_split,double,lookup,0,8191,1.0014846952618133,0.9991528490640995,1.0041920071280994,46.253891466,5.9225521914999995,7.809790436694374
dmd-2.113.0,bv_vienot_index,bv_vienot_index,double,lookup,0,8191,1.0,1.0,1.0,46.253891466,5.9225521914999995,7.809790436694374
dmd-2.113.0,bv_vienot_index,default,double,lookup,1,8191,0.997814685316178,0.9962587556646308,0.9995051709613227,46.264192406,5.9038121105000005,7.836325333544843
dmd-2.113.0,bv_vienot_index,bv_compiler,double,lookup,1,8191,0.9993980076588047,0.9979796647090042,1.0098969921746386,46.264192406,5.9038121105000005,7.836325333544843
dmd-2.113.0,bv_vienot_index,bv_split,double,lookup,1,8191,1.0011545058764082,1.0005030222631393,1.0022184835190797,46.264192406,5.9038121105000005,7.836325333544843
dmd-2.113.0,bv_vienot_index,bv_vienot_index,double,lookup,1,8191,1.0,1.0,1.0,46.264192406,5.9038121105000005,7.836325333544843
dmd-2.113.0,bv_vienot_index,default,double,lookup,2,8191,0.9990186700093867,0.9977479335532787,0.9996047756239917,46.2641924065,5.9002182275,7.841098519181848
dmd-2.113.0,bv_vienot_index,bv_compiler,double,lookup,2,8191,0.9989279588290613,0.99806188763073,0.999431864966907,46.2641924065,5.9002182275,7.841098519181848
dmd-2.113.0,bv_vienot_index,bv_split,double,lookup,2,8191,1.0047747064308197,1.0008892548325297,1.0342264605444613,46.2641924065,5.9002182275,7.841098519181848
dmd-2.113.0,bv_vienot_index,bv_vienot_index,double,lookup,2,8191,1.0,1.0,1.0,46.2641924065,5.9002182275,7.841098519181848
dmd-2.113.0,bv_vienot_index,default,double,lookupApply,0,8191,0.9943030682351701,0.9934205384413373,0.9952967796146028,53.6419545845,10.2296651815,5.243764447101323
dmd-2.113.0,bv_vienot_index,bv_compiler,double,lookupApply,0,8191,0.9950356324902271,0.993839748193486,0.9962376068589731,53.6419545845,10.2296651815,5.243764447101323
dmd-2.113.0,bv_vienot_index,bv_split,double,lookupApply,0,8191,1.000576094220268,0.9987778969940512,1.0014935776132803,53.6419545845,10.2296651815,5.243764447101323
dmd-2.113.0,bv_vienot_index,bv_vienot_index,double,lookupApply,0,8191,1.0,1.0,1.0,53.6419545845,10.2296651815,5.243764447101323
dmd-2.113.0,bv_vienot_index,default,double,lookupApply,1,8191,0.9945431390796666,0.9942679553005258,0.994990963804334,53.624786351,10.228024661500001,5.24292697033208
dmd-2.113.0,bv_vienot_index,bv_compiler,double,lookupApply,1,8191,0.9972182104088286,0.9956120700002954,1.2570881743874802,53.624786351,10.228024661500001,5.24292697033208
dmd-2.113.0,bv_vienot_index,bv_split,double,lookupApply,1,8191,1.0003984148740503,0.999950194234783,1.0005549586931641,53.624786351,10.228024661500001,5.24292697033208
dmd-2.113.0,bv_vienot_index,bv_vienot_index,double,lookupApply,1,8191,1.0,1.0,1.0,53.624786351,10.228024661500001,5.24292697033208
dmd-2.113.0,bv_vienot_index,default,double,lookupApply,2,8191,0.9946102760216469,0.9943918457849138,0.9957965561696258,53.655689171,10.259671438,5.229766810296562
dmd-2.113.0,bv_vienot_index,bv_compiler,double,lookupApply,2,8191,0.9950440137083596,0.9939511543351017,0.9959885916644884,53.655689171,10.259671438,5.229766810296562
dmd-2.113.0,bv_vienot_index,bv_split,double,lookupApply,2,8191,1.0001777613454856,0.9998223018302457,1.0007752048150054,53.655689171,10.259671438,5.229766810296562
dmd-2.113.0,bv_vienot_index,bv_vienot_index,double,lookupApply,2,8191,1.0,1.0,1.0,53.655689171,10.259671438,5.229766810296562
dmd-2.113.0,bv_vienot_index,default,double,prepared,0,8191,0.9986995283735555,0.9984028810950804,0.9998901753886501,24.3495147115,1.195084544,20.3747214653125
dmd-2.113.0,bv_vienot_index,bv_compiler,double,prepared,0,8191,0.9995769549979927,0.9982619588242786,1.0013963412697955,24.3495147115,1.195084544,20.3747214653125
dmd-2.113.0,bv_vienot_index,bv_split,double,prepared,0,8191,0.9989188850245312,0.9984487135307246,1.0002510276331498,24.3495147115,1.195084544,20.3747214653125
dmd-2.113.0,bv_vienot_index,bv_vienot_index,double,prepared,0,8191,1.0,1.0,1.0,24.3495147115,1.195084544,20.3747214653125
dmd-2.113.0,bv_vienot_index,default,double,prepared,1,8191,1.0002511024856258,0.9980724930738802,1.0017424063995974,24.309837016499998,1.1947793309999999,20.34671707632679
dmd-2.113.0,bv_vienot_index,bv_compiler,double,prepared,1,8191,1.0002511024856258,0.9987149953962786,1.0003610391705524,24.309837016499998,1.1947793309999999,20.34671707632679
dmd-2.113.0,bv_vienot_index,bv_split,double,prepared,1,8191,1.0003609598449406,0.9990127403629289,1.0007845106461826,24.309837016499998,1.1947793309999999,20.34671707632679
dmd-2.113.0,bv_vienot_index,bv_vienot_index,double,prepared,1,8191,1.0,1.0,1.0,24.309837016499998,1.1947793309999999,20.34671707632679
dmd-2.113.0,bv_vienot_index,default,double,prepared,2,8191,0.9998902287981978,0.9990120591632284,1.0001567447467514,24.328912831,1.194703028,20.363983568140753
dmd-2.113.0,bv_vienot_index,bv_compiler,double,prepared,2,8191,1.0000940896132886,0.9991222295455545,1.000940896050679,24.328912831,1.194703028,20.363983568140753
dmd-2.113.0,bv_vienot_index,bv_split,double,prepared,2,8191,1.0000470448066443,0.99904385718245,1.0006585962478318,24.328912831,1.194703028,20.363983568140753
dmd-2.113.0,bv_vienot_index,bv_vienot_index,double,prepared,2,8191,1.0,1.0,1.0,24.328912831,1.194703028,20.363983568140753
dmd-2.113.0,bv_vienot_index,default,double,vienot,0,8191,10.102140248399209,10.074973966272617,10.144529886161639,2.1925741665,1.2002388295,1.8267815643103222
dmd-2.113.0,bv_vienot_index,bv_compiler,double,vienot,0,8191,2.007134157073906,1.9890662961066528,2.0153792381421,2.1925741665,1.2002388295,1.8267815643103222
dmd-2.113.0,bv_vienot_index,bv_split,double,vienot,0,8191,2.008004176446179,2.0027768134814123,2.019573575942148,2.1925741665,1.2002388295,1.8267815643103222
dmd-2.113.0,bv_vienot_index,bv_vienot_index,double,vienot,0,8191,1.0,1.0,1.0,2.1925741665,1.2002388295,1.8267815643103222
dmd-2.113.0,bv_vienot_index,default,double,vienot,1,8191,10.270458907701974,10.21869029117408,10.287087192397918,2.186469906,1.2003914355,1.8214641002409917
dmd-2.113.0,bv_vienot_index,bv_compiler,double,vienot,1,8191,2.0111673354995627,2.001910717486938,2.0155512842668073,2.186469906,1.2003914355,1.8214641002409917
dmd-2.113.0,bv_vienot_index,bv_split,double,vienot,1,8191,2.0132612111058252,2.003647733301374,2.022008733348872,2.186469906,1.2003914355,1.8214641002409917
dmd-2.113.0,bv_vienot_index,bv_vienot_index,double,vienot,1,8191,1.0,1.0,1.0,2.186469906,1.2003914355,1.8214641002409917
dmd-2.113.0,bv_vienot_index,default,float,brettel,0,8191,7.597939929227195,7.579411765070668,7.606147185673734,4.407657795,2.1213755955,2.077735693928888
dmd-2.113.0,bv_vienot_index,bv_compiler,float,brettel,0,8191,1.0007790185081733,0.9990484429704972,1.0013852813230162,4.407657795,2.1213755955,2.077735693928888
dmd-2.113.0,bv_vienot_index,bv_split,float,brettel,0,8191,1.0004327880222832,0.9987024221397387,1.001212331099397,4.407657795,2.1213755955,2.077735693928888
dmd-2.113.0,bv_vienot_index,bv_vienot_index,float,brettel,0,8191,1.0,1.0,1.0,4.407657795,2.1213755955,2.077735693928888
dmd-2.113.0,bv_vienot_index,default,float,brettel,1,8191,7.5990484424717755,7.571367079808959,7.625000000056802,4.4103284095,2.0942001895,2.1059726914421617
dmd-2.113.0,bv_vienot_index,bv_compiler,float,brettel,1,8191,0.9986159167904931,0.9957816804680061,1.0019937586997536,4.4103284095,2.0942001895,2.1059726914421617
dmd-2.113.0,bv_vienot_index,bv_split,float,brettel,1,8191,0.9989619377345828,0.9941460055750672,1.0024271843855024,4.4103284095,2.0942001895,2.1059726914421617
dmd-2.113.0,bv_vienot_index,bv_vienot_index,float,brettel,1,8191,1.0,1.0,1.0,4.4103284095,2.0942001895,2.1059726914421617
dmd-2.113.0,bv_vienot_index,default,float,brettel,2,8191,7.602114201683081,7.592220392766271,7.61839140259255,4.4030795995,2.0859785129999997,2.11079815638542
dmd-2.113.0,bv_vienot_index,bv_compiler,float,brettel,2,8191,1.0007798283956506,1.0001732801720964,1.0035519361851313,4.4030795995,2.0859785129999997,2.11079815638542
dmd-2.113.0,bv_vienot_index,bv_split,float,brettel,2,8191,0.9998267048135839,0.9994802044053285,1.0039001560229859,4.4030795995,2.0859785129999997,2.11079815638542
dmd-2.113.0,bv_vienot_index,bv_vienot_index,float,brettel,2,8191,1.0,1.0,1.0,4.4030795995,2.0859785129999997,2.11079815638542
dmd-2.113.0,bv_vienot_index,default,float,lookup,0,8191,0.9960302998752355,0.9950783813270117,0.996627384587846,29.312660237,4.5400553965,6.4564543110195505
dmd-2.113.0,bv_vienot_index,bv_compiler,float,lookup,0,8191,0.9875702832136641,0.9872908392377118,0.9884689468601441,29.312660237,4.5400553965,6.4564543110195505
dmd-2.113.0,bv_vienot_index,bv_split,float,lookup,0,8191,0.9908241357718707,0.990199906299961,0.99154892895471,29.312660237,4.5400553965,6.4564543110195505
dmd-2.113.0,bv_vienot_index,bv_vienot_index,float,lookup,0,8191,1.0,1.0,1.0,29.312660237,4.5400553965,6.4564543110195505
dmd-2.113.0,bv_vienot_index,default,float,lookup,1,8191,0.9977040882887331,0.997274778017542,0.9980046948579195,29.246276401000003,4.532024478,6.45324766955065
dmd-2.113.0,bv_vienot_index,bv_compiler,float,lookup,1,8191,0.9884813065813574,0.9871692897505415,0.9900302745574866,29.246276401000003,4.532024478,6.45324766955065
dmd-2.113.0,bv_vienot_index,bv_split,float,lookup,1,8191,0.9917686347246663,0.9911319770608524,0.9928805205445042,29.246276401000003,4.532024478,6.45324766955065
dmd-2.113.0,bv_vienot_index,bv_vienot_index,float,lookup,1,8191,1.0,1.0,1.0,29.246276401000003,4.532024478,6.45324766955065
dmd-2.113.0,bv_vienot_index,default,float,lookup,2,8191,0.997064540964019,0.9962964894974738,0.9982771897271077,29.242842754,4.535465755500001,6.447594212025133
dmd-2.113.0,bv_vienot_index,bv_compiler,float,lookup,2,8191,0.9882712103304975,0.9868681863388996,0.9897808694617607,29.242842754,4.535465755500001,6.447594212025133
dmd-2.113.0,bv_vienot_index,bv_split,float,lookup,2,8191,0.9921851557175049,0.9921298894503575,0.9926581816450613,29.242842754,4.535465755500001,6.447594212025133
dmd-2.113.0,bv_vienot_index,bv_vienot_index,float,lookup,2,8191,1.0,1.0,1.0,29.242842754,4.535465755500001,6.447594212025133
dmd-2.113.0,bv_vienot_index,default,float,lookupApply,0,8191,1.0005735003910199,0.998600732671052,1.0015159318596172,39.249252228,10.100518099,3.8858652440695955
dmd-2.113.0,bv_vienot_index,bv_compiler,float,lookupApply,0,8191,0.9979781681052412,0.9971431625441598,0.99890112027936,39.249252228,10.100518099,3.8858652440695955
dmd-2.113.0,bv_vienot_index,bv_split,float,lookupApply,0,8191,0.9978129222309423,0.9966573058309506,0.9986881358968386,39.249252228,10.100518099,3.8858652440695955
dmd-2.113.0,bv_vienot_index,bv_vienot_index,float,lookupApply,0,8191,1.0,1.0,1.0,39.249252228,10.100518099,3.8858652440695955
dmd-2.113.0,bv_vienot_index,default,float,lookupApply,1,8191,0.9997473250534563,0.997230455275237,1.0021967554261506,39.2576455865,10.055293157,3.9041771307453885
dmd-2.113.0,bv_vienot_index,bv_compiler,float,lookupApply,1,8191,0.9971136745770875,0.9965208940673035,0.9984350547740597,39.2576455865,10.055293157,3.9041771307453885
dmd-2.113.0,bv_vienot_index,bv_split,float,lookupApply,1,8191,0.9968707178903708,0.9954132452219517,1.0012633624932266,39.2576455865,10.055293157,3.9041771307453885
dmd-2.113.0,bv_vienot_index,bv_vienot_index,float,lookupApply,1,8191,1.0,1.0,1.0,39.2576455865,10.055293157,3.9041771307453885
dmd-2.113.0,bv_vienot_index,default,float,lookupApply,2,8191,1.0005929007374665,0.9978246936078126,1.0011850412846686,39.251922842,10.052004487000001,3.904885129405135
dmd-2.113.0,bv_vienot_index,bv_compiler,float,lookupApply,2,8191,0.9975020411383494,0.9965331054446103,0.9996591650503079,39.251922842,10.052004487000001,3.904885129405135
dmd-2.113.0,bv_vienot_index,bv_split,float,lookupApply,2,8191,0.9966467089133488,0.9947268242473637,1.0007108843134334,39.251922842,10.052004487000001,3.904885129405135
dmd-2.113.0,bv_vienot_index,bv_vienot_index,float,lookupApply,2,8191,1.0,1.0,1.0,39.251922842,10.052004487000001,3.904885129405135
dmd-2.113.0,bv_vienot_index,default,float,prepared,0,8191,0.9983814634983068,0.9884566774061675,0.9989489830730751,13.43585948,0.767290319,17.510789784902784
dmd-2.113.0,bv_vienot_index,bv_compiler,float,prepared,0,8191,0.9982110912565156,0.9870242943299269,1.0053403022313434,13.43585948,0.767290319,17.510789784902784
dmd-2.113.0,bv_vienot_index,bv_split,float,prepared,0,8191,0.9993185109584073,0.9879792163807539,1.0055107374247811,13.43585948,0.767290319,17.510789784902784
dmd-2.113.0,bv_vienot_index,bv_vienot_index,float,prepared,0,8191,1.0,1.0,1.0,13.43585948,0.767290319,17.510789784902784
dmd-2.113.0,bv_vienot_index,default,float,prepared,1,8191,0.999943115567951,0.998210786386901,1.0017083795718738,13.413731534499998,0.7670957455,17.486384995860988
dmd-2.113.0,bv_vienot_index,bv_compiler,float,prepared,1,8191,0.9998862311359019,0.9983811877347859,1.0022493664705066,13.413731534499998,0.7670957455,17.486384995860988
dmd-2.113.0,bv_vienot_index,bv_split,float,prepared,1,8191,0.9994880400742824,0.9978699838400118,1.0011389197394596,13.413731534499998,0.7670957455,17.486384995860988
dmd-2.113.0,bv_vienot_index,bv_vienot_index,float,prepared,1,8191,1.0,1.0,1.0,13.413731534499998,0.7670957455,17.486384995860988
dmd-2.113.0,bv_vienot_index,default,float,prepared,2,8191,1.0000568877053493,0.9991753398282538,1.0022478944093831,13.412968502,0.7672865035,17.481043183760367
dmd-2.113.0,bv_vienot_index,bv_compiler,float,prepared,2,8191,0.9996586739542915,0.9991184667193864,1.0010243569507684,13.412968502,0.7672865035,17.481043183760367
dmd-2.113.0,bv_vienot_index,bv_split,float,prepared,2,8191,0.9998577808111817,0.999317522619056,1.0010528112877228,13.412968502,0.7672865035,17.481043183760367
dmd-2.113.0,bv_vienot_index,bv_vienot_index,float,prepared,2,8191,1.0,1.0,1.0,13.412968502,0.7672865035,17.481043183760367
dmd-2.113.0,bv_vienot_index,default,float,vienot,0,8191,8.897314375327392,8.87578836790761,8.913677919110711,2.173498352,0.7668668354999999,2.834257854667651
dmd-2.113.0,bv_vienot_index,bv_compiler,float,vienot,0,8191,1.5796032998326377,1.5701476795365876,1.5802317411616609,2.173498352,0.7668668354999999,2.834257854667651
dmd-2.113.0,bv_vienot_index,bv_split,float,vienot,0,8191,1.578725645152916,1.5649578649714164,1.596343178624252,2.173498352,0.7668668354999999,2.834257854667651
dmd-2.113.0,bv_vienot_index,bv_vienot_index,float,vienot,0,8191,1.0,1.0,1.0,2.173498352,0.7668668354999999,2.834257854667651
dmd-2.113.0,bv_vienot_index,default,float,vienot,1,8191,8.888635567815195,8.8822498679066,8.89798068383635,2.175405933,0.766908802,2.836590123006568
dmd-2.113.0,bv_vienot_index,bv_compiler,float,vienot,1,8191,1.5799719398852996,1.5682177347695112,1.5818564660710874,2.175405933,0.766908802,2.836590123006568
dmd-2.113.0,bv_vienot_index,bv_split,float,vienot,1,8191,1.5710277098890306,1.5640441562684189,1.5727320582876312,2.175405933,0.766908802,2.836590123006568
dmd-2.113.0,bv_vienot_index,bv_vienot_index,float,vienot,1,8191,1.0,1.0,1.0,2.175405933,0.766908802,2.836590123006568
dmd-2.113.0,bv_vienot_static,default,double,brettel,0,8191,4.461423060599474,4.454746451763698,4.468255672572498,5.3404651444999995,4.1023989745,1.3017907760058602
dmd-2.113.0,bv_vienot_static,bv_compiler,double,brettel,0,8191,0.9995713673925282,0.9976438669789834,1.0020757282656807,5.3404651444999995,4.1023989745,1.3017907760058602
dmd-2.113.0,bv_vienot_static,bv_split,double,brettel,0,8191,0.9998571224641761,0.9978603523195302,1.0017178441692791,5.3404651444999995,4.1023989745,1.3017907760058602
dmd-2.113.0,bv_vienot_static,bv_vienot_index,double,brettel,0,8191,0.9998571224641761,0.9981456386395376,1.005296686071353,5.3404651444999995,4.1023989745,1.3017907760058602
dmd-2.113.0,bv_vienot_static,default,double,brettel,1,8191,4.539357975167077,4.520629245934143,4.57551020395944,5.3362684655,4.1757912645,1.2779059410525764
dmd-2.113.0,bv_vienot_static,bv_compiler,double,brettel,1,8191,1.0005004646069189,1.0002142857339307,1.0015753669767844,5.3362684655,4.1757912645,1.2779059410525764
dmd-2.113.0,bv_vienot_static,bv_split,double,brettel,1,8191,1.001501394101852,1.0025778732091437,1.0045763318600087,5.3362684655,4.1757912645,1.2779059410525764
dmd-2.113.0,bv_vienot_static,bv_vienot_index,double,brettel,1,8191,1.001429899198163,0.9990000000331385,1.0047193422101346,5.3362684655,4.1757912645,1.2779059410525764
dmd-2.113.0,bv_vienot_static,default,double,brettel,2,8191,4.5199086627661655,4.502492522256554,4.529605263199513,5.3465694055,4.2362234465,1.262107505192479
dmd-2.113.0,bv_vienot_static,bv_compiler,double,brettel,2,8191,0.9990009989406466,0.9966528983587295,1.0014302059557418,5.3465694055,4.2362234465,1.262107505192479
dmd-2.113.0,bv_vienot_static,bv_split,double,brettel,2,8191,0.9990009989406466,0.9977211223562966,1.0011441647083623,5.3465694055,4.2362234465,1.262107505192479
dmd-2.113.0,bv_vienot_static,bv_vienot_index,double,brettel,2,8191,1.0007849293035798,0.9990029909667143,1.0018592676862335,5.3465694055,4.2362234465,1.262107505192479
dmd-2.113.0,bv_vienot_static,default,double,lookup,0,8191,0.2627740556340088,0.2626049963735606,0.26297289958279796,175.615004273,5.9149027895,29.69026043585158
dmd-2.113.0,bv_vienot_static,bv_compiler,double,lookup,0,8191,0.2629109205140884,0.26267962852305843,0.2632915737835313,175.615004273,5.9149027895,29.69026043585158
dmd-2.113.0,bv_vienot_static,bv_split,double,lookup,0,8191,0.26377338651252064,0.26365441691025915,0.2643588768793731,175.615004273,5.9149027895,29.69026043585158
dmd-2.113.0,bv_vienot_static,bv_vienot_index,double,lookup,0,8191,0.26338234399434696,0.263255308748589,0.26412528484973713,175.615004273,5.9149027895,29.69026043585158
dmd-2.113.0,bv_vienot_static,default,double,lookup,1,8191,0.26282304694675385,0.2594357033109883,0.2632494672821741,175.643236479,5.914631913,29.696393463293443
dmd-2.113.0,bv_vienot_static,bv_compiler,double,lookup,1,8191,0.26324009192365366,0.26294268456930436,0.26320819676204366,175.643236479,5.914631913,29.696393463293443
dmd-2.113.0,bv_vienot_static,bv_split,double,lookup,1,8191,0.26370275119325626,0.2605623224227698,0.26396409898809364,175.643236479,5.914631913,29.696393463293443
dmd-2.113.0,bv_vienot_static,bv_vienot_index,double,lookup,1,8191,0.2633986558971849,0.2604099606009604,0.2634749923947343,175.643236479,5.914631913,29.696393463293443
dmd-2.113.0,bv_vienot_static,default,double,lookup,2,8191,0.2631316016406911,0.26264084897110307,0.2636898155289683,175.64895922350001,5.948083262,29.53034641355026
dmd-2.113.0,bv_vienot_static,bv_compiler,double,lookup,2,8191,0.2631077092161726,0.2629266798320763,0.26364420272240563,175.64895922350001,5.948083262,29.53034641355026
dmd-2.113.0,bv_vienot_static,bv_split,double,lookup,2,8191,0.26464768450094395,0.26374359341848563,0.2722432254591801,175.64895922350001,5.948083262,29.53034641355026
dmd-2.113.0,bv_vienot_static,bv_vienot_index,double,lookup,2,8191,0.2633900742197528,0.2632336686839936,0.26379407337701344,175.64895922350001,5.948083262,29.53034641355026
dmd-2.113.0,bv_vienot_static,default,double,lookupApply,0,8191,0.2928088503892351,0.29258103693719945,0.29302243738350015,182.15419362699998,10.246448083499999,17.777301182087232
dmd-2.113.0,bv_vienot_static,bv_compiler,double,lookupApply,0,8191,0.29302458068738274,0.29305320145139624,0.29330974118469244,182.15419362699998,10.246448083499999,17.777301182087232
dmd-2.113.0,bv_vienot_static,bv_split,double,lookupApply,0,8191,0.29465617198145194,0.2945093117728837,0.2948571907198297,182.15419362699998,10.246448083499999,17.777301182087232
dmd-2.113.0,bv_vienot_static,bv_vienot_index,double,lookupApply,0,8191,0.2944865199993335,0.2944070988524285,0.2948696728864814,182.15419362699998,10.246448083499999,17.777301182087232
dmd-2.113.0,bv_vienot_static,default,double,lookupApply,1,8191,0.2927496350841944,0.29277759981834856,0.292824369903818,182.1767030885,10.2540517035,17.766314073325564
dmd-2.113.0,bv_vienot_static,bv_compiler,double,lookupApply,1,8191,0.2935370580974998,0.29319209447747313,0.37016823448007885,182.1767030885,10.2540517035,17.766314073325564
dmd-2.113.0,bv_vienot_static,bv_split,double,lookupApply,1,8191,0.2944731700267906,0.29423686089225964,0.2946282290342938,182.1767030885,10.2540517035,17.766314073325564
dmd-2.113.0,bv_vienot_static,bv_vienot_index,double,lookupApply,1,8191,0.29435589426025294,0.29425151631419594,0.2944842708439504,182.1767030885,10.2540517035,17.766314073325564
dmd-2.113.0,bv_vienot_static,default,double,lookupApply,2,8191,0.29294915694170187,0.29287773039318055,0.29320494483041937,182.1698357955,10.275695123,17.72822506068235
dmd-2.113.0,bv_vienot_static,bv_compiler,double,lookupApply,2,8191,0.2930769085774125,0.29275487324908406,0.2932614882642441,182.1698357955,10.275695123,17.72822506068235
dmd-2.113.0,bv_vienot_static,bv_split,double,lookupApply,2,8191,0.2945889852958063,0.29445937144730727,0.2947545475105392,182.1698357955,10.275695123,17.72822506068235
dmd-2.113.0,bv_vienot_static,bv_vienot_index,double,lookupApply,2,8191,0.294536628068506,0.2944426178357603,0.294536478952953,182.1698357955,10.275695123,17.72822506068235
dmd-2.113.0,bv_vienot_static,default,double,prepared,0,8191,0.9998901909145889,0.9989498267994272,1.0006905318611807,24.3205194725,1.1975720305,20.30818928056119
dmd-2.113.0,bv_vienot_static,bv_compiler,double,prepared,0,8191,1.000768663618437,1.0005492866937338,1.001223548593429,24.3205194725,1.1975720305,20.30818928056119
dmd-2.113.0,bv_vienot_static,bv_split,double,prepared,0,8191,1.0001098090854112,0.9987460618656988,1.0010671855999032,24.3205194725,1.1975720305,20.30818928056119
dmd-2.113.0,bv_vienot_static,bv_vienot_index,double,prepared,0,8191,1.001192212980187,0.9998274482647429,1.0022913102610354,24.3205194725,1.1975720305,20.30818928056119
dmd-2.113.0,bv_vienot_static,default,double,prepared,1,8191,0.9999686210561148,0.9977597794108178,1.0018682198531028,24.3167043095,1.1932456354999998,20.378624137444
dmd-2.113.0,bv_vienot_static,bv_compiler,double,prepared,1,8191,0.9999686210561148,0.9984020804259403,1.0004866791317701,24.3167043095,1.1932456354999998,20.378624137444
dmd-2.113.0,bv_vienot_static,bv_split,double,prepared,1,8191,1.000078447390556,0.9986997321038567,1.0006122737278371,24.3167043095,1.1932456354999998,20.378624137444
dmd-2.113.0,bv_vienot_static,bv_vienot_index,double,prepared,1,8191,0.9997175894844714,0.9989342026809266,1.0001255946166414,24.3167043095,1.1932456354999998,20.378624137444
dmd-2.113.0,bv_vienot_static,default,double,prepared,2,8191,0.9997961583848355,0.9976822125539269,1.0003294065866082,24.3312019285,1.1934363935,20.387514626685462
dmd-2.113.0,bv_vienot_static,bv_compiler,double,prepared,2,8191,1.0000000000205498,0.9990909091034583,1.0006744992099605,24.3312019285,1.1934363935,20.387514626685462
dmd-2.113.0,bv_vienot_static,bv_split,double,prepared,2,8191,0.9999529596399157,0.9989820528036351,1.0009882197803819,24.3312019285,1.1934363935,20.387514626685462
dmd-2.113.0,bv_vienot_static,bv_vienot_index,double,prepared,2,8191,0.9999059192592816,0.9986688382816766,1.0003294065866082,24.3312019285,1.1934363935,20.387514626685462
dmd-2.113.0,bv_vienot_static,default,double,vienot,0,8191,7.037212121498811,6.986880115401163,7.059324094140351,3.1475094615000003,1.1978734279999999,2.6275810014044327
dmd-2.113.0,bv_vienot_static,bv_compiler,double,vienot,0,8191,1.3981818181422483,1.3880597013347908,1.4055433990087127,3.1475094615000003,1.1978734279999999,2.6275810014044327
dmd-2.113.0,bv_vienot_static,bv_split,double,vienot,0,8191,1.3987878789097643,1.390948483338618,1.4021395574841842,3.1475094615000003,1.1978734279999999,2.6275810014044327
dmd-2.113.0,bv_vienot_static,bv_vienot_index,double,vienot,0,8191,0.6966060605438469,0.6887337504847917,0.6996109894831541,3.1475094615000003,1.1978734279999999,2.6275810014044327
dmd-2.113.0,bv_vienot_static,default,double,vienot,1,8191,6.632112676252924,6.628619718432419,6.640311301322677,3.385957148,1.1979878830000001,2.826370112793536
dmd-2.113.0,bv_vienot_static,bv_compiler,double,vienot,1,8191,1.2987042253613306,1.291666666543679,1.3010376718885894,3.385957148,1.1979878830000001,2.826370112793536
dmd-2.113.0,bv_vienot_static,bv_split,double,vienot,1,8191,1.300056338161312,1.2997183098136478,1.3036036034413925,3.385957148,1.1979878830000001,2.826370112793536
dmd-2.113.0,bv_vienot_static,bv_vienot_index,double,vienot,1,8191,0.6457464788919414,0.6447072072148524,0.6486760562806745,3.385957148,1.1979878830000001,2.826370112793536
dmd-2.113.0,bv_vienot_static,default,float,brettel,0,8191,7.110490076850152,7.098598395610261,7.116322397631331,4.7098187035,2.1198113785,2.2218102757957245
dmd-2.113.0,bv_vienot_static,bv_compiler,float,brettel,0,8191,0.936573511571049,0.9356720408158454,0.9368975293509406,4.7098187035,2.1198113785,2.2218102757957245
dmd-2.113.0,bv_vienot_static,bv_split,float,brettel,0,8191,0.9362494936849961,0.9353479704275087,0.9364976509427448,4.7098187035,2.1198113785,2.2218102757957245
dmd-2.113.0,bv_vienot_static,bv_vienot_index,float,brettel,0,8191,0.9358444714070512,0.9353636804636724,0.9365632341448699,4.7098187035,2.1198113785,2.2218102757957245
dmd-2.113.0,bv_vienot_static,default,float,brettel,1,8191,7.123337657512519,7.117918420581227,7.132825169587994,4.704858992,2.093708033,2.2471418735775566
dmd-2.113.0,bv_vienot_static,bv_compiler,float,brettel,1,8191,0.9361011999485658,0.9360649087479056,0.9373175477731724,4.704858992,2.093708033,2.2471418735775566
dmd-2.113.0,bv_vienot_static,bv_split,float,brettel,1,8191,0.9364255595101585,0.9346066689463122,0.9377229969063439,4.704858992,2.093708033,2.2471418735775566
dmd-2.113.0,bv_vienot_static,bv_vienot_index,float,brettel,1,8191,0.9373986376635706,0.9354524812504732,0.9401100680434618,4.704858992,2.093708033,2.2471418735775566
dmd-2.113.0,bv_vienot_static,default,float,brettel,2,8191,7.098956226464956,7.09841244094715,7.11230682112442,4.7151599315,2.0858259065,2.260572139221342
dmd-2.113.0,bv_vienot_static,bv_compiler,float,brettel,2,8191,0.9345416295557526,0.9326223946399391,0.9382796047043623,4.7151599315,2.0858259065,2.260572139221342
dmd-2.113.0,bv_vienot_static,bv_split,float,brettel,2,8191,0.9336515899683434,0.9320568751886443,0.9372117485300616,4.7151599315,2.0858259065,2.260572139221342
dmd-2.113.0,bv_vienot_static,bv_vienot_index,float,brettel,2,8191,0.9338134153382323,0.9324608176689804,0.9349586910978489,4.7151599315,2.0858259065,2.260572139221342
dmd-2.113.0,bv_vienot_static,default,float,lookup,0,8191,1.0041068570116138,1.0030975193451346,1.005623070346991,29.0768831645,4.547704798,6.393749035180889
dmd-2.113.0,bv_vienot_static,bv_compiler,float,lookup,0,8191,0.9955782402201564,0.9939955687704444,0.997832227558416,29.0768831645,4.547704798,6.393749035180889
dmd-2.113.0,bv_vienot_static,bv_split,float,lookup,0,8191,0.9988584774436718,0.9982825753362008,0.999579583526585,29.0768831645,4.547704798,6.393749035180889
dmd-2.113.0,bv_vienot_static,bv_vienot_index,float,lookup,0,8191,1.0081087464280856,1.0067910379254703,1.0094725086994532,29.0768831645,4.547704798,6.393749035180889
dmd-2.113.0,bv_vienot_static,default,float,lookup,1,8191,1.005468934868017,1.005333613601298,1.0062102811788485,29.0204187525,4.541505158,6.390044212848608
dmd-2.113.0,bv_vienot_static,bv_compiler,float,lookup,1,8191,0.9961743748790518,0.9946926603711537,0.998223754317928,29.0204187525,4.541505158,6.390044212848608
dmd-2.113.0,bv_vienot_static,bv_split,float,lookup,1,8191,0.9994872873604308,0.998410425510313,1.0009596172122857,29.0204187525,4.541505158,6.390044212848608
dmd-2.113.0,bv_vienot_static,bv_vienot_index,float,lookup,1,8191,1.0077827150058112,1.0073435714091723,1.0082759890995288,29.0204187525,4.541505158,6.390044212848608
dmd-2.113.0,bv_vienot_static,default,float,lookup,2,8191,1.0044423415660313,1.0039949537527875,1.0054289244776373,29.028049078000002,4.535503906500001,6.400181694562939
dmd-2.113.0,bv_vienot_static,bv_compiler,float,lookup,2,8191,0.9955839444925992,0.9944937973265167,0.9968322401682362,29.028049078000002,4.535503906500001,6.400181694562939
dmd-2.113.0,bv_vienot_static,bv_split,float,lookup,2,8191,0.9995268512030177,0.9992375844677714,1.0003285323987747,29.028049078000002,4.535503906500001,6.400181694562939
dmd-2.113.0,bv_vienot_static,bv_vienot_index,float,lookup,2,8191,1.007399521594539,1.007124173566125,1.0077270815831105,29.028049078000002,4.535503906500001,6.400181694562939
dmd-2.113.0,bv_vienot_static,default,float,lookupApply,0,8191,1.0007680566204746,0.9984066996193283,1.0017717033584672,39.241621902000006,10.109876693499999,3.881513404335569
dmd-2.113.0,bv_vienot_static,bv_compiler,float,lookupApply,0,8191,0.9981722196860484,0.9969494127055066,0.9999318575650985,39.241621902000006,10.109876693499999,3.881513404335569
dmd-2.113.0,bv_vienot_static,bv_split,float,lookupApply,0,8191,0.9980069416805626,0.9964636503966552,0.999445125869006,39.241621902000006,10.109876693499999,3.881513404335569
dmd-2.113.0,bv_vienot_static,bv_vienot_index,float,lookupApply,0,8191,1.0001944447153346,0.9997376960008079,1.0010318711880615,39.241621902000006,10.109876693499999,3.881513404335569
dmd-2.113.0,bv_vienot_static,default,float,lookupApply,1,8191,0.9997764733415333,0.9957499660433368,1.0010997995000523,39.2565010375,10.0399638325,3.9100241487349003
dmd-2.113.0,bv_vienot_static,bv_compiler,float,lookupApply,1,8191,0.99714274607936,0.995468571091855,0.9980145212432227,39.2565010375,10.0399638325,3.9100241487349003
dmd-2.113.0,bv_vienot_static,bv_split,float,lookupApply,1,8191,0.9968997823090819,0.993935453821733,1.0027640978790828,39.2565010375,10.0399638325,3.9100241487349003
dmd-2.113.0,bv_vienot_static,bv_vienot_index,float,lookupApply,1,8191,1.0000291556549805,0.9983987422780389,1.0014988418053363,39.2565010375,10.0399638325,3.9100241487349003
dmd-2.113.0,bv_vienot_static,default,float,lookupApply,2,8191,1.0006318040334954,0.9978731462827856,1.0005727432560712,39.250396777,10.0427298255,3.908339411594778
dmd-2.113.0,bv_vienot_static,bv_compiler,float,lookupApply,2,8191,0.9975408242610032,0.996107287433517,0.999085140344571,39.250396777,10.0427298255,3.908339411594778
dmd-2.113.0,bv_vienot_static,bv_split,float,lookupApply,2,8191,0.9966854587804771,0.994775126495054,1.0001362556890194,39.250396777,10.0427298255,3.908339411594778
dmd-2.113.0,bv_vienot_static,bv_vienot_index,float,lookupApply,2,8191,1.0000388802439035,0.9993884267109986,1.0000485583041625,39.250396777,10.0427298255,3.908339411594778
dmd-2.113.0,bv_vienot_static,default,float,prepared,0,8191,0.9976732308017102,0.9971908518274726,0.9992050422922863,13.4453973875,0.767061409,17.52844978217383
dmd-2.113.0,bv_vienot_static,bv_compiler,float,prepared,0,8191,0.9975029794187257,0.9973611032476448,1.0039714058573648,13.4453973875,0.767061409,17.52844978217383
dmd-2.113.0,bv_vienot_static,bv_split,float,prepared,0,8191,0.9986096135382819,0.9987223894102771,1.0041416089820017,13.4453973875,0.767061409,17.52844978217383
dmd-2.113.0,bv_vienot_static,bv_vienot_index,float,prepared,0,8191,0.9992906191445954,0.9982407354488466,1.0108738856560957,13.4453973875,0.767061409,17.52844978217383
dmd-2.113.0,bv_vienot_static,default,float,prepared,1,8191,0.9999146757601007,0.9982679803664686,1.0010243277668716,13.414113051,0.767061409,17.4876651251269
dmd-2.113.0,bv_vienot_static,bv_compiler,float,prepared,1,8191,0.999857792945926,0.9977852863342468,1.0015649452335698,13.414113051,0.767061409,17.4876651251269
dmd-2.113.0,bv_vienot_static,bv_split,float,prepared,1,8191,0.999459613209428,0.9978420738565048,1.0004552568101364,13.414113051,0.767061409,17.4876651251269
dmd-2.113.0,bv_vienot_static,bv_vienot_index,float,prepared,1,8191,0.9999715585742754,0.9977284988492005,1.0015929455113541,13.414113051,0.767061409,17.4876651251269
dmd-2.113.0,bv_vienot_static,default,float,prepared,2,8191,0.9997725140334518,0.9983533954349754,1.0021338340821169,13.416783665,0.767133897,17.489493969003952
dmd-2.113.0,bv_vienot_static,bv_compiler,float,prepared,2,8191,0.999374413517459,0.9975300931152568,1.000910435867579,13.416783665,0.767133897,17.489493969003952
dmd-2.113.0,bv_vienot_static,bv_split,float,prepared,2,8191,0.9995734637568221,0.9974449239046366,1.0009388869663018,13.416783665,0.767133897,17.489493969003952
dmd-2.113.0,bv_vienot_static,bv_vienot_index,float,prepared,2,8191,0.999715642504548,0.9980978878031153,1.0003128999931847,13.416783665,0.767133897,17.489493969003952
dmd-2.113.0,bv_vienot_static,default,float,vienot,0,8191,2.5544524517943237,2.543706381618025,2.5570405486224286,7.5704279085,0.766904987,9.871402633739818
dmd-2.113.0,bv_vienot_static,bv_compiler,float,vienot,0,8191,0.4535100539224691,0.4504236433417179,0.45335952450241745,7.5704279085,0.766904987,9.871402633739818
dmd-2.113.0,bv_vienot_static,bv_split,float,vienot,0,8191,0.4532580759599211,0.44897753604683327,0.45793826906259455,7.5704279085,0.766904987,9.871402633739818
dmd-2.113.0,bv_vienot_static,bv_vienot_index,float,vienot,0,8191,0.2871037645784353,0.2865893457774818,0.2868943286565953,7.5704279085,0.766904987,9.871402633739818
dmd-2.113.0,bv_vienot_static,default,float,vienot,1,8191,2.4943648802146905,2.487777341454893,2.4991865108612528,7.7520296665,0.766946954,10.107647766340826
dmd-2.113.0,bv_vienot_static,bv_compiler,float,vienot,1,8191,0.4433781190045191,0.4397557733411814,0.44362273821431997,7.7520296665,0.766946954,10.107647766340826
dmd-2.113.0,bv_vienot_static,bv_split,float,vienot,1,8191,0.4408681529908332,0.43941109851334925,0.44007296753279146,7.7520296665,0.766946954,10.107647766340826
dmd-2.113.0,bv_vienot_static,bv_vienot_index,float,vienot,1,8191,0.2806240464224364,0.27974671117986755,0.28136863385157956,7.7520296665,0.766946954,10.107647766340826
dmd-2.113.0,bv_vienot_index,default,double,brettel,0,65536,2.140894650391548,2.1401680966769208,2.1415101942114756,13.6135578155,4.1803236004999995,3.256579900625806
dmd-2.113.0,bv_vienot_index,bv_compiler,double,brettel,0,65536,1.0000385293107878,0.9995868246045992,1.000777836569689,13.6135578155,4.1803236004999995,3.256579900625806
dmd-2.113.0,bv_vienot_index,bv_split,double,brettel,0,65536,1.0000175133497966,0.9996252845454234,1.0003994296156575,13.6135578155,4.1803236004999995,3.256579900625806
dmd-2.113.0,bv_vienot_index,bv_vienot_index,double,brettel,0,65536,1.0,1.0,1.0,13.6135578155,4.1803236004999995,3.256579900625806
dmd-2.113.0,bv_vienot_index,default,double,brettel,1,65536,2.1529962285621376,2.1511092960199356,2.1539820907581486,13.654708862,4.222717762,3.2336304796114854
dmd-2.113.0,bv_vienot_index,bv_compiler,double,brettel,1,65536,0.9998603157328892,0.9992041551264179,1.00036681994071,13.654708862,4.222717762,3.2336304796114854
dmd-2.113.0,bv_vienot_index,bv_split,double,brettel,1,65536,1.000073334298821,1.000188489558948,1.0004121090227378,13.654708862,4.222717762,3.2336304796114854
dmd-2.113.0,bv_vienot_index,bv_vienot_index,double,brettel,1,65536,1.0,1.0,1.0,13.654708862,4.222717762,3.2336304796114854
dmd-2.113.0,bv_vienot_index,default,double,brettel,2,65536,2.146154516806286,2.1456133926453647,2.148355808283601,13.674020767,4.221158981,3.2393996124165403
dmd-2.113.0,bv_vienot_index,bv_compiler,double,brettel,2,65536,1.0001150768326896,0.9999337344218652,1.0007321690812858,13.674020767,4.221158981,3.2393996124165403
dmd-2.113.0,bv_vienot_index,bv_split,double,brettel,2,65536,0.9999825641262315,0.9997385110606775,1.0011334902677906,13.674020767,4.221158981,3.2393996124165403
dmd-2.113.0,bv_vienot_index,bv_vienot_index,double,brettel,2,65536,1.0,1.0,1.0,13.674020767,4.221158981,3.2393996124165403
dmd-2.113.0,bv_vienot_index,default,double,lookup,0,65536,0.9966377517531301,0.996089335408827,0.9971323890754741,46.29034996,5.902862549,7.8420172544661435
dmd-2.113.0,bv_vienot_index,bv_compiler,double,lookup,0,65536,0.9980757721409111,0.997855109677942,0.9982014740457882,46.29034996,5.902862549,7.8420172544661435
dmd-2.113.0,bv_vienot_index,bv_split,double,lookup,0,65536,1.000783906538433,1.000468664857082,1.0012206490503277,46.29034996,5.902862549,7.8420172544661435
dmd-2.113.0,bv_vienot_index,bv_vienot_index,double,lookup,0,65536,1.0,1.0,1.0,46.29034996,5.902862549,7.8420172544661435
dmd-2.113.0,bv_vienot_index,default,double,lookup,1,65536,0.9956825878046826,0.9946734763798686,0.996263588005927,46.2985992435,5.9026055335,7.843756283684241
dmd-2.113.0,bv_vienot_index,bv_compiler,double,lookup,1,65536,0.998581804243047,0.9981493546939253,0.9995981808964501,46.2985992435,5.9026055335,7.843756283684241
dmd-2.113.0,bv_vienot_index,bv_split,double,lookup,1,65536,1.0004531634939893,0.9999619166424197,1.0006264256911808,46.2985992435,5.9026055335,7.843756283684241
dmd-2.113.0,bv_vienot_index,bv_vienot_index,double,lookup,1,65536,1.0,1.0,1.0,46.2985992435,5.9026055335,7.843756283684241
dmd-2.113.0,bv_vienot_index,default,double,lookup,2,65536,0.9972954183647562,0.9965390866822785,0.9980150616315792,46.298265457499994,5.9056615830000005,7.8396407932980585
dmd-2.113.0,bv_vienot_index,bv_compiler,double,lookup,2,65536,0.998280026147565,0.9978527446246154,0.9987588093647919,46.298265457499994,5.9056615830000005,7.8396407932980585
dmd-2.113.0,bv_vienot_index,bv_split,double,lookup,2,65536,1.0006951990032877,0.9999176112886929,1.0018355787048816,46.298265457499994,5.9056615830000005,7.8396407932980585
dmd-2.113.0,bv_vienot_index,bv_vienot_index,double,lookup,2,65536,1.0,1.0,1.0,46.298265457499994,5.9056615830000005,7.8396407932980585
dmd-2.113.0,bv_vienot_index,default,double,lookupApply,0,65536,0.9949802761777581,0.9946269578690977,0.9952228380540147,53.718376159499996,10.311395168499999,5.209612790672867
dmd-2.113.0,bv_vienot_index,bv_compiler,double,lookupApply,0,65536,0.9954045782067756,0.9951798824236711,0.9955965948270736,53.718376159499996,10.311395168499999,5.209612790672867
dmd-2.113.0,bv_vienot_index,bv_split,double,lookupApply,0,65536,0.9995437421744242,0.9994202775020116,0.9996707303232115,53.718376159499996,10.311395168499999,5.209612790672867
dmd-2.113.0,bv_vienot_index,bv_vienot_index,double,lookupApply,0,65536,1.0,1.0,1.0,53.718376159499996,10.311395168499999,5.209612790672867
dmd-2.113.0,bv_vienot_index,default,double,lookupApply,1,65536,0.9948112211150161,0.994490957156539,0.9950912425371697,53.7234306335,10.310338974,5.210636698655258
dmd-2.113.0,bv_vienot_index,bv_compiler,double,lookupApply,1,65536,0.9955940645969767,0.9953709743447522,0.9958311625206686,53.7234306335,10.310338974,5.210636698655258
dmd-2.113.0,bv_vienot_index,bv_split,double,lookupApply,1,65536,0.9997461527895894,0.9993325599748503,1.0001064959909851,53.7234306335,10.310338974,5.210636698655258
dmd-2.113.0,bv_vienot_index,bv_vienot_index,double,lookupApply,1,65536,1.0,1.0,1.0,53.7234306335,10.310338974,5.210636698655258
dmd-2.113.0,bv_vienot_index,default,double,lookupApply,2,65536,0.9948183677229682,0.9944180715367054,0.9948440793530671,53.723907471000004,10.3102116585,5.210747291177931
dmd-2.113.0,bv_vienot_index,bv_compiler,double,lookupApply,2,65536,0.9952692531600165,0.9942470001916222,0.995740838412956,53.723907471000004,10.3102116585,5.210747291177931
dmd-2.113.0,bv_vienot_index,bv_split,double,lookupApply,2,65536,1.0000789936957264,0.9995253885947404,1.0000035515235735,53.723907471000004,10.3102116585,5.210747291177931
dmd-2.113.0,bv_vienot_index,bv_vienot_index,double,lookupApply,2,65536,1.0,1.0,1.0,53.723907471000004,10.3102116585,5.210747291177931
dmd-2.113.0,bv_vienot_index,default,double,prepared,0,65536,1.0009025712515274,0.99959686572721,1.001648862726032,24.3550777435,1.224415779,19.89118252248528
dmd-2.113.0,bv_vienot_index,bv_compiler,double,prepared,0,65536,1.0001918698042853,0.999823755761529,1.000649965949798,24.3550777435,1.224415779,19.89118252248528
dmd-2.113.0,bv_vienot_index,bv_split,double,prepared,0,65536,0.9999882528603269,0.9993522454161506,1.0003094065423999,24.3550777435,1.224415779,19.89118252248528
dmd-2.113.0,bv_vienot_index,bv_vienot_index,double,prepared,0,65536,1.0,1.0,1.0,24.3550777435,1.224415779,19.89118252248528
dmd-2.113.0,bv_vienot_index,default,double,prepared,1,65536,1.00004698833364,0.9997885421075021,1.0002858507776617,24.355173111,1.2212061885,19.943538888314436
dmd-2.113.0,bv_vienot_index,bv_compiler,double,prepared,1,65536,1.0004894618874467,0.9994460874616763,1.0014723734273052,24.355173111,1.2212061885,19.943538888314436
dmd-2.113.0,bv_vienot_index,bv_split,double,prepared,1,65536,1.0008085910500513,0.9999725887936143,1.002006829083701,24.355173111,1.2212061885,19.943538888314436
dmd-2.113.0,bv_vienot_index,bv_vienot_index,double,prepared,1,65536,1.0,1.0,1.0,24.355173111,1.2212061885,19.943538888314436
dmd-2.113.0,bv_vienot_index,default,double,prepared,2,65536,1.0001604894250677,0.9995617004598331,1.001262720184569,24.3633747105,1.224898338,19.89011982029483
dmd-2.113.0,bv_vienot_index,bv_compiler,double,prepared,2,65536,0.9996711923288465,0.999291654421636,0.9998805799575202,24.3633747105,1.224898338,19.89011982029483
dmd-2.113.0,bv_vienot_index,bv_split,double,prepared,2,65536,1.0000039143592023,0.9993132002829067,1.000659746819992,24.3633747105,1.224898338,19.89011982029483
dmd-2.113.0,bv_vienot_index,bv_vienot_index,double,prepared,2,65536,1.0,1.0,1.0,24.3633747105,1.224898338,19.89011982029483
dmd-2.113.0,bv_vienot_index,default,double,vienot,0,65536,9.985852903757563,9.985548015016597,9.99849543261153,2.2212028505,1.2224044799999998,1.8170768242766915
dmd-2.113.0,bv_vienot_index,bv_compiler,double,vienot,0,65536,1.9764715984907744,1.9765718948472901,1.977939914549346,2.2212028505,1.2224044799999998,1.8170768242766915
dmd-2.113.0,bv_vienot_index,bv_split,double,vienot,0,65536,1.9775235069193424,1.975347878266101,1.984957081674058,2.2212028505,1.2224044799999998,1.8170768242766915
dmd-2.113.0,bv_vienot_index,bv_vienot_index,double,vienot,0,65536,1.0,1.0,1.0,2.2212028505,1.2224044799999998,1.8170768242766915
dmd-2.113.0,bv_vienot_index,default,double,vienot,1,65536,10.139325938411343,10.13078211509413,10.143689405227294,2.218437195,1.2154631615,1.8251784712769346
dmd-2.113.0,bv_vienot_index,bv_compiler,double,vienot,1,65536,1.9833849193102806,1.9768715369213161,2.48071050711526,2.218437195,1.2154631615,1.8251784712769346
dmd-2.113.0,bv_vienot_index,bv_split,double,vienot,1,65536,1.9798168685591297,1.9782674053637113,1.9798568268599277,2.218437195,1.2154631615,1.8251784712769346
dmd-2.113.0,bv_vienot_index,bv_vienot_index,double,vienot,1,65536,1.0,1.0,1.0,2.218437195,1.2154631615,1.8251784712769346
dmd-2.113.0,bv_vienot_index,default,float,brettel,0,65536,3.3018997838973467,3.301996505843064,3.303169363397948,12.8810882565,2.207731247,5.834536370313918
dmd-2.113.0,bv_vienot_index,bv_compiler,float,brettel,0,65536,0.9993373708160339,0.9992339348499033,0.9993555984809233,12.8810882565,2.207731247,5.834536370313918
dmd-2.113.0,bv_vienot_index,bv_split,float,brettel,0,65536,0.9995779903924455,0.9991375863710388,1.0000592553125456,12.8810882565,2.207731247,5.834536370313918
dmd-2.113.0,bv_vienot_index,bv_vienot_index,float,brettel,0,65536,1.0,1.0,1.0,12.8810882565,2.207731247,5.834536370313918
dmd-2.113.0,bv_vienot_index,default,float,brettel,1,65536,3.295056640741811,3.292572949171111,3.2982237629695548,12.901544570999999,2.172302246,5.93911118710872
dmd-2.113.0,bv_vienot_index,bv_compiler,float,brettel,1,65536,1.0010681352084754,1.0006615491975865,1.0019108162487316,12.901544570999999,2.172302246,5.93911118710872
dmd-2.113.0,bv_vienot_index,bv_split,float,brettel,1,65536,1.0013046772351455,1.001201190091211,1.0015485425645767,12.901544570999999,2.172302246,5.93911118710872
dmd-2.113.0,bv_vienot_index,bv_vienot_index,float,brettel,1,65536,1.0,1.0,1.0,12.901544570999999,2.172302246,5.93911118710872
dmd-2.113.0,bv_vienot_index,default,float,brettel,2,65536,3.3105264326502333,3.3084550628189904,3.313683797925881,12.893009185499999,2.1720685955,5.935820448862063
dmd-2.113.0,bv_vienot_index,bv_compiler,float,brettel,2,65536,1.001549636490019,1.0012829187428565,1.0016831591836965,12.893009185499999,2.1720685955,5.935820448862063
dmd-2.113.0,bv_vienot_index,bv_split,float,brettel,2,65536,1.0008173500343,1.000454752195297,1.0008989179734384,12.893009185499999,2.1720685955,5.935820448862063
dmd-2.113.0,bv_vienot_index,bv_vienot_index,float,brettel,2,65536,1.0,1.0,1.0,12.893009185499999,2.1720685955,5.935820448862063
dmd-2.113.0,bv_vienot_index,default,float,lookup,0,65536,0.996846380652208,0.996056790049756,0.9969061387764291,29.303169250499998,4.5429501535,6.45025110564423
dmd-2.113.0,bv_vienot_index,bv_compiler,float,lookup,0,65536,0.9884416108508735,0.9876473160558145,0.988877692055449,29.303169250499998,4.5429501535,6.45025110564423
dmd-2.113.0,bv_vienot_index,bv_split,float,lookup,0,65536,0.9917091380142831,0.9910143084930428,0.9923062020856014,29.303169250499998,4.5429501535,6.45025110564423
dmd-2.113.0,bv_vienot_index,bv_vienot_index,float,lookup,0,65536,1.0,1.0,1.0,29.303169250499998,4.5429501535,6.45025110564423
dmd-2.113.0,bv_vienot_index,default,float,lookup,1,65536,0.9974513751165751,0.9964073045442479,0.9974015873640403,29.2992115025,4.5439190865,6.448004672783031
dmd-2.113.0,bv_vienot_index,bv_compiler,float,lookup,1,65536,0.9888257609433596,0.9886425587424481,0.9892007514135264,29.2992115025,4.5439190865,6.448004672783031
dmd-2.113.0,bv_vienot_index,bv_split,float,lookup,1,65536,0.9918691380319339,0.9905126210920862,0.9929062779115192,29.2992115025,4.5439190865,6.448004672783031
dmd-2.113.0,bv_vienot_index,bv_vienot_index,float,lookup,1,65536,1.0,1.0,1.0,29.2992115025,4.5439190865,6.448004672783031
dmd-2.113.0,bv_vienot_index,default,float,lookup,2,65536,0.9977802586355806,0.9968030471929787,0.9981139873989793,29.3009757995,4.53490448,6.461211240219993
dmd-2.113.0,bv_vienot_index,bv_compiler,float,lookup,2,65536,0.9887043805720065,0.9879662958645647,0.9890450649879824,29.3009757995,4.53490448,6.461211240219993
dmd-2.113.0,bv_vienot_index,bv_split,float,lookup,2,65536,0.9912577341194087,0.991083041003767,0.99149972506831,29.3009757995,4.53490448,6.461211240219993
dmd-2.113.0,bv_vienot_index,bv_vienot_index,float,lookup,2,65536,1.0,1.0,1.0,29.3009757995,4.53490448,6.461211240219993
dmd-2.113.0,bv_vienot_index,default,float,lookupApply,0,65536,1.0010736929456339,1.000562499238748,1.0011682427388535,39.3036842345,10.078643799,3.8996997034858696
dmd-2.113.0,bv_vienot_index,bv_compiler,float,lookupApply,0,65536,0.9982930101895866,0.9976699923577012,0.998907049403211,39.3036842345,10.078643799,3.8996997034858696
dmd-2.113.0,bv_vienot_index,bv_split,float,lookupApply,0,65536,0.9968056118416047,0.9965509209291313,0.9971000377644545,39.3036842345,10.078643799,3.8996997034858696
dmd-2.113.0,bv_vienot_index,bv_vienot_index,float,lookupApply,0,65536,1.0,1.0,1.0,39.3036842345,10.078643799,3.8996997034858696
dmd-2.113.0,bv_vienot_index,default,float,lookupApply,1,65536,1.0003737247257392,1.0000557757638742,1.0010690613661244,39.2978668215,10.087677956,3.8956305894089547
dmd-2.113.0,bv_vienot_index,bv_compiler,float,lookupApply,1,65536,0.9984480716656448,0.9976840933644265,0.9991726922973223,39.2978668215,10.087677956,3.8956305894089547
dmd-2.113.0,bv_vienot_index,bv_split,float,lookupApply,1,65536,0.9968561014122932,0.996295365989344,0.9974573347382036,39.2978668215,10.087677956,3.8956305894089547
dmd-2.113.0,bv_vienot_index,bv_vienot_index,float,lookupApply,1,65536,1.0,1.0,1.0,39.2978668215,10.087677956,3.8956305894089547
dmd-2.113.0,bv_vienot_index,default,float,lookupApply,2,65536,1.0006877662549656,0.999922355722465,1.0016628344961946,39.310836792,10.0775408745,3.9008362537602133
dmd-2.113.0,bv_vienot_index,bv_compiler,float,lookupApply,2,65536,0.9975376269904357,0.9984006014333036,0.998743133336909,39.310836792,10.0775408745,3.9008362537602133
dmd-2.113.0,bv_vienot_index,bv_split,float,lookupApply,2,65536,0.9972877507145382,0.9969621678258984,0.9987343509511042,39.310836792,10.0775408745,3.9008362537602133
dmd-2.113.0,bv_vienot_index,bv_vienot_index,float,lookupApply,2,65536,1.0,1.0,1.0,39.310836792,10.0775408745,3.9008362537602133
dmd-2.113.0,bv_vienot_index,default,float,prepared,0,65536,0.9998261659355357,0.9989541380432249,1.0004968379651364,13.440990448,0.7864146235,17.09148081222068
dmd-2.113.0,bv_vienot_index,bv_compiler,float,prepared,0,65536,0.9998403564448393,0.9986066991752962,1.0016005280428413,13.440990448,0.7864146235,17.09148081222068
dmd-2.113.0,bv_vienot_index,bv_split,float,prepared,0,65536,0.9995175217908912,0.9986208803642005,0.999946767339614,13.440990448,0.7864146235,17.09148081222068
dmd-2.113.0,bv_vienot_index,bv_vienot_index,float,prepared,0,65536,1.0,1.0,1.0,13.440990448,0.7864146235,17.09148081222068
dmd-2.113.0,bv_vienot_index,default,float,prepared,1,65536,0.9995635898826587,0.9987518482905098,1.0007669392290879,13.4394168855,0.7858500479999999,17.101757415048223
dmd-2.113.0,bv_vienot_index,bv_compiler,float,prepared,1,65536,0.9994536003635751,0.9986951141185165,1.0002201399752813,13.4394168855,0.7858500479999999,17.101757415048223
dmd-2.113.0,bv_vienot_index,bv_split,float,prepared,1,65536,0.9999254909265386,0.9994252690404749,1.0008308508408197,13.4394168855,0.7858500479999999,17.101757415048223
dmd-2.113.0,bv_vienot_index,bv_vienot_index,float,prepared,1,65536,1.0,1.0,1.0,13.4394168855,0.7858500479999999,17.101757415048223
dmd-2.113.0,bv_vienot_index,default,float,prepared,2,65536,0.999819007094719,0.9985428012031565,1.000511191176136,13.43626976,0.7859463689999999,17.095657273785307
dmd-2.113.0,bv_vienot_index,bv_compiler,float,prepared,2,65536,1.000031939966052,0.9989718062239021,1.0003336503981757,13.43626976,0.7859463689999999,17.095657273785307
dmd-2.113.0,bv_vienot_index,bv_split,float,prepared,2,65536,1.000124210850914,0.9987200760459817,1.000770336724124,13.43626976,0.7859463689999999,17.095657273785307
dmd-2.113.0,bv_vienot_index,bv_vienot_index,float,prepared,2,65536,1.0,1.0,1.0,13.43626976,0.7859463689999999,17.095657273785307
dmd-2.113.0,bv_vienot_index,default,float,vienot,0,65536,8.787463230105224,8.760888314782301,8.798669354397175,2.2045135494999997,0.7850427630000001,2.8081445411655865
dmd-2.113.0,bv_vienot_index,bv_compiler,float,vienot,0,65536,1.5657336911278532,1.5608451919925577,1.5693171230641938,2.2045135494999997,0.7850427630000001,2.8081445411655865
dmd-2.113.0,bv_vienot_index,bv_split,float,vienot,0,65536,1.5682427757289683,1.56239758524803,1.5719914270598168,2.2045135494999997,0.7850427630000001,2.8081445411655865
dmd-2.113.0,bv_vienot_index,bv_vienot_index,float,vienot,0,65536,1.0,1.0,1.0,2.2045135494999997,0.7850427630000001,2.8081445411655865
dmd-2.113.0,bv_vienot_index,default,float,vienot,1,65536,8.787146594815683,8.774402487693436,8.796789010560015,2.2043704990000004,0.7853350635,2.806917201908431
dmd-2.113.0,bv_vienot_index,bv_compiler,float,vienot,1,65536,1.5672629732920407,1.5622125785906007,1.576099186519091,2.2043704990000004,0.7853350635,2.806917201908431
dmd-2.113.0,bv_vienot_index,bv_split,float,vienot,1,65536,1.5663111895510806,1.5662541110842267,1.5738713649891407,2.2043704990000004,0.7853350635,2.806917201908431
dmd-2.113.0,bv_vienot_index,bv_vienot_index,float,vienot,1,65536,1.0,1.0,1.0,2.2043704990000004,0.7853350635,2.806917201908431
dmd-2.113.0,bv_vienot_static,default,double,brettel,0,65536,2.1406697090001847,2.1399282868033964,2.141672650796265,13.614988326999999,4.189162254,3.250050368423853
dmd-2.113.0,bv_vienot_static,bv_compiler,double,brettel,0,65536,0.9999334563880454,0.9997373784199014,1.000122551590277,13.614988326999999,4.189162254,3.250050368423853
dmd-2.113.0,bv_vienot_static,bv_split,double,brettel,0,65536,0.9999124426351778,0.9995132746460931,1.0001681407915322,13.614988326999999,4.189162254,3.250050368423853
dmd-2.113.0,bv_vienot_static,bv_vienot_index,double,brettel,0,65536,0.999894931125489,0.9993452243290497,1.000413346143126,13.614988326999999,4.189162254,3.250050368423853
dmd-2.113.0,bv_vienot_static,default,double,brettel,1,65536,2.1532819692582867,2.151837085222475,2.15387677840566,13.652896881,4.2198605535,3.2353905319634633
dmd-2.113.0,bv_vienot_static,bv_compiler,double,brettel,1,65536,0.9999930148890136,0.9997102279011361,0.999937124045799,13.652896881,4.2198605535,3.2353905319634633
dmd-2.113.0,bv_vienot_static,bv_split,double,brettel,1,65536,1.0002060617262785,0.9997102279011362,1.0009221805395232,13.652896881,4.2198605535,3.2353905319634633
dmd-2.113.0,bv_vienot_static,bv_vienot_index,double,brettel,1,65536,1.0001327176946984,0.9993436487231624,1.0007335527135477,13.652896881,4.2198605535,3.2353905319634633
dmd-2.113.0,bv_vienot_static,default,double,brettel,2,65536,2.145129695906551,2.1434859829169914,2.1463413784533913,13.680553436,4.231579780500001,3.232965971489616
dmd-2.113.0,bv_vienot_static,bv_compiler,double,brettel,2,65536,0.9996375069164269,0.9995050264690736,0.999721046374541,13.680553436,4.231579780500001,3.232965971489616
dmd-2.113.0,bv_vienot_static,bv_split,double,brettel,2,65536,0.9995050574867693,0.99858610483227,1.000920547029828,13.680553436,4.231579780500001,3.232965971489616
dmd-2.113.0,bv_vienot_static,bv_vienot_index,double,brettel,2,65536,0.9995224850346471,0.9988472923512921,0.9997872978578454,13.680553436,4.231579780500001,3.232965971489616
dmd-2.113.0,bv_vienot_static,default,double,lookup,0,65536,0.26264604115144874,0.2605439342612999,0.26278608480604676,175.653553009,5.9071826935,29.735588371472126
dmd-2.113.0,bv_vienot_static,bv_compiler,double,lookup,0,65536,0.2630250056862372,0.26098400267843164,0.26305727003147644,175.653553009,5.9071826935,29.735588371472126
dmd-2.113.0,bv_vienot_static,bv_split,double,lookup,0,65536,0.2637386860351544,0.2617733787692901,0.26379231092309513,175.653553009,5.9071826935,29.735588371472126
dmd-2.113.0,bv_vienot_static,bv_vienot_index,double,lookup,0,65536,0.26353210149770334,0.2614542349057482,0.2635479529436837,175.653553009,5.9071826935,29.735588371472126
dmd-2.113.0,bv_vienot_static,default,double,lookup,1,65536,0.26244721248271985,0.2619989095783955,0.2626250368220593,175.6494522095,5.911052227,29.715428905734147
dmd-2.113.0,bv_vienot_static,bv_compiler,double,lookup,1,65536,0.263211403081162,0.26291446262141466,0.2634123084807836,175.6494522095,5.911052227,29.715428905734147
dmd-2.113.0,bv_vienot_static,bv_split,double,lookup,1,65536,0.2637046657182504,0.2633918949299318,0.26368326969323846,175.6494522095,5.911052227,29.715428905734147
dmd-2.113.0,bv_vienot_static,bv_vienot_index,double,lookup,1,65536,0.2635852185196621,0.26340192615967306,0.26360999235926796,175.6494522095,5.911052227,29.715428905734147
dmd-2.113.0,bv_vienot_static,default,double,lookup,2,65536,0.26271481662708984,0.25760109653678687,0.263018532947187,175.7534980775,5.919555187,29.690321743004304
dmd-2.113.0,bv_vienot_static,bv_compiler,double,lookup,2,65536,0.2629741891744282,0.25777881595440133,0.2630983437903381,175.7534980775,5.919555187,29.690321743004304
dmd-2.113.0,bv_vienot_static,bv_split,double,lookup,2,65536,0.26361041158378645,0.2583122402363277,0.2640253983085944,175.7534980775,5.919555187,29.690321743004304
dmd-2.113.0,bv_vienot_static,bv_vienot_index,double,lookup,2,65536,0.26342727720323594,0.2583335240024577,0.26354164687374354,175.7534980775,5.919555187,29.690321743004304
dmd-2.113.0,bv_vienot_static,default,double,lookupApply,0,65536,0.29333436266877433,0.29129243445765246,0.29338630009624533,182.2109222415,10.3112978935,17.67099778548358
dmd-2.113.0,bv_vienot_static,bv_compiler,double,lookupApply,0,65536,0.29345945295271353,0.2914018295761691,0.2934920451701273,182.2109222415,10.3112978935,17.67099778548358
dmd-2.113.0,bv_vienot_static,bv_split,double,lookupApply,0,65536,0.2946797374683986,0.2925209858016774,0.2947918059775826,182.2109222415,10.3112978935,17.67099778548358
dmd-2.113.0,bv_vienot_static,bv_vienot_index,double,lookupApply,0,65536,0.2948142487764941,0.2926906651652249,0.29489369086587913,182.2109222415,10.3112978935,17.67099778548358
dmd-2.113.0,bv_vienot_static,default,double,lookupApply,1,65536,0.29338167814671867,0.29326482288238065,0.2934070067981674,182.167720795,10.300052165499999,17.68609691173899
dmd-2.113.0,bv_vienot_static,bv_compiler,double,lookupApply,1,65536,0.2936125480138744,0.2935600449346458,0.29366003521277856,182.167720795,10.300052165499999,17.68609691173899
dmd-2.113.0,bv_vienot_static,bv_split,double,lookupApply,1,65536,0.2948370482767449,0.2946925601410869,0.2950122764391959,182.167720795,10.300052165499999,17.68609691173899
dmd-2.113.0,bv_vienot_static,bv_vienot_index,double,lookupApply,1,65536,0.29491191084262913,0.2948508835376985,0.2949808621599586,182.167720795,10.300052165499999,17.68609691173899
dmd-2.113.0,bv_vienot_static,default,double,lookupApply,2,65536,0.29335697985677517,0.29324439549882836,0.2934759191438518,182.1859836575,10.3028054235,17.68314319922476
dmd-2.113.0,bv_vienot_static,bv_compiler,double,lookupApply,2,65536,0.2934899391932384,0.2933824663133182,0.29368351382289076,182.1859836575,10.3028054235,17.68314319922476
dmd-2.113.0,bv_vienot_static,bv_split,double,lookupApply,2,65536,0.29490825936426635,0.29476522306279895,0.29494001348979243,182.1859836575,10.3028054235,17.68314319922476
dmd-2.113.0,bv_vienot_static,bv_vienot_index,double,lookupApply,2,65536,0.2948849653110423,0.29476417620087864,0.29508006185261243,182.1859836575,10.3028054235,17.68314319922476
dmd-2.113.0,bv_vienot_static,default,double,prepared,0,65536,1.00059696351803,1.0000058732835948,1.0011724453896749,24.362516403,1.2233505249999999,19.914583682383267
dmd-2.113.0,bv_vienot_static,bv_compiler,double,prepared,0,65536,0.9998864790707885,0.9993482065064235,1.000444412229943,24.362516403,1.2233505249999999,19.914583682383267
dmd-2.113.0,bv_vienot_static,bv_split,double,prepared,0,65536,0.9996829242976292,0.9997611528806293,0.9998825797419096,24.362516403,1.2233505249999999,19.914583682383267
dmd-2.113.0,bv_vienot_static,bv_vienot_index,double,prepared,0,65536,0.9996946678505229,0.9995243669173041,1.0004091725078461,24.362516403,1.2233505249999999,19.914583682383267
dmd-2.113.0,bv_vienot_static,default,double,prepared,1,65536,0.999876676614806,0.9995578407087315,1.0003171278207044,24.359321594,1.2186546324999998,19.988699787755497
dmd-2.113.0,bv_vienot_static,bv_compiler,double,prepared,1,65536,1.0003190748137218,0.9995947810598296,1.001413552095324,24.359321594,1.2186546324999998,19.988699787755497
dmd-2.113.0,bv_vienot_static,bv_split,double,prepared,1,65536,1.0006381496274441,0.9999138555512619,1.0012775664832727,24.359321594,1.2186546324999998,19.988699787755497
dmd-2.113.0,bv_vienot_static,bv_vienot_index,double,prepared,1,65536,0.9998296962834539,0.999272197973845,1.000148776007049,24.359321594,1.2186546324999998,19.988699787755497
dmd-2.113.0,bv_vienot_static,default,double,prepared,2,65536,1.000185937613915,0.9997240612672944,1.0012882031519847,24.362754822,1.22567749,19.876970100837863
dmd-2.113.0,bv_vienot_static,bv_compiler,double,prepared,2,65536,0.9996966280679669,0.9996867952701595,0.9999060277483196,24.362754822,1.22567749,19.876970100837863
dmd-2.113.0,bv_vienot_static,bv_split,double,prepared,2,65536,1.0000293585641373,0.9994755207259869,1.0009102511755403,24.362754822,1.22567749,19.876970100837863
dmd-2.113.0,bv_vienot_static,bv_vienot_index,double,prepared,2,65536,1.0000254441053373,1.0000254508301387,1.0003954209432002,24.362754822,1.22567749,19.876970100837863
dmd-2.113.0,bv_vienot_static,default,double,vienot,0,65536,6.133613755381738,6.052237545037523,6.265303648568526,3.6162376404999996,1.2246689795,2.952828642705079
dmd-2.113.0,bv_vienot_static,bv_compiler,double,vienot,0,65536,1.214008808307464,1.1980191586661106,1.2393362694437688,3.6162376404999996,1.2246689795,2.952828642705079
dmd-2.113.0,bv_vienot_static,bv_split,double,vienot,0,65536,1.214654922371936,1.202269389218176,1.240979433525333,3.6162376404999996,1.2246689795,2.952828642705079
dmd-2.113.0,bv_vienot_static,bv_vienot_index,double,vienot,0,65536,0.6142303331019157,0.6056903699923906,0.6266246447573839,3.6162376404999996,1.2246689795,2.952828642705079
dmd-2.113.0,bv_vienot_static,default,double,vienot,1,65536,5.798672403120951,5.773044265287528,5.821763602112509,3.879070282,1.220866203,3.1773099070709554
dmd-2.113.0,bv_vienot_static,bv_compiler,double,vienot,1,65536,1.1342962506808225,1.1292240681876666,1.4238915769092313,3.879070282,1.220866203,3.1773099070709554
dmd-2.113.0,bv_vienot_static,bv_split,double,vienot,1,65536,1.1322556853070185,1.1267893410166925,1.1363804680265754,3.879070282,1.220866203,3.1773099070709554
dmd-2.113.0,bv_vienot_static,bv_vienot_index,double,vienot,1,65536,0.5718992010261288,0.5691266791264858,0.5739853855680361,3.879070282,1.220866203,3.1773099070709554
dmd-2.113.0,bv_vienot_static,default,float,brettel,0,65536,3.239187118252819,3.237018267285723,3.241067244156824,13.1304740905,2.2075157164999997,5.948077285410349
dmd-2.113.0,bv_vienot_static,bv_compiler,float,brettel,0,65536,0.980357052059026,0.9795980599560997,0.9808211414545696,13.1304740905,2.2075157164999997,5.948077285410349
dmd-2.113.0,bv_vienot_static,bv_split,float,brettel,0,65536,0.9805931015709201,0.9802878052961767,0.9807331288271046,13.1304740905,2.2075157164999997,5.948077285410349
dmd-2.113.0,bv_vienot_static,bv_vienot_index,float,brettel,0,65536,0.9810070959905071,0.9802297214776641,0.9815477510111162,13.1304740905,2.2075157164999997,5.948077285410349
dmd-2.113.0,bv_vienot_static,default,float,brettel,1,65536,3.227013428840734,3.2245460105981683,3.2306781692765387,13.173580170000001,2.1723408695,6.0642325313485985
dmd-2.113.0,bv_vienot_static,bv_compiler,float,brettel,1,65536,0.9803959894222132,0.9798887493389961,0.9812106141257452,13.173580170000001,2.1723408695,6.0642325313485985
dmd-2.113.0,bv_vienot_static,bv_split,float,brettel,1,65536,0.9806276468350514,0.9805156493578954,0.9807573295515054,13.173580170000001,2.1723408695,6.0642325313485985
dmd-2.113.0,bv_vienot_static,bv_vienot_index,float,brettel,1,65536,0.9793499113005358,0.9792409332853372,0.9795206151713002,13.173580170000001,2.1723408695,6.0642325313485985
dmd-2.113.0,bv_vienot_static,default,float,brettel,2,65536,3.2431414036850432,3.241803664725561,3.245796477737534,13.1608963015,2.1675686835,6.07173207552018
dmd-2.113.0,bv_vienot_static,bv_compiler,float,brettel,2,65536,0.9811633164777885,0.9808278819633738,0.9814532235121242,13.1608963015,2.1675686835,6.07173207552018
dmd-2.113.0,bv_vienot_static,bv_split,float,brettel,2,65536,0.9804459355499465,0.9802809350928033,0.9806848207923998,13.1608963015,2.1675686835,6.07173207552018
dmd-2.113.0,bv_vienot_static,bv_vienot_index,float,brettel,2,65536,0.9796452224937394,0.9795130361470098,0.9798542229445791,13.1608963015,2.1675686835,6.07173207552018
dmd-2.113.0,bv_vienot_static,default,float,lookup,0,65536,1.003758807123645,1.0023156146719412,1.0049972383239139,29.101371765499998,4.540575981,6.409180660619805
dmd-2.113.0,bv_vienot_static,bv_compiler,float,lookup,0,65536,0.9952957561724876,0.9946580374267162,0.9956632690539793,29.101371765499998,4.540575981,6.409180660619805
dmd-2.113.0,bv_vienot_static,bv_split,float,lookup,0,65536,0.9985859413318521,0.9977859186318263,0.9990575887088118,29.101371765499998,4.540575981,6.409180660619805
dmd-2.113.0,bv_vienot_static,bv_vienot_index,float,lookup,0,65536,1.0069342945970414,1.0062836021848438,1.0081162099748082,29.101371765499998,4.540575981,6.409180660619805
dmd-2.113.0,bv_vienot_static,default,float,lookup,1,65536,1.004619179917194,1.0032469341781372,1.004917960245405,29.090166091999997,4.547105789,6.397512492973583
dmd-2.113.0,bv_vienot_static,bv_compiler,float,lookup,1,65536,0.9959315810495648,0.9957874238914635,0.9965148055307049,29.090166091999997,4.547105789,6.397512492973583
dmd-2.113.0,bv_vienot_static,bv_split,float,lookup,1,65536,0.9989968282096532,0.9979770790377589,1.0000819567233967,29.090166091999997,4.547105789,6.397512492973583
dmd-2.113.0,bv_vienot_static,bv_vienot_index,float,lookup,1,65536,1.007186119523652,1.006864290940759,1.0075359544005031,29.090166091999997,4.547105789,6.397512492973583
dmd-2.113.0,bv_vienot_static,default,float,lookup,2,65536,1.0048544644110236,1.0030449851855325,1.0057472206753446,29.094696045,4.538989067,6.4099506774599595
dmd-2.113.0,bv_vienot_static,bv_compiler,float,lookup,2,65536,0.9957142388837079,0.995238422828211,0.9955219230782191,29.094696045,4.538989067,6.4099506774599595
dmd-2.113.0,bv_vienot_static,bv_split,float,lookup,2,65536,0.9982856955637943,0.9972891605625283,0.998686583818906,29.094696045,4.538989067,6.4099506774599595
dmd-2.113.0,bv_vienot_static,bv_vienot_index,float,lookup,2,65536,1.0070899436165601,1.0062619571741191,1.0076476568535593,29.094696045,4.538989067,6.4099506774599595
dmd-2.113.0,bv_vienot_static,default,float,lookupApply,0,65536,0.9999842453983543,0.9990971513556336,1.0001236281214143,39.346504211500005,10.0819311145,3.9026753669156906
dmd-2.113.0,bv_vienot_static,bv_compiler,float,lookupApply,0,65536,0.9972065888011499,0.9968406356933665,0.9977528770842407,39.346504211500005,10.0819311145,3.9026753669156906
dmd-2.113.0,bv_vienot_static,bv_split,float,lookupApply,0,65536,0.9957208091576585,0.9950373621738138,0.9963748361344872,39.346504211500005,10.0819311145,3.9026753669156906
dmd-2.113.0,bv_vienot_static,bv_vienot_index,float,lookupApply,0,65536,0.9989117209302805,0.9979313253309414,0.999452348239959,39.346504211500005,10.0819311145,3.9026753669156906
dmd-2.113.0,bv_vienot_static,default,float,lookupApply,1,65536,0.9991359220220688,0.9981580805352351,0.9997818068054518,39.346551895,10.077641010499999,3.9043414876561306
dmd-2.113.0,bv_vienot_static,bv_compiler,float,lookupApply,1,65536,0.997212651650069,0.9965467981444686,0.9974107741371216,39.346551895,10.077641010499999,3.9043414876561306
dmd-2.113.0,bv_vienot_static,bv_split,float,lookupApply,1,65536,0.9956226512056349,0.9942853267796894,0.9970434822634456,39.346551895,10.077641010499999,3.9043414876561306
dmd-2.113.0,bv_vienot_static,bv_vienot_index,float,lookupApply,1,65536,0.9987626597209861,0.9973719316259372,0.9997260463215534,39.346551895,10.077641010499999,3.9043414876561306
dmd-2.113.0,bv_vienot_static,default,float,lookupApply,2,65536,0.999842444309115,0.9989516079103116,1.0004242367668101,39.344072341499995,10.079342841999999,3.9034362614947153
dmd-2.113.0,bv_vienot_static,bv_compiler,float,lookupApply,2,65536,0.9966949660962564,0.9964758478175408,0.9980060871921786,39.344072341499995,10.079342841999999,3.9034362614947153
dmd-2.113.0,bv_vienot_static,bv_split,float,lookupApply,2,65536,0.9964453009010845,0.9959942938328047,0.9973345809957154,39.344072341499995,10.079342841999999,3.9034362614947153
dmd-2.113.0,bv_vienot_static,bv_vienot_index,float,lookupApply,2,65536,0.9991552590384769,0.9977337810980695,0.9996048537625493,39.344072341499995,10.079342841999999,3.9034362614947153
dmd-2.113.0,bv_vienot_static,default,float,prepared,0,65536,1.0003940110728147,0.9998935411391369,1.0006495373381121,13.433361053,0.7871456145,17.065916147589743
dmd-2.113.0,bv_vienot_static,bv_compiler,float,prepared,0,65536,1.000408209641531,0.9995457755443488,1.0017533958649079,13.433361053,0.7871456145,17.065916147589743
dmd-2.113.0,bv_vienot_static,bv_split,float,prepared,0,65536,1.0000851916356215,0.9995599700690533,1.0003798475233339,13.433361053,0.7871456145,17.065916147589743
dmd-2.113.0,bv_vienot_static,bv_vienot_index,float,prepared,0,65536,1.0005679438652695,1.0001526235438047,1.0009403866104924,13.433361053,0.7871456145,17.065916147589743
dmd-2.113.0,bv_vienot_static,default,float,prepared,1,65536,0.9997090175925503,0.9996840879881036,1.000070963520679,13.437461853,0.7869687080000001,17.0749633580094
dmd-2.113.0,bv_vienot_static,bv_compiler,float,prepared,1,65536,0.9995990120709591,0.9995245445342285,0.9999432068230488,13.437461853,0.7869687080000001,17.0749633580094
dmd-2.113.0,bv_vienot_static,bv_split,float,prepared,1,65536,1.0000709712898488,0.9999467564547645,1.0005394949479114,13.437461853,0.7869687080000001,17.0749633580094
dmd-2.113.0,bv_vienot_static,bv_vienot_index,float,prepared,1,65536,1.0001454912037249,0.9993045576536083,1.0009654120081346,13.437461853,0.7869687080000001,17.0749633580094
dmd-2.113.0,bv_vienot_static,default,float,prepared,2,65536,1.0002130167096643,0.9999041410541982,1.0005751268324345,13.430976868,0.7867536545,17.071387963918255
dmd-2.113.0,bv_vienot_static,bv_compiler,float,prepared,2,65536,1.0004260334937836,1.0002875634162172,1.000482800215224,13.430976868,0.7867536545,17.071387963918255
dmd-2.113.0,bv_vienot_static,bv_split,float,prepared,2,65536,1.0005183407408427,1.0000816575805125,1.000834288940598,13.430976868,0.7867536545,17.071387963918255
dmd-2.113.0,bv_vienot_static,bv_vienot_index,float,prepared,2,65536,1.0003940809407996,1.0000639029896539,1.001363326488761,13.430976868,0.7867536545,17.071387963918255
dmd-2.113.0,bv_vienot_static,default,float,vienot,0,65536,2.4915947575689024,2.4879858809610114,2.492684453020406,7.774972915499999,0.7867436405,9.882473165666472
dmd-2.113.0,bv_vienot_static,bv_compiler,float,vienot,0,65536,0.4439476734534742,0.44374394387080307,0.44409817861582673,7.774972915499999,0.7867436405,9.882473165666472
dmd-2.113.0,bv_vienot_static,bv_split,float,vienot,0,65536,0.44465909856840585,0.4443048601839709,0.4453323356801936,7.774972915499999,0.7867436405,9.882473165666472
dmd-2.113.0,bv_vienot_static,bv_vienot_index,float,vienot,0,65536,0.28353970791398314,0.28276842562763527,0.28452416735121305,7.774972915499999,0.7867436405,9.882473165666472
dmd-2.113.0,bv_vienot_static,default,float,vienot,1,65536,2.4907628257427654,2.4895727942536436,2.4918543408346863,7.776784896500001,0.7861518860000001,9.89221680312804
dmd-2.113.0,bv_vienot_static,bv_compiler,float,vienot,1,65536,0.4442489162912132,0.4436548472363107,0.446592358314548,7.776784896500001,0.7861518860000001,9.89221680312804
dmd-2.113.0,bv_vienot_static,bv_split,float,vienot,1,65536,0.4439791281939567,0.44380272712011093,0.4469658416358512,7.776784896500001,0.7861518860000001,9.89221680312804
dmd-2.113.0,bv_vienot_static,bv_vienot_index,float,vienot,1,65536,0.28345524896697266,0.28300926522905817,0.2839913423540399,7.776784896500001,0.7861518860000001,9.89221680312804
ldc-1.41.0,bv_vienot_index,default,double,brettel,0,1024,1.1854838707120083,1.1808681671083467,1.1862903223743535,3.784179688,4.1110839845000005,0.9204822140018238
ldc-1.41.0,bv_vienot_index,bv_compiler,double,brettel,0,1024,1.001612903060432,1.0,1.0048387094455542,3.784179688,4.1110839845000005,0.9204822140018238
ldc-1.41.0,bv_vienot_index,bv_split,double,brettel,0,1024,1.000806451530216,1.0,1.0048231511580104,3.784179688,4.1110839845000005,0.9204822140018238
ldc-1.41.0,bv_vienot_index,bv_vienot_index,double,brettel,0,1024,1.0,1.0,1.0,3.784179688,4.1110839845000005,0.9204822140018238
ldc-1.41.0,bv_vienot_index,default,double,brettel,1,1024,1.163709677282111,1.158870967572299,1.1712439417698433,3.784179688,4.140441895,0.9139555110216079
ldc-1.41.0,bv_vienot_index,bv_compiler,double,brettel,1,1024,1.0032258063851223,1.000806451530216,1.0048465266888218,3.784179688,4.140441895,0.9139555110216079
ldc-1.41.0,bv_vienot_index,bv_split,double,brettel,1,1024,1.0,0.9983896942067102,1.004032257915338,3.784179688,4.140441895,0.9139555110216079
ldc-1.41.0,bv_vienot_index,bv_vienot_index,double,brettel,1,1024,1.0,1.0,1.0,3.784179688,4.140441895,0.9139555110216079
ldc-1.41.0,bv_vienot_index,default,double,brettel,2,1024,1.1923076923076923,1.1929260450033723,1.2049639711668592,3.80859375,4.257537842,0.8945531176326301
ldc-1.41.0,bv_vienot_index,bv_compiler,double,brettel,2,1024,1.0016025642010256,1.000800640561562,1.004016064372243,3.80859375,4.257537842,0.8945531176326301
ldc-1.41.0,bv_vienot_index,bv_split,double,brettel,2,1024,1.0,0.998393574330062,1.0032154340175374,3.80859375,4.257537842,0.8945531176326301
ldc-1.41.0,bv_vienot_index,bv_vienot_index,double,brettel,2,1024,1.0,1.0,1.0,3.80859375,4.257537842,0.8945531176326301
ldc-1.41.0,bv_vienot_index,default,double,lookup,0,1024,1.0,0.9978197674269766,1.0010909091579832,8.3984375,5.812255859,1.4449531651287204
ldc-1.41.0,bv_vienot_index,bv_compiler,double,lookup,0,1024,0.9992732557693024,0.9985475670858456,1.0,8.3984375,5.812255859,1.4449531651287204
ldc-1.41.0,bv_vienot_index,bv_split,double,lookup,0,1024,0.9992732557693024,0.9978213507477515,1.000727272771989,8.3984375,5.812255859,1.4449531651287204
ldc-1.41.0,bv_vienot_index,bv_vienot_index,double,lookup,0,1024,1.0,1.0,1.0,8.3984375,5.812255859,1.4449531651287204
ldc-1.41.0,bv_vienot_index,default,double,lookup,1,1024,1.0,0.9992732557693024,1.0007278019632972,8.392333984,5.81439209,1.4433725579727803
ldc-1.41.0,bv_vienot_index,bv_compiler,double,lookup,1,1024,1.0,0.9989094875111932,1.0003639009816487,8.392333984,5.81439209,1.4433725579727803
ldc-1.41.0,bv_vienot_index,bv_split,double,lookup,1,1024,1.000727272771989,0.9989098837134884,1.0021834061283774,8.392333984,5.81439209,1.4433725579727803
ldc-1.41.0,bv_vienot_index,bv_vienot_index,double,lookup,1,1024,1.0,1.0,1.0,8.392333984,5.81439209,1.4433725579727803
ldc-1.41.0,bv_vienot_index,default,double,lookup,2,1024,1.000727272771989,0.9992732557693024,1.002547307110026,8.392333984,5.8131713865000005,1.4436756506938055
ldc-1.41.0,bv_vienot_index,bv_compiler,double,lookup,2,1024,1.0116363636368837,1.0,1.0127365356097515,8.392333984,5.8131713865000005,1.4436756506938055
ldc-1.41.0,bv_vienot_index,bv_split,double,lookup,2,1024,1.0,0.9992732557693024,1.0007278019632972,8.392333984,5.8131713865000005,1.4436756506938055
ldc-1.41.0,bv_vienot_index,bv_vienot_index,double,lookup,2,1024,1.0,1.0,1.0,8.392333984,5.8131713865000005,1.4436756506938055
ldc-1.41.0,bv_vienot_index,default,double,lookupApply,0,1024,0.9997324772879586,0.9986620283266584,1.0021390373893009,11.407470703,10.0863342285,1.1309828174012904
ldc-1.41.0,bv_vienot_index,bv_compiler,double,lookupApply,0,1024,1.0010700909358277,0.9994652406088673,1.0029435375585922,11.407470703,10.0863342285,1.1309828174012904
ldc-1.41.0,bv_vienot_index,bv_split,double,lookupApply,0,1024,1.0032102728951449,1.0,1.0101713061765132,11.407470703,10.0863342285,1.1309828174012904
ldc-1.41.0,bv_vienot_index,bv_vienot_index,double,lookupApply,0,1024,1.0,1.0,1.0,11.407470703,10.0863342285,1.1309828174012904
ldc-1.41.0,bv_vienot_index,default,double,lookupApply,1,1024,1.0008025682237862,0.9933739729494896,1.0008034279647688,11.407470703,10.088775635000001,1.1307091282142483
ldc-1.41.0,bv_vienot_index,bv_compiler,double,lookupApply,1,1024,1.0005350455117448,0.9912536443419614,1.0018731602725301,11.407470703,10.088775635000001,1.1307091282142483
ldc-1.41.0,bv_vienot_index,bv_split,double,lookupApply,1,1024,1.0024077046713586,0.9907235621466551,1.0082954241642736,11.407470703,10.088775635000001,1.1307091282142483
ldc-1.41.0,bv_vienot_index,bv_vienot_index,double,lookupApply,1,1024,1.0,1.0,1.0,11.407470703,10.088775635000001,1.1307091282142483
ldc-1.41.0,bv_vienot_index,default,double,lookupApply,2,1024,1.0008006405178713,0.9991999999945473,1.0042769313018143,11.4349365235,10.084777832,1.1338808562758629
ldc-1.41.0,bv_vienot_index,bv_compiler,double,lookupApply,2,1024,1.001601280992017,1.0007999999617618,1.003207698454463,11.4349365235,10.084777832,1.1338808562758629
ldc-1.41.0,bv_vienot_index,bv_split,double,lookupApply,2,1024,1.0010675206613446,0.9989333333114997,1.003207698454463,11.4349365235,10.084777832,1.1338808562758629
ldc-1.41.0,bv_vienot_index,bv_vienot_index,double,lookupApply,2,1024,1.0,1.0,1.0,11.4349365235,10.084777832,1.1338808562758629
ldc-1.41.0,bv_vienot_index,default,double,prepared,0,1024,1.0,0.9951768491041275,1.004815409606125,1.898193359,1.215332031,1.5618722378592522
ldc-1.41.0,bv_vienot_index,bv_compiler,double,prepared,0,1024,0.996784566245024,0.9935794543844712,0.9999999997365916,1.898193359,1.215332031,1.5618722378592522
ldc-1.41.0,bv_vienot_index,bv_split,double,prepared,0,1024,1.0032154342817927,0.9999999997365916,1.0160771706187388,1.898193359,1.215332031,1.5618722378592522
ldc-1.41.0,bv_vienot_index,bv_vienot_index,double,prepared,0,1024,1.0,1.0,1.0,1.898193359,1.215332031,1.5618722378592522
ldc-1.41.0,bv_vienot_index,default,double,prepared,1,1024,1.0,0.9856915740892003,1.0032154342817927,1.898193359,1.21685791,1.5599137281360975
ldc-1.41.0,bv_vienot_index,bv_compiler,double,prepared,1,1024,0.996784566245024,0.9841017488722328,0.996784566245024,1.898193359,1.21685791,1.5599137281360975
ldc-1.41.0,bv_vienot_index,bv_split,double,prepared,1,1024,1.0032154342817927,0.9888712240021813,1.0192926046371233,1.898193359,1.21685791,1.5599137281360975
ldc-1.41.0,bv_vienot_index,bv_vienot_index,double,prepared,1,1024,1.0,1.0,1.0,1.898193359,1.21685791,1.5599137281360975
ldc-1.41.0,bv_vienot_index,default,double,prepared,2,1024,1.0031746033694444,0.9694189603641624,1.011164274223814,1.922607422,1.217468262,1.579184839563399
ldc-1.41.0,bv_vienot_index,bv_compiler,double,prepared,2,1024,0.9936507937812382,0.9571865447102432,0.9984101747830325,1.922607422,1.217468262,1.579184839563399
ldc-1.41.0,bv_vienot_index,bv_split,double,prepared,2,1024,1.0,0.961773700455203,1.0175438594199053,1.922607422,1.217468262,1.579184839563399
ldc-1.41.0,bv_vienot_index,bv_vienot_index,double,prepared,2,1024,1.0,1.0,1.0,1.922607422,1.217468262,1.579184839563399
ldc-1.41.0,bv_vienot_index,default,double,vienot,0,1024,0.8497109828779311,0.8497109828779311,0.8554913291075171,1.055908203,1.220550537,0.8651081384924252
ldc-1.41.0,bv_vienot_index,bv_compiler,double,vienot,0,1024,0.8554913291075171,0.8497109828779311,0.8604651153929691,1.055908203,1.220550537,0.8651081384924252
ldc-1.41.0,bv_vienot_index,bv_split,double,vienot,0,1024,1.017341040582862,1.017341040582862,1.0377906971206057,1.055908203,1.220550537,0.8651081384924252
ldc-1.41.0,bv_vienot_index,bv_vienot_index,double,vienot,0,1024,1.0,1.0,1.0,1.055908203,1.220550537,0.8651081384924252
ldc-1.41.0,bv_vienot_index,default,double,vienot,1,1024,0.8497109828779311,0.8497109828779311,0.8526011559927241,1.055908203,1.220245361,0.8653244968165055
ldc-1.41.0,bv_vienot_index,bv_compiler,double,vienot,1,1024,0.8554913291075171,0.8554913291075171,0.8554913291075171,1.055908203,1.220245361,0.8653244968165055
ldc-1.41.0,bv_vienot_index,bv_split,double,vienot,1,1024,1.017341040582862,1.0144508669945431,1.0317919075774051,1.055908203,1.220245361,0.8653244968165055
ldc-1.41.0,bv_vienot_index,bv_vienot_index,double,vienot,1,1024,1.0,1.0,1.0,1.055908203,1.220245361,0.8653244968165055
ldc-1.41.0,bv_vienot_index,default,float,brettel,0,1024,1.53,1.5268414479959438,1.53,2.44140625,2.186126709,1.1167725273878442
ldc-1.41.0,bv_vienot_index,bv_compiler,float,brettel,0,1024,1.0025000001536,0.9975031211499545,1.0025000001536,2.44140625,2.186126709,1.1167725273878442
ldc-1.41.0,bv_vienot_index,bv_split,float,brettel,0,1024,1.0,0.9912609237180237,1.0,2.44140625,2.186126709,1.1167725273878442
ldc-1.41.0,bv_vienot_index,bv_vienot_index,float,brettel,0,1024,1.0,1.0,1.0,2.44140625,2.186126709,1.1167725273878442
ldc-1.41.0,bv_vienot_index,default,float,brettel,1,1024,1.605757196644728,1.5985037408832352,1.6171284634563194,2.438354492,2.134765625,1.1422118022909424
ldc-1.41.0,bv_vienot_index,bv_compiler,float,brettel,1,1024,1.0062578222526963,1.0024937655350898,1.011264079972831,2.438354492,2.134765625,1.1422118022909424
ldc-1.41.0,bv_vienot_index,bv_split,float,brettel,1,1024,1.0012515645325617,0.9862842894548607,1.007556675114949,2.438354492,2.134765625,1.1422118022909424
ldc-1.41.0,bv_vienot_index,bv_vienot_index,float,brettel,1,1024,1.0,1.0,1.0,2.438354492,2.134765625,1.1422118022909424
ldc-1.41.0,bv_vienot_index,default,float,brettel,2,1024,1.567430025200247,1.557522123692174,1.5714285714285714,2.398681641,2.137817383,1.1220236396590288
ldc-1.41.0,bv_vienot_index,bv_compiler,float,brettel,2,1024,1.007633587837178,1.0025284449542111,1.0102040818416327,2.398681641,2.137817383,1.1220236396590288
ldc-1.41.0,bv_vienot_index,bv_split,float,brettel,2,1024,1.0,0.9911504423495653,1.021683673547755,2.398681641,2.137817383,1.1220236396590288
ldc-1.41.0,bv_vienot_index,bv_vienot_index,float,brettel,2,1024,1.0,1.0,1.0,2.398681641,2.137817383,1.1220236396590288
ldc-1.41.0,bv_vienot_index,default,float,lookup,0,1024,0.9585876199054649,0.9556135770048833,1.0318616295137062,7.000732422,4.4709472654999995,1.5658275542682087
ldc-1.41.0,bv_vienot_index,bv_compiler,float,lookup,0,1024,0.9620749781600495,0.9590235397229985,1.0232134729271531,7.000732422,4.4709472654999995,1.5658275542682087
ldc-1.41.0,bv_vienot_index,bv_split,float,lookup,0,1024,0.9603312990327572,0.9564080209606388,1.045971779690697,7.000732422,4.4709472654999995,1.5658275542682087
ldc-1.41.0,bv_vienot_index,bv_vienot_index,float,lookup,0,1024,1.0,1.0,1.0,7.000732422,4.4709472654999995,1.5658275542682087
ldc-1.41.0,bv_vienot_index,default,float,lookup,1,1024,0.9598253274773,0.9530842746481297,1.0291173794353081,6.988525391,4.470031738,1.563417398491858
ldc-1.41.0,bv_vienot_index,bv_compiler,float,lookup,1,1024,0.9624454147597445,0.9593709042634934,1.0259326660129837,6.988525391,4.470031738,1.563417398491858
ldc-1.41.0,bv_vienot_index,bv_split,float,lookup,1,1024,0.9585152838003046,0.9526498697560822,1.0427661509897035,6.988525391,4.470031738,1.563417398491858
ldc-1.41.0,bv_vienot_index,bv_vienot_index,float,lookup,1,1024,1.0,1.0,1.0,6.988525391,4.470031738,1.563417398491858
ldc-1.41.0,bv_vienot_index,default,float,lookup,2,1024,0.9864982577960854,0.9830655667495612,0.9891114981604983,7.006835938,4.467315674,1.5684667145373528
ldc-1.41.0,bv_vienot_index,bv_compiler,float,lookup,2,1024,0.9817073169495981,0.9551393727809016,1.0,7.006835938,4.467315674,1.5684667145373528
ldc-1.41.0,bv_vienot_index,bv_split,float,lookup,2,1024,0.961236933702557,0.9547038326844867,0.9787234042280734,7.006835938,4.467315674,1.5684667145373528
ldc-1.41.0,bv_vienot_index,bv_vienot_index,float,lookup,2,1024,1.0,1.0,1.0,7.006835938,4.467315674,1.5684667145373528
ldc-1.41.0,bv_vienot_index,default,float,lookupApply,0,1024,0.9987236758920239,0.990186767984313,1.0003195909432472,9.564208984,9.941070556500001,0.9620904438452468
ldc-1.41.0,bv_vienot_index,bv_compiler,float,lookupApply,0,1024,1.0028717294389895,0.9930357708008082,1.0201021059683695,9.564208984,9.941070556500001,0.9620904438452468
ldc-1.41.0,bv_vienot_index,bv_split,float,lookupApply,0,1024,1.0003190810662026,0.995568217725753,0.9993618379198728,9.564208984,9.941070556500001,0.9620904438452468
ldc-1.41.0,bv_vienot_index,bv_vienot_index,float,lookupApply,0,1024,1.0,1.0,1.0,9.564208984,9.941070556500001,0.9620904438452468
ldc-1.41.0,bv_vienot_index,default,float,lookupApply,1,1024,1.0,0.9974619288820304,1.0054522129769434,9.573364258,9.942352294500001,0.9628872498609689
ldc-1.41.0,bv_vienot_index,bv_compiler,float,lookupApply,1,1024,1.0003187759201213,0.9971446700832488,1.0201471058853975,9.573364258,9.942352294500001,0.9628872498609689
ldc-1.41.0,bv_vienot_index,bv_split,float,lookupApply,1,1024,1.0003187759201213,0.9952411167707614,1.0057729314058979,9.573364258,9.942352294500001,0.9628872498609689
ldc-1.41.0,bv_vienot_index,bv_vienot_index,float,lookupApply,1,1024,1.0,1.0,1.0,9.573364258,9.942352294500001,0.9628872498609689
ldc-1.41.0,bv_vienot_index,default,float,lookupApply,2,1024,0.9952290077049931,0.9898605829648259,0.9980867346808163,9.594726562,9.941101074,0.9651573292111565
ldc-1.41.0,bv_vienot_index,bv_compiler,float,lookupApply,2,1024,0.9968193384352542,0.9873257287709245,1.0,9.594726562,9.941101074,0.9651573292111565
ldc-1.41.0,bv_vienot_index,bv_split,float,lookupApply,2,1024,0.9974554707898928,0.9911280101656041,1.0019132653191838,9.594726562,9.941101074,0.9651573292111565
ldc-1.41.0,bv_vienot_index,bv_vienot_index,float,lookupApply,2,1024,1.0,1.0,1.0,9.594726562,9.941101074,0.9651573292111565
ldc-1.41.0,bv_vienot_index,default,float,prepared,0,1024,1.0028328608992236,0.9957567187309075,1.008498583161807,2.154541016,0.783935547,2.7483649953686817
ldc-1.41.0,bv_vienot_index,bv_compiler,float,prepared,0,1024,0.9943342772732807,0.9829787235179815,1.0028328608992236,2.154541016,0.783935547,2.7483649953686817
ldc-1.41.0,bv_vienot_index,bv_split,float,prepared,0,1024,1.0014164304496118,0.9957507081870286,1.0056737589822708,2.154541016,0.783935547,2.7483649953686817
ldc-1.41.0,bv_vienot_index,bv_vienot_index,float,prepared,0,1024,1.0,1.0,1.0,2.154541016,0.783935547,2.7483649953686817
ldc-1.41.0,bv_vienot_index,default,float,prepared,1,1024,1.0,0.9929478138509671,1.0070821527121951,2.154541016,0.78515625,2.744092040278607
ldc-1.41.0,bv_vienot_index,bv_compiler,float,prepared,1,1024,0.99858356931832,0.9843971628604804,1.0014104373222412,2.154541016,0.78515625,2.744092040278607
ldc-1.41.0,bv_vienot_index,bv_split,float,prepared,1,1024,1.0028328608992236,0.995768688264363,1.009929077693773,2.154541016,0.78515625,2.744092040278607
ldc-1.41.0,bv_vienot_index,bv_vienot_index,float,prepared,1,1024,1.0,1.0,1.0,2.154541016,0.78515625,2.744092040278607
ldc-1.41.0,bv_vienot_index,default,float,prepared,2,1024,0.9985734666224977,1.0,1.0,2.1392822264999998,0.7845153805,2.7268837293369033
ldc-1.41.0,bv_vienot_index,bv_compiler,float,prepared,2,1024,0.9771754636227283,0.974358974646224,0.9799999997097691,2.1392822264999998,0.7845153805,2.7268837293369033
ldc-1.41.0,bv_vienot_index,bv_split,float,prepared,2,1024,0.9985734666224977,0.9971509974422363,1.0085714283948826,2.1392822264999998,0.7845153805,2.7268837293369033
ldc-1.41.0,bv_vienot_index,bv_vienot_index,float,prepared,2,1024,1.0,1.0,1.0,2.1392822264999998,0.7845153805,2.7268837293369033
ldc-1.41.0,bv_vienot_index,default,float,vienot,0,1024,6.406876791441642,6.401146132063426,6.415472779570054,1.0650634765,0.782104492,1.3617917904759969
ldc-1.41.0,bv_vienot_index,bv_compiler,float,vienot,0,1024,1.071633238002599,1.068767908313491,1.0744985672222513,1.0650634765,0.782104492,1.3617917904759969
ldc-1.41.0,bv_vienot_index,bv_split,float,vienot,0,1024,1.0830945558201197,1.071633238002599,1.0830945558201197,1.0650634765,0.782104492,1.3617917904759969
ldc-1.41.0,bv_vienot_index,bv_vienot_index,float,vienot,0,1024,1.0,1.0,1.0,1.0650634765,0.782104492,1.3617917904759969
ldc-1.41.0,bv_vienot_index,default,float,vienot,1,1024,6.3885714310484225,6.322033895763471,6.404011461752534,1.068115234,0.782714844,1.364628820045733
ldc-1.41.0,bv_vienot_index,bv_compiler,float,vienot,1,1024,1.080000000262144,1.067796609683133,1.0802292266004674,1.068115234,0.782714844,1.364628820045733
ldc-1.41.0,bv_vienot_index,bv_split,float,vienot,1,1024,1.080000000262144,1.067796609683133,1.080000000262144,1.068115234,0.782714844,1.364628820045733
ldc-1.41.0,bv_vienot_index,bv_vienot_index,float,vienot,1,1024,1.0,1.0,1.0,1.068115234,0.782714844,1.364628820045733
ldc-1.41.0,bv_vienot_static,default,double,brettel,0,1024,1.1854838707120083,1.1838709676515762,1.1853344076275045,3.784179688,4.1077270509999995,0.9212344542412491
ldc-1.41.0,bv_vienot_static,bv_compiler,double,brettel,0,1024,1.001612903060432,1.0,1.0040290087150947,3.784179688,4.1077270509999995,0.9212344542412491
ldc-1.41.0,bv_vienot_static,bv_split,double,brettel,0,1024,1.000806451530216,0.9991941983097902,1.0080645160949344,3.784179688,4.1077270509999995,0.9212344542412491
ldc-1.41.0,bv_vienot_static,bv_vienot_index,double,brettel,0,1024,1.0,0.9991941983097902,1.0032258063851223,3.784179688,4.1077270509999995,0.9212344542412491
ldc-1.41.0,bv_vienot_static,default,double,brettel,1,1024,1.163709677282111,1.158870967572299,1.1717741933770458,3.784179688,4.1389160154999995,0.9142924557609933
ldc-1.41.0,bv_vienot_static,bv_compiler,double,brettel,1,1024,1.0032258063851223,1.000806451530216,1.0032258063851223,3.784179688,4.1389160154999995,0.9142924557609933
ldc-1.41.0,bv_vienot_static,bv_split,double,brettel,1,1024,1.0,0.9983870966753099,1.004032257915338,3.784179688,4.1389160154999995,0.9142924557609933
ldc-1.41.0,bv_vienot_static,bv_vienot_index,double,brettel,1,1024,1.0,0.9983870966753099,1.001612903060432,3.784179688,4.1389160154999995,0.9142924557609933
ldc-1.41.0,bv_vienot_static,default,double,brettel,2,1024,1.1923076923076923,1.1915064102071795,1.203999999930794,3.80859375,4.2587890625,0.8942903003898188
ldc-1.41.0,bv_vienot_static,bv_compiler,double,brettel,2,1024,1.0016025642010256,1.0,1.0024096385707064,3.80859375,4.2587890625,0.8942903003898188
ldc-1.41.0,bv_vienot_static,bv_split,double,brettel,2,1024,1.0,0.9959935897600001,1.0024096385707064,3.80859375,4.2587890625,0.8942903003898188
ldc-1.41.0,bv_vienot_static,bv_vienot_index,double,brettel,2,1024,1.0,0.9975961538297435,0.9991999999509266,3.80859375,4.2587890625,0.8942903003898188
ldc-1.41.0,bv_vienot_static,default,double,lookup,0,1024,1.0,0.9878005023470434,0.9985454545751785,8.3984375,5.813812256,1.4445663413593381
ldc-1.41.0,bv_vienot_static,bv_compiler,double,lookup,0,1024,0.9992732557693024,0.9856476498027607,1.000727272771989,8.3984375,5.813812256,1.4445663413593381
ldc-1.41.0,bv_vienot_static,bv_split,double,lookup,0,1024,0.9992732557693024,0.9874416935700673,0.9992727273471673,8.3984375,5.813812256,1.4445663413593381
ldc-1.41.0,bv_vienot_static,bv_vienot_index,double,lookup,0,1024,1.0,0.9867240760161149,1.000727272771989,8.3984375,5.813812256,1.4445663413593381
ldc-1.41.0,bv_vienot_static,default,double,lookup,1,1024,1.0,0.9992732557693024,1.0007278019632972,8.392333984,5.814453125,1.44335740672086
ldc-1.41.0,bv_vienot_static,bv_compiler,double,lookup,1,1024,1.0,0.9989098837134884,1.0007278019632972,8.392333984,5.814453125,1.44335740672086
ldc-1.41.0,bv_vienot_static,bv_split,double,lookup,1,1024,1.000727272771989,1.0003639009816487,1.0010909091579832,8.392333984,5.814453125,1.44335740672086
ldc-1.41.0,bv_vienot_static,bv_vienot_index,double,lookup,1,1024,1.0,0.9985465116576743,1.0014556040458373,8.392333984,5.814453125,1.44335740672086
ldc-1.41.0,bv_vienot_static,default,double,lookup,2,1024,0.9992737835429228,0.9989102796279503,0.999637155334677,8.404541016,5.8156433105000005,1.4451610195600904
ldc-1.41.0,bv_vienot_static,bv_compiler,double,lookup,2,1024,1.010167029685182,0.9996367598759834,1.011991279092093,8.404541016,5.8156433105000005,1.4451610195600904
ldc-1.41.0,bv_vienot_static,bv_split,double,lookup,2,1024,0.9985475670858456,0.997822931770269,0.9989102796279503,8.404541016,5.8156433105000005,1.4451610195600904
ldc-1.41.0,bv_vienot_static,bv_vienot_index,double,lookup,2,1024,0.9985475670858456,0.9970972424396233,0.9996367598759834,8.404541016,5.8156433105000005,1.4451610195600904
ldc-1.41.0,bv_vienot_static,default,double,lookupApply,0,1024,0.9989307671964442,0.9839177431736431,1.0032119913687672,11.4166259765,10.091217041,1.1313428231812819
ldc-1.41.0,bv_vienot_static,bv_compiler,double,lookupApply,0,1024,1.000267308178991,0.9881360400362166,1.00053533185094,11.4166259765,10.091217041,1.1313428231812819
ldc-1.41.0,bv_vienot_static,bv_split,double,lookupApply,0,1024,1.002405773873694,0.9852359609809932,1.0088211707822334,11.4166259765,10.091217041,1.1313428231812819
ldc-1.41.0,bv_vienot_static,bv_vienot_index,double,lookupApply,0,1024,0.9991980753754353,0.9852359609809932,1.001070663789589,11.4166259765,10.091217041,1.1313428231812819
ldc-1.41.0,bv_vienot_static,default,double,lookupApply,1,1024,1.000534902369358,0.9883628669880141,1.0032119913687672,11.410522461,10.0899658205,1.1308782075175117
ldc-1.41.0,bv_vienot_static,bv_compiler,double,lookupApply,1,1024,1.0002674512065886,0.9886273472571507,1.0013372559453042,11.410522461,10.0899658205,1.1308782075175117
ldc-1.41.0,bv_vienot_static,bv_split,double,lookupApply,1,1024,1.0021396095212507,0.9915366305209803,1.0077560845528755,11.410522461,10.0899658205,1.1308782075175117
ldc-1.41.0,bv_vienot_static,bv_vienot_index,double,lookupApply,1,1024,0.9997325487934114,0.9875694260939395,1.0099036402071888,11.410522461,10.0899658205,1.1308782075175117
ldc-1.41.0,bv_vienot_static,default,double,lookupApply,2,1024,1.0,0.999466524417431,1.0005336179623596,11.444091797,10.090942383,1.1340954454640058
ldc-1.41.0,bv_vienot_static,bv_compiler,double,lookupApply,2,1024,1.0007999999617618,0.9992012779062156,1.001067235881005,11.444091797,10.090942383,1.1340954454640058
ldc-1.41.0,bv_vienot_static,bv_split,double,lookupApply,2,1024,1.0002666666393571,0.9991997866042955,1.0013340448184709,11.444091797,10.090942383,1.1340954454640058
ldc-1.41.0,bv_vienot_static,bv_vienot_index,double,lookupApply,2,1024,0.9991999999945473,0.996006389749182,1.0002667378131356,11.444091797,10.090942383,1.1340954454640058
ldc-1.41.0,bv_vienot_static,default,double,prepared,0,1024,1.0,0.99198717952,1.00967741968644,1.898193359,1.2144470215,1.5630104281168924
ldc-1.41.0,bv_vienot_static,bv_compiler,double,prepared,0,1024,0.996784566245024,0.9935897437210256,1.003225806120864,1.898193359,1.2144470215,1.5630104281168924
ldc-1.41.0,bv_vienot_static,bv_split,double,prepared,0,1024,1.0032154342817927,1.003225806120864,1.0128205128205128,1.898193359,1.2144470215,1.5630104281168924
ldc-1.41.0,bv_vienot_static,bv_vienot_index,double,prepared,0,1024,1.0,0.9967948715979487,1.004838709711091,1.898193359,1.2144470215,1.5630104281168924
ldc-1.41.0,bv_vienot_static,default,double,prepared,1,1024,1.003225806120864,0.9967845659824626,1.0064516127702443,1.892089844,1.215942383,1.5560686677700912
ldc-1.41.0,bv_vienot_static,bv_compiler,double,prepared,1,1024,1.0,0.9951768488419896,1.0,1.892089844,1.215942383,1.5560686677700912
ldc-1.41.0,bv_vienot_static,bv_split,double,prepared,1,1024,1.0064516127702443,0.9999999997365916,1.0209339774234278,1.892089844,1.215942383,1.5560686677700912
ldc-1.41.0,bv_vienot_static,bv_vienot_index,double,prepared,1,1024,1.003225806120864,1.00161030579329,1.0112540191930852,1.892089844,1.215942383,1.5560686677700912
ldc-1.41.0,bv_vienot_static,default,double,prepared,2,1024,1.0063694271437609,0.9904761904117938,1.0127795527164911,1.916503906,1.215057373,1.5772949891807289
ldc-1.41.0,bv_vienot_static,bv_compiler,double,prepared,2,1024,0.9968152869499031,0.9889415482813894,1.0,1.916503906,1.215057373,1.5772949891807289
ldc-1.41.0,bv_vienot_static,bv_split,double,prepared,2,1024,1.0031847135718803,0.9936808845473432,1.0191693289438741,1.916503906,1.215057373,1.5772949891807289
ldc-1.41.0,bv_vienot_static,bv_vienot_index,double,prepared,2,1024,1.0031847135718803,0.9984126983152778,1.033175355155832,1.916503906,1.215057373,1.5772949891807289
ldc-1.41.0,bv_vienot_static,default,double,vienot,0,1024,1.0,1.0,1.006802720390889,0.897216797,1.2208557125000001,0.734908136820468
ldc-1.41.0,bv_vienot_static,bv_compiler,double,vienot,0,1024,1.006802720390889,1.0,1.006802720390889,0.897216797,1.2208557125000001,0.734908136820468
ldc-1.41.0,bv_vienot_static,bv_split,double,vienot,0,1024,1.1972789113978213,1.1972789113978213,1.2142857140468803,0.897216797,1.2208557125000001,0.734908136820468
ldc-1.41.0,bv_vienot_static,bv_vienot_index,double,vienot,0,1024,1.1768707479960387,1.1700680276051498,1.1768707479960387,0.897216797,1.2208557125000001,0.734908136820468
ldc-1.41.0,bv_vienot_static,default,double,vienot,1,1024,0.9932432439313952,0.9932432439313952,0.9966216219656976,0.903320312,1.2236022945,0.738246664018494
ldc-1.41.0,bv_vienot_static,bv_compiler,double,vienot,1,1024,1.0,1.0,1.0,0.903320312,1.2236022945,0.738246664018494
ldc-1.41.0,bv_vienot_static,bv_split,double,vienot,1,1024,1.1891891898474216,1.1858108112596055,1.206081081679474,0.903320312,1.2236022945,0.738246664018494
ldc-1.41.0,bv_vienot_static,bv_vienot_index,double,vienot,1,1024,1.168918919427553,1.168918919427553,1.168918919427553,0.903320312,1.2236022945,0.738246664018494
ldc-1.41.0,bv_vienot_static,default,float,brettel,0,1024,1.53,1.5261845384195292,1.5345043914303473,2.44140625,2.186096191,1.1167881175819678
ldc-1.41.0,bv_vienot_static,bv_compiler,float,brettel,0,1024,1.0025000001536,1.0,1.002509410442825,2.44140625,2.186096191,1.1167881175819678
ldc-1.41.0,bv_vienot_static,bv_split,float,brettel,0,1024,1.0,0.9962358845413337,1.0012515645325617,2.44140625,2.186096191,1.1167881175819678
ldc-1.41.0,bv_vienot_static,bv_vienot_index,float,brettel,0,1024,1.0,0.9975062342611302,1.0050188206800788,2.44140625,2.186096191,1.1167881175819678
ldc-1.41.0,bv_vienot_static,default,float,brettel,1,1024,1.5997506232218237,1.6009975058869694,1.611041404877191,2.447509766,2.1341247555000002,1.1468447473337038
ldc-1.41.0,bv_vienot_static,bv_compiler,float,brettel,1,1024,1.0024937653302912,1.0,1.013801756199274,2.447509766,2.1341247555000002,1.1468447473337038
ldc-1.41.0,bv_vienot_static,bv_split,float,brettel,1,1024,0.9975062342611302,0.9912280702528814,0.9975062342611302,2.447509766,2.1341247555000002,1.1468447473337038
ldc-1.41.0,bv_vienot_static,bv_vienot_index,float,brettel,1,1024,0.9962593513916954,0.9900249374530994,1.0050125312254068,2.447509766,2.1341247555000002,1.1468447473337038
ldc-1.41.0,bv_vienot_static,default,float,brettel,2,1024,1.5555555552337599,1.5555555552337599,1.5555555552337599,2.416992188,2.139038086,1.1299435030255933
ldc-1.41.0,bv_vienot_static,bv_compiler,float,brettel,2,1024,1.0,1.0,1.001262626133072,2.416992188,2.139038086,1.1299435030255933
ldc-1.41.0,bv_vienot_static,bv_split,float,brettel,2,1024,0.9924242423740924,0.9898989896942108,1.0113636362319927,2.416992188,2.139038086,1.1299435030255933
ldc-1.41.0,bv_vienot_static,bv_vienot_index,float,brettel,2,1024,0.9924242423740924,0.9898989896942108,0.9987373736600592,2.416992188,2.139038086,1.1299435030255933
ldc-1.41.0,bv_vienot_static,default,float,lookup,0,1024,0.9977313974685417,0.9734042552828369,1.0295186194653265,6.726074219,4.472167969,1.5039851511892084
ldc-1.41.0,bv_vienot_static,bv_compiler,float,lookup,0,1024,1.001361161459405,0.974313551835304,1.0208900999281634,6.726074219,4.472167969,1.5039851511892084
ldc-1.41.0,bv_vienot_static,bv_split,float,lookup,0,1024,0.9995462794639733,0.9716563330396293,1.0435967302460425,6.726074219,4.472167969,1.5039851511892084
ldc-1.41.0,bv_vienot_static,bv_vienot_index,float,lookup,0,1024,1.040834845714925,0.9977293369756525,1.0186170212584398,6.726074219,4.472167969,1.5039851511892084
ldc-1.41.0,bv_vienot_static,default,float,lookup,1,1024,0.997277676932515,0.9759786478126264,1.0277146751375816,6.726074219,4.474304199,1.5032670823998215
ldc-1.41.0,bv_vienot_static,bv_compiler,float,lookup,1,1024,0.9999999999256626,0.9725420725414412,1.0245343025332179,6.726074219,4.474304199,1.5032670823998215
ldc-1.41.0,bv_vienot_static,bv_split,float,lookup,1,1024,0.9959165153987724,0.9698848537457665,1.0413448431867787,6.726074219,4.474304199,1.5032670823998215
ldc-1.41.0,bv_vienot_static,bv_vienot_index,float,lookup,1,1024,1.0390199637194935,0.9986369831801925,1.0240213523331387,6.726074219,4.474304199,1.5032670823998215
ldc-1.41.0,bv_vienot_static,default,float,lookup,2,1024,1.0295454544967086,1.0262919312284455,1.034153005475081,6.713867188,4.471923828,1.5013375554302932
ldc-1.41.0,bv_vienot_static,bv_compiler,float,lookup,2,1024,1.0245454544132993,0.9986338798466521,1.044585987316221,6.713867188,4.471923828,1.5013375554302932
ldc-1.41.0,bv_vienot_static,bv_split,float,lookup,2,1024,1.0031818180791812,0.9972702456593048,1.0217588395297705,6.713867188,4.471923828,1.5013375554302932
ldc-1.41.0,bv_vienot_static,bv_vienot_index,float,lookup,2,1024,1.0436363636331139,1.0439709882442625,1.0455373407329192,6.713867188,4.471923828,1.5013375554302932
ldc-1.41.0,bv_vienot_static,default,float,lookupApply,0,1024,0.9964979306409704,0.9930203046075127,0.9993610224296402,9.585571289,9.9404907225,0.9642955822395518
ldc-1.41.0,bv_vienot_static,bv_compiler,float,lookupApply,0,1024,1.000636739878718,0.9958756344722843,1.0168575063548093,9.585571289,9.9404907225,0.9642955822395518
ldc-1.41.0,bv_vienot_static,bv_split,float,lookupApply,0,1024,0.9980897803116844,0.9911167512430458,1.004792332248804,9.585571289,9.9404907225,0.9642955822395518
ldc-1.41.0,bv_vienot_static,bv_vienot_index,float,lookupApply,0,1024,0.9977714103462446,0.9927030457047715,1.009265175764773,9.585571289,9.9404907225,0.9642955822395518
ldc-1.41.0,bv_vienot_static,default,float,lookupApply,1,1024,0.9984086569129679,0.9974546611517161,1.000955109791996,9.588623047,9.942321777,0.964424936354582
ldc-1.41.0,bv_vienot_static,bv_compiler,float,lookupApply,1,1024,0.9987269255512323,0.9955456570545995,1.015276893751024,9.588623047,9.942321777,0.964424936354582
ldc-1.41.0,bv_vienot_static,bv_split,float,lookupApply,1,1024,0.9987269255512323,0.9977728285272998,0.9996817314138641,9.588623047,9.942321777,0.964424936354582
ldc-1.41.0,bv_vienot_static,bv_vienot_index,float,lookupApply,1,1024,0.9984086569129679,0.9920458160795645,1.0035020694111911,9.588623047,9.942321777,0.964424936354582
ldc-1.41.0,bv_vienot_static,default,float,lookupApply,2,1024,0.9971319311468809,0.9936548223610151,0.9974506054290865,9.576416016,9.942352294500001,0.9631941951300164
ldc-1.41.0,bv_vienot_static,bv_compiler,float,lookupApply,2,1024,0.9987253026623317,0.9929891650605167,0.9993626513311659,9.576416016,9.942352294500001,0.9631941951300164
ldc-1.41.0,bv_vienot_static,bv_split,float,lookupApply,2,1024,0.9993626513311659,0.9930203045555329,1.0012746972332454,9.576416016,9.942352294500001,0.9631941951300164
ldc-1.41.0,bv_vienot_static,bv_vienot_index,float,lookupApply,2,1024,1.0019120457976562,0.9974619288820304,1.0057361376540266,9.576416016,9.942352294500001,0.9631941951300164
ldc-1.41.0,bv_vienot_static,default,float,prepared,0,1024,1.0085470086068522,1.0,1.0230547552833904,2.142333984,0.784545898,2.7306674975439105
ldc-1.41.0,bv_vienot_static,bv_compiler,float,prepared,0,1024,1.0,0.9971590907345455,1.011428571429909,2.142333984,0.784545898,2.7306674975439105
ldc-1.41.0,bv_vienot_static,bv_split,float,prepared,0,1024,1.0071225073279706,1.0042613636654547,1.0216138330044033,2.142333984,0.784545898,2.7306674975439105
ldc-1.41.0,bv_vienot_static,bv_vienot_index,float,prepared,0,1024,1.0056980060490885,1.0042613634327273,1.0158501441245353,2.142333984,0.784545898,2.7306674975439105
ldc-1.41.0,bv_vienot_static,default,float,prepared,1,1024,1.0056980060490885,1.0014224751942067,1.024495677326297,2.142333984,0.7845153805,2.730773719993371
ldc-1.41.0,bv_vienot_static,bv_compiler,float,prepared,1,1024,1.0042735045368163,0.9985611509906065,1.009957325893331,2.142333984,0.7845153805,2.730773719993371
ldc-1.41.0,bv_vienot_static,bv_split,float,prepared,1,1024,1.0085470086068522,1.004267425349562,1.0244604315095003,2.142333984,0.7845153805,2.730773719993371
ldc-1.41.0,bv_vienot_static,bv_vienot_index,float,prepared,1,1024,1.0056980060490885,1.008534850699124,1.0172910666396033,2.142333984,0.7845153805,2.730773719993371
ldc-1.41.0,bv_vienot_static,default,float,prepared,2,1024,1.0233918128626955,1.0233918128626955,1.0263157891711172,2.087402344,0.783935547,2.662721893385452
ldc-1.41.0,bv_vienot_static,bv_compiler,float,prepared,2,1024,1.0014619881542108,1.0,1.0029239763084217,2.087402344,0.783935547,2.662721893385452
ldc-1.41.0,bv_vienot_static,bv_split,float,prepared,2,1024,1.0233918128626955,1.0233918128626955,1.0321637425065573,2.087402344,0.783935547,2.662721893385452
ldc-1.41.0,bv_vienot_static,bv_vienot_index,float,prepared,2,1024,1.0248538010169064,1.0233918128626955,1.0263157891711172,2.087402344,0.783935547,2.662721893385452
ldc-1.41.0,bv_vienot_static,default,float,vienot,0,1024,7.403973513217617,7.397350996251744,7.413907287581394,0.921630859,0.782104492,1.1783986263052941
ldc-1.41.0,bv_vienot_static,bv_compiler,float,vienot,0,1024,1.238410596666013,1.2350993381830762,1.241721854606433,0.921630859,0.782104492,1.1783986263052941
ldc-1.41.0,bv_vienot_static,bv_split,float,vienot,0,1024,1.2516556295127266,1.238410596666013,1.2516556295127266,0.921630859,0.782104492,1.1783986263052941
ldc-1.41.0,bv_vienot_static,bv_vienot_index,float,vienot,0,1024,1.155629139475244,1.155629139475244,1.155629139475244,0.921630859,0.782104492,1.1783986263052941
ldc-1.41.0,bv_vienot_static,default,float,vienot,1,1024,7.403973513217617,7.351973684277895,7.407284771158038,0.921630859,0.782104492,1.1783986263052941
ldc-1.41.0,bv_vienot_static,bv_compiler,float,vienot,1,1024,1.2516556295127266,1.2401315791494738,1.2516556295127266,0.921630859,0.782104492,1.1783986263052941
ldc-1.41.0,bv_vienot_static,bv_split,float,vienot,1,1024,1.2516556295127266,1.2302631580294736,1.2516556295127266,0.921630859,0.782104492,1.1783986263052941
ldc-1.41.0,bv_vienot_static,bv_vienot_index,float,vienot,1,1024,1.1589403974156642,1.1480263157221053,1.1683168323256152,0.921630859,0.782104492,1.1783986263052941
ldc-1.41.0,bv_vienot_index,default,double,brettel,0,8191,1.2051282049426202,1.1886885406284562,1.851055435011858,3.868575266,4.1192772555,0.9391393261608535
ldc-1.41.0,bv_vienot_index,bv_compiler,double,brettel,0,8191,0.9986193293053018,0.9927007299477664,1.0059630291136037,3.868575266,4.1192772555,0.9391393261608535
ldc-1.41.0,bv_vienot_index,bv_split,double,brettel,0,8191,0.9968441813431166,0.9901361216104307,1.003478433595332,3.868575266,4.1192772555,0.9391393261608535
ldc-1.41.0,bv_vienot_index,bv_vienot_index,double,brettel,0,8191,1.0,1.0,1.0,3.868575266,4.1192772555,0.9391393261608535
ldc-1.41.0,bv_vienot_index,default,double,brettel,1,8191,2.2428373836597766,2.2197096867262482,2.277893072283054,3.8617079725,4.151992278,0.9300855382034022
ldc-1.41.0,bv_vienot_index,bv_compiler,double,brettel,1,8191,0.9991108475771726,0.9891293605631396,0.998815048770766,3.8617079725,4.151992278,0.9300855382034022
ldc-1.41.0,bv_vienot_index,bv_split,double,brettel,1,8191,0.9997036157295812,0.9949639576639928,0.9978258721385309,3.8617079725,4.151992278,0.9300855382034022
ldc-1.41.0,bv_vienot_index,bv_vienot_index,double,brettel,1,8191,1.0,1.0,1.0,3.8617079725,4.151992278,0.9300855382034022
ldc-1.41.0,bv_vienot_index,default,double,brettel,2,8191,2.220931397026054,2.1891009791270624,2.2607911866417405,3.8094402394999998,4.1706102734999995,0.9134011546715671
ldc-1.41.0,bv_vienot_index,bv_compiler,double,brettel,2,8191,1.0133199799208978,1.001186826207951,1.0137205807714313,3.8094402394999998,4.1706102734999995,0.9134011546715671
ldc-1.41.0,bv_vienot_index,bv_split,double,brettel,2,8191,1.0123184776633114,1.000296706454775,1.0156878519589503,3.8094402394999998,4.1706102734999995,0.9134011546715671
ldc-1.41.0,bv_vienot_index,bv_vienot_index,double,brettel,2,8191,1.0,1.0,1.0,3.8094402394999998,4.1706102734999995,0.9134011546715671
ldc-1.41.0,bv_vienot_index,default,double,lookup,0,8191,1.0047459144688378,1.000357110985464,1.0067697825537474,8.5211665245,5.918180014500001,1.4398288838160516
ldc-1.41.0,bv_vienot_index,bv_compiler,double,lookup,0,8191,1.0028206849884806,0.9994196947144353,1.0061778135702784,8.5211665245,5.918180014500001,1.4398288838160516
ldc-1.41.0,bv_vienot_index,bv_split,double,lookup,0,8191,1.0009402283099345,0.9998655009964144,1.0023658602128862,8.5211665245,5.918180014500001,1.4398288838160516
ldc-1.41.0,bv_vienot_index,bv_vienot_index,double,lookup,0,8191,1.0,1.0,1.0,8.5211665245,5.918180014500001,1.4398288838160516
ldc-1.41.0,bv_vienot_index,default,double,lookup,1,8191,1.001251844251898,0.9990182077904519,1.003175739120372,8.533375045500001,5.9136666765,1.4429922267026511
ldc-1.41.0,bv_vienot_index,bv_compiler,double,lookup,1,8191,1.0029954844787325,1.0008479114404087,1.0064458370673235,8.533375045500001,5.9136666765,1.4429922267026511
ldc-1.41.0,bv_vienot_index,bv_split,double,lookup,1,8191,1.0007153395892538,0.9972777579670925,1.0020590868132482,8.533375045500001,5.9136666765,1.4429922267026511
ldc-1.41.0,bv_vienot_index,bv_vienot_index,double,lookup,1,8191,1.0,1.0,1.0,8.533375045500001,5.9136666765,1.4429922267026511
ldc-1.41.0,bv_vienot_index,default,double,lookup,2,8191,0.9983606558003406,0.9953068271951315,1.0042632561034088,8.610822854,5.97248886,1.441747830066275
ldc-1.41.0,bv_vienot_index,bv_compiler,double,lookup,2,8191,0.9995569340393261,0.9947755246276808,1.0022648548158486,8.610822854,5.97248886,1.441747830066275
ldc-1.41.0,bv_vienot_index,bv_split,double,lookup,2,8191,0.9985821887516443,0.9957938545244507,1.0056399325110301,8.610822854,5.97248886,1.441747830066275
ldc-1.41.0,bv_vienot_index,bv_vienot_index,double,lookup,2,8191,1.0,1.0,1.0,8.610822854,5.97248886,1.441747830066275
ldc-1.41.0,bv_vienot_index,default,double,lookupApply,0,8191,0.9987866863454562,0.9977713686667118,1.0020678789213802,11.634339519000001,10.241293798000001,1.1360224351021007
ldc-1.41.0,bv_vienot_index,bv_compiler,double,lookupApply,0,8191,0.9977701262321222,0.9958649207524064,0.9990809426777104,11.634339519000001,10.241293798000001,1.1360224351021007
ldc-1.41.0,bv_vienot_index,bv_split,double,lookupApply,0,8191,0.9998688309295505,0.9990481192280318,1.0023300843696752,11.634339519000001,10.241293798000001,1.1360224351021007
ldc-1.41.0,bv_vienot_index,bv_vienot_index,double,lookupApply,0,8191,1.0,1.0,1.0,11.634339519000001,10.241293798000001,1.1360224351021007
ldc-1.41.0,bv_vienot_index,default,double,lookupApply,1,8191,0.9989484752502702,0.9972096381829927,1.0008884209524007,11.6103039925,10.2523768465,1.1324499836799868
ldc-1.41.0,bv_vienot_index,bv_compiler,double,lookupApply,1,8191,0.9981598317310382,0.9958965268029641,1.0009213254049678,11.6103039925,10.2523768465,1.1324499836799868
ldc-1.41.0,bv_vienot_index,bv_split,double,lookupApply,1,8191,1.0004271819241946,0.997992826884107,1.003414313851568,11.6103039925,10.2523768465,1.1324499836799868
ldc-1.41.0,bv_vienot_index,bv_vienot_index,double,lookupApply,1,8191,1.0,1.0,1.0,11.6103039925,10.2523768465,1.1324499836799868
ldc-1.41.0,bv_vienot_index,default,double,lookupApply,2,8191,0.9983190507336811,0.9963841956755137,1.0015836880288476,11.575204493000001,10.290101178,1.1248873351942859
ldc-1.41.0,bv_vienot_index,bv_compiler,double,lookupApply,2,8191,0.9987804877651589,0.9938531326268336,1.0055759015538235,11.575204493000001,10.290101178,1.1248873351942859
ldc-1.41.0,bv_vienot_index,bv_split,double,lookupApply,2,8191,0.9973961766707251,0.9945762934917308,1.003200369532172,11.575204493000001,10.290101178,1.1248873351942859
ldc-1.41.0,bv_vienot_index,bv_vienot_index,double,lookupApply,2,8191,1.0,1.0,1.0,11.575204493000001,10.290101178,1.1248873351942859
ldc-1.41.0,bv_vienot_index,default,double,prepared,0,8191,0.9823598588009333,0.96662164775488,0.9912888537586043,1.946496154,1.195851392,1.6277073949335672
ldc-1.41.0,bv_vienot_index,bv_compiler,double,prepared,0,8191,0.9900039201413187,0.9770403241402105,0.9958424075818425,1.946496154,1.195851392,1.6277073949335672
ldc-1.41.0,bv_vienot_index,bv_split,double,prepared,0,8191,0.993335947017751,0.9764615087292794,1.004355573120698,1.946496154,1.195851392,1.6277073949335672
ldc-1.41.0,bv_vienot_index,bv_vienot_index,double,prepared,0,8191,1.0,1.0,1.0,1.946496154,1.195851392,1.6277073949335672
ldc-1.41.0,bv_vienot_index,default,double,prepared,1,8191,0.9930706793030708,0.9848752700713159,0.9996021484491078,1.927038823,1.1979535465,1.6086089720508208
ldc-1.41.0,bv_vienot_index,bv_compiler,double,prepared,1,8191,1.0001979807025403,0.9933215479039349,1.0119355480909895,1.927038823,1.1979535465,1.6086089720508208
ldc-1.41.0,bv_vienot_index,bv_split,double,prepared,1,8191,0.9910908733155295,0.9862502454725731,0.995623632418778,1.927038823,1.1979535465,1.6086089720508208
ldc-1.41.0,bv_vienot_index,bv_vienot_index,double,prepared,1,8191,1.0,1.0,1.0,1.927038823,1.1979535465,1.6086089720508208
ldc-1.41.0,bv_vienot_index,default,double,prepared,2,8191,0.9930816366576997,0.9860373646377569,0.9984104909623388,1.9300909535,1.1963130265,1.613366159814193
ldc-1.41.0,bv_vienot_index,bv_compiler,double,prepared,2,8191,0.9962443171463734,0.9933004926847216,1.0000000000000002,1.9300909535,1.1963130265,1.613366159814193
ldc-1.41.0,bv_vienot_index,bv_split,double,prepared,2,8191,0.9948606442706692,0.9869950739894764,1.0089409895086148,1.9300909535,1.1963130265,1.613366159814193
ldc-1.41.0,bv_vienot_index,bv_vienot_index,double,prepared,2,8191,1.0,1.0,1.0,1.9300909535,1.1963130265,1.613366159814193
ldc-1.41.0,bv_vienot_index,default,double,vienot,0,8191,0.8470672901858731,0.8382614890932234,0.850234572220347,1.060233793,1.201661885,0.8823062512297293
ldc-1.41.0,bv_vienot_index,bv_compiler,double,vienot,0,8191,0.8549838073308799,0.8457427856033294,0.8574521832204728,1.060233793,1.201661885,0.8823062512297293
ldc-1.41.0,bv_vienot_index,bv_split,double,vienot,0,8191,1.0298668588089417,1.0288184439346455,1.0321183687613773,1.060233793,1.201661885,0.8823062512297293
ldc-1.41.0,bv_vienot_index,bv_vienot_index,double,vienot,0,8191,1.0,1.0,1.0,1.060233793,1.201661885,0.8823062512297293
ldc-1.41.0,bv_vienot_index,default,double,vienot,1,8191,0.848233597374039,0.8409009655712686,0.8542568542848258,1.058326212,1.2022341595000001,0.8802995686299163
ldc-1.41.0,bv_vienot_index,bv_compiler,double,vienot,1,8191,0.8565248736369765,0.8476939579050835,0.8593073596409696,1.058326212,1.2022341595000001,0.8802995686299163
ldc-1.41.0,bv_vienot_index,bv_split,double,vienot,1,8191,1.030281182339269,1.0214515553302268,1.0302375809303468,1.058326212,1.2022341595000001,0.8802995686299163
ldc-1.41.0,bv_vienot_index,bv_vienot_index,double,vienot,1,8191,1.0,1.0,1.0,1.058326212,1.2022341595000001,0.8802995686299163
ldc-1.41.0,bv_vienot_index,default,float,brettel,0,8191,1.601510859315835,1.5762391819324695,2.445546112579555,2.42415456,2.133126297,1.136432738844061
ldc-1.41.0,bv_vienot_index,bv_compiler,float,brettel,0,8191,1.002203336407725,1.001730920418773,1.0026754799825965,2.42415456,2.133126297,1.136432738844061
ldc-1.41.0,bv_vienot_index,bv_split,float,brettel,0,8191,1.0,0.9992130941106329,1.0033039646480275,2.42415456,2.133126297,1.136432738844061
ldc-1.41.0,bv_vienot_index,bv_vienot_index,float,brettel,0,8191,1.0,1.0,1.0,2.42415456,2.133126297,1.136432738844061
ldc-1.41.0,bv_vienot_index,default,float,brettel,1,8191,3.1164071105747495,2.9531667454160533,3.253303965267287,2.4252991085,2.097080637,1.1565120890961715
ldc-1.41.0,bv_vienot_index,bv_compiler,float,brettel,1,8191,1.0034607521070633,1.001887980034911,1.0179160775223512,2.4252991085,2.097080637,1.1565120890961715
ldc-1.41.0,bv_vienot_index,bv_split,float,brettel,1,8191,1.000629227749539,1.0003147127846657,1.0012586532878764,2.4252991085,2.097080637,1.1565120890961715
ldc-1.41.0,bv_vienot_index,bv_vienot_index,float,brettel,1,8191,1.0,1.0,1.0,2.4252991085,2.097080637,1.1565120890961715
ldc-1.41.0,bv_vienot_index,default,float,brettel,2,8191,2.9088337005201645,2.8429739077968676,2.9476415097843662,2.42720669,2.0857610490000003,1.1637031438302592
ldc-1.41.0,bv_vienot_index,bv_compiler,float,brettel,2,8191,1.0028292992221441,1.0022012579947985,1.0029864823749313,2.42720669,2.0857610490000003,1.1637031438302592
ldc-1.41.0,bv_vienot_index,bv_split,float,brettel,2,8191,1.0012574662522868,0.9988997171064983,1.0076983503028372,2.42720669,2.0857610490000003,1.1637031438302592
ldc-1.41.0,bv_vienot_index,bv_vienot_index,float,brettel,2,8191,1.0,1.0,1.0,2.42720669,2.0857610490000003,1.1637031438302592
ldc-1.41.0,bv_vienot_index,default,float,lookup,0,8191,0.9913096763477761,0.9576613990245443,1.0225432876614193,6.848599072,4.546193993499999,1.5064467292403063
ldc-1.41.0,bv_vienot_index,bv_compiler,float,lookup,0,8191,1.0072419364133571,0.9967307796950792,1.0023611423384722,6.848599072,4.546193993499999,1.5064467292403063
ldc-1.41.0,bv_vienot_index,bv_split,float,lookup,0,8191,0.996490446258087,0.9628930478108303,1.0277715313845806,6.848599072,4.546193993499999,1.5064467292403063
ldc-1.41.0,bv_vienot_index,bv_vienot_index,float,lookup,0,8191,1.0,1.0,1.0,6.848599072,4.546193993499999,1.5064467292403063
ldc-1.41.0,bv_vienot_index,default,float,lookup,1,8191,1.0009547343485319,0.9655284907425102,1.027384165569463,6.793279209,4.535141466000001,1.497920022986996
ldc-1.41.0,bv_vienot_index,bv_compiler,float,lookup,1,8191,1.0020217903721378,0.993094823821081,1.0044930439351616,6.793279209,4.535141466000001,1.497920022986996
ldc-1.41.0,bv_vienot_index,bv_split,float,lookup,1,8191,1.00219027292155,0.9653653762587379,1.0241790372918227,6.793279209,4.535141466000001,1.497920022986996
ldc-1.41.0,bv_vienot_index,bv_vienot_index,float,lookup,1,8191,1.0,1.0,1.0,6.793279209,4.535141466000001,1.497920022986996
ldc-1.41.0,bv_vienot_index,default,float,lookup,2,8191,0.9617193835819878,0.9667902627615775,0.9776761107314031,7.0561439385,4.540337718,1.5541011212725828
ldc-1.41.0,bv_vienot_index,bv_compiler,float,lookup,2,8191,0.9935658286033134,0.9915665307239627,0.9988177763538357,7.0561439385,4.540337718,1.5541011212725828
ldc-1.41.0,bv_vienot_index,bv_split,float,lookup,2,8191,0.9661530143685291,0.9550217636967817,1.0146752820112876,7.0561439385,4.540337718,1.5541011212725828
ldc-1.41.0,bv_vienot_index,bv_vienot_index,float,lookup,2,8191,1.0,1.0,1.0,7.0561439385,4.540337718,1.5541011212725828
ldc-1.41.0,bv_vienot_index,default,float,lookupApply,0,8191,0.9963492187855711,0.9928215588698657,1.000549946951134,9.718746185,10.104344707500001,0.9618383444288289
ldc-1.41.0,bv_vienot_index,bv_compiler,float,lookupApply,0,8191,0.9989008400572815,0.9967442043186425,1.0009038038494258,9.718746185,10.104344707500001,0.9618383444288289
ldc-1.41.0,bv_vienot_index,bv_split,float,lookupApply,0,8191,1.0003925571187244,0.9972149217622138,1.0022390697516808,9.718746185,10.104344707500001,0.9618383444288289
ldc-1.41.0,bv_vienot_index,bv_vienot_index,float,lookupApply,0,8191,1.0,1.0,1.0,9.718746185,10.104344707500001,0.9618383444288289
ldc-1.41.0,bv_vienot_index,default,float,lookupApply,1,8191,1.0011014081925187,0.9961856074927895,1.0080600770448944,9.6989073375,10.054152423,0.9646668291314804
ldc-1.41.0,bv_vienot_index,bv_compiler,float,lookupApply,1,8191,0.9993312878168323,0.9987023200785855,1.0010222536496052,9.6989073375,10.054152423,0.9646668291314804
ldc-1.41.0,bv_vienot_index,bv_split,float,lookupApply,1,8191,1.001337424263231,0.9983877309989191,1.004568367978332,9.6989073375,10.054152423,0.9646668291314804
ldc-1.41.0,bv_vienot_index,bv_vienot_index,float,lookupApply,1,8191,1.0,1.0,1.0,9.6989073375,10.054152423,0.9646668291314804
ldc-1.41.0,bv_vienot_index,default,float,lookupApply,2,8191,0.9994492525753076,0.9947828815942541,1.0011428571787448,9.6981443045,10.053046026499999,0.9646970956798097
ldc-1.41.0,bv_vienot_index,bv_compiler,float,lookupApply,2,8191,0.9987804878305934,0.9943906169979677,1.0032654024432142,9.6981443045,10.053046026499999,0.9646970956798097
ldc-1.41.0,bv_vienot_index,bv_split,float,lookupApply,2,8191,1.0009834775809197,0.9950966931890294,1.0042561576640427,9.6981443045,10.053046026499999,0.9646970956798097
ldc-1.41.0,bv_vienot_index,bv_vienot_index,float,lookupApply,2,8191,1.0,1.0,1.0,9.6981443045,10.053046026499999,0.9646970956798097
ldc-1.41.0,bv_vienot_index,default,float,prepared,0,8191,1.0001770850394702,0.9992922860060891,1.0021261518603328,2.154422537,0.767137712,2.8083908577290746
ldc-1.41.0,bv_vienot_index,bv_compiler,float,prepared,0,8191,0.9969895520082002,0.9957537155727841,0.9976970767711251,2.154422537,0.767137712,2.8083908577290746
ldc-1.41.0,bv_vienot_index,bv_split,float,prepared,0,8191,0.9994687444174282,0.9985845720121783,1.0008858965310705,2.154422537,0.767137712,2.8083908577290746
ldc-1.41.0,bv_vienot_index,bv_vienot_index,float,prepared,0,8191,1.0,1.0,1.0,2.154422537,0.767137712,2.8083908577290746
ldc-1.41.0,bv_vienot_index,default,float,prepared,1,8191,1.0,0.9964726631246542,1.0008851124130544,2.156330118,0.767294134,2.810304448385109
ldc-1.41.0,bv_vienot_index,bv_compiler,float,prepared,1,8191,0.9971691440243567,0.993650793531922,0.9982294617486502,2.156330118,0.767294134,2.810304448385109
ldc-1.41.0,bv_vienot_index,bv_split,float,prepared,1,8191,1.0008846428402016,0.997883597689881,1.0065498318102022,2.156330118,0.767294134,2.810304448385109
ldc-1.41.0,bv_vienot_index,bv_vienot_index,float,prepared,1,8191,1.0,1.0,1.0,2.156330118,0.767294134,2.810304448385109
ldc-1.41.0,bv_vienot_index,default,float,prepared,2,8191,1.001769285448528,1.0001769910120069,1.002831357386877,2.156330118,0.7671758635,2.8107376946954745
ldc-1.41.0,bv_vienot_index,bv_compiler,float,prepared,2,8191,0.9978768580182674,0.9962838436906298,1.0017699115118146,2.156330118,0.7671758635,2.8107376946954745
ldc-1.41.0,bv_vienot_index,bv_split,float,prepared,2,8191,1.001238499837157,0.9992920354880571,1.0107945495446464,2.156330118,0.7671758635,2.8107376946954745
ldc-1.41.0,bv_vienot_index,bv_vienot_index,float,prepared,2,8191,1.0,1.0,1.0,2.156330118,0.7671758635,2.8107376946954745
ldc-1.41.0,bv_vienot_index,default,float,vienot,0,8191,6.446921445355428,6.40431552925551,6.456637167728585,1.078165059,0.766985106,1.405718377795983
ldc-1.41.0,bv_vienot_index,bv_compiler,float,vienot,0,8191,1.0721868366539227,1.0714538377392493,1.0732484078766644,1.078165059,0.766985106,1.405718377795983
ldc-1.41.0,bv_vienot_index,bv_split,float,vienot,0,8191,1.0721868366539227,1.0718075697974343,1.0725406938827535,1.078165059,0.766985106,1.405718377795983
ldc-1.41.0,bv_vienot_index,bv_vienot_index,float,vienot,0,8191,1.0,1.0,1.0,1.078165059,0.766985106,1.405718377795983
ldc-1.41.0,bv_vienot_index,default,float,vienot,1,8191,6.361739744190478,6.359618103724377,6.364310956399045,1.078928092,0.7670232575,1.406643255533878
ldc-1.41.0,bv_vienot_index,bv_compiler,float,vienot,1,8191,1.0721357851158815,1.0713780925738163,1.0728429981411587,1.078928092,0.7670232575,1.406643255533878
ldc-1.41.0,bv_vienot_index,bv_split,float,vienot,1,8191,1.0728429981411587,1.0721357851158815,1.0820367748845305,1.078928092,0.7670232575,1.406643255533878
ldc-1.41.0,bv_vienot_index,bv_vienot_index,float,vienot,1,8191,1.0,1.0,1.0,1.078928092,0.7670232575,1.406643255533878
ldc-1.41.0,bv_vienot_static,default,double,brettel,0,8191,1.207271290113069,1.19640387256134,1.8527001680005688,3.8617079725,4.108075937,0.9400283811014666
ldc-1.41.0,bv_vienot_static,bv_compiler,double,brettel,0,8191,1.0003951787682723,0.9935827822124259,1.0150788895400384,3.8617079725,4.108075937,0.9400283811014666
ldc-1.41.0,bv_vienot_static,bv_split,double,brettel,0,8191,0.998616874052094,0.9910158951232735,1.0140802875785442,3.8617079725,4.108075937,0.9400283811014666
ldc-1.41.0,bv_vienot_static,bv_vienot_index,double,brettel,0,8191,1.0017783047161783,0.9940723176990567,1.0134811264801715,3.8617079725,4.108075937,0.9400283811014666
ldc-1.41.0,bv_vienot_static,default,double,brettel,1,8191,2.243280632098317,2.2175199763530142,2.277893072283054,3.86094494,4.146872329,0.9310498693194758
ldc-1.41.0,bv_vienot_static,bv_compiler,double,brettel,1,8191,0.9993083002887889,0.9891293605631396,1.0071620413166535,3.86094494,4.146872329,0.9310498693194758
ldc-1.41.0,bv_vienot_static,bv_split,double,brettel,1,8191,0.9999011855890388,0.9939824406160115,1.0072615139026855,3.86094494,4.146872329,0.9310498693194758
ldc-1.41.0,bv_vienot_static,bv_vienot_index,double,brettel,1,8191,1.0001976284334166,0.9990135149716521,1.0099472794616131,3.86094494,4.146872329,0.9310498693194758
ldc-1.41.0,bv_vienot_static,default,double,brettel,2,8191,2.19412288529054,2.1577029157637084,2.246839852848236,3.8559852274999997,4.171529727999999,0.9243576047458052
ldc-1.41.0,bv_vienot_static,bv_compiler,double,brettel,2,8191,1.0010883546622715,0.9915287628465077,1.0074649149322985,3.8559852274999997,4.171529727999999,0.9243576047458052
ldc-1.41.0,bv_vienot_static,bv_split,double,brettel,2,8191,1.000098941380086,0.9948778565838499,1.0061679266501806,3.8559852274999997,4.171529727999999,0.9243576047458052
ldc-1.41.0,bv_vienot_static,bv_vienot_index,double,brettel,2,8191,0.9879291581129378,0.9795114263353998,1.0058694786831943,3.8559852274999997,4.171529727999999,0.9243576047458052
ldc-1.41.0,bv_vienot_static,default,double,lookup,0,8191,1.0029945473020696,1.0023664939800283,1.00308214587803,8.536045659500001,5.909573007,1.4444437270491277
ldc-1.41.0,bv_vienot_static,bv_compiler,double,lookup,0,8191,1.0010726736788023,0.9989726180211431,1.0035720664556114,8.536045659500001,5.909573007,1.4444437270491277
ldc-1.41.0,bv_vienot_static,bv_split,double,lookup,0,8191,0.9991954948141171,0.9962031535996677,1.0047429415035884,8.536045659500001,5.909573007,1.4444437270491277
ldc-1.41.0,bv_vienot_static,bv_vienot_index,double,lookup,0,8191,0.9982569054110622,0.996337159954917,1.002371470722474,8.536045659500001,5.909573007,1.4444437270491277
ldc-1.41.0,bv_vienot_static,default,double,lookup,1,8191,1.0029108821748371,0.9997312791454988,1.0032266738390272,8.519258943,5.9089282445,1.4417604327704745
ldc-1.41.0,bv_vienot_static,bv_compiler,double,lookup,1,8191,1.004657411550168,1.0011604034916823,1.0069867431561634,8.519258943,5.9089282445,1.4417604327704745
ldc-1.41.0,bv_vienot_static,bv_split,double,lookup,1,8191,1.002373488543462,0.9995536909737365,1.0025976352790198,8.519258943,5.9089282445,1.4417604327704745
ldc-1.41.0,bv_vienot_static,bv_vienot_index,double,lookup,1,8191,1.0016569636625026,0.9978130857947046,1.0042126019483502,8.519258943,5.9089282445,1.4417604327704745
ldc-1.41.0,bv_vienot_static,default,double,lookup,2,8191,1.0026698705226151,0.9970284295017982,1.009418381471779,8.573815773500002,5.9200494445,1.448267595377176
ldc-1.41.0,bv_vienot_static,bv_compiler,double,lookup,2,8191,1.0038713122461282,0.9964962079295736,1.0074097219087006,8.573815773500002,5.9200494445,1.448267595377176
ldc-1.41.0,bv_vienot_static,bv_split,double,lookup,2,8191,1.0028923596745158,0.9975162992521182,1.0108021246912442,8.573815773500002,5.9200494445,1.448267595377176
ldc-1.41.0,bv_vienot_static,bv_vienot_index,double,lookup,2,8191,1.004316290608247,1.0017297201823867,1.0064171123034629,8.573815773500002,5.9200494445,1.448267595377176
ldc-1.41.0,bv_vienot_static,default,double,lookupApply,0,8191,0.9998358664602549,0.9994747382133802,1.0014761841910447,11.622130997500001,10.2474133195,1.134152652492705
ldc-1.41.0,bv_vienot_static,bv_compiler,double,lookupApply,0,8191,0.9988182384966271,0.9961918518856653,1.0006897911120116,11.622130997500001,10.2474133195,1.134152652492705
ldc-1.41.0,bv_vienot_static,bv_split,double,lookupApply,0,8191,1.000919147788155,0.9984582075863824,1.0034818026861712,11.622130997500001,10.2474133195,1.134152652492705
ldc-1.41.0,bv_vienot_static,bv_vienot_index,double,lookupApply,0,8191,1.001050454645764,0.999409526297787,1.0022336092679371,11.622130997500001,10.2474133195,1.134152652492705
ldc-1.41.0,bv_vienot_static,default,double,lookupApply,1,8191,0.9998026705074747,0.9993098461741297,1.000131518363015,11.6003845685,10.2485159015,1.1319087251259607
ldc-1.41.0,bv_vienot_static,bv_compiler,double,lookupApply,1,8191,0.9990133526235777,0.9973379781494378,1.0001643979322234,11.6003845685,10.2485159015,1.1319087251259607
ldc-1.41.0,bv_vienot_static,bv_split,double,lookupApply,1,8191,1.00128264161521,0.9972381140319608,1.0044695674967925,11.6003845685,10.2485159015,1.1319087251259607
ldc-1.41.0,bv_vienot_static,bv_vienot_index,double,lookupApply,1,8191,1.00085509441014,0.9992437692618468,1.0022372837357414,11.6003845685,10.2485159015,1.1319087251259607
ldc-1.41.0,bv_vienot_static,default,double,lookupApply,2,8191,1.0001651036858175,0.9962532044974711,1.0047994174704644,11.55383958,10.3166318215,1.1199236126583139
ldc-1.41.0,bv_vienot_static,bv_compiler,double,lookupApply,2,8191,1.0006273939887955,0.9937224741988808,1.0088044485749625,11.55383958,10.3166318215,1.1199236126583139
ldc-1.41.0,bv_vienot_static,bv_split,double,lookupApply,2,8191,0.9992405230798609,0.9944455399923247,1.0064212895638216,11.55383958,10.3166318215,1.1199236126583139
ldc-1.41.0,bv_vienot_static,bv_vienot_index,double,lookupApply,2,8191,1.0018491612984644,0.9984168865713405,1.003210644781911,11.55383958,10.3166318215,1.1199236126583139
ldc-1.41.0,bv_vienot_static,default,double,prepared,0,8191,0.9928684626225749,0.9901127150069373,1.0,1.925894274,1.1962329079999998,1.6099659699380218
ldc-1.41.0,bv_vienot_static,bv_compiler,double,prepared,0,8191,1.000594294824722,0.9946608661555777,1.0071770331040344,1.925894274,1.1962329079999998,1.6099659699380218
ldc-1.41.0,bv_vienot_static,bv_split,double,prepared,0,8191,1.0039619654116072,1.002376708217265,1.0121610844223075,1.925894274,1.1962329079999998,1.6099659699380218
ldc-1.41.0,bv_vienot_static,bv_vienot_index,double,prepared,0,8191,1.010697305806518,0.9988135256971694,1.026539908902001,1.925894274,1.1962329079999998,1.6099659699380218
ldc-1.41.0,bv_vienot_static,default,double,prepared,1,8191,0.9948433165372186,0.9912940246017223,0.9968260267243176,1.923605176,1.1971142105,1.6068685503253406
ldc-1.41.0,bv_vienot_static,bv_compiler,double,prepared,1,8191,1.001983340213262,0.9952512861935416,1.0091251737200446,1.923605176,1.1971142105,1.6068685503253406
ldc-1.41.0,bv_vienot_static,bv_split,double,prepared,1,8191,0.992859976583885,0.9903047092037677,0.9982107356827754,1.923605176,1.1971142105,1.6068685503253406
ldc-1.41.0,bv_vienot_static,bv_vienot_index,double,prepared,1,8191,1.0017850061139573,0.9972227733512804,1.012127236738452,1.923605176,1.1971142105,1.6068685503253406
ldc-1.41.0,bv_vienot_static,default,double,prepared,2,8191,0.9964299882919425,0.9960356791322571,0.9998005981000189,1.923605176,1.1981824565,1.605435938044883
ldc-1.41.0,bv_vienot_static,bv_compiler,double,prepared,2,8191,0.9996033323212477,0.9976214073754448,1.0071784644793995,1.923605176,1.1981824565,1.605435938044883
ldc-1.41.0,bv_vienot_static,bv_split,double,prepared,2,8191,0.9982149941459714,0.9930610626191237,1.0087736788952644,1.923605176,1.1981824565,1.605435938044883
ldc-1.41.0,bv_vienot_static,bv_vienot_index,double,prepared,2,8191,1.00337167812861,0.9976214073754447,1.013958125681493,1.923605176,1.1981824565,1.605435938044883
ldc-1.41.0,bv_vienot_static,default,double,vienot,0,8191,0.9915754001294255,0.9853433835218487,0.9940928271992786,0.905719692,1.1998649430000001,0.7548513666341862
ldc-1.41.0,bv_vienot_static,bv_compiler,double,vienot,0,8191,1.0008424604286952,0.9941373530794531,1.0025316458020115,0.905719692,1.1998649430000001,0.7548513666341862
ldc-1.41.0,bv_vienot_static,bv_split,double,vienot,0,8191,1.2055602364003806,1.1969823970414397,1.212730318180737,0.905719692,1.1998649430000001,0.7548513666341862
ldc-1.41.0,bv_vienot_static,bv_vienot_index,double,vienot,0,8191,1.170598146827087,1.1634534782091024,1.1754606364986764,0.905719692,1.1998649430000001,0.7548513666341862
ldc-1.41.0,bv_vienot_static,default,double,vienot,1,8191,0.9903198651689693,0.9787765295752732,0.9953762082517588,0.906482725,1.1998267915,0.7555113216522971
ldc-1.41.0,bv_vienot_static,bv_compiler,double,vienot,1,8191,1.0,0.9866833125784369,1.0029535869533397,0.906482725,1.1998267915,0.7555113216522971
ldc-1.41.0,bv_vienot_static,bv_split,double,vienot,1,8191,1.2028619530504565,1.188930503577417,1.207594936963651,0.906482725,1.1998267915,0.7555113216522971
ldc-1.41.0,bv_vienot_static,bv_vienot_index,double,vienot,1,8191,1.1675084177693513,1.163961714457467,1.1721518990533653,0.906482725,1.1998267915,0.7555113216522971
ldc-1.41.0,bv_vienot_static,default,float,brettel,0,8191,1.5977390485149907,1.5732684151797698,2.4417033311168685,2.4298773044999997,2.1170301245000003,1.147776442280852
ldc-1.41.0,bv_vienot_static,bv_compiler,float,brettel,0,8191,0.9998429893973275,0.9990592663469255,1.001099937109883,2.4298773044999997,2.1170301245000003,1.147776442280852
ldc-1.41.0,bv_vienot_static,bv_split,float,brettel,0,8191,0.9976448421945414,0.9976429918191363,0.9998432109550802,2.4298773044999997,2.1170301245000003,1.147776442280852
ldc-1.41.0,bv_vienot_static,bv_vienot_index,float,brettel,0,8191,0.9976448421945414,0.9965506428610981,0.9984286612127576,2.4298773044999997,2.1170301245000003,1.147776442280852
ldc-1.41.0,bv_vienot_static,default,float,brettel,1,8191,3.10907093561203,2.947607843404458,3.2461538462298116,2.431021853,2.095894122,1.1598972617377281
ldc-1.41.0,bv_vienot_static,bv_compiler,float,brettel,1,8191,1.001098556352632,0.9996860282972483,1.0160000002335365,2.431021853,2.095894122,1.1598972617377281
ldc-1.41.0,bv_vienot_static,bv_split,float,brettel,1,8191,0.9982736975421176,0.9976459510255172,0.9990580846860052,2.431021853,2.095894122,1.1598972617377281
ldc-1.41.0,bv_vienot_static,bv_vienot_index,float,brettel,1,8191,0.9976459510255172,0.9973320778700544,0.9981176470918128,2.431021853,2.095894122,1.1598972617377281
ldc-1.41.0,bv_vienot_static,default,float,brettel,2,8191,2.9033573893180287,2.838066844465644,2.945326001911209,2.431784886,2.0844257419999996,1.1666450077836357
ldc-1.41.0,bv_vienot_static,bv_compiler,float,brettel,2,8191,1.0009413242154677,0.9998433094299564,1.0014139828476436,2.431784886,2.0844257419999996,1.1666450077836357
ldc-1.41.0,bv_vienot_static,bv_split,float,brettel,2,8191,0.9993724504544848,0.9971755844438875,1.0050141023484422,2.431784886,2.0844257419999996,1.1666450077836357
ldc-1.41.0,bv_vienot_static,bv_vienot_index,float,brettel,2,8191,0.9981173515690647,0.9973362584610878,0.9992144540421651,2.431784886,2.0844257419999996,1.1666450077836357
ldc-1.41.0,bv_vienot_static,default,float,lookup,0,8191,0.9571320998010509,0.9681740248920037,0.9783240103619226,7.0931510195000005,4.544126175,1.5609493984836371
ldc-1.41.0,bv_vienot_static,bv_compiler,float,lookup,0,8191,0.9725150602371155,0.9590146299295214,1.0210213516051525,7.0931510195000005,4.544126175,1.5609493984836371
ldc-1.41.0,bv_vienot_static,bv_split,float,lookup,0,8191,0.9621342512993706,0.9570831548041452,0.9833261617897517,7.0931510195000005,4.544126175,1.5609493984836371
ldc-1.41.0,bv_vienot_static,bv_vienot_index,float,lookup,0,8191,0.965522805474225,0.956755593789455,1.0203059652790676,7.0931510195000005,4.544126175,1.5609493984836371
ldc-1.41.0,bv_vienot_static,default,float,lookup,1,8191,0.9690099494477454,0.9778634361878615,1.004618683738092,7.017229276,4.536213527,1.5469353976025917
ldc-1.41.0,bv_vienot_static,bv_compiler,float,lookup,1,8191,0.9700429511090696,0.9782262055538335,1.0057819382784425,7.017229276,4.536213527,1.5469353976025917
ldc-1.41.0,bv_vienot_static,bv_split,float,lookup,1,8191,0.9702060566532926,0.9590093478255527,1.0014845768875058,7.017229276,4.536213527,1.5469353976025917
ldc-1.41.0,bv_vienot_static,bv_vienot_index,float,lookup,1,8191,0.9680856847921524,0.977841315260341,1.0127753303642708,7.017229276,4.536213527,1.5469353976025917
ldc-1.41.0,bv_vienot_static,default,float,lookup,2,8191,0.9704293741759331,0.9528975777681545,1.0120949594735862,6.992812233,4.5402270785,1.5401899755441935
ldc-1.41.0,bv_vienot_static,bv_compiler,float,lookup,2,8191,1.0025642424538985,0.9733605456785099,1.0456233123332903,6.992812233,4.5402270785,1.5401899755441935
ldc-1.41.0,bv_vienot_static,bv_split,float,lookup,2,8191,0.9749031589648862,0.9682737675661002,0.9997749775262847,6.992812233,4.5402270785,1.5401899755441935
ldc-1.41.0,bv_vienot_static,bv_vienot_index,float,lookup,2,8191,1.0090566861213761,0.9808260379212044,1.0468609360861771,6.992812233,4.5402270785,1.5401899755441935
ldc-1.41.0,bv_vienot_static,default,float,lookupApply,0,8191,0.9956456927785795,0.9939132142410548,0.9983537804289373,9.725613478,10.1168431815,0.961328875373356
ldc-1.41.0,bv_vienot_static,bv_compiler,float,lookupApply,0,8191,0.9981955123407179,0.9969819307778233,1.0001570659870693,9.725613478,10.1168431815,0.961328875373356
ldc-1.41.0,bv_vienot_static,bv_split,float,lookupApply,0,8191,0.9996861760950192,0.9983114078486067,1.0001177994645714,9.725613478,10.1168431815,0.961328875373356
ldc-1.41.0,bv_vienot_static,bv_vienot_index,float,lookupApply,0,8191,0.9992938961623826,0.9978050405890391,1.0010995484147542,9.725613478,10.1168431815,0.961328875373356
ldc-1.41.0,bv_vienot_static,default,float,lookupApply,1,8191,1.0019290578986892,0.9991717283026872,1.0056087229713138,9.690895495,10.068753052,0.9624722589730269
ldc-1.41.0,bv_vienot_static,bv_compiler,float,lookupApply,1,8191,1.0001574740952255,0.9985880138308612,1.0016959848720224,9.690895495,10.068753052,0.9624722589730269
ldc-1.41.0,bv_vienot_static,bv_split,float,lookupApply,1,8191,1.0021652690931222,0.9971760276617222,1.0062327416024206,9.690895495,10.068753052,0.9624722589730269
ldc-1.41.0,bv_vienot_static,bv_vienot_index,float,lookupApply,1,8191,1.000826739128921,0.9975682460506057,1.0029975546599323,9.690895495,10.068753052,0.9624722589730269
ldc-1.41.0,bv_vienot_static,default,float,lookupApply,2,8191,0.999174106240878,0.9975219289926264,1.0003150102494964,9.700814919,10.0576700035,0.9645191098558795
ldc-1.41.0,bv_vienot_static,bv_compiler,float,lookupApply,2,8191,0.9985055256057298,0.997128584330185,1.0009813157523249,9.700814919,10.0576700035,0.9645191098558795
ldc-1.41.0,bv_vienot_static,bv_split,float,lookupApply,2,8191,1.000707908877485,0.9978366046400992,1.0034257363407124,9.700814919,10.0576700035,0.9645191098558795
ldc-1.41.0,bv_vienot_static,bv_vienot_index,float,lookupApply,2,8191,0.9997247020459311,0.9977233474957604,1.0027534122762374,9.700814919,10.0576700035,0.9645191098558795
ldc-1.41.0,bv_vienot_static,default,float,prepared,0,8191,1.0037320062738013,1.0024813897280258,1.0039104156625531,2.146792211,0.7672559825,2.79801299692049
ldc-1.41.0,bv_vienot_static,bv_compiler,float,prepared,0,8191,1.0005331438199445,0.9980503366588571,1.001422474926361,2.146792211,0.7672559825,2.79801299692049
ldc-1.41.0,bv_vienot_static,bv_split,float,prepared,0,8191,1.0030211480024789,1.0012406947478698,1.003556187781962,2.146792211,0.7672559825,2.79801299692049
ldc-1.41.0,bv_vienot_static,bv_vienot_index,float,prepared,0,8191,1.0035542918224234,1.0003544841804934,1.004621400286118,2.146792211,0.7672559825,2.79801299692049
ldc-1.41.0,bv_vienot_static,default,float,prepared,1,8191,1.0024831499710816,1.0024822694209812,1.0040874356423681,2.15098889,0.767214015,2.803636075391558
ldc-1.41.0,bv_vienot_static,bv_compiler,float,prepared,1,8191,0.9996452645555043,0.9985815599989125,1.0012440020912672,2.15098889,0.767214015,2.803636075391558
ldc-1.41.0,bv_vienot_static,bv_split,float,prepared,1,8191,1.0033699895121262,1.0019513924534698,1.0081560282634867,2.15098889,0.767214015,2.803636075391558
ldc-1.41.0,bv_vienot_static,bv_vienot_index,float,prepared,1,8191,1.0024831499710816,1.001595744594578,1.007641727464792,2.15098889,0.767214015,2.803636075391558
ldc-1.41.0,bv_vienot_static,default,float,prepared,2,8191,1.0047914817836592,1.0019503544786654,1.0063943165175855,2.1498443415,0.7672559825,2.8019909789364204
ldc-1.41.0,bv_vienot_static,bv_compiler,float,prepared,2,8191,1.000887311450032,0.9989354150907062,1.0035460993056122,2.1498443415,0.7672559825,2.8019909789364204
ldc-1.41.0,bv_vienot_static,bv_split,float,prepared,2,8191,1.0042590948671248,1.001063829884631,1.0134847406341627,2.1498443415,0.7672559825,2.8019909789364204
ldc-1.41.0,bv_vienot_static,bv_vienot_index,float,prepared,2,8191,1.0030168586510197,1.0017730496528061,1.003907637626144,2.1498443415,0.7672559825,2.8019909789364204
ldc-1.41.0,bv_vienot_static,default,float,vienot,0,8191,7.528512397684229,7.481404959680231,7.537190083347305,0.923269442,0.766985106,1.2037644991765981
ldc-1.41.0,bv_vienot_static,bv_compiler,float,vienot,0,8191,1.2520661157114306,1.251652892352523,1.2522708501127084,0.923269442,0.766985106,1.2037644991765981
ldc-1.41.0,bv_vienot_static,bv_split,float,vienot,0,8191,1.2520661157114306,1.2514450863861686,1.2520661157114306,0.923269442,0.766985106,1.2037644991765981
ldc-1.41.0,bv_vienot_static,bv_vienot_index,float,vienot,0,8191,1.167768594901682,1.1668042933231324,1.1681818182605894,0.923269442,0.766985106,1.2037644991765981
ldc-1.41.0,bv_vienot_static,default,float,vienot,1,8191,7.428158543886675,7.425681252707054,7.4364161822342885,0.924032475,0.766908802,1.2048792145692442
ldc-1.41.0,bv_vienot_static,bv_compiler,float,vienot,1,8191,1.2518579685199915,1.2518579685199915,1.2526837317054251,0.924032475,0.766908802,1.2048792145692442
ldc-1.41.0,bv_vienot_static,bv_split,float,vienot,1,8191,1.2526837317054251,1.2518579685199915,1.263418661773765,0.924032475,0.766908802,1.2048792145692442
ldc-1.41.0,bv_vienot_static,bv_vienot_index,float,vienot,1,8191,1.167630057590779,1.167630057590779,1.1684558207762126,0.924032475,0.766908802,1.2048792145692442
ldc-1.41.0,bv_vienot_index,default,double,brettel,0,65536,4.092878224632836,4.088587902653972,4.181336593366157,3.8612842560000002,4.193131923499999,0.9208592351601935
ldc-1.41.0,bv_vienot_index,bv_compiler,double,brettel,0,65536,0.9984069550200967,0.9973207560715321,0.9987029990722716,3.8612842560000002,4.193131923499999,0.9208592351601935
ldc-1.41.0,bv_vienot_index,bv_split,double,brettel,0,65536,0.9983328599830491,0.9982218270928866,0.9989875668778581,3.8612842560000002,4.193131923499999,0.9208592351601935
ldc-1.41.0,bv_vienot_index,bv_vienot_index,double,brettel,0,65536,1.0,1.0,1.0,3.8612842560000002,4.193131923499999,0.9208592351601935
ldc-1.41.0,bv_vienot_index,default,double,brettel,1,65536,4.360804343235742,4.360458070012575,4.362170649757777,3.855752945,4.2258057595,0.9124302356614269
ldc-1.41.0,bv_vienot_index,bv_compiler,double,brettel,1,65536,1.0015458626589988,1.0003709243443342,1.0054312190593704,3.855752945,4.2258057595,0.9124302356614269
ldc-1.41.0,bv_vienot_index,bv_split,double,brettel,1,65536,1.0004081077087785,1.0002596471188223,1.000717564236004,3.855752945,4.2258057595,0.9124302356614269
ldc-1.41.0,bv_vienot_index,bv_vienot_index,double,brettel,1,65536,1.0,1.0,1.0,3.855752945,4.2258057595,0.9124302356614269
ldc-1.41.0,bv_vienot_index,default,double,brettel,2,65536,4.325750738780594,4.319305309821779,4.331021180187752,3.8569927215,4.2426643375,0.9090968350733922
ldc-1.41.0,bv_vienot_index,bv_compiler,double,brettel,2,65536,0.9986771669358983,0.9983818568468911,0.999653461068833,3.8569927215,4.2426643375,0.9090968350733922
ldc-1.41.0,bv_vienot_index,bv_split,double,brettel,2,65536,1.000655235097,0.9994688536495914,1.0027351823152177,3.8569927215,4.2426643375,0.9090968350733922
ldc-1.41.0,bv_vienot_index,bv_vienot_index,double,brettel,2,65536,1.0,1.0,1.0,3.8569927215,4.2426643375,0.9090968350733922
ldc-1.41.0,bv_vienot_index,default,double,lookup,0,65536,1.0002121222620421,0.9991356331597702,1.0006926175075685,8.5421562195,5.901172161,1.4475355042094664
ldc-1.41.0,bv_vienot_index,bv_compiler,double,lookup,0,65536,1.000016746474347,0.9985464469085308,1.0003016237230669,8.5421562195,5.901172161,1.4475355042094664
ldc-1.41.0,bv_vienot_index,bv_split,double,lookup,0,65536,1.0006531132019414,0.9985910002347107,1.000653518076406,8.5421562195,5.901172161,1.4475355042094664
ldc-1.41.0,bv_vienot_index,bv_vienot_index,double,lookup,0,65536,1.0,1.0,1.0,8.5421562195,5.901172161,1.4475355042094664
ldc-1.41.0,bv_vienot_index,default,double,lookup,1,65536,1.0004406908773886,1.0002903568363277,1.000541246324978,8.5479736325,5.917630195499999,1.4444927023321292
ldc-1.41.0,bv_vienot_index,bv_compiler,double,lookup,1,65536,0.9998270707113109,0.9992020802722762,1.0016051274723436,8.5479736325,5.917630195499999,1.4444927023321292
ldc-1.41.0,bv_vienot_index,bv_split,double,lookup,1,65536,1.000563414875508,0.9989800752397735,1.0011167569772248,8.5479736325,5.917630195499999,1.4444927023321292
ldc-1.41.0,bv_vienot_index,bv_vienot_index,double,lookup,1,65536,1.0,1.0,1.0,8.5479736325,5.917630195499999,1.4444927023321292
ldc-1.41.0,bv_vienot_index,default,double,lookup,2,65536,0.9992209931475198,0.9976151960476333,1.0030293917938,8.569526672,5.9276046749999995,1.4456980756733748
ldc-1.41.0,bv_vienot_index,bv_compiler,double,lookup,2,65536,0.9978020877673976,0.9970192249081714,0.998674641079264,8.569526672,5.9276046749999995,1.4456980756733748
ldc-1.41.0,bv_vienot_index,bv_split,double,lookup,2,65536,0.9988648757542486,0.9980424760416908,0.9990049419517626,8.569526672,5.9276046749999995,1.4456980756733748
ldc-1.41.0,bv_vienot_index,bv_vienot_index,double,lookup,2,65536,1.0,1.0,1.0,8.569526672,5.9276046749999995,1.4456980756733748
ldc-1.41.0,bv_vienot_index,default,double,lookupApply,0,65536,0.9989712145144004,0.9977830685668391,1.0005333245334294,11.6337299345,10.3275527955,1.1264749902386495
ldc-1.41.0,bv_vienot_index,bv_compiler,double,lookupApply,0,65536,0.9997212852182185,0.998610832244365,1.0011610065389112,11.6337299345,10.3275527955,1.1264749902386495
ldc-1.41.0,bv_vienot_index,bv_split,double,lookupApply,0,65536,0.9994589653932627,0.9987509418976572,1.000094357386017,11.6337299345,10.3275527955,1.1264749902386495
ldc-1.41.0,bv_vienot_index,bv_vienot_index,double,lookupApply,0,65536,1.0,1.0,1.0,11.6337299345,10.3275527955,1.1264749902386495
ldc-1.41.0,bv_vienot_index,default,double,lookupApply,1,65536,0.9995201594332994,0.9990316876068731,0.9999221359429118,11.626768112499999,10.329211712,1.125620079893663
ldc-1.41.0,bv_vienot_index,bv_compiler,double,lookupApply,1,65536,1.0001681492209258,0.9996063379346822,1.0005450484425895,11.626768112499999,10.329211712,1.125620079893663
ldc-1.41.0,bv_vienot_index,bv_split,double,lookupApply,1,65536,1.0001066312227098,0.9988197447012661,1.0005990407134067,11.626768112499999,10.329211712,1.125620079893663
ldc-1.41.0,bv_vienot_index,bv_vienot_index,double,lookupApply,1,65536,1.0,1.0,1.0,11.626768112499999,10.329211712,1.125620079893663
ldc-1.41.0,bv_vienot_index,default,double,lookupApply,2,65536,0.9991680191746094,0.9978878082638143,0.999627023206243,11.634635925,10.325828552499999,1.1267508331990583
ldc-1.41.0,bv_vienot_index,bv_compiler,double,lookupApply,2,65536,1.0001680355975557,0.9988538494225223,1.0009517753421306,11.634635925,10.325828552499999,1.1267508331990583
ldc-1.41.0,bv_vienot_index,bv_split,double,lookupApply,2,65536,1.0002377088563688,0.9997625830974245,1.0009631818423117,11.634635925,10.325828552499999,1.1267508331990583
ldc-1.41.0,bv_vienot_index,bv_vienot_index,double,lookupApply,2,65536,1.0,1.0,1.0,11.634635925,10.325828552499999,1.1267508331990583
ldc-1.41.0,bv_vienot_index,default,double,prepared,0,65536,0.9987076952770828,0.9941179342051927,1.0017545994561596,1.9556045530000001,1.219974041,1.6029886598218201
ldc-1.41.0,bv_vienot_index,bv_compiler,double,prepared,0,65536,0.9976104555530763,0.9918118676713964,1.0027045468402747,1.9556045530000001,1.219974041,1.6029886598218201
ldc-1.41.0,bv_vienot_index,bv_split,double,prepared,0,65536,0.9972934750576846,0.9936883148017812,1.0000488138590669,1.9556045530000001,1.219974041,1.6029886598218201
ldc-1.41.0,bv_vienot_index,bv_vienot_index,double,prepared,0,65536,1.0,1.0,1.0,1.9556045530000001,1.219974041,1.6029886598218201
ldc-1.41.0,bv_vienot_index,default,double,prepared,1,65536,0.9945790192953349,0.9911569276971361,0.9992918537542685,1.9527435305,1.2195725445,1.601170458704107
ldc-1.41.0,bv_vienot_index,bv_compiler,double,prepared,1,65536,0.9994872045486979,0.9961154139062176,1.0063025209147687,1.9527435305,1.2195725445,1.601170458704107
ldc-1.41.0,bv_vienot_index,bv_split,double,prepared,1,65536,0.996654620077872,0.995040433803774,0.9996580027470161,1.9527435305,1.2195725445,1.601170458704107
ldc-1.41.0,bv_vienot_index,bv_vienot_index,double,prepared,1,65536,1.0,1.0,1.0,1.9527435305,1.2195725445,1.601170458704107
ldc-1.41.0,bv_vienot_index,default,double,prepared,2,65536,0.9959687271515293,0.9918403244749151,1.0020518331492039,1.9516944885,1.22465086,1.5936742072756966
ldc-1.41.0,bv_vienot_index,bv_compiler,double,prepared,2,65536,0.9955778158155105,0.9919392267674815,1.0022720054360343,1.9516944885,1.22465086,1.5936742072756966
ldc-1.41.0,bv_vienot_index,bv_split,double,prepared,2,65536,0.9967994137725926,0.9940887660741725,1.0003674130580937,1.9516944885,1.22465086,1.5936742072756966
ldc-1.41.0,bv_vienot_index,bv_vienot_index,double,prepared,2,65536,1.0,1.0,1.0,1.9516944885,1.22465086,1.5936742072756966
ldc-1.41.0,bv_vienot_index,default,double,vienot,0,65536,0.8742994751365686,0.858242379088748,0.958812681068365,1.089096069,1.2293806075,0.8858900672060585
ldc-1.41.0,bv_vienot_index,bv_compiler,double,vienot,0,65536,0.8693520144364785,0.8460233941395521,0.9433564594911562,1.089096069,1.2293806075,0.8858900672060585
ldc-1.41.0,bv_vienot_index,bv_split,double,vienot,0,65536,1.0270577934663356,1.0133930508331068,1.046280846606726,1.089096069,1.2293806075,0.8858900672060585
ldc-1.41.0,bv_vienot_index,bv_vienot_index,double,vienot,0,65536,1.0,1.0,1.0,1.089096069,1.2293806075,0.8858900672060585
ldc-1.41.0,bv_vienot_index,default,double,vienot,1,65536,0.8663303356807937,0.8603057457468136,0.8677685947609085,1.086950302,1.226518631,0.8862077383315345
ldc-1.41.0,bv_vienot_index,bv_compiler,double,vienot,1,65536,0.8796665935329949,0.873315835517189,0.88141151764012,1.086950302,1.226518631,0.8862077383315345
ldc-1.41.0,bv_vienot_index,bv_split,double,vienot,1,65536,1.0221101116175964,1.0149984690556562,1.023238446513117,1.086950302,1.226518631,0.8862077383315345
ldc-1.41.0,bv_vienot_index,bv_vienot_index,double,vienot,1,65536,1.0,1.0,1.0,1.086950302,1.226518631,0.8862077383315345
ldc-1.41.0,bv_vienot_index,default,float,brettel,0,65536,5.434661796435562,5.4223780550855745,5.441931968860475,2.453947067,2.2105174065,1.1101233854952681
ldc-1.41.0,bv_vienot_index,bv_compiler,float,brettel,0,65536,1.0031478928799569,1.0009879506675856,1.0043395346736521,2.453947067,2.2105174065,1.1101233854952681
ldc-1.41.0,bv_vienot_index,bv_split,float,brettel,0,65536,1.0002914716497429,0.9966680870962649,1.0015156520896542,2.453947067,2.2105174065,1.1101233854952681
ldc-1.41.0,bv_vienot_index,bv_vienot_index,float,brettel,0,65536,1.0,1.0,1.0,2.453947067,2.2105174065,1.1101233854952681
ldc-1.41.0,bv_vienot_index,default,float,brettel,1,65536,5.746641668235421,5.74542397087269,5.749216966820077,2.4670124055000002,2.1727290155,1.135444129433821
ldc-1.41.0,bv_vienot_index,bv_compiler,float,brettel,1,65536,0.9999420144788566,0.9995747723044841,1.0008890950851905,2.4670124055000002,2.1727290155,1.135444129433821
ldc-1.41.0,bv_vienot_index,bv_split,float,brettel,1,65536,0.9985117034710427,0.9985692739822533,0.9990915590878247,2.4670124055000002,2.1727290155,1.135444129433821
ldc-1.41.0,bv_vienot_index,bv_vienot_index,float,brettel,1,65536,1.0,1.0,1.0,2.4670124055000002,2.1727290155,1.135444129433821
ldc-1.41.0,bv_vienot_index,default,float,brettel,2,65536,5.676345252254576,5.669503655649852,5.6799340829672404,2.4617195130000002,2.1710567474999998,1.133880777568206
ldc-1.41.0,bv_vienot_index,bv_compiler,float,brettel,2,65536,1.002363150419566,1.0010638709954613,1.0034121752680984,2.4617195130000002,2.1710567474999998,1.133880777568206
ldc-1.41.0,bv_vienot_index,bv_split,float,brettel,2,65536,1.000639212953259,0.9989941584716991,1.0014921614636147,2.4617195130000002,2.1710567474999998,1.133880777568206
ldc-1.41.0,bv_vienot_index,bv_vienot_index,float,brettel,2,65536,1.0,1.0,1.0,2.4617195130000002,2.1710567474999998,1.133880777568206
ldc-1.41.0,bv_vienot_index,default,float,lookup,0,65536,0.9985209267569172,0.9931188586115518,0.9990693768589395,6.83465004,4.543205737999999,1.50436727591578
ldc-1.41.0,bv_vienot_index,bv_compiler,float,lookup,0,65536,1.0167163179286938,0.9918776941446366,1.0208415902832764,6.83465004,4.543205737999999,1.50436727591578
ldc-1.41.0,bv_vienot_index,bv_split,float,lookup,0,65536,1.0014023287869762,1.0010285833906045,1.046780110338207,6.83465004,4.543205737999999,1.50436727591578
ldc-1.41.0,bv_vienot_index,bv_vienot_index,float,lookup,0,65536,1.0,1.0,1.0,6.83465004,4.543205737999999,1.50436727591578
ldc-1.41.0,bv_vienot_index,default,float,lookup,1,65536,0.9985342462625306,0.9935727374482133,0.9994407823844293,6.8316936495,4.5412888525,1.5043512692964072
ldc-1.41.0,bv_vienot_index,bv_compiler,float,lookup,1,65536,1.0162489268686872,0.9955351038551091,1.0203456992967954,6.8316936495,4.5412888525,1.5043512692964072
ldc-1.41.0,bv_vienot_index,bv_split,float,lookup,1,65536,1.000600260961687,0.9986229265282027,1.0579205754874168,6.8316936495,4.5412888525,1.5043512692964072
ldc-1.41.0,bv_vienot_index,bv_vienot_index,float,lookup,1,65536,1.0,1.0,1.0,6.8316936495,4.5412888525,1.5043512692964072
ldc-1.41.0,bv_vienot_index,default,float,lookup,2,65536,0.9954877674028293,0.984332382763396,0.9975550634690661,6.8372726440000005,4.536664963,1.5071143008715058
ldc-1.41.0,bv_vienot_index,bv_compiler,float,lookup,2,65536,1.0356027004003732,1.015442880477796,1.0248030326758664,6.8372726440000005,4.536664963,1.5071143008715058
ldc-1.41.0,bv_vienot_index,bv_split,float,lookup,2,65536,1.0415864647067306,1.024016262248301,1.049247680865878,6.8372726440000005,4.536664963,1.5071143008715058
ldc-1.41.0,bv_vienot_index,bv_vienot_index,float,lookup,2,65536,1.0,1.0,1.0,6.8372726440000005,4.536664963,1.5071143008715058
ldc-1.41.0,bv_vienot_index,default,float,lookupApply,0,65536,0.9993433206792206,0.9987059077248626,1.0005431033262504,9.730195999500001,10.0836167335,0.9649509949316244
ldc-1.41.0,bv_vienot_index,bv_compiler,float,lookupApply,0,65536,0.9990835893233334,0.9975438029791349,0.9998872488185262,9.730195999500001,10.0836167335,0.9649509949316244
ldc-1.41.0,bv_vienot_index,bv_split,float,lookupApply,0,65536,0.9996324556051919,0.9975682670846102,1.038957983015625,9.730195999500001,10.0836167335,0.9649509949316244
ldc-1.41.0,bv_vienot_index,bv_vienot_index,float,lookupApply,0,65536,1.0,1.0,1.0,9.730195999500001,10.0836167335,0.9649509949316244
ldc-1.41.0,bv_vienot_index,default,float,lookupApply,1,65536,0.9983045780955583,0.9980336100708488,0.9986977317919012,9.731245041000001,10.082077980000001,0.9652023184411037
ldc-1.41.0,bv_vienot_index,bv_compiler,float,lookupApply,1,65536,0.9988092846340646,0.9984333615205865,0.9990443939806845,9.731245041000001,10.082077980000001,0.9652023184411037
ldc-1.41.0,bv_vienot_index,bv_split,float,lookupApply,1,65536,1.0004655060047212,0.999725838231451,1.0388221053463138,9.731245041000001,10.082077980000001,0.9652023184411037
ldc-1.41.0,bv_vienot_index,bv_vienot_index,float,lookupApply,1,65536,1.0,1.0,1.0,9.731245041000001,10.082077980000001,0.9652023184411037
ldc-1.41.0,bv_vienot_index,default,float,lookupApply,2,65536,0.9990045799451346,0.9979433037032793,1.0002942388094425,9.724330901999998,10.082479477,0.964478125066656
ldc-1.41.0,bv_vienot_index,bv_compiler,float,lookupApply,2,65536,1.000215756078351,0.9984941753789843,1.0010935875425275,9.724330901999998,10.082479477,0.964478125066656
ldc-1.41.0,bv_vienot_index,bv_split,float,lookupApply,2,65536,1.0012504045391444,1.000863274066586,1.0415746457992099,9.724330901999998,10.082479477,0.964478125066656
ldc-1.41.0,bv_vienot_index,bv_vienot_index,float,lookupApply,2,65536,1.0,1.0,1.0,9.724330901999998,10.082479477,0.964478125066656
ldc-1.41.0,bv_vienot_index,default,float,prepared,0,65536,1.0003724312416349,0.998685766831677,1.0067789918506465,2.1765708925,0.7895140645000001,2.7568487888539694
ldc-1.41.0,bv_vienot_index,bv_compiler,float,prepared,0,65536,0.9957279937299355,0.9848425109910606,0.9971260586572028,2.1765708925,0.7895140645000001,2.7568487888539694
ldc-1.41.0,bv_vienot_index,bv_split,float,prepared,0,65536,1.0,0.9996057300035674,1.0014260014788012,2.1765708925,0.7895140645000001,2.7568487888539694
ldc-1.41.0,bv_vienot_index,bv_vienot_index,float,prepared,0,65536,1.0,1.0,1.0,2.1765708925,0.7895140645000001,2.7568487888539694
ldc-1.41.0,bv_vienot_index,default,float,prepared,1,65536,1.0001089084699397,0.9970850556621823,1.001939673636557,2.1891593934999998,0.7871541975,2.781106167575254
ldc-1.41.0,bv_vienot_index,bv_compiler,float,prepared,1,65536,0.996253539361112,0.9939743312135283,0.9981901044110146,2.1891593934999998,0.7871541975,2.781106167575254
ldc-1.41.0,bv_vienot_index,bv_split,float,prepared,1,65536,0.9987366586881652,0.9952360236137509,1.0008940446299517,2.1891593934999998,0.7871541975,2.781106167575254
ldc-1.41.0,bv_vienot_index,bv_vienot_index,float,prepared,1,65536,1.0,1.0,1.0,2.1891593934999998,0.7871541975,2.781106167575254
ldc-1.41.0,bv_vienot_index,default,float,prepared,2,65536,0.9993017980562204,0.9986257744094236,0.9998908726190359,2.185440063,0.787460327,2.775301800061351
ldc-1.41.0,bv_vienot_index,bv_compiler,float,prepared,2,65536,0.9962689825550252,0.9948731375212395,0.9973591165567823,2.185440063,0.787460327,2.775301800061351
ldc-1.41.0,bv_vienot_index,bv_split,float,prepared,2,65536,1.0002836449328878,0.9993018739889851,1.0008293682784133,2.185440063,0.787460327,2.775301800061351
ldc-1.41.0,bv_vienot_index,bv_vienot_index,float,prepared,2,65536,1.0,1.0,1.0,2.185440063,0.787460327,2.775301800061351
ldc-1.41.0,bv_vienot_index,default,float,vienot,0,65536,6.400524935309981,6.38363160158511,6.4205476425276276,1.0900497435,0.787880421,1.3835218066676644
ldc-1.41.0,bv_vienot_index,bv_compiler,float,vienot,0,65536,1.067497812772982,1.0665060235065849,1.0690667018633306,1.0900497435,0.787880421,1.3835218066676644
ldc-1.41.0,bv_vienot_index,bv_split,float,vienot,0,65536,1.0678915136132958,1.0633077762063528,1.0698988307073825,1.0900497435,0.787880421,1.3835218066676644
ldc-1.41.0,bv_vienot_index,bv_vienot_index,float,vienot,0,65536,1.0,1.0,1.0,1.0900497435,0.787880421,1.3835218066676644
ldc-1.41.0,bv_vienot_index,default,float,vienot,1,65536,6.285708055460008,6.271390025859296,6.288713337359592,1.09333992,0.7862701415,1.390539793249926
ldc-1.41.0,bv_vienot_index,bv_compiler,float,vienot,1,65536,1.076453399780738,1.073344089288471,1.076507964228147,1.09333992,0.7862701415,1.390539793249926
ldc-1.41.0,bv_vienot_index,bv_split,float,vienot,1,65536,1.078285141184637,1.0702045088073,1.0805254886450886,1.09333992,0.7862701415,1.390539793249926
ldc-1.41.0,bv_vienot_index,bv_vienot_index,float,vienot,1,65536,1.0,1.0,1.0,1.09333992,0.7862701415,1.390539793249926
ldc-1.41.0,bv_vienot_static,default,double,brettel,0,65536,4.0926760596233525,4.0911640433775185,4.180046168785617,3.861474991,4.194906712,0.9205151046515097
ldc-1.41.0,bv_vienot_static,bv_compiler,double,brettel,0,65536,0.9983576393697274,0.9979491487281964,0.9986413210626292,3.861474991,4.194906712,0.9205151046515097
ldc-1.41.0,bv_vienot_static,bv_split,double,brettel,0,65536,0.9982835479925551,0.9979137605324103,0.9996170097600032,3.861474991,4.194906712,0.9205151046515097
ldc-1.41.0,bv_vienot_static,bv_vienot_index,double,brettel,0,65536,0.9999506056622289,0.9996913846681018,1.0006300807968136,3.861474991,4.194906712,0.9205151046515097
ldc-1.41.0,bv_vienot_static,default,double,brettel,1,65536,4.35789408654131,4.352424811085752,4.361577450491266,3.8583278654999997,4.220067024,0.9142811816867483
ldc-1.41.0,bv_vienot_static,bv_compiler,double,brettel,1,65536,1.0008774640512728,1.0002348867276962,1.0033581906048656,3.8583278654999997,4.220067024,0.9142811816867483
ldc-1.41.0,bv_vienot_static,bv_split,double,brettel,1,65536,0.9997404684011035,0.9986542545373808,1.0003957359695212,3.8583278654999997,4.220067024,0.9142811816867483
ldc-1.41.0,bv_vienot_static,bv_vienot_index,double,brettel,1,65536,0.9993326330499219,0.9979381697969911,0.9999876333076851,3.8583278654999997,4.220067024,0.9142811816867483
ldc-1.41.0,bv_vienot_static,default,double,brettel,2,65536,4.324093527089308,4.318505162139246,4.328826713731172,3.8584709165,4.235135555,0.9110619639894855
ldc-1.41.0,bv_vienot_static,bv_compiler,double,brettel,2,65536,0.9982945698847022,0.9981969074460645,0.9983684164957278,3.8584709165,4.235135555,0.9110619639894855
ldc-1.41.0,bv_vienot_static,bv_split,double,brettel,2,65536,1.000271880240308,0.9992837028835196,1.0014461762201274,3.8584709165,4.235135555,0.9110619639894855
ldc-1.41.0,bv_vienot_static,bv_vienot_index,double,brettel,2,65536,0.9996168961663858,0.9987145099545485,0.9998147508395127,3.8584709165,4.235135555,0.9110619639894855
ldc-1.41.0,bv_vienot_static,default,double,lookup,0,65536,1.0005025406895187,0.9996317396126556,1.0012997517306788,8.539676666,5.9099226,1.4449726745998333
ldc-1.41.0,bv_vienot_static,bv_compiler,double,lookup,0,65536,1.000307108173128,0.9992411603377203,1.00070404432096,8.539676666,5.9099226,1.4449726745998333
ldc-1.41.0,bv_vienot_static,bv_split,double,lookup,0,65536,1.000943659674152,0.9995926816325055,1.0023021132601735,8.539676666,5.9099226,1.4449726745998333
ldc-1.41.0,bv_vienot_static,bv_vienot_index,double,lookup,0,65536,1.0002903568363277,0.9989398563791193,1.0019892046144891,8.539676666,5.9099226,1.4449726745998333
ldc-1.41.0,bv_vienot_static,default,double,lookup,1,65536,1.000725393857045,0.9990185034389911,1.0016851456466285,8.545541763,5.9032597545000005,1.4475971104754135
ldc-1.41.0,bv_vienot_static,bv_compiler,double,lookup,1,65536,1.0001115990684322,0.999196504863497,1.002789976184217,8.545541763,5.9032597545000005,1.4475971104754135
ldc-1.41.0,bv_vienot_static,bv_split,double,lookup,1,65536,1.0008481527796615,0.9998438528251554,1.0011103857395747,8.545541763,5.9032597545000005,1.4475971104754135
ldc-1.41.0,bv_vienot_static,bv_vienot_index,double,lookup,1,65536,1.0002845775689178,0.9987285157867971,1.001182949926448,8.545541763,5.9032597545000005,1.4475971104754135
ldc-1.41.0,bv_vienot_static,default,double,lookup,2,65536,1.0017069225143285,0.999298523023795,1.005712052288264,8.548259735,5.9277582165,1.4420729427198626
ldc-1.41.0,bv_vienot_static,bv_compiler,double,lookup,2,65536,1.0002844870857213,0.9981182601082256,1.001345654539453,8.548259735,5.9277582165,1.4420729427198626
ldc-1.41.0,bv_vienot_static,bv_split,double,lookup,2,65536,1.0013499191481925,0.999142639192928,1.002163705485078,8.548259735,5.9277582165,1.4420729427198626
ldc-1.41.0,bv_vienot_static,bv_vienot_index,double,lookup,2,65536,1.0024878674325868,1.0011023209709475,1.0031619098171267,8.548259735,5.9277582165,1.4420729427198626
ldc-1.41.0,bv_vienot_static,default,double,lookupApply,0,65536,0.998954836650049,0.9965375548498179,1.001194615582657,11.6339206695,10.3115315435,1.1282437163113355
ldc-1.41.0,bv_vienot_static,bv_compiler,double,lookupApply,0,65536,0.9997048950566595,0.9973642852456142,1.0018227124473762,11.6339206695,10.3115315435,1.1282437163113355
ldc-1.41.0,bv_vienot_static,bv_split,double,lookupApply,0,65536,0.9994425795323668,0.9981296247472781,1.0007553583049327,11.6339206695,10.3115315435,1.1282437163113355
ldc-1.41.0,bv_vienot_static,bv_vienot_index,double,lookupApply,0,65536,0.9999836052689872,0.998751718929436,1.0011644116619254,11.6339206695,10.3115315435,1.1282437163113355
ldc-1.41.0,bv_vienot_static,default,double,lookupApply,1,65536,0.9997087597956286,0.997566381668913,1.0011296464540824,11.624574661,10.308031082,1.1277201793947793
ldc-1.41.0,bv_vienot_static,bv_compiler,double,lookupApply,1,65536,1.0003568718530338,0.9986684748217427,1.0013514679237916,11.624574661,10.308031082,1.1277201793947793
ldc-1.41.0,bv_vienot_static,bv_split,double,lookupApply,1,65536,1.0002953422469312,0.9991314358976008,1.0019635308911212,11.624574661,10.308031082,1.1277201793947793
ldc-1.41.0,bv_vienot_static,bv_vienot_index,double,lookupApply,1,65536,1.0001886909038795,0.9985332738128956,1.0017458172511342,11.624574661,10.308031082,1.1277201793947793
ldc-1.41.0,bv_vienot_static,default,double,lookupApply,2,65536,0.9994137806949112,0.9979188515681818,1.0010178785420727,11.631774902,10.3145923615,1.1277008818512773
ldc-1.41.0,bv_vienot_static,bv_compiler,double,lookupApply,2,65536,1.0004140430880561,0.9995534543807073,1.0016130091601838,11.631774902,10.3145923615,1.1277008818512773
ldc-1.41.0,bv_vienot_static,bv_split,double,lookupApply,2,65536,1.0004837334841332,0.9990167802657264,1.00235589627491,11.631774902,10.3145923615,1.1277008818512773
ldc-1.41.0,bv_vienot_static,bv_vienot_index,double,lookupApply,2,65536,1.00024596615943,0.9986030086604869,1.0013977987662144,11.631774902,10.3145923615,1.1277008818512773
ldc-1.41.0,bv_vienot_static,default,double,prepared,0,65536,0.9993900055467249,0.990515794682232,1.0054298640414872,1.9542694095000002,1.222205162,1.5989700176867687
ldc-1.41.0,bv_vienot_static,bv_compiler,double,prepared,0,65536,0.9982920161960402,0.9943094769113383,1.0054483266016558,1.9542694095000002,1.222205162,1.5989700176867687
ldc-1.41.0,bv_vienot_static,bv_split,double,prepared,0,65536,0.9979748191417412,0.9964251840729573,1.0008306866210632,1.9542694095000002,1.222205162,1.5989700176867687
ldc-1.41.0,bv_vienot_static,bv_vienot_index,double,prepared,0,65536,1.0006831931633937,0.9963765470886102,1.0036688272630072,1.9542694095000002,1.222205162,1.5989700176867687
ldc-1.41.0,bv_vienot_static,default,double,prepared,1,65536,0.9955270940755032,0.9939297904670994,1.0024987138902361,1.9508838655,1.224899292,1.5926891935047345
ldc-1.41.0,bv_vienot_static,bv_compiler,double,prepared,1,65536,1.000439958018608,0.9939541689644156,1.0097806103106304,1.9508838655,1.224899292,1.5926891935047345
ldc-1.41.0,bv_vienot_static,bv_split,double,prepared,1,65536,0.9976046734084797,0.9928815212175169,1.0031131266551645,1.9508838655,1.224899292,1.5926891935047345
ldc-1.41.0,bv_vienot_static,bv_vienot_index,double,prepared,1,65536,1.0009532422882197,0.997830326775763,1.0034563059552906,1.9508838655,1.224899292,1.5926891935047345
ldc-1.41.0,bv_vienot_static,default,double,prepared,2,65536,0.9961877765332207,0.9920342088459108,1.0040383767606003,1.951265335,1.2230410575,1.5954209574849045
ldc-1.41.0,bv_vienot_static,bv_compiler,double,prepared,2,65536,0.9957967792217249,0.9918552478000707,1.00246792898597,1.951265335,1.2230410575,1.5954209574849045
ldc-1.41.0,bv_vienot_static,bv_split,double,prepared,2,65536,0.9970186458521798,0.9959276239000353,0.9988271227135541,1.951265335,1.2230410575,1.5954209574849045
ldc-1.41.0,bv_vienot_static,bv_vienot_index,double,prepared,2,65536,1.0002199360037316,0.995561841479336,1.001982475901624,1.951265335,1.2230410575,1.5954209574849045
ldc-1.41.0,bv_vienot_static,default,double,vienot,0,65536,1.0124214156641271,0.9587043743427773,1.1107945873962015,0.940513611,1.22966671,0.764852462339165
ldc-1.41.0,bv_vienot_static,bv_compiler,double,vienot,0,65536,1.0066923545033097,0.9676093554911196,1.0928883919436867,0.940513611,1.22966671,0.764852462339165
ldc-1.41.0,bv_vienot_static,bv_split,double,vienot,0,65536,1.189312512246035,1.1419904107914587,1.212127378219562,0.940513611,1.22966671,0.764852462339165
ldc-1.41.0,bv_vienot_static,bv_vienot_index,double,vienot,0,65536,1.1579801251807722,1.114737254597578,1.1725984096475783,0.940513611,1.22966671,0.764852462339165
ldc-1.41.0,bv_vienot_static,default,double,vienot,1,65536,0.9894283281119268,0.9644774081409971,1.0008573737617434,0.9517192839999999,1.2268533705,0.7757400410548898
ldc-1.41.0,bv_vienot_static,bv_compiler,double,vienot,1,65536,1.0046595520071442,0.9741387722051189,1.0165926977245607,0.9517192839999999,1.2268533705,0.7757400410548898
ldc-1.41.0,bv_vienot_static,bv_split,double,vienot,1,65536,1.1673430529122284,1.1407729090023335,1.1716800803843845,0.9517192839999999,1.2268533705,0.7757400410548898
ldc-1.41.0,bv_vienot_static,bv_vienot_index,double,vienot,1,65536,1.1420912870774613,1.1154484237975844,1.1533689739457604,0.9517192839999999,1.2268533705,0.7757400410548898
ldc-1.41.0,bv_vienot_static,default,float,brettel,0,65536,5.413832484842911,5.413069568174979,5.421719667383191,2.463388443,2.2085194584999996,1.1154026438477043
ldc-1.41.0,bv_vienot_static,bv_compiler,float,brettel,0,65536,0.9993031494870905,0.9990128142662845,1.0002325445829838,2.463388443,2.2085194584999996,1.1154026438477043
ldc-1.41.0,bv_vienot_static,bv_split,float,brettel,0,65536,0.9964576760012023,0.9940188146786114,0.9987985194175153,2.463388443,2.2085194584999996,1.1154026438477043
ldc-1.41.0,bv_vienot_static,bv_vienot_index,float,brettel,0,65536,0.996167321468594,0.9946962952034957,0.9992063954341137,2.463388443,2.2085194584999996,1.1154026438477043
ldc-1.41.0,bv_vienot_static,default,float,brettel,1,65536,5.739652509674683,5.736983235912591,5.745884217326524,2.4700164795,2.1767506594999997,1.134726418352097
ldc-1.41.0,bv_vienot_static,bv_compiler,float,brettel,1,65536,0.9987258688247145,0.9988411393232078,0.9997681249397804,2.4700164795,2.1767506594999997,1.134726418352097
ldc-1.41.0,bv_vienot_static,bv_split,float,brettel,1,65536,0.9972972973842865,0.9969905666516963,0.998358280758509,2.4700164795,2.1767506594999997,1.134726418352097
ldc-1.41.0,bv_vienot_static,bv_vienot_index,float,brettel,1,65536,0.9987837838229291,0.9980901672009402,0.9994203124507587,2.4700164795,2.1767506594999997,1.134726418352097
ldc-1.41.0,bv_vienot_static,default,float,brettel,2,65536,5.662853388439635,5.653191570684493,5.665010919650652,2.4675846100000003,2.172580242,1.1357852576843974
ldc-1.41.0,bv_vienot_static,bv_compiler,float,brettel,2,65536,0.9999806760425531,0.9986878664944749,1.0002705889087238,2.4675846100000003,2.172580242,1.1357852576843974
ldc-1.41.0,bv_vienot_static,bv_split,float,brettel,2,65536,0.9982608361299514,0.9965845938896292,0.9986280459658996,2.4675846100000003,2.172580242,1.1357852576843974
ldc-1.41.0,bv_vienot_static,bv_vienot_index,float,brettel,2,65536,0.9976231424947978,0.9952917565781367,0.9992075609661661,2.4675846100000003,2.172580242,1.1357852576843974
ldc-1.41.0,bv_vienot_static,default,float,lookup,0,65536,0.9598414582398592,0.9554342151938745,1.018658050223996,7.1100711825000005,4.544107914,1.564679210322997
ldc-1.41.0,bv_vienot_static,bv_compiler,float,lookup,0,65536,0.9773320188556354,0.9579435499283739,1.0470937037681078,7.1100711825000005,4.544107914,1.564679210322997
ldc-1.41.0,bv_vienot_static,bv_split,float,lookup,0,65536,0.962611244082295,0.9573078517984407,1.0281903373394183,7.1100711825000005,4.544107914,1.564679210322997
ldc-1.41.0,bv_vienot_static,bv_vienot_index,float,lookup,0,65536,0.9612632369732255,0.9563241926178806,1.0257161480632335,7.1100711825000005,4.544107914,1.564679210322997
ldc-1.41.0,bv_vienot_static,default,float,lookup,1,65536,0.9601022777677909,0.9566110449615635,1.0200401923931999,7.1051597595,4.540672302,1.564781443569587
ldc-1.41.0,bv_vienot_static,bv_compiler,float,lookup,1,65536,0.9771351489623039,0.9564036343388509,1.0457591395905457,7.1051597595,4.540672302,1.564781443569587
ldc-1.41.0,bv_vienot_static,bv_split,float,lookup,1,65536,0.9620887749019515,0.9558282372564523,1.0390300246671504,7.1051597595,4.540672302,1.564781443569587
ldc-1.41.0,bv_vienot_static,bv_vienot_index,float,lookup,1,65536,0.9615116170140494,0.9571462980321013,1.0249066961435371,7.1051597595,4.540672302,1.564781443569587
ldc-1.41.0,bv_vienot_static,default,float,lookup,2,65536,0.9813075758679516,0.9647612806773621,0.9960243430826717,6.936073303500001,4.537137508500001,1.5287333237103276
ldc-1.41.0,bv_vienot_static,bv_compiler,float,lookup,2,65536,1.020851093071208,0.9895621507967908,1.0369757058530726,6.936073303500001,4.537137508500001,1.5287333237103276
ldc-1.41.0,bv_vienot_static,bv_split,float,lookup,2,65536,1.0267496218510805,0.990352589826488,1.0445217682630958,6.936073303500001,4.537137508500001,1.5287333237103276
ldc-1.41.0,bv_vienot_static,bv_vienot_index,float,lookup,2,65536,0.9857555341218576,0.9671258419784253,1.0118780612362381,6.936073303500001,4.537137508500001,1.5287333237103276
ldc-1.41.0,bv_vienot_static,default,float,lookupApply,0,65536,0.9997989840674903,0.9955512628459597,1.003405332754228,9.725761414,10.085366726,0.9643438536475882
ldc-1.41.0,bv_vienot_static,bv_compiler,float,lookupApply,0,65536,0.9995391342837643,0.9949463907251698,1.0003974523812365,9.725761414,10.085366726,0.9643438536475882
ldc-1.41.0,bv_vienot_static,bv_split,float,lookupApply,0,65536,1.0000882508282347,0.9994901035916056,1.033824060200722,9.725761414,10.085366726,0.9643438536475882
ldc-1.41.0,bv_vienot_static,bv_vienot_index,float,lookupApply,0,65536,1.000455962809618,0.9950585847562367,1.0028606757854432,9.725761414,10.085366726,0.9643438536475882
ldc-1.41.0,bv_vienot_static,default,float,lookupApply,1,65536,0.9992740862968622,0.9949343219732248,1.001782645061147,9.721803665500001,10.085491657,0.9639394881411085
ldc-1.41.0,bv_vienot_static,bv_compiler,float,lookupApply,1,65536,0.9997792829835047,0.9958624597399243,1.0015174581670123,9.721803665500001,10.085491657,0.9639394881411085
ldc-1.41.0,bv_vienot_static,bv_split,float,lookupApply,1,65536,1.00143711280136,0.9999019877221729,1.0355134799769352,9.721803665500001,10.085491657,0.9639394881411085
ldc-1.41.0,bv_vienot_static,bv_vienot_index,float,lookupApply,1,65536,1.000971154718286,0.9968150221752592,1.003088935892255,9.721803665500001,10.085491657,0.9639394881411085
ldc-1.41.0,bv_vienot_static,default,float,lookupApply,2,65536,0.9982214078178858,0.99400546285541,1.001084635939647,9.7319602965,10.080431461,0.9654309276494569
ldc-1.41.0,bv_vienot_static,bv_compiler,float,lookupApply,2,65536,0.9994316344465576,0.9954443469007866,1.0018846162898305,9.7319602965,10.080431461,0.9654309276494569
ldc-1.41.0,bv_vienot_static,bv_split,float,lookupApply,2,65536,1.0004654717921146,0.9999460948527583,1.0374646375741807,9.7319602965,10.080431461,0.9654309276494569
ldc-1.41.0,bv_vienot_static,bv_vienot_index,float,lookupApply,2,65536,0.9992160475107214,0.9960540435180473,1.0007901646331037,9.7319602965,10.080431461,0.9654309276494569
ldc-1.41.0,bv_vienot_static,default,float,prepared,0,65536,1.0042445567796625,1.0017124789888574,1.013023995131404,2.1681785585,0.78837204,2.7501971765766835
ldc-1.41.0,bv_vienot_static,bv_compiler,float,prepared,0,65536,0.9995821421181165,0.9910863263404289,1.0033111852421313,2.1681785585,0.78837204,2.7501971765766835
ldc-1.41.0,bv_vienot_static,bv_split,float,prepared,0,65536,1.003870683974389,1.0033590934632006,1.0137278422556868,2.1681785585,0.78837204,2.7501971765766835
ldc-1.41.0,bv_vienot_static,bv_vienot_index,float,prepared,0,65536,1.003870683974389,1.0019539825156931,1.0141276823733985,2.1681785585,0.78837204,2.7501971765766835
ldc-1.41.0,bv_vienot_static,default,float,prepared,1,65536,1.0047485665241798,1.0033052421502309,1.0050280916669254,2.1790504454999997,0.7877750395,2.766082112582598
ldc-1.41.0,bv_vienot_static,bv_compiler,float,prepared,1,65536,1.0008753117689126,0.9998906936942981,1.0019919009972846,2.1790504454999997,0.7877750395,2.766082112582598
ldc-1.41.0,bv_vienot_static,bv_split,float,prepared,1,65536,1.0033699506659726,1.0015323657044195,1.0047061396860706,2.1790504454999997,0.7877750395,2.766082112582598
ldc-1.41.0,bv_vienot_static,bv_vienot_index,float,prepared,1,65536,1.0046391528112055,1.0030824391045012,1.0063264812981814,2.1790504454999997,0.7877750395,2.766082112582598
ldc-1.41.0,bv_vienot_static,default,float,prepared,2,65536,1.0038136150198458,1.0025621935273774,1.0036836451657118,2.175617218,0.7878279685,2.761538438578549
ldc-1.41.0,bv_vienot_static,bv_compiler,float,prepared,2,65536,1.0007671064496972,0.9998903677430893,1.0004159551181815,2.175617218,0.7878279685,2.761538438578549
ldc-1.41.0,bv_vienot_static,bv_split,float,prepared,2,65536,1.0047998949050418,1.0038968429277615,1.0043414387071767,2.175617218,0.7878279685,2.761538438578549
ldc-1.41.0,bv_vienot_static,bv_vienot_index,float,prepared,2,65536,1.0045149693239834,1.0030649326913985,1.0050430854273043,2.175617218,0.7878279685,2.761538438578549
ldc-1.41.0,bv_vienot_static,default,float,vienot,0,65536,7.4521748021673435,7.445728542010025,7.468606664331378,0.936222076,0.786159515,1.1908805504948954
ldc-1.41.0,bv_vienot_static,bv_compiler,float,vienot,0,65536,1.2428949784773073,1.2405972882984588,1.245392526519433,0.936222076,0.786159515,1.1908805504948954
ldc-1.41.0,bv_vienot_static,bv_split,float,vienot,0,65536,1.2433533670487813,1.2368769746382224,1.2441558440379406,0.936222076,0.786159515,1.1908805504948954
ldc-1.41.0,bv_vienot_static,bv_vienot_index,float,vienot,0,65536,1.1643068150638227,1.162872421512364,1.1663781694672335,0.936222076,0.786159515,1.1908805504948954
ldc-1.41.0,bv_vienot_static,default,float,vienot,1,65536,7.334605600744531,7.324575667755023,7.334911424021845,0.9369850154999999,0.786360741,1.1915460254392327
ldc-1.41.0,bv_vienot_static,bv_compiler,float,vienot,1,65536,1.256081425562563,1.25088931799142,1.2587014041362652,0.9369850154999999,0.786360741,1.1915460254392327
ldc-1.41.0,bv_vienot_static,bv_split,float,vienot,1,65536,1.2582188300747696,1.24723040960774,1.2602830381098762,0.9369850154999999,0.786360741,1.1915460254392327
ldc-1.41.0,bv_vienot_static,bv_vienot_index,float,vienot,1,65536,1.1668702294204407,1.165413151732773,1.1692448601982712,0.9369850154999999,0.786360741,1.1915460254392327
ldc-1.43.0,bv_vienot_index,default,double,brettel,0,1024,1.3716012083743492,1.3000000000862317,1.447885196269569,4.040527344,4.8946533205,0.8254981669646118
ldc-1.43.0,bv_vienot_index,bv_compiler,double,brettel,0,1024,1.0075528700592304,0.9962406015190424,1.0211480360668486,4.040527344,4.8946533205,0.8254981669646118
ldc-1.43.0,bv_vienot_index,bv_split,double,brettel,0,1024,1.0135951661313645,1.0045317219612906,1.0180451127825105,4.040527344,4.8946533205,0.8254981669646118
ldc-1.43.0,bv_vienot_index,bv_vienot_index,double,brettel,0,1024,1.0,1.0,1.0,4.040527344,4.8946533205,0.8254981669646118
ldc-1.43.0,bv_vienot_index,default,double,brettel,1,1024,1.157386785385937,1.136094674556213,1.296130952289524,4.110717773499999,4.985504150500001,0.8245340189091472
ldc-1.43.0,bv_vienot_index,bv_compiler,double,brettel,1,1024,0.9836674090270044,0.9829881657259171,0.9932381667458291,4.110717773499999,4.985504150500001,0.8245340189091472
ldc-1.43.0,bv_vienot_index,bv_split,double,brettel,1,1024,0.9962880474066195,0.9954921111638861,1.0007396448946746,4.110717773499999,4.985504150500001,0.8245340189091472
ldc-1.43.0,bv_vienot_index,bv_vienot_index,double,brettel,1,1024,1.0,1.0,1.0,4.110717773499999,4.985504150500001,0.8245340189091472
ldc-1.43.0,bv_vienot_index,default,double,brettel,2,1024,1.3558558558469909,1.3423423424863998,1.3613382898549589,4.064941406,4.939147949500001,0.8230045845076379
ldc-1.43.0,bv_vienot_index,bv_compiler,double,brettel,2,1024,0.9939939941166276,0.9895910780369364,1.0097597597449846,4.064941406,4.939147949500001,0.8230045845076379
ldc-1.43.0,bv_vienot_index,bv_split,double,brettel,2,1024,1.0075075074772186,1.0007552869316756,1.013513513606597,4.064941406,4.939147949500001,0.8230045845076379
ldc-1.43.0,bv_vienot_index,bv_vienot_index,double,brettel,2,1024,1.0,1.0,1.0,4.064941406,4.939147949500001,0.8230045845076379
ldc-1.43.0,bv_vienot_index,default,double,lookup,0,1024,1.0020818874784956,1.0017349062510295,1.0027777777208888,8.795166016,7.1459655765,1.230787627206533
ldc-1.43.0,bv_vienot_index,bv_compiler,double,lookup,0,1024,1.0006939624549325,1.0010409437392478,1.0013888888604445,8.795166016,7.1459655765,1.230787627206533
ldc-1.43.0,bv_vienot_index,bv_split,double,lookup,0,1024,1.0003469812274661,0.998612074862738,1.0024305555342223,8.795166016,7.1459655765,1.230787627206533
ldc-1.43.0,bv_vienot_index,bv_vienot_index,double,lookup,0,1024,1.0,1.0,1.0,8.795166016,7.1459655765,1.230787627206533
ldc-1.43.0,bv_vienot_index,default,double,lookup,1,1024,1.0027777777208888,0.9986130374196232,1.0038207711082718,8.7890625,7.1510925295,1.2290517097552542
ldc-1.43.0,bv_vienot_index,bv_compiler,double,lookup,1,1024,1.0027777777208888,1.0013869624667566,1.0024313997703054,8.7890625,7.1510925295,1.2290517097552542
ldc-1.43.0,bv_vienot_index,bv_split,double,lookup,1,1024,1.000694444487111,0.9986115931684018,1.0017337031260534,8.7890625,7.1510925295,1.2290517097552542
ldc-1.43.0,bv_vienot_index,bv_vienot_index,double,lookup,1,1024,1.0,1.0,1.0,8.7890625,7.1510925295,1.2290517097552542
ldc-1.43.0,bv_vienot_index,default,double,lookup,2,1024,0.9979231568441216,0.9961937716191572,1.0,8.81652832,7.1540222165,1.2323876070255422
ldc-1.43.0,bv_vienot_index,bv_compiler,double,lookup,2,1024,0.9982692973417456,0.9968847352378266,0.9986149584770406,8.81652832,7.1540222165,1.2323876070255422
ldc-1.43.0,bv_vienot_index,bv_split,double,lookup,2,1024,0.9955001731339076,0.9955001731339076,0.9965397924016672,8.81652832,7.1540222165,1.2323876070255422
ldc-1.43.0,bv_vienot_index,bv_vienot_index,double,lookup,2,1024,1.0,1.0,1.0,8.81652832,7.1540222165,1.2323876070255422
ldc-1.43.0,bv_vienot_index,default,double,lookupApply,0,1024,1.001001502273901,1.000249812655867,1.0017557060703195,12.188720703,11.9313659665,1.0215695954027881
ldc-1.43.0,bv_vienot_index,bv_compiler,double,lookupApply,0,1024,1.0025037556642422,0.9970022483342448,1.0072809440481565,12.188720703,11.9313659665,1.0215695954027881
ldc-1.43.0,bv_vienot_index,bv_split,double,lookupApply,0,1024,1.0020030045478021,0.9997501873850625,1.0057687484169657,12.188720703,11.9313659665,1.0215695954027881
ldc-1.43.0,bv_vienot_index,bv_vienot_index,double,lookupApply,0,1024,1.0,1.0,1.0,12.188720703,11.9313659665,1.0215695954027881
ldc-1.43.0,bv_vienot_index,default,double,lookupApply,1,1024,0.9997497497343795,0.9969969969765581,1.0020055151255636,12.194824219,11.923034668,1.0227953334505895
ldc-1.43.0,bv_vienot_index,bv_compiler,double,lookupApply,1,1024,1.0012512512461005,1.0002502502246196,1.002498126394951,12.194824219,11.923034668,1.0227953334505895
ldc-1.43.0,bv_vienot_index,bv_split,double,lookupApply,1,1024,1.0005005004902399,0.9984958636147546,1.001501501511721,12.194824219,11.923034668,1.0227953334505895
ldc-1.43.0,bv_vienot_index,bv_vienot_index,double,lookupApply,1,1024,1.0,1.0,1.0,12.194824219,11.923034668,1.0227953334505895
ldc-1.43.0,bv_vienot_index,default,double,lookupApply,2,1024,1.0012515644504367,0.9980004998750619,1.0027562014172784,12.191772461,11.934143066499999,1.0215875905847973
ldc-1.43.0,bv_vienot_index,bv_compiler,double,lookupApply,2,1024,0.9997496870935082,0.996999249832892,0.9999999999589476,12.191772461,11.934143066499999,1.0215875905847973
ldc-1.43.0,bv_vienot_index,bv_split,double,lookupApply,2,1024,1.000250312906492,0.9974943622844843,1.0007501875520197,12.191772461,11.934143066499999,1.0215875905847973
ldc-1.43.0,bv_vienot_index,bv_vienot_index,double,lookupApply,2,1024,1.0,1.0,1.0,12.191772461,11.934143066499999,1.0215875905847973
ldc-1.43.0,bv_vienot_index,default,double,prepared,0,1024,1.0,1.0,1.0,1.165771484,1.27166748,0.9167266619100772
ldc-1.43.0,bv_vienot_index,bv_compiler,double,prepared,0,1024,1.0,1.0,1.0,1.165771484,1.27166748,0.9167266619100772
ldc-1.43.0,bv_vienot_index,bv_split,double,prepared,0,1024,1.0,1.0,1.0,1.165771484,1.27166748,0.9167266619100772
ldc-1.43.0,bv_vienot_index,bv_vienot_index,double,prepared,0,1024,1.0,1.0,1.0,1.165771484,1.27166748,0.9167266619100772
ldc-1.43.0,bv_vienot_index,default,double,prepared,1,1024,1.0,1.0,1.0,1.165771484,1.2713928225,0.9169247012954567
ldc-1.43.0,bv_vienot_index,bv_compiler,double,prepared,1,1024,1.0,1.0,1.0,1.165771484,1.2713928225,0.9169247012954567
ldc-1.43.0,bv_vienot_index,bv_split,double,prepared,1,1024,1.0,1.0,1.0,1.165771484,1.2713928225,0.9169247012954567
ldc-1.43.0,bv_vienot_index,bv_vienot_index,double,prepared,1,1024,1.0,1.0,1.0,1.165771484,1.2713928225,0.9169247012954567
ldc-1.43.0,bv_vienot_index,default,double,prepared,2,1024,1.0,1.0,1.0,1.165771484,1.27130127,0.916990733439604
ldc-1.43.0,bv_vienot_index,bv_compiler,double,prepared,2,1024,1.0,1.0,1.0,1.165771484,1.27130127,0.916990733439604
ldc-1.43.0,bv_vienot_index,bv_split,double,prepared,2,1024,1.0,1.0,1.0,1.165771484,1.27130127,0.916990733439604
ldc-1.43.0,bv_vienot_index,bv_vienot_index,double,prepared,2,1024,1.0,1.0,1.0,1.165771484,1.27130127,0.916990733439604
ldc-1.43.0,bv_vienot_index,default,double,vienot,0,1024,0.8154761908419048,0.8154761908419048,0.8214285711847619,1.025390625,1.2709655765,0.8067808003295673
ldc-1.43.0,bv_vienot_index,bv_compiler,double,vienot,0,1024,0.8154761908419048,0.8154761908419048,0.8214285711847619,1.025390625,1.2709655765,0.8067808003295673
ldc-1.43.0,bv_vienot_index,bv_split,double,vienot,0,1024,1.0059523813180953,1.0,1.0059523813180953,1.025390625,1.2709655765,0.8067808003295673
ldc-1.43.0,bv_vienot_index,bv_vienot_index,double,vienot,0,1024,1.0,1.0,1.0,1.025390625,1.2709655765,0.8067808003295673
ldc-1.43.0,bv_vienot_index,default,double,vienot,1,1024,0.8154761908419048,0.8154761908419048,0.8214285711847619,1.025390625,1.2716674805000001,0.8063354931407322
ldc-1.43.0,bv_vienot_index,bv_compiler,double,vienot,1,1024,0.8184523810133333,0.8154761908419048,0.8214285711847619,1.025390625,1.2716674805000001,0.8063354931407322
ldc-1.43.0,bv_vienot_index,bv_split,double,vienot,1,1024,1.0059523813180953,1.0,1.0059523813180953,1.025390625,1.2716674805000001,0.8063354931407322
ldc-1.43.0,bv_vienot_index,bv_vienot_index,double,vienot,1,1024,1.0,1.0,1.0,1.025390625,1.2716674805000001,0.8063354931407322
ldc-1.43.0,bv_vienot_index,default,float,brettel,0,1024,1.173447537246355,1.1679144384918039,1.2478540773848759,2.850341797,2.5713806155,1.108486927146628
ldc-1.43.0,bv_vienot_index,bv_compiler,float,brettel,0,1024,1.0,0.9978609626105117,1.0042918454060425,2.850341797,2.5713806155,1.108486927146628
ldc-1.43.0,bv_vienot_index,bv_split,float,brettel,0,1024,0.9978586722454044,0.9957219252210237,1.003218884142429,2.850341797,2.5713806155,1.108486927146628
ldc-1.43.0,bv_vienot_index,bv_vienot_index,float,brettel,0,1024,1.0,1.0,1.0,2.850341797,2.5713806155,1.108486927146628
ldc-1.43.0,bv_vienot_index,default,float,brettel,1,1024,1.2762312631519117,1.2746781116121262,1.3333333333333333,2.850341797,2.579589844,1.1049593033674543
ldc-1.43.0,bv_vienot_index,bv_compiler,float,brettel,1,1024,1.0,0.9978678037068578,1.0053763438871177,2.850341797,2.579589844,1.1049593033674543
ldc-1.43.0,bv_vienot_index,bv_split,float,brettel,1,1024,1.0,0.9957356077630547,1.003225806297036,2.850341797,2.579589844,1.1049593033674543
ldc-1.43.0,bv_vienot_index,bv_vienot_index,float,brettel,1,1024,1.0,1.0,1.0,2.850341797,2.579589844,1.1049593033674543
ldc-1.43.0,bv_vienot_index,default,float,brettel,2,1024,1.226980727953729,1.2285407727060966,1.2371794874398072,2.850341797,2.6331787110000002,1.0824718372105964
ldc-1.43.0,bv_vienot_index,bv_compiler,float,brettel,2,1024,1.0021413274037605,0.9967948719474731,1.0064377682848578,2.850341797,2.6331787110000002,1.0824718372105964
ldc-1.43.0,bv_vienot_index,bv_split,float,brettel,2,1024,1.0010706637018802,0.9989316240408387,1.0021413274037605,2.850341797,2.6331787110000002,1.0824718372105964
ldc-1.43.0,bv_vienot_index,bv_vienot_index,float,brettel,2,1024,1.0,1.0,1.0,2.850341797,2.6331787110000002,1.0824718372105964
ldc-1.43.0,bv_vienot_index,default,float,lookup,0,1024,0.9947389720842399,0.9914945322074953,1.0,7.5408935545,5.917633057,1.2743090830175483
ldc-1.43.0,bv_vienot_index,bv_compiler,float,lookup,0,1024,1.0020234723364971,1.0008087343804946,1.0178209801208769,7.5408935545,5.917633057,1.2743090830175483
ldc-1.43.0,bv_vienot_index,bv_split,float,lookup,0,1024,1.0004046944142553,1.0,1.0012150667706217,7.5408935545,5.917633057,1.2743090830175483
ldc-1.43.0,bv_vienot_index,bv_vienot_index,float,lookup,0,1024,1.0,1.0,1.0,7.5408935545,5.917633057,1.2743090830175483
ldc-1.43.0,bv_vienot_index,default,float,lookup,1,1024,1.0016194331651878,0.9935248887751689,1.002025111372848,7.537841797,5.917358398499999,1.2738525012969941
ldc-1.43.0,bv_vienot_index,bv_compiler,float,lookup,1,1024,1.0028340080722447,1.0,1.0174159578861226,7.537841797,5.917358398499999,1.2738525012969941
ldc-1.43.0,bv_vienot_index,bv_split,float,lookup,1,1024,1.0,0.9991906111051841,1.0004050223011132,7.537841797,5.917358398499999,1.2738525012969941
ldc-1.43.0,bv_vienot_index,bv_vienot_index,float,lookup,1,1024,1.0,1.0,1.0,7.537841797,5.917358398499999,1.2738525012969941
ldc-1.43.0,bv_vienot_index,default,float,lookup,2,1024,1.0008103727549054,0.9951456311670569,1.0060777958277545,7.531738281,5.9211120605000005,1.2720141426210387
ldc-1.43.0,bv_vienot_index,bv_compiler,float,lookup,2,1024,1.0032414911523928,1.0004045307692178,1.0190437601717828,7.531738281,5.9211120605000005,1.2720141426210387
ldc-1.43.0,bv_vienot_index,bv_split,float,lookup,2,1024,1.0024311183311017,0.9987864078249034,1.0291734198404496,7.531738281,5.9211120605000005,1.2720141426210387
ldc-1.43.0,bv_vienot_index,bv_vienot_index,float,lookup,2,1024,1.0,1.0,1.0,7.531738281,5.9211120605000005,1.2720141426210387
ldc-1.43.0,bv_vienot_index,default,float,lookupApply,0,1024,0.9955786735860779,0.9857365145387552,1.0105097214927197,11.734008789,12.6061096195,0.9308191934844853
ldc-1.43.0,bv_vienot_index,bv_compiler,float,lookupApply,0,1024,1.0023407021840436,0.9904045643206638,1.0136626380051073,11.734008789,12.6061096195,0.9308191934844853
ldc-1.43.0,bv_vienot_index,bv_split,float,lookupApply,0,1024,1.0015604681511032,0.9896265560165975,1.0073568050664277,11.734008789,12.6061096195,0.9308191934844853
ldc-1.43.0,bv_vienot_index,bv_vienot_index,float,lookupApply,0,1024,1.0,1.0,1.0,11.734008789,12.6061096195,0.9308191934844853
ldc-1.43.0,bv_vienot_index,default,float,lookupApply,1,1024,0.9965950759613256,0.9877795111965525,1.0057803468748057,11.651611328,12.609313965,0.9240479981973388
ldc-1.43.0,bv_vienot_index,bv_compiler,float,lookupApply,1,1024,0.9994761655424146,0.9916796671867762,1.0049764274543438,11.651611328,12.609313965,0.9240479981973388
ldc-1.43.0,bv_vienot_index,bv_split,float,lookupApply,1,1024,0.999476165499502,0.9898595943572585,1.006809848077349,11.651611328,12.609313965,0.9240479981973388
ldc-1.43.0,bv_vienot_index,bv_vienot_index,float,lookupApply,1,1024,1.0,1.0,1.0,11.651611328,12.609313965,0.9240479981973388
ldc-1.43.0,bv_vienot_index,default,float,lookupApply,2,1024,0.9854014598543264,0.9786957651022159,1.0057727631082727,11.706542969000001,12.6093444825,0.9284021850023243
ldc-1.43.0,bv_vienot_index,bv_compiler,float,lookupApply,2,1024,0.9971324295661925,0.996348461126471,1.0060351614020637,11.706542969000001,12.6093444825,0.9284021850023243
ldc-1.43.0,bv_vienot_index,bv_split,float,lookupApply,2,1024,1.0036496350043849,0.9909067290153492,1.0104959328264247,11.706542969000001,12.6093444825,0.9284021850023243
ldc-1.43.0,bv_vienot_index,bv_vienot_index,float,lookupApply,2,1024,1.0,1.0,1.0,11.706542969000001,12.6093444825,0.9284021850023243
ldc-1.43.0,bv_vienot_index,default,float,prepared,0,1024,1.0,1.0,1.00781250016,1.5625,0.7540588374999999,2.072119471711649
ldc-1.43.0,bv_vienot_index,bv_compiler,float,prepared,0,1024,1.0,1.0,1.0,1.5625,0.7540588374999999,2.072119471711649
ldc-1.43.0,bv_vienot_index,bv_split,float,prepared,0,1024,1.0,1.0,1.0,1.5625,0.7540588374999999,2.072119471711649
ldc-1.43.0,bv_vienot_index,bv_vienot_index,float,prepared,0,1024,1.0,1.0,1.0,1.5625,0.7540588374999999,2.072119471711649
ldc-1.43.0,bv_vienot_index,default,float,prepared,1,1024,1.0,1.0,1.01953124992,1.5625,0.753692627,2.073126290513653
ldc-1.43.0,bv_vienot_index,bv_compiler,float,prepared,1,1024,1.0,1.0,1.0,1.5625,0.753692627,2.073126290513653
ldc-1.43.0,bv_vienot_index,bv_split,float,prepared,1,1024,1.0,1.0,1.0,1.5625,0.753692627,2.073126290513653
ldc-1.43.0,bv_vienot_index,bv_vienot_index,float,prepared,1,1024,1.0,1.0,1.0,1.5625,0.753692627,2.073126290513653
ldc-1.43.0,bv_vienot_index,default,float,prepared,2,1024,1.0,1.0,1.0,1.5625,0.7538757325000001,2.0726227581546404
ldc-1.43.0,bv_vienot_index,bv_compiler,float,prepared,2,1024,1.0,1.0,1.0,1.5625,0.7538757325000001,2.0726227581546404
ldc-1.43.0,bv_vienot_index,bv_split,float,prepared,2,1024,1.0,1.0,1.0,1.5625,0.7538757325000001,2.0726227581546404
ldc-1.43.0,bv_vienot_index,bv_vienot_index,float,prepared,2,1024,1.0,1.0,1.0,1.5625,0.7538757325000001,2.0726227581546404
ldc-1.43.0,bv_vienot_index,default,float,vienot,0,1024,6.714285715805566,6.714285715805566,6.717532469252663,0.939941406,0.7541809079999999,1.2463076113828118
ldc-1.43.0,bv_vienot_index,bv_compiler,float,vienot,0,1024,1.0259740265128825,1.0259740265128825,1.032467532343181,0.939941406,0.7541809079999999,1.2463076113828118
ldc-1.43.0,bv_vienot_index,bv_split,float,vienot,0,1024,1.0259740265128825,1.0259740265128825,1.032467532343181,0.939941406,0.7541809079999999,1.2463076113828118
ldc-1.43.0,bv_vienot_index,bv_vienot_index,float,vienot,0,1024,1.0,1.0,1.0,0.939941406,0.7541809079999999,1.2463076113828118
ldc-1.43.0,bv_vienot_index,default,float,vienot,1,1024,6.714285715805566,6.714285715805566,6.736156351075321,0.939941406,0.754150391,1.2463580437234036
ldc-1.43.0,bv_vienot_index,bv_compiler,float,vienot,1,1024,1.032467532343181,1.032467532343181,1.0358306184231472,0.939941406,0.754150391,1.2463580437234036
ldc-1.43.0,bv_vienot_index,bv_split,float,vienot,1,1024,1.0259740265128825,1.0259740265128825,1.0521172638401715,0.939941406,0.754150391,1.2463580437234036
ldc-1.43.0,bv_vienot_index,bv_vienot_index,float,vienot,1,1024,1.0,1.0,1.0,0.939941406,0.754150391,1.2463580437234036
ldc-1.43.0,bv_vienot_static,default,double,brettel,0,1024,1.3716012083743492,1.3049056604438976,1.4489795917988244,4.040527344,4.89251709,0.8258586060452575
ldc-1.43.0,bv_vienot_static,bv_compiler,double,brettel,0,1024,1.0075528700592304,1.0,1.021919878923077,4.040527344,4.89251709,0.8258586060452575
ldc-1.43.0,bv_vienot_static,bv_split,double,brettel,0,1024,1.0135951661313645,1.0052910052444832,1.0218867924377115,4.040527344,4.89251709,0.8258586060452575
ldc-1.43.0,bv_vienot_static,bv_vienot_index,double,brettel,0,1024,1.0,1.0007558579451432,1.0037735848902618,4.040527344,4.89251709,0.8258586060452575
ldc-1.43.0,bv_vienot_static,default,double,brettel,1,1024,1.1774924470106494,1.1540195341670667,1.3167044594483401,4.040527344,4.988464355,0.8099741837285315
ldc-1.43.0,bv_vienot_static,bv_compiler,double,brettel,1,1024,1.0007552869316756,0.998489425889157,1.0068027210109303,4.040527344,4.988464355,0.8099741837285315
ldc-1.43.0,bv_vienot_static,bv_split,double,brettel,1,1024,1.0135951660076181,1.0007552869316756,1.016528925527259,4.040527344,4.988464355,0.8099741837285315
ldc-1.43.0,bv_vienot_static,bv_vienot_index,double,brettel,1,1024,1.0173716011609795,1.0052870090167123,1.0158730158572902,4.040527344,4.988464355,0.8099741837285315
ldc-1.43.0,bv_vienot_static,default,double,brettel,2,1024,1.3609645817337888,1.3504531721837545,1.3735933981557702,4.049682617,4.9397888185,0.8198088553570421
ldc-1.43.0,bv_vienot_static,bv_compiler,double,brettel,2,1024,0.9977392616000158,0.9954819276800001,1.0158610270501365,4.049682617,4.9397888185,0.8198088553570421
ldc-1.43.0,bv_vienot_static,bv_split,double,brettel,2,1024,1.0113036924937864,0.9977409638400002,1.019637462203498,4.049682617,4.9397888185,0.8198088553570421
ldc-1.43.0,bv_vienot_static,bv_vienot_index,double,brettel,2,1024,1.0037678974979287,0.9969879518689156,1.0090022505002172,4.049682617,4.9397888185,0.8198088553570421
ldc-1.43.0,bv_vienot_static,default,double,lookup,0,1024,1.0031260854108344,1.0017331022459464,1.0041724616668632,8.786010742,7.141998291,1.2301894209456343
ldc-1.43.0,bv_vienot_static,bv_compiler,double,lookup,0,1024,1.0017367141297766,1.0,1.0027816411112422,8.786010742,7.141998291,1.2301894209456343
ldc-1.43.0,bv_vienot_static,bv_split,double,lookup,0,1024,1.0013893713379662,0.9989586948336495,1.003824756556442,8.786010742,7.141998291,1.2301894209456343
ldc-1.43.0,bv_vienot_static,bv_vienot_index,double,lookup,0,1024,1.0010420285461563,0.9989601386978643,1.0013908205556212,8.786010742,7.141998291,1.2301894209456343
ldc-1.43.0,bv_vienot_static,default,double,lookup,1,1024,1.0,0.997229916954081,1.0006925207614403,8.813476562,7.1554870605000005,1.2317088253366424
ldc-1.43.0,bv_vienot_static,bv_compiler,double,lookup,1,1024,1.0,0.9993074791818283,1.0,8.813476562,7.1554870605000005,1.2317088253366424
ldc-1.43.0,bv_vienot_static,bv_split,double,lookup,1,1024,0.9979224377722921,0.9961911357834959,1.0003462604091056,8.813476562,7.1554870605000005,1.2317088253366424
ldc-1.43.0,bv_vienot_static,bv_vienot_index,double,lookup,1,1024,0.997229916954081,0.996883656488421,0.9986149585337719,8.813476562,7.1554870605000005,1.2317088253366424
ldc-1.43.0,bv_vienot_static,default,double,lookup,2,1024,0.9979231568441216,0.9961937716191572,1.0020840569784955,8.81652832,7.1848144529999995,1.2271059159111175
ldc-1.43.0,bv_vienot_static,bv_compiler,double,lookup,2,1024,0.9982692973417456,0.9965397924016672,1.0017367141297766,8.81652832,7.1848144529999995,1.2271059159111175
ldc-1.43.0,bv_vienot_static,bv_split,double,lookup,2,1024,0.9955001731339076,0.9951557093850109,0.9989579715676609,8.81652832,7.1848144529999995,1.2271059159111175
ldc-1.43.0,bv_vienot_static,bv_vienot_index,double,lookup,2,1024,1.0,0.9996539792174899,1.0031260854108344,8.81652832,7.1848144529999995,1.2271059159111175
ldc-1.43.0,bv_vienot_static,default,double,lookupApply,0,1024,0.9995000000102399,0.9957563654365287,1.0045158053082002,12.20703125,11.949005127,1.0215939419439166
ldc-1.43.0,bv_vienot_static,bv_compiler,double,lookupApply,0,1024,1.0010000000204802,1.0012543903611053,1.0037537537794563,12.20703125,11.949005127,1.0215939419439166
ldc-1.43.0,bv_vienot_static,bv_split,double,lookupApply,0,1024,1.00050000003072,0.9980029955067602,1.0040140491719787,12.20703125,11.949005127,1.0215939419439166
ldc-1.43.0,bv_vienot_static,bv_vienot_index,double,lookupApply,0,1024,0.9984999999897599,0.9942586120563742,1.0042649272195374,12.20703125,11.949005127,1.0215939419439166
ldc-1.43.0,bv_vienot_static,default,double,lookupApply,1,1024,1.0002503755787306,0.9982517482670571,1.0035070139560887,12.188720703,11.9512939455,1.0198661967969918
ldc-1.43.0,bv_vienot_static,bv_compiler,double,lookupApply,1,1024,1.0017526289690715,0.9965034965341143,1.005260520995696,12.188720703,11.9512939455,1.0198661967969918
ldc-1.43.0,bv_vienot_static,bv_split,double,lookupApply,1,1024,1.001001502273901,0.9947552448011714,1.0042659975059418,12.188720703,11.9512939455,1.0198661967969918
ldc-1.43.0,bv_vienot_static,bv_vienot_index,double,lookupApply,1,1024,1.0005007511574613,0.9962537463099331,1.0027603513225372,12.188720703,11.9512939455,1.0198661967969918
ldc-1.43.0,bv_vienot_static,default,double,lookupApply,2,1024,1.0007505629273192,0.9970037453387911,1.0050226017284123,12.1978759765,11.947906494,1.0209216135584531
ldc-1.43.0,bv_vienot_static,bv_compiler,double,lookupApply,2,1024,0.9992494370726805,0.9972486243479294,1.0022601707839571,12.1978759765,11.947906494,1.0209216135584531
ldc-1.43.0,bv_vienot_static,bv_split,double,lookupApply,2,1024,0.9997498123848872,0.9980024968788912,1.0010005002706461,12.1978759765,11.947906494,1.0209216135584531
ldc-1.43.0,bv_vienot_static,bv_vienot_index,double,lookupApply,2,1024,0.999499624728784,0.9990012484598999,1.0022601708251024,12.1978759765,11.947906494,1.0209216135584531
ldc-1.43.0,bv_vienot_static,default,double,prepared,0,1024,1.0,1.0,1.0,1.165771484,1.271484375,0.9168586786605223
ldc-1.43.0,bv_vienot_static,bv_compiler,double,prepared,0,1024,1.0,1.0,1.0,1.165771484,1.271484375,0.9168586786605223
ldc-1.43.0,bv_vienot_static,bv_split,double,prepared,0,1024,1.0,1.0,1.0,1.165771484,1.271484375,0.9168586786605223
ldc-1.43.0,bv_vienot_static,bv_vienot_index,double,prepared,0,1024,1.0,1.0,1.0,1.165771484,1.271484375,0.9168586786605223
ldc-1.43.0,bv_vienot_static,default,double,prepared,1,1024,1.0,1.0,1.0,1.165771484,1.270935059,0.9172549578711402
ldc-1.43.0,bv_vienot_static,bv_compiler,double,prepared,1,1024,1.0,1.0,1.0,1.165771484,1.270935059,0.9172549578711402
ldc-1.43.0,bv_vienot_static,bv_split,double,prepared,1,1024,1.0,1.0,1.0,1.165771484,1.270935059,0.9172549578711402
ldc-1.43.0,bv_vienot_static,bv_vienot_index,double,prepared,1,1024,1.0,1.0,1.0,1.165771484,1.270935059,0.9172549578711402
ldc-1.43.0,bv_vienot_static,default,double,prepared,2,1024,1.0,1.0,1.0,1.165771484,1.271362305,0.9169467109534917
ldc-1.43.0,bv_vienot_static,bv_compiler,double,prepared,2,1024,1.0,1.0,1.0,1.165771484,1.271362305,0.9169467109534917
ldc-1.43.0,bv_vienot_static,bv_split,double,prepared,2,1024,1.0,1.0,1.0,1.165771484,1.271362305,0.9169467109534917
ldc-1.43.0,bv_vienot_static,bv_vienot_index,double,prepared,2,1024,1.0,1.0,1.0,1.165771484,1.271362305,0.9169467109534917
ldc-1.43.0,bv_vienot_static,default,double,vienot,0,1024,0.9891696756069971,0.9580419588832315,1.007299269322274,0.845336914,1.2706909180000001,0.6652576972301929
ldc-1.43.0,bv_vienot_static,bv_compiler,double,vienot,0,1024,0.9891696756069971,0.9650349651631591,1.0,0.845336914,1.2706909180000001,0.6652576972301929
ldc-1.43.0,bv_vienot_static,bv_split,double,vienot,0,1024,1.2202166070320217,1.181818182755601,1.2262773717128286,0.845336914,1.2706909180000001,0.6652576972301929
ldc-1.43.0,bv_vienot_static,bv_vienot_index,double,vienot,0,1024,1.2129963899813796,1.174825175329939,1.2262773717128286,0.845336914,1.2706909180000001,0.6652576972301929
ldc-1.43.0,bv_vienot_static,default,double,vienot,1,1024,0.9716312062506313,0.9580419588832315,0.992753623928284,0.860595703,1.271240234,0.676973305267492
ldc-1.43.0,bv_vienot_static,bv_compiler,double,vienot,1,1024,0.975177305178806,0.9580419588832315,1.0,0.860595703,1.271240234,0.676973305267492
ldc-1.43.0,bv_vienot_static,bv_split,double,vienot,1,1024,1.1985815608935244,1.174825175329939,1.2246376819681244,0.860595703,1.271240234,0.676973305267492
ldc-1.43.0,bv_vienot_static,bv_vienot_index,double,vienot,1,1024,1.1914893618751894,1.174825175329939,1.217391304709162,0.860595703,1.271240234,0.676973305267492
ldc-1.43.0,bv_vienot_static,default,float,brettel,0,1024,1.1709401709700928,1.1641791044411138,1.2425213677607423,2.856445312,2.5721435545,1.1105310615352748
ldc-1.43.0,bv_vienot_static,bv_compiler,float,brettel,0,1024,0.9978632480816773,0.9946695096164836,1.0021459228788152,2.856445312,2.5721435545,1.1105310615352748
ldc-1.43.0,bv_vienot_static,bv_split,float,brettel,0,1024,0.9957264958132691,0.9925373134980111,1.0,2.856445312,2.5721435545,1.1105310615352748
ldc-1.43.0,bv_vienot_static,bv_vienot_index,float,brettel,0,1024,0.9978632480816773,0.9957264958132691,1.003218884142429,2.856445312,2.5721435545,1.1105310615352748
ldc-1.43.0,bv_vienot_static,default,float,brettel,1,1024,1.2762312631519117,1.2719486079935556,1.3304721032970304,2.850341797,2.5825195315,1.1037058044414638
ldc-1.43.0,bv_vienot_static,bv_compiler,float,brettel,1,1024,1.0,0.9989293361227021,1.003218884142429,2.850341797,2.5825195315,1.1037058044414638
ldc-1.43.0,bv_vienot_static,bv_split,float,brettel,1,1024,1.0,0.9989293361227021,1.0010729614394076,2.850341797,2.5825195315,1.1037058044414638
ldc-1.43.0,bv_vienot_static,bv_vienot_index,float,brettel,1,1024,1.0,0.9978540774727728,1.0042826551583561,2.850341797,2.5825195315,1.1037058044414638
ldc-1.43.0,bv_vienot_static,default,float,brettel,2,1024,1.2256684492345935,1.2259100642518486,1.2371794874398072,2.8533935545,2.63192749,1.0841459596973928
ldc-1.43.0,bv_vienot_static,bv_compiler,float,brettel,2,1024,1.001069518607129,0.9967948719474731,1.0042826551583561,2.8533935545,2.63192749,1.0841459596973928
ldc-1.43.0,bv_vienot_static,bv_split,float,brettel,2,1024,1.0,0.9989293361227021,1.0,2.8533935545,2.63192749,1.0841459596973928
ldc-1.43.0,bv_vienot_static,bv_vienot_index,float,brettel,2,1024,0.9989304813928709,0.9978586722454044,1.0,2.8533935545,2.63192749,1.0841459596973928
ldc-1.43.0,bv_vienot_static,default,float,lookup,0,1024,0.9943365696286215,0.9910931174582127,1.0008093888948157,7.543945312,5.910705566500001,1.2763189144045142
ldc-1.43.0,bv_vienot_static,bv_compiler,float,lookup,0,1024,1.001618123076871,1.0004043671902474,1.0174089068917487,7.543945312,5.910705566500001,1.2763189144045142
ldc-1.43.0,bv_vienot_static,bv_split,float,lookup,0,1024,1.0,0.9991912656857571,1.0008097165826475,7.543945312,5.910705566500001,1.2763189144045142
ldc-1.43.0,bv_vienot_static,bv_vienot_index,float,lookup,0,1024,0.9995954692970606,0.99878689849551,1.0008093888948157,7.543945312,5.910705566500001,1.2763189144045142
ldc-1.43.0,bv_vienot_static,default,float,lookup,1,1024,0.9983857950289433,0.992721391105562,1.0012140833753762,7.562255859,5.9117126465,1.279198822946375
ldc-1.43.0,bv_vienot_static,bv_compiler,float,lookup,1,1024,0.9995964487902947,0.9935691317015167,1.0165924727084013,7.562255859,5.9117126465,1.279198822946375
ldc-1.43.0,bv_vienot_static,bv_split,float,lookup,1,1024,0.9967715900578866,0.9927652732629844,0.9995953055857446,7.562255859,5.9117126465,1.279198822946375
ldc-1.43.0,bv_vienot_static,bv_vienot_index,float,lookup,1,1024,0.9967715900578866,0.9935691317015167,0.9991912656857571,7.562255859,5.9117126465,1.279198822946375
ldc-1.43.0,bv_vienot_static,default,float,lookup,2,1024,0.9995953055194395,0.9963547995554174,1.0020177562467463,7.5408935545,5.916595459,1.2745325596038863
ldc-1.43.0,bv_vienot_static,bv_compiler,float,lookup,2,1024,1.0020234723364971,1.0016200890717348,1.014931396278817,7.5408935545,5.916595459,1.2745325596038863
ldc-1.43.0,bv_vienot_static,bv_split,float,lookup,2,1024,1.0012140833753762,1.0,1.0250201775786663,7.5408935545,5.916595459,1.2745325596038863
ldc-1.43.0,bv_vienot_static,bv_vienot_index,float,lookup,2,1024,0.9987859166246238,0.9959644874403895,1.0012150667706217,7.5408935545,5.916595459,1.2745325596038863
ldc-1.43.0,bv_vienot_static,default,float,lookupApply,0,1024,1.0183559456807132,1.0103668261396295,1.0217853347398578,11.4715576175,12.6253967285,0.9086096749423029
ldc-1.43.0,bv_vienot_static,bv_compiler,float,lookupApply,0,1024,1.0252726788433446,1.0151515151238006,1.0293724966289226,11.4715576175,12.6253967285,0.9086096749423029
ldc-1.43.0,bv_vienot_static,bv_split,float,lookupApply,0,1024,1.0244745942845368,1.0143540669525137,1.0285714285764285,11.4715576175,12.6253967285,0.9086096749423029
ldc-1.43.0,bv_vienot_static,bv_vienot_index,float,lookupApply,0,1024,1.0228784250797491,1.0111583421785213,1.024986709163756,11.4715576175,12.6253967285,0.9086096749423029
ldc-1.43.0,bv_vienot_static,default,float,lookupApply,1,1024,1.0130457933696837,1.0061316982412094,1.013607257209009,11.462402344,12.6232910155,0.908035973338921
ldc-1.43.0,bv_vienot_static,bv_compiler,float,lookupApply,1,1024,1.0159744408724098,1.008454425363139,1.0229272194194532,11.462402344,12.6232910155,0.908035973338921
ldc-1.43.0,bv_vienot_static,bv_split,float,lookupApply,1,1024,1.015974440828789,1.0076618229366472,1.0247933884246982,11.462402344,12.6232910155,0.908035973338921
ldc-1.43.0,bv_vienot_static,bv_vienot_index,float,lookupApply,1,1024,1.0165069222246454,1.0055482165958625,1.0261472785370591,11.462402344,12.6232910155,0.908035973338921
ldc-1.43.0,bv_vienot_static,default,float,lookupApply,2,1024,1.0069259456907735,0.9981452040004443,1.0205005325199785,11.456298828,12.6180114745,0.9079321928936481
ldc-1.43.0,bv_vienot_static,bv_compiler,float,lookupApply,2,1024,1.01891315928059,1.0169581345615968,1.0207667731742975,11.456298828,12.6180114745,0.9079321928936481
ldc-1.43.0,bv_vienot_static,bv_split,float,lookupApply,2,1024,1.0255727224296876,1.0105988341281311,1.0287693127552207,11.456298828,12.6180114745,0.9079321928936481
ldc-1.43.0,bv_vienot_static,bv_vienot_index,float,lookupApply,2,1024,1.0218433671080913,1.0146432374706498,1.0213106020247398,11.456298828,12.6180114745,0.9079321928936481
ldc-1.43.0,bv_vienot_static,default,float,prepared,0,1024,0.95522388030503,0.9377289375178972,0.9644859812769283,1.635742188,0.754211426,2.1688112001633875
ldc-1.43.0,bv_vienot_static,bv_compiler,float,prepared,0,1024,0.95522388030503,0.9377289375178972,0.9642184557066907,1.635742188,0.754211426,2.1688112001633875
ldc-1.43.0,bv_vienot_static,bv_split,float,prepared,0,1024,0.95522388030503,0.9377289375178972,0.9642184557066907,1.635742188,0.754211426,2.1688112001633875
ldc-1.43.0,bv_vienot_static,bv_vienot_index,float,prepared,0,1024,0.95522388030503,0.9377289375178972,0.9642184557066907,1.635742188,0.754211426,2.1688112001633875
ldc-1.43.0,bv_vienot_static,default,float,prepared,1,1024,0.9678638940274753,0.9624060148893979,0.984905660376192,1.614379883,0.754333496,2.140140788604196
ldc-1.43.0,bv_vienot_static,bv_compiler,float,prepared,1,1024,0.9678638940274753,0.9624060148893979,0.9678638940274753,1.614379883,0.754333496,2.140140788604196
ldc-1.43.0,bv_vienot_static,bv_split,float,prepared,1,1024,0.9678638940274753,0.9624060148893979,0.9678638940274753,1.614379883,0.754333496,2.140140788604196
ldc-1.43.0,bv_vienot_static,bv_vienot_index,float,prepared,1,1024,0.9678638940274753,0.9624060148893979,0.9678638940274753,1.614379883,0.754333496,2.140140788604196
ldc-1.43.0,bv_vienot_static,default,float,prepared,2,1024,0.96240601518579,0.96240601518579,0.9678638943272387,1.623535156,0.754089355,2.1529745052560783
ldc-1.43.0,bv_vienot_static,bv_compiler,float,prepared,2,1024,0.96240601518579,0.96240601518579,0.9678638943272387,1.623535156,0.754089355,2.1529745052560783
ldc-1.43.0,bv_vienot_static,bv_split,float,prepared,2,1024,0.96240601518579,0.96240601518579,0.9678638943272387,1.623535156,0.754089355,2.1529745052560783
ldc-1.43.0,bv_vienot_static,bv_vienot_index,float,prepared,2,1024,0.96240601518579,0.96240601518579,0.9678638943272387,1.623535156,0.754089355,2.1529745052560783
ldc-1.43.0,bv_vienot_static,default,float,vienot,0,1024,7.984555983608326,7.984555983608326,7.988416987706244,0.7904052735,0.754211426,1.0479889938713285
ldc-1.43.0,bv_vienot_static,bv_compiler,float,vienot,0,1024,1.220077220297038,1.220077220297038,1.2277992272277014,0.7904052735,0.754211426,1.0479889938713285
ldc-1.43.0,bv_vienot_static,bv_split,float,vienot,0,1024,1.220077220297038,1.220077220297038,1.2277992272277014,0.7904052735,0.754211426,1.0479889938713285
ldc-1.43.0,bv_vienot_static,bv_vienot_index,float,vienot,0,1024,1.1891891887788626,1.1891891887788626,1.1891891887788626,0.7904052735,0.754211426,1.0479889938713285
ldc-1.43.0,bv_vienot_static,default,float,vienot,1,1024,7.984555983608326,7.984555983608326,7.992277991804162,0.7904052735,0.7541809085,1.0480314001478068
ldc-1.43.0,bv_vienot_static,bv_compiler,float,vienot,1,1024,1.2277992272277014,1.2277992272277014,1.2277992272277014,0.7904052735,0.7541809085,1.0480314001478068
ldc-1.43.0,bv_vienot_static,bv_split,float,vienot,1,1024,1.220077220297038,1.220077220297038,1.2471042470847078,0.7904052735,0.7541809085,1.0480314001478068
ldc-1.43.0,bv_vienot_static,bv_vienot_index,float,vienot,1,1024,1.1891891887788626,1.185328185313531,1.1891891887788626,0.7904052735,0.7541809085,1.0480314001478068
ldc-1.43.0,bv_vienot_index,default,double,brettel,0,8191,2.697948575128007,2.691993691243075,2.7044673540489317,4.1100750825,4.5686881945,0.8996182071361096
ldc-1.43.0,bv_vienot_index,bv_compiler,double,brettel,0,8191,1.0005569478547356,1.0001857528612443,1.0032476570613176,4.1100750825,4.5686881945,0.8996182071361096
ldc-1.43.0,bv_vienot_index,bv_split,double,brettel,0,8191,1.005383829870704,1.0026904165133192,1.0076158632942531,4.1100750825,4.5686881945,0.8996182071361096
ldc-1.43.0,bv_vienot_index,bv_vienot_index,double,brettel,0,8191,1.0,1.0,1.0,4.1100750825,4.5686881945,0.8996182071361096
ldc-1.43.0,bv_vienot_index,default,double,brettel,1,8191,2.192012572869779,2.181047978612194,2.234723120996531,4.1268617995,4.6732503665,0.8830816831649417
ldc-1.43.0,bv_vienot_index,bv_compiler,double,brettel,1,8191,0.9971341406437614,0.9925407495284754,1.0027860327012503,4.1268617995,4.6732503665,0.8830816831649417
ldc-1.43.0,bv_vienot_index,bv_split,double,brettel,1,8191,0.997226587766669,0.9916198545351829,1.0012072807398413,4.1268617995,4.6732503665,0.8830816831649417
ldc-1.43.0,bv_vienot_index,bv_vienot_index,double,brettel,1,8191,1.0,1.0,1.0,4.1268617995,4.6732503665,0.8830816831649417
ldc-1.43.0,bv_vienot_index,default,double,brettel,2,8191,2.3012159172745057,2.2980521864375434,2.3104214917438557,4.1417409355,4.8787121535,0.8489414429848468
ldc-1.43.0,bv_vienot_index,bv_compiler,double,brettel,2,8191,0.9998157699837139,0.9920984931201351,1.0044465031757719,4.1417409355,4.8787121535,0.8489414429848468
ldc-1.43.0,bv_vienot_index,bv_split,double,brettel,2,8191,1.0011974943815267,0.9962330025088154,1.0087077351734293,4.1417409355,4.8787121535,0.8489414429848468
ldc-1.43.0,bv_vienot_index,bv_vienot_index,double,brettel,2,8191,1.0,1.0,1.0,4.1417409355,4.8787121535,0.8489414429848468
ldc-1.43.0,bv_vienot_index,default,double,lookup,0,8191,1.0004325446620852,1.0006916226887308,1.0008224039975933,8.820275301999999,7.1803313085,1.228393917082719
ldc-1.43.0,bv_vienot_index,bv_compiler,double,lookup,0,8191,0.9999567455678041,0.9986167545092365,1.0126346760569442,8.820275301999999,7.1803313085,1.228393917082719
ldc-1.43.0,bv_vienot_index,bv_split,double,lookup,0,8191,1.000562308072048,0.9992651508117877,1.0022507899389055,8.820275301999999,7.1803313085,1.228393917082719
ldc-1.43.0,bv_vienot_index,bv_vienot_index,double,lookup,0,8191,1.0,1.0,1.0,8.820275301999999,7.1803313085,1.228393917082719
ldc-1.43.0,bv_vienot_index,default,double,lookup,1,8191,1.0024201564788182,1.000992106243748,1.0027648177406687,8.827905628,7.190857343499999,1.227656899073345
ldc-1.43.0,bv_vienot_index,bv_compiler,double,lookup,1,8191,1.0008643415914869,0.9960315747988838,1.0167336879005708,8.827905628,7.190857343499999,1.227656899073345
ldc-1.43.0,bv_vienot_index,bv_split,double,lookup,1,8191,1.0001296512500506,0.9985743909152767,1.001945777670764,8.827905628,7.190857343499999,1.227656899073345
ldc-1.43.0,bv_vienot_index,bv_vienot_index,double,lookup,1,8191,1.0,1.0,1.0,8.827905628,7.190857343499999,1.227656899073345
ldc-1.43.0,bv_vienot_index,default,double,lookup,2,8191,1.0001721985230871,0.999269288639129,1.0005605139618758,8.862242095,7.195786534,1.2315876872008387
ldc-1.43.0,bv_vienot_index,bv_compiler,double,lookup,2,8191,1.00150673727448,0.9987949214946598,1.0202879862646923,8.862242095,7.195786534,1.2315876872008387
ldc-1.43.0,bv_vienot_index,bv_split,double,lookup,2,8191,0.9992251065332696,0.9945411562875116,1.005605139505748,8.862242095,7.195786534,1.2315876872008387
ldc-1.43.0,bv_vienot_index,bv_vienot_index,double,lookup,2,8191,1.0,1.0,1.0,8.862242095,7.195786534,1.2315876872008387
ldc-1.43.0,bv_vienot_index,default,double,lookupApply,0,8191,0.999906542088336,0.999719739643619,1.0003426471224275,12.2466731775,11.8934348675,1.0297002769961148
ldc-1.43.0,bv_vienot_index,bv_compiler,double,lookupApply,0,8191,0.9995950156072498,0.9989100986684887,1.0014036619632445,12.2466731775,11.8934348675,1.0297002769961148
ldc-1.43.0,bv_vienot_index,bv_split,double,lookupApply,0,8191,0.9994392523667067,0.9997508796968206,1.000280347656756,12.2466731775,11.8934348675,1.0297002769961148
ldc-1.43.0,bv_vienot_index,bv_vienot_index,double,lookupApply,0,8191,1.0,1.0,1.0,12.2466731775,11.8934348675,1.0297002769961148
ldc-1.43.0,bv_vienot_index,default,double,lookupApply,1,8191,1.000311594430025,1.0000311497532475,1.0006855718240022,12.2440025635,11.916642503999999,1.02747082992463
ldc-1.43.0,bv_vienot_index,bv_compiler,double,lookupApply,1,8191,0.9999065217036615,0.9987540105641038,1.0012776566534933,12.2440025635,11.916642503999999,1.02747082992463
ldc-1.43.0,bv_vienot_index,bv_split,double,lookupApply,1,8191,0.9999688405406629,0.9997196523840676,1.0007790589410335,12.2440025635,11.916642503999999,1.02747082992463
ldc-1.43.0,bv_vienot_index,bv_vienot_index,double,lookupApply,1,8191,1.0,1.0,1.0,12.2440025635,11.916642503999999,1.02747082992463
ldc-1.43.0,bv_vienot_index,default,double,lookupApply,2,8191,1.0008702679300423,0.998136761683919,1.0029230673509988,12.274905384,11.928675528,1.0290250040909656
ldc-1.43.0,bv_vienot_index,bv_compiler,double,lookupApply,2,8191,0.9991918940562321,0.9975156822452251,1.0002487716582311,12.274905384,11.928675528,1.0290250040909656
ldc-1.43.0,bv_vienot_index,bv_split,double,lookupApply,2,8191,0.9994094610692926,0.9960282983896905,1.002083462861831,12.274905384,11.928675528,1.0290250040909656
ldc-1.43.0,bv_vienot_index,bv_vienot_index,double,lookupApply,2,8191,1.0,1.0,1.0,12.274905384,11.928675528,1.0290250040909656
ldc-1.43.0,bv_vienot_index,default,double,prepared,0,8191,1.0,0.9986893833182509,1.0006561683260287,1.162861677,1.26614577,0.9184263807160213
ldc-1.43.0,bv_vienot_index,bv_compiler,double,prepared,0,8191,1.0,0.9980340758361967,1.0013123366520573,1.162861677,1.26614577,0.9184263807160213
ldc-1.43.0,bv_vienot_index,bv_split,double,prepared,0,8191,0.9993438325339188,0.9983617295772238,0.9993438325339188,1.162861677,1.26614577,0.9184263807160213
ldc-1.43.0,bv_vienot_index,bv_vienot_index,double,prepared,0,8191,1.0,1.0,1.0,1.162861677,1.26614577,0.9184263807160213
ldc-1.43.0,bv_vienot_index,default,double,prepared,1,8191,1.0,0.9993438325339188,0.9996719162669594,1.162861677,1.264581553,0.9195624230333842
ldc-1.43.0,bv_vienot_index,bv_compiler,double,prepared,1,8191,1.0,1.0,1.0006557380514893,1.162861677,1.264581553,0.9195624230333842
ldc-1.43.0,bv_vienot_index,bv_split,double,prepared,1,8191,1.0,0.9986885247564053,1.0,1.162861677,1.264581553,0.9195624230333842
ldc-1.43.0,bv_vienot_index,bv_vienot_index,double,prepared,1,8191,1.0,1.0,1.0,1.162861677,1.264581553,0.9195624230333842
ldc-1.43.0,bv_vienot_index,default,double,prepared,2,8191,1.0003280841630144,0.9996720234409004,1.0006561683260287,1.162861677,1.280479337,0.9081456009469366
ldc-1.43.0,bv_vienot_index,bv_compiler,double,prepared,2,8191,1.0006561683260287,0.9996720234409004,1.0006561683260287,1.162861677,1.280479337,0.9081456009469366
ldc-1.43.0,bv_vienot_index,bv_split,double,prepared,2,8191,1.0,0.9996720234409004,1.0,1.162861677,1.280479337,0.9081456009469366
ldc-1.43.0,bv_vienot_index,bv_vienot_index,double,prepared,2,8191,1.0,1.0,1.0,1.162861677,1.280479337,0.9081456009469366
ldc-1.43.0,bv_vienot_index,default,double,vienot,0,8191,0.9832764506160586,0.9829351530676315,0.9836177477248289,1.117842754,1.271071145,0.8794493985621866
ldc-1.43.0,bv_vienot_index,bv_compiler,double,vienot,0,8191,0.9839590448335993,0.9829351530676315,0.9846416386038496,1.117842754,1.271071145,0.8794493985621866
ldc-1.43.0,bv_vienot_index,bv_split,double,vienot,0,8191,1.0078498294761054,1.0075085323639767,1.0081911261375855,1.117842754,1.271071145,0.8794493985621866
ldc-1.43.0,bv_vienot_index,bv_vienot_index,double,vienot,0,8191,1.0,1.0,1.0,1.117842754,1.271071145,0.8794493985621866
ldc-1.43.0,bv_vienot_index,default,double,vienot,1,8191,0.9842896172454199,0.9836121541604649,0.9842896172454199,1.117079722,1.2710825909999999,0.8788411783070358
ldc-1.43.0,bv_vienot_index,bv_compiler,double,vienot,1,8191,0.9836065567753633,0.9832707405283619,0.983953567792568,1.117079722,1.2710825909999999,0.8788411783070358
ldc-1.43.0,bv_vienot_index,bv_split,double,vienot,1,8191,1.0088797807395882,1.0078551909296944,1.0088767495128097,1.117079722,1.2710825909999999,0.8788411783070358
ldc-1.43.0,bv_vienot_index,bv_vienot_index,double,vienot,1,8191,1.0,1.0,1.0,1.117079722,1.2710825909999999,0.8788411783070358
ldc-1.43.0,bv_vienot_index,default,float,brettel,0,8191,3.0199464528447684,2.9987958255934863,3.160530191548732,2.8499267484999997,2.210352826,1.2893537696682638
ldc-1.43.0,bv_vienot_index,bv_compiler,float,brettel,0,8191,0.9998661312961112,0.9986607740668978,1.0,2.8499267484999997,2.210352826,1.2893537696682638
ldc-1.43.0,bv_vienot_index,bv_split,float,brettel,0,8191,1.0000000001754432,0.9990627927328403,1.000668985820363,2.8499267484999997,2.210352826,1.2893537696682638
ldc-1.43.0,bv_vienot_index,bv_vienot_index,float,brettel,0,8191,1.0,1.0,1.0,2.8499267484999997,2.210352826,1.2893537696682638
ldc-1.43.0,bv_vienot_index,default,float,brettel,1,8191,2.782474916279152,2.769498327630852,2.7889945107232124,2.8518343305,2.2207605910000003,1.284170091119921
ldc-1.43.0,bv_vienot_index,bv_compiler,float,brettel,1,8191,0.9965217390456685,0.995584693725884,0.9978578122114437,2.8518343305,2.2207605910000003,1.284170091119921
ldc-1.43.0,bv_vienot_index,bv_split,float,brettel,1,8191,0.9995986619952781,0.9993310141796371,1.0004016600568209,2.8518343305,2.2207605910000003,1.284170091119921
ldc-1.43.0,bv_vienot_index,bv_vienot_index,float,brettel,1,8191,1.0,1.0,1.0,2.8518343305,2.2207605910000003,1.284170091119921
ldc-1.43.0,bv_vienot_index,default,float,brettel,2,8191,2.648334002597843,2.6375183849431822,2.65565659292776,2.8510712975,2.3036450065,1.2376348306511522
ldc-1.43.0,bv_vienot_index,bv_compiler,float,brettel,2,8191,0.9966546234714077,0.9958550607491952,0.9971883787249198,2.8510712975,2.3036450065,1.2376348306511522
ldc-1.43.0,bv_vienot_index,bv_split,float,brettel,2,8191,0.9994647397975147,0.9987964697091611,0.9995983399431789,2.8510712975,2.3036450065,1.2376348306511522
ldc-1.43.0,bv_vienot_index,bv_vienot_index,float,brettel,2,8191,1.0,1.0,1.0,2.8510712975,2.3036450065,1.2376348306511522
ldc-1.43.0,bv_vienot_index,default,float,lookup,0,8191,0.9841981955154209,0.981088653164019,0.993899717329881,7.653598462,5.9449319375,1.2874156579862441
ldc-1.43.0,bv_vienot_index,bv_compiler,float,lookup,0,8191,0.9935696126803157,0.9886921589085612,0.9979481533031298,7.653598462,5.9449319375,1.2874156579862441
ldc-1.43.0,bv_vienot_index,bv_split,float,lookup,0,8191,0.9951647474473949,0.9954867827405218,0.997998799271065,7.653598462,5.9449319375,1.2874156579862441
ldc-1.43.0,bv_vienot_index,bv_vienot_index,float,lookup,0,8191,1.0,1.0,1.0,7.653598462,5.9449319375,1.2874156579862441
ldc-1.43.0,bv_vienot_index,default,float,lookup,1,8191,0.9816421728709558,0.9806390129128018,0.9872007227939362,7.6062904405000005,5.9430205405,1.2798694516812263
ldc-1.43.0,bv_vienot_index,bv_compiler,float,lookup,1,8191,0.9985454180869705,0.9974442495243327,1.0001003864752505,7.6062904405000005,5.9430205405,1.2798694516812263
ldc-1.43.0,bv_vienot_index,bv_split,float,lookup,1,8191,0.9994984200209229,0.9982961663933391,0.9996990519862597,7.6062904405000005,5.9430205405,1.2798694516812263
ldc-1.43.0,bv_vienot_index,bv_vienot_index,float,lookup,1,8191,1.0,1.0,1.0,7.6062904405000005,5.9430205405,1.2798694516812263
ldc-1.43.0,bv_vienot_index,default,float,lookup,2,8191,0.9852313256282523,0.9842321985434306,0.9889413893825885,7.594844952,5.9431044745,1.2779255327896557
ldc-1.43.0,bv_vienot_index,bv_compiler,float,lookup,2,8191,0.9992464961383454,0.9986428068838628,0.9996484354839931,7.594844952,5.9431044745,1.2779255327896557
ldc-1.43.0,bv_vienot_index,bv_split,float,lookup,2,8191,1.0007535037299864,0.9990961133358931,1.0025133206098384,7.594844952,5.9431044745,1.2779255327896557
ldc-1.43.0,bv_vienot_index,bv_vienot_index,float,lookup,2,8191,1.0,1.0,1.0,7.594844952,5.9431044745,1.2779255327896557
ldc-1.43.0,bv_vienot_index,default,float,lookupApply,0,8191,0.9900571874443077,0.9869796739750424,0.9913815532350969,11.7415455985,11.9461260835,0.9828747425257326
ldc-1.43.0,bv_vienot_index,bv_compiler,float,lookupApply,0,8191,0.9985053288468052,0.9958801012466585,0.9999999999999999,11.7415455985,11.9461260835,0.9828747425257326
ldc-1.43.0,bv_vienot_index,bv_split,float,lookupApply,0,8191,0.9985378217155506,0.9978913903757215,0.998764147247829,11.7415455985,11.9461260835,0.9828747425257326
ldc-1.43.0,bv_vienot_index,bv_vienot_index,float,lookupApply,0,8191,1.0,1.0,1.0,11.7415455985,11.9461260835,0.9828747425257326
ldc-1.43.0,bv_vienot_index,default,float,lookupApply,1,8191,0.9914997556871163,0.9872052996966117,0.9970245880329168,11.714457942,11.9298963805,0.9819412984297042
ldc-1.43.0,bv_vienot_index,bv_compiler,float,lookupApply,1,8191,0.9985344405959711,0.9951613950309587,1.0035312581549687,11.714457942,11.9298963805,0.9819412984297042
ldc-1.43.0,bv_vienot_index,bv_split,float,lookupApply,1,8191,0.9991532323519268,0.9949016041529969,1.0018310227390852,11.714457942,11.9298963805,0.9819412984297042
ldc-1.43.0,bv_vienot_index,bv_vienot_index,float,lookupApply,1,8191,1.0,1.0,1.0,11.714457942,11.9298963805,0.9819412984297042
ldc-1.43.0,bv_vienot_index,default,float,lookupApply,2,8191,0.9920919031083676,0.9893322925703829,0.9919578029017291,11.723232817,11.910721371000001,0.9842588414118648
ldc-1.43.0,bv_vienot_index,bv_compiler,float,lookupApply,2,8191,0.9965503774742615,0.992454418862515,0.9957347051811436,11.723232817,11.910721371000001,0.9842588414118648
ldc-1.43.0,bv_vienot_index,bv_split,float,lookupApply,2,8191,0.9985680811545723,0.997232442276496,0.997951019551857,11.723232817,11.910721371000001,0.9842588414118648
ldc-1.43.0,bv_vienot_index,bv_vienot_index,float,lookupApply,2,8191,1.0,1.0,1.0,11.723232817,11.910721371000001,0.9842588414118648
ldc-1.43.0,bv_vienot_index,default,float,prepared,0,8191,1.0224137933338595,1.0073891629177674,1.027586207279457,1.548956171,0.7267008,2.1314909395999013
ldc-1.43.0,bv_vienot_index,bv_compiler,float,prepared,0,8191,1.0,1.0,1.0,1.548956171,0.7267008,2.1314909395999013
ldc-1.43.0,bv_vienot_index,bv_split,float,prepared,0,8191,1.0,1.0,1.0,1.548956171,0.7267008,2.1314909395999013
ldc-1.43.0,bv_vienot_index,bv_vienot_index,float,prepared,0,8191,1.0,1.0,1.0,1.548956171,0.7267008,2.1314909395999013
ldc-1.43.0,bv_vienot_index,default,float,prepared,1,8191,1.0068965521426623,1.0068965521426623,1.0152671758977012,1.548956171,0.7267160605,2.1314461798660083
ldc-1.43.0,bv_vienot_index,bv_compiler,float,prepared,1,8191,1.0,0.9997537551025331,1.0,1.548956171,0.7267160605,2.1314461798660083
ldc-1.43.0,bv_vienot_index,bv_split,float,prepared,1,8191,1.0,0.9997537551025331,1.0,1.548956171,0.7267160605,2.1314461798660083
ldc-1.43.0,bv_vienot_index,bv_vienot_index,float,prepared,1,8191,1.0,1.0,1.0,1.548956171,0.7267160605,2.1314461798660083
ldc-1.43.0,bv_vienot_index,default,float,prepared,2,8191,1.0137931036397285,1.007142857368816,1.0184729064874232,1.548956171,0.726685539,2.1315357026803308
ldc-1.43.0,bv_vienot_index,bv_compiler,float,prepared,2,8191,1.0,1.0,1.0,1.548956171,0.726685539,2.1315357026803308
ldc-1.43.0,bv_vienot_index,bv_split,float,prepared,2,8191,1.0,1.0,1.0,1.548956171,0.726685539,2.1315357026803308
ldc-1.43.0,bv_vienot_index,bv_vienot_index,float,prepared,2,8191,1.0,1.0,1.0,1.548956171,0.726685539,2.1315357026803308
ldc-1.43.0,bv_vienot_index,default,float,vienot,0,8191,6.8405737705587235,6.827868852793613,6.857084357743442,0.930899768,0.7267046145,1.2809878311292875
ldc-1.43.0,bv_vienot_index,bv_compiler,float,vienot,0,8191,1.0319672128224229,1.0311475413322908,1.0336065579511455,0.930899768,0.7267046145,1.2809878311292875
ldc-1.43.0,bv_vienot_index,bv_split,float,vienot,0,8191,1.0311475413322908,1.0303030307583907,1.038934426396806,0.930899768,0.7267046145,1.2809878311292875
ldc-1.43.0,bv_vienot_index,bv_vienot_index,float,vienot,0,8191,1.0,1.0,1.0,0.930899768,0.7267046145,1.2809878311292875
ldc-1.43.0,bv_vienot_index,default,float,vienot,1,8191,6.82227681965806,6.815950920528206,6.83100902686098,0.931662801,0.7266817240000001,1.282078205946459
ldc-1.43.0,bv_vienot_index,bv_compiler,float,vienot,1,8191,1.0311220303836088,1.029038855144655,1.0352748158043665,0.931662801,0.7266817240000001,1.282078205946459
ldc-1.43.0,bv_vienot_index,bv_split,float,vienot,1,8191,1.0311220303836088,1.0319148944042609,1.0413087933115603,0.931662801,0.7266817240000001,1.282078205946459
ldc-1.43.0,bv_vienot_index,bv_vienot_index,float,vienot,1,8191,1.0,1.0,1.0,0.931662801,0.7266817240000001,1.282078205946459
ldc-1.43.0,bv_vienot_static,default,double,brettel,0,8191,2.698199034652794,2.6792938580821772,2.704969809601395,4.109693566,4.571126083499999,0.8990549573406884
ldc-1.43.0,bv_vienot_static,bv_compiler,double,brettel,0,8191,1.0006498328785618,0.9941154836566456,1.0033429287180216,4.109693566,4.571126083499999,0.8990549573406884
ldc-1.43.0,bv_vienot_static,bv_split,double,brettel,0,8191,1.0054771629900157,0.9967819050983686,1.0078030654745656,4.109693566,4.571126083499999,0.8990549573406884
ldc-1.43.0,bv_vienot_static,bv_vienot_index,double,brettel,0,8191,1.0000928333205075,0.9908973887550142,1.0009285913308446,4.109693566,4.571126083499999,0.8990549573406884
ldc-1.43.0,bv_vienot_static,default,double,brettel,1,8191,2.1847415460473303,2.162604616803475,2.237619179744521,4.1405963865,4.6772639179999995,0.8852603699708529
ldc-1.43.0,bv_vienot_static,bv_compiler,double,brettel,1,8191,0.993826591603243,0.9911716019005142,0.9997222993358534,4.1405963865,4.6772639179999995,0.8852603699708529
ldc-1.43.0,bv_vienot_static,bv_split,double,brettel,1,8191,0.9939187320739358,0.9902519772240287,1.0002777005428325,4.1405963865,4.6772639179999995,0.8852603699708529
ldc-1.43.0,bv_vienot_static,bv_vienot_index,double,brettel,1,8191,0.9966829447456458,0.9903430515551893,1.0012959362709324,4.1405963865,4.6772639179999995,0.8852603699708529
ldc-1.43.0,bv_vienot_static,default,double,brettel,2,8191,2.297617952854068,2.2942579342708287,2.312908873036809,4.148226712,4.6895029605000005,0.8845770536751534
ldc-1.43.0,bv_vienot_static,bv_compiler,double,brettel,2,8191,0.9982525522341799,0.9904604659772656,1.0023956509096952,4.148226712,4.6895029605000005,0.8845770536751534
ldc-1.43.0,bv_vienot_static,bv_split,double,brettel,2,8191,0.9996321162978907,0.9945881489886778,1.005912240161383,4.148226712,4.6895029605000005,0.8845770536751534
ldc-1.43.0,bv_vienot_static,bv_vienot_index,double,brettel,2,8191,0.998436494205768,0.9972286372805838,1.0022113700890656,4.148226712,4.6895029605000005,0.8845770536751534
ldc-1.43.0,bv_vienot_static,default,double,lookup,0,8191,0.9986183670880023,0.9982735551741294,0.9999567529936225,8.836298986500001,7.1768595105,1.2312208388045192
ldc-1.43.0,bv_vienot_static,bv_compiler,double,lookup,0,8191,0.9981434308045637,0.9972803798605903,1.010099702152153,8.836298986500001,7.1768595105,1.2312208388045192
ldc-1.43.0,bv_vienot_static,bv_split,double,lookup,0,8191,0.9987478951858799,0.9979279084625174,1.0013839034672642,8.836298986500001,7.1768595105,1.2312208388045192
ldc-1.43.0,bv_vienot_static,bv_vienot_index,double,lookup,0,8191,0.9981866067994662,0.9974966550477394,0.999135060325875,8.836298986500001,7.1768595105,1.2312208388045192
ldc-1.43.0,bv_vienot_static,default,double,lookup,1,8191,1.0009925772639365,0.9993970715100849,1.0042833037639283,8.840495665999999,7.186984953,1.2300701509483178
ldc-1.43.0,bv_vienot_static,bv_compiler,double,lookup,1,8191,0.999438978063292,0.9944444444431901,1.0141464676539318,8.840495665999999,7.186984953,1.2300701509483178
ldc-1.43.0,bv_vienot_static,bv_split,double,lookup,1,8191,0.9987053340183155,0.9969853574939834,1.000086531378288,8.840495665999999,7.186984953,1.2300701509483178
ldc-1.43.0,bv_vienot_static,bv_vienot_index,double,lookup,1,8191,0.9985758674088355,0.9974553609490591,1.0015142992617958,8.840495665999999,7.186984953,1.2300701509483178
ldc-1.43.0,bv_vienot_static,default,double,lookup,2,8191,0.999913922971962,0.9975520720940925,1.001550921909638,8.8645311925,7.219127701,1.2279227573813492
ldc-1.43.0,bv_vienot_static,bv_compiler,double,lookup,2,8191,1.0012481171039662,0.9966502039685906,1.0226176115633265,8.8645311925,7.219127701,1.2279227573813492
ldc-1.43.0,bv_vienot_static,bv_split,double,lookup,2,8191,0.9989670755507357,0.9968119938053605,1.0043925756932557,8.8645311925,7.219127701,1.2279227573813492
ldc-1.43.0,bv_vienot_static,bv_vienot_index,double,lookup,2,8191,0.9997417689158862,0.9978526948025931,1.002283301705005,8.8645311925,7.219127701,1.2279227573813492
ldc-1.43.0,bv_vienot_static,default,double,lookupApply,0,8191,0.9996262730141384,0.9983808189739951,1.000280330192335,12.250106824500001,11.875541753,1.0315408828742805
ldc-1.43.0,bv_vienot_static,bv_compiler,double,lookupApply,0,8191,0.9993148338524515,0.9993769082159145,0.9997196698893073,12.250106824500001,11.875541753,1.0315408828742805
ldc-1.43.0,bv_vienot_static,bv_split,double,lookupApply,0,8191,0.999159114271608,0.9984119570879142,1.000218082157094,12.250106824500001,11.875541753,1.0315408828742805
ldc-1.43.0,bv_vienot_static,bv_vienot_index,double,lookupApply,0,8191,0.9997197047299919,0.9982562665999357,1.0004673188788942,12.250106824500001,11.875541753,1.0315408828742805
ldc-1.43.0,bv_vienot_static,default,double,lookupApply,1,8191,1.0001869333345543,0.9995952299306478,1.0010599164418403,12.245528628999999,11.9162533575,1.0276324496988607
ldc-1.43.0,bv_vienot_static,bv_compiler,double,lookupApply,1,8191,0.999781911089271,0.9983186474544514,1.001652222763252,12.245528628999999,11.9162533575,1.0276324496988607
ldc-1.43.0,bv_vienot_static,bv_split,double,lookupApply,1,8191,0.9998442221599579,0.9992838683451161,1.0011534385312946,12.245528628999999,11.9162533575,1.0276324496988607
ldc-1.43.0,bv_vienot_static,bv_vienot_index,double,lookupApply,1,8191,0.9998753777361327,0.9995640937557722,1.0003740881535403,12.245528628999999,11.9162533575,1.0276324496988607
ldc-1.43.0,bv_vienot_static,default,double,lookupApply,2,8191,0.9974291466840538,0.9921595258905329,1.0010242403675549,12.317253693,11.9333491025,1.0321707332285766
ldc-1.43.0,bv_vienot_static,bv_compiler,double,lookupApply,2,8191,0.9957565432763877,0.9915421657199736,0.9983550078994635,12.317253693,11.9333491025,1.0321707332285766
ldc-1.43.0,bv_vienot_static,bv_split,double,lookupApply,2,8191,0.995973362265958,0.9901906348232823,1.0001862254954885,12.317253693,11.9333491025,1.0321707332285766
ldc-1.43.0,bv_vienot_static,bv_vienot_index,double,lookupApply,2,8191,0.9965618708475521,0.9940116064022109,0.9981067072388122,12.317253693,11.9333491025,1.0321707332285766
ldc-1.43.0,bv_vienot_static,default,double,prepared,0,8191,0.999344261948511,0.9973821984274844,1.0006561683260287,1.16362471,1.2716396045,0.9150585636702697
ldc-1.43.0,bv_vienot_static,bv_compiler,double,prepared,0,8191,0.999344261948511,0.9967277486776277,1.0013123366520573,1.16362471,1.2716396045,0.9150585636702697
ldc-1.43.0,bv_vienot_static,bv_split,double,prepared,0,8191,0.9986885247564053,0.9970549735525561,0.9993438325339188,1.16362471,1.2716396045,0.9150585636702697
ldc-1.43.0,bv_vienot_static,bv_vienot_index,double,prepared,0,8191,0.999344261948511,0.9986910996425904,1.0,1.16362471,1.2716396045,0.9150585636702697
ldc-1.43.0,bv_vienot_static,default,double,prepared,1,8191,0.999344261948511,0.9957516338830752,1.0,1.16362471,1.2741385360000002,0.9132638854586843
ldc-1.43.0,bv_vienot_static,bv_compiler,double,prepared,1,8191,0.999344261948511,0.9960784310131232,1.0013123366520573,1.16362471,1.2741385360000002,0.9132638854586843
ldc-1.43.0,bv_vienot_static,bv_split,double,prepared,1,8191,0.999344261948511,0.9960784310131232,0.9993438325339188,1.16362471,1.2741385360000002,0.9132638854586843
ldc-1.43.0,bv_vienot_static,bv_vienot_index,double,prepared,1,8191,0.999344261948511,0.9960784310131232,1.0006561683260287,1.16362471,1.2741385360000002,0.9132638854586843
ldc-1.43.0,bv_vienot_static,default,double,prepared,2,8191,0.9993444768742396,0.9835430781708523,1.0,1.1640062265,1.2803267305,0.9091477970200826
ldc-1.43.0,bv_vienot_static,bv_compiler,double,prepared,2,8191,0.9996722384371197,0.9841884479860327,1.0,1.1640062265,1.2803267305,0.9091477970200826
ldc-1.43.0,bv_vienot_static,bv_split,double,prepared,2,8191,0.9990167153113593,0.9835430781708523,0.999344261948511,1.1640062265,1.2803267305,0.9091477970200826
ldc-1.43.0,bv_vienot_static,bv_vienot_index,double,prepared,2,8191,0.9990167153113593,0.9835430781708523,0.999344261948511,1.1640062265,1.2803267305,0.9091477970200826
ldc-1.43.0,bv_vienot_static,default,double,vienot,0,8191,0.999306277816008,0.9982668972856147,1.0,1.0999114885,1.279571328,0.8595937283302428
ldc-1.43.0,bv_vienot_static,bv_compiler,double,vienot,0,8191,1.0,0.9982668972856147,1.0006939628927185,1.0999114885,1.279571328,0.8595937283302428
ldc-1.43.0,bv_vienot_static,bv_split,double,vienot,0,8191,1.0242802632568375,1.0232235701947352,1.0249826504956794,1.0999114885,1.279571328,0.8595937283302428
ldc-1.43.0,bv_vienot_static,bv_vienot_index,double,vienot,0,8191,1.0163024622321688,1.0155979203410668,1.016655100330453,1.0999114885,1.279571328,0.8595937283302428
ldc-1.43.0,bv_vienot_static,default,double,vienot,1,8191,0.9993065183578078,0.9982680983647796,0.9996530185536406,1.100293005,1.2801397875,0.8595100439372915
ldc-1.43.0,bv_vienot_static,bv_compiler,double,vienot,1,8191,0.9986130367156157,0.9975753373475297,0.999653138908004,1.100293005,1.2801397875,0.8595100439372915
ldc-1.43.0,bv_vienot_static,bv_split,double,vienot,1,8191,1.024271843843995,1.0221683407492426,1.0253296319420386,1.100293005,1.2801397875,0.8595100439372915
ldc-1.43.0,bv_vienot_static,bv_vienot_index,double,vienot,1,8191,1.0152565879485893,1.0142015935903896,1.0163081193388332,1.100293005,1.2801397875,0.8595100439372915
ldc-1.43.0,bv_vienot_static,default,float,brettel,0,8191,3.014699986875362,2.9872051181768677,3.1664654593168793,2.8548864605,2.2063392745,1.293947170091043
ldc-1.43.0,bv_vienot_static,bv_compiler,float,brettel,0,8191,0.998129092671845,0.9961348794347061,1.0013413814529353,2.8548864605,2.2063392745,1.293947170091043
ldc-1.43.0,bv_vienot_static,bv_split,float,brettel,0,8191,0.9982627289846298,0.9968012795442169,1.0009389669291566,2.8548864605,2.2063392745,1.293947170091043
ldc-1.43.0,bv_vienot_static,bv_vienot_index,float,brettel,0,8191,0.9982627288094912,0.9961348794347061,1.0018779342099051,2.8548864605,2.2063392745,1.293947170091043
ldc-1.43.0,bv_vienot_static,default,float,brettel,1,8191,2.779128808195925,2.766346410444014,2.788621151642909,2.855267977,2.2220081489999997,1.284994376949065
ldc-1.43.0,bv_vienot_static,bv_compiler,float,brettel,1,8191,0.9953233564738712,0.992927675583439,0.9977242302794577,2.855267977,2.2220081489999997,1.284994376949065
ldc-1.43.0,bv_vienot_static,bv_split,float,brettel,1,8191,0.9983965792223781,0.9966639978507236,1.000267737583221,2.855267977,2.2220081489999997,1.284994376949065
ldc-1.43.0,bv_vienot_static,bv_vienot_index,float,brettel,1,8191,0.9987974345918985,0.9973311982805788,0.9998661312961112,2.855267977,2.2220081489999997,1.284994376949065
ldc-1.43.0,bv_vienot_static,default,float,brettel,2,8191,2.646563252387821,2.635088188081479,2.6667114274440933,2.852978879,2.3035114759999997,1.2385346931086878
ldc-1.43.0,bv_vienot_static,bv_compiler,float,brettel,2,8191,0.995988232305452,0.9951897381924792,1.0005371291531318,2.852978879,2.3035114759999997,1.2385346931086878
ldc-1.43.0,bv_vienot_static,bv_split,float,brettel,2,8191,0.9987964697091611,0.9975948691837971,1.0029542097262767,2.852978879,2.3035114759999997,1.2385346931086878
ldc-1.43.0,bv_vienot_static,bv_vienot_index,float,brettel,2,8191,0.9993313720216993,0.9979957242030877,1.0041627500128492,2.852978879,2.3035114759999997,1.2385346931086878
ldc-1.43.0,bv_vienot_static,default,float,lookup,0,8191,0.9897734109166983,0.9840460115266678,1.004259584082328,7.61048712,5.9500404405000005,1.2790647720976611
ldc-1.43.0,bv_vienot_static,bv_compiler,float,lookup,0,8191,0.9991979146139072,0.9972993248459198,1.0011553144645482,7.61048712,5.9500404405000005,1.2790647720976611
ldc-1.43.0,bv_vienot_static,bv_split,float,lookup,0,8191,1.0008020853860928,0.9973493373099318,1.0058631921943049,7.61048712,5.9500404405000005,1.2790647720976611
ldc-1.43.0,bv_vienot_static,bv_vienot_index,float,lookup,0,8191,1.0056647283308193,0.9993498375090304,1.010423452760686,7.61048712,5.9500404405000005,1.2790647720976611
ldc-1.43.0,bv_vienot_static,default,float,lookup,1,8191,0.9838134017090452,0.9832034196833767,0.9888883302903368,7.5895037235,5.949712336499999,1.2756085158840857
ldc-1.43.0,bv_vienot_static,bv_compiler,float,lookup,1,8191,1.0007540340855594,0.9997990757080872,1.001810045788092,7.5895037235,5.949712336499999,1.2756085158840857
ldc-1.43.0,bv_vienot_static,bv_split,float,lookup,1,8191,1.001709143900916,1.0006530038335126,1.0023133014538963,7.5895037235,5.949712336499999,1.2756085158840857
ldc-1.43.0,bv_vienot_static,bv_vienot_index,float,lookup,1,8191,1.0022118332912893,1.0017094877033967,1.0026150364576643,7.5895037235,5.949712336499999,1.2756085158840857
ldc-1.43.0,bv_vienot_static,default,float,lookup,2,8191,0.9852808199082468,0.9838968596727544,0.9881466600244678,7.594463435,5.933673391499999,1.2798923927763004
ldc-1.43.0,bv_vienot_static,bv_compiler,float,lookup,2,8191,0.9992966944872782,0.9978402813091144,0.9997989545892241,7.594463435,5.933673391499999,1.2798923927763004
ldc-1.43.0,bv_vienot_static,bv_split,float,lookup,2,8191,1.000803777785257,0.9987458613370377,1.0017076846274138,7.594463435,5.933673391499999,1.2798923927763004
ldc-1.43.0,bv_vienot_static,bv_vienot_index,float,lookup,2,8191,1.000050236202105,0.9988461924826706,1.000904704414362,7.594463435,5.933673391499999,1.2798923927763004
ldc-1.43.0,bv_vienot_static,default,float,lookupApply,0,8191,1.006640457235786,1.003499389246504,1.00953800294307,11.5481168355,11.934127396000001,0.9676548986204571
ldc-1.43.0,bv_vienot_static,bv_compiler,float,lookupApply,0,8191,1.0152301034017366,1.0144927536244426,1.018314290445212,11.5481168355,11.934127396000001,0.9676548986204571
ldc-1.43.0,bv_vienot_static,bv_split,float,lookupApply,0,8191,1.0152631405198602,1.015219041955357,1.0170558039267905,11.5481168355,11.934127396000001,0.9676548986204571
ldc-1.43.0,bv_vienot_static,bv_vienot_index,float,lookupApply,0,8191,1.016749810012779,1.0167376448644871,1.0191423942644966,11.5481168355,11.934127396000001,0.9676548986204571
ldc-1.43.0,bv_vienot_static,default,float,lookupApply,1,8191,1.006912518572946,1.0046929737704258,1.010739500796715,11.5351452815,11.917787053000001,0.9678932196222049
ldc-1.43.0,bv_vienot_static,bv_compiler,float,lookupApply,1,8191,1.0140565569434177,1.0118000925480617,1.0173356756453082,11.5351452815,11.917787053000001,0.9678932196222049
ldc-1.43.0,bv_vienot_static,bv_split,float,lookupApply,1,8191,1.0146849677543006,1.0125256130539715,1.0157995637267485,11.5351452815,11.917787053000001,0.9678932196222049
ldc-1.43.0,bv_vienot_static,bv_vienot_index,float,lookupApply,1,8191,1.0155448983193631,1.0137558420608834,1.0177143235345156,11.5351452815,11.917787053000001,0.9678932196222049
ldc-1.43.0,bv_vienot_static,default,float,lookupApply,2,8191,1.0077352814940113,1.0057772936101992,1.0120477939863441,11.541249542,11.909767580499999,0.969057495370155
ldc-1.43.0,bv_vienot_static,bv_compiler,float,lookupApply,2,8191,1.0122640574129265,1.0096068139201435,1.01433157910429,11.541249542,11.909767580499999,0.969057495370155
ldc-1.43.0,bv_vienot_static,bv_split,float,lookupApply,2,8191,1.0143135763938584,1.0111254167860078,1.0195280176934196,11.541249542,11.909767580499999,0.969057495370155
ldc-1.43.0,bv_vienot_static,bv_vienot_index,float,lookupApply,2,8191,1.0157680738413757,1.0139315308252475,1.0220434911931262,11.541249542,11.909767580499999,0.969057495370155
ldc-1.43.0,bv_vienot_static,default,float,prepared,0,8191,0.9850498337625395,0.9791716542738316,0.9802631579352542,1.6077096814999998,0.7267198755,2.2122825254969927
ldc-1.43.0,bv_vienot_static,bv_compiler,float,prepared,0,8191,0.9634551491627626,0.9539473681050168,0.9719894657569995,1.6077096814999998,0.7267198755,2.2122825254969927
ldc-1.43.0,bv_vienot_static,bv_split,float,prepared,0,8191,0.9634551491627626,0.9539473681050168,0.9719894657569995,1.6077096814999998,0.7267198755,2.2122825254969927
ldc-1.43.0,bv_vienot_static,bv_vienot_index,float,prepared,0,8191,0.9634551491627626,0.9539473681050168,0.9719894657569995,1.6077096814999998,0.7267198755,2.2122825254969927
ldc-1.43.0,bv_vienot_static,default,float,prepared,1,8191,0.9504766333796241,0.9378980894382937,0.9726385916763524,1.6409015994999998,0.726784733,2.257754634892695
ldc-1.43.0,bv_vienot_static,bv_compiler,float,prepared,1,8191,0.9439665190599993,0.9235668788270815,0.9659766831126698,1.6409015994999998,0.726784733,2.257754634892695
ldc-1.43.0,bv_vienot_static,bv_split,float,prepared,1,8191,0.9439665190599993,0.9235668788270815,0.9659766831126698,1.6409015994999998,0.726784733,2.257754634892695
ldc-1.43.0,bv_vienot_static,bv_vienot_index,float,prepared,1,8191,0.9439665190599993,0.9237943584741646,0.9659766831126698,1.6409015994999998,0.726784733,2.257754634892695
ldc-1.43.0,bv_vienot_static,default,float,prepared,2,8191,0.9735099334217542,0.9466575088766369,0.979300499616404,1.61305091,0.726605421,2.219981937073932
ldc-1.43.0,bv_vienot_static,bv_compiler,float,prepared,2,8191,0.9602649001326313,0.9294871791352134,0.9662065679121717,1.61305091,0.726605421,2.219981937073932
ldc-1.43.0,bv_vienot_static,bv_split,float,prepared,2,8191,0.9602649001326313,0.9294871791352134,0.9662065679121717,1.61305091,0.726605421,2.219981937073932
ldc-1.43.0,bv_vienot_static,bv_vienot_index,float,prepared,2,8191,0.9602649001326313,0.9294871791352134,0.9662065679121717,1.61305091,0.726605421,2.219981937073932
ldc-1.43.0,bv_vienot_static,default,float,vienot,0,8191,8.126095421909316,8.11100291979624,8.14459590896739,0.783634477,0.726677909,1.078379385549754
ldc-1.43.0,bv_vienot_static,bv_compiler,float,vienot,0,8191,1.2259006809880317,1.2233009704537747,1.2278481016858067,0.783634477,0.726677909,1.078379385549754
ldc-1.43.0,bv_vienot_static,bv_split,float,vienot,0,8191,1.2249269719152491,1.2213592231280248,1.2341772151252604,0.783634477,0.726677909,1.078379385549754
ldc-1.43.0,bv_vienot_static,bv_vienot_index,float,vienot,0,8191,1.1879259977990988,1.1854368925120997,1.1879259977990988,0.783634477,0.726677909,1.078379385549754
ldc-1.43.0,bv_vienot_static,default,float,vienot,1,8191,8.103112845300991,8.103599226881277,8.108081790025683,0.784397509,0.726552008,1.0796164629139668
ldc-1.43.0,bv_vienot_static,bv_compiler,float,vienot,1,8191,1.2247081715299022,1.2237354096441935,1.228821810758589,0.784397509,0.726552008,1.0796164629139668
ldc-1.43.0,bv_vienot_static,bv_split,float,vienot,1,8191,1.2247081715299022,1.2249269719152491,1.2383268487661656,0.784397509,0.726552008,1.0796164629139668
ldc-1.43.0,bv_vienot_static,bv_vienot_index,float,vienot,1,8191,1.1877431918259698,1.1869522874502114,1.1892023352919647,0.784397509,0.726552008,1.0796164629139668
ldc-1.43.0,bv_vienot_index,default,double,brettel,0,65536,2.811633617847745,2.799308117056977,2.8360731065158706,4.155349731499999,4.85727644,0.855489652036358
ldc-1.43.0,bv_vienot_index,bv_compiler,double,brettel,0,65536,0.999265583357072,0.9979380971761438,1.0002067753663497,4.155349731499999,4.85727644,0.855489652036358
ldc-1.43.0,bv_vienot_index,bv_split,double,brettel,0,65536,0.9988639492930731,0.9970331507919803,0.9999425623045486,4.155349731499999,4.85727644,0.855489652036358
ldc-1.43.0,bv_vienot_index,bv_vienot_index,double,brettel,0,65536,1.0,1.0,1.0,4.155349731499999,4.85727644,0.855489652036358
ldc-1.43.0,bv_vienot_index,default,double,brettel,1,65536,2.737057236568702,2.7345516245314148,2.73716175102192,4.153013229,4.9962615965,0.8312241360438941
ldc-1.43.0,bv_vienot_index,bv_compiler,double,brettel,1,65536,1.0005396407081852,1.0000344527469505,1.0014559879154037,4.153013229,4.9962615965,0.8312241360438941
ldc-1.43.0,bv_vienot_index,bv_split,double,brettel,1,65536,1.000608530929387,0.9979249306551373,1.0016881805062754,4.153013229,4.9962615965,0.8312241360438941
ldc-1.43.0,bv_vienot_index,bv_vienot_index,double,brettel,1,65536,1.0,1.0,1.0,4.153013229,4.9962615965,0.8312241360438941
ldc-1.43.0,bv_vienot_index,default,double,brettel,2,65536,2.6940144243579365,2.6871035214420145,2.712602182038565,4.1521072385,4.910041809,0.8456358214484605
ldc-1.43.0,bv_vienot_index,bv_compiler,double,brettel,2,65536,1.000011484168703,0.9992194494042949,1.0018502345007443,4.1521072385,4.910041809,0.8456358214484605
ldc-1.43.0,bv_vienot_index,bv_split,double,brettel,2,65536,0.999988515831297,0.9994145871134026,1.0021260458024994,4.1521072385,4.910041809,0.8456358214484605
ldc-1.43.0,bv_vienot_index,bv_vienot_index,double,brettel,2,65536,1.0,1.0,1.0,4.1521072385,4.910041809,0.8456358214484605
ldc-1.43.0,bv_vienot_index,default,double,lookup,0,65536,0.9998280771398131,0.9857643695827186,1.003733350572642,8.8753700255,7.2026815415000005,1.232231353609402
ldc-1.43.0,bv_vienot_index,bv_compiler,double,lookup,0,65536,0.9989684629515505,0.9882094611020286,0.9994410254970505,8.8753700255,7.2026815415000005,1.232231353609402
ldc-1.43.0,bv_vienot_index,bv_split,double,lookup,0,65536,0.9989738355162845,0.9859871327941592,1.0007854023319207,8.8753700255,7.2026815415000005,1.232231353609402
ldc-1.43.0,bv_vienot_index,bv_vienot_index,double,lookup,0,65536,1.0,1.0,1.0,8.8753700255,7.2026815415000005,1.232231353609402
ldc-1.43.0,bv_vienot_index,default,double,lookup,1,65536,0.9990813859683825,0.9906583843287752,1.0012271325230517,8.8763237,7.202715873500001,1.2323578849830081
ldc-1.43.0,bv_vienot_index,bv_compiler,double,lookup,1,65536,1.0003223207148246,0.9920103902681366,1.0013318439567989,8.8763237,7.202715873500001,1.2323578849830081
ldc-1.43.0,bv_vienot_index,bv_split,double,lookup,1,65536,0.9989094815796319,0.9892584727172534,1.0005059230349769,8.8763237,7.202715873500001,1.2323578849830081
ldc-1.43.0,bv_vienot_index,bv_vienot_index,double,lookup,1,65536,1.0,1.0,1.0,8.8763237,7.202715873500001,1.2323578849830081
ldc-1.43.0,bv_vienot_index,default,double,lookup,2,65536,0.9986363294509198,0.9902874903289424,0.9998279930446518,8.881664275999999,7.2078022955000005,1.2322291749795953
ldc-1.43.0,bv_vienot_index,bv_compiler,double,lookup,2,65536,0.9992430017853561,0.990521654891302,1.0006603069007434,8.881664275999999,7.2078022955000005,1.2322291749795953
ldc-1.43.0,bv_vienot_index,bv_split,double,lookup,2,65536,0.9979813381318132,0.9885206118109201,1.0040045366509118,8.881664275999999,7.2078022955000005,1.2322291749795953
ldc-1.43.0,bv_vienot_index,bv_vienot_index,double,lookup,2,65536,1.0,1.0,1.0,8.881664275999999,7.2078022955000005,1.2322291749795953
ldc-1.43.0,bv_vienot_index,default,double,lookupApply,0,65536,1.0002290942066006,0.9988979989199814,1.0010298061106444,12.2802734375,12.017873764,1.0218341179690227
ldc-1.43.0,bv_vienot_index,bv_compiler,double,lookupApply,0,65536,1.0001281374155069,0.9994292304112509,1.0016826642872807,12.2802734375,12.017873764,1.0218341179690227
ldc-1.43.0,bv_vienot_index,bv_split,double,lookupApply,0,65536,1.0000698931505367,0.9987350269370108,1.0012357673327732,12.2802734375,12.017873764,1.0218341179690227
ldc-1.43.0,bv_vienot_index,bv_vienot_index,double,lookupApply,0,65536,1.0,1.0,1.0,12.2802734375,12.017873764,1.0218341179690227
ldc-1.43.0,bv_vienot_index,default,double,lookupApply,1,65536,0.9996816325016341,0.9991765519076902,1.0001864113573544,12.2816085815,12.021487235999999,1.0216380336636746
ldc-1.43.0,bv_vienot_index,bv_compiler,double,lookupApply,1,65536,0.9996932801208406,0.9995611565181771,1.000753050057422,12.2816085815,12.021487235999999,1.0216380336636746
ldc-1.43.0,bv_vienot_index,bv_split,double,lookupApply,1,65536,1.0005474367592309,1.0003532348043844,1.0008351006066298,12.2816085815,12.021487235999999,1.0216380336636746
ldc-1.43.0,bv_vienot_index,bv_vienot_index,double,lookupApply,1,65536,1.0,1.0,1.0,12.2816085815,12.021487235999999,1.0216380336636746
ldc-1.43.0,bv_vienot_index,default,double,lookupApply,2,65536,0.9992392544531715,0.9985912650544988,1.0011533443021188,12.285327911500001,12.015176773,1.022484158460912
ldc-1.43.0,bv_vienot_index,bv_compiler,double,lookupApply,2,65536,0.9995420001370307,0.9992085323747188,1.000135828391973,12.285327911500001,12.015176773,1.022484158460912
ldc-1.43.0,bv_vienot_index,bv_split,double,lookupApply,2,65536,0.9999650678025778,0.9988903934261052,1.0026251203912901,12.285327911500001,12.015176773,1.022484158460912
ldc-1.43.0,bv_vienot_index,bv_vienot_index,double,lookupApply,2,65536,1.0,1.0,1.0,12.285327911500001,12.015176773,1.022484158460912
ldc-1.43.0,bv_vienot_index,default,double,prepared,0,65536,0.9949294474732083,0.9766675056972589,1.0054636401474886,1.862001419,1.8693618774999998,0.9960625823236305
ldc-1.43.0,bv_vienot_index,bv_compiler,double,prepared,0,65536,0.9974903327396444,0.9756355401123222,1.0122611262575765,1.862001419,1.8693618774999998,0.9960625823236305
ldc-1.43.0,bv_vienot_index,bv_split,double,prepared,0,65536,0.9965171965317391,0.9764409765956097,1.01034908879106,1.862001419,1.8693618774999998,0.9960625823236305
ldc-1.43.0,bv_vienot_index,bv_vienot_index,double,prepared,0,65536,1.0,1.0,1.0,1.862001419,1.8693618774999998,0.9960625823236305
ldc-1.43.0,bv_vienot_index,default,double,prepared,1,65536,0.999100326481899,0.9934605324072869,1.0168277281519285,1.8550395965,1.8807125095,0.9863493687257787
ldc-1.43.0,bv_vienot_index,bv_compiler,double,prepared,1,65536,1.0005398043803968,0.995999384610607,1.005013240320118,1.8550395965,1.8807125095,0.9863493687257787
ldc-1.43.0,bv_vienot_index,bv_split,double,prepared,1,65536,1.004601187498156,0.9970508285039945,1.0090709960221032,1.8550395965,1.8807125095,0.9863493687257787
ldc-1.43.0,bv_vienot_index,bv_vienot_index,double,prepared,1,65536,1.0,1.0,1.0,1.8550395965,1.8807125095,0.9863493687257787
ldc-1.43.0,bv_vienot_index,default,double,prepared,2,65536,0.9965408564035111,0.9883307062915443,1.0055216137439198,1.8609523774999999,1.8716845515,0.9942660348447075
ldc-1.43.0,bv_vienot_index,bv_compiler,double,prepared,2,65536,0.999948753390386,0.9850002541438562,1.0061717281796716,1.8609523774999999,1.8716845515,0.9942660348447075
ldc-1.43.0,bv_vienot_index,bv_split,double,prepared,2,65536,0.9956440411382855,0.9873646208115926,1.000617172737073,1.8609523774999999,1.8716845515,0.9942660348447075
ldc-1.43.0,bv_vienot_index,bv_vienot_index,double,prepared,2,65536,1.0,1.0,1.0,1.8609523774999999,1.8716845515,0.9942660348447075
ldc-1.43.0,bv_vienot_index,default,double,vienot,0,65536,0.9878779907825597,0.9842889365617816,0.9962426757697204,1.813411713,1.872233868,0.968581833709249
ldc-1.43.0,bv_vienot_index,bv_compiler,double,vienot,0,65536,0.9883513013903202,0.9848918781778759,0.9944844694857408,1.813411713,1.872233868,0.968581833709249
ldc-1.43.0,bv_vienot_index,bv_split,double,vienot,0,65536,1.0024454374967413,0.9962230499304694,1.0147665467919122,1.813411713,1.872233868,0.968581833709249
ldc-1.43.0,bv_vienot_index,bv_vienot_index,double,vienot,0,65536,1.0,1.0,1.0,1.813411713,1.872233868,0.968581833709249
ldc-1.43.0,bv_vienot_index,default,double,vienot,1,65536,0.9839671985451642,0.9766913761946131,0.9867392847458863,1.8142223355,1.8775501255,0.9662710522931389
ldc-1.43.0,bv_vienot_index,bv_compiler,double,vienot,1,65536,0.9840986149076103,0.9760910418021612,0.9871339487556934,1.8142223355,1.8775501255,0.9662710522931389
ldc-1.43.0,bv_vienot_index,bv_split,double,vienot,1,65536,1.00173469670085,0.9917519316187243,1.0252408275129965,1.8142223355,1.8775501255,0.9662710522931389
ldc-1.43.0,bv_vienot_index,bv_vienot_index,double,vienot,1,65536,1.0,1.0,1.0,1.8142223355,1.8775501255,0.9662710522931389
ldc-1.43.0,bv_vienot_index,default,float,brettel,0,65536,3.4691302759809926,3.4568494389665587,3.4730577688463025,2.876186371,2.438992977,1.1792516001984372
ldc-1.43.0,bv_vienot_index,bv_compiler,float,brettel,0,65536,0.9977950196260074,0.9962981408147688,0.9971931909044788,2.876186371,2.438992977,1.1792516001984372
ldc-1.43.0,bv_vienot_index,bv_split,float,brettel,0,65536,0.9982592259839338,0.9957732757903407,0.9991699866470287,2.876186371,2.438992977,1.1792516001984372
ldc-1.43.0,bv_vienot_index,bv_vienot_index,float,brettel,0,65536,1.0,1.0,1.0,2.876186371,2.438992977,1.1792516001984372
ldc-1.43.0,bv_vienot_index,default,float,brettel,1,65536,3.5077265633336965,3.5023839985855107,3.5223084468231622,2.869701385,2.5967111585,1.1051292230198195
ldc-1.43.0,bv_vienot_index,bv_compiler,float,brettel,1,65536,0.9960785618466013,0.9945329767950277,0.9964775277114571,2.869701385,2.5967111585,1.1051292230198195
ldc-1.43.0,bv_vienot_index,bv_split,float,brettel,1,65536,0.999750756122662,0.9995679987095355,1.0001661710425434,2.869701385,2.5967111585,1.1051292230198195
ldc-1.43.0,bv_vienot_index,bv_vienot_index,float,brettel,1,65536,1.0,1.0,1.0,2.869701385,2.5967111585,1.1051292230198195
ldc-1.43.0,bv_vienot_index,default,float,brettel,2,65536,3.360029915118695,3.3367085658829145,3.3673140500666268,2.869129181,2.6457629205,1.0844241404886676
ldc-1.43.0,bv_vienot_index,bv_compiler,float,brettel,2,65536,0.9951138440914975,0.9937199913888656,0.9957616554596855,2.869129181,2.6457629205,1.0844241404886676
ldc-1.43.0,bv_vienot_index,bv_split,float,brettel,2,65536,0.9996676083787669,0.9996511104681849,1.000299177302677,2.869129181,2.6457629205,1.0844241404886676
ldc-1.43.0,bv_vienot_index,bv_vienot_index,float,brettel,2,65536,1.0,1.0,1.0,2.869129181,2.6457629205,1.0844241404886676
ldc-1.43.0,bv_vienot_index,default,float,lookup,0,65536,0.9856263859957014,0.9648622167633263,1.5202337820516323,7.633447647,5.957562923499999,1.281303738629325
ldc-1.43.0,bv_vienot_index,bv_compiler,float,lookup,0,65536,1.000968235631105,0.9803980403960773,1.0028400047177155,7.633447647,5.957562923499999,1.281303738629325
ldc-1.43.0,bv_vienot_index,bv_split,float,lookup,0,65536,1.0005871880842416,0.9802449479148082,1.6239646465796478,7.633447647,5.957562923499999,1.281303738629325
ldc-1.43.0,bv_vienot_index,bv_vienot_index,float,lookup,0,65536,1.0,1.0,1.0,7.633447647,5.957562923499999,1.281303738629325
ldc-1.43.0,bv_vienot_index,default,float,lookup,1,65536,0.9875656741970096,0.9596154431737224,1.5252831323205538,7.6236724855,5.952718734499999,1.2807043009298764
ldc-1.43.0,bv_vienot_index,bv_compiler,float,lookup,1,65536,1.0018513885567415,0.9739633088922903,1.0049989676804607,7.6236724855,5.952718734499999,1.2807043009298764
ldc-1.43.0,bv_vienot_index,bv_split,float,lookup,1,65536,1.001225919400102,0.9740241564792703,1.6222307033164953,7.6236724855,5.952718734499999,1.2807043009298764
ldc-1.43.0,bv_vienot_index,bv_vienot_index,float,lookup,1,65536,1.0,1.0,1.0,7.6236724855,5.952718734499999,1.2807043009298764
ldc-1.43.0,bv_vienot_index,default,float,lookup,2,65536,0.9840555525030099,0.9694875834050161,0.9857158946150139,7.629060745,5.952264786,1.2817072188965621
ldc-1.43.0,bv_vienot_index,bv_compiler,float,lookup,2,65536,1.0013813104721845,0.9868142551258082,1.0020334359907006,7.629060745,5.952264786,1.2817072188965621
ldc-1.43.0,bv_vienot_index,bv_split,float,lookup,2,65536,1.0002125093185374,0.9843223154618536,1.523155457708012,7.629060745,5.952264786,1.2817072188965621
ldc-1.43.0,bv_vienot_index,bv_vienot_index,float,lookup,2,65536,1.0,1.0,1.0,7.629060745,5.952264786,1.2817072188965621
ldc-1.43.0,bv_vienot_index,default,float,lookupApply,0,65536,0.9915374737063953,0.9889527122609418,0.9959464230010037,11.7708683015,12.734143734,0.9243549112824864
ldc-1.43.0,bv_vienot_index,bv_compiler,float,lookupApply,0,65536,0.9948876456724665,0.9944437469545906,0.9957525990143606,11.7708683015,12.734143734,0.9243549112824864
ldc-1.43.0,bv_vienot_index,bv_split,float,lookupApply,0,65536,1.0009276776122462,0.9987702762926068,1.0019155303680447,11.7708683015,12.734143734,0.9243549112824864
ldc-1.43.0,bv_vienot_index,bv_vienot_index,float,lookupApply,0,65536,1.0,1.0,1.0,11.7708683015,12.734143734,0.9243549112824864
ldc-1.43.0,bv_vienot_index,default,float,lookupApply,1,65536,0.99124736225092,0.9898609783533305,0.9926850519795223,11.772966385,12.7240848545,0.9252505401861081
ldc-1.43.0,bv_vienot_index,bv_compiler,float,lookupApply,1,65536,0.9957431641388315,0.9950203437141731,0.9975887012936093,11.772966385,12.7240848545,0.9252505401861081
ldc-1.43.0,bv_vienot_index,bv_split,float,lookupApply,1,65536,1.0010247188011487,1.0000809700364388,1.0016405528964296,11.772966385,12.7240848545,0.9252505401861081
ldc-1.43.0,bv_vienot_index,bv_vienot_index,float,lookupApply,1,65536,1.0,1.0,1.0,11.772966385,12.7240848545,0.9252505401861081
ldc-1.43.0,bv_vienot_index,default,float,lookupApply,2,65536,0.9903083985505481,0.9894375602223944,0.9923754831007425,11.7787361145,12.724448681,0.9256775212656461
ldc-1.43.0,bv_vienot_index,bv_compiler,float,lookupApply,2,65536,0.9948222396777425,0.9934373431792616,0.9986089312315383,11.7787361145,12.724448681,0.9256775212656461
ldc-1.43.0,bv_vienot_index,bv_split,float,lookupApply,2,65536,0.9994049016437877,0.9972972535283344,1.0014235135018619,11.7787361145,12.724448681,0.9256775212656461
ldc-1.43.0,bv_vienot_index,bv_vienot_index,float,lookupApply,2,65536,1.0,1.0,1.0,11.7787361145,12.724448681,0.9256775212656461
ldc-1.43.0,bv_vienot_index,default,float,prepared,0,65536,1.0004234724606658,0.9990321799551264,1.0020873038166707,1.576423645,0.8607187270000001,1.8315200954143989
ldc-1.43.0,bv_vienot_index,bv_compiler,float,prepared,0,65536,0.9993647913090011,0.998608758725136,1.0004235105745392,1.576423645,0.8607187270000001,1.8315200954143989
ldc-1.43.0,bv_vienot_index,bv_split,float,prepared,0,65536,0.9995462793251875,0.9970656743998462,1.0015726125267708,1.576423645,0.8607187270000001,1.8315200954143989
ldc-1.43.0,bv_vienot_index,bv_vienot_index,float,prepared,0,65536,1.0,1.0,1.0,1.576423645,0.8607187270000001,1.8315200954143989
ldc-1.43.0,bv_vienot_index,default,float,prepared,1,65536,1.004357298743846,1.0033893178060627,1.0072051341831234,1.57585144,0.8579802515,1.8366989650926715
ldc-1.43.0,bv_vienot_index,bv_compiler,float,prepared,1,65536,1.0001210361555402,0.9987305045288399,1.002269632518914,1.57585144,0.8579802515,1.8366989650926715
ldc-1.43.0,bv_vienot_index,bv_split,float,prepared,1,65536,1.00033284958638,0.9994861565572754,1.0008779363820648,1.57585144,0.8579802515,1.8366989650926715
ldc-1.43.0,bv_vienot_index,bv_vienot_index,float,prepared,1,65536,1.0,1.0,1.0,1.57585144,0.8579802515,1.8366989650926715
ldc-1.43.0,bv_vienot_index,default,float,prepared,2,65536,0.9985495424268677,0.9945233511627685,0.9993044211201594,1.5779972075,0.8604912755,1.833832895729342
ldc-1.43.0,bv_vienot_index,bv_compiler,float,prepared,2,65536,0.998458888590904,0.9942826191654435,1.000877033964046,1.5779972075,0.8604912755,1.833832895729342
ldc-1.43.0,bv_vienot_index,bv_split,float,prepared,2,65536,0.9987006314141402,0.9954260952061419,0.9994253913877069,1.5779972075,0.8604912755,1.833832895729342
ldc-1.43.0,bv_vienot_index,bv_vienot_index,float,prepared,2,65536,1.0,1.0,1.0,1.5779972075,0.8604912755,1.833832895729342
ldc-1.43.0,bv_vienot_index,default,float,vienot,0,65536,6.207583996981099,6.154034004520069,6.2132558149221015,1.0261058804999998,0.8598470685,1.193358584439949
ldc-1.43.0,bv_vienot_index,bv_compiler,float,vienot,0,65536,1.0196570474678222,1.0088006269099778,1.0373488374057471,1.0261058804999998,0.8598470685,1.193358584439949
ldc-1.43.0,bv_vienot_index,bv_split,float,vienot,0,65536,1.015892932015996,1.0112426851877194,1.0134883724968013,1.0261058804999998,0.8598470685,1.193358584439949
ldc-1.43.0,bv_vienot_index,bv_vienot_index,float,vienot,0,65536,1.0,1.0,1.0,1.0261058804999998,0.8598470685,1.193358584439949
ldc-1.43.0,bv_vienot_index,default,float,vienot,1,65536,6.2337159387311925,6.204680534085565,6.263476142801689,1.0219573975,0.857645035,1.191585511248252
ldc-1.43.0,bv_vienot_index,bv_compiler,float,vienot,1,65536,1.027622247335413,1.020941678720941,1.0336083250025836,1.0219573975,0.857645035,1.191585511248252
ldc-1.43.0,bv_vienot_index,bv_split,float,vienot,1,65536,1.0252426275920177,1.0230776376732573,1.028768914181144,1.0219573975,0.857645035,1.191585511248252
ldc-1.43.0,bv_vienot_index,bv_vienot_index,float,vienot,1,65536,1.0,1.0,1.0,1.0219573975,0.857645035,1.191585511248252
ldc-1.43.0,bv_vienot_static,default,double,brettel,0,65536,2.81056930154651,2.8087996964821844,2.830675212569683,4.156923294,4.854856491,0.8562402002419973
ldc-1.43.0,bv_vienot_static,bv_compiler,double,brettel,0,65536,0.9988873211813466,0.998303083220586,1.001321793544926,4.156923294,4.854856491,0.8562402002419973
ldc-1.43.0,bv_vienot_static,bv_split,double,brettel,0,65536,0.9984858391519793,0.9980393730351331,1.0004137787702454,4.156923294,4.854856491,0.8562402002419973
ldc-1.43.0,bv_vienot_static,bv_vienot_index,double,brettel,0,65536,0.9996214598180649,0.9980967014094997,1.003390687637196,4.156923294,4.854856491,0.8562402002419973
ldc-1.43.0,bv_vienot_static,default,double,brettel,1,65536,2.7374972725280644,2.7357429071821597,2.739954510929253,4.1523456575,4.9946975705,0.8313507672666405
ldc-1.43.0,bv_vienot_static,bv_compiler,double,brettel,1,65536,1.0007004971984321,0.9997933338413976,1.0034346497503468,4.1523456575,4.9946975705,0.8313507672666405
ldc-1.43.0,bv_vienot_static,bv_split,double,brettel,1,65536,1.0007693984950963,0.9998966158797029,1.0014466628694323,4.1523456575,4.9946975705,0.8313507672666405
ldc-1.43.0,bv_vienot_static,bv_vienot_index,double,brettel,1,65536,1.0001607697323547,0.9997588894013696,1.0019757851156912,4.1523456575,4.9946975705,0.8313507672666405
ldc-1.43.0,bv_vienot_static,default,double,brettel,2,65536,2.6929938352413862,2.683372161080434,2.709984953015698,4.1536808015,4.907836914,0.8463363543420303
ldc-1.43.0,bv_vienot_static,bv_compiler,double,brettel,2,65536,0.999632644015532,0.9993226876030088,1.0004590472154662,4.1536808015,4.907836914,0.8463363543420303
ldc-1.43.0,bv_vienot_static,bv_split,double,brettel,2,65536,0.9996096843793547,0.9995178454735192,1.0007344755206788,4.1536808015,4.907836914,0.8463363543420303
ldc-1.43.0,bv_vienot_static,bv_vienot_index,double,brettel,2,65536,0.9996211641974434,0.9986113819836842,1.0001033188442994,4.1536808015,4.907836914,0.8463363543420303
ldc-1.43.0,bv_vienot_static,default,double,lookup,0,65536,1.001404456556527,0.9997525591785473,1.004279001665202,8.861398696999998,7.195915222,1.2314484570229693
ldc-1.43.0,bv_vienot_static,bv_compiler,double,lookup,0,65536,1.0005434870571428,0.9998116162281312,1.0022323470257086,8.861398696999998,7.195915222,1.2314484570229693
ldc-1.43.0,bv_vienot_static,bv_split,double,lookup,0,65536,1.0005488680925334,0.9999784834436157,1.002342588816337,8.861398696999998,7.195915222,1.2314484570229693
ldc-1.43.0,bv_vienot_static,bv_vienot_index,double,lookup,0,65536,1.0015766504789738,1.0005436215626877,1.0141901959813682,8.861398696999998,7.195915222,1.2314484570229693
ldc-1.43.0,bv_vienot_static,default,double,lookup,1,65536,1.0006294992776037,0.9998869928841861,1.001027787973486,8.862590789999999,7.2079668045,1.2295548842521031
ldc-1.43.0,bv_vienot_static,bv_compiler,double,lookup,1,65536,1.001872356898022,0.9997739942817905,1.0033740697297033,8.862590789999999,7.2079668045,1.2295548842521031
ldc-1.43.0,bv_vienot_static,bv_split,double,lookup,1,65536,1.0004573285166878,0.9994031038549808,1.0016305313069447,8.862590789999999,7.2079668045,1.2295548842521031
ldc-1.43.0,bv_vienot_static,bv_vienot_index,double,lookup,1,65536,1.0015495367354088,0.9998008997727984,1.0102547831709368,8.862590789999999,7.2079668045,1.2295548842521031
ldc-1.43.0,bv_vienot_static,default,double,lookup,2,65536,1.000677849366515,0.9990546934987129,1.0016364057650733,8.863544464,7.206761837,1.2298927957482884
ldc-1.43.0,bv_vienot_static,bv_compiler,double,lookup,2,65536,1.0012857619258624,0.9994951203683183,1.0029701691556099,8.863544464,7.206761837,1.2298927957482884
ldc-1.43.0,bv_vienot_static,bv_split,double,lookup,2,65536,1.000021519043626,0.9998492784252869,1.003228006830069,8.863544464,7.206761837,1.2298927957482884
ldc-1.43.0,bv_vienot_static,bv_vienot_index,double,lookup,2,65536,1.0020443076777685,0.9992265674182776,1.0114602229624867,8.863544464,7.206761837,1.2298927957482884
ldc-1.43.0,bv_vienot_static,default,double,lookupApply,0,65536,1.0004816076567724,0.9989916813805392,1.0014490670823641,12.277173996,11.9950375555,1.0235210968864898
ldc-1.43.0,bv_vienot_static,bv_compiler,double,lookupApply,0,65536,1.00038062537857,0.9996432103196374,1.0008081184915176,12.277173996,11.9950375555,1.0235210968864898
ldc-1.43.0,bv_vienot_static,bv_split,double,lookupApply,0,65536,1.0003223664095082,0.9991972232598495,1.0009051812654761,12.277173996,11.9950375555,1.0235210968864898
ldc-1.43.0,bv_vienot_static,bv_vienot_index,double,lookupApply,0,65536,1.0002524556140533,0.9979639719839871,1.0012626851582735,12.277173996,11.9950375555,1.0235210968864898
ldc-1.43.0,bv_vienot_static,default,double,lookupApply,1,65536,1.0003302291509635,0.9992541777647456,1.0012477115343672,12.273645401,12.0028438565,1.0225614485814836
ldc-1.43.0,bv_vienot_static,bv_compiler,double,lookupApply,1,65536,1.0003418843271827,0.9999456171308009,1.0021067279270652,12.273645401,12.0028438565,1.0225614485814836
ldc-1.43.0,bv_vienot_static,bv_split,double,lookupApply,1,65536,1.0011965951451394,1.0009128553160527,1.0017063718602277,12.273645401,12.0028438565,1.0225614485814836
ldc-1.43.0,bv_vienot_static,bv_vienot_index,double,lookupApply,1,65536,1.0006488032071834,1.000077689830598,1.0013526592495179,12.273645401,12.0028438565,1.0225614485814836
ldc-1.43.0,bv_vienot_static,default,double,lookupApply,2,65536,0.9996039573216876,0.9988471034038431,1.0008346467777542,12.280845642,12.0218582155,1.0215430444992342
ldc-1.43.0,bv_vienot_static,bv_compiler,double,lookupApply,2,65536,0.9999068135018256,0.9991459428386924,1.000901625640846,12.280845642,12.0218582155,1.0215430444992342
ldc-1.43.0,bv_vienot_static,bv_split,double,lookupApply,2,65536,1.0003300355788318,0.9995730012365618,1.0023059543558843,12.280845642,12.0218582155,1.0215430444992342
ldc-1.43.0,bv_vienot_static,bv_vienot_index,double,lookupApply,2,65536,1.0003649805258257,0.9996816696201652,1.0016944343560632,12.280845642,12.0218582155,1.0215430444992342
ldc-1.43.0,bv_vienot_static,default,double,prepared,0,65536,0.9992027157426938,0.9924040921242113,1.0117962883711147,1.8540382384999998,1.868902683,0.9920464320399287
ldc-1.43.0,bv_vienot_static,bv_compiler,double,prepared,0,65536,1.0017746001305032,0.9913554989607772,1.018636586659208,1.8540382384999998,1.868902683,0.9920464320399287
ldc-1.43.0,bv_vienot_static,bv_split,double,prepared,0,65536,1.0007972842573065,0.9921739130651657,1.00929248099967,1.8540382384999998,1.868902683,0.9920464320399287
ldc-1.43.0,bv_vienot_static,bv_vienot_index,double,prepared,0,65536,1.0042950465285132,0.9948520939414697,1.0161125319877595,1.8540382384999998,1.868902683,0.9920464320399287
ldc-1.43.0,bv_vienot_static,default,double,prepared,1,65536,1.0008239778032693,0.9890471811528386,1.0167753237683417,1.8518447875000001,1.861656666,0.9947294908458701
ldc-1.43.0,bv_vienot_static,bv_compiler,double,prepared,1,65536,1.0022659390939912,0.991574754753546,1.0071623640959029,1.8518447875000001,1.861656666,0.9947294908458701
ldc-1.43.0,bv_vienot_static,bv_split,double,prepared,1,65536,1.006334328923881,0.9926215277102687,1.0090189913982344,1.8518447875000001,1.861656666,0.9947294908458701
ldc-1.43.0,bv_vienot_static,bv_vienot_index,double,prepared,1,65536,1.0017252034412196,0.9955575978003331,1.0021384034454117,1.8518447875000001,1.861656666,0.9947294908458701
ldc-1.43.0,bv_vienot_static,default,double,prepared,2,65536,1.002319468109524,0.9949580262168525,1.0160669543942633,1.8502235415000001,1.8783454895,0.9850283410814452
ldc-1.43.0,bv_vienot_static,bv_compiler,double,prepared,2,65536,1.0057471263668925,0.9916052414918821,1.0083758568369723,1.8502235415000001,1.8783454895,0.9850283410814452
ldc-1.43.0,bv_vienot_static,bv_split,double,prepared,2,65536,1.0014174525084,0.9939854625838797,1.0055795212986391,1.8502235415000001,1.8783454895,0.9850283410814452
ldc-1.43.0,bv_vienot_static,bv_vienot_index,double,prepared,2,65536,1.0057986701386914,1.0021906088151455,1.0104874330956244,1.8502235415000001,1.8783454895,0.9850283410814452
ldc-1.43.0,bv_vienot_static,default,double,vienot,0,65536,1.0011458720385649,0.9908568096655497,1.0106351786557917,1.78937912,1.867534161,0.9581506766343965
ldc-1.43.0,bv_vienot_static,bv_compiler,double,vienot,0,65536,1.0016255395335114,0.9987014019976058,1.0025338738915084,1.78937912,1.867534161,0.9581506766343965
ldc-1.43.0,bv_vienot_static,bv_split,double,vienot,0,65536,1.0159089695871717,1.0094082102555408,1.0294266600440443,1.78937912,1.867534161,0.9581506766343965
ldc-1.43.0,bv_vienot_static,bv_vienot_index,double,vienot,0,65536,1.0134306881819433,1.0042403201269152,1.0169102742872076,1.78937912,1.867534161,0.9581506766343965
ldc-1.43.0,bv_vienot_static,default,double,vienot,1,65536,0.9965129896516378,0.9901890596708334,1.0024055809904766,1.791381836,1.8673624995,0.9593112405757616
ldc-1.43.0,bv_vienot_static,bv_compiler,double,vienot,1,65536,0.9966460816006621,0.9924694404080144,1.0028065110154207,1.791381836,1.8673624995,0.9593112405757616
ldc-1.43.0,bv_vienot_static,bv_split,double,vienot,1,65536,1.014507027188591,1.009377573696024,1.032879909001876,1.791381836,1.8673624995,0.9593112405757616
ldc-1.43.0,bv_vienot_static,bv_vienot_index,double,vienot,1,65536,1.0127502127357733,1.007451011785602,1.0177722286343636,1.791381836,1.8673624995,0.9593112405757616
ldc-1.43.0,bv_vienot_static,default,float,brettel,0,65536,3.4687852259748038,3.4685320478466615,3.4790727835014437,2.8764724735,2.450849533,1.1736634317077024
ldc-1.43.0,bv_vienot_static,bv_compiler,float,brettel,0,65536,0.9976957759682871,0.9956865803270832,1.0005632590063518,2.8764724735,2.450849533,1.1736634317077024
ldc-1.43.0,bv_vienot_static,bv_split,float,brettel,0,65536,0.9981599361548696,0.9985566633261452,1.0004157174815753,2.8764724735,2.450849533,1.1736634317077024
ldc-1.43.0,bv_vienot_static,bv_vienot_index,float,brettel,0,65536,0.9999005370283792,0.9993861671896874,1.0033795538643984,2.8764724735,2.450849533,1.1736634317077024
ldc-1.43.0,bv_vienot_static,default,float,brettel,1,65536,3.517487294754133,3.512888874099405,3.5322868237666056,2.861738205,2.603712082,1.0990993300617944
ldc-1.43.0,bv_vienot_static,bv_compiler,float,brettel,1,65536,0.998850287390282,0.997350397550469,0.9990335427385424,2.861738205,2.603712082,1.0990993300617944
ldc-1.43.0,bv_vienot_static,bv_split,float,brettel,1,65536,1.0025327000517856,1.0013649151315551,1.0029995501208988,2.861738205,2.603712082,1.0990993300617944
ldc-1.43.0,bv_vienot_static,bv_vienot_index,float,brettel,1,65536,1.0027826374844795,1.0017976930277275,1.0029993500193402,2.861738205,2.603712082,1.0990993300617944
ldc-1.43.0,bv_vienot_static,default,float,brettel,2,65536,3.3675294822828423,3.3454415122372856,3.3751082399089167,2.862739563,2.6518521305,1.0795245821116872
ldc-1.43.0,bv_vienot_static,bv_compiler,float,brettel,2,65536,0.9973349323848361,0.9960201161018576,0.9982496206327476,2.862739563,2.6518521305,1.0795245821116872
ldc-1.43.0,bv_vienot_static,bv_split,float,brettel,2,65536,1.0018988606474226,1.0016810359880897,1.0024171904632149,2.862739563,2.6518521305,1.0795245821116872
ldc-1.43.0,bv_vienot_static,bv_vienot_index,float,brettel,2,65536,1.0022319941648146,1.0013814453883074,1.0026172337745236,2.862739563,2.6518521305,1.0795245821116872
ldc-1.43.0,bv_vienot_static,default,float,lookup,0,65536,0.9910121533564842,0.9892772838641132,1.5256659842417093,7.5919628145,5.959287167,1.2739716348191885
ldc-1.43.0,bv_vienot_static,bv_compiler,float,lookup,0,65536,1.0064378356024941,1.0060224318351652,1.0086509968831807,7.5919628145,5.959287167,1.2739716348191885
ldc-1.43.0,bv_vienot_static,bv_split,float,lookup,0,65536,1.0060547058940024,1.004408495392886,1.6333747676297377,7.5919628145,5.959287167,1.2739716348191885
ldc-1.43.0,bv_vienot_static,bv_vienot_index,float,lookup,0,65536,1.0054643092324909,1.003573267647523,1.0266372443715308,7.5919628145,5.959287167,1.2739716348191885
ldc-1.43.0,bv_vienot_static,default,float,lookup,1,65536,0.9922638461641882,0.9886984732181447,1.5311111530180685,7.5875759125,5.9592275615000005,1.273248224571932
ldc-1.43.0,bv_vienot_static,bv_compiler,float,lookup,1,65536,1.0066175223258433,1.0064701924604311,1.0079882529067525,7.5875759125,5.9592275615000005,1.273248224571932
ldc-1.43.0,bv_vienot_static,bv_split,float,lookup,1,65536,1.0059890776084541,1.004399112626341,1.6270558926261454,7.5875759125,5.9592275615000005,1.273248224571932
ldc-1.43.0,bv_vienot_static,bv_vienot_index,float,lookup,1,65536,1.0047573261099811,1.002974416215761,1.0333758810741152,7.5875759125,5.9592275615000005,1.273248224571932
ldc-1.43.0,bv_vienot_static,default,float,lookup,2,65536,0.9890629024777567,0.9883007131226723,0.9913115146090147,7.5904369355,5.959261894,1.2737209860070633
ldc-1.43.0,bv_vienot_static,bv_compiler,float,lookup,2,65536,1.006476822272256,1.00573348404324,1.0090282233948518,7.5904369355,5.959261894,1.2737209860070633
ldc-1.43.0,bv_vienot_static,bv_split,float,lookup,2,65536,1.0053020736937788,1.0048605877200723,1.5335679054977662,7.5904369355,5.959261894,1.2737209860070633
ldc-1.43.0,bv_vienot_static,bv_vienot_index,float,lookup,2,65536,1.0050884830251812,1.0036925395098033,1.0225107898002666,7.5904369355,5.959261894,1.2737209860070633
ldc-1.43.0,bv_vienot_static,default,float,lookupApply,0,65536,1.0069153334637033,1.0064830622092045,1.008824387709351,11.5911006925,12.724794388,0.9109067179451544
ldc-1.43.0,bv_vienot_static,bv_compiler,float,lookupApply,0,65536,1.0103174636018286,1.0080393583617686,1.013888660087602,11.5911006925,12.724794388,0.9109067179451544
ldc-1.43.0,bv_vienot_static,bv_split,float,lookupApply,0,65536,1.0164511710370512,1.014105868018305,1.0177173533384603,11.5911006925,12.724794388,0.9109067179451544
ldc-1.43.0,bv_vienot_static,bv_vienot_index,float,lookupApply,0,65536,1.0155091059744066,1.0129303789952306,1.0182134207745912,11.5911006925,12.724794388,0.9109067179451544
ldc-1.43.0,bv_vienot_static,default,float,lookupApply,1,65536,1.0066552044948998,1.0056172839857562,1.0066488923767607,11.5927696225,12.722406387,0.9112088758888975
ldc-1.43.0,bv_vienot_static,bv_compiler,float,lookupApply,1,65536,1.0112208886431702,1.0108783586165115,1.011600823054453,11.5927696225,12.722406387,0.9112088758888975
ldc-1.43.0,bv_vienot_static,bv_split,float,lookupApply,1,65536,1.0165845392223485,1.0149397767910253,1.0175843622094527,11.5927696225,12.722406387,0.9112088758888975
ldc-1.43.0,bv_vienot_static,bv_vienot_index,float,lookupApply,1,65536,1.0155438923025144,1.013321780114058,1.0162807346260398,11.5927696225,12.722406387,0.9112088758888975
ldc-1.43.0,bv_vienot_static,default,float,lookupApply,2,65536,1.0059131693134697,1.005387944325653,1.0067821038148,11.5960121155,12.713358402,0.9121124213469649
ldc-1.43.0,bv_vienot_static,bv_compiler,float,lookupApply,2,65536,1.0104981372292012,1.0090949815170396,1.012762877041866,11.5960121155,12.713358402,0.9121124213469649
ldc-1.43.0,bv_vienot_static,bv_split,float,lookupApply,2,65536,1.0151530104271906,1.0130157281943186,1.0184644526136337,11.5960121155,12.713358402,0.9121124213469649
ldc-1.43.0,bv_vienot_static,bv_vienot_index,float,lookupApply,2,65536,1.0157574860374419,1.0141736623493565,1.0175296999929,11.5960121155,12.713358402,0.9121124213469649
ldc-1.43.0,bv_vienot_static,default,float,prepared,0,65536,0.9952754956989055,0.9935332510586843,0.9971031986895051,1.5845775605,0.8542075155,1.8550264798038998
ldc-1.43.0,bv_vienot_static,bv_compiler,float,prepared,0,65536,0.9942222623062317,0.9931121604475505,0.9974652991301739,1.5845775605,0.8542075155,1.8550264798038998
ldc-1.43.0,bv_vienot_static,bv_split,float,prepared,0,65536,0.9944028164218094,0.9907120744214765,0.999336150141331,1.5845775605,0.8542075155,1.8550264798038998
ldc-1.43.0,bv_vienot_static,bv_vienot_index,float,prepared,0,65536,0.994854202341836,0.993627701623372,0.99776704918099,1.5845775605,0.8542075155,1.8550264798038998
ldc-1.43.0,bv_vienot_static,default,float,prepared,1,65536,0.9999096250366679,0.9987077384040313,1.002055063822157,1.5828609464999999,0.8645443915,1.830861390186926
ldc-1.43.0,bv_vienot_static,bv_compiler,float,prepared,1,65536,0.9956921222201626,0.992848772802114,1.0009368674332144,1.5828609464999999,0.8645443915,1.830861390186926
ldc-1.43.0,bv_vienot_static,bv_split,float,prepared,1,65536,0.9959029976610774,0.9933896216928723,0.9990329114966919,1.5828609464999999,0.8645443915,1.830861390186926
ldc-1.43.0,bv_vienot_static,bv_vienot_index,float,prepared,1,65536,0.9955716220584637,0.9925182538079907,0.9986702529514438,1.5828609464999999,0.8645443915,1.830861390186926
ldc-1.43.0,bv_vienot_static,default,float,prepared,2,65536,0.9935955261836863,0.9861521470876509,0.9956018797510751,1.5858650205,0.8629655835000001,1.8376920827689067
ldc-1.43.0,bv_vienot_static,bv_compiler,float,prepared,2,65536,0.993505322100646,0.9877040620994928,0.9953608866876414,1.5858650205,0.8629655835000001,1.8376920827689067
ldc-1.43.0,bv_vienot_static,bv_split,float,prepared,2,65536,0.9937458655864212,0.9862715252136298,0.9965056027913293,1.5858650205,0.8629655835000001,1.8376920827689067
ldc-1.43.0,bv_vienot_static,bv_vienot_index,float,prepared,2,65536,0.9950387877289081,0.9868385711555588,1.0010844678378297,1.5858650205,0.8629655835000001,1.8376920827689067
ldc-1.43.0,bv_vienot_static,default,float,vienot,0,65536,6.905552111645078,6.8842327691018,6.918690764178762,0.9223937984999999,0.8538565634999999,1.080267855199312
ldc-1.43.0,bv_vienot_static,bv_compiler,float,vienot,0,65536,1.134305211289861,1.1284985309088669,1.153026935013436,0.9223937984999999,0.8538565634999999,1.080267855199312
ldc-1.43.0,bv_vienot_static,bv_split,float,vienot,0,65536,1.1301178663551044,1.1265057130966503,1.1312303483813306,0.9223937984999999,0.8538565634999999,1.080267855199312
ldc-1.43.0,bv_vienot_static,bv_vienot_index,float,vienot,0,65536,1.112437965399005,1.1115132088998934,1.1186536772538807,0.9223937984999999,0.8538565634999999,1.080267855199312
ldc-1.43.0,bv_vienot_static,default,float,vienot,1,65536,6.945362861657227,6.9310648874509155,6.952832152761024,0.9172439575,0.8660264015,1.0591408713536778
ldc-1.43.0,bv_vienot_static,bv_compiler,float,vienot,1,65536,1.144936577573475,1.1404637164870228,1.1454602249004344,0.9172439575,0.8660264015,1.0591408713536778
ldc-1.43.0,bv_vienot_static,bv_split,float,vienot,1,65536,1.142285298183608,1.1367929424825625,1.1468138274444064,0.9172439575,0.8660264015,1.0591408713536778
ldc-1.43.0,bv_vienot_static,bv_vienot_index,float,vienot,1,65536,1.1141609482883947,1.107109496117126,1.1170703873269447,0.9172439575,0.8660264015,1.0591408713536778
