variant,block,scalar,mode,deficiency,n,D_min_ns,D_median_ns,D_max_ns,CPP_min_ns,CPP_median_ns,CPP_max_ns,D_over_CPP
default,0,double,brettel,0,1024,4.486083984,4.498291016,5.133056641,4.090881348,4.1107788085,5.143920898,1.0942673458126053
default,0,double,brettel,1,1024,4.364013672,4.400634766,5.133056641,4.096374512,4.139801025500001,4.926208496,1.0630063471392313
default,0,double,brettel,2,1024,4.443359375,4.495239258,5.548095703,4.226623535,4.2593688965,4.347717285,1.0553768333364641
default,0,double,lookup,0,1024,8.349609375,8.395385742,10.321044922,5.793884277,5.8220214845000005,10.834472656,1.4420052836203168
default,0,double,lookup,1,1024,8.361816406,8.392333984,25.164794922,5.801818848,5.826599120999999,5.852600098,1.4403486167003803
default,0,double,lookup,2,1024,8.361816406,8.386230469,10.211181641,5.797607422,5.825378418,6.824279785,1.4396026948373262
default,0,double,lookupApply,0,1024,11.431884766,11.471557617,12.701416016,10.074951172,10.119293213,11.519897461,1.1336322977836812
default,0,double,lookupApply,1,1024,11.437988281,11.5478515625,14.392089844,10.070068359,10.133666991999998,13.335449219,1.1395530928356365
default,0,double,lookupApply,2,1024,11.437988281,11.462402344,12.829589844,10.071289062,10.125732421999999,12.515441895,1.1320072332837714
default,0,double,prepared,0,1024,1.220703125,1.226806641,1.776123047,1.205871582,1.2150268555000001,1.223632812,1.0096950824145796
default,0,double,prepared,1,1024,1.226806641,1.226806641,2.709960938,1.20526123,1.2147521975,1.223632812,1.0099233765740934
default,0,double,prepared,2,1024,1.220703125,1.2298583985,1.239013672,1.20526123,1.2147216799999998,1.226074219,1.012461058981017
default,0,double,vienot,0,1024,0.897216797,0.903320312,0.909423828,1.210754395,1.225128174,1.903564453,0.7373271884285308
default,0,double,vienot,1,1024,0.897216797,0.897216797,0.903320312,1.211975098,1.2220458980000002,1.229736328,0.7341923887379227
default,0,float,brettel,0,1024,3.41796875,3.533935547,4.321289062,2.182434082,2.2169494629999997,2.406799316,1.5940532727425554
default,0,float,brettel,1,1024,3.637695312,3.692626953,24.237060547,2.129821777,2.1570434570000003,2.191589355,1.7118927024936612
default,0,float,brettel,2,1024,3.527832031,3.533935547,5.17578125,2.135986328,2.162841797,2.189147949,1.63393159495151
default,0,float,lookup,0,1024,6.707763672,7.171630859,8.917236328,4.466369629,4.503051758,5.630065918,1.5926156847429247
default,0,float,lookup,1,1024,6.713867188,7.171630859,8.862304688,4.463317871,4.503326416,6.055603027,1.592518551069206
default,0,float,lookup,2,1024,6.964111328,7.1716308595000005,8.862304688,4.459655762,4.487762451,4.516479492,1.5980415491693325
default,0,float,lookupApply,0,1024,9.503173828,9.5489501955,11.181640625,9.937988281,10.0731506345,11.557250977,0.9479606274123767
default,0,float,lookupApply,1,1024,9.503173828,9.558105469,11.907958984,9.929992676,10.0679626465,11.522949219,0.9493584555881078
default,0,float,lookupApply,2,1024,9.533691406,9.5489501955,15.576171875,9.934997559,10.067932128999999,11.929626465,0.9484519833020023
default,0,float,prepared,0,1024,1.434326172,1.4984130855,1.519775391,0.782104492,0.8035583495,0.828552246,1.8647221902832083
default,0,float,prepared,1,1024,1.434326172,1.470947266,1.507568359,0.782165527,0.8074646000000001,0.829833984,1.8216863822884617
default,0,float,prepared,2,1024,1.434326172,1.440429688,2.44140625,0.780273438,0.8041076659999999,0.830383301,1.7913393304224514
default,0,float,vienot,0,1024,6.787109375,6.8359375,8.209228516,0.781494141,0.7946472165,0.815124512,8.60248089725738
default,0,float,vienot,1,1024,6.787109375,6.823730469,8.221435547,0.779052734,0.797729492,0.820007324,8.55394032367052
prepared,0,double,brettel,0,1024,3.771972656,3.778076172,4.998779297,4.087219238,4.102203369,4.724365234,0.9209870482167215
prepared,0,double,brettel,1,1024,3.765869141,3.778076172,6.439208984,4.107971191,4.135253906,5.683227539,0.9136261661027012
prepared,0,double,brettel,2,1024,3.771972656,3.796386719,5.053710938,4.222961426,4.256286621,5.774963379,0.8919480892731918
prepared,0,double,lookup,0,1024,8.355712891,8.367919922,10.052490234,5.796936035,5.815307617,7.368469238,1.4389470812408787
prepared,0,double,lookup,1,1024,8.361816406,8.367919922,10.876464844,5.803649902,5.812561035,7.13861084,1.439627020105777
prepared,0,double,lookup,2,1024,8.349609375,8.361816406,11.608886719,5.80065918,5.810424805,7.547058105,1.4391058634481375
prepared,0,double,lookupApply,0,1024,11.462402344,11.468505859,13.317871094,10.059082031,10.0826416015,11.308349609,1.1374505127003447
prepared,0,double,lookupApply,1,1024,11.462402344,11.489868164,17.053222656,10.065795898,10.083251953000001,11.329772949,1.13950025423906
prepared,0,double,lookupApply,2,1024,11.462402344,11.471557617,29.461669922,10.062194824,10.0832214355,11.655090332,1.137687760839218
prepared,0,double,prepared,0,1024,1.220703125,1.226806641,2.575683594,1.205871582,1.2147216795000002,1.223571777,1.0099487493340649
prepared,0,double,prepared,1,1024,1.220703125,1.2298583985,1.239013672,1.207092285,1.217468262,1.96105957,1.0101769687857376
prepared,0,double,prepared,2,1024,1.220703125,1.226806641,1.239013672,1.207092285,1.2150268555000001,2.47467041,1.0096950824145796
prepared,0,double,vienot,0,1024,1.068115234,1.068115234,1.07421875,1.212585449,1.2208251950000002,2.778625488,0.8749125086659109
prepared,0,double,vienot,1,1024,1.068115234,1.071166992,1.07421875,1.211303711,1.220245361,1.23034668,0.8778291860271207
prepared,0,float,brettel,0,1024,3.631591797,3.6682128905,6.774902344,2.179931641,2.212036133,2.231323242,1.6582970032795574
prepared,0,float,brettel,1,1024,3.625488281,3.6712646485000002,22.692871094,2.128601074,2.148162842,2.16595459,1.7090253013975185
prepared,0,float,brettel,2,1024,3.631591797,3.637695312,7.183837891,2.134094238,2.1469421385,3.357666016,1.694361131940678
prepared,0,float,lookup,0,1024,6.884765625,7.159423828,8.599853516,4.469421387,4.474304199,5.127990723,1.6001200431566815
prepared,0,float,lookup,1,1024,6.903076172,7.131958008,8.654785156,4.468811035,4.477630615000001,7.21875,1.5927973120667969
prepared,0,float,lookup,2,1024,7.122802734,7.153320312,8.544921875,4.460876465,4.472137451,6.371765137,1.5995305131778697
prepared,0,float,lookupApply,0,1024,9.515380859,9.600830078,11.029052734,9.92578125,9.997619628999999,11.571350098,0.9603115975877862
prepared,0,float,lookupApply,1,1024,9.521484375,9.555053711,11.273193359,9.922729492,9.997955322,11.563354492,0.9557007811361772
prepared,0,float,lookupApply,2,1024,9.521484375,9.5916748045,11.566162109,9.927612305,9.9985656735,12.842590332,0.9593050761192262
prepared,0,float,prepared,0,1024,1.403808594,1.412963867,1.428222656,0.779052734,0.7854919435000001,0.79309082,1.798826682682583
prepared,0,float,prepared,1,1024,1.409912109,1.409912109,1.416015625,0.779663086,0.7861022950000001,0.791259766,1.7935478855204205
prepared,0,float,prepared,2,1024,1.403808594,1.409912109,1.416015625,0.782104492,0.784851074,0.79309082,1.796407185651631
prepared,0,float,vienot,0,1024,6.787109375,6.823730469,8.264160156,0.781494141,0.783630371,1.07434082,8.70784329133665
prepared,0,float,vienot,1,1024,6.787109375,6.823730469,8.239746094,0.780273438,0.784545898,4.44128418,8.697681660684689
bv_direct,0,double,brettel,0,1024,3.784179688,3.796386719,5.084228516,4.08782959,4.1003723144999995,4.821655273,0.9258639040106124
bv_direct,0,double,brettel,1,1024,3.796386719,3.796386719,5.102539062,4.103149414,4.137664795,5.659423828,0.9175191580496312
bv_direct,0,double,brettel,2,1024,3.796386719,3.811645508,24.505615234,4.227233887,4.2431640625,4.941467285,0.898302646764557
bv_direct,0,double,lookup,0,1024,8.361816406,8.4869384765,11.975097656,5.792114258,5.801574707,9.133300781,1.4628680841185968
bv_direct,0,double,lookup,1,1024,8.355712891,8.361816406,10.607910156,5.792663574,5.8064575195,7.407043457,1.4400891383288799
bv_direct,0,double,lookup,2,1024,8.355712891,8.367919922,10.198974609,5.788391113,5.81652832,6.899475098,1.4386450923357665
bv_direct,0,double,lookupApply,0,1024,11.456298828,11.474609375,14.495849609,10.069519043,10.0859680175,11.504089355,1.137680523583913
bv_direct,0,double,lookupApply,1,1024,11.462402344,11.474609375,12.976074219,10.075561523,10.094543457,12.010375977,1.1367140499101027
bv_direct,0,double,lookupApply,2,1024,11.462402344,11.480712891,12.542724609,10.067626953,10.085662842000001,11.68927002,1.1383201154802194
bv_direct,0,double,prepared,0,1024,1.220703125,1.223754883,1.226806641,1.207092285,1.2138061525000001,1.863830566,1.008196309171369
bv_direct,0,double,prepared,1,1024,1.220703125,1.226806641,1.232910156,1.206481934,1.2159729005000002,1.223571777,1.0089095246247224
bv_direct,0,double,prepared,2,1024,1.220703125,1.226806641,1.232910156,1.206542969,1.2171936035,7.087219238,1.0078977062254995
bv_direct,0,double,vienot,0,1024,1.068115234,1.068115234,1.07421875,1.211364746,1.220855713,1.23034668,0.8748906382846242
bv_direct,0,double,vienot,1,1024,1.068115234,1.068115234,2.5390625,1.212036133,1.2245178220000001,1.260925293,0.8722741431851532
bv_direct,0,float,brettel,0,1024,2.337646484,2.4322509764999998,2.44140625,2.181213379,2.18548584,2.192199707,1.1129108832386667
bv_direct,0,float,brettel,1,1024,2.386474609,2.4322509764999998,3.839111328,2.13104248,2.1331787110000002,2.13659668,1.1402002860603269
bv_direct,0,float,brettel,2,1024,2.374267578,2.386474609,2.392578125,2.131652832,2.136535645,3.277038574,1.116983287681119
bv_direct,0,float,lookup,0,1024,6.945800781,6.976318359,23.229980469,4.457824707,4.465759277,5.825073242,1.5621796711995053
bv_direct,0,float,lookup,1,1024,6.964111328,6.976318359,8.636474609,4.45904541,4.463562012000001,5.050292969,1.5629486809513602
bv_direct,0,float,lookup,2,1024,6.958007812,7.037353516,7.733154297,4.463867188,4.471252441,6.163879395,1.5739110257943945
bv_direct,0,float,lookupApply,0,1024,9.545898438,9.7259521485,11.657714844,9.930664062,9.9361572265,11.337097168,0.9788444291683128
bv_direct,0,float,lookupApply,1,1024,9.521484375,9.576416015500001,11.968994141,9.92578125,9.940185546999999,11.144470215,0.9634041507796819
bv_direct,0,float,lookupApply,2,1024,9.527587891,9.573364258,11.114501953,9.925170898,9.935852051000001,11.451416016,0.9635171909626494
bv_direct,0,float,prepared,0,1024,1.46484375,1.4892578125,2.996826172,0.780273438,0.785766602,0.788208008,1.8952928372234379
bv_direct,0,float,prepared,1,1024,1.46484375,1.483154297,1.507568359,0.781494141,0.785461426,2.288818359,1.888258605585553
bv_direct,0,float,prepared,2,1024,1.46484375,1.470947266,1.477050781,0.780883789,0.785461426,0.790039062,1.8727173828139079
bv_direct,0,float,vienot,0,1024,1.116943359,1.1352539065,1.159667969,0.778991699,0.782714844,2.575561523,1.4504054895629397
bv_direct,0,float,vienot,1,1024,1.116943359,1.1352539065,1.153564453,0.779052734,0.782104492,0.787597656,1.4515373816571815
bv_split,0,double,brettel,0,1024,3.796386719,3.802490234,3.80859375,4.136108398,4.1963500975,5.531005859,0.9061422773722707
bv_split,0,double,brettel,1,1024,3.790283203,3.802490234,5.194091797,4.159423828,4.183837891,5.648986816,0.9088521909942233
bv_split,0,double,brettel,2,1024,3.80859375,3.820800781,4.937744141,4.259094238,4.2981567384999995,4.745849609,0.8889393787750536
bv_split,0,double,lookup,0,1024,8.361816406,8.489990234,9.942626953,5.796936035,5.8061523435,6.772338867,1.4622403498427943
bv_split,0,double,lookup,1,1024,8.355712891,8.383178711,9.747314453,5.798217773,5.8104248045,6.469604492,1.4427824114525116
bv_split,0,double,lookup,2,1024,8.374023438,8.386230469,10.192871094,5.793884277,5.8131713865000005,6.799255371,1.4426257048734956
bv_split,0,double,lookupApply,0,1024,11.468505859,11.480712891,13.336181641,10.07989502,10.3409729005,10.936584473,1.1102159343677316
bv_split,0,double,lookupApply,1,1024,11.468505859,11.480712891,14.392089844,10.085388184,10.340667724500001,15.211547852,1.1102486992981029
bv_split,0,double,lookupApply,2,1024,11.462402344,11.477661133,13.055419922,10.081726074,10.340362549,12.029296875,1.1099863354510704
bv_split,0,double,prepared,0,1024,1.226806641,1.235961914,1.849365234,1.243164062,1.274963379,1.780700684,0.9694097370619459
bv_split,0,double,prepared,1,1024,1.220703125,1.226806641,1.232910156,1.23828125,1.2618103029999999,1.291503906,0.9722591724629468
bv_split,0,double,prepared,2,1024,1.220703125,1.2298583985,20.452880859,1.241333008,1.275909424,3.205505371,0.963907292607316
bv_split,0,double,vienot,0,1024,1.068115234,1.068115234,2.655029297,1.245605469,1.2749633785,2.914367676,0.8377615012414256
bv_split,0,double,vienot,1,1024,1.068115234,1.068115234,1.07421875,1.243774414,1.269744873,2.941894531,0.8412046047300715
bv_split,0,float,brettel,0,1024,2.362060547,2.44140625,4.467773438,2.181152344,2.187927246,2.19342041,1.115853488484781
bv_split,0,float,brettel,1,1024,2.404785156,2.429199219,21.032714844,2.127990723,2.1331787110000002,2.138366699,1.1387696710423432
bv_split,0,float,brettel,2,1024,2.404785156,2.416992188,2.923583984,2.134094238,2.1381225585,2.142089844,1.1304273360717174
bv_split,0,float,lookup,0,1024,7.135009766,7.159423828,8.972167969,4.460876465,4.4669799805,5.162231445,1.6027436566211406
bv_split,0,float,lookup,1,1024,7.135009766,7.165527344,9.906005859,4.45904541,4.464538574,5.479614258,1.6049872176555195
bv_split,0,float,lookup,2,1024,6.689453125,7.1502685545,8.807373047,4.468200684,4.4755249025,4.487731934,1.5976379777276861
bv_split,0,float,lookupApply,0,1024,9.521484375,9.558105469,11.260986328,9.931274414,9.948089599500001,12.604736328,0.9607980882561007
bv_split,0,float,lookupApply,1,1024,9.5703125,9.606933594,10.302734375,9.934326172,9.9447021485,11.839172363,0.9660353272067633
bv_split,0,float,lookupApply,2,1024,9.539794922,9.5733642575,14.959716797,9.934997559,9.9472045895,10.563598633,0.9624175487056317
bv_split,0,float,prepared,0,1024,1.403808594,1.409912109,1.416015625,0.778991699,0.7842407225,2.026489258,1.797805276555248
bv_split,0,float,prepared,1,1024,1.409912109,1.409912109,1.416015625,0.780883789,0.78338623,5.209899902,1.7997662647197668
bv_split,0,float,prepared,2,1024,1.403808594,1.409912109,1.416015625,0.780273438,0.7842407225,0.791259766,1.797805276555248
bv_split,0,float,vienot,0,1024,1.116943359,1.1352539065,2.545166016,0.779052734,0.780883789,0.786987305,1.4538064722201578
bv_split,0,float,vienot,1,1024,1.116943359,1.147460938,3.106689453,0.779052734,0.781494141,0.787597656,1.468291158948049
default,1,double,brettel,0,1024,4.498291016,4.684448242,6.341552734,4.107971191,4.142883300499999,4.200378418,1.1307217467203674
default,1,double,brettel,1,1024,4.376220703,4.418945312,4.473876953,4.131286621,4.1856689455,5.330383301,1.0557321588346815
default,1,double,brettel,2,1024,4.339599609,4.4464111325,5.261230469,4.164245605,4.256591797,5.581115723,1.0445942069506835
default,1,double,lookup,0,1024,8.361816406,8.374023438,9.747314453,5.803039551,5.8202209475,7.561096191,1.4387810211220509
default,1,double,lookup,1,1024,8.355712891,8.367919922,10.266113281,5.804321289,5.824157715,10.841796875,1.4367605294150247
default,1,double,lookup,2,1024,8.343505859,8.3587646485,10.284423828,5.801269531,5.8177490235,7.33001709,1.4367695503425664
default,1,double,lookupApply,0,1024,11.468505859,11.471557617,14.678955078,10.084777832,10.2385253905,11.433105469,1.1204306459643194
default,1,double,lookupApply,1,1024,11.468505859,11.477661133,12.658691406,10.083496094,10.2550354005,11.46673584,1.1192219904419236
default,1,double,lookupApply,2,1024,11.456298828,11.474609375,29.095458984,10.08782959,10.2421875,11.464904785,1.120327993897788
default,1,double,prepared,0,1024,1.220703125,1.226806641,2.081298828,1.205871582,1.2706909180000001,1.787353516,0.9654642396680764
default,1,double,prepared,1,1024,1.220703125,1.226806641,2.368164062,1.205871582,1.2382507325,1.28717041,0.9907578560628875
default,1,double,prepared,2,1024,1.220703125,1.232910156,2.252197266,1.206481934,1.267913818,1.756225586,0.972392711946925
default,1,double,vienot,0,1024,0.897216797,0.897216797,0.903320312,1.211364746,1.244689941,2.278442383,0.7208355811722591
default,1,double,vienot,1,1024,0.891113281,0.897216797,2.618408203,1.210754395,1.2373657225,1.350769043,0.7251023530757293
default,1,float,brettel,0,1024,3.41796875,3.5186767574999998,3.649902344,2.217895508,2.222167969,3.830993652,1.5834431989780875
default,1,float,brettel,1,1024,3.637695312,3.6956787110000002,4.98046875,2.161621094,2.166809082,2.170227051,1.7055857582011005
default,1,float,brettel,2,1024,3.521728516,3.527832031,4.907226562,2.155456543,2.15826416,2.163452148,1.6345691581145472
default,1,float,lookup,0,1024,6.958007812,6.973266601500001,8.142089844,4.467590332,4.480407715,9.708679199,1.55639107980154
default,1,float,lookup,1,1024,6.958007812,6.976318359,8.526611328,4.464477539,4.4734191894999995,6.688537598,1.5595047241212718
default,1,float,lookup,2,1024,6.964111328,7.037353516,9.796142578,4.46697998,4.4797973634999995,5.704040527,1.5709088927410366
default,1,float,lookupApply,0,1024,9.527587891,9.564208984,11.315917969,9.983886719,9.990234375,11.149353027,0.9573558161892474
default,1,float,lookupApply,1,1024,9.539794922,9.5703125,11.181640625,9.977111816,9.993041992,11.19708252,0.9576976167679052
default,1,float,lookupApply,2,1024,9.521484375,9.5794677735,11.224365234,9.983825684,9.993347168,11.761474609,0.9585845075186323
default,1,float,prepared,0,1024,1.434326172,1.467895508,2.789306641,0.78515625,0.7872924805,0.793151855,1.8644856192043866
default,1,float,prepared,1,1024,1.434326172,1.467895508,1.715087891,0.783935547,0.787902832,2.253356934,1.863041289335028
default,1,float,prepared,2,1024,1.434326172,1.43737793,2.34375,0.783935547,0.786682129,0.791259766,1.8271394213913814
default,1,float,vienot,0,1024,6.787109375,6.823730468500001,8.380126953,0.78326416,0.784851074,0.793701172,8.694299714368489
default,1,float,vienot,1,1024,6.787109375,6.8359375,8.074951172,0.783325195,0.785766602,1.889526367,8.699704826599387
prepared,1,double,brettel,0,1024,3.765869141,3.778076172,4.846191406,4.080505371,4.10647583,5.161621094,0.9200288345542266
prepared,1,double,brettel,1,1024,3.765869141,3.771972656,6.756591797,4.102478027,4.121459961,5.307128906,0.9152030328313069
prepared,1,double,brettel,2,1024,3.771972656,3.796386719,22.937011719,4.223632812,4.2565917970000005,5.711364746,0.8918841411280386
prepared,1,double,lookup,0,1024,8.343505859,8.3892822265,9.844970703,5.801879883,5.880432129,8.017883301,1.4266438320284882
prepared,1,double,lookup,1,1024,8.380126953,8.435058593499999,9.997558594,5.79876709,5.8813171385,7.256652832,1.4342125062909492
prepared,1,double,lookup,2,1024,8.343505859,8.392333984499999,10.083007812,5.801269531,5.8837890625,8.057006836,1.426348547739087
prepared,1,double,lookupApply,0,1024,11.456298828,11.468505859,12.768554688,10.077392578,10.1764831545,11.40802002,1.126961611873614
prepared,1,double,lookupApply,1,1024,11.456298828,11.468505859,12.927246094,10.083557129,10.1660766605,13.128173828,1.1281152249776507
prepared,1,double,lookupApply,2,1024,11.450195312,11.474609375,12.963867188,10.082336426,10.1645202635,11.490539551,1.1288884352175899
prepared,1,double,prepared,0,1024,1.220703125,1.226806641,1.226806641,1.207092285,1.2361450194999999,2.330993652,0.9924455639486562
prepared,1,double,prepared,1,1024,1.220703125,1.226806641,1.226806641,1.205871582,1.2257385255,1.2578125,1.0008714056691368
prepared,1,double,prepared,2,1024,1.220703125,1.232910156,1.239013672,1.20703125,1.23638916,2.231323242,0.9971861577951717
prepared,1,double,vienot,0,1024,1.068115234,1.071166992,1.07421875,1.211975098,1.2236328125,1.252990723,0.8753990421452514
prepared,1,double,vienot,1,1024,1.068115234,1.068115234,1.080322266,1.212585449,1.228790283,2.385437012,0.8692412763814149
prepared,1,float,brettel,0,1024,3.631591797,3.680419922,5.621337891,2.182434082,2.2093200680000002,3.232971191,1.6658609023235467
prepared,1,float,brettel,1,1024,3.61328125,3.662109375,22.265625,2.129272461,2.1466064449999998,4.775756836,1.70599943158188
prepared,1,float,brettel,2,1024,3.625488281,3.637695312,4.956054688,2.133483887,2.148132324,3.47265625,1.6934223610705277
prepared,1,float,lookup,0,1024,6.878662109,6.915283203,9.130859375,4.455932617,4.4684753415,5.576171875,1.5475710783890428
prepared,1,float,lookup,1,1024,6.872558594,6.887817383,8.276367188,4.460205078,4.4685058595000005,5.748046875,1.5414139758497947
prepared,1,float,lookup,2,1024,6.872558594,7.119750976500001,8.538818359,4.464477539,4.4758300779999995,5.83001709,1.5907107402257377
prepared,1,float,lookupApply,0,1024,9.515380859,9.564208984499999,10.925292969,9.928222656,9.986022948999999,12.212158203,0.9577595638770047
prepared,1,float,lookupApply,1,1024,9.521484375,9.564208984,11.370849609,9.931274414,9.983581543,13.106750488,0.9579937763623474
prepared,1,float,lookupApply,2,1024,9.545898438,9.600830078,10.949707031,9.934326172,9.9792785645,11.253967285,0.9620765685561398
prepared,1,float,prepared,0,1024,1.409912109,1.409912109,1.416015625,0.780822754,0.785766602,0.791870117,1.7943141200088826
prepared,1,float,prepared,1,1024,1.403808594,1.409912109,1.416015625,0.780273438,0.7857666015,2.227111816,1.794314121150643
prepared,1,float,prepared,2,1024,1.409912109,1.409912109,1.568603516,0.780883789,0.7857666015,0.792480469,1.794314121150643
prepared,1,float,vienot,0,1024,6.787109375,6.8359375,8.026123047,0.779663086,0.783935547,0.982727051,8.720024912966474
prepared,1,float,vienot,1,1024,6.787109375,6.817626953,8.569335938,0.779602051,0.7842407225,0.788879395,8.693283525582288
bv_direct,1,double,brettel,0,1024,3.790283203,3.796386719,5.047607422,4.089050293,4.0991210935,5.437988281,0.9261465159006774
bv_direct,1,double,brettel,1,1024,3.790283203,3.796386719,4.968261719,4.098815918,4.138549805,5.254577637,0.9173229507624591
bv_direct,1,double,brettel,2,1024,3.802490234,3.80859375,3.814697266,4.22479248,4.2559814455,5.620849609,0.894880252362698
bv_direct,1,double,lookup,0,1024,8.349609375,8.367919922,10.211181641,5.79510498,5.811035156000001,7.09576416,1.4400050416766055
bv_direct,1,double,lookup,1,1024,8.361816406,8.374023438,9.875488281,5.782287598,5.812561035,7.861938477,1.440677076348326
bv_direct,1,double,lookup,2,1024,8.349609375,8.361816406,10.44921875,5.793273926,5.813140869,7.300048828,1.4384334724436902
bv_direct,1,double,lookupApply,0,1024,11.437988281,11.462402344,14.624023438,10.073120117,10.0884094235,11.546264648,1.1361951981547669
bv_direct,1,double,lookupApply,1,1024,11.42578125,11.468505859,13.323974609,10.070068359,10.092071532999999,13.436340332,1.1363876902278396
bv_direct,1,double,lookupApply,2,1024,11.431884766,11.468505859,13.366699219,10.073730469,10.087799072500001,11.594543457,1.1368689816854
bv_direct,1,double,prepared,0,1024,1.220703125,1.226806641,1.232910156,1.205871582,1.2174682615,1.241882324,1.0076703268539373
bv_direct,1,double,prepared,1,1024,1.220703125,1.226806641,2.34375,1.205810547,1.2220458985,1.235839844,1.0038957149693344
bv_direct,1,double,prepared,2,1024,1.226806641,1.232910156,19.848632812,1.20526123,1.219329834,1.238891602,1.011137529502948
bv_direct,1,double,vienot,0,1024,1.068115234,1.068115234,2.239990234,1.212585449,1.22265625,2.516906738,0.873602236115016
bv_direct,1,double,vienot,1,1024,1.068115234,1.068115234,1.07421875,1.210144043,1.2291259765,1.901733398,0.8690038730134998
bv_direct,1,float,brettel,0,1024,2.34375,2.4322509764999998,4.132080078,2.18182373,2.200164795,3.969177246,1.1054858172567021
bv_direct,1,float,brettel,1,1024,2.386474609,2.4169921875,19.860839844,2.133483887,2.161651611,2.711975098,1.1181229089834126
bv_direct,1,float,brettel,2,1024,2.380371094,2.386474609,4.565429688,2.134155273,2.1481933595,2.160461426,1.1109216954080245
bv_direct,1,float,lookup,0,1024,6.707763672,6.951904297,8.673095703,4.460266113,4.4672546385,5.789001465,1.5561916343623265
bv_direct,1,float,lookup,1,1024,6.732177734,6.958007812,8.062744141,4.462036133,4.468170166,5.786010742,1.5572387696749148
bv_direct,1,float,lookup,2,1024,6.713867188,7.049560547,10.174560547,4.463317871,4.4730834965,6.051330566,1.575995742649558
bv_direct,1,float,lookupApply,0,1024,9.503173828,9.603881836,11.309814453,9.932495117,9.992736816499999,11.569458008,0.9610862381707159
bv_direct,1,float,lookupApply,1,1024,9.521484375,9.545898438,11.254882812,9.92578125,9.9884643555,11.214782715,0.9556922964583332
bv_direct,1,float,lookupApply,2,1024,9.576416016,9.6099853515,12.487792969,9.931213379,9.9917907715,14.13104248,0.9617880889690926
bv_direct,1,float,prepared,0,1024,1.470947266,1.480102539,1.489257812,0.779052734,0.7861022950000001,0.791870117,1.8828370663896865
bv_direct,1,float,prepared,1,1024,1.434326172,1.495361328,2.996826172,0.780883789,0.7854919435000001,0.790649414,1.9037258629757032
bv_direct,1,float,prepared,2,1024,1.46484375,1.470947266,2.337646484,0.779663086,0.7872924805,2.190368652,1.868361888920645
bv_direct,1,float,vienot,0,1024,1.116943359,1.147460938,1.165771484,0.780822754,0.784851074,1.657104492,1.4620110438939147
bv_direct,1,float,vienot,1,1024,1.116943359,1.1352539065,1.153564453,0.779663086,0.78515625,2.701599121,1.4458955227064676
bv_split,1,double,brettel,0,1024,3.796386719,3.80859375,4.406738281,4.139221191,4.1654663085,4.718261719,0.9143259044559381
bv_split,1,double,brettel,1,1024,3.790283203,3.796386719,4.949951172,4.137939453,4.1609191894999995,5.642272949,0.9123913602023586
bv_split,1,double,brettel,2,1024,3.802490234,3.814697266,5.401611328,4.259643555,4.265472411999999,4.826538086,0.8943199949595643
bv_split,1,double,lookup,0,1024,8.349609375,8.367919922,9.735107422,5.794555664,5.8144226075,7.68157959,1.4391661024443347
bv_split,1,double,lookup,1,1024,8.349609375,8.374023438,9.985351562,5.800598145,5.8088989255,7.072509766,1.4415853237245313
bv_split,1,double,lookup,2,1024,8.349609375,8.367919922,10.034179688,5.792053223,5.8694152835,7.630249023,1.425682034379771
bv_split,1,double,lookupApply,0,1024,11.462402344,11.4837646485,13.220214844,10.078613281,10.093017578000001,15.250061035,1.137792990030201
bv_split,1,double,lookupApply,1,1024,11.462402344,11.480712891,14.105224609,10.082275391,10.095458984,11.592102051,1.1372155450480703
bv_split,1,double,lookupApply,2,1024,11.462402344,11.4837646485,12.933349609,10.078674316,10.092102051,11.29309082,1.1378962073973582
bv_split,1,double,prepared,0,1024,1.220703125,1.226806641,2.758789062,1.208312988,1.2376708985,1.25970459,0.9912220142582596
bv_split,1,double,prepared,1,1024,1.220703125,1.226806641,1.232910156,1.207702637,1.232208252,1.255981445,0.9956163164860871
bv_split,1,double,prepared,2,1024,1.226806641,1.2298583985,1.239013672,1.208984375,1.2489624025000001,2.268005371,0.9847041000099279
bv_split,1,double,vienot,0,1024,1.068115234,1.077270508,1.086425781,1.221130371,1.2450256345000001,1.268249512,0.8652597008033732
bv_split,1,double,vienot,1,1024,1.068115234,1.071166992,2.655029297,1.212585449,1.23916626,1.929870605,0.8644255630394585
bv_split,1,float,brettel,0,1024,2.368164062,2.4505615235000002,3.216552734,2.181213379,2.1912841795,3.967956543,1.1183220991716196
bv_split,1,float,brettel,1,1024,2.404785156,2.4444580074999998,2.478027344,2.127990723,2.1341247555000002,2.139648438,1.1454147660300638
bv_split,1,float,brettel,2,1024,2.404785156,2.423095703,4.461669922,2.131652832,2.1393127439999997,3.74786377,1.132651460052257
bv_split,1,float,lookup,0,1024,6.683349609,6.695556641,17.858886719,4.457824707,4.46270752,5.807373047,1.5003350793197396
bv_split,1,float,lookup,1,1024,6.695556641,6.787109375,8.160400391,4.458984375,4.465423584,9.005432129,1.5199250972111138
bv_split,1,float,lookup,2,1024,6.683349609,6.707763672,8.020019531,4.460266113,4.4703063965,5.223388672,1.5005154181941094
bv_split,1,float,lookupApply,0,1024,9.527587891,9.5764160155,11.572265625,9.934326172,9.942901611,11.319335938,0.9631409813917347
bv_split,1,float,lookupApply,1,1024,9.509277344,9.567260742,12.359619141,9.934326172,9.945953369,11.131652832,0.961924954506591
bv_split,1,float,lookupApply,2,1024,9.521484375,9.558105469000001,10.9375,9.934326172,10.010498046999999,11.709472656,0.9548081847800197
bv_split,1,float,prepared,0,1024,1.403808594,1.409912109,1.416015625,0.779663086,0.783935547,0.790039062,1.7985051378209795
bv_split,1,float,prepared,1,1024,1.403808594,1.409912109,2.270507812,0.780273438,0.783935547,1.331848145,1.7985051378209795
bv_split,1,float,prepared,2,1024,1.403808594,1.409912109,1.416015625,0.779663086,0.783630371,0.789428711,1.799205545339947
bv_split,1,float,vienot,0,1024,1.110839844,1.1474609375,1.177978516,0.781494141,0.783325195,0.787658691,1.4648589689496712
bv_split,1,float,vienot,1,1024,1.116943359,1.1474609375,1.177978516,0.778991699,0.781768799,2.51751709,1.467775305138521
default,2,double,brettel,0,1024,4.498291016,4.504394531,5.120849609,4.087219238,4.1221008305,5.127929688,1.092742442802795
default,2,double,brettel,1,1024,4.370117188,4.388427734,7.690429688,4.104919434,4.165527344,8.49432373,1.0535107254357758
default,2,double,brettel,2,1024,4.333496094,4.431152344,4.541015625,4.229675293,4.278930664500001,5.356689453,1.0355747011193477
default,2,double,lookup,0,1024,8.361816406,8.380126953,9.735107422,5.803710938,5.8146972654999995,7.016235352,1.4411974640057896
default,2,double,lookup,1,1024,8.361816406,8.380126953,10.125732422,5.807922363,5.814086914,7.071899414,1.4413487581035498
default,2,double,lookup,2,1024,8.355712891,8.480834961,10.3515625,5.801879883,5.818969726500001,8.195861816,1.4574461390265834
default,2,double,lookupApply,0,1024,11.437988281,11.474609375,12.689208984,10.060241699,10.210083008000002,11.561523438,1.123850743035996
default,2,double,lookupApply,1,1024,11.431884766,11.4654541015,13.537597656,10.062133789,10.212280273000001,12.212097168,1.1227124398272965
default,2,double,lookupApply,2,1024,11.42578125,11.4654541015,12.774658203,10.063964844,10.2238464355,11.627563477,1.1214423234770818
default,2,double,prepared,0,1024,1.220703125,1.220703125,1.232910156,1.215637207,1.22052002,1.226013184,1.0001500221192603
default,2,double,prepared,1,1024,1.220703125,1.226806641,1.226806641,1.21685791,1.22177124,2.318786621,1.0041213942799962
default,2,double,prepared,2,1024,1.220703125,1.232910156,18.225097656,1.215698242,1.220214844,1.227233887,1.0104041612527703
default,2,double,vienot,0,1024,0.897216797,0.9002685545,2.215576172,1.222351074,1.2257385255,1.23034668,0.7344703097528609
default,2,double,vienot,1,1024,0.897216797,0.897216797,2.252197266,1.222351074,1.2263183595,1.229736328,0.7316344814129809
default,2,float,brettel,0,1024,3.405761719,3.5247802735000002,3.643798828,2.178100586,2.186096191,3.842590332,1.612362844787556
default,2,float,brettel,1,1024,3.637695312,3.6865234375,3.717041016,2.129211426,2.1325683595,3.551513672,1.728677733155686
default,2,float,brettel,2,1024,3.527832031,3.5980224610000002,5.108642578,2.132263184,2.1374816895,4.141052246,1.6832997815488422
default,2,float,lookup,0,1024,6.951904297,7.05871582,8.3984375,4.465087891,4.481628418,5.838500977,1.5750337068663243
default,2,float,lookup,1,1024,6.964111328,7.067871093500001,8.471679688,4.463928223,4.4727783205,5.639160156,1.5801970469016902
default,2,float,lookup,2,1024,6.732177734,6.9549560545,8.087158203,4.46697998,4.4761047365,5.703979492,1.5537965405023761
default,2,float,lookupApply,0,1024,9.564208984,9.606933594,10.729980469,9.930053711,9.937713623,11.344421387,0.9667146748690324
default,2,float,lookupApply,1,1024,9.527587891,9.558105469,11.358642578,9.923950195,9.937072753999999,11.192749023,0.9618632876721716
default,2,float,lookupApply,2,1024,9.515380859,9.555053711,13.153076172,9.930664062,9.9364624025,11.487548828,0.9616152433280442
default,2,float,prepared,0,1024,1.434326172,1.467895508,2.746582031,0.779052734,0.7836608885,0.788818359,1.87312590119138
default,2,float,prepared,1,1024,1.440429688,1.4739990235,1.507568359,0.779602051,0.78515625,0.791259766,1.8773320896318408
default,2,float,prepared,2,1024,1.434326172,1.440429688,1.440429688,0.783325195,0.78515625,1.851013184,1.8345771150646766
default,2,float,vienot,0,1024,6.787109375,6.817626953,8.166503906,0.780822754,0.7830200195,0.789428711,8.706836074706517
default,2,float,vienot,1,1024,6.787109375,6.820678711,24.243164062,0.779663086,0.782104492,0.786376953,8.720930234728788
prepared,2,double,brettel,0,1024,3.765869141,3.778076172,3.790283203,4.136779785,4.166107177500001,4.202209473,0.9068600520899583
prepared,2,double,brettel,1,1024,3.771972656,3.778076172,5.395507812,4.14654541,4.193634033,5.823242188,0.900907456938315
prepared,2,double,brettel,2,1024,3.778076172,3.796386719,5.285644531,4.260253906,4.300292969,5.008117676,0.8828204837129552
prepared,2,double,lookup,0,1024,8.349609375,8.361816406,9.588623047,5.785949707,5.8192749025,6.903198242,1.4369172355833726
prepared,2,double,lookup,1,1024,8.349609375,8.37097168,9.771728516,5.796325684,5.816192627,6.395019531,1.4392528268648073
prepared,2,double,lookup,2,1024,8.355712891,8.450317383,10.083007812,5.808532715,5.8208007815,6.971618652,1.4517448200352912
prepared,2,double,lookupApply,0,1024,11.450195312,11.468505859,12.854003906,10.081726074,10.3321228025,11.098571777,1.1099854384449472
prepared,2,double,lookupApply,1,1024,11.462402344,11.477661133,12.878417969,10.082275391,10.331787109499999,14.795715332,1.1109076301471967
prepared,2,double,lookupApply,2,1024,11.450195312,11.480712891,13.134765625,10.07623291,10.326904296999999,11.596374512,1.111728409677931
prepared,2,double,prepared,0,1024,1.220703125,1.226806641,2.569580078,1.235229492,1.236450195,1.243774414,0.9922006126579163
prepared,2,double,prepared,1,1024,1.220703125,1.226806641,1.232910156,1.235168457,1.2373657224999999,1.243774414,0.9914664829419502
prepared,2,double,prepared,2,1024,1.220703125,1.232910156,1.239013672,1.235229492,1.2373657224999999,1.244384766,0.9963991515047
prepared,2,double,vienot,0,1024,1.068115234,1.07421875,2.282714844,1.232788086,1.243774414,2.477172852,0.8636765139309257
prepared,2,double,vienot,1,1024,1.068115234,1.068115234,1.080322266,1.234558105,1.2419433595,1.250549316,0.860035383924447
prepared,2,float,brettel,0,1024,3.619384766,3.686523438,5.511474609,2.183044434,2.18850708,4.156921387,1.6844923517450994
prepared,2,float,brettel,1,1024,3.625488281,3.6712646485000002,23.2421875,2.130432129,2.138671875,3.285522461,1.7166095890703197
prepared,2,float,brettel,2,1024,3.631591797,3.637695312,5.065917969,2.131713867,2.1399230955000004,2.146362305,1.6999187118684935
prepared,2,float,lookup,0,1024,6.677246094,6.6955566404999995,7.879638672,4.458984375,4.467864990000001,5.028320312,1.4986031707506897
prepared,2,float,lookup,1,1024,6.695556641,6.793212891,8.221435547,4.460266113,4.466918945,6.125915527,1.5207826635412567
prepared,2,float,lookup,2,1024,6.695556641,6.900024414,7.873535156,4.462036133,4.470031738,5.825073242,1.5436186627809574
prepared,2,float,lookupApply,0,1024,9.527587891,9.558105469,11.059570312,9.936828613,9.956939697500001,11.330932617,0.9599440952122928
prepared,2,float,lookupApply,1,1024,9.503173828,9.536743164,12.286376953,9.931274414,9.957855224500001,14.406799316,0.9577105660801425
prepared,2,float,lookupApply,2,1024,9.503173828,9.5611572265,10.870361328,9.934326172,9.954803467000001,10.937194824,0.9604566537345582
prepared,2,float,prepared,0,1024,1.403808594,1.409912109,1.416015625,0.779052734,0.78515625,0.789489746,1.7957089547462686
prepared,2,float,prepared,1,1024,1.409912109,1.412963867,3.161621094,0.780273438,0.783935547,0.788879395,1.8023980063248746
prepared,2,float,prepared,2,1024,1.409912109,1.409912109,1.422119141,0.779602051,0.783630371,1.896850586,1.799205545339947
prepared,2,float,vienot,0,1024,6.787109375,6.8359375,7.934570312,0.779663086,0.781768799,0.787597656,8.74419330720821
prepared,2,float,vienot,1,1024,6.787109375,6.823730469,9.466552734,0.779663086,0.7821350094999999,0.786987305,8.724491789930548
bv_direct,2,double,brettel,0,1024,3.790283203,3.796386719,4.467773438,4.086608887,4.1104736325,5.486938477,0.9235886319725711
bv_direct,2,double,brettel,1,1024,3.790283203,3.796386719,5.108642578,4.10559082,4.1340026855000005,5.343200684,0.9183319431106837
bv_direct,2,double,brettel,2,1024,3.790283203,3.80859375,3.820800781,4.225402832,4.256011963000001,4.85345459,0.8948738356730036
bv_direct,2,double,lookup,0,1024,8.367919922,8.380126953,9.729003906,5.797607422,5.844360351500001,7.404541016,1.4338826576374906
bv_direct,2,double,lookup,1,1024,8.361816406,8.380126953,10.650634766,5.790222168,5.8415832519999995,7.304260254,1.434564328109314
bv_direct,2,double,lookup,2,1024,8.355712891,8.380126953,10.357666016,5.79876709,5.8088989259999995,6.947814941,1.4426360416586805
bv_direct,2,double,lookupApply,0,1024,11.431884766,11.480712891,12.79296875,10.072509766,10.2724609375,14.928405762,1.1176204962813956
bv_direct,2,double,lookupApply,1,1024,11.42578125,11.6119384765,13.262939453,10.073730469,10.253234863,15.076965332,1.1325146289590071
bv_direct,2,double,lookupApply,2,1024,11.42578125,11.486816406,13.653564453,10.079284668,10.2544250485,11.657531738,1.1201814194039357
bv_direct,2,double,prepared,0,1024,1.220703125,1.226806641,1.232910156,1.207092285,1.2138366695,1.222412109,1.010685104368566
bv_direct,2,double,prepared,1,1024,1.220703125,1.226806641,1.232910156,1.205871582,1.2156677245,2.516296387,1.0091627969349777
bv_direct,2,double,prepared,2,1024,1.220703125,1.2298583985,19.274902344,1.20526123,1.2156677244999998,1.225402832,1.0116731518934063
bv_direct,2,double,vienot,0,1024,1.068115234,1.071166992,2.478027344,1.211975098,1.2196044920000002,1.229125977,0.8782904613965622
bv_direct,2,double,vienot,1,1024,1.068115234,1.068115234,1.904296875,1.213195801,1.2205200194999999,2.42578125,0.8751312694056143
bv_direct,2,float,brettel,0,1024,2.337646484,2.435302734,4.028320312,2.186706543,2.2099609375,3.791259766,1.1019664160919134
bv_direct,2,float,brettel,1,1024,2.374267578,2.410888672,3.125,2.134094238,2.1579589844999996,3.410339355,1.1172078289331362
bv_direct,2,float,brettel,2,1024,2.386474609,2.386474609,3.631591797,2.137756348,2.147583008,2.942504883,1.1112374237038107
bv_direct,2,float,lookup,0,1024,6.695556641,6.732177734,12.518310547,4.461486816,4.477355957,4.48651123,1.503605654465502
bv_direct,2,float,lookup,1,1024,6.719970703,6.750488281,7.885742188,4.460205078,4.4730834965,5.734619141,1.50913531712117
bv_direct,2,float,lookup,2,1024,6.719970703,6.750488281,8.538818359,4.473083496,4.4764404295,5.545043945,1.5080035995819119
bv_direct,2,float,lookupApply,0,1024,9.564208984,9.588623047,11.010742188,9.939819336,9.9774169925,11.469787598,0.9610326053534441
bv_direct,2,float,lookupApply,1,1024,9.545898438,9.5794677735,11.065673828,9.93371582,9.983276367,14.15057373,0.9595514960564648
bv_direct,2,float,lookupApply,2,1024,9.552001953,9.655761719,10.986328125,9.940429688,9.978942871000001,11.499145508,0.9676136885261459
bv_direct,2,float,prepared,0,1024,1.46484375,1.480102539,1.501464844,0.779052734,0.78515625,0.79309082,1.8851057213134328
bv_direct,2,float,prepared,1,1024,1.470947266,1.483154297,1.489257812,0.782714844,0.785461426,0.791870117,1.888258605585553
bv_direct,2,float,prepared,2,1024,1.46484375,1.470947266,1.477050781,0.780883789,0.786376953,1.763549805,1.8705371010536216
bv_direct,2,float,vienot,0,1024,1.116943359,1.1352539065,1.159667969,0.780273438,0.7842102049999999,1.462097168,1.4476398027745636
bv_direct,2,float,vienot,1,1024,1.116943359,1.147460938,2.380371094,0.779602051,0.783935547,0.960632324,1.4637184681714657
bv_split,2,double,brettel,0,1024,3.796386719,3.80859375,3.814697266,4.082336426,4.097625732,4.117126465,0.9294635476971863
bv_split,2,double,brettel,1,1024,3.790283203,3.805541992,5.206298828,4.10369873,4.137664795,5.463745117,0.919731824723612
bv_split,2,double,brettel,2,1024,3.802490234,3.826904297,4.400634766,4.093933105,4.180816650000001,4.948852539,0.9153485113966907
bv_split,2,double,lookup,0,1024,8.349609375,8.364868164,9.259033203,5.797607422,5.834564209,7.14465332,1.4336748837380051
bv_split,2,double,lookup,1,1024,8.355712891,8.367919922,10.406494141,5.80859375,5.8296813965,7.143493652,1.4353991844260816
bv_split,2,double,lookup,2,1024,8.355712891,8.37097168,9.881591797,5.809814453,5.8367004394999995,7.602722168,1.4341958726113926
bv_split,2,double,lookupApply,0,1024,11.407470703,11.4654541015,12.805175781,10.075561523,10.157196045,11.160339355,1.1288011032477814
bv_split,2,double,lookupApply,1,1024,11.456298828,11.651611328,13.824462891,10.072509766,10.164550780999999,11.487548828,1.1462986981952685
bv_split,2,double,lookupApply,2,1024,11.407470703,11.4654541015,12.817382812,10.069519043,10.167907715,11.332214355,1.127611935795387
bv_split,2,double,prepared,0,1024,1.220703125,1.226806641,1.776123047,1.206481934,1.2189941405,2.405029297,1.0064089729724177
bv_split,2,double,prepared,1,1024,1.220703125,1.226806641,1.232910156,1.206420898,1.2186889645,1.240112305,1.006660991226199
bv_split,2,double,prepared,2,1024,1.220703125,1.2298583985,1.239013672,1.20526123,1.218383789,1.241333008,1.0094178941016754
bv_split,2,double,vienot,0,1024,1.068115234,1.071166992,2.624511719,1.211364746,1.2297058105,1.865661621,0.8710758157387758
bv_split,2,double,vienot,1,1024,1.068115234,1.068115234,1.07421875,1.210754395,1.2245178220000001,1.241333008,0.8722741431851532
bv_split,2,float,brettel,0,1024,2.374267578,2.447509766,4.095458984,2.182434082,2.201080322,2.215454102,1.1119584058504886
bv_split,2,float,brettel,1,1024,2.410888672,2.4353027345,20.025634766,2.12677002,2.14453125,2.162231445,1.135587431752277
bv_split,2,float,brettel,2,1024,2.410888672,2.4139404300000002,3.411865234,2.13104248,2.1451416015,2.161071777,1.1253058671334522
bv_split,2,float,lookup,0,1024,6.683349609,7.318115234,8.544921875,4.460266113,4.511291504,5.692993164,1.6221774246934144
bv_split,2,float,lookup,1,1024,6.713867188,7.32421875,8.093261719,4.46081543,4.517120361,5.675292969,1.6214353757840902
bv_split,2,float,lookup,2,1024,6.896972656,7.3303222654999995,9.039306641,4.457763672,4.4819641115,6.002990723,1.6355156094828092
bv_split,2,float,lookupApply,0,1024,9.509277344,9.582519531,11.975097656,9.938598633,9.982635498,11.148742676,0.95991880429971
bv_split,2,float,lookupApply,1,1024,9.509277344,9.558105469,11.395263672,9.937438965,9.9789733885,11.196472168,0.9578245273221172
bv_split,2,float,lookupApply,2,1024,9.527587891,9.5794677735,10.876464844,9.942871094,9.984802246000001,11.271057129,0.9594048572506899
bv_split,2,float,prepared,0,1024,1.403808594,1.409912109,1.416015625,0.779052734,0.7860717775,1.30859375,1.7936175160543784
bv_split,2,float,prepared,1,1024,1.403808594,1.409912109,1.416015625,0.781494141,0.786376953,2.281494141,1.7929214527730444
bv_split,2,float,prepared,2,1024,1.403808594,1.409912109,1.416015625,0.782104492,0.785827637,0.79498291,1.794174756162209
bv_split,2,float,vienot,0,1024,1.110839844,1.141357422,1.85546875,0.779052734,0.782714844,2.949829102,1.4582033683776667
bv_split,2,float,vienot,1,1024,1.116943359,1.147460938,3.436279297,0.779663086,0.7833251955,0.789428711,1.4648589686529494
default,0,double,brettel,0,8191,4.550726407,7.555930289000001,11.55078745,4.096050543,4.188255402499999,5.035877793,1.8040758174608484
default,0,double,brettel,1,8191,7.985899158,9.196068856,11.342479551,4.056990905,4.1356900865,4.30757844,2.223587518324555
default,0,double,brettel,2,8191,8.498657063,8.7924246125,10.433707728,4.089549506,4.1840014955000004,4.276538274,2.1014391658216365
default,0,double,lookup,0,8191,8.479581248,8.5085764865,8.681021853,5.829927665,5.917798498,6.040234709,1.4377942218505058
default,0,double,lookup,1,8191,8.481107313,8.5715266755,9.228116225,5.824189659,5.927927756,6.178748016,1.4459566695670776
default,0,double,lookup,2,8191,8.452875107,8.541005371499999,8.662709071,5.821816628,5.916318215,6.037854047,1.443635223988708
default,0,double,lookupApply,0,8191,11.547735319,11.594661824,11.648455622,10.165326273,10.224087413,10.614668539,1.1340534715359831
default,0,double,lookupApply,1,8191,11.549261384,11.631287388499999,11.861341717,10.167615371,10.2345180685,10.688751373,1.1364763158022069
default,0,double,lookupApply,2,8191,11.554602613,11.687370284499998,12.168843853,10.169294042,10.218883531,10.697991698,1.1437032479179547
default,0,double,prepared,0,8191,1.213221829,1.213984861,1.29868148,1.166409779,1.221107771,1.78088756,0.9941668457369927
default,0,double,prepared,1,8191,1.211695764,1.2128403125,1.353619827,1.16573068,1.200776767,1.387269564,1.0100464514567011
default,0,double,prepared,2,8191,1.20482847,1.2181815404999998,3.512239043,1.165799353,1.2016924059999998,1.659794286,1.0137215933276023
default,0,double,vienot,0,8191,0.895800269,0.9030490785,0.991179343,1.193245635,1.202272311,1.38389696,0.7511185862285071
default,0,double,vienot,1,8191,0.900378464,0.901141497,0.988127213,1.196686912,1.202573709,1.302252472,0.7493440861511468
default,0,float,brettel,0,8191,3.445092174,3.6511109755,3.870864363,2.116560859,2.1234434135,2.705271029,1.7194293722581462
default,0,float,brettel,1,8191,6.767336101,7.867247589,10.094921255,2.092632157,2.0950051885,2.193924734,3.7552401455544175
default,0,float,brettel,2,8191,6.404895617,6.618544744,8.362074228,2.080782261,2.0832315955,2.156307227,3.1770566260116038
default,0,float,lookup,0,8191,6.983274325,7.1652576,9.070168478,4.465282017,4.5369498534999995,4.593723294,1.5793116149327528
default,0,float,lookup,1,8191,6.987089488,7.141603589,7.581491881,4.466892016,4.5393572209999995,4.600064095,1.5732631827170318
default,0,float,lookup,2,8191,7.065681846,7.1572457575,7.427359297,4.465976377,4.535160542,4.55992095,1.5781681136129448
default,0,float,lookupApply,0,8191,9.685172751,9.756134782,12.494658772,10.034603528,10.104394304500001,10.348812721,0.9655338546769792
default,0,float,lookupApply,1,8191,9.653125382,9.716075571000001,10.21395434,10.027049506,10.0633507815,10.175589061,0.9654910955565204
default,0,float,lookupApply,2,8191,9.649310219,9.7351513855,10.253632035,10.023303016,10.0446183315,10.383805396,0.9691907710391036
default,0,float,prepared,0,8191,1.445183738,1.486005982,1.558875595,0.766367049,0.7670957455,0.901072824,1.937184491919464
default,0,float,prepared,1,8191,1.459681358,1.486005982,1.575662312,0.766298376,0.7669812905,0.836398181,1.937473573874616
default,0,float,prepared,2,8191,1.484861433,1.487150531,1.561927726,0.766138139,0.7668706505,0.83708491,1.9392455951083498
default,0,float,vienot,0,8191,6.80548773,7.021044439,7.720363814,0.766061836,0.766946954,0.915898547,9.154537223704782
default,0,float,vienot,1,8191,6.788701013,6.868819436,6.911549261,0.76590923,0.7668706505,0.85298651,8.956946561354938
prepared,0,double,brettel,0,8191,3.748779148,3.7674734465,4.408802344,4.002479856,4.108175130999999,4.204004395,0.9170673903531793
prepared,0,double,brettel,1,8191,3.747253083,3.7674734465000004,3.928854841,4.083513918,4.1924101149999995,5.583391832,0.8986414361086429
prepared,0,double,brettel,2,8191,3.761750702,3.8090587229999997,4.074594067,4.064018435,4.1609617265,4.261567574,0.915427483685123
prepared,0,double,lookup,0,8191,8.487974606,8.507431937500002,9.081613967,5.839938652,5.9285687035,11.36095257,1.4349891791719542
prepared,0,double,lookup,1,8191,8.467372726,8.50819497,9.189964595,5.83427695,5.918519564,6.037785374,1.4375545908054381
prepared,0,double,lookup,2,8191,8.465083628,8.489882187500001,9.243376877,5.829858992,5.916730253,6.372459101,1.43489424470472
prepared,0,double,lookupApply,0,8191,11.547735319,11.6297613235,11.717128556,10.192078196,10.285439049,10.645723965,1.1307014963674011
prepared,0,double,lookupApply,1,8191,11.546972287,11.626709193,11.721706751,10.191391466,10.282612013,10.403682395,1.1307155398162159
prepared,0,double,lookupApply,2,8191,11.559180808,11.655704432,12.264222928,10.195672079,10.313072274500001,10.720340923,1.130187408927578
prepared,0,double,prepared,0,8191,1.213221829,1.214747894,1.30173361,1.180861616,1.2148814250000002,1.29048651,0.9998900872157132
prepared,0,double,prepared,1,8191,1.213221829,1.214747894,2.530216091,1.177267733,1.2148814245,1.317703882,0.999890087627231
prepared,0,double,prepared,2,8191,1.207880601,1.214747894,3.663319497,1.173597546,1.223408314,1.348583812,0.9929210714845608
prepared,0,double,vienot,0,8191,1.077402027,1.091136613,1.187278721,1.168248688,1.204981077,1.323434257,0.9055217827292071
prepared,0,double,vienot,1,8191,1.085795385,1.086558418,1.174307166,1.167943475,1.2036839215000001,1.279170736,0.9026941363858701
prepared,0,float,brettel,0,8191,3.663319497,3.7724331585,4.166157978,2.114195458,2.1170530155,2.363104322,1.7819266361683612
prepared,0,float,brettel,1,8191,3.690025638,3.7689995119999997,4.350811867,2.090793249,2.0927466125,2.353848736,1.8009822543674048
prepared,0,float,brettel,2,8191,3.700708094,3.772051642,4.404987181,2.078569466,2.0842616895,2.243460811,1.8097783311004911
prepared,0,float,lookup,0,8191,6.694084971,6.9893785865,7.683738249,4.469188744,4.547811622499999,4.806006593,1.5368663363100856
prepared,0,float,lookup,1,8191,6.742919058,6.9325326574999995,7.389207667,4.472477414,4.5514741789999995,4.943695825,1.5231400607490957
prepared,0,float,lookup,2,8191,6.895525577,6.995482847,7.2167623,4.469188744,4.5347065375,4.560996826,1.5426539268088195
prepared,0,float,lookupApply,0,8191,9.63786473,9.674108778,9.866774509,10.02856031,10.092975522,10.596111586,0.9584991816251827
prepared,0,float,lookupApply,1,8191,9.624893175,9.674108778,10.236082285,10.02856031,10.056319435999999,10.267397143,0.9619929875505201
prepared,0,float,lookupApply,2,8191,9.64091686,9.68936943,10.405475522,10.029933769,10.056739104,10.35813698,0.9634702988512567
prepared,0,float,prepared,0,8191,1.443657673,1.4631150045,1.675619582,0.766214443,0.767133897,0.933402515,1.9072485392990006
prepared,0,float,prepared,1,8191,1.45739226,1.462733488,1.809150287,0.76637468,0.7672483514999999,0.8448068,1.906466771991494
prepared,0,float,prepared,2,8191,1.448998901,1.4650225854999999,1.568031986,0.766222073,0.767137712,0.836237944,1.9097256758249421
prepared,0,float,vienot,0,8191,6.801672567,6.991667683999999,7.489164937,0.765993163,0.766824869,0.901904529,9.117685102098585
prepared,0,float,vienot,1,8191,6.788701013,6.862333659,7.094677085,0.76614577,0.766832499,0.94686241,8.948934308273234
bv_direct,0,double,brettel,0,8191,3.786167745,3.860181907,4.585062874,4.002250946,4.119143725,4.208590221,0.9371321237401106
bv_direct,0,double,brettel,1,8191,3.785404712,3.8659046515,3.931906971,4.060661091,4.142687096,4.31109602,0.9331877020672767
bv_direct,0,double,brettel,2,8191,3.78769381,3.8674307165000004,3.991423514,4.131676535,4.209345623,4.275615004,0.9187724323154256
bv_direct,0,double,lookup,0,8191,8.498657063,8.5223110735,8.946557197,5.84551642,5.936523318500001,6.185325357,1.4355727445627817
bv_direct,0,double,lookup,1,8191,8.507050421,8.5421499205,9.517305579,5.837954767,5.940159168499999,6.176993041,1.4380338435707358
bv_direct,0,double,lookup,2,8191,8.462031498,8.521929557,8.816078623,5.839091686,5.935161304999999,6.052313515,1.4358379021343213
bv_direct,0,double,lookupApply,0,8191,11.553076547,11.6377731655,12.042943475,10.162266512,10.195691155,10.449548285,1.1414403387251288
bv_direct,0,double,lookupApply,1,8191,11.551550482,11.6324319375,12.820473691,10.165929068,10.227402789500001,10.38787236,1.1373788807303529
bv_direct,0,double,lookupApply,2,8191,11.566048102,11.6568489805,12.062782322,10.171514467,10.2063087535,10.562919668,1.1421219230216382
bv_direct,0,double,prepared,0,8191,1.211695764,1.213984861,1.306311806,1.164654804,1.1990904654999999,1.272143206,1.0124214110015373
bv_direct,0,double,prepared,1,8191,1.211695764,1.212458796,1.306311806,1.164273288,1.2005058905000001,1.358213283,1.0099565571436069
bv_direct,0,double,prepared,2,8191,1.205591503,1.2368758395000001,3.580148944,1.164044378,1.198670797,1.339946283,1.0318728399787653
bv_direct,0,double,vienot,0,8191,1.074349896,1.089610548,1.344463435,1.171834941,1.1988615555,1.273745574,0.9088710393633104
bv_direct,0,double,vienot,1,8191,1.085795385,1.08732145,1.515382737,1.17252167,1.1995520995,1.391016054,0.9064395372683018
bv_direct,0,float,brettel,0,8191,2.361585887,2.423010011,2.577524112,2.114500671,2.1193497435,2.690597912,1.143279922736358
bv_direct,0,float,brettel,1,8191,2.418050299,2.425680625,2.83848126,2.091335002,2.092784764,2.197518618,1.1590683699186182
bv_direct,0,float,brettel,2,8191,2.415761201,2.4264436575,3.487822,2.08193444,2.0879662125,2.169080393,1.162108679237069
bv_direct,0,float,lookup,0,8191,6.711634721,6.8154071545,8.767244537,4.461695764,4.547468258,4.757691369,1.4987256134246114
bv_direct,0,float,lookup,1,8191,6.72002808,6.8047246975,7.006165303,4.463603345,4.535229215,4.662144427,1.5004147254550617
bv_direct,0,float,lookup,2,8191,6.716975949,6.818840801,7.390733732,4.463061592,4.539712031500001,4.553885362,1.502042586332714
bv_direct,0,float,lookupApply,0,8191,9.633286534,9.725994994499999,9.940025638,10.032840923,10.0840747465,10.320984922,0.9644905694372917
bv_direct,0,float,lookupApply,1,8191,9.634812599,9.671819679999999,10.219295568,10.026126236,10.0570176105,10.405742583,0.9616985924238775
bv_direct,0,float,lookupApply,2,8191,9.630997436,9.685554267,10.583262117,10.027431022,10.04962001,10.490675742,0.9637731832011827
bv_direct,0,float,prepared,0,8191,1.444420706,1.484479917,1.663411061,0.766519656,0.767214015,0.91597485,1.93489676671248
bv_direct,0,float,prepared,1,8191,1.459681358,1.486387498,1.676382615,0.76637468,0.7673284705000001,0.873550238,1.9370941586872865
bv_direct,0,float,prepared,2,8191,1.478757173,1.486005982,1.561927726,0.76637468,0.7672102000000001,0.869574838,1.936895497479048
bv_direct,0,float,vienot,0,8191,1.124710048,1.150653156,1.290288121,0.76614577,0.7670575935,0.93516512,1.5000870413780734
bv_direct,0,float,vienot,1,8191,1.153705286,1.157138933,1.267397143,0.766214443,0.766985106,0.866515078,1.508685010892506
bv_split,0,double,brettel,0,8191,3.786167745,3.870482847,4.427878159,4.01638994,4.102204401,4.203378708,0.9435129185801876
bv_split,0,double,brettel,1,8191,3.786167745,3.831949701,3.886125015,4.058364363,4.1854932245,4.555029911,0.9155312159077179
bv_split,0,double,brettel,2,8191,3.783878647,3.8395800265,3.986082285,4.071580088,4.1635903735,4.321717434,0.9221800614531563
bv_split,0,double,lookup,0,8191,8.510865584,8.548254181499999,9.158680259,5.802786595,5.90625,6.056044744,1.4473234593015871
bv_split,0,double,lookup,1,8191,8.507050421,8.5394793065,9.4616042,5.806449152,5.8885133075,5.981130204,1.4501927499465026
bv_split,0,double,lookup,2,8191,8.498657063,8.584879746,8.938163838,5.804923086,5.9607572335,6.553480955,1.4402330794067895
bv_split,0,double,lookupApply,0,8191,11.552313515,11.657612013,12.971554145,10.149035527,10.23782963,10.497176779,1.1386800165964472
bv_split,0,double,lookupApply,1,8191,11.55689171,11.6358655845,11.898730314,10.149424673,10.2264413685,10.409031254,1.1378215710835031
bv_split,0,double,lookupApply,2,8191,11.559180808,11.6476925895,12.43819436,10.150340313,10.2458948845,10.484632524,1.1368155462067682
bv_split,0,double,prepared,0,8191,1.211695764,1.213984861,1.30478574,1.165570443,1.2066979,1.503845684,1.006038761648628
bv_split,0,double,prepared,1,8191,1.210932731,1.212458796,1.567268954,1.16572305,1.2143434865,1.295530155,0.9984479757820153
bv_split,0,double,prepared,2,8191,1.208643633,1.244506165,3.419912099,1.166028263,1.2128174215,1.477238738,1.0261282060582604
bv_split,0,double,vienot,0,8191,1.08732145,1.101056037,1.237638872,1.170079966,1.1991667685,1.284824808,0.9181842475315392
bv_split,0,double,vienot,1,8191,1.086558418,1.08732145,1.177359297,1.170240203,1.1993613415,1.420285985,0.9065837061582496
bv_split,0,float,brettel,0,8191,2.373794408,2.428732755,2.630936394,2.11563759,2.1197274449999997,2.749603223,1.1457759631922868
bv_split,0,float,brettel,1,8191,2.425680625,2.429495788,2.609571481,2.091487608,2.093353223,2.310348248,1.1605761327361046
bv_split,0,float,brettel,2,8191,2.411946038,2.4302588204999998,3.54657551,2.08193444,2.145918539,2.395052497,1.132502830993996
bv_split,0,float,lookup,0,8191,6.684165548,6.772677329,8.890855817,4.463755952,4.5472355325,4.706850507,1.489405437786172
bv_split,0,float,lookup,1,8191,6.68492858,6.774203394,6.813118056,4.464976804,4.535729001,5.235326883,1.4935203122819902
bv_split,0,float,lookup,2,8191,6.716975949,6.794423758000001,7.530368697,4.474453669,4.547002808,4.758912221,1.4942642538170168
bv_split,0,float,lookupApply,0,8191,9.659992675,9.750793554000001,10.30780735,10.029628556,10.091403674999999,10.669629777,0.9662474981707639
bv_split,0,float,lookupApply,1,8191,9.636338664,9.6710566475,10.497802466,10.030399219,10.0811179955,10.167081248,0.9593238222007676
bv_split,0,float,lookupApply,2,8191,9.646258088,9.680976071,10.198693688,10.02786595,10.10416921,10.454515627,0.9581169782290294
bv_split,0,float,prepared,0,8191,1.444420706,1.461207423,1.764131364,0.766519656,0.767133897,0.923315224,1.9047619049481268
bv_split,0,float,prepared,1,8191,1.459681358,1.4615889389999999,2.102154804,0.766443352,0.7671720485,0.989439629,1.9051644828011483
bv_split,0,float,prepared,2,8191,1.458155292,1.4661671345,1.542088878,0.766519656,0.7670957455,0.84457026,1.9113222086042712
bv_split,0,float,vienot,0,8191,1.123947015,1.155231351,1.325387621,0.76591686,0.78043737,0.904506471,1.4802358208449193
bv_split,0,float,vienot,1,8191,1.154468319,1.1563759005,1.312416066,0.766214443,0.7797430105000001,0.851384141,1.4830218224828833
default,1,double,brettel,0,8191,4.538517885,10.031589549500001,13.437004029,4.013498047,4.1364569345,4.212329081,2.4251647504974168
default,1,double,brettel,1,8191,8.151477231,8.386491271,10.284153339,4.125793554,4.2369864790000005,4.497932182,1.9793528519777936
default,1,double,brettel,2,8191,8.491789769,8.87101697,12.673208399,4.08497131,4.2391267855,4.311019717,2.092651958498494
default,1,double,lookup,0,8191,8.484922476,8.5192589425,8.642107191,5.856221768,5.942455897,6.107656269,1.4336259435767758
default,1,double,lookup,1,8191,8.498657063,8.541005372,9.193779758,5.864561714,5.9450921745,6.046880723,1.436648099189198
default,1,double,lookup,2,8191,8.49789403,8.5623702845,8.922140154,5.852177695,6.0255577765,6.398074106,1.4210087434384424
default,1,double,lookupApply,0,8191,11.543157124,11.623657063,11.69194848,10.198823404,10.305918844,10.43610365,1.127862273994829
default,1,double,lookupApply,1,8191,11.547735319,11.604581248,11.657612013,10.204630082,10.29189049,10.400248749,1.127546125687546
default,1,double,lookupApply,2,8191,11.555365645,11.6621902085,11.881943597,10.285053717,10.3160862535,10.588465999,1.13048591509627
default,1,double,prepared,0,8191,1.210932731,1.213984861,1.393297522,1.190269808,1.219009431,1.295072335,0.9958781533003579
default,1,double,prepared,1,8191,1.210932731,1.212458796,1.300207545,1.194161275,1.2173269439999999,1.677687401,0.996000952723511
default,1,double,prepared,2,8191,1.205591503,1.2143663775,1.451287999,1.192940422,1.219738127,1.392771029,0.9955959813167339
default,1,double,vienot,0,8191,0.903430595,0.9152576,1.080454157,1.170240203,1.207544866,1.745414174,0.757949146048541
default,1,double,vienot,1,8191,0.899615432,0.901141497,0.988890245,1.16924063,1.2044088025,1.341777561,0.748202350505488
default,1,float,brettel,0,8191,3.447381272,3.6183005735,3.9021487,2.115027164,2.1225277745,2.328775485,1.7047129450884837
default,1,float,brettel,1,8191,6.752075449,7.791325845499999,9.887376389,2.091251068,2.0969165849999998,2.176642046,3.715610769276261
default,1,float,brettel,2,8191,6.37055915,6.510957148,8.278140642,2.078722073,2.0802519530000003,2.156459834,3.129888732280882
default,1,float,lookup,0,8191,6.965724576,7.065681846,8.900775241,4.487379441,4.576669515,4.774592541,1.5438479494405881
default,1,float,lookup,1,8191,6.993193749,7.066826395,7.131302649,4.493415029,4.5630264925,4.607938591,1.5487147415460683
default,1,float,lookup,2,8191,6.971065804,7.1530490780000004,7.634141131,4.491278537,4.559928579999999,4.612448114,1.568675682635363
default,1,float,lookupApply,0,8191,9.635575632,9.684409718,10.346722012,10.030025333,10.113352307500001,10.315094311,0.9575865077713251
default,1,float,lookupApply,1,8191,9.643205958,9.67181968,10.432944695,10.030177939,10.056128678,10.181929862,0.9617836037797766
default,1,float,lookupApply,2,8191,9.629471371,9.680594554999999,10.368086925,10.029567513,10.039048193,10.195839946,0.9642940614380214
default,1,float,prepared,0,8191,1.443657673,1.484479917,1.626022464,0.76637468,0.7670232575,1.320374496,1.935377972551243
default,1,float,prepared,1,8191,1.46044439,1.4867690145,1.572610182,0.766069466,0.7671682335000001,0.862844891,1.9379960608079583
default,1,float,prepared,2,8191,1.484098401,1.486387498,1.567268954,0.766214443,0.767061409,0.84503571,1.9377685809246599
default,1,float,vienot,0,8191,6.803961665,7.0321084119999995,7.367842754,0.766061836,0.766832499,0.935088817,9.170331749332913
default,1,float,vienot,1,8191,6.788701013,6.862715175,6.977170065,0.766061836,0.7667943475,0.839839458,8.949877105086511
prepared,1,double,brettel,0,8191,3.748779148,3.8357648639999997,4.759034306,4.006768099,4.1220127269999995,4.228917409,0.930556288406142
prepared,1,double,brettel,1,8191,3.760987669,3.7735777075000003,4.11961299,4.107526554,4.1800718775,4.281063057,0.9027542631053719
prepared,1,double,brettel,2,8191,3.759461604,3.8269899890000003,6.137834208,4.14513643,4.2501297155,4.337390123,0.9004407500889134
prepared,1,double,lookup,0,8191,8.479581248,8.504379807,8.771822732,5.843456232,5.9309875165,6.044820535,1.4338893452971913
prepared,1,double,lookup,1,8191,8.485685508,8.551306312000001,9.177756074,5.850338786,5.9907329695,6.355954706,1.4274223797883137
prepared,1,double,lookup,2,8191,8.479581248,8.553976926,8.810737395,5.840625382,5.927164723000001,6.292355939,1.4431819134040287
prepared,1,double,lookupApply,0,8191,11.542394091,11.6038182155,11.749175925,10.209368514,10.235895342500001,10.728131486,1.133639786968152
prepared,1,double,lookupApply,1,8191,11.550024417,11.6286167745,11.842265902,10.228177268,10.3027827795,10.447648334,1.1286869793700867
prepared,1,double,lookupApply,2,8191,11.549261384,11.6557044315,11.818611891,10.234518069,10.3074105725,10.562858625,1.130808203429601
prepared,1,double,prepared,0,8191,1.211695764,1.2136033450000001,1.304022708,1.182319009,1.1966449455000001,1.276271212,1.0141716217193515
prepared,1,double,prepared,1,8191,1.213221829,1.215510927,1.310126969,1.18421896,1.197945916,1.33825998,1.0146626076898781
prepared,1,double,prepared,2,8191,1.209406666,1.2227597365,1.497069955,1.182776828,1.196419851,1.325959895,1.0220155871519387
prepared,1,double,vienot,0,8191,1.081980222,1.090373581,1.179648395,1.172224087,1.2077318094999998,1.332232023,0.9028275751480073
prepared,1,double,vienot,1,8191,1.085795385,1.08732145,1.186515688,1.172300391,1.208304084,1.31601758,0.899874017143519
prepared,1,float,brettel,0,8191,3.656452204,3.770525577,4.072304969,2.114958491,2.1205744104999997,2.30523593,1.7780680358728682
prepared,1,float,brettel,1,8191,3.68773654,3.765184349,4.311897204,2.091029789,2.0949288855,2.355000916,1.7972850415403756
prepared,1,float,brettel,2,8191,3.69078867,3.7754852889999997,4.306555976,2.079714015,2.0841090835,2.158306373,1.8115583866942058
prepared,1,float,lookup,0,8191,6.70553046,6.9241392995,8.652789647,4.463755952,4.53955561,4.634698144,1.5252901152366323
prepared,1,float,lookup,1,8191,6.710871688,6.8634782075,7.011506532,4.46536595,4.54704859,4.662060493,1.5094358618894812
prepared,1,float,lookup,2,8191,6.908497131,6.9935752655,7.721126847,4.479123428,4.549612379499999,4.724056892,1.5371804633318216
prepared,1,float,lookupApply,0,8191,9.687461848,9.738585032500001,10.355878403,10.032550971,10.0769976195,10.381905445,0.966417319942089
prepared,1,float,lookupApply,1,8191,9.646258088,9.7176016355,10.332987425,10.030635759,10.0405780735,10.345134904,0.9678328841590874
prepared,1,float,lookupApply,2,8191,9.671438164,9.725613478,11.33942742,10.029414907,10.0431342325,10.548712001,0.9683842964607114
prepared,1,float,prepared,0,8191,1.44289464,1.4608259065,1.608472714,0.766138139,0.7672140155,0.940666585,1.9040657195866881
prepared,1,float,prepared,1,8191,1.458918325,1.4615889389999999,1.545904041,0.766214443,0.767137712,0.857190819,1.9052497565130782
prepared,1,float,prepared,2,8191,1.459681358,1.4684562325,1.546667074,0.766450983,0.767061409,0.838305762,1.9143920099101217
prepared,1,float,vienot,0,8191,6.789464046,6.897433158,7.448724209,0.76591686,0.7668630205,0.899615432,8.994348369416517
prepared,1,float,vienot,1,8191,6.788701013,6.859663045,6.89934074,0.765756623,0.766714229,0.833414723,8.94683153845577
bv_direct,1,double,brettel,0,8191,3.769381028,3.8292790864999997,4.606427787,4.006760469,4.1024752775,4.190231657,0.9334069866311339
bv_direct,1,double,brettel,1,8191,3.772433158,3.8025729459999997,3.954034916,4.112867782,4.21301581,4.416745513,0.9025774213745473
bv_direct,1,double,brettel,2,8191,3.786167745,3.8636155535,6.335459651,4.14513643,4.2388940605,4.322259187,0.9114678258895355
bv_direct,1,double,lookup,0,8191,8.47729215,8.5627518005,8.971737273,5.855611342,5.946122268,6.103604566,1.4400564627777344
bv_direct,1,double,lookup,1,8191,8.483396411,8.56694848,9.431845928,5.837413014,5.940735258,6.514200037,1.4420687184239445
bv_direct,1,double,lookup,2,8191,8.48034428,8.55359541,8.910694665,5.855924185,5.9642481075,6.096798315,1.4341448001205575
bv_direct,1,double,lookupApply,0,8191,11.505768526,11.590846660499999,12.099407887,10.208521548,10.3049650535,10.7006089,1.124782723699122
bv_direct,1,double,lookupApply,1,8191,11.511872787,11.590846661,11.75375412,10.207232023,10.299387285000002,10.530132157,1.1253918646093517
bv_direct,1,double,lookupApply,2,8191,11.49508607,11.646929557,11.999450617,10.275416616,10.3130264925,10.643129654,1.1293415725703857
bv_direct,1,double,prepared,0,8191,1.210932731,1.212458796,1.320809425,1.182700525,1.2174413990000001,1.419683189,0.9959073159463011
bv_direct,1,double,prepared,1,8191,1.210932731,1.212458796,1.300207545,1.185371139,1.2147669694999998,1.295461482,0.9980999042960891
bv_direct,1,double,prepared,2,8191,1.206354535,1.214747894,1.405506043,1.1844555,1.2179030339999999,1.373733366,0.9974093668281314
bv_direct,1,double,vienot,0,8191,1.086558418,1.089229032,1.188804786,1.170003663,1.1955385485,1.275500549,0.9110781357628469
bv_direct,1,double,vienot,1,8191,1.085795385,1.08732145,1.170492003,1.170156269,1.1954240935,1.337573251,0.9095696296504333
bv_direct,1,float,brettel,0,8191,2.363111952,2.4252991085,2.575235014,2.113882615,2.1182433465,2.765047003,1.1449577370359039
bv_direct,1,float,brettel,1,8191,2.421102429,2.42415456,3.00024417,2.091487608,2.0924452144999997,2.299116408,1.1585271352393633
bv_direct,1,float,brettel,2,8191,2.420339397,2.428351239,3.085703821,2.085139177,2.090877182,2.169385606,1.1614030990941295
bv_direct,1,float,lookup,0,8191,6.742156025,7.1133713830000005,8.908405567,4.474842815,4.5471630444999995,4.600369308,1.5643537109591763
bv_direct,1,float,lookup,1,8191,6.745971188,7.007309852500001,7.202264681,4.494109388,4.5692566535,7.198006959,1.533577643779865
bv_direct,1,float,lookup,2,8191,6.744445123,7.0191368575,7.825662312,4.487913564,4.564747131000001,4.596928031,1.5376836122710515
bv_direct,1,float,lookupApply,0,8191,9.656940545,9.7076822125,9.983518496,10.033161397,10.1696526675,12.923734892,0.9545736250682035
bv_direct,1,float,lookupApply,1,8191,9.636338664,9.6775424245,10.313148578,10.02903339,10.058238463,10.124282749,0.9621508239339901
bv_direct,1,float,lookupApply,2,8191,9.648547186,9.684409718,10.558082041,10.030177939,10.053263490500001,10.453996765,0.9633100462502991
bv_direct,1,float,prepared,0,8191,1.445183738,1.479520205,1.783970211,0.766222073,0.767057594,0.929053229,1.928825444885694
bv_direct,1,float,prepared,1,8191,1.458918325,1.4867690145,1.684775974,0.766222073,0.767214015,0.870566781,1.9378804159358327
bv_direct,1,float,prepared,2,8191,1.478757173,1.479520205,1.553534367,0.766298376,0.767057594,0.836550787,1.928825444885694
bv_direct,1,float,vienot,0,8191,1.124710048,1.1556128675,1.323861555,0.765756623,0.7667523805,0.933333842,1.5071526308746814
bv_direct,1,float,vienot,1,8191,1.154468319,1.155994384,1.245269198,0.76614577,0.7667905325,0.847942864,1.5075751916642242
bv_split,1,double,brettel,0,8191,3.76709193,3.8266084725,4.37828104,4.046132951,4.1298834085,4.239546453,0.9265657390289013
bv_split,1,double,brettel,1,8191,3.767854963,3.7999023320000003,3.944115493,4.096744903,4.201627548499999,4.37171896,0.9043881896091868
bv_split,1,double,brettel,2,8191,3.785404712,3.850262483,5.866194604,4.102933097,4.235490935,4.276316994,0.9090475087984105
bv_split,1,double,lookup,0,8191,8.503998291,8.530322915,8.622268343,5.838794103,5.930567848500001,6.098713527,1.4383652852327702
bv_split,1,double,lookup,1,8191,8.507050421,8.527270784999999,9.304419485,5.84620315,5.984693566,6.148020693,1.424846684455957
bv_split,1,double,lookup,2,8191,8.485685508,8.558936638,8.867201807,5.851101819,5.943676749,6.448991271,1.4400070864284482
bv_split,1,double,lookupApply,0,8191,11.55078745,11.6057257965,11.678976926,10.208071359,10.268537877,10.326944207,1.1302218422444643
bv_split,1,double,lookupApply,1,8191,11.542394091,11.625564644,11.991820291,10.205164205,10.28604566,10.686157063,1.1302268168232108
bv_split,1,double,lookupApply,2,8191,11.549261384,11.641969845,11.836161641,10.248893603,10.3123016115,10.616751618,1.1289400061783676
bv_split,1,double,prepared,0,8191,1.206354535,1.213221829,1.307074838,1.184531803,1.217212489,1.302107496,0.9967214762943498
bv_split,1,double,prepared,1,8191,1.210169698,1.211695764,1.29868148,1.185981565,1.2190895495,1.793958308,0.9939349939444295
bv_split,1,double,prepared,2,8191,1.207880601,1.213984861,1.511567574,1.184608106,1.215797064,1.344379502,0.9985094527255742
bv_split,1,double,vienot,0,8191,1.077402027,1.091136613,1.2429801,1.181624649,1.2000824075,1.276339885,0.9092180721764309
bv_split,1,double,vienot,1,8191,1.086558418,1.08732145,1.169728971,1.181395739,1.2000862225,1.275889696,0.9060361077514161
bv_split,1,float,brettel,0,8191,2.3478513,2.439796728,2.598889025,2.116484556,2.1217571115,2.338176047,1.1498944505835347
bv_split,1,float,brettel,1,8191,2.426443658,2.429495788,2.961329508,2.091106092,2.0984808025,2.432975217,1.157740297221518
bv_split,1,float,brettel,2,8191,2.408130875,2.427969723,3.065864974,2.079485106,2.0889657855,2.227864424,1.1622831450151578
bv_split,1,float,lookup,0,8191,6.895525577,6.9909046515,9.269319985,4.489599866,4.5708208705,5.229214992,1.5294637111288214
bv_split,1,float,lookup,1,8191,6.893236479,6.997771945,7.051947259,4.486158589,4.562335947999999,4.67017153,1.533813385239118
bv_split,1,float,lookup,2,8191,6.945885728,7.1892931265,7.518160176,4.497092846,4.564861586,5.04612532,1.5749202886126676
bv_split,1,float,lookupApply,0,8191,9.645495056,9.742400195,9.907215236,10.030483152,10.120311165,10.281528507,0.9626581669438224
bv_split,1,float,lookupApply,1,8191,9.646258088,9.6851727505,10.70763643,10.030414479,10.0575441035,10.13835307,0.9629759164694673
bv_split,1,float,lookupApply,2,8191,9.659229642,9.696236722999998,10.518404346,10.02856794,10.0408413195,10.111822427,0.9656797089472218
bv_split,1,float,prepared,0,8191,1.446709803,1.4612074224999998,1.831278232,0.766298376,0.7672483514999999,1.474415517,1.9044777608753194
bv_split,1,float,prepared,1,8191,1.458155292,1.4608259065,1.89232084,0.766519656,0.7670232575,0.837619033,1.9045392590328332
bv_split,1,float,prepared,2,8191,1.45739226,1.462733488,1.541325845,0.766222073,0.7672483514999999,0.8670492,1.906466771991494
bv_split,1,float,vienot,0,8191,1.124710048,1.149890123,1.323861555,0.76590923,0.766908802,0.95740752,1.4993831339544335
bv_split,1,float,vienot,1,8191,1.155231351,1.156757417,1.353619827,0.76591686,0.7668706505,0.856885606,1.508412685041204
default,2,double,brettel,0,8191,4.514100842,4.602612623500001,5.123000855,4.011430228,4.1031276705,4.199563545,1.121732734906378
default,2,double,brettel,1,8191,8.001922842,8.362837260500001,10.201745819,4.120292089,4.197079874,4.365912282,1.9925370761481012
default,2,double,brettel,2,8191,8.422353803,8.708109510500002,10.238371383,4.06646777,4.154193627,4.2469555,2.096221383110798
default,2,double,lookup,0,8191,8.490263704,8.5551214745,12.031497986,5.849041631,5.944828928,6.220104383,1.4390862341228334
default,2,double,lookup,1,8191,8.504761323,8.642870223500001,9.228116225,5.807143511,5.940548315,6.119887682,1.4548943574243114
default,2,double,lookup,2,8191,8.491789769,8.595180686500001,8.99157612,5.806845928,5.9829004395,7.184249481,1.4366243886917018
default,2,double,lookupApply,0,8191,11.552313515,11.630524356,13.430899768,10.186508058,10.24238875,10.394220791,1.1355285021767993
default,2,double,lookupApply,1,8191,11.551550482,11.626709193,11.742308631,10.192246063,10.243766023500001,10.575242644,1.1350033929247718
default,2,double,lookupApply,2,8191,11.563759004,11.6618086925,11.949853498,10.20715572,10.308291874999998,10.534336467,1.1313036955019282
default,2,double,prepared,0,8191,1.210932731,1.2136033450000001,1.312416066,1.187438957,1.201654255,1.277568368,1.0099438669236853
default,2,double,prepared,1,8191,1.210932731,1.213984861,1.323098523,1.185752655,1.2012345865,1.294843426,1.0106143085150003
default,2,double,prepared,2,8191,1.207117568,1.2151294105,3.409229642,1.177351666,1.2001281895,1.386193688,1.0124996822266543
default,2,double,vienot,0,8191,0.898852399,0.90495666,1.068245635,1.170926932,1.201730558,1.31625412,0.7530445605927581
default,2,double,vienot,1,8191,0.900378464,0.901141497,1.055274081,1.170774325,1.200658497,1.415860396,0.7505393908856
default,2,float,brettel,0,8191,3.603039922,4.1997314125,5.268740081,2.115416311,2.1189682275,2.303931144,1.9819699785942169
default,2,float,brettel,1,8191,6.58802344,7.0183738245,9.275424246,2.091792821,2.0931281285,2.30102399,3.353055041847621
default,2,float,brettel,2,8191,6.412525943,6.723843242499999,8.95342449,2.080858564,2.0823541079999996,2.160519167,3.2289624596836344
default,2,float,lookup,0,8191,6.745208155,7.0736936880000005,9.307471615,4.462382493,4.5383729095,4.68422659,1.5586409114140691
default,2,float,lookup,1,8191,6.76428397,6.998153460999999,7.1137529,4.465213344,4.542115583999999,4.713046331,1.5407255345177937
default,2,float,lookup,2,8191,6.735288732,7.0469875470000005,7.281620071,4.476910634,4.5476971675,4.682395312,1.5495727370241612
default,2,float,lookupApply,0,8191,9.647021121,9.66457087,9.732480772,10.034000733,10.111025058,10.45177634,0.9558448144041778
default,2,float,lookupApply,1,8191,9.640153827,9.670675131,10.221584666,10.034534855,10.052996429,10.245681236,0.9619694187001685
default,2,float,lookupApply,2,8191,9.640153827,9.692803077,10.464229032,10.033085093,10.044355085,10.254318764,0.9650000418120425
default,2,float,prepared,0,8191,1.44289464,1.485624466,1.627548529,0.766603589,0.767133897,1.222294286,1.9365908243786025
default,2,float,prepared,1,8191,1.458918325,1.503937248,1.603894518,0.766450983,0.7671758635,0.863836833,1.9603552712656476
default,2,float,prepared,2,8191,1.484861433,1.4867690145,1.569558052,0.766450983,0.766977475,0.773486143,1.9384780687333745
default,2,float,vienot,0,8191,6.803961665,7.0679709435,8.465083628,0.76614577,0.767057594,0.956034062,9.21439406738994
default,2,float,vienot,1,8191,6.788701013,6.8608075935,6.896288609,0.766222073,0.7668668354999999,0.854741485,8.946543618654117
prepared,2,double,brettel,0,8191,3.759461604,3.8266084730000003,4.662129166,4.050947686,4.1595081490000005,4.253532841,0.9199665767982608
prepared,2,double,brettel,1,8191,3.752594311,3.768236479,3.918935417,4.05851697,4.13963115,4.336245574,0.9102831490192068
prepared,2,double,brettel,2,8191,3.760987669,3.796468685,3.939537297,4.102780491,4.1950540225,4.286327982,0.9049868403691099
prepared,2,double,lookup,0,8191,8.505524356,8.536427176,8.825998047,5.800192284,5.9087451165000004,6.137467953,1.4447106801344796
prepared,2,double,lookup,1,8191,8.507813454,8.5211665245,9.283817605,5.833903064,5.919946435,5.997268343,1.4393992611353754
prepared,2,double,lookup,2,8191,8.476529117,8.5463466,8.866438774,5.834895007,5.9305716645,6.277980405,1.4410662383793202
prepared,2,double,lookupApply,0,8191,11.548498352,11.627853742,12.223019167,10.158985472,10.2428122325,10.353780063,1.1352208239359618
prepared,2,double,lookupApply,1,8191,11.546972287,11.6259461605,11.652270785,10.162045233,10.2443421135,10.461947564,1.134865082764009
prepared,2,double,lookupApply,2,8191,11.541631058,11.617552801999999,11.791142718,10.171911244,10.264982145,10.396120742,1.131765514824478
prepared,2,double,prepared,0,8191,1.210932731,1.213984861,1.303259675,1.163815468,1.1967975525,1.280322915,1.014361082594209
prepared,2,double,prepared,1,8191,1.213984861,1.2189445735,1.505463313,1.163731535,1.1972248505,1.279399646,1.018141724163952
prepared,2,double,prepared,2,8191,1.210169698,1.2334421925,3.544286412,1.163739165,1.1966487605,1.285366561,1.0307470606367624
prepared,2,double,vienot,0,8191,1.074349896,1.088847516,1.338359175,1.186134172,1.2234426505,1.322900134,0.8899865601015353
prepared,2,double,vienot,1,8191,1.086558418,1.08732145,1.178122329,1.185294836,1.2201501650000002,1.42977048,0.8911374035670435
prepared,2,float,brettel,0,8191,3.640428519,3.7663288975,4.414143572,2.113585032,2.1162213100000002,2.558799292,1.7797424492904288
prepared,2,float,brettel,1,8191,3.683921377,3.7628952509999998,4.118086925,2.091106092,2.093051825,2.39138994,1.7978031915191588
prepared,2,float,brettel,2,8191,3.688499573,3.76709193,4.597271395,2.079637712,2.0847271395,2.162197839,1.806995197896017
prepared,2,float,lookup,0,8191,6.885606153,6.9897601025,9.190727628,4.464526615,4.5359617265,4.698991271,1.540965405784713
prepared,2,float,lookup,1,8191,6.890184349,6.9733549015000005,7.01989989,4.47331675,4.5444848005,4.703577097,1.5344654471575672
prepared,2,float,lookup,2,8191,6.897051642,7.1667836650000005,7.254150897,4.464602918,4.541505158,5.068138811,1.578063530848466
prepared,2,float,lookupApply,0,8191,9.638627762,9.687843364999999,10.136125015,10.028186424,10.117484129,10.581201929,0.9575348220444933
prepared,2,float,lookupApply,1,8191,9.665333903,9.6939476255,10.348248077,10.028957087,10.0508599375,10.258370468,0.9644893756136873
prepared,2,float,lookupApply,2,8191,9.642442925,9.674490294,10.267366622,10.024211024,10.039887529,10.186286778,0.9636054453852638
prepared,2,float,prepared,0,8191,1.434501282,1.456247711,2.100628739,0.766138139,0.7671720485,0.88998596,1.8982022531286216
prepared,2,float,prepared,1,8191,1.453577097,1.4642595534999998,2.052557685,0.766367049,0.7670995604999999,0.857419729,1.9088259580615414
prepared,2,float,prepared,2,8191,1.459681358,1.463878037,1.563453791,0.765993163,0.7673284705000001,0.835932731,1.9077593146597573
prepared,2,float,vienot,0,8191,6.789464046,6.9825112925,7.422781101,0.76614577,0.7668630205,0.999916066,9.10529143516055
prepared,2,float,vienot,1,8191,6.794805274,6.8630966915,6.958857282,0.765993163,0.7669812905,0.94334483,8.948193100024518
bv_direct,2,double,brettel,0,8191,3.777774387,3.839198511,4.366072519,3.99858839,4.1124175925,4.262322976,0.933562417883271
bv_direct,2,double,brettel,1,8191,3.78769381,3.8288975704999997,3.930380906,4.052939202,4.1483449825,4.368506593,0.9229940100576
bv_direct,2,double,brettel,2,8191,3.786930778,3.8456842875,6.102734709,4.067009523,4.214316781,4.316605115,0.9125285277172428
bv_direct,2,double,lookup,0,8191,8.475766085,8.5127731655,8.666524234,5.805159626,5.9173406790000005,6.034191491,1.4386146796838837
bv_direct,2,double,lookup,1,8191,8.472713954,8.528415334,9.162495422,5.825570748,5.929762849499999,6.398684532,1.438238855491349
bv_direct,2,double,lookup,2,8191,8.475766085,8.565803931000001,8.882462459,5.822739897,5.915925253499999,6.039158833,1.447922947628906
bv_direct,2,double,lookupApply,0,8191,11.553076547,11.6156452205,11.956720791,10.168004517,10.252102155,14.142519228,1.1330013147435323
bv_direct,2,double,lookupApply,1,8191,11.554602613,11.632050420999999,11.672872665,10.167859541,10.241553229,10.440162984,1.1357701474482078
bv_direct,2,double,lookupApply,2,8191,11.552313515,11.6183158345,11.813270663,10.193848431,10.279239409,10.515077524,1.1302699910197218
bv_direct,2,double,prepared,0,8191,1.212458796,1.213984861,1.529117324,1.163510255,1.1824678,1.27527164,1.0266536314984644
bv_direct,2,double,prepared,1,8191,1.211695764,1.213221829,1.29868148,1.163128739,1.2007348005,1.277186851,1.0103994891251593
bv_direct,2,double,prepared,2,8191,1.206354535,1.217036992,1.517671835,1.163197412,1.201577951,1.497962703,1.0128656164064382
bv_direct,2,double,vienot,0,8191,1.074349896,1.1182242704999998,1.328439751,1.168859114,1.2158771825,1.28957087,0.9196852170552183
bv_direct,2,double,vienot,1,8191,1.086558418,1.088084483,1.257477719,1.16878281,1.220691918,1.425955317,0.8913669919128604
bv_direct,2,float,brettel,0,8191,2.361585887,2.423391527,2.635514589,2.114805885,2.1185104075,2.787907459,1.1439129675363655
bv_direct,2,float,brettel,1,8191,2.421865462,2.42720669,3.081125626,2.091953058,2.094585521,2.223431205,1.158800471818978
bv_direct,2,float,brettel,2,8191,2.416524234,2.423010011,3.516817238,2.078485533,2.0866347210000002,2.170377549,1.1612046836059524
bv_direct,2,float,lookup,0,8191,6.736051764,6.814262605,8.895434013,4.460627518,4.5330164205,4.698136674,1.5032512510176113
bv_direct,2,float,lookup,1,8191,6.730710536,6.808921377000001,6.845928458,4.461466854,4.5336726285,4.692482603,1.5018555451483457
bv_direct,2,float,lookup,2,8191,6.759705775,6.914219875500001,7.108411671,4.459254059,4.5290868025,4.585230741,1.5266256040143538
bv_direct,2,float,lookupApply,0,8191,9.653125382,9.738966548499999,10.113234037,10.033390306,10.1159504335,10.34268557,0.9627337156821587
bv_direct,2,float,lookupApply,1,8191,9.642442925,9.686698816,10.321541936,10.030483152,10.048029087,10.470661397,0.9640396870001616
bv_direct,2,float,lookupApply,2,8191,9.655414479,9.6992888535,10.267366622,10.031017275,10.045312691,10.389398425,0.9655537016971094
bv_direct,2,float,prepared,0,8191,1.444420706,1.479520205,1.551245269,0.766222073,0.767137712,0.974911488,1.9286240030394959
bv_direct,2,float,prepared,1,8191,1.45739226,1.4867690145,1.665700159,0.766138139,0.767362807,0.860548163,1.9375046600349501
bv_direct,2,float,prepared,2,8191,1.478757173,1.48104627,1.555823465,0.766290746,0.767061409,0.836092968,1.9308053470331734
bv_direct,2,float,vienot,0,8191,1.123947015,1.155994384,1.758790136,0.766069466,0.7714946285,1.153575571,1.4983829326816889
bv_direct,2,float,vienot,1,8191,1.154468319,1.156757417,1.354382859,0.766222073,0.7669431385000001,0.871642657,1.508270116690013
bv_split,2,double,brettel,0,8191,3.767854963,3.8483549015,4.612532047,4.007454828,4.130303076500001,4.22494201,0.9317366862000543
bv_split,2,double,brettel,1,8191,3.769381028,3.8006653640000003,3.986082285,4.081682639,4.1551855695,4.316063362,0.9146800547002621
bv_split,2,double,brettel,2,8191,3.786930778,3.8464473200000002,6.21184837,4.073655537,4.215308723,4.491896594,0.9124948070855688
bv_split,2,double,lookup,0,8191,8.481107313,8.5112471005,8.651263582,5.822282078,5.9268595105,6.858274325,1.4360467099686622
bv_split,2,double,lookup,1,8191,8.492552802,8.554358442,9.826333781,5.825952265,5.9316780614999995,9.455003968,1.4421481330085502
bv_split,2,double,lookup,2,8191,8.4948419,8.574578806,8.795476743,5.83802344,5.965621565999999,6.488813942,1.4373320049111544
bv_split,2,double,lookupApply,0,8191,11.562995971,11.6392992305,12.121535832,10.177107496,10.283825235,10.470890306,1.1318064012685451
bv_split,2,double,lookupApply,1,8191,11.554602613,11.629761323499999,12.052862898,10.173589916,10.271517519,16.252731657,1.1322339958032057
bv_split,2,double,lookupApply,2,8191,11.546209254,11.6450219755,12.284061775,10.188270663,10.333056098499998,10.835688561,1.1269678461525485
bv_split,2,double,prepared,0,8191,1.212458796,1.214747894,1.308600903,1.177801856,1.1923643325,1.267473446,1.0187724178675062
bv_split,2,double,prepared,1,8191,1.211695764,1.2143663775,1.318520327,1.170537785,1.1927458495,1.407680686,1.0181266847493649
bv_split,2,double,prepared,2,8191,1.205591503,1.2204706385000001,1.529117324,1.174436882,1.196915822,1.344074289,1.0196795932237248
bv_split,2,double,vienot,0,8191,1.077402027,1.0899920645,1.346752533,1.171071908,1.213694909,1.290715419,0.8980774792884957
bv_split,2,double,vienot,1,8191,1.085795385,1.08732145,1.317757295,1.170850629,1.216827158,1.289952387,0.8935709914521811
bv_split,2,float,brettel,0,8191,2.369216213,2.426825174,2.716396044,2.115568917,2.1201585585,2.261498901,1.144643245794298
bv_split,2,float,brettel,1,8191,2.424917592,2.4298773039999997,2.901049933,2.091029789,2.0944329145,2.235281101,1.1601600066431728
bv_split,2,float,brettel,2,8191,2.413472104,2.432929435,2.953699182,2.078569466,2.0849865705,2.162052863,1.1668801465788627
bv_split,2,float,lookup,0,8191,6.707819558,6.795568307,8.722225613,4.464984434,4.567501678499999,5.213847516,1.487808606395896
bv_split,2,float,lookup,1,8191,6.675772189,6.767717617000001,6.935203272,4.464526615,4.5376098764999995,4.66244201,1.4914718984656639
bv_split,2,float,lookup,2,8191,6.673483091,6.934440239,7.042790868,4.474003479,4.55220669,4.794088023,1.5233140125717797
bv_split,2,float,lookupApply,0,8191,9.633286534,9.728665609,9.939262605,10.027125809,10.094390947499999,10.642206385,0.9637694497466858
bv_split,2,float,lookupApply,1,8191,9.624893175,9.679831522,10.404712489,10.027049506,10.073678427499999,10.175268587,0.9609033672918483
bv_split,2,float,lookupApply,2,8191,9.624893175,9.67906849,10.151385667,10.027041875,10.0513177575,12.656559028,0.9629651279085036
bv_split,2,float,prepared,0,8191,1.444420706,1.4615889389999999,1.67790868,0.766603589,0.7669851055,1.164731107,1.905628842749411
bv_split,2,float,prepared,1,8191,1.46044439,1.4634965205000001,1.552008302,0.766222073,0.767214015,0.977589733,1.9075466452473502
bv_split,2,float,prepared,2,8191,1.454340129,1.462733488,1.539036748,0.766443352,0.767252167,0.875839336,1.9064572912441184
bv_split,2,float,vienot,0,8191,1.124710048,1.1491270905,1.282657795,0.766061836,0.766943139,0.959246429,1.4983211036978843
bv_split,2,float,vienot,1,8191,1.155994384,1.168202906,1.359724087,0.766061836,0.7670995604999999,0.837924246,1.5228830339031334
default,0,double,brettel,0,65536,15.864276886,15.888500213499999,15.973854065,4.16663456,4.1913576125,4.235744476,3.7907765651194474
default,0,double,brettel,1,65536,16.355895996,16.4363384245,17.107582092,4.1977911,4.2229146955,4.475562096,3.8921786513980035
default,0,double,brettel,2,65536,16.468715668,16.711902618499998,16.761112213,4.207900047,4.2233591075,4.324303627,3.9570167236838496
default,0,double,lookup,0,65536,8.500671387,8.6492061615,8.873462677,5.876456261,5.9271440505,6.046414375,1.4592535777446431
default,0,double,lookup,1,65536,8.490562439,8.6268901825,8.853340149,5.874259949,5.904656887,5.926866531,1.4610315802588651
default,0,double,lookup,2,65536,8.487510681,8.753013611,9.606170654,5.877985954,5.900811195499999,6.057163239,1.4833576810041154
default,0,double,lookupApply,0,65536,11.633968353,11.717033386499999,11.783885956,10.284449577,10.306367874,10.34821701,1.1368731962361545
default,0,double,lookupApply,1,65536,11.63482666,11.7089271545,11.799430847,10.276548386,10.3163232805,10.419216156,1.13499032902859
default,0,double,lookupApply,2,65536,11.637878418,11.749792099,14.240169525,10.289915085,10.317641734999999,10.41084671,1.1388059791940432
default,0,double,prepared,0,65536,1.232147217,1.24297142,1.299381256,1.211147308,1.229183197,1.314425468,1.0112173864999554
default,0,double,prepared,1,65536,1.232814789,1.2476921079999999,1.290893555,1.209917068,1.2426609995,1.840270996,1.0040486572782312
default,0,double,prepared,2,65536,1.235580444,1.256608963,1.392459869,1.211780548,1.2244644165,1.454485893,1.0262519237528205
default,0,double,vienot,0,65536,0.920677185,0.946474075,1.033401489,1.215076447,1.2266273495,1.262247086,0.7716068579310608
default,0,double,vienot,1,65536,0.923728943,0.9506225585,1.207256317,1.214054108,1.2247648240000002,1.298803329,0.7761674240409111
default,0,float,brettel,0,65536,13.107967377,13.162517547499998,13.370704651,2.157232285,2.21062994,2.256468773,5.954193105472912
default,0,float,brettel,1,65536,14.250564575,14.274740219,14.499855042,2.162986755,2.1689858435,2.213425636,6.581297089503112
default,0,float,brettel,2,65536,13.623142242,13.643598556499999,13.668632507,2.160758018,2.1688508984999997,2.184589386,6.2907037850947045
default,0,float,lookup,0,65536,6.810569763,6.8551540375,6.935787201,4.517113686,4.5438580515,5.52557373,1.5086637742208968
default,0,float,lookup,1,65536,6.809806824,6.8467617035,6.904983521,4.518426895,4.548676491,4.595881462,1.5052206322096078
default,0,float,lookup,2,65536,6.83221817,6.861400604,7.004070282,4.513456345,4.534151554,4.593697548,1.5132711208002996
default,0,float,lookupApply,0,65536,9.688663483,9.756851196500001,9.828853607,10.067982674,10.1035966875,11.320835114,0.965680984532074
default,0,float,lookupApply,1,65536,9.676837921,9.732294082500001,9.859848022,10.067430496,10.084627628,10.672270775,0.9650623147926907
default,0,float,lookupApply,2,65536,9.684944153,9.7382068635,9.83505249,10.061752319,10.079374790500001,10.152748108,0.9661518760745401
default,0,float,prepared,0,65536,1.481628418,1.526117325,1.915836334,0.777762413,0.7871737480000001,0.816772461,1.938729954952715
default,0,float,prepared,1,65536,1.497554779,1.5100955965,1.678466797,0.77590847,0.7868628504999999,0.899516106,1.9191344406975535
default,0,float,prepared,2,65536,1.498985291,1.509428024,1.547241211,0.776358604,0.788253307,0.837594032,1.914902240936618
default,0,float,vienot,0,65536,6.864356995,6.8764686585,6.886291504,0.774168968,0.7859125135,0.80548954,8.749661750359698
default,0,float,vienot,1,65536,6.861114502,6.8787097930000005,6.947517395,0.775336266,0.79278183,0.840773582,8.67667437963355
prepared,0,double,brettel,0,65536,3.815460205,3.834056854,3.933525085,4.173399925,4.1926217075,4.215199471,0.914477174780978
prepared,0,double,brettel,1,65536,3.815746307,3.833436966,3.88250351,4.200294495,4.217616558,4.236488342,0.9089107350758842
prepared,0,double,brettel,2,65536,3.818321228,3.8291931155,3.868961334,4.20703125,4.2304053305,4.656030655,0.9051598644443415
prepared,0,double,lookup,0,65536,8.487415314,8.514404297,8.672904968,5.874067307,5.897696972,7.128395081,1.4436829049412205
prepared,0,double,lookup,1,65536,8.495521545,8.5278987885,8.666133881,5.87290287,5.9064912795,5.975576401,1.4438180613418106
prepared,0,double,lookup,2,65536,8.501625061,8.5342407225,8.678531647,5.880671501,5.9286494255,6.088205338,1.4394915452063948
prepared,0,double,lookupApply,0,65536,11.626815796,11.6519451145,11.714744568,10.267710686,10.313070297,10.665628433,1.129823105917301
prepared,0,double,lookupApply,1,65536,11.627006531,11.643266678,11.932468414,10.287384987,10.310830116,10.38075161,1.1292268951199544
prepared,0,double,lookupApply,2,65536,11.625671387,11.648464203,11.753940582,10.281114578,10.308683395500001,10.559403419,1.1299662387618623
prepared,0,double,prepared,0,65536,1.23500824,1.2547969815,1.348781586,1.211694717,1.2303500175,1.290654182,1.019869926161073
prepared,0,double,prepared,1,65536,1.233577728,1.2489318845000001,1.283168793,1.212172508,1.2285580635,1.725722313,1.0165835230790459
prepared,0,double,prepared,2,65536,1.237201691,1.2508869169999999,1.326465607,1.212592125,1.2348070144999999,1.339220047,1.0130221988628005
prepared,0,double,vienot,0,65536,1.113986969,1.1459350585,1.459980011,1.215679169,1.247557163,1.35074234,0.9185431277107742
prepared,0,double,vienot,1,65536,1.10912323,1.142692566,1.275157928,1.215697289,1.222017765,1.415761948,0.9350867055521079
prepared,0,float,brettel,0,65536,12.31136322,12.3620986935,12.638664246,2.147920609,2.2097482680000002,2.239634514,5.594347045099709
prepared,0,float,brettel,1,65536,12.280082703,12.361812592,12.510204315,2.162652969,2.1749072075,2.206700325,5.683834486993855
prepared,0,float,brettel,2,65536,12.282085419,12.345314026,12.456417084,2.159968376,2.171582222,2.250135422,5.68493971857539
prepared,0,float,lookup,0,65536,6.80437088,6.951999664500001,7.115936279,4.52404213,4.5559449195,4.626734734,1.5259182864008285
prepared,0,float,lookup,1,65536,6.807231903,6.925344467,7.106018066,4.51788044,4.538350582,4.610702515,1.5259606638736314
prepared,0,float,lookup,2,65536,6.794548035,7.0514678955,7.347011566,4.524089813,4.5404286385,4.563951492,1.5530401327548582
prepared,0,float,lookupApply,0,65536,9.677028656,9.70954895,9.778022766,10.056428909,10.080056190499999,10.350346565,0.9632435342127175
prepared,0,float,lookupApply,1,65536,9.690761566,9.7218990325,9.767532349,10.056190491,10.0771532055,10.16919136,0.9647465741806817
prepared,0,float,lookupApply,2,65536,9.689235687,9.718799591,9.979629517,10.05454731,10.0712046625,10.204334259,0.9650086475938499
prepared,0,float,prepared,0,65536,1.459503174,1.4879703525,1.55248642,0.77542305,0.7878193855,0.849967003,1.8887201557697646
prepared,0,float,prepared,1,65536,1.497554779,1.508617401,1.583003998,0.775747299,0.786696434,0.81620121,1.9176614203389155
prepared,0,float,prepared,2,65536,1.496315002,1.5076160435000001,1.527786255,0.784661293,0.798195362,1.121699333,1.888780761294376
prepared,0,float,vienot,0,65536,6.865882874,6.9831848145,7.136917114,0.77504921,0.7872366904999999,0.835492134,8.870502224768957
prepared,0,float,vienot,1,65536,6.866073608,6.8785190585,6.954956055,0.774838448,0.786242962,0.887085915,8.748592217605124
bv_direct,0,double,brettel,0,65536,3.845310211,3.8650989530000004,3.957653046,4.172451973,4.1992669110000005,4.233706474,0.9204223105883921
bv_direct,0,double,brettel,1,65536,3.841972351,3.864336014,4.459857941,4.201241493,4.2146258355,4.305596352,0.9168870891101433
bv_direct,0,double,brettel,2,65536,3.84349823,3.858947754,3.917121887,4.219566345,4.2382645605,4.298984528,0.9105018572848951
bv_direct,0,double,lookup,0,65536,8.490371704,8.530950546,8.822822571,5.885638237,5.912101269000001,6.036745071,1.4429642115117156
bv_direct,0,double,lookup,1,65536,8.507156372,8.55512619,13.136768341,5.874917984,5.903808117,6.014444351,1.4490860848552203
bv_direct,0,double,lookup,2,65536,8.489322662,8.5340976715,8.702754974,5.881540298,5.932744026,6.072153091,1.438473939563156
bv_direct,0,double,lookupApply,0,65536,11.630058289,11.641979217500001,11.776447296,10.300415039,10.330508709,10.572949409,1.1269512030281181
bv_direct,0,double,lookupApply,1,65536,11.62776947,11.6669654845,14.598274231,10.299258232,10.3161416055,10.356415749,1.1309427429999424
bv_direct,0,double,lookupApply,2,65536,11.628627777,11.6639137265,13.028144836,10.301732063,10.326900959,10.416332245,1.129468925170119
bv_direct,0,double,prepared,0,65536,1.235580444,1.2467861180000002,1.31483078,1.210729599,1.22333622,1.454849243,1.019168808718833
bv_direct,0,double,prepared,1,65536,1.238250732,1.3151168825,2.093029022,1.211790085,1.21625185,1.26349926,1.081286645113839
bv_direct,0,double,prepared,2,65536,1.234531403,1.2433052065,1.334285736,1.211398125,1.222123146,1.363306999,1.0173321817603478
bv_direct,0,double,vienot,0,65536,1.107597351,1.1440753935,1.27248764,1.216682434,1.2392449380000001,1.321715355,0.9232036044031837
bv_direct,0,double,vienot,1,65536,1.10578537,1.401424408,1.747703552,1.215774536,1.227335453,1.273235321,1.1418430100543995
bv_direct,0,float,brettel,0,65536,2.37197876,2.451229095,2.495384216,2.149506569,2.1994771955,2.236224174,1.1144598816550904
bv_direct,0,float,brettel,1,65536,2.445316315,2.4618148800000004,2.548599243,2.166867256,2.178466797,2.221614838,1.1300676619860368
bv_direct,0,float,brettel,2,65536,2.448558807,2.464675903,2.487277985,2.157694817,2.167808056,2.196418762,1.136943788071244
bv_direct,0,float,lookup,0,65536,7.175731659,11.158847809000001,15.125370026,4.517449379,4.5354800225,4.639289856,2.460345487940026
bv_direct,0,float,lookup,1,65536,7.179355621,11.1949920655,15.121650696,4.518013,4.5340557100000005,4.592118263,2.4690900997994127
bv_direct,0,float,lookup,2,65536,6.804943085,10.9909534455,15.139293671,4.51905632,4.5318627355,4.676534653,2.425261771369024
bv_direct,0,float,lookupApply,0,65536,9.709453583,9.738588333500001,10.037899017,10.076352119,10.089359760499999,10.213526726,0.9652335296464228
bv_direct,0,float,lookupApply,1,65536,9.713363647,9.7370147705,10.091114044,10.063796997,10.084553242,10.366668701,0.9655375440874686
bv_direct,0,float,lookupApply,2,65536,9.711360931,9.740924835,9.829711914,10.062563896,10.088236332000001,10.167892456,0.965572624830534
bv_direct,0,float,prepared,0,65536,1.454162598,1.4897823335,1.624107361,0.776798248,0.7873945234999999,0.825899124,1.8920405070610071
bv_direct,0,float,prepared,1,65536,1.496887207,1.5074253085,1.575374603,0.776903152,0.7871837614999999,0.808423996,1.9149598635362604
bv_direct,0,float,prepared,2,65536,1.488208771,1.5082836155,1.556873322,0.776558876,0.7868728635,0.809762001,1.9168072575170207
bv_direct,0,float,vienot,0,65536,1.138401031,1.171064377,1.191425323,0.775001526,0.7863907815,0.841444016,1.4891634090194381
bv_direct,0,float,vienot,1,65536,1.169395447,1.17855072,1.193618774,0.775173187,0.786505699,0.83463192,1.4984643105554916
bv_split,0,double,brettel,0,65536,3.842830658,3.864431381,3.920555115,4.178243637,4.190883636500001,4.438481331,0.9221041947677088
bv_split,0,double,brettel,1,65536,3.845214844,3.8605690005,3.900909424,4.20206356,4.223494053,4.316832542,0.9140699506272042
bv_split,0,double,brettel,2,65536,3.842353821,3.854560852,3.916072845,4.213480949,4.2403817175,4.327896118,0.9090127042318568
bv_split,0,double,lookup,0,65536,8.501243591,8.534288406,8.615207672,5.878846169,5.910328388,6.024344444,1.4439617980157484
bv_split,0,double,lookup,1,65536,8.495044708,8.534955978,8.599948883,5.886776924,5.9241685870000005,6.823479652,1.4407010625472598
bv_split,0,double,lookup,2,65536,8.518218994,8.5693359375,8.680152893,5.886021614,5.9197592735,5.982083321,1.4475818258118902
bv_split,0,double,lookupApply,0,65536,11.587905884,11.628293991,11.746501923,10.2970438,10.329290867000001,10.378926277,1.1257591775394815
bv_split,0,double,lookupApply,1,65536,11.58618927,11.6468429565,11.905956268,10.304085732,10.320013046500002,10.635869026,1.1285686271927717
bv_split,0,double,lookupApply,2,65536,11.590671539,11.650609970000001,11.896133423,10.300388336,10.323629379500002,10.406692505,1.1285381857212962
bv_split,0,double,prepared,0,65536,1.23462677,1.2463569639999998,1.314067841,1.210146904,1.2283000945,1.350934029,1.0147006986166114
bv_split,0,double,prepared,1,65536,1.234912872,1.2415409089999998,1.308345795,1.211302757,1.2228112219999998,1.316173553,1.015316908009207
bv_split,0,double,prepared,2,65536,1.236057281,1.249074936,1.356601715,1.21273613,1.2340803144999999,1.386084557,1.0121504421744831
bv_split,0,double,vienot,0,65536,1.107025146,1.117753983,1.252269745,1.215774536,1.230722427,1.31006813,0.9082096486407817
bv_split,0,double,vienot,1,65536,1.104164124,1.119613647,1.212692261,1.216500282,1.222806454,1.35193634,0.9156098606918213
bv_split,0,float,brettel,0,65536,2.403831482,2.464723587,2.478218079,2.160512924,2.2125387190000003,2.241718292,1.1139798665823935
bv_split,0,float,brettel,1,65536,2.454662323,2.4663925175,2.531814575,2.163590431,2.1785526275000002,2.225953102,1.1321243684300208
bv_split,0,float,brettel,2,65536,2.45552063,2.4672508239999997,2.486896515,2.157905579,2.1719694135000003,2.222351074,1.1359509985106884
bv_split,0,float,lookup,0,65536,6.778907776,6.8098068235,6.890869141,4.514345169,4.5404338835,5.472976685,1.4998141142957575
bv_split,0,float,lookup,1,65536,6.789684296,6.80770874,6.932067871,4.523546219,4.536688805,4.599791527,1.5005897544696147
bv_split,0,float,lookup,2,65536,6.781482697,6.809234619,6.881713867,4.52022171,4.547208309,5.613801956,1.497453856583371
bv_split,0,float,lookupApply,0,65536,9.701061249,9.725713729999999,10.068702698,10.061389923,10.0771403315,10.125720978,0.9651263562936122
bv_split,0,float,lookupApply,1,65536,9.701538086,9.7167491915,9.792804718,10.060663223,10.0776176455,10.160135269,0.9641910948902551
bv_split,0,float,lookupApply,2,65536,9.703731537,9.7464084625,9.843063354,10.060490608,10.082408905,10.162630081,0.9666745868307948
bv_split,0,float,prepared,0,65536,1.45483017,1.4973640439999998,1.553153992,0.777093887,0.7872743605,0.800120354,1.9019596205940454
bv_split,0,float,prepared,1,65536,1.496887207,1.50809288,1.591587067,0.777839661,0.7870073315,0.831269264,1.9162373965762731
bv_split,0,float,prepared,2,65536,1.497745514,1.5077114105,1.528358459,0.77700901,0.7870554925,0.827810287,1.915635460100674
bv_split,0,float,vienot,0,65536,1.138401031,1.16815567,1.195716858,0.773626328,0.7857074735,0.827943802,1.4867564703137572
bv_split,0,float,vienot,1,65536,1.15737915,1.1778354645,1.235866547,0.774791718,0.785837173,0.824246407,1.4988288986171439
default,1,double,brettel,0,65536,15.86856842,15.8895492555,15.928268433,4.186331749,4.199039459,4.245111465,3.7840914358266335
default,1,double,brettel,1,65536,16.337585449,16.381597519,16.409873962,4.203893661,4.221282959,4.322494507,3.880715336571684
default,1,double,brettel,2,65536,16.462421417,16.4947509765,16.545581818,4.214842796,4.232715129500001,4.28795433,3.896966951907411
default,1,double,lookup,0,65536,8.492469788,8.535242081,8.651161194,5.882557869,5.9071178435,5.974244118,1.444908042657707
default,1,double,lookup,1,65536,8.486175537,8.5283756255,8.600902557,5.886579514,5.91125536,6.218086243,1.4427351055089592
default,1,double,lookup,2,65536,8.481121063,8.528995514,8.754444122,5.880665779,5.9179382325,6.017401695,1.4412106343321824
default,1,double,lookupApply,0,65536,11.624336243,11.647415161000001,11.75699234,10.286229134,10.3126659395,10.374684334,1.1294281448977794
default,1,double,lookupApply,1,65536,11.628723145,11.664247512500001,11.928749084,10.284976006,10.306277752,11.3872509,1.1317614169903851
default,1,double,lookupApply,2,65536,11.629009247,11.650133133,11.819648743,10.288062096,10.309952259,10.369285583,1.129989047507965
default,1,double,prepared,0,65536,1.232337952,1.2588977815,1.373195648,1.211914062,1.221362591,1.300005913,1.0307322254477007
default,1,double,prepared,1,65536,1.228809357,1.2434005735,1.318454742,1.209171295,1.2245588305,1.298276901,1.0153865559830284
default,1,double,prepared,2,65536,1.232528687,1.265144348,1.43699646,1.211836815,1.2143354415,1.320004463,1.0418409154205683
default,1,double,vienot,0,65536,0.928974152,0.9361743924999999,1.211643219,1.216241837,1.218296051,1.253762245,0.7684293088954615
default,1,double,vienot,1,65536,0.916194916,0.9368896485,1.062870026,1.215352058,1.228791714,1.298353195,0.7624478891139398
default,1,float,brettel,0,65536,13.094711304,13.146066665500001,13.331317902,2.148692131,2.2105445865,2.232868195,5.946981004492849
default,1,float,brettel,1,65536,14.245223999,14.276123047,14.341831207,2.163740158,2.1754312515,2.201682091,6.5624335575561625
default,1,float,brettel,2,65536,13.593959808,13.632202148000001,13.660621643,2.161686897,2.1688237189999997,2.210367203,6.285527970104242
default,1,float,lookup,0,65536,6.814575195,7.0011138915,7.181930542,4.525596619,4.5515561105,4.656169891,1.5381802885718814
default,1,float,lookup,1,65536,6.813907623,7.079172134,7.226276398,4.52763176,4.5532045365,4.576158524,1.5547669948167284
default,1,float,lookup,2,65536,6.823921204,6.996679306,7.159137726,4.530516624,4.5634326935,4.654774666,1.5332053250102349
default,1,float,lookupApply,0,65536,9.714412689,9.7289085385,9.918117523,10.061466217,10.090904236,10.357237816,0.9641265352406622
default,1,float,lookupApply,1,65536,9.713077545,9.7733497615,10.235214233,10.065030098,10.085352421,10.136125565,0.969063782158932
default,1,float,lookupApply,2,65536,9.701538086,9.729719162,9.83133316,10.06189537,10.079251765999999,10.307362556,0.9653215722640182
default,1,float,prepared,0,65536,1.454257965,1.498746872,1.571655273,0.778143883,0.7889752385,0.821273804,1.8996120522735518
default,1,float,prepared,1,65536,1.498508453,1.511478424,1.606369019,0.776185989,0.787407875,0.831717491,1.9195622395826306
default,1,float,prepared,2,65536,1.497936249,1.508140564,1.527690887,0.77705574,0.7871255875,0.823319435,1.9160100852394157
default,1,float,vienot,0,65536,6.861019135,6.9675922395,7.075786591,0.774857521,0.788119793,0.820232391,8.840778142340096
default,1,float,vienot,1,65536,6.861114502,6.8738460539999995,6.892108917,0.774914742,0.785797596,0.789122581,8.747603821887996
prepared,1,double,brettel,0,65536,3.817081451,3.829050064,3.907489777,4.17136097,4.191979885,4.242408752,0.9134228142891004
prepared,1,double,brettel,1,65536,3.808403015,3.832244873,3.897857666,4.198256493,4.227962494,4.246765137,0.9064046519898008
prepared,1,double,brettel,2,65536,3.815078735,3.832578659,3.852844238,4.211194038,4.2292904855,4.28668499,0.9061989646111765
prepared,1,double,lookup,0,65536,8.494758606,8.527374267999999,8.617305756,5.881584167,5.9126281735,5.991047859,1.4422307673969952
prepared,1,double,lookup,1,65536,8.488178253,8.5325717925,8.623886108,5.880017281,5.919848442,6.176066399,1.4413497028003812
prepared,1,double,lookup,2,65536,8.476161957,8.54268074,8.752918243,5.878918648,5.924117088,6.001399994,1.4420175383272236
prepared,1,double,lookupApply,0,65536,11.627388,11.643886565999999,11.721897125,10.272390366,10.3140535355,10.378479958,1.1289340826012624
prepared,1,double,lookupApply,1,65536,11.629104614,11.6411685945,11.735153198,10.268865585,10.311867714,10.40067482,1.1289098073567472
prepared,1,double,lookupApply,2,65536,11.62815094,11.6570472715,11.850833893,10.270591736,10.3053011895,10.353485107,1.1311699733121128
prepared,1,double,prepared,0,65536,1.233386993,1.242351532,1.305389404,1.207334518,1.2145504950000001,1.267995834,1.0228899803791196
prepared,1,double,prepared,1,65536,1.234722137,1.2476444245,1.341247559,1.210270882,1.2167658805000001,1.277410507,1.02537755577705
prepared,1,double,prepared,2,65536,1.230812073,1.237154007,1.336288452,1.211108208,1.227005005,1.257632256,1.0082713615336882
prepared,1,double,vienot,0,65536,1.096057892,1.120376587,1.236534119,1.21481514,1.222232819,1.277610779,0.9166638054414737
prepared,1,double,vienot,1,65536,1.105499268,1.1263370515,1.238822937,1.217751503,1.2296876905,1.295704842,0.9159537500469107
prepared,1,float,brettel,0,65536,12.266731262,12.5124454495,12.901210785,2.158572197,2.2049551010000004,2.257305145,5.67469398529943
prepared,1,float,brettel,1,65536,12.292480469,12.3387813565,12.493515015,2.158462524,2.16921854,2.197076797,5.688122763555211
prepared,1,float,brettel,2,65536,12.310504913,12.3511314395,12.454891205,2.160469055,2.175564766,2.216878891,5.677206963692847
prepared,1,float,lookup,0,65536,7.234382629,7.262229919,7.55815506,4.516386032,4.554637909,4.686534882,1.5944692122835444
prepared,1,float,lookup,1,65536,7.227134705,7.254076004,7.297325134,4.517933846,4.5316929815,4.57217598,1.6007430409813168
prepared,1,float,lookup,2,65536,6.779193878,7.041501999,7.434082031,4.520580292,4.5428233145,4.623282433,1.550027705573448
prepared,1,float,lookupApply,0,65536,9.708023071,9.736776352,9.884166718,10.057738304,10.080804825,10.252355576,0.9658729160049977
prepared,1,float,lookupApply,1,65536,9.709072113,9.726667404,9.78603363,10.058177948,10.076630115499999,10.169384003,0.9652698662659374
prepared,1,float,lookupApply,2,65536,9.707927704,9.739255905,9.814357758,10.055579185,10.086229801,10.210811615,0.9655992474050513
prepared,1,float,prepared,0,65536,1.457881927,1.5001773835,1.577186584,0.775601387,0.7879366875,0.813658714,1.9039313783697882
prepared,1,float,prepared,1,65536,1.498222351,1.5084743500000002,1.566696167,0.77592659,0.7866764070000001,0.803977966,1.917528397416398
prepared,1,float,prepared,2,65536,1.496505737,1.507329941,1.593780518,0.776250839,0.7868776319999999,0.797872543,1.9155836685417438
prepared,1,float,vienot,0,65536,6.862545013,6.968450546,7.091903687,0.774560928,0.7851901055,0.800980568,8.874857817474114
prepared,1,float,vienot,1,65536,6.86416626,6.8778038025,7.126235962,0.774580956,0.790445328,0.84082222,8.701175854758167
bv_direct,1,double,brettel,0,65536,3.840637207,3.85260582,3.948783875,4.164912224,4.183381557500001,4.220777512,0.9209310140723398
bv_direct,1,double,brettel,1,65536,3.842830658,3.854179382,3.897476196,4.196727753,4.223983765,4.272917747,0.91245127737843
bv_direct,1,double,brettel,2,65536,3.840923309,3.856086731,3.893184662,4.208508492,4.2372021675,4.261767387,0.9100549321381891
bv_direct,1,double,lookup,0,65536,8.491897583,8.5196971895,8.596992493,5.884678841,5.919353485,5.977157593,1.4392952222044906
bv_direct,1,double,lookup,1,65536,8.504104614,8.5416793825,8.687019348,5.875136375,5.903644562,5.946098328,1.446848517520896
bv_direct,1,double,lookup,2,65536,8.508014679,8.5505485535,8.653259277,5.886159897,5.9620256425000004,6.295107841,1.434168362602778
bv_direct,1,double,lookupApply,0,65536,11.631393433,11.646604538,12.879276276,10.257606506,10.286525726,10.414626122,1.1322194537036245
bv_direct,1,double,lookupApply,1,65536,11.627292633,11.642551422,11.719226837,10.252466202,10.2843904495,10.348524094,1.1320604248904251
bv_direct,1,double,lookupApply,2,65536,11.618900299,11.6612434385,11.813163757,10.25181675,10.278710841999999,11.255941391,1.134504474126348
bv_direct,1,double,prepared,0,65536,1.236248016,1.2477874755,1.375007629,1.211072922,1.2225618360000001,1.364777565,1.0206334262670373
bv_direct,1,double,prepared,1,65536,1.234817505,1.253318787,1.448440552,1.209916115,1.21928978,1.337260246,1.0279088757719268
bv_direct,1,double,prepared,2,65536,1.232147217,1.2456417085,1.312541962,1.208875656,1.2182054519999999,1.301573753,1.022521863167626
bv_direct,1,double,vienot,0,65536,1.09910965,1.1280059815,1.291847229,1.214216232,1.229326725,1.427140236,0.9175802970524375
bv_direct,1,double,vienot,1,65536,1.106834412,1.1148929595000001,1.210975647,1.213814735,1.219155788,1.322899818,0.9144794869316571
bv_direct,1,float,brettel,0,65536,2.397823334,2.451372147,2.484416962,2.149677277,2.207596779,2.241182327,1.1104256766085812
bv_direct,1,float,brettel,1,65536,2.450466156,2.4621486665,2.570724487,2.162327766,2.1810541155000003,2.224517822,1.1288801359867038
bv_direct,1,float,brettel,2,65536,2.449035645,2.463197708,2.488899231,2.161534309,2.1736450195000003,2.203727722,1.1332106603895262
bv_direct,1,float,lookup,0,65536,7.072544098,7.1744918825,7.252693176,4.516109467,4.541004658,4.632819176,1.5799349313285818
bv_direct,1,float,lookup,1,65536,7.065677643,7.1454048155,7.231140137,4.525042534,4.5337090490000005,4.577269554,1.5760616171600295
bv_direct,1,float,lookup,2,65536,6.803894043,7.0033073425,7.127952576,4.513157845,4.5358304975,4.633888245,1.543996704982691
bv_direct,1,float,lookupApply,0,65536,9.716701508,9.738349914499999,9.764289856,10.067430496,10.085027218,10.113864899,0.9656245544998387
bv_direct,1,float,lookupApply,1,65536,9.708309174,9.733438492000001,9.808349609,10.069664955,10.0873999595,10.366288185,0.9649105350317105
bv_direct,1,float,lookupApply,2,65536,9.704589844,9.7249507905,9.785938263,10.061573029,10.079826832,10.17548275,0.9647934386756138
bv_direct,1,float,prepared,0,65536,1.455211639,1.492500305,1.567840576,0.776042938,0.7883305549999999,0.820338249,1.8932417315728682
bv_direct,1,float,prepared,1,65536,1.487159729,1.4989852904999998,1.544952393,0.777466774,0.789275646,0.83268261,1.8991911103513257
bv_direct,1,float,prepared,2,65536,1.489067078,1.517152786,1.551246643,0.776825905,0.787799835,0.867862701,1.925809981922629
bv_direct,1,float,vienot,0,65536,1.138687134,1.1699199675,1.198768616,0.779148102,0.7883157730000001,0.856101036,1.4840753002413918
bv_direct,1,float,vienot,1,65536,1.162242889,1.173734665,1.212501526,0.776806831,0.7861413955000001,0.845591545,1.4930325151666688
bv_split,1,double,brettel,0,65536,3.834915161,3.8572788239999998,3.905200958,4.175601959,4.195199013,4.215751648,0.9194507369131095
bv_split,1,double,brettel,1,65536,3.842926025,3.8551807405,3.910923004,4.201887131,4.228206158,4.282958031,0.9117769087975487
bv_split,1,double,brettel,2,65536,3.839588165,3.8534641265,3.903770447,4.20835495,4.2384958264999995,4.30519104,0.9091584100206735
bv_split,1,double,lookup,0,65536,8.491134644,8.5501194,10.671424866,5.875088692,5.9015011785,5.983912468,1.4488041502303326
bv_split,1,double,lookup,1,65536,8.494377136,8.542633056500001,8.606815338,5.87377739,5.923200607,6.136510849,1.4422326075541614
bv_split,1,double,lookup,2,65536,8.504772186,8.556842803999999,8.703422546,5.876939774,5.922214030999999,6.054179192,1.4448722655427446
bv_split,1,double,lookupApply,0,65536,11.62776947,11.6387844085,11.710357666,10.287068367,10.312569618,10.399941444,1.1286017781819546
bv_split,1,double,lookupApply,1,65536,11.621952057,11.6617679595,12.351703644,10.293316841,10.3056087495,10.380221367,1.1315942845264526
bv_split,1,double,lookupApply,2,65536,11.629295349,11.6489887235,12.604427338,10.286247253,10.3048329355,10.384147644,1.13043935757264
bv_split,1,double,prepared,0,65536,1.230621338,1.2387752535,1.306056976,1.209429741,1.2165517805,1.300494194,1.0182675931729486
bv_split,1,double,prepared,1,65536,1.233959198,1.2478828430000002,1.567840576,1.207737923,1.2212386130000001,1.254880905,1.0218173825461905
bv_split,1,double,prepared,2,65536,1.227760315,1.247787476,1.304340363,1.210184097,1.2224712375000002,1.28390789,1.0207090667848944
bv_split,1,double,vienot,0,65536,1.108264923,1.1321544645000001,1.240062714,1.216691017,1.2283277515000002,1.293356895,0.9217038881662033
bv_split,1,double,vienot,1,65536,1.105499268,1.1433124540000001,1.305866241,1.216126442,1.226670742,1.280619621,0.9320450996784271
bv_split,1,float,brettel,0,65536,2.421760559,2.463436127,2.559089661,2.154635429,2.2124462129999998,2.257538795,1.1134445269336817
bv_split,1,float,brettel,1,65536,2.454185486,2.4748802185,2.525520325,2.162384987,2.1796350474999997,2.205609322,1.1354562413274834
bv_split,1,float,brettel,2,65536,2.45552063,2.4713039400000003,2.520751953,2.163387299,2.169550896,2.190177917,1.139085487487914
bv_split,1,float,lookup,0,65536,6.805801392,7.0444107055,7.303619385,4.518859863,4.5395174025,4.568763733,1.5517972684983006
bv_split,1,float,lookup,1,65536,6.799888611,7.0799827575,7.353973389,4.521640778,4.5321564675,4.6212883,1.5621664451062995
bv_split,1,float,lookup,2,65536,6.778717041,6.809282303,6.911182404,4.512420654,4.5443491935,4.946084023,1.49840648529819
bv_split,1,float,lookupApply,0,65536,9.676170349,9.725952148000001,9.829711914,10.066037178,10.095021248,12.067203522,0.9634404830922849
bv_split,1,float,lookupApply,1,65536,9.683513641,9.721183777,9.796047211,10.061823845,10.0843682285,10.132676125,0.963985403619675
bv_split,1,float,lookupApply,2,65536,9.686565399,9.7379684445,11.200237274,10.062951088,10.084449767999999,10.624120712,0.9656420199940452
bv_split,1,float,prepared,0,65536,1.453018188,1.4945983885,1.540470123,0.786839485,0.7891702655,0.85314846,1.8938858366046738
bv_split,1,float,prepared,1,65536,1.496887207,1.5069961545,1.540851593,0.776377678,0.7884440425,0.816534996,1.911354608909991
bv_split,1,float,prepared,2,65536,1.494026184,1.5158176425,1.556110382,0.77705574,0.788253784,0.805604935,1.9230071244415365
bv_split,1,float,vienot,0,65536,1.138401031,1.1671543125000001,1.216030121,0.774752617,0.7851724625000001,0.797348976,1.4864942012660054
bv_split,1,float,vienot,1,65536,1.162338257,1.1789798734999999,1.20306015,0.775316238,0.785563469,0.810620308,1.5008079168966548
default,2,double,brettel,0,65536,15.866756439,15.8985137935,15.962600708,4.169363976,4.191926956,4.239962578,3.7926504827914758
default,2,double,brettel,1,65536,16.36505127,16.385602951000003,16.433811188,4.200474739,4.214481354,4.300605774,3.887928685566087
default,2,double,brettel,2,65536,16.473388672,16.538524627999998,16.588878632,4.207974434,4.2224206925,4.248476028,3.916834875638105
default,2,double,lookup,0,65536,8.486938477,8.5321903225,8.669281006,5.87604332,5.9018740654999995,5.962645531,1.4456747514108748
default,2,double,lookup,1,65536,8.494567871,8.527565002500001,8.648777008,5.882339478,5.894497395,5.958871841,1.4466992571297932
default,2,double,lookup,2,65536,8.49275589,8.5267066955,8.700275421,5.883171082,5.910100460000001,5.987248421,1.4427346460875554
default,2,double,lookupApply,0,65536,11.60030365,11.6353988645,11.761379242,10.273112297,10.306305408,10.377533913,1.1289592539600395
default,2,double,lookupApply,1,65536,11.590957642,11.625576019499999,11.688423157,10.276217461,10.3262495995,11.509140968,1.1258275240667155
default,2,double,lookupApply,2,65536,11.594772339,11.6801738735,11.959266663,10.282733917,10.309448718999999,10.406819344,1.132958142754403
default,2,double,prepared,0,65536,1.236438751,1.2591362,1.369953156,1.207528114,1.2153487205,1.31698513,1.0360287370706127
default,2,double,prepared,1,65536,1.231956482,1.2513637545,1.428699493,1.210490227,1.2266607285,1.585296631,1.0201384339011226
default,2,double,prepared,2,65536,1.232242584,1.24669075,1.339244843,1.207909584,1.2310466765,1.352461815,1.0127079450346088
default,2,double,vienot,0,65536,0.925350189,0.9751319885,1.107215881,1.215343475,1.2308273315,1.423337936,0.7922573406877584
default,2,double,vienot,1,65536,0.924396515,0.9919166564999999,1.122665405,1.214387894,1.2220225335000001,1.240367889,0.8117007905402915
default,2,float,brettel,0,65536,13.090896606,13.143157959,13.397216797,2.150632858,2.2049884795,2.269855499,5.960646997112803
default,2,float,brettel,1,65536,14.239406586,14.270401001,14.298915863,2.158849716,2.171939373,2.206002235,6.5703496047815335
default,2,float,brettel,2,65536,13.596916199,13.6366844175,13.690090179,2.164401054,2.1754269600000002,2.209479332,6.2685094320519035
default,2,float,lookup,0,65536,7.059955597,7.087182998499999,7.598781586,4.513777733,4.53741169,4.574536324,1.5619440074435915
default,2,float,lookup,1,65536,7.065391541,7.0873737335,7.179164886,4.522195816,4.5471048355,4.6420784,1.5586563296644713
default,2,float,lookup,2,65536,7.074165344,7.137298584,7.232093811,4.516339302,4.540407658,4.594638824,1.5719510496870013
default,2,float,lookupApply,0,65536,9.703063965,9.7237586975,9.847354889,10.067268372,10.0831480025,10.137887001,0.9643574303470609
default,2,float,lookupApply,1,65536,9.702301025,9.730100632,9.928417206,10.055009842,10.0740380285,10.128704071,0.9658590333362864
default,2,float,lookupApply,2,65536,9.708786011,9.7269535065,9.802722931,10.057245255,10.0765361785,10.144182205,0.965307257791036
default,2,float,prepared,0,65536,1.45778656,1.5036582945,1.69210434,0.776138306,0.7898774145,0.883350372,1.9036603236108862
default,2,float,prepared,1,65536,1.497840881,1.5079498295,1.558494568,0.774991989,0.7865862845,0.803722382,1.91708126522768
default,2,float,prepared,2,65536,1.497745514,1.508331299,1.536369324,0.775497437,0.785889149,0.837937355,1.9192672413396563
default,2,float,vienot,0,65536,6.865406036,6.9871902465,7.122802734,0.777944565,0.7917222975,0.998368263,8.825304363112243
default,2,float,vienot,1,65536,6.864738464,6.8728923795,6.956863403,0.776262283,0.787159443,0.835357666,8.731258248400382
prepared,2,double,brettel,0,65536,3.81975174,3.8328647614999998,3.953170776,4.173253059,4.1974072455,4.25902462,0.9131505563605193
prepared,2,double,brettel,1,65536,3.811168671,3.8265705105,3.874015808,4.198410034,4.246097564499999,4.264499664,0.9011970291244589
prepared,2,double,brettel,2,65536,3.817844391,3.8262844085000003,3.942680359,4.210668564,4.223668098499999,4.249221802,0.9059150291328226
prepared,2,double,lookup,0,65536,8.499908447,8.535146713,8.587741852,5.881728172,5.9067368505,6.323331833,1.4449850956670784
prepared,2,double,lookup,1,65536,8.498954773,8.5277080535,8.752822876,5.874830246,5.8924627305,6.041241646,1.4472230786220668
prepared,2,double,lookup,2,65536,8.493423462,8.5409164425,8.598804474,5.883495331,5.919154167,5.97758007,1.4429285336267539
prepared,2,double,lookupApply,0,65536,11.632537842,11.6446971895,11.723804474,10.279934883,10.316666603,10.479511261,1.128726713540769
prepared,2,double,lookupApply,1,65536,11.623954773,11.643743515,11.741161346,10.282571793,10.3084168435,10.352157593,1.129537512090617
prepared,2,double,lookupApply,2,65536,11.627960205,11.651325226,11.728000641,10.28080368,10.304394722,10.345315933,1.1307141797590778
prepared,2,double,prepared,0,65536,1.234149933,1.2481212615000001,1.382732391,1.209754944,1.2281608585,1.57219696,1.0162522709153738
prepared,2,double,prepared,1,65536,1.231861115,1.2409210205,1.282310486,1.211081505,1.2196812625,1.37843132,1.0174141873397846
prepared,2,double,prepared,2,65536,1.234340668,1.2502670285000002,1.399898529,1.209180832,1.21971941,1.263947487,1.0250447916541725
prepared,2,double,vienot,0,65536,1.107311249,1.1375427244999998,1.24835968,1.216299057,1.226593971,1.307946205,0.9273995726333142
prepared,2,double,vienot,1,65536,1.105308533,1.1135101315,1.208782196,1.21544838,1.227100372,1.351716995,0.9074319891902045
prepared,2,float,brettel,0,65536,12.295150757,12.346744537500001,12.668037415,2.161496162,2.2072196010000003,2.223830223,5.59379978861469
prepared,2,float,brettel,1,65536,12.298965454,12.367916107,12.879180908,2.159461021,2.174810886,2.250172615,5.686892679550437
prepared,2,float,brettel,2,65536,12.302684784,12.3367786405,12.460803986,2.16076088,2.1701669695000003,2.205102921,5.684714039925857
prepared,2,float,lookup,0,65536,6.802654266,6.9323062895,7.053375244,4.522893906,4.546102047,4.625099182,1.5248901625678795
prepared,2,float,lookup,1,65536,6.78768158,6.9266796115,7.418441772,4.523400307,4.54394722,4.616939545,1.5243750149677135
prepared,2,float,lookup,2,65536,6.794643402,6.926202774,7.042980194,4.516252518,4.536991596,4.598948479,1.5266069216673066
prepared,2,float,lookupApply,0,65536,9.698390961,9.7224235535,9.789276123,10.062567711,10.076913357,10.154730797,0.9648215886213063
prepared,2,float,lookupApply,1,65536,9.711933136,9.7279071805,10.505199432,10.062117577,10.0782608985,10.14658165,0.9652366889954055
prepared,2,float,lookupApply,2,65536,9.703063965,9.723472595499999,9.800338745,10.062624931,10.085647106,10.140590668,0.9640901067929948
prepared,2,float,prepared,0,65536,1.455020905,1.497554779,1.552963257,0.777256966,0.787785053,0.817901611,1.9009687646358528
prepared,2,float,prepared,1,65536,1.497745514,1.5104293825,1.848125458,0.77589035,0.786309242,0.799785614,1.920910122661384
prepared,2,float,prepared,2,65536,1.49679184,1.5107154845,1.550388336,0.775536537,0.7871980670000001,0.81778717,1.9191046673390775
prepared,2,float,vienot,0,65536,6.864833832,6.972455978499999,7.083892822,0.775325775,0.78835392,0.809904099,8.844322076181214
prepared,2,float,vienot,1,65536,6.864547729,6.873321533,6.892108917,0.775030136,0.7858123779999999,0.790241241,8.746771780935221
bv_direct,2,double,brettel,0,65536,3.842544556,3.8701057435,3.923130035,4.171618462,4.1873502735,4.243068695,0.9242374033030605
bv_direct,2,double,brettel,1,65536,3.838634491,3.8610458375,4.022026062,4.19952774,4.220247269,4.283274651,0.9148861645765335
bv_direct,2,double,brettel,2,65536,3.842544556,3.8572788239999998,3.915596008,4.218981743,4.229763508,4.292474747,0.9119372316453396
bv_direct,2,double,lookup,0,65536,8.492660522,8.523035049499999,8.615684509,5.880791664,5.9152646065,5.996946335,1.440854402376936
bv_direct,2,double,lookup,1,65536,8.488368988,8.520460129,8.63237381,5.875937462,5.9078025815,5.997673035,1.4422384653951388
bv_direct,2,double,lookup,2,65536,8.486747742,8.540964127,8.625125885,5.877696037,5.9285645485,6.69192791,1.4406462234034325
bv_direct,2,double,lookupApply,0,65536,11.636257172,11.652708054000001,13.868331909,10.291151047,10.3371281625,10.449775696,1.1272674451568212
bv_direct,2,double,lookupApply,1,65536,11.641979218,11.662197113,11.718463898,10.302912712,10.3409061435,10.994598389,1.1277732290734044
bv_direct,2,double,lookupApply,2,65536,11.631584167,11.674976349,11.749076843,10.290624619,10.3349108695,10.429109573,1.129663960959233
bv_direct,2,double,prepared,0,65536,1.233673096,1.2472629545,1.338863373,1.210614204,1.2249073985,1.29774189,1.01825081310422
bv_direct,2,double,prepared,1,65536,1.234912872,1.2521266935,1.397132874,1.210279465,1.226747036,1.395562172,1.0206885826948924
bv_direct,2,double,prepared,2,65536,1.229286194,1.242208481,1.390838623,1.213470459,1.225767136,1.291331291,1.0134131063863014
bv_direct,2,double,vienot,0,65536,1.100540161,1.1234760284999998,1.277160645,1.216499329,1.2389240264999999,1.350866318,0.9068159180622687
bv_direct,2,double,vienot,1,65536,1.112365723,1.139497757,1.224708557,1.21736908,1.2295565604999998,1.264970779,0.9267550543072395
bv_direct,2,float,brettel,0,65536,2.411079407,2.4539947509999998,2.488040924,2.143590927,2.2067561145,2.230595589,1.1120371367164053
bv_direct,2,float,brettel,1,65536,2.451515198,2.464866638,2.527332306,2.164697647,2.1724648475,2.208972931,1.1345944864592337
bv_direct,2,float,brettel,2,65536,2.450847626,2.4638175965,2.4933815,2.164467812,2.1737260815,2.21421814,1.1334535742423535
bv_direct,2,float,lookup,0,65536,6.80770874,6.835269928000001,7.099723816,4.517246246,4.54304409,4.719221115,1.5045572511712075
bv_direct,2,float,lookup,1,65536,6.813049316,6.8283081055,6.907367706,4.520390511,4.532615185,4.609562874,1.5064830846653927
bv_direct,2,float,lookup,2,65536,6.8151474,6.8617343900000005,7.129859924,4.517093658,4.5358257295,4.597724915,1.5127861604939556
bv_direct,2,float,lookupApply,0,65536,9.704113007,9.730386734,9.785366058,10.064411163,10.0976080895,10.306304932,0.9636328373764224
bv_direct,2,float,lookupApply,1,65536,9.696102142,9.7309589385,9.830665588,10.058534622,10.0820961,10.171030998,0.9651722064521882
bv_direct,2,float,lookupApply,2,65536,9.707832336,9.730005263999999,9.833431244,10.057302475,10.0812411305,10.11746788,0.9651594618208897
bv_direct,2,float,prepared,0,65536,1.456832886,1.4824390415,1.558685303,0.776233673,0.7888412475,0.810945511,1.8792615703072753
bv_direct,2,float,prepared,1,65536,1.497173309,1.5083789825,1.546669006,0.776004791,0.787178516,0.83579731,1.9161841333840468
bv_direct,2,float,prepared,2,65536,1.488018036,1.507616043,1.533699036,0.777036667,0.7872219085000001,0.837306976,1.915109356995239
bv_direct,2,float,vienot,0,65536,1.138019562,1.1684417725,1.183700562,0.777064323,0.7909145355,0.8503685,1.4773300022376439
bv_direct,2,float,vienot,1,65536,1.161384583,1.1795520785,1.233291626,0.776004791,0.7911105155,0.847711563,1.4910079633494646
bv_split,2,double,brettel,0,65536,3.836631775,3.850984573,3.951740265,4.180552483,4.1948513985,4.220882416,0.9180264584287872
bv_split,2,double,brettel,1,65536,3.835010529,3.8546085354999997,3.881835938,4.200159073,4.2198171615,4.232672691,0.9134539218115836
bv_split,2,double,brettel,2,65536,3.828525543,3.8432121275,3.880977631,4.211614609,4.225683689,4.264451027,0.9094888331335299
bv_split,2,double,lookup,0,65536,8.500957489,8.532714844000001,9.651184082,5.869449615,5.8924484249999995,6.019571304,1.448076288253639
bv_split,2,double,lookup,1,65536,8.491325378,8.5297107695,8.643531799,5.878546715,5.9052228929999995,5.978937149,1.4444350237162167
bv_split,2,double,lookup,2,65536,8.492851257,8.5275173185,8.594799042,5.877648354,5.906574726,6.025285721,1.443733079505951
bv_split,2,double,lookupApply,0,65536,11.622714996,11.6425037385,11.692237854,10.285151482,10.313264847,10.375442505,1.1288863333987453
bv_split,2,double,lookupApply,1,65536,11.627578735,11.644077301,11.710643768,10.295575142,10.31364727,10.357698441,1.1289970459693643
bv_split,2,double,lookupApply,2,65536,11.628055573,11.646556854,11.809921265,10.29459095,10.319069862500001,10.487383842,1.12864405505424
bv_split,2,double,prepared,0,65536,1.233673096,1.2395858765,1.301860809,1.215333939,1.245616913,1.434993744,0.9951581931514766
bv_split,2,double,prepared,1,65536,1.232528687,1.2444496155,1.327896118,1.211579323,1.2255954745,1.375431061,1.0153836574891824
bv_split,2,double,prepared,2,65536,1.231479645,1.2434005735,1.334762573,1.212906837,1.2266755104999998,1.322966576,1.0136344639285926
bv_split,2,double,vienot,0,65536,1.099395752,1.116657257,1.204586029,1.217855453,1.2298617365,1.315036774,0.9079534909166597
bv_split,2,double,vienot,1,65536,1.106739044,1.1282920834999999,1.2758255,1.218324661,1.2288150789999999,1.305137634,0.9181951806924401
bv_split,2,float,brettel,0,65536,2.401733398,2.4540901185,2.501583099,2.149132729,2.2084569935,2.299560547,1.1112238661304952
bv_split,2,float,brettel,1,65536,2.453327179,2.465724945,2.532577515,2.163005829,2.173157215,2.209317207,1.134627963398405
bv_split,2,float,brettel,2,65536,2.455234528,2.4654865265000003,2.48374939,2.156498909,2.1689491270000003,2.222941399,1.1367193890389482
bv_split,2,float,lookup,0,65536,7.240390778,7.2756290435,7.3179245,4.515899658,4.5461730955,4.630726814,1.600385399029732
bv_split,2,float,lookup,1,65536,7.238864899,7.262277603,7.411956787,4.527785301,4.552121162500001,4.800578117,1.5953612269431765
bv_split,2,float,lookup,2,65536,6.783866882,7.052135467499999,7.340621948,4.52299881,4.5431489945,4.572080612,1.5522571405950836
bv_split,2,float,lookupApply,0,65536,9.726810455,9.76600647,9.808921814,10.056003571,10.076837063,10.135889053,0.9691539526682135
bv_split,2,float,lookupApply,1,65536,9.718513489,9.7693443295,9.809112549,10.057207108,10.0740799905,10.282752991,0.9697505220042556
bv_split,2,float,lookupApply,2,65536,9.709358215,9.773302078,9.875106812,10.054244041,10.07613945,11.951012611,0.9699450991619614
bv_split,2,float,prepared,0,65536,1.4544487,1.4902114869999998,1.572227478,0.779214859,0.7884302139999999,0.934142113,1.8900994159516062
bv_split,2,float,prepared,1,65536,1.496982574,1.508617401,1.554203033,0.77739048,0.786658287,0.813248634,1.9177544124695658
bv_split,2,float,prepared,2,65536,1.496505737,1.507663727,1.58290863,0.777513504,0.7872214319999999,0.799031258,1.9151710887363138
bv_split,2,float,vienot,0,65536,1.138877869,1.179075241,1.281261444,0.774141312,0.786500454,0.806073189,1.4991412083787559
bv_split,2,float,vienot,1,65536,1.158714294,1.1791706085,1.200866699,0.775250435,0.786055565,0.799623489,1.5001110112362095
