variant,block,scalar,mode,deficiency,n,D_min_ns,D_median_ns,D_max_ns,CPP_min_ns,CPP_median_ns,CPP_max_ns,D_over_CPP
default,0,double,brettel,0,1024,16.11328125,16.378784179999997,16.735839844,2.736633301,2.755615234,3.379699707,5.943784886188504
default,0,double,brettel,1,1024,16.137695312,16.4611816405,17.218017578,2.755554199,2.7635498045,2.775146484,5.956535183008315
default,0,double,brettel,2,1024,16.082763672,16.162109375,16.931152344,2.75189209,2.759246826,2.765380859,5.85743516045998
default,0,double,lookup,0,1024,25.970458984,26.5197753905,27.386474609,3.427429199,3.4439086915,4.547241211,7.700487372372602
default,0,double,lookup,1,1024,26.293945312,26.66015625,29.943847656,3.422546387,3.454864502,4.100402832,7.7167009688995325
default,0,double,lookup,2,1024,26.177978516,26.388549804500002,28.405761719,3.424316406,3.451843262,4.050231934,7.644770576636918
default,0,double,lookupApply,0,1024,34.655761719,35.040283203,35.821533203,6.546081543,6.587005615000001,7.716003418,5.319607307333379
default,0,double,lookupApply,1,1024,35.021972656,35.6384277345,35.998535156,6.541748047,6.5861206055,7.452575684,5.411141075178418
default,0,double,lookupApply,2,1024,34.820556641,35.2294921875,36.242675781,6.527099609,6.587036133,7.476379395,5.348307110538816
default,0,double,prepared,0,1024,12.701416016,12.826538086,13.171386719,0.762878418,0.765625,0.767700195,16.753029336816326
default,0,double,prepared,1,1024,12.854003906,12.896728515500001,13.623046875,0.762268066,0.7662048340000001,0.768920898,16.831959214055285
default,0,double,prepared,2,1024,12.738037109,12.744140625,13.458251953,0.761047363,0.7649841310000001,1.355224609,16.659352931074068
default,0,double,vienot,0,1024,15.966796875,16.323852539,16.717529297,0.764709473,0.7671203615,1.838684082,21.279388943712714
default,0,double,vienot,1,1024,16.143798828,16.317749023,17.28515625,0.764099121,0.766540527,0.768371582,21.2875229009255
default,0,float,brettel,0,1024,28.692626953,29.2053222655,30.041503906,1.44140625,1.4490356444999999,1.452392578,20.15500610792601
default,0,float,brettel,1,1024,28.991699219,29.440307617000002,30.249023438,1.440734863,1.445068359,1.570983887,20.372951517236842
default,0,float,brettel,2,1024,28.729248047,29.187011719,29.553222656,1.495117188,1.4975891115,1.5,19.489332217276875
default,0,float,lookup,0,1024,17.767333984,18.048095703,18.566894531,2.258666992,2.2699279785,3.215881348,7.950955217057782
default,0,float,lookup,1,1024,17.834472656,18.06640625,18.493652344,2.26348877,2.2745056155,3.039245605,7.943003581474342
default,0,float,lookup,2,1024,17.785644531,18.005371094,18.719482422,2.267211914,2.2788085935,2.285522461,7.901221342309284
default,0,float,lookupApply,0,1024,25.439453125,25.912475586,27.600097656,6.694580078,6.761566161999999,7.712402344,3.832318573118179
default,0,float,lookupApply,1,1024,25.457763672,25.909423828,39.16015625,6.700744629,6.7673339845000005,10.075561523,3.828601320304764
default,0,float,lookupApply,2,1024,25.439453125,25.8880615235,27.209472656,6.692749023,6.7551269529999995,7.692810059,3.832357512097227
default,0,float,prepared,0,1024,9.918212891,10.107421875,10.668945312,0.441955566,0.44467163099999996,1.25982666,22.730080289291045
default,0,float,prepared,1,1024,9.942626953,10.092163086,10.443115234,0.442504883,0.4434814455,0.445007324,22.75667491482459
default,0,float,prepared,2,1024,9.936523438,10.076904297,10.412597656,0.441955566,0.44406127949999996,0.44744873,22.692598436743463
default,0,float,vienot,0,1024,17.364501953,17.6361083985,18.017578125,0.441894531,0.444396973,0.445007324,39.685482732799805
default,0,float,vienot,1,1024,17.425537109,17.651367188,18.035888672,0.441955566,0.44317627,0.445007324,39.82922458370797
bv_compiler,0,double,brettel,0,1024,3.112792969,3.161621094,3.448486328,2.726257324,2.7574462889999998,2.78918457,1.1465757670828745
bv_compiler,0,double,brettel,1,1024,3.112792969,3.1372070315,3.900146484,2.741577148,2.7959594725,3.50012207,1.1220502522859799
bv_compiler,0,double,brettel,2,1024,3.131103516,3.137207031,5.352783203,2.74395752,2.784057617,3.559448242,1.126847020637648
bv_compiler,0,double,lookup,0,1024,26.281738281,26.513671875,33.703613281,3.418823242,3.4497070315,4.262390137,7.6857749463644565
bv_compiler,0,double,lookup,1,1024,26.171875,26.626586914,39.227294922,3.415161133,3.4603881835,3.557556152,7.694682070919747
bv_compiler,0,double,lookup,2,1024,26.013183594,26.6662597655,28.161621094,3.412109375,3.442352295,3.470214844,7.746522575342627
bv_compiler,0,double,lookupApply,0,1024,34.558105469,35.040283203,35.83984375,6.517333984,6.617858887000001,7.382873535,5.294806643857651
bv_compiler,0,double,lookupApply,1,1024,34.594726562,35.0311279295,37.139892578,6.527770996,6.606628418,7.19708252,5.30242140364008
bv_compiler,0,double,lookupApply,2,1024,34.686279297,35.2416992185,35.723876953,6.524047852,6.594024658,7.343811035,5.344490056727962
bv_compiler,0,double,prepared,0,1024,12.628173828,12.8326416015,13.159179688,0.75793457,0.7717285155,1.438354492,16.62844036958487
bv_compiler,0,double,prepared,1,1024,12.664794922,12.762451172,13.507080078,0.758605957,0.765625,1.432189941,16.669323979755102
bv_compiler,0,double,prepared,2,1024,12.683105469,12.701416016,13.4765625,0.759216309,0.765014648,0.770202637,16.60284028443858
bv_compiler,0,double,vienot,0,1024,2.545166016,2.569580078,2.9296875,0.758605957,0.767150879,0.776916504,3.3495107003585924
bv_compiler,0,double,vienot,1,1024,2.557373047,2.581787109,3.295898438,0.759155273,0.7677612305,0.778808594,3.3627474355778895
bv_compiler,0,float,brettel,0,1024,2.667236328,2.673339844,4.211425781,1.430358887,1.4432373045,1.463378906,1.852321746163678
bv_compiler,0,float,brettel,1,1024,2.655029297,2.679443359,3.356933594,1.432189941,1.4505310055,2.356445312,1.8472155016613327
bv_compiler,0,float,brettel,2,1024,2.661132812,2.691650391,3.381347656,1.480529785,1.490264893,1.497619629,1.8061556731578996
bv_compiler,0,float,lookup,0,1024,17.761230469,17.907714843500003,19.897460938,2.248840332,2.2656555175,2.288024902,7.90398836238793
bv_compiler,0,float,lookup,1,1024,17.724609375,17.922973632999998,18.536376953,2.256225586,2.271789551,3.036804199,7.8893635306627035
bv_compiler,0,float,lookup,2,1024,17.749023438,17.9595947265,19.317626953,2.251281738,2.2708740235000002,2.836303711,7.908670644274512
bv_compiler,0,float,lookupApply,0,1024,25.469970703,25.7415771485,26.458740234,6.676879883,6.7624511720000005,7.450134277,3.806545362587351
bv_compiler,0,float,lookupApply,1,1024,25.372314453,25.949096679500002,38.116455078,6.708068848,6.7744140625,7.95690918,3.8304562490713567
bv_compiler,0,float,lookupApply,2,1024,25.335693359,25.732421875,26.403808594,6.69519043,6.7670593265,7.412231445,3.8026003073788774
bv_compiler,0,float,prepared,0,1024,9.924316406,9.967041016,10.870361328,0.439453125,0.442840576,0.448669434,22.50706361650112
bv_compiler,0,float,prepared,1,1024,9.887695312,9.9822998045,10.668945312,0.439453125,0.442871094,0.446228027,22.539966910777878
bv_compiler,0,float,prepared,2,1024,9.887695312,10.015869140500001,10.516357422,0.440124512,0.444091797,1.206054688,22.55360087297447
bv_compiler,0,float,vienot,0,1024,2.105712891,2.105712891,2.111816406,0.438293457,0.4425354005,1.554443359,4.758292531220901
bv_compiler,0,float,vienot,1,1024,2.099609375,2.1057128905,2.117919922,0.438903809,0.442565918,0.445617676,4.7579644180824605
bv_vienot_index,0,double,brettel,0,1024,3.131103516,3.137207031,3.491210938,2.62298584,2.688934326,3.534973145,1.1667101723777837
bv_vienot_index,0,double,brettel,1,1024,3.045654297,3.143310547,3.479003906,2.643737793,2.705780029,3.329528809,1.1617021758275383
bv_vienot_index,0,double,brettel,2,1024,3.002929688,3.0914306639999998,3.186035156,2.63885498,2.765686035,3.772155762,1.1177807693562005
bv_vienot_index,0,double,lookup,0,1024,130.676269531,133.139038086,135.504150391,3.293518066,3.445098877,6.133483887,38.645926529092186
bv_vienot_index,0,double,lookup,1,1024,128.057861328,134.8907470705,140.234375,3.290466309,3.3708496095,3.458557129,40.01683928299264
bv_vienot_index,0,double,lookup,2,1024,128.143310547,131.5521240235,136.627197266,3.283752441,3.370544434,4.443969727,39.02993317532986
bv_vienot_index,0,double,lookupApply,0,1024,136.248779297,138.388061523,139.166259766,6.270996094,6.583984375,7.198303223,21.018892761725304
bv_vienot_index,0,double,lookupApply,1,1024,132.794189453,136.309814453,139.520263672,6.275268555,6.579681396,7.313842773,20.71678038025779
bv_vienot_index,0,double,lookupApply,2,1024,132.177734375,135.7971191405,139.868164062,6.258789062,6.584594726500001,7.223327637,20.62345896460086
bv_vienot_index,0,double,prepared,0,1024,12.6953125,12.725830078,13.482666016,0.732299805,0.75,0.766540527,16.96777343733333
bv_vienot_index,0,double,prepared,1,1024,12.371826172,12.7227783205,13.092041016,0.732299805,0.7493896485,0.766540527,16.97752076768912
bv_vienot_index,0,double,prepared,2,1024,12.170410156,12.6586914065,13.165283203,0.731689453,0.749084473,0.767150879,16.898883721088687
bv_vienot_index,0,double,vienot,0,1024,1.434326172,1.440429688,1.446533203,0.734130859,0.7500305174999999,0.765869141,1.9204947724010446
bv_vienot_index,0,double,vienot,1,1024,1.391601562,1.4221191405,1.446533203,0.735351562,0.7646789555,1.429748535,1.8597597465855722
bv_vienot_index,0,float,brettel,0,1024,2.679443359,2.685546875,2.703857422,1.383300781,1.4178466795,1.448059082,1.8941024539741147
bv_vienot_index,0,float,brettel,1,1024,2.667236328,2.682495117,2.691650391,1.38269043,1.442871094,2.29284668,1.8591370553854898
bv_vienot_index,0,float,brettel,2,1024,2.673339844,2.673339844,3.033447266,1.425476074,1.4621582035,2.097229004,1.828351978329546
bv_vienot_index,0,float,lookup,0,1024,17.840576172,17.9443359375,18.768310547,2.174316406,2.2213439939999997,2.270874023,8.078143676066771
bv_vienot_index,0,float,lookup,1,1024,17.761230469,17.987060547,20.587158203,2.172424316,2.2222595215,2.276977539,8.094041390295827
bv_vienot_index,0,float,lookup,2,1024,17.797851562,17.816162109,18.572998047,2.175476074,2.2598571775,2.842956543,7.883755790580266
bv_vienot_index,0,float,lookupApply,0,1024,25.628662109,25.799560547,26.495361328,6.44708252,6.7600097654999995,7.465454102,3.8164975261824567
bv_vienot_index,0,float,lookupApply,1,1024,25.469970703,25.802612304999997,37.896728516,6.448913574,6.7615356445,7.363342285,3.8160875963123075
bv_vienot_index,0,float,lookupApply,2,1024,25.537109375,25.8331298825,26.397705078,6.451293945,6.7734375,7.996643066,3.813887687381776
bv_vienot_index,0,float,prepared,0,1024,9.973144531,9.991455078,13.598632812,0.424804688,0.4346313475,0.44317627,22.988344341637713
bv_vienot_index,0,float,prepared,1,1024,9.942626953,9.973144531,10.559082031,0.424804688,0.43371582,0.44317627,22.99465242240876
bv_vienot_index,0,float,prepared,2,1024,9.930419922,9.967041016,11.743164062,0.42364502,0.4334106445,0.445007324,22.996761022098063
bv_vienot_index,0,float,vienot,0,1024,1.422119141,1.422119141,1.422119141,0.424194336,0.433959961,0.442565918,3.27707454328949
bv_vienot_index,0,float,vienot,1,1024,1.416015625,1.419067383,1.428222656,0.423583984,0.4336853025,1.379638672,3.272113153984507
bv_vienot_ref,0,double,brettel,0,1024,3.118896484,3.1433105465,3.155517578,2.754943848,2.7626342775,3.011108398,1.1377946665254897
bv_vienot_ref,0,double,brettel,1,1024,3.125,3.1341552735000002,3.826904297,2.761108398,2.7748413085,3.406616211,1.1294899149365176
bv_vienot_ref,0,double,brettel,2,1024,3.143310547,3.155517578,4.034423828,2.764770508,2.779418945,3.587524414,1.135315560713356
bv_vienot_ref,0,double,lookup,0,1024,26.434326172,26.7669677735,53.845214844,3.436584473,3.445098877,4.302734375,7.769578966862262
bv_vienot_ref,0,double,lookup,1,1024,26.452636719,27.023315429500002,40.344238281,3.436584473,3.4457397465,3.461608887,7.842529447254063
bv_vienot_ref,0,double,lookup,2,1024,26.470947266,26.8981933595,27.380371094,3.432250977,3.44418335,3.452453613,7.809744902082521
bv_vienot_ref,0,double,lookupApply,0,1024,35.064697266,35.51940918,47.540283203,6.569885254,6.5842895509999995,7.381713867,5.394569741333054
bv_vienot_ref,0,double,lookupApply,1,1024,34.759521484,35.726928711,36.181640625,6.572998047,6.581237793,7.819335938,5.428603225520923
bv_vienot_ref,0,double,lookupApply,2,1024,34.881591797,35.9954833985,37.957763672,6.558288574,6.577545166,7.430603027,5.472479852295703
bv_vienot_ref,0,double,prepared,0,1024,12.677001953,12.777709961,13.116455078,0.764648438,0.766845703,0.768981934,16.662687045140814
bv_vienot_ref,0,double,prepared,1,1024,12.719726562,12.744140625,13.500976562,0.763427734,0.7658996585,0.768310547,16.63943897032042
bv_vienot_ref,0,double,prepared,2,1024,12.738037109,12.79296875,14.093017578,0.763427734,0.765625,0.76776123,16.709183673469386
bv_vienot_ref,0,double,vienot,0,1024,1.428222656,1.431274414,1.446533203,0.765319824,0.768676758,0.773254395,1.8619977761835749
bv_vienot_ref,0,double,vienot,1,1024,1.428222656,1.434326172,1.446533203,0.764038086,0.767150879,1.411437988,1.8696793698127276
bv_vienot_ref,0,float,brettel,0,1024,2.557373047,2.673339844,3.570556641,1.444458008,1.4465637205,2.342407227,1.8480622775994748
bv_vienot_ref,0,float,brettel,1,1024,2.661132812,2.667236328,3.61328125,1.445617676,1.448120117,2.262268066,1.8418612494145747
bv_vienot_ref,0,float,brettel,2,1024,2.679443359,2.697753906,3.039550781,1.490905762,1.4933166500000001,1.496398926,1.8065518160532126
bv_vienot_ref,0,float,lookup,0,1024,123.406982422,126.489257812,126.898193359,2.271484375,2.278198242,2.286804199,55.521620322626866
bv_vienot_ref,0,float,lookup,1,1024,126.873779297,127.481079102,128.363037109,2.26776123,2.278808594,2.287963867,55.941986280748594
bv_vienot_ref,0,float,lookup,2,1024,126.293945312,127.233886719,128.118896484,2.269592285,2.279724121,2.945129395,55.81108939760172
bv_vienot_ref,0,float,lookupApply,0,1024,125.207519531,129.1473388675,131.280517578,6.739868164,6.7713012695,7.40612793,19.072750380967225
bv_vienot_ref,0,float,lookupApply,1,1024,130.651855469,131.231689453,143.420410156,6.736755371,6.77130127,7.534484863,19.38057165384402
bv_vienot_ref,0,float,lookupApply,2,1024,130.963134766,131.265258789,132.025146484,6.749633789,6.772552490000001,7.907348633,19.381947793364386
bv_vienot_ref,0,float,prepared,0,1024,9.515380859,9.954833984,10.729980469,0.44317627,0.443786621,0.446838379,22.431577503549843
bv_vienot_ref,0,float,prepared,1,1024,9.924316406,9.930419922,14.031982422,0.442565918,0.444091797,0.445617676,22.361187459627857
bv_vienot_ref,0,float,prepared,2,1024,9.954833984,10.025024414,10.357666016,0.44317627,0.443786621,0.445007324,22.58974006789628
bv_vienot_ref,0,float,vienot,0,1024,1.354980469,1.385498047,1.422119141,0.442565918,0.4434814455,0.446228027,3.124139828303144
bv_vienot_ref,0,float,vienot,1,1024,1.409912109,1.416015625,1.831054688,0.441894531,0.444396973,1.676086426,3.186375495406446
default,1,double,brettel,0,1024,15.234375,15.542602539,16.412353516,2.626647949,2.638580322,2.646240234,5.890517112330682
default,1,double,brettel,1,1024,15.447998047,15.899658203000001,16.534423828,2.637023926,2.649902344,2.660888672,6.00009213131969
default,1,double,brettel,2,1024,15.417480469,15.582275390500001,18.011474609,2.648071289,2.6572265625,3.138916016,5.864112458607865
default,1,double,lookup,0,1024,25.152587891,25.460815429999997,26.153564453,3.288024902,3.2975463864999996,4.22265625,7.7211394308918235
default,1,double,lookup,1,1024,25.085449219,25.457763672,38.122558594,3.290466309,3.299346924,3.30456543,7.716000850597426
default,1,double,lookup,2,1024,25.073242188,25.439453125,26.385498047,3.292907715,3.2999572754999997,3.307617188,7.709024996738932
default,1,double,lookupApply,0,1024,33.404541016,33.7280273435,34.411621094,6.281433105,6.2893981935,7.423278809,5.362679592835674
default,1,double,lookupApply,1,1024,33.343505859,33.6822509765,34.460449219,6.277832031,6.2860717775,6.623168945,5.358235185455611
default,1,double,lookupApply,2,1024,33.386230469,33.688354492,35.491943359,6.28515625,6.2952270505,7.271118164,5.351412144749298
default,1,double,prepared,0,1024,12.219238281,12.2283935545,12.542724609,0.731140137,0.732635498,1.344177246,16.690965135980893
default,1,double,prepared,1,1024,12.200927734,12.225341797,13.073730469,0.73046875,0.731689453,1.419372559,16.708375044733632
default,1,double,prepared,2,1024,12.188720703,12.200927734,13.049316406,0.732299805,0.7332458495,0.734802246,16.63961376981514
default,1,double,vienot,0,1024,15.386962891,15.478515625,15.856933594,0.731079102,0.735076904,0.738464355,21.05700171066727
default,1,double,vienot,1,1024,15.356445312,15.496826172,17.236328125,0.73046875,0.7341308595,2.955566406,21.109078812671818
default,1,float,brettel,0,1024,27.532958984,28.19519043,28.778076172,1.383300781,1.384552002,1.391296387,20.364125283320345
default,1,float,brettel,1,1024,27.581787109,27.859497070499998,28.735351562,1.380859375,1.383911133,1.386962891,20.1309870310148
default,1,float,brettel,2,1024,27.581787109,27.780151367000002,28.112792969,1.427368164,1.4295043944999999,1.431030273,19.433414457404808
default,1,float,lookup,0,1024,17.065429688,17.117309570000003,18.060302734,2.167541504,2.177368164,3.247741699,7.861467735687901
default,1,float,lookup,1,1024,17.083740234,17.175292968500003,17.749023438,2.166381836,2.177368164,2.181030273,7.888097774401004
default,1,float,lookup,2,1024,17.095947266,17.163085938,17.498779297,2.172485352,2.18347168,2.523376465,7.860457314472702
default,1,float,lookupApply,0,1024,24.432373047,24.581909179500002,26.641845703,6.436706543,6.467895508,7.210632324,3.800603944373432
default,1,float,lookupApply,1,1024,24.4140625,24.578857422,37.005615234,6.438537598,6.462097168,7.328552246,3.8035419126337717
default,1,float,lookupApply,2,1024,24.505615234,24.771118164,25.146484375,6.440368652,6.4605712895,7.057739258,3.834199338417501
default,1,float,prepared,0,1024,9.552001953,9.558105469,10.363769531,0.424255371,0.424865723,0.426696777,22.496767688176153
default,1,float,prepared,1,1024,9.527587891,9.533691406,10.467529297,0.424194336,0.424255371,0.425476074,22.471586826416395
default,1,float,prepared,2,1024,9.533691406,9.552001953,9.881591797,0.424194336,0.424865723,2.858276367,22.482401935258025
default,1,float,vienot,0,1024,16.723632812,17.291259766,17.602539062,0.423583984,0.424194336,0.426086426,40.762589922935696
default,1,float,vienot,1,1024,16.705322266,17.2454833985,17.590332031,0.42364502,0.424255371,2.009887695,40.648827515963255
bv_compiler,1,double,brettel,0,1024,3.143310547,3.2135009764999998,3.503417969,2.695129395,2.7219848635,2.742736816,1.1805726841434363
bv_compiler,1,double,brettel,1,1024,3.143310547,3.1890869139999998,3.234863281,2.718322754,2.741241455,2.76171875,1.1633732257270273
bv_compiler,1,double,brettel,2,1024,3.149414062,3.228759766,4.058837891,2.714050293,2.7424621585,3.311889648,1.177321537871641
bv_compiler,1,double,lookup,0,1024,26.885986328,27.410888672,28.228759766,3.384643555,3.4371948244999997,4.328430176,7.97478469262719
bv_compiler,1,double,lookup,1,1024,26.928710938,27.6611328125,39.770507812,3.387695312,3.440246582,4.346740723,8.040450634331885
bv_compiler,1,double,lookup,2,1024,26.928710938,27.258300781,28.161621094,3.384643555,3.445739746,3.96105957,7.910725356621288
bv_compiler,1,double,lookupApply,0,1024,35.614013672,36.395263672,37.530517578,6.466064453,6.5593261720000005,7.327331543,5.548628428840998
bv_compiler,1,double,lookupApply,1,1024,35.7421875,36.444091797,37.5,6.463623047,6.547668457,7.29498291,5.5659647455176575
bv_compiler,1,double,lookupApply,2,1024,35.791015625,36.4044189455,37.554931641,6.467285156,6.561431885,7.512573242,5.54824306394518
bv_compiler,1,double,prepared,0,1024,12.756347656,13.055419922,13.745117188,0.753051758,0.7604370115,0.767150879,17.168312068671582
bv_compiler,1,double,prepared,1,1024,12.762451172,13.092041016,13.812255859,0.75189209,0.7588806155000001,3.391357422,17.251779461218824
bv_compiler,1,double,prepared,2,1024,12.774658203,13.073730469,13.909912109,0.752441406,0.7597961424999999,0.765930176,17.20689239877261
bv_compiler,1,double,vienot,0,1024,2.575683594,2.6062011715,2.630615234,0.750610352,0.7595214845,0.76965332,3.43137254796115
bv_compiler,1,double,vienot,1,1024,2.575683594,2.639770508,2.917480469,0.751220703,0.7594909665,0.766540527,3.475710211755362
bv_compiler,1,float,brettel,0,1024,2.673339844,2.682495117,2.740478516,1.438964844,1.4520874025000001,2.220153809,1.847337228035762
bv_compiler,1,float,brettel,1,1024,2.685546875,2.691650391,5.065917969,1.428588867,1.4407958985,1.453613281,1.8681691097276538
bv_compiler,1,float,brettel,2,1024,2.703857422,2.7130126955,3.161621094,1.466430664,1.4847717285000002,1.502502441,1.8272254538688164
bv_compiler,1,float,lookup,0,1024,17.938232422,17.962646484,18.45703125,2.248291016,2.265686035,2.280700684,7.928126936616795
bv_compiler,1,float,lookup,1,1024,18.005371094,18.087768554500002,18.756103516,2.229919434,2.2681274415,5.681213379,7.974758482943915
bv_compiler,1,float,lookup,2,1024,17.907714844,18.218994141,18.988037109,2.226867676,2.2727050784999996,3.182312012,8.016435706222232
bv_compiler,1,float,lookupApply,0,1024,25.598144531,25.769042968999997,29.211425781,6.706298828,6.7970581055,7.484436035,3.7912053375192376
bv_compiler,1,float,lookupApply,1,1024,25.823974609,26.062011718999997,38.586425781,6.618835449,6.7738647465,7.439208984,3.847436093622333
bv_compiler,1,float,lookupApply,2,1024,25.677490234,26.025390625,26.696777344,6.618896484,6.7839355470000005,7.407409668,3.8363263395845464
bv_compiler,1,float,prepared,0,1024,9.954833984,10.003662109,10.931396484,0.441345215,0.444091797,0.448669434,22.526113241853015
bv_compiler,1,float,prepared,1,1024,10.028076172,10.046386719,10.687255859,0.437072754,0.440734863,1.778198242,22.794626798107412
bv_compiler,1,float,prepared,2,1024,10.028076172,10.122680664,10.64453125,0.435852051,0.441345215,0.445007324,22.935970120351254
bv_compiler,1,float,vienot,0,1024,2.105712891,2.117919922,3.112792969,0.440734863,0.443481445,0.448059082,4.775667496077542
bv_compiler,1,float,vienot,1,1024,2.117919922,2.124023438,2.691650391,0.438232422,0.442565918,0.445617676,4.799338023132635
bv_vienot_index,1,double,brettel,0,1024,3.009033203,3.0975341795,3.167724609,2.627258301,2.751342773,3.193908691,1.1258263455565447
bv_vienot_index,1,double,brettel,1,1024,3.015136719,3.100585938,3.704833984,2.641296387,2.76751709,3.434143066,1.1203493373910836
bv_vienot_index,1,double,brettel,2,1024,3.015136719,3.155517578,3.344726562,2.640075684,2.75289917,3.284973145,1.146252508042276
bv_vienot_index,1,double,lookup,0,1024,125.335693359,131.2438964845,134.222412109,3.287414551,3.37210083,3.796020508,38.92051368004319
bv_vienot_index,1,double,lookup,1,1024,128.765869141,130.8502197265,143.627929688,3.286865234,3.3751525879999997,3.771606445,38.768682693554126
bv_vienot_index,1,double,lookup,2,1024,128.845214844,132.2326660155,135.003662109,3.294128418,3.3702697755,4.048461914,39.23503898019038
bv_vienot_index,1,double,lookupApply,0,1024,133.258056641,135.5194091795,139.172363281,6.271057129,6.5702819825,8.382995605,20.626117652249487
bv_vienot_index,1,double,lookupApply,1,1024,130.657958984,134.619140625,136.877441406,6.275939941,6.566314697499999,6.988098145,20.50147561100806
bv_vienot_index,1,double,lookupApply,2,1024,133.276367188,135.974121094,139.599609375,6.274169922,6.5571289065,7.809692383,20.736838185262844
bv_vienot_index,1,double,prepared,0,1024,12.219238281,12.661743164499999,13.122558594,0.731079102,0.7494201659999999,0.76776123,16.89538624518412
bv_vienot_index,1,double,prepared,1,1024,12.219238281,12.609863281,13.28125,0.731079102,0.749694824,0.768371582,16.81999511977423
bv_vienot_index,1,double,prepared,2,1024,12.225341797,12.6983642575,13.140869141,0.731689453,0.748779297,0.766540527,16.958754479959932
bv_vienot_index,1,double,vienot,0,1024,1.373291016,1.4434814455,1.788330078,0.73046875,0.7506408689999999,0.772033691,1.9229987402937425
bv_vienot_index,1,double,vienot,1,1024,1.379394531,1.403808594,1.745605469,0.73046875,0.7506408689999999,0.770812988,1.870146766549158
bv_vienot_index,1,float,brettel,0,1024,2.563476562,2.6275634764999998,2.697753906,1.381530762,1.420898438,1.465881348,1.8492268034290005
bv_vienot_index,1,float,brettel,1,1024,2.557373047,2.679443359,2.899169922,1.386352539,1.4203186035,1.454223633,1.8865086695317654
bv_vienot_index,1,float,brettel,2,1024,2.563476562,2.63671875,3.179931641,1.424865723,1.4970397945,2.154724121,1.761288350307778
bv_vienot_index,1,float,lookup,0,1024,17.083740234,17.721557617000002,18.762207031,2.171264648,2.2797546385,2.840576172,7.7734495272965765
bv_vienot_index,1,float,lookup,1,1024,17.102050781,17.6666259765,18.695068359,2.171875,2.229919434,2.635192871,7.922540028636748
bv_vienot_index,1,float,lookup,2,1024,17.071533203,17.654418945499998,18.286132812,2.170654297,2.224121094,2.284973145,7.937705816974729
bv_vienot_index,1,float,lookupApply,0,1024,24.450683594,25.4333496095,29.870605469,6.456298828,6.7717285154999995,7.353027344,3.755813534356094
bv_vienot_index,1,float,lookupApply,1,1024,24.475097656,25.6591796875,37.768554688,6.445251465,6.7601013185,9.76940918,3.7956797507279845
bv_vienot_index,1,float,lookupApply,2,1024,24.456787109,25.29296875,26.373291016,6.444030762,6.7475891115,7.285217285,3.748445308694461
bv_vienot_index,1,float,prepared,0,1024,9.533691406,9.994506836,10.620117188,0.424194336,0.4361572265,0.450500488,22.914917439754948
bv_vienot_index,1,float,prepared,1,1024,9.533691406,9.985351562,10.577392578,0.42364502,0.434631348,0.445617676,22.974301342847458
bv_vienot_index,1,float,prepared,2,1024,9.539794922,10.03112793,10.693359375,0.424194336,0.435852051,0.446228027,23.014983884978896
bv_vienot_index,1,float,vienot,0,1024,1.354980469,1.422119141,1.940917969,0.423583984,0.43582153349999997,0.448120117,3.263076813986751
bv_vienot_index,1,float,vienot,1,1024,1.361083984,1.3916015625,1.428222656,0.423034668,0.43490600599999996,0.446228027,3.199775453319447
bv_vienot_ref,1,double,brettel,0,1024,3.002929688,3.0792236324999998,3.149414062,2.621765137,2.63671875,4.151184082,1.1678240739555554
bv_vienot_ref,1,double,brettel,1,1024,3.002929688,3.085327148,3.955078125,2.637634277,2.656311035,3.20489502,1.1615082373062537
bv_vienot_ref,1,double,brettel,2,1024,3.009033203,3.070068359,3.558349609,2.643737793,2.650482178,3.332702637,1.158305603592706
bv_vienot_ref,1,double,lookup,0,1024,25.695800781,26.486206054500002,27.752685547,3.285583496,3.3017883305,3.311889648,8.021775899392411
bv_vienot_ref,1,double,lookup,1,1024,25.616455078,26.5197753905,38.879394531,3.292358398,3.3021240235000002,3.310058594,8.031126390701418
bv_vienot_ref,1,double,lookup,2,1024,25.622558594,25.7171630855,26.684570312,3.290466309,3.3039550784999996,3.32598877,7.783750830285389
bv_vienot_ref,1,double,lookupApply,0,1024,34.149169922,35.208129883,36.389160156,6.27722168,6.3019104,7.126281738,5.586897884647804
bv_vienot_ref,1,double,lookupApply,1,1024,34.155273438,35.015869140999996,36.712646484,6.27532959,6.314453125,6.678161621,5.545352613730899
bv_vienot_ref,1,double,lookupApply,2,1024,34.130859375,34.564208984,36.199951172,6.273498535,6.2964172365,7.461181641,5.4895042189442425
bv_vienot_ref,1,double,prepared,0,1024,12.188720703,12.6068115235,13.128662109,0.731689453,0.733581543,0.735961914,17.185289956920304
bv_vienot_ref,1,double,prepared,1,1024,12.176513672,12.640380859499999,13.562011719,0.731079102,0.7344665525,0.737792969,17.21028795181248
bv_vienot_ref,1,double,prepared,2,1024,12.176513672,12.396240234,13.256835938,0.731689453,0.733520508,0.734741211,16.899650519382615
bv_vienot_ref,1,double,vienot,0,1024,1.373291016,1.434326172,1.696777344,0.733520508,0.735351562,0.736572266,1.9505312099955805
bv_vienot_ref,1,double,vienot,1,1024,1.373291016,1.440429688,1.696777344,0.733520508,0.735656738,0.737182617,1.958018751946781
bv_vienot_ref,1,float,brettel,0,1024,2.600097656,2.667236328,2.954101562,1.37902832,1.388793945,1.393066406,1.9205414436048682
bv_vienot_ref,1,float,brettel,1,1024,2.557373047,2.624511719,2.886962891,1.381469727,1.3854370115,1.38885498,1.8943565800645568
bv_vienot_ref,1,float,brettel,2,1024,2.593994141,2.5970458985000002,2.9296875,1.424865723,1.429473877,1.77331543,1.8167844409653386
bv_vienot_ref,1,float,lookup,0,1024,121.398925781,123.1903076175,130.218505859,2.172485352,2.1825561525,3.998352051,56.44313319333945
bv_vienot_ref,1,float,lookup,1,1024,121.429443359,121.8627929685,122.857666016,2.168762207,2.181335449,2.907226562,55.86614063617136
bv_vienot_ref,1,float,lookup,2,1024,121.484375,123.922729492,126.46484375,2.16394043,2.1779785155,2.192016602,56.89804954919446
bv_vienot_ref,1,float,lookupApply,0,1024,125.085449219,129.278564453,133.264160156,6.435546875,6.471862793,7.23626709,19.97547979429174
bv_vienot_ref,1,float,lookupApply,1,1024,125.329589844,126.779174805,138.507080078,6.444030762,6.4779663085,9.606811523,19.570829604137945
bv_vienot_ref,1,float,lookupApply,2,1024,127.032470703,127.978515625,128.900146484,6.429382324,6.477966309,7.106689453,19.75597116755551
bv_vienot_ref,1,float,prepared,0,1024,9.674072266,9.93347168,10.357666016,0.422363281,0.4254455565,0.426696777,23.348396823601565
bv_vienot_ref,1,float,prepared,1,1024,9.527587891,9.780883789,10.345458984,0.423583984,0.42514038099999996,0.427246094,23.00624505720618
bv_vienot_ref,1,float,prepared,2,1024,9.631347656,9.661865234499999,10.015869141,0.422973633,0.425445557,0.429138184,22.709992090715378
bv_vienot_ref,1,float,vienot,0,1024,1.379394531,1.39465332,1.416015625,0.422973633,0.42514038099999996,0.426086426,3.2804536626691316
bv_vienot_ref,1,float,vienot,1,1024,1.354980469,1.391601562,1.947021484,0.423583984,0.4242248535,0.426086426,3.2803395428599047
default,2,double,brettel,0,1024,15.631103516,16.162109375,16.564941406,2.720825195,2.769958496,3.080200195,5.834783950134681
default,2,double,brettel,1,1024,16.009521484,16.1163330075,16.479492188,2.739135742,2.7641906735,3.158447266,5.8303984461005385
default,2,double,brettel,2,1024,15.966796875,19.427490234,20.959472656,2.747070312,2.767852783,3.147399902,7.018975269682904
default,2,double,lookup,0,1024,26.062011719,26.1962890625,26.586914062,3.410339355,3.4500427245000003,3.481201172,7.593033233029459
default,2,double,lookup,1,1024,25.933837891,26.3244628905,40.008544922,3.418212891,3.4708251955,3.784362793,7.584496886973806
default,2,double,lookup,2,1024,25.872802734,26.2786865235,26.928710938,3.42376709,3.465911865,3.953125,7.582041190623293
default,2,double,lookupApply,0,1024,34.295654297,34.8571777345,35.278320312,6.508850098,6.6044921875,7.956359863,5.27779831437646
default,2,double,lookupApply,1,1024,34.216308594,34.9822998045,35.601806641,6.51739502,6.605743408,7.535827637,5.295740031641871
default,2,double,lookupApply,2,1024,34.552001953,35.205078125,35.504150391,6.525939941,6.604217529,7.900085449,5.330696327068242
default,2,double,prepared,0,1024,12.457275391,12.713623047,13.140869141,0.759216309,0.7662048340000001,0.77331543,16.59298203670691
default,2,double,prepared,1,1024,12.530517578,12.789916992,13.18359375,0.758544922,0.7655944825000001,0.772094727,16.70586359274082
default,2,double,prepared,2,1024,12.615966797,12.8143310545,13.323974609,0.75982666,0.7665405275,0.773254395,16.717095306483973
default,2,double,vienot,0,1024,15.545654297,16.046142578,16.510009766,0.75793457,0.7650146485,0.775085449,20.974948139179325
default,2,double,vienot,1,1024,15.899658203,16.143798828,16.790771484,0.757995605,0.774169922,1.14855957,20.853043200508118
default,2,float,brettel,0,1024,27.648925781,28.341674804500002,31.896972656,1.428527832,1.4432067869999998,1.46887207,19.63798608750584
default,2,float,brettel,1,1024,27.880859375,28.851318359,30.133056641,1.428527832,1.442901611,2.349121094,19.99534697241391
default,2,float,brettel,2,1024,27.746582031,28.518676757999998,29.217529297,1.476867676,1.5052490235,1.825317383,18.946151974035807
default,2,float,lookup,0,1024,17.108154297,17.697143554500002,18.176269531,2.25012207,2.2889404300000002,2.604003906,7.731587647521259
default,2,float,lookup,1,1024,17.08984375,17.7093505855,18.634033203,2.248840332,2.2723999025,2.295349121,7.793236818051659
default,2,float,lookup,2,1024,17.272949219,17.779541016,18.133544922,2.254333496,2.2739257815,2.288024902,7.818874811416091
default,2,float,lookupApply,0,1024,24.542236328,25.167846679500002,25.87890625,6.65246582,6.8001098634999995,7.552856445,3.7010941271096134
default,2,float,lookupApply,1,1024,24.468994141,25.411987304500002,38.635253906,6.672058105,6.8126831055,8.342651367,3.7300997141617307
default,2,float,lookupApply,2,1024,24.652099609,25.46081543,26.068115234,6.659851074,6.817840576,7.756408691,3.7344398341648755
default,2,float,prepared,0,1024,9.545898438,9.8236083985,10.168457031,0.437683105,0.4431762695,0.449890137,22.166368270537554
default,2,float,prepared,1,1024,9.539794922,9.899902344,10.437011719,0.438232422,0.442565918,0.44744873,22.36932836748626
default,2,float,prepared,2,1024,9.558105469,9.9609375,10.7421875,0.438903809,0.4440917965,0.44744873,22.429906560996336
default,2,float,vienot,0,1024,16.723632812,17.1295166015,17.565917969,0.437683105,0.4422607425,0.44744873,38.731714021621535
default,2,float,vienot,1,1024,16.735839844,17.2424316405,17.645263672,0.438293457,0.4434814455,0.448059082,38.879713718485206
bv_compiler,2,double,brettel,0,1024,3.070068359,3.128051758,3.41796875,2.704284668,2.7106933595,2.717163086,1.1539673962151822
bv_compiler,2,double,brettel,1,1024,3.057861328,3.125,3.521728516,2.716552734,2.7217407225,2.727478027,1.1481622676863925
bv_compiler,2,double,brettel,2,1024,3.051757812,3.1036376955,3.143310547,2.722595215,2.726867676,3.268493652,1.1381695279224835
bv_compiler,2,double,lookup,0,1024,25.811767578,26.144409179500002,26.867675781,3.376647949,3.389831543,3.766723633,7.7125983541831715
bv_compiler,2,double,lookup,1,1024,25.732421875,26.156616211,40.441894531,3.383361816,3.393188477,3.726928711,7.70856567157911
bv_compiler,2,double,lookup,2,1024,25.823974609,26.0406494145,27.142333984,3.379150391,3.394104004,3.8828125,7.672319228818776
bv_compiler,2,double,lookupApply,0,1024,33.966064453,34.698486328,35.552978516,6.460571289,6.4736938475,7.103637695,5.359920803391066
bv_compiler,2,double,lookupApply,1,1024,34.057617188,34.8083496095,36.041259766,6.450744629,6.477355957,7.211853027,5.373851590151231
bv_compiler,2,double,lookupApply,2,1024,34.191894531,34.8297119145,36.407470703,6.458740234,6.4865112305,7.123168945,5.369560103546637
bv_compiler,2,double,prepared,0,1024,12.463378906,12.664794922,13.134765625,0.750610352,0.753692627,0.757324219,16.803660362727683
bv_compiler,2,double,prepared,1,1024,12.414550781,12.6953125,13.177490234,0.751831055,0.753692627,0.755493164,16.84415111042343
bv_compiler,2,double,prepared,2,1024,12.384033203,12.7044677735,13.073730469,0.752441406,0.7540283205,0.755554199,16.848793908795894
bv_compiler,2,double,vienot,0,1024,2.508544922,2.5360107425000002,2.886962891,0.748779297,0.7579650874999999,2.971374512,3.345814714058318
bv_compiler,2,double,vienot,1,1024,2.508544922,2.536010742,2.563476562,0.749450684,0.7543029784999999,1.21887207,3.362058502066488
bv_compiler,2,float,brettel,0,1024,2.667236328,2.7008056639999998,7.611083984,1.413269043,1.4273071285,1.983581543,1.892238614991265
bv_compiler,2,float,brettel,1,1024,2.624511719,2.6580810545,2.697753906,1.414489746,1.4245605465,2.133361816,1.8658954588000027
bv_compiler,2,float,brettel,2,1024,2.618408203,2.6580810545,2.691650391,1.462158203,1.469207764,1.479858398,1.809193443998163
bv_compiler,2,float,lookup,0,1024,17.535400391,17.993164062,18.676757812,2.220153809,2.2418212889999998,2.256225586,8.02613667302006
bv_compiler,2,float,lookup,1,1024,17.425537109,17.8802490235,18.359375,2.223205566,2.241516113,2.581970215,7.97685500443244
bv_compiler,2,float,lookup,2,1024,17.584228516,17.864990234,18.322753906,2.223815918,2.233276367,3.120544434,7.999453403072706
bv_compiler,2,float,lookupApply,0,1024,25.1953125,25.799560547,26.751708984,6.594421387,6.6558532715,7.096923828,3.8762213490300796
bv_compiler,2,float,lookupApply,1,1024,25.006103516,25.628662109,40.307617188,6.595031738,6.6687011720000005,7.088928223,3.8431264871497826
bv_compiler,2,float,lookupApply,2,1024,24.969482422,25.549316406000003,27.984619141,6.592651367,6.6509399415,7.294921875,3.84145949756356
bv_compiler,2,float,prepared,0,1024,9.924316406,10.046386719,10.754394531,0.433410645,0.4370422365,0.440124512,22.987221554271905
bv_compiler,2,float,prepared,1,1024,9.783935547,9.979248047,10.357666016,0.433959961,0.43704223600000003,0.440124512,22.833601022945526
bv_compiler,2,float,prepared,2,1024,9.729003906,9.918212890500001,10.321044922,0.434020996,0.436767578,0.438903809,22.708216887151824
bv_compiler,2,float,vienot,0,1024,2.099609375,2.117919922,2.130126953,0.432800293,0.43612670899999995,0.438903809,4.856203204926851
bv_compiler,2,float,vienot,1,1024,2.069091797,2.093505859,2.111816406,0.433959961,0.4370422365,0.440124512,4.790168281595822
bv_vienot_index,2,double,brettel,0,1024,3.070068359,3.118896484,3.448486328,2.753173828,2.7681274415,3.737976074,1.1267170857964273
bv_vienot_index,2,double,brettel,1,1024,2.996826172,3.0120849610000002,3.021240234,2.758056641,2.769378662,3.474487305,1.087639260867534
bv_vienot_index,2,double,brettel,2,1024,3.02734375,3.0639648435,3.112792969,2.754394531,2.7687683105,3.55456543,1.106616552884012
bv_vienot_index,2,double,lookup,0,1024,128.369140625,128.97644043,130.017089844,3.436584473,3.4430236814999997,3.85534668,37.460224605196345
bv_vienot_index,2,double,lookup,1,1024,128.521728516,130.9173583985,134.246826172,3.423706055,3.4368896485000002,4.112060547,38.091813176381066
bv_vienot_index,2,double,lookup,2,1024,126.385498047,134.3597412105,137.768554688,3.428649902,3.4390258785,3.957397461,39.069127699935684
bv_vienot_index,2,double,lookupApply,0,1024,133.062744141,134.997558594,136.676025391,6.558349609,6.583709717,7.270507812,20.504785963667057
bv_vienot_index,2,double,lookupApply,1,1024,132.220458984,133.218383789,134.576416016,6.548583984,6.561126709,7.268676758,20.304193120712373
bv_vienot_index,2,double,lookupApply,2,1024,132.287597656,134.716796875,138.128662109,6.539978027,6.553833008,7.219177246,20.555421035378327
bv_vienot_index,2,double,prepared,0,1024,12.432861328,12.634277344,13.256835938,0.764038086,0.767150879,1.35760498,16.46909061809209
bv_vienot_index,2,double,prepared,1,1024,12.176513672,12.243652344,12.829589844,0.762878418,0.764099121,0.765930176,16.02364406332042
bv_vienot_index,2,double,prepared,2,1024,12.249755859,12.503051758,12.817382812,0.761657715,0.763183594,0.765319824,16.382757512473464
bv_vienot_index,2,double,vienot,0,1024,1.403808594,1.428222656,1.739501953,0.766479492,0.7692871095,0.772033691,1.8565534744606298
bv_vienot_index,2,double,vienot,1,1024,1.373291016,1.3763427735,1.379394531,0.76348877,0.766540527,0.770202637,1.7955251223135917
bv_vienot_index,2,float,brettel,0,1024,2.655029297,2.667236328,3.771972656,1.440185547,1.4530029295,1.636413574,1.8356716795594046
bv_vienot_index,2,float,brettel,1,1024,2.642822266,2.673339844,3.033447266,1.44140625,1.4575805665,2.103393555,1.8340940497164622
bv_vienot_index,2,float,brettel,2,1024,2.63671875,2.679443359,3.228759766,1.49395752,1.502197266,1.507446289,1.7836827556840993
bv_vienot_index,2,float,lookup,0,1024,17.663574219,17.837524414,18.450927734,2.261108398,2.2764282225,2.765991211,7.835750865191183
bv_vienot_index,2,float,lookup,1,1024,17.565917969,17.834472656,18.194580078,2.264770508,2.2806396485000002,2.664550781,7.819943263605854
bv_vienot_index,2,float,lookup,2,1024,17.608642578,17.724609375,18.280029297,2.266601562,2.2794494629999997,2.289855957,7.775829059913667
bv_vienot_index,2,float,lookupApply,0,1024,25.317382812,25.622558594,26.544189453,6.725830078,6.81237793,7.77355957,3.7611769131546113
bv_vienot_index,2,float,lookupApply,1,1024,25.219726562,25.720214844,38.299560547,6.734436035,6.8190917970000005,7.643981934,3.771794779961077
bv_vienot_index,2,float,lookupApply,2,1024,25.103759766,25.4791259765,26.361083984,6.731933594,6.810852050499999,7.718566895,3.7409601306241154
bv_vienot_index,2,float,prepared,0,1024,9.875488281,9.936523438,10.638427734,0.441345215,0.4453125,0.44744873,22.31359649235088
bv_vienot_index,2,float,prepared,1,1024,9.838867188,9.9700927735,10.546875,0.44128418,0.4447021485,0.44744873,22.41970902800799
bv_vienot_index,2,float,prepared,2,1024,9.790039062,9.9212646485,10.278320312,0.441955566,0.445617676,1.002502441,22.264073403811743
bv_vienot_index,2,float,vienot,0,1024,1.409912109,1.409912109,1.416015625,0.441345215,0.44439697300000003,0.446838379,3.172641117427233
bv_vienot_index,2,float,vienot,1,1024,1.403808594,1.4099121095,1.422119141,0.441955566,0.4447021485,0.448059082,3.170463903211837
bv_vienot_ref,2,double,brettel,0,1024,3.100585938,3.155517578,3.430175781,2.665771484,2.720489502,2.772094727,1.1599080149657568
bv_vienot_ref,2,double,brettel,1,1024,3.082275391,3.155517578,3.411865234,2.677978516,2.774871826,3.027648926,1.1371759763580518
bv_vienot_ref,2,double,brettel,2,1024,3.063964844,3.1402587889999998,3.674316406,2.674316406,2.7724304195,3.484313965,1.1326736162295956
bv_vienot_ref,2,double,lookup,0,1024,25.994873047,26.358032227,27.465820312,3.317993164,3.3984069825,3.858337402,7.755996372044295
bv_vienot_ref,2,double,lookup,1,1024,25.848388672,26.1962890625,38.330078125,3.316162109,3.3873596189999997,3.468383789,7.733542348312443
bv_vienot_ref,2,double,lookup,2,1024,25.689697266,26.235961914,28.973388672,3.317382812,3.3849182124999997,3.46282959,7.750840719611627
bv_vienot_ref,2,double,lookupApply,0,1024,34.948730469,37.5854492185,40.155029297,6.339538574,6.6204223634999995,7.534545898,5.677198093239147
bv_vienot_ref,2,double,lookupApply,1,1024,34.735107422,37.203979492,39.898681641,6.331604004,6.597808838000001,6.953857422,5.638838651663281
bv_vienot_ref,2,double,lookupApply,2,1024,34.844970703,37.353515625,41.735839844,6.330322266,6.594421387000001,7.043701172,5.664411391519102
bv_vienot_ref,2,double,prepared,0,1024,12.554931641,12.799072266,13.421630859,0.739624023,0.755554199,0.770812988,16.93997900208877
bv_vienot_ref,2,double,prepared,1,1024,12.5,12.774658203,13.549804688,0.739013672,0.754943848,1.130249023,16.92133558918676
bv_vienot_ref,2,double,prepared,2,1024,12.420654297,12.7349853515,13.208007812,0.73840332,0.753387451,0.769592285,16.90363349508459
bv_vienot_ref,2,double,vienot,0,1024,1.416015625,1.4312744145,1.446533203,0.742675781,0.7692871095,1.208496094,1.8605204699585571
bv_vienot_ref,2,double,vienot,1,1024,1.403808594,1.428222656,1.452636719,0.74206543,0.7582702640000001,0.772094727,1.8835271852358961
bv_vienot_ref,2,float,brettel,0,1024,2.661132812,2.667236328,4.095458984,1.397338867,1.4285583495,1.79284668,1.8670825233939805
bv_vienot_ref,2,float,brettel,1,1024,2.624511719,2.691650391,2.984619141,1.399169922,1.4261169434999998,1.45300293,1.887398086999869
bv_vienot_ref,2,float,brettel,2,1024,2.612304688,2.6611328125,2.722167969,1.446838379,1.500061035,1.771484375,1.7740163569411027
bv_vienot_ref,2,float,lookup,0,1024,124.975585938,126.4373779295,131.695556641,2.201782227,2.2782592775,2.865661621,55.49736115559393
bv_vienot_ref,2,float,lookup,1,1024,123.33984375,126.028442383,128.509521484,2.202453613,2.245513916,2.287414551,56.124543021090766
bv_vienot_ref,2,float,lookup,2,1024,125.048828125,126.611328125,128.552246094,2.185913086,2.2412414555,2.73059082,56.4916054958274
bv_vienot_ref,2,float,lookupApply,0,1024,129.858398438,130.3771972655,131.921386719,6.519226074,6.762878418,7.122619629,19.278358889092186
bv_vienot_ref,2,float,lookupApply,1,1024,127.526855469,130.4107666015,145.41015625,6.511352539,6.757019043,7.094421387,19.300044260878668
bv_vienot_ref,2,float,lookupApply,2,1024,127.563476562,129.962158203,132.055664062,6.514343262,6.769561767500001,7.167236328,19.198016454615352
bv_vienot_ref,2,float,prepared,0,1024,9.912109375,9.936523438,10.528564453,0.428527832,0.437988281,0.446838379,22.68673357038975
bv_vienot_ref,2,float,prepared,1,1024,9.771728516,10.034179688,10.388183594,0.429138184,0.4376831055,0.445617676,22.925672848480556
bv_vienot_ref,2,float,prepared,2,1024,9.722900391,9.9822998045,10.345458984,0.4296875,0.4385986325,0.45111084,22.75953243994668
bv_vienot_ref,2,float,vienot,0,1024,1.409912109,1.416015625,1.745605469,0.42791748,0.43737793,0.445007324,3.2375104637767156
bv_vienot_ref,2,float,vienot,1,1024,1.397705078,1.412963867,1.434326172,0.429138184,0.4376831055,0.446228027,3.2282805738774396
default,0,double,brettel,0,8191,15.947381272,16.334238799,16.518892687,2.737287877,2.746116164,2.795369918,5.948123758613148
default,0,double,brettel,1,8191,16.328897571,16.669973141,17.024783299,2.765260652,2.7937637344999997,2.883858808,5.966851432404117
default,0,double,brettel,2,8191,16.244963985,16.490660481,16.606641436,2.763955866,2.782257203,2.872550665,5.927079805281395
default,0,double,lookup,0,8191,25.92555854,26.78511476,27.427969723,3.449120986,3.4745337870000004,3.554961238,7.7089809459377685
default,0,double,lookup,1,8191,26.400164815,26.9373397635,27.778964717,3.446602979,3.475254853,4.536091442,7.751183985901479
default,0,double,lookup,2,8191,26.064430472,26.836237944,29.146319131,3.447053168,3.4880928765,3.907627274,7.6936706946082944
default,0,double,lookupApply,0,8191,34.724087413,35.751892321,36.701104871,6.576371933,6.6223370159999995,6.827402027,5.398682101895613
default,0,double,lookupApply,1,8191,34.57911122,35.703821267,36.501190331,6.594410023,6.669984587,6.728665609,5.352909111152644
default,0,double,lookupApply,2,8191,35.111707972,35.9189964595,36.427176169,6.602269259,6.6750206015,6.740973324,5.381106457024019
default,0,double,prepared,0,8191,12.57935539,12.7960566475,13.416402149,0.75562355,0.756577341,0.799406361,16.913084696122297
default,0,double,prepared,1,8191,12.650317422,12.8151324625,13.048620437,0.758065255,0.7593280735000001,0.836085338,16.876937531666275
default,0,double,prepared,2,8191,12.816658528,12.916997314,14.531192773,0.758980894,0.7621169575,0.858556648,16.948838609197328
default,0,double,vienot,0,8191,15.57959956,16.3941368575,17.25445611,0.753632035,0.754208125,0.79704096,21.736887092670873
default,0,double,vienot,1,8191,16.22588817,16.718425711000002,17.249877915,0.756462886,0.758332316,0.839679221,22.04630523882356
default,0,float,brettel,0,8191,28.972347699,29.601849591,30.65636064,1.423658589,1.451028568,1.589114577,20.400597371974005
default,0,float,brettel,1,8191,28.991423514,29.1642503965,33.214808937,1.431609388,1.4449090464999998,1.523928702,20.184142709289905
default,0,float,brettel,2,8191,29.042546698,29.1928641195,29.507233549,1.479222622,1.4878944879999998,1.63786473,19.62025153997345
default,0,float,lookup,0,8191,17.879379807,18.000320473499997,19.847240874,2.263726956,2.2927298255000004,2.39348828,7.851043011391224
default,0,float,lookup,1,8191,17.843517275,18.0098583815,19.007141985,2.264261079,2.2869155169999997,2.856877976,7.875174333123387
default,0,float,lookup,2,8191,17.249114882,17.8347424,18.759156391,2.270144061,2.2863089065,2.441780613,7.800670482145104
default,0,float,lookupApply,0,8191,25.806525455,25.9774447565,26.2429801,6.652560737,6.7437660235,7.346889879,3.852067919612929
default,0,float,lookupApply,1,8191,25.482999634,25.7859235745,26.184989623,6.685043035,6.7402484430000005,7.017069039,3.8256636669349544
default,0,float,lookupApply,2,8191,25.429587352,25.9442528385,26.314705164,6.694741179,6.758706201500001,6.77550818,3.8386419034965646
default,0,float,prepared,0,8191,10.056006593,10.162831156500001,10.244475644,0.430151996,0.438713222,0.511613356,23.165089737140406
default,0,float,prepared,1,8191,9.776736662,9.9690208765,10.152911732,0.433135454,0.4354283665,0.547155414,22.89474375918961
default,0,float,prepared,2,8191,10.023959224,10.129257722,10.718318887,0.434356306,0.43615706249999997,0.495345501,23.223876426396284
default,0,float,vienot,0,8191,17.485654987,17.7313514835,17.989256501,0.430304603,0.4349285805,0.534618789,40.76842102010355
default,0,float,vienot,1,8191,17.07514345,17.367384935,17.696251984,0.432448724,0.435695428,0.438789525,39.86129717890912
bv_compiler,0,double,brettel,0,8191,3.154376755,3.197488097,3.564125259,2.72353803,2.757996582,2.801703089,1.1593517257665695
bv_compiler,0,double,brettel,1,8191,3.119277256,3.1513246245,3.232969112,2.744094128,2.7618537114999997,2.815155353,1.141017937111692
bv_compiler,0,double,brettel,2,8191,3.120803321,3.1608625320000003,3.542760347,2.660641253,2.7521136005,2.80102399,1.1485218238904598
bv_compiler,0,double,lookup,0,8191,26.518434868,27.0258515445,27.476803809,3.419927359,3.437622085,3.5049063,7.861786687497384
bv_compiler,0,double,lookup,1,8191,26.341411305,27.0083017945,27.32419729,3.341365523,3.435062111,3.490774936,7.862536665061192
bv_compiler,0,double,lookup,2,8191,26.368117446,26.6908802345,27.131913075,3.284206751,3.431082896,3.492903797,7.779141758893837
bv_compiler,0,double,lookupApply,0,8191,35.345958979,35.76638994,36.084574533,6.532199976,6.5944062080000005,6.693291417,5.423746856329539
bv_compiler,0,double,lookupApply,1,8191,35.139940178,35.688560615499995,36.698815773,6.53487822,6.5952035774999995,6.662800635,5.41129021964599
bv_compiler,0,double,lookupApply,2,8191,35.176565743,35.64888292,35.896105482,6.30478574,6.534946892500001,6.644991454,5.455114403594213
bv_compiler,0,double,prepared,0,8191,12.905933341,12.961634721,13.097454523,0.749282749,0.761964351,0.883843548,17.010815143765168
bv_compiler,0,double,prepared,1,8191,12.746459529,12.820092174500001,13.163075327,0.750877487,0.7587138325,0.817291845,16.897137794703383
bv_compiler,0,double,prepared,2,8191,12.626663411,12.864729580999999,14.338908558,0.72612471,0.7546239775,0.801474179,17.04786750034059
bv_compiler,0,double,vienot,0,8191,2.574471981,2.5786686605,2.991850812,0.747443841,0.760396319,0.801855695,3.391216653824964
bv_compiler,0,double,vienot,1,8191,2.540135515,2.5641710415,2.608808448,0.749427726,0.7537503055,0.817139238,3.401883916715706
bv_compiler,0,float,brettel,0,8191,2.676718349,2.691215969,2.810249054,1.42977811,1.4362028445,1.578714443,1.8738411355374531
bv_compiler,0,float,brettel,1,8191,2.679007447,2.692742034,3.184135026,1.429320291,1.4661137225,1.513154682,1.8366529094403181
bv_compiler,0,float,brettel,2,8191,2.704187523,2.714488463,2.775149554,1.473568551,1.5076875534999998,1.586283726,1.800431698662292
bv_compiler,0,float,lookup,0,8191,17.993834697,18.076242217,20.073861555,2.257843975,2.3032329689999997,2.38576639,7.848204007277738
bv_compiler,0,float,lookup,1,8191,18.126602368,18.2376236115,18.833170553,2.265253022,2.3144304725,2.472881822,7.879961756552616
bv_compiler,0,float,lookup,2,8191,17.93889635,18.1185905265,18.833170553,2.257233549,2.3005280185,2.357488402,7.875839972735372
bv_compiler,0,float,lookupApply,0,8191,25.879013551,25.935859479999998,26.545904041,6.680609816,6.7797926075,7.317543645,3.825465022530189
bv_compiler,0,float,lookupApply,1,8191,25.844677085,26.3219539735,26.539036748,6.676474179,6.878143694,7.06459834,3.826897945802061
bv_compiler,0,float,lookupApply,2,8191,25.67299475,26.0278049075,26.735899158,6.658054572,6.807689079499999,6.936675925,3.8232951892408766
bv_compiler,0,float,prepared,0,8191,10.025485289,10.098354902,10.171224515,0.432601331,0.435466518,0.473484617,23.189739014561848
bv_compiler,0,float,prepared,1,8191,10.0140398,10.0441795875,10.091869125,0.432372421,0.444909047,0.487852521,22.575804325012975
bv_compiler,0,float,prepared,2,8191,10.029300452,10.144136857500001,10.635911366,0.432296118,0.43722530849999997,0.442154499,23.201165761199302
bv_compiler,0,float,vienot,0,8191,2.096813576,2.121993652,2.344036137,0.432143511,0.433822183,0.51169729,4.891390378716526
bv_compiler,0,float,vienot,1,8191,2.090709315,2.099865706,2.26544378,0.431838298,0.438560615,0.487539678,4.788085464537212
bv_vienot_index,0,double,brettel,0,8191,2.985746551,3.121566353,3.262727384,2.735525272,2.792233854,2.86376816,1.1179458871355694
bv_vienot_index,0,double,brettel,1,8191,3.130722744,3.1707819555,3.627456965,2.745925406,2.8064109999999998,2.878815163,1.1298352078508815
bv_vienot_index,0,double,brettel,2,8191,3.125381516,3.1749786354999996,3.854077646,2.770685814,2.7856641435,2.952340984,1.1397564357887207
bv_vienot_index,0,double,lookup,0,8191,131.774203394,134.35325357099998,136.106702478,3.420469112,3.4893175435,3.545072335,38.50416360679957
bv_vienot_index,0,double,lookup,1,8191,134.261689659,135.545110487,137.559516543,3.432151141,3.4606389635,3.53276462,39.167654273277094
bv_vienot_index,0,double,lookup,2,8191,133.140794775,136.2017000365,137.535862532,3.423208399,3.504753693,3.779613295,38.861989163042736
bv_vienot_index,0,double,lookupApply,0,8191,132.240416311,137.54387437399998,139.405292394,6.560935783,6.658359785,6.777263155,20.657320844070306
bv_vienot_index,0,double,lookupApply,1,8191,136.689659382,140.887101697,142.654285191,6.579965816,6.6478604565,6.77574472,21.192848829918876
bv_vienot_index,0,double,lookupApply,2,8191,137.677786595,140.1126236115,141.879807105,6.589358747,6.6826547430000005,6.913823099,20.966611174738045
bv_vienot_index,0,double,prepared,0,8191,12.207758515,12.6911396655,13.304236357,0.756073739,0.7699533025,0.830705958,16.482999195266128
bv_vienot_index,0,double,prepared,1,8191,12.828867049,12.932257966,20.42790868,0.75539464,0.7702585154999999,0.815803931,16.789503401471972
bv_vienot_index,0,double,prepared,2,8191,12.75256379,13.0119948725,14.937126114,0.759286107,0.762078806,0.801817544,17.074342928912262
bv_vienot_index,0,double,vienot,0,8191,1.374984739,1.429160054,1.516908802,0.754242461,0.769075815,0.812896777,1.8582824035365095
bv_vienot_index,0,double,vienot,1,8191,1.437553412,1.445946771,1.553534367,0.753250519,0.767694726,0.816368575,1.8834918647076913
bv_vienot_index,0,float,brettel,0,8191,2.595073862,2.6572610185,2.865187401,1.432914174,1.4739920340000001,1.553954035,1.802764843503896
bv_vienot_index,0,float,brettel,1,8191,2.63856672,2.6969387129999998,3.053656452,1.443833171,1.4657398365,1.569329142,1.8399845906078023
bv_vienot_index,0,float,brettel,2,8191,2.619490905,2.6770998655,2.831613967,1.486326456,1.496001709,1.538907032,1.789503213395059
bv_vienot_index,0,float,lookup,0,8191,17.579507997,18.1761994875,20.159321206,2.290471249,2.3101269684999997,2.498252655,7.868052161350283
bv_vienot_index,0,float,lookup,1,8191,18.117445977,18.321557197,18.701928946,2.296277927,2.3112715175,2.570084544,7.927046674644967
bv_vienot_index,0,float,lookup,2,8191,17.115584178,17.8812873885,18.448602124,2.279620925,2.3173834085,2.360906788,7.716154056731695
bv_vienot_index,0,float,lookupApply,0,8191,25.006104261,25.801565742500003,26.067482603,6.757096203,6.8682509765,7.017152973,3.756642823737966
bv_vienot_index,0,float,lookupApply,1,8191,25.88435478,26.1079233305,27.137254304,6.77972012,6.876503174,7.062316872,3.7966860001190486
bv_vienot_index,0,float,lookupApply,2,8191,24.576516909,25.5200067145,26.573373215,6.714839458,6.8069222315,6.980626602,3.749125646889653
bv_vienot_index,0,float,prepared,0,8191,9.72332438,9.9205683065,10.779361494,0.43374588,0.44538594200000003,0.805976071,22.274093928406927
bv_vienot_index,0,float,prepared,1,8191,9.943840801,10.081949701,10.188011232,0.436729337,0.43998748649999997,0.52785069,22.91417372162015
bv_vienot_index,0,float,prepared,2,8191,9.721035283,9.9373550235,10.54892565,0.436500427,0.439003174,0.498779148,22.636180355953417
bv_vienot_index,0,float,vienot,0,8191,1.374221707,1.4211482115,1.519960933,0.433669576,0.44002182300000003,0.488111952,3.2297221119871593
bv_vienot_index,0,float,vienot,1,8191,1.400164815,1.42954157,1.471126847,0.436576731,0.44217739,0.525149554,3.23295944643393
bv_vienot_ref,0,double,brettel,0,8191,3.07654743,3.125,3.296300818,2.701524539,2.7291501345,2.780918081,1.1450451041501688
bv_vienot_ref,0,double,brettel,1,8191,3.094860212,3.136827005,3.181082896,2.730023807,2.747798651,2.87124588,1.1415781880009372
bv_vienot_ref,0,double,brettel,2,8191,3.123855451,3.1463649125,3.558784031,2.728955561,2.7469555000000003,2.936355451,1.145400758221238
bv_vienot_ref,0,double,lookup,0,8191,26.970913197,27.066673788499997,27.23034428,3.398837138,3.4294042245,3.564659382,7.8925294356183
bv_vienot_ref,0,double,lookup,1,8191,26.91597485,27.2700219755,28.160481016,3.400668417,3.421838756,3.513772738,7.969405901339905
bv_vienot_ref,0,double,lookup,2,8191,26.773287755,26.998382370999998,27.512666341,3.408542913,3.430399982,3.527301306,7.870330723141893
bv_vienot_ref,0,double,lookupApply,0,8191,34.405139788,38.388551459,42.441399097,6.503311561,6.580805152,6.655612868,5.8334125646210895
bv_vienot_ref,0,double,lookupApply,1,8191,34.106794042,38.1207270175,41.892015627,6.503929618,6.5892442925,6.64957728,5.785295752487083
bv_vienot_ref,0,double,lookupApply,2,8191,34.429556831,38.2805823465,43.00070199,6.503235258,6.604073831,6.762521365,5.796510354988489
bv_vienot_ref,0,double,prepared,0,8191,12.750274692,12.875030521,13.488127213,0.745536259,0.752598126,0.839679221,17.107444300226707
bv_vienot_ref,0,double,prepared,1,8191,12.549597119,12.704492736,12.827340984,0.747749054,0.7523730315,0.858556648,16.885895963962394
bv_vienot_ref,0,double,prepared,2,8191,12.673971432,12.7792699305,14.441154926,0.746062752,0.753139879,0.816368575,16.9679899933967
bv_vienot_ref,0,double,vienot,0,8191,1.445183738,1.477231107,1.615340007,0.742476499,0.75011827,0.791379258,1.9693309256418992
bv_vienot_ref,0,double,vienot,1,8191,1.42229276,1.438316445,1.510041509,0.746367965,0.749622299,0.849308692,1.9187215307211667
bv_vienot_ref,0,float,brettel,0,8191,2.646197046,2.6690880235,2.823983641,1.43329569,1.4354703335,1.568558479,1.8593822256097499
bv_vienot_ref,0,float,brettel,1,8191,2.601941155,2.6626022459999996,3.104779636,1.418088451,1.4353940299999999,1.526370407,1.854962602847108
bv_vienot_ref,0,float,brettel,2,8191,2.659931632,2.667561958,2.78277988,1.453928092,1.4797147785,1.587962398,1.8027541501640816
bv_vienot_ref,0,float,lookup,0,8191,123.267916005,125.3674001955,129.820076914,2.259217434,2.2798498350000003,2.565346112,54.989323538275926
bv_vienot_ref,0,float,lookup,1,8191,125.659260164,126.74009583649999,128.640428519,2.230260347,2.2795064705000003,2.595607984,55.59979648081458
bv_vienot_ref,0,float,lookup,2,8191,123.65706263,126.604276035,127.740813088,2.236288304,2.267130082,2.327386766,55.843410592176156
bv_vienot_ref,0,float,lookupApply,0,8191,129.987944085,131.59107557049998,134.513490416,6.698182456,6.775134294000001,7.146288609,19.42265198891126
bv_vienot_ref,0,float,lookupApply,1,8191,128.277225003,130.9554694175,131.646013918,6.588435478,6.6986364609999995,7.074380418,19.54957104776969
bv_vienot_ref,0,float,lookupApply,2,8191,129.88951288,130.8730618975,131.60252106,6.587908985,6.687480924000001,6.787281773,19.569859470974095
bv_vienot_ref,0,float,prepared,0,8191,9.983518496,10.0571511415,10.298650958,0.433593273,0.4340930595,0.522547613,23.168191523458347
bv_vienot_ref,0,float,prepared,1,8191,9.71722012,9.866392992,10.171224515,0.425871383,0.430461024,0.541653949,22.92052576634673
bv_vienot_ref,0,float,prepared,2,8191,9.97283604,10.009843120500001,10.375717251,0.42603162,0.430880692,0.479291295,23.231124778503652
bv_vienot_ref,0,float,vienot,0,8191,1.407795141,1.425726407,1.961756806,0.433898486,0.434280002,0.535534428,3.282965829497256
bv_vienot_ref,0,float,vienot,1,8191,1.378799902,1.412754853,1.46044439,0.430991332,0.434012941,0.522776523,3.2550984533892047
default,1,double,brettel,0,8191,15.806220242,16.0820565255,16.570015871,2.738386644,2.7446511415,2.789357221,5.859417352658843
default,1,double,brettel,1,8191,16.579172262,16.6341106095,16.846233671,2.745345501,2.7982579965000003,2.878387865,5.944452094948207
default,1,double,brettel,2,8191,16.116774509,16.354840679,16.831736052,2.777362349,2.788674307,2.989195458,5.864736745322622
default,1,double,lookup,0,8191,26.660358931,26.9697686485,27.567604688,3.42042333,3.4777003725,3.578996765,7.755058159053638
default,1,double,lookup,1,8191,26.81296545,27.060951044,27.491301428,3.446099377,3.502346325,3.553702234,7.726520604440796
default,1,double,lookup,2,8191,26.806861189,27.2955835675,28.071206202,3.457567757,3.4988707115,3.6542623,7.80125526724539
default,1,double,lookupApply,0,8191,34.305182517,34.998779148,35.82514345,6.551306312,6.61446252,6.70436302,5.291250655994343
default,1,double,lookupApply,1,8191,34.02667562,35.1117079725,36.124252228,6.561462276,6.6694809855,6.769098706,5.264533784388282
default,1,double,lookupApply,2,8191,34.491362471,35.421499206,43.589000122,6.598293859,6.685798437000001,6.810813698,5.298020803315461
default,1,double,prepared,0,8191,12.65565865,12.728146746499998,12.815132462,0.753639665,0.7578096384999999,0.798498352,16.795968406648868
default,1,double,prepared,1,8191,12.551123184,12.8139879135,12.99673422,0.753868575,0.7680075694999999,1.004829996,16.684715649146998
default,1,double,prepared,2,8191,12.75256379,12.8933433035,14.65098889,0.75937004,0.7637269565,0.835864058,16.88213725306683
default,1,double,vienot,0,8191,15.954248565,16.278155903,17.150683677,0.755249664,0.7557418204999999,0.795285985,21.539308083057183
default,1,double,vienot,1,8191,16.237333659,16.4403003295,16.846233671,0.751503174,0.765520083,0.807135881,21.475988278546577
default,1,float,brettel,0,8191,28.009400562,28.6015138565,29.550726407,1.440567391,1.4729695705,1.560470333,19.417586370634393
default,1,float,brettel,1,8191,27.801092663,28.3252960565,29.06085948,1.435065926,1.471371017,1.593486754,19.25095419797847
default,1,float,brettel,2,8191,28.710627518,29.148989745,30.670095226,1.474804664,1.5028842629999999,1.544568734,19.39536560640665
default,1,float,lookup,0,8191,17.091167135,17.178534367,18.588237089,2.274989318,2.342040807,2.386636247,7.334856982703291
default,1,float,lookup,1,8191,17.719142962,18.1155383955,21.282505189,2.269175009,2.3151820595,2.36516451,7.824671205085416
default,1,float,lookup,2,8191,17.804602613,17.907230497,20.394335246,2.272921499,2.289509828,2.360120864,7.821425476318157
default,1,float,lookupApply,0,8191,24.541417409,24.602460017,25.006104261,6.713542303,6.9162380965,7.10510774,3.557202582347506
default,1,float,lookupApply,1,8191,25.00305213,25.4417958735,26.003387865,6.679381333,6.8654582775,6.917424612,3.7057680412798923
default,1,float,lookupApply,2,8191,25.595165425,26.0800726405,26.951837382,6.717662679,6.768671408,6.845050971,3.8530563929688695
default,1,float,prepared,0,8191,9.540196557,9.5634690515,9.621841045,0.436042608,0.441509736,0.446900562,21.660833888156887
default,1,float,prepared,1,8191,9.576822122,9.801916738,10.024722256,0.434287633,0.439754761,0.485105604,22.28950680536236
default,1,float,prepared,2,8191,9.980466366,10.111707972000001,10.446679282,0.432914174,0.4398272495,0.535313149,22.99018076641475
default,1,float,vienot,0,8191,16.676840435,17.017916005,17.878616775,0.435973935,0.444794592,0.523318276,38.26016842623842
default,1,float,vienot,1,8191,16.617323892,17.018679038000002,17.523806617,0.434592846,0.4455576245,0.513536198,38.19635912885158
bv_compiler,1,double,brettel,0,8191,3.09714931,3.125381516,3.27340984,2.722797888,2.7468295995,3.28371078,1.137814124534302
bv_compiler,1,double,brettel,1,8191,3.123855451,3.1478909780000004,3.191765352,2.747558296,2.7812538155,2.921178733,1.1318244169074831
bv_compiler,1,double,brettel,2,8191,3.074258332,3.1253815165,3.576333781,2.757645587,2.7690681845,2.814499145,1.1286762579536618
bv_compiler,1,double,lookup,0,8191,26.231534611,26.650821023,27.577524112,3.439911183,3.4715121780000002,3.604665181,7.677006346656117
bv_compiler,1,double,lookup,1,8191,26.034672201,26.3456079845,26.941917959,3.439300757,3.4529399649999997,3.501884691,7.629906181846982
bv_compiler,1,double,lookup,2,8191,26.018648517,26.677145647499998,27.397448419,3.407505189,3.444077341,3.671384752,7.745803304101817
bv_compiler,1,double,lookupApply,0,8191,35.270418752,35.613020388500004,35.935020144,6.588443108,6.633946557,6.763978757,5.368300766746741
bv_compiler,1,double,lookupApply,1,8191,34.569954828,35.503906727,35.827432548,6.589122207,6.6394480225,6.764352643,5.3474184309724375
bv_compiler,1,double,lookupApply,2,8191,34.680594555,35.353589305499995,36.114332804,6.547628495,6.601239165000001,6.720104383,5.355598914359285
bv_compiler,1,double,prepared,0,8191,12.698388475,12.815895495,12.93187645,0.755013124,0.7559745449999999,0.797887926,16.952813530249223
bv_compiler,1,double,prepared,1,8191,12.644976193,12.741499817,12.886094494,0.75586009,0.7606748265000001,0.816147296,16.750258287928236
bv_compiler,1,double,prepared,2,8191,12.547308021,12.627807959999998,13.063881089,0.754021182,0.7553641195,0.835558845,16.717510977829807
bv_compiler,1,double,vienot,0,8191,2.536320352,2.5569222314999998,2.960566475,0.751655781,0.7572717005,0.799345318,3.376492518882923
bv_compiler,1,double,vienot,1,8191,2.539372482,2.55196252,2.668324991,0.754028812,0.75795843,0.815926016,3.366889817427059
bv_compiler,1,float,brettel,0,8191,2.637803687,2.686256257,2.894945672,1.427344036,1.4427076975,1.542279636,1.8619546160701068
bv_compiler,1,float,brettel,1,8191,2.643907948,2.6858747405,3.090282017,1.43070901,1.442745849,1.502540899,1.8616409413769175
bv_compiler,1,float,brettel,2,8191,2.610334513,2.6591685995,2.891893542,1.469761018,1.493987303,1.536480588,1.77991378786169
bv_compiler,1,float,lookup,0,8191,17.709223538,18.160938835499998,28.053656452,2.260690087,2.2935539005,2.389993591,7.918252469035443
bv_compiler,1,float,lookup,1,8191,17.574929801,17.925543279,22.308020999,2.258332316,2.294778568,2.335963252,7.811447923109591
bv_compiler,1,float,lookup,2,8191,17.920583567,18.1910786225,18.434104505,2.267420034,2.2969913625,2.340014955,7.919524173874642
bv_compiler,1,float,lookupApply,0,8191,25.513520938,25.6157673055,33.520785008,6.679457636,6.765424704000001,6.827859846,3.786276313200987
bv_compiler,1,float,lookupApply,1,8191,25.712672445,26.246795263,62.518312782,6.680754792,6.7351246795,6.823655537,3.8970021361131653
bv_compiler,1,float,lookupApply,2,8191,25.650103772,25.730222195499998,26.098766939,6.693283787,6.77680915,6.828081126,3.796804901241759
bv_compiler,1,float,prepared,0,8191,9.905689171,9.9873336585,10.149859602,0.432456355,0.4350163285,0.437652607,22.958525931515698
bv_compiler,1,float,prepared,1,8191,9.949945062,14.6040623855,24.321664021,0.433066781,0.4347836035,0.436347821,33.58926663272848
bv_compiler,1,float,prepared,2,8191,9.979703333,10.047231717999999,10.456598706,0.434287633,0.439026065,0.479451532,22.885273834481783
bv_compiler,1,float,vienot,0,8191,2.099102674,2.103680869,2.199059944,0.432456355,0.4345165425,0.436965877,4.8414287218995815
bv_compiler,1,float,vienot,1,8191,2.065529239,2.0949059945,2.355481626,0.432753937,0.43749236950000003,0.494582469,4.788440074724549
bv_vienot_index,1,double,brettel,0,8191,3.075021365,3.1101208645,3.346660969,2.667699304,2.7217677934999998,2.777667562,1.1426841304858728
bv_vienot_index,1,double,brettel,1,8191,3.103253571,3.1665852765,3.248992797,2.650889696,2.7322747525,2.789357221,1.1589556553939575
bv_vienot_index,1,double,brettel,2,8191,3.064338909,3.1230924184999997,3.481717739,2.640039372,2.732961482,2.856450678,1.1427502506235467
bv_vienot_index,1,double,lookup,0,8191,131.381241607,133.780597607,135.761811745,3.320244781,3.4042241485,3.462611403,39.298410378161385
bv_vienot_index,1,double,lookup,1,8191,131.893999512,133.081278232,134.334940789,3.295255463,3.38963115,3.552778965,39.26128606411939
bv_vienot_index,1,double,lookup,2,8191,131.974117934,133.5551214745,136.39818093,3.284473813,3.376560402,3.549879441,39.553600579866064
bv_vienot_index,1,double,lookupApply,0,8191,134.936210475,138.0699853495,138.833017947,6.382332743,6.4914616655,6.561233366,21.269475576401675
bv_vienot_index,1,double,lookupApply,1,8191,136.091441826,138.1268312785,139.390794775,6.337405384,6.494674032500001,6.642007997,21.26770806160547
bv_vienot_index,1,double,lookupApply,2,8191,133.35978513,136.67859540950002,140.074471981,6.291859968,6.476445184,6.749229337,21.103953098709653
bv_vienot_index,1,double,prepared,0,8191,12.519838848,12.594997558,13.182914174,0.735303992,0.7500152605,0.790852765,16.792988384801003
bv_vienot_index,1,double,prepared,1,8191,12.571725064,12.7506562085,12.983762666,0.729108168,0.7507363265,0.898760835,16.98420038889646
bv_vienot_index,1,double,prepared,2,8191,12.513734587,12.703729703499999,14.590709315,0.723301489,0.7403857895,0.799719204,17.158257064981118
bv_vienot_index,1,double,vienot,0,8191,1.412373337,1.4184775975,1.697747528,0.73407551,0.7496299295,0.791241912,1.8922371448617568
bv_vienot_index,1,double,vienot,1,8191,1.42229276,1.4600628740000001,1.502411183,0.727276889,0.7390810035,0.751045355,1.9755112999599647
bv_vienot_index,1,float,brettel,0,8191,2.640855817,2.6694695395,2.794225369,1.422689537,1.436023532,1.536709498,1.8589316122014634
bv_vienot_index,1,float,brettel,1,8191,2.666798926,2.670995605,2.989561714,1.418485228,1.4385835065,1.511109755,1.8566844350234455
bv_vienot_index,1,float,brettel,2,8191,2.640855817,2.6671804420000003,2.78277988,1.455850934,1.469989928,1.529063912,1.8144208958144645
bv_vienot_index,1,float,lookup,0,8191,17.735929679,17.960261262499998,19.237577829,2.250526492,2.273879105,2.350636369,7.8985119406776905
bv_vienot_index,1,float,lookup,1,8191,17.789341961,18.062889146499998,18.477597363,2.243041143,2.265169088,2.350033573,7.974190201601409
bv_vienot_index,1,float,lookup,2,8191,17.639787572,17.781711635,18.134995727,2.22073007,2.2640588755,2.306090526,7.853908671466438
bv_vienot_index,1,float,lookupApply,0,8191,25.313606397,25.515428518999997,26.088084483,6.625579905,6.739065743,7.051840435,3.7861967061982402
bv_vienot_index,1,float,lookupApply,1,8191,25.643236479,25.8687126115,26.28113173,6.643610365,6.7222485044999996,6.773226712,3.8482231940968856
bv_vienot_index,1,float,lookupApply,2,8191,25.289189354,25.494826639,26.021700647,6.555808204,6.651751923000001,6.73853162,3.8327987775439465
bv_vienot_index,1,float,prepared,0,8191,9.891191552,9.948800513,10.060584788,0.431075266,0.4344402395,0.502914785,22.90027398118125
bv_vienot_index,1,float,prepared,1,8191,9.9789403,10.026629838,10.098736418,0.42977811,0.4353177265,0.543721768,23.032900402690125
bv_vienot_index,1,float,prepared,2,8191,9.873641802,10.012895250500002,10.357404468,0.427031193,0.4296674705,0.431845928,23.303824324536578
bv_vienot_index,1,float,vienot,0,8191,1.404743011,1.41924063,1.491728727,0.430319863,0.43264329749999997,0.508492553,3.2803943530409136
bv_vienot_index,1,float,vienot,1,8191,1.411610304,1.4150439504999999,1.466548651,0.429167684,0.4327196005,0.509171652,3.270117528452469
bv_vienot_ref,1,double,brettel,0,8191,3.044500061,3.085703821,3.128433647,2.635911366,2.685432182,2.733571908,1.1490529687113133
bv_vienot_ref,1,double,brettel,1,8191,2.991850812,3.0567085824999998,3.11469906,2.638887193,2.7287190205,2.825807288,1.1201990969154092
bv_vienot_ref,1,double,brettel,2,8191,2.991087779,3.085703821,3.637376389,2.637895251,2.7108755034999996,3.021288609,1.1382683627544168
bv_vienot_ref,1,double,lookup,0,8191,25.837809791,26.0529849835,28.049841289,3.298078684,3.376140734,3.543157124,7.716794718042699
bv_vienot_ref,1,double,lookup,1,8191,26.04306556,26.1170797215,26.348278598,3.28745727,3.404147845,3.52855268,7.672134381548873
bv_vienot_ref,1,double,lookup,2,8191,25.122848248,25.737471005,26.454340129,3.284931632,3.3775141925,3.566536442,7.6202406675749295
bv_vienot_ref,1,double,lookupApply,0,8191,33.987760957,34.5150164815,35.004883409,6.343669882,6.4190155355,6.51568795,5.376995318147567
bv_vienot_ref,1,double,lookupApply,1,8191,33.005738005,33.9381638385,34.890428519,6.311958247,6.4526080455,6.665394946,5.2596041165352085
bv_vienot_ref,1,double,lookupApply,2,8191,32.988951288,33.281574288499996,34.081613967,6.303320718,6.438011232,6.71208491,5.169542749952754
bv_vienot_ref,1,double,prepared,0,8191,12.454981077,12.582026004,13.262269564,0.728345135,0.7408779455,0.78229917,16.98258948106318
bv_vienot_ref,1,double,prepared,1,8191,12.209284581,12.420263093500001,12.702203638,0.723232817,0.7484472289999999,0.843509645,16.594707832768265
bv_vienot_ref,1,double,prepared,2,8191,12.218440972,12.491606641499999,13.708643633,0.723766939,0.7498206875,0.848866134,16.659458520874697
bv_vienot_ref,1,double,vienot,0,8191,1.39863875,1.4161885,1.456629227,0.72613234,0.7419118545000001,0.781070687,1.9088365975152375
bv_vienot_ref,1,double,vienot,1,8191,1.374221707,1.412373337,1.455103162,0.721546514,0.7455400745,0.8305152,1.8944298037194243
bv_vienot_ref,1,float,brettel,0,8191,2.546239775,2.6667989255,3.063575876,1.374923697,1.3858922900000001,1.483976315,1.924246887541311
bv_vienot_ref,1,float,brettel,1,8191,2.546239775,2.6038487365,3.219234526,1.376228482,1.399455195,1.561233366,1.8606160067168136
bv_vienot_ref,1,float,brettel,2,8191,2.58591747,2.6591685995,3.033817605,1.426046881,1.455545721,1.496810524,1.8269220685648253
bv_vienot_ref,1,float,lookup,0,8191,121.067329996,121.6533390305,124.001190331,2.180304603,2.2107190814999997,2.27597363,55.0288546602478
bv_vienot_ref,1,float,lookup,1,8191,122.510224637,125.254089855,129.045598828,2.188865828,2.2316910329999997,2.334895007,56.1251929603465
bv_vienot_ref,1,float,lookup,2,8191,121.075723355,123.9840220975,127.608808448,2.1984953,2.239908894,2.280330546,55.35226116991346
bv_vienot_ref,1,float,lookupApply,0,8191,125.119796118,127.18151019449999,131.243895739,6.418103711,6.5103810585,6.759537907,19.535186811907256
bv_vienot_ref,1,float,lookupApply,1,8191,125.141924063,125.392198755,195.533207179,6.434302893,6.5562698385000004,6.599903858,19.125539650407113
bv_vienot_ref,1,float,lookupApply,2,8191,125.162525943,127.034626419,131.526980833,6.469150592,6.6103345135,7.047948968,19.217579104289307
bv_vienot_ref,1,float,prepared,0,8191,9.624130143,9.9659687465,10.161305091,0.416096936,0.41793202900000004,0.419767122,23.845908078272696
bv_vienot_ref,1,float,prepared,1,8191,9.549352948,9.7424001955,10.080423636,0.416020632,0.423971432,0.537838786,22.978907209719736
bv_vienot_ref,1,float,prepared,2,8191,9.630997436,9.9716914905,10.241423514,0.418241057,0.426191857,0.515062263,23.397189145497915
bv_vienot_ref,1,float,vienot,0,8191,1.355908924,1.416570016,1.572610182,0.415944329,0.418851483,0.499313271,3.382034142159167
bv_vienot_ref,1,float,vienot,1,8191,1.352856794,1.383378098,1.426107923,0.415646746,0.419576364,0.46371017,3.297083002511552
default,2,double,brettel,0,8191,15.455225247,15.754334024999999,16.20528629,2.71653339,2.7725094615,2.822068429,5.6823373351002
default,2,double,brettel,1,8191,15.718471493,16.2590800875,16.959925528,2.718898791,2.7916921009999998,2.914837932,5.824095028845017
default,2,double,brettel,2,8191,16.141954584,16.38459895,16.811897204,2.71255799,2.8114813515000003,2.930434318,5.827745910979769
default,2,double,lookup,0,8191,25.589824197,26.5172903185,27.475277744,3.398341167,3.4941704309999997,3.716548651,7.589008848349447
default,2,double,lookup,1,8191,26.271975339,26.862181052,27.469936516,3.402080027,3.4977643145000004,3.832323587,7.679814486254173
default,2,double,lookup,2,8191,26.226193383,26.7614607495,27.573708949,3.375343365,3.4561523320000003,3.631264498,7.743136927652064
default,2,double,lookupApply,0,8191,33.478818215,37.4835947995,46.866225125,6.517595532,6.6439499145,6.834895007,5.641763601753593
default,2,double,lookupApply,1,8191,34.351727506,37.947518618000004,41.258698572,6.50491393,6.63986769,6.777804908,5.715101623960221
default,2,double,lookupApply,2,8191,35.065926016,38.242430716499996,41.286930778,6.484205225,6.6804839155,8.243972042,5.724500081164816
default,2,double,prepared,0,8191,12.229886461,12.582789037000001,13.062355024,0.749206446,0.7665158405000001,0.819214687,16.415562956653602
default,2,double,prepared,1,8191,12.509156391,12.820473690499998,13.054724698,0.748519717,0.7630402275,0.870864363,16.801831972220622
default,2,double,prepared,2,8191,12.730435844,12.901355146,13.844463435,0.746680808,0.771715908,0.974644427,16.717751976158564
default,2,double,vienot,0,8191,15.488798681,15.952340984,16.674551337,0.748061897,0.7634980465000001,0.806060005,20.893754813294073
default,2,double,vienot,1,8191,15.622329386,16.0652698085,16.951532169,0.747375168,0.7700334209999999,0.877823221,20.863081225275806
default,2,float,brettel,0,8191,28.338267611,28.4401324625,29.215755097,1.433768771,1.4688797155,1.926512331,19.361784469070095
default,2,float,brettel,1,8191,27.727841533,28.8071511415,29.53393969,1.429793371,1.45600354,1.572694115,19.785083174660414
default,2,float,brettel,2,8191,27.87968502,28.194435966500002,28.709101453,1.473049689,1.5167180445,1.562072702,18.589108284654554
default,2,float,lookup,0,8191,17.225460872,17.535633622,19.24673422,2.261994872,2.3126564215,2.35744262,7.5824638104376545
default,2,float,lookup,1,8191,17.204858992,17.587519839000002,17.876327677,2.257866866,2.322747528,2.423849347,7.571860319293386
default,2,float,lookup,2,8191,17.167470394,17.676794653,17.9213466,2.264360273,2.3029926135,2.346508363,7.675575922119649
default,2,float,lookupApply,0,8191,24.620009767,25.087367232,25.602795751,6.691452509,6.886891863,6.934005311,3.642770604077946
default,2,float,lookupApply,1,8191,24.686393603,25.242644366,26.145311928,6.694275729,6.8061172325,6.9051932,3.7088171572278306
default,2,float,lookupApply,2,8191,24.633744354,25.103772433,25.63484312,6.680899768,6.7881211085,6.950280796,3.6981915955455436
default,2,float,prepared,0,8191,9.554694177,9.6622817725,9.846935661,0.433906116,0.44475644,0.512307716,21.72488333727107
default,2,float,prepared,1,8191,9.551642046,9.795812477,10.122390429,0.432753937,0.440784855,0.55265688,22.223568631912276
default,2,float,prepared,2,8191,9.550879014,9.7836039555,9.998779148,0.433600903,0.44017442949999996,0.488005128,22.22665220833779
default,2,float,vienot,0,8191,17.129318764,17.335719081500002,17.818337199,0.434287633,0.4395220365,0.44452753,39.44220685621983
default,2,float,vienot,1,8191,17.363569772,17.473827982,17.618422659,0.43329569,0.43677130399999997,0.483198022,40.006813226905585
bv_compiler,2,double,brettel,0,8191,3.107831767,3.1955805155,4.776584056,2.759247955,2.7859617265,2.83169027,1.147029582317559
bv_compiler,2,double,brettel,1,8191,3.05899768,3.1551397875,3.364973752,2.794171957,2.822984068,2.874870284,1.117661209379521
bv_compiler,2,double,brettel,2,8191,3.145220364,3.189476254,3.617537541,2.796697595,2.8227933099999998,2.917203333,1.1299007414751172
bv_compiler,2,double,lookup,0,8191,26.61610304,26.831278232000003,27.022799414,3.465968746,3.5177023565,3.657398364,7.627500997183928
bv_compiler,2,double,lookup,1,8191,26.529117324,26.9541264805,27.795751435,3.469638933,3.5227116655,3.648608229,7.6515278682833205
bv_compiler,2,double,lookup,2,8191,26.732847027,27.378372604,27.475277744,3.477818642,3.5379990235000003,3.733205653,7.738377659843352
bv_compiler,2,double,lookupApply,0,8191,34.158680259,35.154056281500004,36.418019778,6.604718594,6.6758980895,6.797903186,5.265816795015352
bv_compiler,2,double,lookupApply,1,8191,33.410145281,34.714931022,39.029880356,6.6603513,6.738718563,6.82396075,5.15156267433512
bv_compiler,2,double,lookupApply,2,8191,34.650073251,35.2261628615,35.933494079,6.669141436,6.7790677265,6.824723782,5.19631375326104
bv_compiler,2,double,prepared,0,8191,12.762483213,12.9234830915,13.376724454,0.760903736,0.762429801,0.843433341,16.950390809159884
bv_compiler,2,double,prepared,1,8191,12.472530827,12.8467983155,13.040227079,0.766557807,0.7714068795,0.857259492,16.653725364527293
bv_compiler,2,double,prepared,2,8191,12.832682212,12.896013918,14.678458064,0.76754975,0.7742377305,0.855428214,16.65640075390255
bv_compiler,2,double,vienot,0,8191,2.563789525,2.6038487365,2.930045172,0.760598523,0.7669393234999999,0.811027347,3.3951170017167596
bv_compiler,2,double,vienot,1,8191,2.492064461,2.6072823835000003,2.702661458,0.762963924,0.76674475,0.876526065,3.4004567797823206
bv_compiler,2,float,brettel,0,8191,2.599652057,2.695412648,2.811012086,1.444466488,1.4622298865,1.714686851,1.843357650452455
bv_compiler,2,float,brettel,1,8191,2.669088023,2.712199365,3.182608961,1.464030643,1.4722828410000002,1.541287694,1.8421727737843
bv_compiler,2,float,brettel,2,8191,2.687400806,2.7270785010000003,2.768282261,1.490698633,1.504910115,1.54892565,1.8121205205667719
bv_compiler,2,float,lookup,0,8191,17.888536198,18.197564399999997,34.547826883,2.300970577,2.335047613,2.545583567,7.793230552853826
bv_compiler,2,float,lookup,1,8191,18.112104749,18.3341472345,19.484800391,2.291333476,2.304099011,2.397105054,7.957187233261654
bv_compiler,2,float,lookup,2,8191,17.887773166,18.1391924065,21.429007447,2.283848126,2.33146136,2.408489501,7.78018144229506
bv_compiler,2,float,lookupApply,0,8191,25.148028324,25.9518831645,51.528354291,6.739142046,6.9049299535,7.179923086,3.758457122558557
bv_compiler,2,float,lookupApply,1,8191,25.951501648,26.327295202000002,27.057135881,6.780475522,6.8404689595,7.17977048,3.8487558905499926
bv_compiler,2,float,lookupApply,2,8191,25.422720059,25.6783359785,26.30478574,6.741888963,6.8400874435,7.016000794,3.7540946940527227
bv_compiler,2,float,prepared,0,8191,9.864485411,10.091106092,10.24905384,0.437110853,0.442577982,0.572068429,22.800741343702907
bv_compiler,2,float,prepared,1,8191,9.991148822,10.104840678999999,10.21090221,0.44170431,0.443764498,0.546239775,22.770727997713774
bv_compiler,2,float,prepared,2,8191,9.969020877,10.1910633625,10.384873642,0.436729337,0.44185310099999997,0.495810951,23.064369899035743
bv_compiler,2,float,vienot,0,8191,2.037297033,2.1147448420000003,2.198296911,0.436889574,0.442043859,0.514604444,4.784015882007764
bv_compiler,2,float,vienot,1,8191,2.084605054,2.1105481624999998,2.32419729,0.442314736,0.44448937850000003,0.446519045,4.748253309499497
bv_vienot_index,2,double,brettel,0,8191,3.124618484,4.749114882500001,6.539952387,2.632935539,2.7353383285,2.834750031,1.7362074859325762
bv_vienot_index,2,double,brettel,1,8191,3.075784398,3.1429312664999998,3.21465633,2.639116103,2.7656307225,2.834826334,1.1364247731739607
bv_vienot_index,2,double,brettel,2,8191,2.991850812,3.1677298255,3.372604078,2.641870651,2.762803687,2.856076792,1.1465634856379139
bv_vienot_index,2,double,lookup,0,8191,126.037724332,133.60891527249998,138.940605543,3.283863387,3.4245131855,3.620482847,39.015447754216275
bv_vienot_index,2,double,lookup,1,8191,128.146746429,132.08704675849998,136.606488829,3.285084239,3.4275691305000002,3.516023685,38.53665432540281
bv_vienot_index,2,double,lookup,2,8191,128.147509462,132.492598584,137.433616164,3.281192773,3.4650569225,3.52856031,38.236774040758924
bv_vienot_index,2,double,lookupApply,0,8191,137.419118545,138.8627762175,139.728055183,6.28581675,6.5271868515,6.773600598,21.27452137908205
bv_vienot_index,2,double,lookupApply,1,8191,133.634476865,139.1908802345,142.049200342,6.352078501,6.549963374,6.843906422,21.250634894695217
bv_vienot_index,2,double,lookupApply,2,8191,133.424642901,137.401568795,278.94030033,6.280391588,6.60651172,6.836642351,20.797899802257522
bv_vienot_index,2,double,prepared,0,8191,12.57630326,12.75561592,15.840556709,0.723148883,0.766553992,0.813629288,16.64020545600394
bv_vienot_index,2,double,prepared,1,8191,12.447350751,12.737684653999999,12.988340862,0.721699121,0.7636544685,0.865599438,16.679905872900683
bv_vienot_index,2,double,prepared,2,8191,12.231412526,12.9700280795,14.11610304,0.722309547,0.7642648945,0.844043768,16.97059249069041
bv_vienot_index,2,double,vienot,0,8191,1.437553412,1.672948968,1.913685753,0.729108168,0.768236479,0.847637651,2.1776484373374827
bv_vienot_index,2,double,vienot,1,8191,1.415425467,1.453958613,1.763368331,0.721157368,0.760861769,0.866820291,1.910936614558695
bv_vienot_index,2,float,brettel,0,8191,2.604230253,2.659931632,2.750732511,1.37477109,1.4434745455,2.017992309,1.8427284639637591
bv_vienot_index,2,float,brettel,1,8191,2.553107069,2.6431449149999997,3.122329386,1.376526065,1.4424062995,1.512025394,1.8324551937385654
bv_vienot_index,2,float,brettel,2,8191,2.547765841,2.664509828,4.094432914,1.42719906,1.4889055065,1.570092174,1.789576179527683
bv_vienot_index,2,float,lookup,0,8191,17.159077036,17.866026736499997,18.857587596,2.172353803,2.2662335185,2.543744659,7.883577129476649
bv_vienot_index,2,float,lookup,1,8191,17.124740569,17.8641191555,18.589763155,2.189934074,2.2760194115,2.450822549,7.84884305697847
bv_vienot_index,2,float,lookup,2,8191,17.91829447,22.5659260165,27.507325113,2.202539372,2.2774691735,2.351323099,9.908334338427435
bv_vienot_index,2,float,lookupApply,0,8191,24.704706385,25.5047460625,26.461970455,6.435226163,6.651751923,6.964267183,3.834290027310148
bv_vienot_index,2,float,lookupApply,1,8191,24.712336711,25.646670126,26.010255158,6.4384309,6.7533878645000005,7.041982053,3.797600647345434
bv_vienot_index,2,float,lookupApply,2,8191,25.354047125,28.8926107925,33.426931999,6.470218838,6.6883965635,6.938972653,4.3198112609191135
bv_vienot_index,2,float,prepared,0,8191,9.726376511,9.9354474425,10.101025516,0.416478452,0.4312278725,0.446213832,23.03990088790005
bv_vienot_index,2,float,prepared,1,8191,9.567665731,9.827096813499999,10.078897571,0.416554755,0.44296331349999996,0.484952997,22.184899999624914
bv_vienot_index,2,float,prepared,2,8191,9.640153827,9.9655872295,13.70482847,0.419614516,0.443379166,0.472187462,22.47644452806788
bv_vienot_index,2,float,vienot,0,8191,1.382615065,1.408558174,1.47494201,0.416249542,0.43092265900000004,0.446053595,3.268702966951663
bv_vienot_index,2,float,vienot,1,8191,1.353619827,1.4058875595,1.459681358,0.416631058,0.429820077,0.541959162,3.270874569919171
bv_vienot_ref,2,double,brettel,0,8191,3.129959712,3.1627701134999997,3.241362471,2.642404774,2.6941803505,2.748245025,1.1739266500525982
bv_vienot_ref,2,double,brettel,1,8191,3.133774875,3.2894335244999997,3.74649005,2.657840923,2.7132828714999997,2.80265688,1.2123444846284985
bv_vienot_ref,2,double,brettel,2,8191,3.062812843,3.1017275055,3.627456965,2.666554755,2.7147364485,2.758103406,1.1425519804008333
bv_vienot_ref,2,double,lookup,0,8191,26.479520205,26.7969417655,28.616774509,3.307250336,3.3835535955,3.427992614,7.9197627610033825
bv_vienot_ref,2,double,lookup,1,8191,25.988890245,26.2563331705,26.44289464,3.314819619,3.3931029485,3.434562325,7.738148110745422
bv_vienot_ref,2,double,lookup,2,8191,25.608900012,26.2101696985,26.609998779,3.342326944,3.362459559,3.480412953,7.794939757221925
bv_vienot_ref,2,double,lookupApply,0,8191,35.123153461,35.3959376145,35.565712367,6.314628861,6.5064056585,6.710093395,5.440167655125926
bv_vienot_ref,2,double,lookupApply,1,8191,34.624893175,34.7836039555,37.310004883,6.328462642,6.5212657185000005,6.609533329,5.333873124786702
bv_vienot_ref,2,double,lookupApply,2,8191,34.314338909,35.012513734500004,35.55197778,6.37477109,6.4798864604999995,6.5643618,5.403260373145238
bv_vienot_ref,2,double,prepared,0,8191,12.781559028,12.872741423499999,13.359174704,0.727200586,0.745803321,0.785358931,17.2602361253095
bv_vienot_ref,2,double,prepared,1,8191,12.656421682,12.907459407000001,13.821572458,0.727353193,0.7459597425,0.821961604,17.30315816205055
bv_vienot_ref,2,double,prepared,2,8191,12.488554511,12.662907459500001,14.307624222,0.730405323,0.7439720425,0.824174399,17.02067649874088
bv_vienot_ref,2,double,vienot,0,8191,1.439079477,1.446328287,1.519960933,0.728268832,0.744475644,0.785358931,1.9427476219759314
bv_vienot_ref,2,double,vienot,1,8191,1.434501282,1.486005982,1.668752289,0.727200586,0.7440903125,0.843509645,1.9970774475040622
bv_vienot_ref,2,float,brettel,0,8191,2.556159199,2.6591685995,2.937675497,1.380280186,1.4200875960000001,1.747085215,1.8725384314250428
bv_vienot_ref,2,float,brettel,1,8191,2.675192284,2.70342449,3.005585399,1.381569711,1.4215373585000002,1.49367446,1.9017611277220612
bv_vienot_ref,2,float,brettel,2,8191,2.690452936,2.7331827615,2.790410206,1.431166829,1.460017092,1.506058479,1.8720210718601644
bv_vienot_ref,2,float,lookup,0,8191,121.802130387,127.3356427785,129.31952753,2.186111281,2.2397944389999997,2.337878464,56.85148626199443
bv_vienot_ref,2,float,lookup,1,8191,126.63670492,127.67366621900001,128.947930656,2.199174399,2.2477414235,2.366385362,56.80086903421345
bv_vienot_ref,2,float,lookup,2,8191,122.297338542,126.00529544599999,128.293248688,2.200860701,2.2420110485,2.290654377,56.20190655630481
bv_vienot_ref,2,float,lookupApply,0,8191,125.524203394,130.3061286775,133.133927481,6.429640764,6.593978910000001,6.967090404,19.76138086821694
bv_vienot_ref,2,float,lookupApply,1,8191,130.712825052,131.4831064585,134.135026248,6.466937798,6.610788518,6.740820718,19.889171480905027
bv_vienot_ref,2,float,lookupApply,2,8191,129.900958369,131.156528507,132.584544012,6.478017031,6.5910336035,6.784908741,19.899235294044423
bv_vienot_ref,2,float,prepared,0,8191,9.616499817,9.886994871999999,10.352826273,0.417630631,0.4288243195,0.504128006,23.0560498143576
bv_vienot_ref,2,float,prepared,1,8191,10.002594311,10.1006439995,10.210139177,0.418317361,0.431113417,0.576196435,23.429203548772875
bv_vienot_ref,2,float,prepared,2,8191,9.967494811,10.131165303,10.499328531,0.419461909,0.42862974600000003,0.470203577,23.636169438879772
bv_vienot_ref,2,float,vienot,0,8191,1.355145892,1.4245818579999998,1.537510682,0.417706934,0.4235899155,0.506119521,3.36311561222708
bv_vienot_ref,2,float,vienot,1,8191,1.4161885,1.433356733,1.47494201,0.41854627,0.430922659,0.527972775,3.326250553466487
default,0,double,brettel,0,65536,17.303276062,18.1708335875,18.414878845,2.768847466,2.80641222,2.819735527,6.47475572476662
default,0,double,brettel,1,65536,17.945289612,18.252229690500002,18.71881485,2.80997467,2.8294878005,2.862888336,6.450718637936747
default,0,double,brettel,2,65536,17.911243439,18.117761612000002,18.493175507,2.791769981,2.81892395,2.853652,6.4271906349229475
default,0,double,lookup,0,65536,26.327896118,26.958131790000003,43.361759186,3.451847076,3.5089416505,3.577029228,7.682695945131676
default,0,double,lookup,1,65536,25.99697113,26.832151413,27.252483368,3.418017387,3.4871749875,3.568108559,7.69452393676301
default,0,double,lookup,2,65536,26.453399658,27.0688056945,28.484916687,3.406813622,3.4639458655000004,3.507631302,7.814442472700934
default,0,double,lookupApply,0,65536,33.66765976,35.9815120695,49.741840363,6.640514374,6.7044892315,6.737522125,5.366779008376426
default,0,double,lookupApply,1,65536,34.14144516,35.4739665985,42.19083786,6.605462074,6.6962661745,6.7700634,5.2975741516351516
default,0,double,lookupApply,2,65536,35.034656525,35.9791755675,41.316604614,6.601708412,6.649890423,6.738935471,5.410491493673143
default,0,double,prepared,0,65536,12.606906891,12.796354294,12.967395782,0.763840675,0.7726516725,0.780454636,16.561608224565127
default,0,double,prepared,1,65536,12.725925446,12.8969669345,13.445186615,0.761347771,0.771173477,0.780311584,16.72382066960013
default,0,double,prepared,2,65536,12.775707245,12.879323959,13.007640839,0.75935173,0.7727708815,0.796796799,16.66641985008593
default,0,double,vienot,0,65536,16.132164001,16.826200485,17.548751831,0.76320076,0.7738475794999999,0.819208145,21.743558978205737
default,0,double,vienot,1,65536,16.236972809,16.721534729,17.0170784,0.764127731,0.773363113,0.777713776,21.62184160055743
default,0,float,brettel,0,65536,32.855701447,34.007358551500005,34.656906128,1.444433212,1.479830742,3.946766853,22.980573106312725
default,0,float,brettel,1,65536,34.558296204,35.041475296,35.426807404,1.441233635,1.4635076525,1.475426674,23.94348621009346
default,0,float,brettel,2,65536,34.369850159,34.646272659000005,35.080909729,1.512657166,1.5199546815,2.426612854,22.794280040513172
default,0,float,lookup,0,65536,17.902946472,18.0892944335,21.698188782,2.294320107,2.314432621,2.343842506,7.815865655092666
default,0,float,lookup,1,65536,17.534542084,17.9627895355,18.34526062,2.275772095,2.307870865,2.333417892,7.783273235913917
default,0,float,lookup,2,65536,17.148971558,17.832136153999997,18.258285522,2.281951904,2.3125638965,2.339789391,7.710980951051096
default,0,float,lookupApply,0,65536,25.444507599,25.951194763,26.880073547,6.692520142,6.887008667,6.96148777,3.7681373754252023
default,0,float,lookupApply,1,65536,25.463104248,25.933456421,26.096630096,6.707773209,6.9006667135,7.095901489,3.7581088172633423
default,0,float,lookupApply,2,65536,24.712753296,26.0581970215,42.216777802,6.851419449,7.0543198584999995,13.547590256,3.6939347157758315
default,0,float,prepared,0,65536,10.000133514,10.0774288175,10.16626358,0.441130638,0.444284439,0.454871178,22.682380774312918
default,0,float,prepared,1,65536,9.979438782,10.137987137,10.255146027,0.432044029,0.439906597,0.448484421,23.04577200282359
default,0,float,prepared,2,65536,9.586429596,10.046434402500001,10.192871094,0.436494827,0.444395542,1.04916954,22.60696486127217
default,0,float,vienot,0,65536,17.471694946,17.736196518,18.569087982,0.433009148,0.446278572,0.504364967,39.742433607141685
default,0,float,vienot,1,65536,17.642498016,17.761945724500002,17.818164825,0.43174839,0.44217205049999997,0.47179985,40.16976130539034
bv_compiler,0,double,brettel,0,65536,8.240222931,8.388757706,8.626079559,2.790633202,2.8074674605,2.878829002,2.9880160051814073
bv_compiler,0,double,brettel,1,65536,8.198833466,8.2653045655,8.675861359,2.803748131,2.8218083380000003,3.114922523,2.929080779227607
bv_compiler,0,double,brettel,2,65536,8.034610748,8.1383705135,15.439224243,2.81029892,2.825595379,2.877587318,2.880232100457438
bv_compiler,0,double,lookup,0,65536,26.816749573,27.0206928255,27.565860748,3.462439537,3.4889965055000003,3.57744503,7.744545683237285
bv_compiler,0,double,lookup,1,65536,26.656150818,26.856327057,27.61182785,3.468928337,3.494351864,3.534277916,7.6856390261332885
bv_compiler,0,double,lookup,2,65536,26.712989807,27.063751220999997,27.433776855,3.447998047,3.5536289214999996,3.819081306,7.615806776351958
bv_compiler,0,double,lookupApply,0,65536,35.186481476,35.5520248415,41.615009308,6.603082657,6.6488842965,6.686261177,5.347066252937313
bv_compiler,0,double,lookupApply,1,65536,35.189437866,35.468053818,36.658477783,6.610137939,6.665975571,11.054234505,5.320759645790187
bv_compiler,0,double,lookupApply,2,65536,34.837150574,35.390806198,36.481189728,6.659521103,6.725539684,6.935538292,5.262151122562613
bv_compiler,0,double,prepared,0,65536,12.945652008,13.1292343135,26.110744476,0.764629364,0.771584034,0.774909973,17.01594866528822
bv_compiler,0,double,prepared,1,65536,12.845230103,12.959432602,13.080883026,0.764050484,0.7721619605000001,0.783396721,16.783308768031443
bv_compiler,0,double,prepared,2,65536,12.62922287,12.839460373,13.689517975,0.766199112,0.787952423,0.804871559,16.294715262269076
bv_compiler,0,double,vienot,0,65536,2.590847015,2.6243209839999997,2.701282501,0.764336586,0.7747597695,0.778539658,3.387270593171913
bv_compiler,0,double,vienot,1,65536,2.587604523,2.603816986,2.653884888,0.76159668,0.773938179,0.78450489,3.3643733526163206
bv_compiler,0,float,brettel,0,65536,7.949829102,8.191728592,8.664608002,1.462274551,1.4883446695,1.556056976,5.503919058447638
bv_compiler,0,float,brettel,1,65536,8.111858368,8.235359192,8.771896362,1.450652122,1.469796181,1.491462708,5.60306204251867
bv_compiler,0,float,brettel,2,65536,8.193588257,8.48326683,8.78572464,1.488799095,1.51047945,1.526678085,5.6162742432543515
bv_compiler,0,float,lookup,0,65536,17.981719971,18.153905868499997,19.775676727,2.291231155,2.323382378,2.365226746,7.813567857102856
bv_compiler,0,float,lookup,1,65536,17.957687378,18.209838867499997,18.475341797,2.279874802,2.3070163724999997,2.344119072,7.893242147981331
bv_compiler,0,float,lookup,2,65536,18.040084839,18.211746216,18.888092041,2.296297073,2.305898666,2.37736702,7.8978952911194416
bv_compiler,0,float,lookupApply,0,65536,25.720405579,25.961494446,44.170188904,6.796710968,6.893269062,6.969482422,3.7662093576349656
bv_compiler,0,float,lookupApply,1,65536,25.835514069,26.018476486,26.64270401,6.765935898,6.886449337,7.024679184,3.7782135920475155
bv_compiler,0,float,lookupApply,2,65536,25.831508636,26.0145664215,26.202583313,6.768974304,6.843951702,6.924324989,3.8011031570982294
bv_compiler,0,float,prepared,0,65536,9.995269775,10.061168671,10.26725769,0.443992615,0.445892334,0.45550251,22.56412121003184
bv_compiler,0,float,prepared,1,65536,10.06526947,10.1282596585,10.241603851,0.436335564,0.4442901615,0.452206612,22.796497730909127
bv_compiler,0,float,prepared,2,65536,10.016155243,10.123205185,10.252857208,0.433728218,0.4424695965,0.57666111,22.8788718254905
bv_compiler,0,float,vienot,0,65536,2.076911926,2.0999908449999998,2.167510986,0.439468384,0.4459528925,0.45826149,4.708997027079491
bv_compiler,0,float,vienot,1,65536,2.091884613,2.101135254,2.117729187,0.436489105,0.4442520145,0.469045639,4.7296020848994935
bv_vienot_index,0,double,brettel,0,65536,8.055877686,8.209705353,8.533191681,2.679000854,2.7430934904999997,2.820241928,2.99286385295733
bv_vienot_index,0,double,brettel,1,65536,8.260345459,8.405494690000001,8.694458008,2.738533974,2.7749462125,2.81889534,3.0290658075232875
bv_vienot_index,0,double,brettel,2,65536,7.950019836,8.131980896,8.498382568,2.833508492,2.8470959660000004,2.968543053,2.8562370194443942
bv_vienot_index,0,double,lookup,0,65536,129.487991333,135.7565402985,180.215167999,3.372837067,3.470705509,4.327993393,39.114969549120566
bv_vienot_index,0,double,lookup,1,65536,132.567024231,133.9124679565,134.820461273,3.472032547,3.5100865365,3.578073502,38.15075969324325
bv_vienot_index,0,double,lookup,2,65536,129.117870331,134.6944332125,160.493564606,3.477556229,3.5131525994999997,3.539932251,38.34004626832038
bv_vienot_index,0,double,lookupApply,0,65536,137.055873871,139.46313858050001,142.939090729,6.388871193,6.556735038499999,10.151608467,21.270211128190617
bv_vienot_index,0,double,lookupApply,1,65536,136.677360535,139.988851547,147.660636902,6.479005814,6.6787776945,6.870298386,20.96025020600422
bv_vienot_index,0,double,lookupApply,2,65536,138.725090027,139.689683914,142.880916595,6.697034836,6.7411589625,6.791788101,20.721909198562383
bv_vienot_index,0,double,prepared,0,65536,12.767219543,12.8404140475,13.990783691,0.740531921,0.759921074,0.790235519,16.897036398677372
bv_vienot_index,0,double,prepared,1,65536,12.851905823,13.024616241,13.197231293,0.742576599,0.7580628395,0.77117157,17.181446658948122
bv_vienot_index,0,double,prepared,2,65536,12.593364716,12.893676758,13.101482391,0.772232056,0.7812342640000001,0.788420677,16.504238679935828
bv_vienot_index,0,double,vienot,0,65536,1.440811157,1.455879211,1.477622986,0.738812447,0.7572984695,0.778985023,1.9224642193734158
bv_vienot_index,0,double,vienot,1,65536,1.469039917,1.4875888824999999,1.525115967,0.74617672,0.761510849,0.772842407,1.9534703733419823
bv_vienot_index,0,float,brettel,0,65536,8.064556122,8.3082199095,8.690452576,1.395370483,1.4523711205,1.510813713,5.720452432736182
bv_vienot_index,0,float,brettel,1,65536,8.275699615,8.3748340605,8.737182617,1.386248589,1.428349972,1.469696999,5.863292767649524
bv_vienot_index,0,float,brettel,2,65536,8.337783813,8.496618271,10.267925262,1.436927795,1.481297016,1.837216377,5.735931537851689
bv_vienot_index,0,float,lookup,0,65536,17.899036407,18.2989597325,18.571281433,2.191967964,2.2723207475000002,2.361470222,8.052982728178868
bv_vienot_index,0,float,lookup,1,65536,17.877006531,18.2963371275,36.281490326,2.191843987,2.2526540754999997,2.458739281,8.12212462023888
bv_vienot_index,0,float,lookup,2,65536,17.898464203,18.1396484375,18.672275543,2.195587158,2.2695508,2.640995026,7.992616176513872
bv_vienot_index,0,float,lookupApply,0,65536,25.204372406,26.1382102965,26.713371277,6.520400047,6.6846494675,6.91231823,3.910184135096535
bv_vienot_index,0,float,lookupApply,1,65536,25.13961792,25.984334946,26.381778717,6.503236771,6.675399303500001,6.907103539,3.8925514062321436
bv_vienot_index,0,float,lookupApply,2,65536,25.679397583,26.023340225,26.92193985,6.497172356,6.688158989,6.964391708,3.890957177872196
bv_vienot_index,0,float,prepared,0,65536,9.97467041,10.123491287,10.383796692,0.418246269,0.4383659365,0.452831268,23.093699678921105
bv_vienot_index,0,float,prepared,1,65536,9.969806671,10.1037025455,10.362243652,0.417930603,0.4383940695,0.454129219,23.04707852691424
bv_vienot_index,0,float,prepared,2,65536,10.056304932,10.15663147,10.352420807,0.41758728,0.43291664100000005,0.452687263,23.460940301437844
bv_vienot_index,0,float,vienot,0,65536,1.410102844,1.445245743,1.602363586,0.418189049,0.4337525365,0.446564674,3.3319591734537326
bv_vienot_index,0,float,vienot,1,65536,1.425266266,1.434135437,1.463413239,0.418398857,0.43191433,0.446574211,3.3204164284153292
bv_vienot_ref,0,double,brettel,0,65536,7.827568054,7.9833984375,8.358955383,2.680355072,2.7048830985,2.715265274,2.9514763288392074
bv_vienot_ref,0,double,brettel,1,65536,8.106327057,8.2839012145,8.689785004,2.677528381,2.754687786,2.825371742,3.007201489984027
bv_vienot_ref,0,double,brettel,2,65536,7.98625946,8.2039833065,8.657264709,2.701579094,2.751282692,2.814311028,2.981875810273879
bv_vienot_ref,0,double,lookup,0,65536,26.566696167,27.250671386500002,27.724075317,3.305708885,3.3600268365,3.540916443,8.110254087995884
bv_vienot_ref,0,double,lookup,1,65536,26.165771484,26.9763469695,27.684116364,3.321239471,3.3946113584999997,3.475834846,7.946814560067996
bv_vienot_ref,0,double,lookup,2,65536,26.839160919,27.144527435,27.606105804,3.336970329,3.4065647125,3.498538017,7.968299364869324
bv_vienot_ref,0,double,lookupApply,0,65536,33.605194092,35.170888901,36.036205292,6.356163979,6.379305839500001,6.500538826,5.513278370073668
bv_vienot_ref,0,double,lookupApply,1,65536,33.611106873,35.4038715365,36.621379852,6.348655701,6.5182509425,6.686442375,5.431498702460395
bv_vienot_ref,0,double,lookupApply,2,65536,33.152389526,35.203170776,35.958766937,6.34197998,6.3926200865,6.598657608,5.506845440470085
bv_vienot_ref,0,double,prepared,0,65536,12.254142761,12.6080036165,12.786483765,0.73652935,0.745130062,0.766223907,16.92054080150641
bv_vienot_ref,0,double,prepared,1,65536,12.615013123,13.035488128499999,13.673973083,0.729404449,0.7524561885000001,0.800235748,17.32391643224554
bv_vienot_ref,0,double,prepared,2,65536,12.651443481,12.858915329,13.160896301,0.739193916,0.7617588045,0.771344185,16.880560162924905
bv_vienot_ref,0,double,vienot,0,65536,1.413536072,1.425981522,1.487541199,0.736844063,0.7447190285,0.754390717,1.914791307094955
bv_vienot_ref,0,double,vienot,1,65536,1.447868347,1.4657974245,1.511764526,0.730111122,0.7594089505,0.782040596,1.930181917838747
bv_vienot_ref,0,float,brettel,0,65536,8.122634888,8.316278457500001,8.69178772,1.407718658,1.4438457489999998,1.473325729,5.759810882332696
bv_vienot_ref,0,float,brettel,1,65536,8.277606964,8.4026813505,8.703231812,1.38955307,1.4310574535,1.485082626,5.8716589819291976
bv_vienot_ref,0,float,brettel,2,65536,7.983875275,8.2668304445,8.669948578,1.436649323,1.4489803315,1.463965416,5.705274436639239
bv_vienot_ref,0,float,lookup,0,65536,121.572780609,127.048444748,149.755477905,2.20054245,2.2871766090000003,2.372893333,55.548156730908566
bv_vienot_ref,0,float,lookup,1,65536,121.622848511,127.01086998,159.826087952,2.22429657,2.2423577310000002,2.356226921,56.641662578681554
bv_vienot_ref,0,float,lookup,2,65536,122.812080383,126.67760849,128.300476074,2.201536179,2.220887184,2.246836662,57.03919109562478
bv_vienot_ref,0,float,lookupApply,0,65536,125.939655304,131.1676979065,132.941532135,6.611829758,6.783807755,6.862633705,19.335409056930153
bv_vienot_ref,0,float,lookupApply,1,65536,125.517749786,131.6069602965,132.519626617,6.518638611,6.777761935999999,6.926626205,19.417465756280293
bv_vienot_ref,0,float,lookupApply,2,65536,128.782176971,131.0119628905,164.849090576,6.503031731,6.5438723565,6.629384041,20.020555987826747
bv_vienot_ref,0,float,prepared,0,65536,9.850502014,9.97300148,10.079574585,0.423135757,0.43417739899999996,0.45144558,22.969877066309483
bv_vienot_ref,0,float,prepared,1,65536,9.971427917,10.327005386500002,16.647338867,0.418397903,0.433145523,0.448102951,23.84188416625976
bv_vienot_ref,0,float,prepared,2,65536,9.719371796,9.988307953,10.083866119,0.417624474,0.424311161,0.455600739,23.54005473120232
bv_vienot_ref,0,float,vienot,0,65536,1.397132874,1.4551639555,1.544380188,0.42340374,0.433651924,0.442285538,3.3556035958000265
bv_vienot_ref,0,float,vienot,1,65536,1.420211792,1.455116272,1.531887054,0.419172287,0.4358487125,0.452477455,3.3385810953841006
default,1,double,brettel,0,65536,17.20533371,17.748451233,18.309497833,2.667518616,2.714510441,2.822954178,6.538361748375387
default,1,double,brettel,1,65536,17.284584045,17.7462100985,18.307781219,2.771024704,2.8165888785,2.836746216,6.300603625173336
default,1,double,brettel,2,65536,17.332839966,17.6654815675,17.936992645,2.746172905,2.7906332015,2.808054924,6.330277142121216
default,1,double,lookup,0,65536,25.534248352,28.2749176025,32.16047287,3.450380325,3.467233658,3.547496796,8.154892456486415
default,1,double,lookup,1,65536,25.535488129,28.8673400875,32.329940796,3.351898193,3.418379307,3.475538254,8.444744568979454
default,1,double,lookup,2,65536,25.542163849,28.826713562000002,32.345581055,3.46846962,3.4828019145,3.511785507,8.276874272402724
default,1,double,lookupApply,0,65536,33.500480652,33.842897414999996,34.708595276,6.461006165,6.5970053669999995,6.764924049,5.130039393978865
default,1,double,lookupApply,1,65536,33.051586151,33.3850860595,34.836006165,6.440948486,6.5968046185,6.660702705,5.060796550783884
default,1,double,lookupApply,2,65536,33.010292053,33.636522293,34.717559814,6.589956284,6.6463694575000005,6.695181847,5.060886625109795
default,1,double,prepared,0,65536,12.263298035,12.4639511105,12.803936005,0.741562843,0.7615146635,0.794810295,16.36731596633267
default,1,double,prepared,1,65536,12.236595154,12.332868576,12.77923584,0.760569572,0.7702503205,0.781362534,16.011507230525066
default,1,double,prepared,2,65536,12.231063843,12.3485565185,12.626171112,0.760120392,0.7680101395000001,0.77357769,16.078637355672566
default,1,double,vienot,0,65536,15.365505219,15.873479843000002,16.372966766,0.732794762,0.7573170665,0.792633057,20.960150701951733
default,1,double,vienot,1,65536,15.431690216,15.6289577485,16.05014801,0.768353462,0.777088642,0.854037285,20.112194290056294
default,1,float,brettel,0,65536,33.234119415,34.215974808,34.801483154,1.39312458,1.423640728,1.472676277,24.034135955121393
default,1,float,brettel,1,65536,32.637119293,33.68396759,35.668182373,1.432790756,1.4535069465,1.468235016,23.174273553428804
default,1,float,brettel,2,65536,33.087253571,33.409833907999996,34.771156311,1.438540459,1.4883933065,1.548445702,22.44691222548171
default,1,float,lookup,0,65536,17.277526855,17.9193496705,18.082237244,2.278308868,2.2931890485000004,2.336742401,7.814161541640555
default,1,float,lookup,1,65536,17.172336578,17.572402954,18.423271179,2.192806244,2.2623434065000003,2.353399277,7.767345533623345
default,1,float,lookup,2,65536,17.181777954,17.6765441895,18.095397949,2.193722725,2.23213768,2.275308609,7.9191101641633495
default,1,float,lookupApply,0,65536,24.637413025,25.7925987245,25.887584686,6.575113297,6.7697520255,6.843396187,3.8099768835469288
default,1,float,lookupApply,1,65536,24.613380432,25.448703766,25.88558197,6.600481987,6.798085689500001,7.01372242,3.7435102951565993
default,1,float,lookupApply,2,65536,24.645614624,25.714540481500002,45.998477936,6.508313179,6.6458644865,6.935804367,3.8692544113312777
default,1,float,prepared,0,65536,9.775829315,9.997177124,10.051727295,0.420413971,0.43093490599999995,0.445943832,23.198810272287393
default,1,float,prepared,1,65536,9.645080566,9.9264144895,10.105514526,0.432066917,0.43951129899999997,0.453967094,22.58511786178221
default,1,float,prepared,2,65536,9.767341614,9.916496277,10.103130341,0.418370247,0.4363889695,0.457758904,22.723984724824717
default,1,float,vienot,0,65536,17.440319061,17.54655838,18.150424957,0.418121338,0.42986965200000005,0.445676804,40.81832317858065
default,1,float,vienot,1,65536,16.907119751,17.4421310425,18.207550049,0.435170174,0.4432940485,0.503376007,39.346639327823056
bv_compiler,1,double,brettel,0,65536,8.07466507,8.286285400499999,9.020328522,2.787281036,2.8077049255,3.172622681,2.951266468652993
bv_compiler,1,double,brettel,1,65536,8.122730255,8.23802948,18.231391907,2.800871849,2.8185887335,2.832017899,2.9227497371602618
bv_compiler,1,double,brettel,2,65536,8.104896545,8.276939392500001,9.051704407,2.814108849,2.840857506,2.865800858,2.913535569812561
bv_compiler,1,double,lookup,0,65536,26.38168335,26.619577407999998,35.296154022,3.46340847,3.482356548,3.5167799,7.644127486970929
bv_compiler,1,double,lookup,1,65536,26.689720154,26.976919174000002,27.508163452,3.475374222,3.5122480395,3.569560051,7.6808126506465095
bv_compiler,1,double,lookup,2,65536,26.36051178,26.737833023,26.871395111,3.466510773,3.4907336234999997,3.522416115,7.659660090646273
bv_compiler,1,double,lookupApply,0,65536,34.849739075,35.0693702695,35.436058044,6.604483604,6.673130035,6.80747509,5.255310489315229
bv_compiler,1,double,lookupApply,1,65536,35.16254425,35.500288010000006,35.999393463,6.660833359,6.680896282,6.762804031,5.313701412435728
bv_compiler,1,double,lookupApply,2,65536,34.693622589,35.37569046,36.260604858,6.635025978,6.697348594499999,6.748855591,5.282044074732984
bv_compiler,1,double,prepared,0,65536,12.720775604,12.9012584685,13.341331482,0.769060135,0.7751111985,0.77745533,16.644396950355762
bv_compiler,1,double,prepared,1,65536,12.765789032,12.886810303,13.072109222,0.768353462,0.7757940295,0.938479424,16.61112333038392
bv_compiler,1,double,prepared,2,65536,12.804889679,12.8876686095,13.086128235,0.764761925,0.776227951,0.783740997,16.60294323709557
bv_compiler,1,double,vienot,0,65536,2.531433105,2.5586128235,2.635192871,0.765239716,0.775718212,0.792298317,3.2983792102846747
bv_compiler,1,double,vienot,1,65536,2.573394775,2.5812149045000004,2.630233765,0.767570496,0.7777285574999999,0.8456707,3.3189149088176575
bv_compiler,1,float,brettel,0,65536,7.977581024,8.210039139,8.733654022,1.451778412,1.4689841270000001,1.539830208,5.588922976156841
bv_compiler,1,float,brettel,1,65536,8.103656769,8.266592026000001,8.86554718,1.420220375,1.4486880305,1.48075676,5.706261011314403
bv_compiler,1,float,brettel,2,65536,7.777023315,8.2189559935,8.53843689,1.498455048,1.5105900765000002,1.537528038,5.440891027526884
bv_compiler,1,float,lookup,0,65536,17.884635925,18.2094573975,18.333721161,2.25012207,2.280652523,2.31356144,7.984319055121576
bv_compiler,1,float,lookup,1,65536,17.195606232,17.977809906,18.608283997,2.293189049,2.305700779,2.316674232,7.797113168256427
bv_compiler,1,float,lookup,2,65536,17.931938171,18.136739731,18.938350677,2.297008514,2.3153948785000003,2.372091293,7.833108684575505
bv_compiler,1,float,lookupApply,0,65536,25.547027588,26.013994217,26.609897614,6.745025635,6.8121881485,6.864453316,3.8187427666289744
bv_compiler,1,float,lookupApply,1,65536,25.557518005,25.9942531585,26.830673218,6.72768116,6.8347673415,6.899977684,3.8032389194384986
bv_compiler,1,float,lookupApply,2,65536,25.495052338,25.972557068,26.559066772,6.794672966,6.8617382045,6.892193794,3.7851279506651716
bv_compiler,1,float,prepared,0,65536,9.902191162,10.093164444,10.324859619,0.43701458,0.4421191215,0.469038963,22.82906111311451
bv_compiler,1,float,prepared,1,65536,10.031032562,10.123348236,10.972118378,0.432219505,0.44202327750000003,0.455008507,22.90229666920652
bv_compiler,1,float,prepared,2,65536,9.724521637,10.0100040435,10.184669495,0.437491417,0.44240045549999996,0.460805893,22.626568121831422
bv_compiler,1,float,vienot,0,65536,2.119445801,2.1408557894999998,2.163505554,0.436336517,0.439382553,0.45272541,4.872418749635695
bv_compiler,1,float,vienot,1,65536,2.083778381,2.109479904,2.152729034,0.428150177,0.43789291399999997,0.446030617,4.8173419494977265
bv_vienot_index,1,double,brettel,0,65536,8.085250854,8.428812027,9.445571899,2.664730072,2.767906189,2.81102562,3.045194255678583
bv_vienot_index,1,double,brettel,1,65536,8.031749725,8.294868469,13.984966278,2.778809547,2.8090810775,2.856163979,2.9528761328534494
bv_vienot_index,1,double,brettel,2,65536,8.024024963,8.265066146999999,13.369750977,2.71288681,2.7875385285,2.81545639,2.965005169434378
bv_vienot_index,1,double,lookup,0,65536,133.323001862,134.8952770235,179.142284393,3.345767021,3.429067135,3.47044754,39.338768158442605
bv_vienot_index,1,double,lookup,1,65536,130.711841583,133.6303710935,138.404750824,3.403369904,3.436373711,3.453972816,38.88703101928136
bv_vienot_index,1,double,lookup,2,65536,128.548049927,133.3743095395,135.438728333,3.352375984,3.4279208185,3.98932457,38.908223556302076
bv_vienot_index,1,double,lookupApply,0,65536,139.417266846,140.71660041799998,146.698665619,6.371903419,6.542401314,6.691103935,21.50840244496808
bv_vienot_index,1,double,lookupApply,1,65536,140.03944397,140.6996726985,169.974899292,6.42655468,6.599302292,6.690807343,21.320386076125516
bv_vienot_index,1,double,lookupApply,2,65536,135.881519318,139.50695991499998,185.182189941,6.377529144,6.5202088355,6.567884445,21.39608767673803
bv_vienot_index,1,double,prepared,0,65536,12.673664093,13.04564476,13.391780853,0.730025291,0.7520022390000001,0.774744034,17.34788021023432
bv_vienot_index,1,double,prepared,1,65536,12.697410583,12.860584259,12.945556641,0.759690285,0.772207737,0.779222488,16.65430640330401
bv_vienot_index,1,double,prepared,2,65536,12.245941162,12.568330764999999,12.922096252,0.731629372,0.750693321,0.809681892,16.74229730492034
bv_vienot_index,1,double,vienot,0,65536,1.415920258,1.4795303345000002,1.524162292,0.758916855,0.7658743855,0.772508621,1.9318185364484945
bv_vienot_index,1,double,vienot,1,65536,1.445388794,1.453304291,1.51424408,0.751782417,0.7667393685,0.780608177,1.89543455143454
bv_vienot_index,1,float,brettel,0,65536,8.20646286,8.359193802,8.665943146,1.38837719,1.445374012,1.491014481,5.783412274331109
bv_vienot_index,1,float,brettel,1,65536,8.25548172,8.390474319500001,8.690071106,1.411319733,1.438946247,1.471625328,5.8309852345026485
bv_vienot_index,1,float,brettel,2,65536,8.242511749,8.456468582500001,8.891868591,1.500861168,1.5111484525,1.524338722,5.596054159013871
bv_vienot_index,1,float,lookup,0,65536,17.810058594,18.064403534,18.639850616,2.215126991,2.263465881,2.297458649,7.980859656704496
bv_vienot_index,1,float,lookup,1,65536,17.871379852,18.279075622500002,18.945503235,2.283504486,2.3033418655,2.421500206,7.935893449551855
bv_vienot_index,1,float,lookup,2,65536,17.411518097,18.1984901425,18.53723526,2.255710602,2.272109985,2.300524712,8.0095110987772
bv_vienot_index,1,float,lookupApply,0,65536,25.605869293,26.040458678999997,32.333660126,6.502123833,6.6271867755,6.800664902,3.9293382789917413
bv_vienot_index,1,float,lookupApply,1,65536,25.874900818,26.215314865,26.46780014,6.637254715,6.8059806824999995,6.888812065,3.8518056526969877
bv_vienot_index,1,float,lookupApply,2,65536,25.636482239,26.227092743,26.437473297,6.70565033,6.797231674000001,6.89134407,3.8584962232964486
bv_vienot_index,1,float,prepared,0,65536,10.043621063,10.085058212,10.177326202,0.417577744,0.433321953,0.441054344,23.273822482748756
bv_vienot_index,1,float,prepared,1,65536,10.053443909,10.1987838745,10.368824005,0.425045967,0.4366936685,0.460681915,23.354549447744052
bv_vienot_index,1,float,prepared,2,65536,9.970092773,10.226726532,18.947696686,0.437853813,0.4445400235,0.450854301,23.005187365317177
bv_vienot_index,1,float,vienot,0,65536,1.424694061,1.4313697815,1.451969147,0.417700768,0.435581207,0.445562363,3.2861146406162556
bv_vienot_index,1,float,vienot,1,65536,1.4336586,1.4456272125,1.456451416,0.424654007,0.4367895125,0.459334373,3.309665573758482
bv_vienot_ref,1,double,brettel,0,65536,8.149242401,8.3133220675,8.751583099,2.772522926,2.802676678,2.820833206,2.96620802990105
bv_vienot_ref,1,double,brettel,1,65536,8.160305023,8.2511901855,8.576107025,2.680698395,2.751329422,2.827290535,2.9989830078224635
bv_vienot_ref,1,double,brettel,2,65536,7.857513428,8.313179016,8.580207825,2.781558037,2.8262877465000003,3.062105179,2.941377439821837
bv_vienot_ref,1,double,lookup,0,65536,25.630664825,26.544904709,26.819992065,3.312269211,3.4002742770000003,3.499864578,7.806695150610051
bv_vienot_ref,1,double,lookup,1,65536,26.183414459,27.180957794,27.336597443,3.461812019,3.490146637,3.525604248,7.787912836053141
bv_vienot_ref,1,double,lookup,2,65536,25.480079651,26.598644256500002,26.999282837,3.31182003,3.4699077605,3.686283112,7.6655191124352084
bv_vienot_ref,1,double,lookupApply,0,65536,34.504127502,35.207939148,36.166667938,6.368653297,6.651679993,6.846430779,5.293089743501135
bv_vienot_ref,1,double,lookupApply,1,65536,35.05897522,35.899591446,61.476135254,6.415557861,6.6478500369999995,7.130539894,5.400180696946128
bv_vienot_ref,1,double,lookupApply,2,65536,35.039901733,35.351467133,55.504989624,6.479999542,6.661241055,6.703223228,5.307039159987283
bv_vienot_ref,1,double,prepared,0,65536,12.766551971,12.814712524499999,15.194416046,0.757827759,0.779094219,1.154125214,16.448219242273698
bv_vienot_ref,1,double,prepared,1,65536,12.795066833,12.8405094145,12.934589386,0.729948044,0.760397434,0.78797245,16.88657646693216
bv_vienot_ref,1,double,prepared,2,65536,12.673091888,12.9001140595,13.167190552,0.756080627,0.767035484,0.781304359,16.81814509053404
bv_vienot_ref,1,double,vienot,0,65536,1.442527771,1.4579296115,1.662731171,0.764045715,0.772608757,0.789232254,1.887021857170071
bv_vienot_ref,1,double,vienot,1,65536,1.445484161,1.4530181885,1.460456848,0.729441643,0.7527709005000001,0.788830757,1.9302262979810811
bv_vienot_ref,1,float,brettel,0,65536,8.135318756,8.317708969,8.612823486,1.412264824,1.444466114,1.536554337,5.758327515186002
bv_vienot_ref,1,float,brettel,1,65536,8.053684235,8.315277099500001,8.95280838,1.444958687,1.4559612275,1.47025013,5.711194049980291
bv_vienot_ref,1,float,brettel,2,65536,8.124446869,8.3054065705,8.697414398,1.506964684,1.5150403975,1.524080276,5.4819703713544055
bv_vienot_ref,1,float,lookup,0,65536,121.899795532,126.479911804,128.643703461,2.27774334,2.2945489885,2.312902451,55.12190519265525
bv_vienot_ref,1,float,lookup,1,65536,124.776077271,127.160072327,128.987503052,2.286702156,2.3098645209999997,2.412577629,55.05087903248504
bv_vienot_ref,1,float,lookup,2,65536,126.338195801,127.345275879,134.585285187,2.284228325,2.328389168,3.932053566,54.692436139610145
bv_vienot_ref,1,float,lookupApply,0,65536,125.406837463,129.669570923,132.625865936,6.718254089,6.832936287,6.910035133,18.977137423292355
bv_vienot_ref,1,float,lookupApply,1,65536,129.983711243,131.1423778535,165.052509308,6.755427361,6.838152408499999,6.879184723,19.178042549985673
bv_vienot_ref,1,float,lookupApply,2,65536,125.597476959,131.7972183225,144.564914703,6.83407402,6.975334644,14.582935333,18.894752015355778
bv_vienot_ref,1,float,prepared,0,65536,9.566497803,9.8039627075,10.129356384,0.429105759,0.4414691925,0.475227356,22.207580673933435
bv_vienot_ref,1,float,prepared,1,65536,9.604454041,10.044527054,10.201072693,0.433413506,0.43847990049999996,0.44529438,22.907611141459835
bv_vienot_ref,1,float,prepared,2,65536,9.904670715,10.074043274000001,10.254764557,0.439249039,0.444152832,0.455505371,22.681479320163383
bv_vienot_ref,1,float,vienot,0,65536,1.397418976,1.4151573185,1.471805573,0.426192284,0.4374103545,0.456306458,3.235308227025522
bv_vienot_ref,1,float,vienot,1,65536,1.376247406,1.4117717745,1.438236237,0.43589592,0.439654827,0.445886612,3.2110912647844074
default,2,double,brettel,0,65536,17.854785919,18.025636673,18.534660339,2.703736305,2.7627148630000002,2.878857613,6.524609873574202
default,2,double,brettel,1,65536,17.49420166,17.956018448000002,18.262958527,2.666676521,2.7294716835,2.81537056,6.578569236144268
default,2,double,brettel,2,65536,17.089653015,17.6339149475,18.671321869,2.668701172,2.6995863915,2.729878426,6.5320802486716785
default,2,double,lookup,0,65536,26.271724701,26.557302475,27.251338959,3.317159653,3.4138135910000003,3.805130005,7.779365148997673
default,2,double,lookup,1,65536,25.677204132,26.6224861145,27.037334442,3.308831215,3.330822945,9.44265461,7.992765317791457
default,2,double,lookup,2,65536,25.574684143,26.2403965,27.143955231,3.307626724,3.373746395,3.46648407,7.777821278709362
default,2,double,lookupApply,0,65536,33.934020996,34.540653229,35.186386108,6.358986855,6.505045414,6.867370605,5.309825071268904
default,2,double,lookupApply,1,65536,33.073139191,34.3848228455,44.753551483,6.35400486,6.388271332,6.636289597,5.382492549003082
default,2,double,lookupApply,2,65536,33.045101166,35.13388633700001,55.666542053,6.340028763,6.3943710330000005,6.567014694,5.494502298299775
default,2,double,prepared,0,65536,12.659454346,12.875032425,13.192272186,0.74001503,0.755521774,1.411989212,17.04124602105776
default,2,double,prepared,1,65536,12.256717682,12.589168549,12.843322754,0.742841721,0.7592225075,0.772537231,16.581658768855718
default,2,double,prepared,2,65536,12.244606018,12.6101493835,12.967681885,0.732383728,0.742239952,0.768782616,16.98931639225478
default,2,double,vienot,0,65536,16.076755524,16.3153648375,17.131137848,0.743281364,0.7579522135,0.779987335,21.525585052599098
default,2,double,vienot,1,65536,15.560340881,16.3210392,16.46528244,0.733558655,0.7532720565,0.771028519,21.666858685604254
default,2,float,brettel,0,65536,32.703018188,33.3411693575,34.656524658,1.413181305,1.467576027,1.496325493,22.718529564465282
default,2,float,brettel,1,65536,33.64610672,34.169530868500004,35.145187378,1.389198303,1.4471645355,1.479066849,23.611365556781227
default,2,float,brettel,2,65536,33.331775665,34.5995903015,35.370254517,1.438931465,1.4669690135,1.561999321,23.58576764954961
default,2,float,lookup,0,65536,17.192077637,17.924499511500002,18.855476379,2.190522194,2.2632985115,2.344507217,7.919635620499989
default,2,float,lookup,1,65536,17.219543457,17.943572998,18.463611603,2.196014404,2.2407484054999998,2.311718941,8.007848160889834
default,2,float,lookup,2,65536,17.751121521,18.039894104,18.540668488,2.20331192,2.2806010245,2.30383873,7.910149083597413
default,2,float,lookupApply,0,65536,24.714183807,25.0512123105,33.708286285,6.512350082,6.762402057499999,7.097697258,3.704484308606935
default,2,float,lookupApply,1,65536,25.538444519,25.775432587,26.033115387,6.50970459,6.7042508125,7.02323246,3.844640260018614
default,2,float,lookupApply,2,65536,24.811553955,25.7843017575,31.693840027,6.514021873,6.640256882,6.805355072,3.883027752645308
default,2,float,prepared,0,65536,9.601688385,9.976530075500001,10.184288025,0.423565865,0.44556236250000003,0.475008965,22.390872558271795
default,2,float,prepared,1,65536,9.69543457,9.91563797,10.042762756,0.417767525,0.432056904,0.447299957,22.949842667020548
default,2,float,prepared,2,65536,9.628582001,10.056018829500001,10.903739929,0.419286728,0.43011379250000004,0.442371368,23.379903190386532
default,2,float,vienot,0,65536,16.834163666,17.470788955499998,18.198013306,0.424893379,0.438322544,0.448847771,39.858294296402875
default,2,float,vienot,1,65536,17.71812439,18.005657196,18.210124969,0.417701721,0.44277811050000004,0.450576782,40.66519272072281
bv_compiler,2,double,brettel,0,65536,7.809925079,7.8926086425,8.302497864,2.742150307,2.80429554,2.82755661,2.8144710605288057
bv_compiler,2,double,brettel,1,65536,7.784748077,8.127260208,8.390712738,2.759409904,2.794256687,2.831816673,2.9085589186602885
bv_compiler,2,double,brettel,2,65536,7.849788666,8.206319809,8.64276886,2.677441597,2.7554125784999997,2.827508926,2.9782544628824272
bv_compiler,2,double,lookup,0,65536,26.228046417,26.9705295565,49.79763031,3.427571297,3.478908539,3.541584015,7.752583677940722
bv_compiler,2,double,lookup,1,65536,26.175308228,27.836227417,44.846534729,3.332202911,3.4284162525,3.51455307,8.119267138785098
bv_compiler,2,double,lookup,2,65536,26.524353027,27.565908432,28.265285492,3.463559151,3.49350214,3.891489983,7.8906230273555815
bv_compiler,2,double,lookupApply,0,65536,33.051967621,33.4397792815,34.642124176,6.592293739,6.65557003,6.705952644,5.0243298666786025
bv_compiler,2,double,lookupApply,1,65536,33.034706116,33.789920807,35.271072388,6.535597801,6.6456656455,6.702400208,5.084505090905419
bv_compiler,2,double,lookupApply,2,65536,34.128952026,34.809541702000004,35.218906403,6.498414993,6.673927784,6.709037781,5.215750428923132
bv_compiler,2,double,prepared,0,65536,12.226676941,12.371683121,13.138008118,0.767961502,0.775994301,0.781888008,15.943007706444483
bv_compiler,2,double,prepared,1,65536,12.242126465,12.358188629,12.834262848,0.753883362,0.767947197,0.777666092,16.092497866100032
bv_compiler,2,double,prepared,2,65536,12.274932861,12.8831863405,13.202381134,0.739976883,0.7589883805,0.787216187,16.974154903416206
bv_compiler,2,double,vienot,0,65536,2.45475769,2.4909973145000004,2.565765381,0.767608643,0.7774224279999999,0.780483246,3.2041747507958447
bv_compiler,2,double,vienot,1,65536,2.451705933,2.5356769564999997,2.594470978,0.753739357,0.7750248909999999,0.804103851,3.2717361544714567
bv_compiler,2,float,brettel,0,65536,7.767391205,8.0826759335,9.103107452,1.397537231,1.4533634185,1.50032711,5.5613591415711
bv_compiler,2,float,brettel,1,65536,7.782840729,7.8876018519999995,8.412837982,1.403544426,1.453392506,3.166386604,5.427028018541331
bv_compiler,2,float,brettel,2,65536,8.005332947,8.1694602965,8.447933197,1.494930267,1.5076522825,1.518292427,5.418663435413198
bv_compiler,2,float,lookup,0,65536,17.164421082,17.274284362499998,22.998905182,2.201792717,2.2711162565,2.340180397,7.60607666519074
bv_compiler,2,float,lookup,1,65536,17.290592194,17.6080703735,18.183040619,2.283178329,2.3073477745,2.32497406,7.63130316465434
bv_compiler,2,float,lookup,2,65536,17.176246643,17.420578003,17.593860626,2.260848045,2.301813126,2.320962906,7.5681982200148425
bv_compiler,2,float,lookupApply,0,65536,24.690914154,25.500297546,40.479946136,6.527231216,6.7052426335,7.155453682,3.803038747412092
bv_compiler,2,float,lookupApply,1,65536,24.737548828,25.35738945,26.657962799,6.761330605,6.8323221205,6.88743782,3.711386700272309
bv_compiler,2,float,lookupApply,2,65536,24.766635895,25.4501342775,25.859069824,6.663306236,6.801831722,6.987587929,3.741658911552237
bv_compiler,2,float,prepared,0,65536,9.55657959,9.630250930999999,9.890460968,0.418111801,0.433857441,0.453527451,22.196809414639034
bv_compiler,2,float,prepared,1,65536,9.586524963,9.6581459045,9.899616241,0.430060387,0.4400753975,1.484242439,21.946570881640795
bv_compiler,2,float,prepared,2,65536,9.86289978,9.9672317505,10.109806061,0.432189941,0.43905830349999997,0.446641922,22.701385376486794
bv_compiler,2,float,vienot,0,65536,2.009105682,2.0573139190000003,2.169704437,0.419467926,0.441140175,0.453852654,4.663628559788281
bv_compiler,2,float,vienot,1,65536,2.00586319,2.012348175,2.081871033,0.42454052,0.4378261565,0.458389282,4.596226481959856
bv_vienot_index,2,double,brettel,0,65536,7.800102234,7.9488277435,8.45489502,2.693832397,2.7186746595,2.751511574,2.923787778623682
bv_vienot_index,2,double,brettel,1,65536,7.980251312,8.2107067105,8.537578583,2.739486694,2.7993817329999997,2.83408165,2.9330428979047714
bv_vienot_index,2,double,brettel,2,65536,8.067703247,8.284425735500001,8.591938019,2.706792831,2.7439808845,2.805351257,3.019126620850919
bv_vienot_index,2,double,lookup,0,65536,128.667926788,133.82048606900003,138.663005829,3.422003746,3.4643588065,3.498403549,38.62777891768008
bv_vienot_index,2,double,lookup,1,65536,133.642101288,135.43696403500002,164.553260803,3.318478584,3.395055294,3.491307259,39.892417738925936
bv_vienot_index,2,double,lookup,2,65536,128.710269928,135.1546764375,172.902107239,3.339022636,3.415251255,3.470829964,39.57386041206506
bv_vienot_index,2,double,lookupApply,0,65536,134.526157379,138.02099227899998,166.6472435,6.372656822,6.4363541605000005,6.665811539,21.443971049019773
bv_vienot_index,2,double,lookupApply,1,65536,134.6824646,139.016342163,157.250785828,6.365016937,6.5071139334999994,6.67064476,21.363747981622765
bv_vienot_index,2,double,lookupApply,2,65536,136.820411682,140.14558792100001,142.162704468,6.371292114,6.5046925545,6.691847801,21.545305446303704
bv_vienot_index,2,double,prepared,0,65536,12.313842773,12.760066986,12.934875488,0.738143921,0.746366501,0.759137154,17.09624824922307
bv_vienot_index,2,double,prepared,1,65536,12.257671356,12.468767166,12.974643707,0.740540504,0.7573170665,0.773406982,16.46439479256077
bv_vienot_index,2,double,prepared,2,65536,12.805080414,12.8413677215,13.027763367,0.743616104,0.7607836725,0.776510239,16.879131592430433
bv_vienot_index,2,double,vienot,0,65536,1.386356354,1.4283657070000002,1.488113403,0.745861053,0.7525801655,0.756720543,1.897958214260166
bv_vienot_index,2,double,vienot,1,65536,1.39913559,1.4300346375,1.447868347,0.76296711,0.7714004515,0.787485123,1.8538161790277354
bv_vienot_index,2,float,brettel,0,65536,7.79800415,7.994031906,8.39471817,1.391738892,1.435140133,1.527462006,5.570209990079066
bv_vienot_index,2,float,brettel,1,65536,7.855701447,8.066892624000001,8.44669342,1.42501545,1.4503507615000002,1.49758625,5.562028743761927
bv_vienot_index,2,float,brettel,2,65536,7.940292358,8.067035675,8.42256546,1.443153381,1.4850497245,1.519992828,5.43216536248716
bv_vienot_index,2,float,lookup,0,65536,17.223739624,17.454719543499998,17.791557312,2.237668037,2.3025727275000003,2.321967125,7.580529090367243
bv_vienot_index,2,float,lookup,1,65536,17.126846313,17.425870895,17.82617569,2.205183983,2.2673816684999997,2.362300873,7.685459901653078
bv_vienot_index,2,float,lookup,2,65536,17.188739777,17.412185669000003,18.707180023,2.195661545,2.2615265845000003,2.331336975,7.6993062068512685
bv_vienot_index,2,float,lookupApply,0,65536,24.752235413,25.1228809355,25.938415527,6.533603668,6.730769634,6.930560112,3.732542086805879
bv_vienot_index,2,float,lookupApply,1,65536,24.641036987,24.7195243835,44.30809021,6.527481079,6.709441185,6.854619026,3.6842896005652968
bv_vienot_index,2,float,lookupApply,2,65536,24.635314941,24.8127460475,43.816757202,6.516364098,6.678031921500001,6.818820953,3.7155776341252693
bv_vienot_index,2,float,prepared,0,65536,9.588718414,9.81593132,10.256195068,0.419229507,0.43366098399999997,0.472668648,22.635034467384784
bv_vienot_index,2,float,prepared,1,65536,9.627628326,9.734153747499999,9.90819931,0.426660538,0.4369421005,0.461283684,22.277903036491672
bv_vienot_index,2,float,prepared,2,65536,9.562969208,9.5860004425,9.704017639,0.418284416,0.432615757,0.447796822,22.158232305209353
bv_vienot_index,2,float,vienot,0,65536,1.368427277,1.4449596405,1.469802856,0.425437927,0.440042019,0.46744442,3.283685598442816
bv_vienot_index,2,float,vienot,1,65536,1.36013031,1.3796329495,1.431941986,0.428904533,0.436125755,0.445103645,3.163383344558498
bv_vienot_ref,2,double,brettel,0,65536,7.946777344,8.218860626,8.569431305,2.675303459,2.6835737225000003,2.717653275,3.0626550547466835
bv_vienot_ref,2,double,brettel,1,65536,8.152675629,8.276605606,8.687114716,2.707891464,2.7584986689999997,2.854625702,3.000402247429905
bv_vienot_ref,2,double,brettel,2,65536,7.717418671,7.8818321225000005,8.336639404,2.802485466,2.8169703485,2.83022213,2.7979819264682617
bv_vienot_ref,2,double,lookup,0,65536,26.197814941,26.775598526000003,27.041244507,3.320494652,3.3947014810000002,3.438871384,7.887467771720692
bv_vienot_ref,2,double,lookup,1,65536,25.436592102,26.138305664,27.42729187,3.434505463,3.4580402375,3.474650383,7.5587048931786756
bv_vienot_ref,2,double,lookup,2,65536,25.185394287,25.9735107425,31.696128845,3.438144684,3.499320984,3.555729866,7.422443057169973
bv_vienot_ref,2,double,lookupApply,0,65536,34.718036652,35.5947971345,36.693191528,6.369753838,6.4176197055,6.56030941,5.546417327283308
bv_vienot_ref,2,double,lookupApply,1,65536,35.124588013,35.583353043,58.646774292,6.49797821,6.6409168245,6.686928749,5.358198872740603
bv_vienot_ref,2,double,lookupApply,2,65536,33.550739288,34.3873977665,56.090641022,6.545782089,6.6450042725,6.700463295,5.174924854271417
bv_vienot_ref,2,double,prepared,0,65536,12.720870972,12.8045082095,12.947273254,0.735545158,0.745994568,0.780111313,17.164345102175062
bv_vienot_ref,2,double,prepared,1,65536,12.660598755,12.757253646999999,13.002872467,0.740616798,0.7639880185,0.776281357,16.698237849393706
bv_vienot_ref,2,double,prepared,2,65536,12.238693237,12.281799316,12.701892853,0.766023636,0.7791557309999999,0.817886353,15.762958324437971
bv_vienot_ref,2,double,vienot,0,65536,1.392745972,1.4218330385,1.459407806,0.733720779,0.742637157,0.749032021,1.9145729850681306
bv_vienot_ref,2,double,vienot,1,65536,1.441860199,1.4496326444999998,1.500988007,0.742690086,0.7625226975,0.941725731,1.9011009760794693
bv_vienot_ref,2,float,brettel,0,65536,8.024215698,8.213329315500001,8.690547943,1.389294624,1.4103932380000002,1.471253395,5.823432142334194
bv_vienot_ref,2,float,brettel,1,65536,7.888507843,8.3914756775,8.727169037,1.393803596,1.407962322,1.462179184,5.9600143742340865
bv_vienot_ref,2,float,brettel,2,65536,8.020019531,8.3169937135,8.831691742,1.448072433,1.4679813385,1.51825428,5.665599074984427
bv_vienot_ref,2,float,lookup,0,65536,123.722743988,127.53310203550001,129.934501648,2.197563171,2.2161345480000003,2.276646614,57.54754473305562
bv_vienot_ref,2,float,lookup,1,65536,122.760009766,129.1851997375,133.378314972,2.198079109,2.2272810935000003,2.268728256,58.001300381217455
bv_vienot_ref,2,float,lookup,2,65536,122.815227509,127.162647247,160.102462769,2.200466156,2.2077774999999997,2.323963165,57.597582748714494
bv_vienot_ref,2,float,lookupApply,0,65536,125.721931458,127.557373047,131.009578705,6.526555061,6.558900356,6.725334167,19.44798154012389
bv_vienot_ref,2,float,lookupApply,1,65536,125.597381592,129.828119278,134.333705902,6.518733025,6.585276127,6.710443497,19.71490895358168
bv_vienot_ref,2,float,lookupApply,2,65536,126.664447784,131.34059906049998,132.893562317,6.518886566,6.5762352945,6.665553093,19.97200422106946
bv_vienot_ref,2,float,prepared,0,65536,9.698867798,10.036754607999999,20.838928223,0.41757679,0.4244642255,0.456315994,23.64570205222159
bv_vienot_ref,2,float,prepared,1,65536,9.600830078,9.915161133000002,10.3266716,0.419401169,0.4220809935,0.428216934,23.491133895371675
bv_vienot_ref,2,float,prepared,2,65536,9.602069855,9.8920345305,10.176467896,0.419029236,0.427816391,0.436851501,23.122149451492145
bv_vienot_ref,2,float,vienot,0,65536,1.376628876,1.3975143435,1.431655884,0.418284416,0.423766613,0.443966866,3.29783966133264
bv_vienot_ref,2,float,vienot,1,65536,1.36384964,1.4039039615,1.455974579,0.419372559,0.4229307175,0.431235313,3.3194655848094077
