variant,block,scalar,mode,deficiency,n,D_min_ns,D_median_ns,D_max_ns,CPP_min_ns,CPP_median_ns,CPP_max_ns,D_over_CPP
default,0,double,brettel,0,1024,21.453857422,21.459960938,22.308349609,4.08605957,4.118438721,5.050415039,5.210702985229629
default,0,double,brettel,1,1024,21.447753906,21.481323242000002,22.082519531,4.106262207,4.163696289000001,5.465576172,5.159195520276334
default,0,double,brettel,2,1024,21.301269531,21.313476562,22.448730469,4.228515625,4.2584533695,5.467407227,5.004980614476587
default,0,double,lookup,0,1024,46.008300781,46.5240478515,47.430419922,5.81048584,5.8621520995,6.933776855,7.936342671059007
default,0,double,lookup,1,1024,46.087646484,46.685791016,64.0625,5.799438477,5.819946289000001,6.886108398,8.021687606333852
default,0,double,lookup,2,1024,46.038818359,46.569824219,47.283935547,5.797058105,5.8135375975,7.307434082,8.010582788529046
default,0,double,lookupApply,0,1024,55.242919922,55.712890625,58.581542969,10.071411133,10.337097168,11.542053223,5.389606938925507
default,0,double,lookupApply,1,1024,55.255126953,55.795288086,56.634521484,10.074462891,10.343200683500001,12.526000977,5.394392876376021
default,0,double,lookupApply,2,1024,55.242919922,55.917358398,58.264160156,10.077514648,10.329711914,11.394042969,5.413254393107946
default,0,double,prepared,0,1024,26.239013672,26.242065429999997,27.484130859,1.219909668,1.228515625,2.463134766,21.36079093825119
default,0,double,prepared,1,1024,26.239013672,26.239013672,29.968261719,1.223571777,1.2294311525000001,1.256652832,21.342401824326632
default,0,double,prepared,2,1024,26.239013672,26.324462891,27.368164062,1.219360352,1.2281799315000002,2.675292969,21.433718477104097
default,0,double,vienot,0,1024,21.917724609,21.923828125,22.485351562,1.229125977,1.236755371,1.247436523,17.72689137971813
default,0,double,vienot,1,1024,21.917724609,21.923828125,22.583007812,1.230957031,1.2385864254999999,2.44354248,17.700684969278313
default,0,float,brettel,0,1024,28.741455078,29.9407958985,31.921386719,2.18371582,2.218536377,3.051391602,13.495742602601462
default,0,float,brettel,1,1024,28.875732422,29.4677734375,35.192871094,2.130432129,2.1658935545,4.615539551,13.60536549742985
default,0,float,brettel,2,1024,28.973388672,29.2388916015,29.736328125,2.133544922,2.1488037110000002,2.167785645,13.60705561509522
default,0,float,lookup,0,1024,28.961181641,29.1442871095,30.676269531,4.45904541,4.483215332,5.826965332,6.500755585277338
default,0,float,lookup,1,1024,28.955078125,29.309082031499997,30.865478516,4.46270752,4.4838562015,8.368408203,6.536579389342399
default,0,float,lookup,2,1024,28.948974609,29.028320312,29.742431641,4.472473145,4.4859313965,6.520996094,6.470968400151726
default,0,float,lookupApply,0,1024,41.540527344,42.5872802735,44.055175781,9.930786133,9.9964904785,11.291992188,4.260223161828123
default,0,float,lookupApply,1,1024,41.528320312,42.071533203,60.723876953,9.927062988,9.991607666,11.233276367,4.210687069525694
default,0,float,lookupApply,2,1024,41.528320312,42.0989990235,43.408203125,9.931945801,9.9977111815,11.950561523,4.210863692622065
default,0,float,prepared,0,1024,15.447998047,15.4510498045,17.791748047,0.779052734,0.786376953,0.793151855,19.648401120550133
default,0,float,prepared,1,1024,15.447998047,15.447998047,16.223144531,0.780273438,0.785766602,1.96105957,19.65977938955466
default,0,float,prepared,2,1024,15.447998047,15.454101562,15.985107422,0.780883789,0.786376953,0.791931152,19.652281902519086
default,0,float,vienot,0,1024,19.146728516,19.4763183595,25.946044922,0.782104492,0.786376953,2.662475586,24.767153062152367
default,0,float,vienot,1,1024,19.451904297,19.458007812,20.422363281,0.779663086,0.78515625,0.790649414,24.782338307820897
prepared,0,double,brettel,0,1024,33.038330078,33.547973633,36.956787109,4.114135742,4.148712158,6.159057617,8.086358454227568
prepared,0,double,brettel,1,1024,33.038330078,33.544921875,33.813476562,4.144775391,4.1609497075,5.300476074,8.061842664076467
prepared,0,double,brettel,2,1024,33.050537109,33.5479736325,33.843994141,4.138671875,4.281738281,5.191589355,7.835129433615189
prepared,0,double,lookup,0,1024,175.183105469,175.7720947265,178.61328125,5.804992676,5.813537598,7.123962402,30.234963094926904
prepared,0,double,lookup,1,1024,175.231933594,175.799560547,195.196533203,5.800109863,5.8147583009999995,7.201599121,30.23333928028731
prepared,0,double,lookup,2,1024,175.317382812,176.821899414,179.39453125,5.792724609,5.8098449705,7.84185791,30.434873961668302
prepared,0,double,lookupApply,0,1024,184.454345703,184.59777832,187.261962891,10.08972168,10.294250488,11.584838867,17.932124202260816
prepared,0,double,lookupApply,1,1024,184.484863281,184.7045898435,186.120605469,10.078735352,10.2878723145,11.442382812,17.953623858955993
prepared,0,double,lookupApply,2,1024,184.387207031,184.637451172,187.237548828,10.080566406,10.2848205565,11.682678223,17.952423200549596
prepared,0,double,prepared,0,1024,26.239013672,26.239013672,26.977539062,1.219299316,1.247467041,1.287231445,21.033833207301548
prepared,0,double,prepared,1,1024,26.239013672,26.245117188,27.655029297,1.219970703,1.250213623,2.515136719,20.992506164684464
prepared,0,double,prepared,2,1024,26.232910156,26.516723632500003,27.520751953,1.221130371,1.2490234375,1.292663574,21.22996481601251
prepared,0,double,vienot,0,1024,8.367919922,8.367919922,8.935546875,1.222412109,1.2532958985,1.293273926,6.676731274725384
prepared,0,double,vienot,1,1024,8.361816406,8.367919922,9.033203125,1.222961426,1.249298096,1.289672852,6.6980970745031865
prepared,0,float,brettel,0,1024,22.845458984,22.854614257999998,24.554443359,2.18182373,2.1867065429999997,4.019958496,10.451614703930577
prepared,0,float,brettel,1,1024,22.8515625,22.879028320499998,25.305175781,2.12677002,2.134765625,2.749267578,10.717349039429093
prepared,0,float,brettel,2,1024,22.857666016,22.912597656,24.060058594,2.134155273,2.140869141,3.980285645,10.702474624533812
prepared,0,float,lookup,0,1024,28.839111328,29.052734375,31.268310547,4.460876465,4.4721984865,5.956604004,6.4962980651909845
prepared,0,float,lookup,1,1024,28.90625,29.248046875,30.76171875,4.4609375,4.473754883,8.551208496,6.537695434799261
prepared,0,float,lookup,2,1024,28.900146484,29.211425781000003,33.410644531,4.463317871,4.474914551,5.374450684,6.527817558990525
prepared,0,float,lookupApply,0,1024,41.516113281,42.352294922,45.227050781,9.930725098,9.938964844000001,10.968444824,4.26123802496066
prepared,0,float,lookupApply,1,1024,41.510009766,42.333984375,60.632324219,9.928894043,9.9389953615,11.294372559,4.259382647363559
prepared,0,float,lookupApply,2,1024,41.50390625,42.034912109,42.999267578,9.928283691,9.9393005375,11.225280762,4.229161996903748
prepared,0,float,prepared,0,1024,15.447998047,15.454101562,16.687011719,0.780883789,0.782714844,0.790039062,19.74422956261195
prepared,0,float,prepared,1,1024,15.447998047,15.454101562,17.041015625,0.780273438,0.7845764159999999,0.832275391,19.697382239437594
prepared,0,float,prepared,2,1024,15.447998047,15.4510498045,16.595458984,0.779663086,0.7842407225,0.789428711,19.701922332272154
prepared,0,float,vienot,0,1024,7.739257812,7.739257812,9.539794922,0.779724121,0.781494141,0.788208008,9.903155258588177
prepared,0,float,vienot,1,1024,7.733154297,7.739257812,9.460449219,0.780883789,0.782714844,0.78704834,9.887710538935428
bv_direct,0,double,brettel,0,1024,13.293457031,13.299560547,13.897705078,4.141052246,4.1505737305,4.993530273,3.2042703998412927
bv_direct,0,double,brettel,1,1024,13.293457031,13.299560547,13.989257812,4.155761719,4.1658325195,5.417297363,3.1925336615779902
bv_direct,0,double,brettel,2,1024,13.299560547,13.305664062,13.934326172,4.259155273,4.2804870610000005,5.244812012,3.108446275478649
bv_direct,0,double,lookup,0,1024,174.005126953,174.594116211,177.63671875,5.800109863,5.8156433105000005,9.429321289,30.02146226811652
bv_direct,0,double,lookup,1,1024,174.450683594,174.83215332,193.994140625,5.795166016,5.811706543,7.887145996,30.08275659248131
bv_direct,0,double,lookup,2,1024,174.475097656,175.296020508,179.223632812,5.798217773,5.806762695,7.424194336,30.18825285540621
bv_direct,0,double,lookupApply,0,1024,183.996582031,184.5123291015,187.066650391,10.08972168,10.196777344000001,11.319458008,18.09516113540235
bv_direct,0,double,lookupApply,1,1024,184.216308594,184.34753418,185.583496094,10.090393066,10.1986083985,11.28704834,18.07575376726041
bv_direct,0,double,lookupApply,2,1024,184.161376953,184.3872070315,185.955810547,10.086669922,10.1949157715,11.684509277,18.08619229076482
bv_direct,0,double,prepared,0,1024,26.239013672,26.242065429999997,26.971435547,1.221191406,1.230957031,1.241943359,21.318425232667604
bv_direct,0,double,prepared,1,1024,26.232910156,26.2634277345,26.940917969,1.218688965,1.2327575684999998,1.246826172,21.30461690570428
bv_direct,0,double,prepared,2,1024,26.239013672,26.2634277345,27.722167969,1.220581055,1.2315673825,1.243774414,21.325205675053674
bv_direct,0,double,vienot,0,1024,4.046630859,4.046630859,4.632568359,1.222412109,1.2364807130000002,1.248657227,3.272700347409301
bv_direct,0,double,vienot,1,1024,4.046630859,4.046630859,4.583740234,1.222412109,1.2355651855,2.164123535,3.275125348698165
bv_direct,0,float,brettel,0,1024,8.038330078,8.044433594,9.613037109,2.179382324,2.1851806639999998,3.426818848,3.681358583539068
bv_direct,0,float,brettel,1,1024,8.038330078,8.044433594,9.259033203,2.127380371,2.1329040525,3.29901123,3.771587186292338
bv_direct,0,float,brettel,2,1024,8.044433594,8.050537109,8.862304688,2.132324219,2.138092041,3.763793945,3.7652902469225364
bv_direct,0,float,lookup,0,1024,28.411865234,29.0374755855,31.799316406,4.462097168,4.469177246,5.572631836,6.49727544627797
bv_direct,0,float,lookup,1,1024,28.497314453,28.7658691405,29.895019531,4.463928223,4.4721679685,4.479858398,6.43219783852356
bv_direct,0,float,lookup,2,1024,28.485107422,28.7841796875,29.241943359,4.470092773,4.4746398925,6.087463379,6.432736573002338
bv_direct,0,float,lookupApply,0,1024,41.577148438,42.1936035155,43.243408203,9.928344727,9.939331055,14.261962891,4.245115016495443
bv_direct,0,float,lookupApply,1,1024,41.564941406,42.282104492,61.505126953,9.929504395,9.938720703000001,11.44543457,4.254280380294534
bv_direct,0,float,lookupApply,2,1024,41.558837891,42.11730957,42.950439453,9.926452637,9.94052124,11.106018066,4.2369317013802785
bv_direct,0,float,prepared,0,1024,15.447998047,15.454101562,17.578125,0.779663086,0.782989502,0.790039062,19.73730365799975
bv_direct,0,float,prepared,1,1024,15.447998047,15.454101562,18.774414062,0.779663086,0.782714844,0.788818359,19.74422956261195
bv_direct,0,float,prepared,2,1024,15.447998047,15.454101562,16.735839844,0.780273438,0.7827453615,0.789428711,19.743459779033135
bv_direct,0,float,vienot,0,1024,3.41796875,3.424072266,3.942871094,0.779052734,0.7827148435,0.789428711,4.374610107927511
bv_direct,0,float,vienot,1,1024,3.41796875,3.424072266,4.339599609,0.779052734,0.781188965,0.787597656,4.3831549335825555
bv_split,0,double,brettel,0,1024,5.120849609,5.126953125,5.700683594,4.073791504,4.1000976565,5.383666992,1.250446587990922
bv_split,0,double,brettel,1,1024,5.114746094,5.120849609,6.213378906,4.094604492,4.1364746095000005,6.524719238,1.2379743845735793
bv_split,0,double,brettel,2,1024,5.126953125,5.126953125,6.591796875,4.218688965,4.2520751955,5.283996582,1.2057531650488895
bv_split,0,double,lookup,0,1024,46.032714844,46.5454101565,48.803710938,5.806213379,5.814758301,6.972290039,8.00470247378903
bv_split,0,double,lookup,1,1024,46.038818359,46.5423583985,65.924072266,5.796447754,5.815979004000001,7.058532715,8.002497664879808
bv_split,0,double,lookup,2,1024,46.014404297,46.551513672,48.095703125,5.796447754,5.812591553000001,8.593383789,8.008736421187859
bv_split,0,double,lookupApply,0,1024,55.249023438,55.712890625,55.969238281,10.068359375,10.090637207,13.327026367,5.521246030562994
bv_split,0,double,lookupApply,1,1024,55.291748047,55.7525634765,56.903076172,10.077453613,10.093688965,11.04675293,5.523507180558342
bv_split,0,double,lookupApply,2,1024,55.249023438,56.237792969,59.802246094,10.075683594,10.0930786135,11.894897461,5.571916669090353
bv_split,0,double,prepared,0,1024,26.239013672,26.2634277345,27.014160156,1.205871582,1.2162475585,1.253540039,21.593817435400013
bv_split,0,double,prepared,1,1024,26.239013672,26.266479492499997,27.630615234,1.205932617,1.2138061525000001,2.082763672,21.639764667859513
bv_split,0,double,prepared,2,1024,26.239013672,26.287841797,27.758789062,1.205871582,1.2147521975,1.224182129,21.640497420874187
bv_split,0,double,vienot,0,1024,4.046630859,4.046630859,4.650878906,1.210144043,1.222991943,1.264587402,3.3087960081516257
bv_split,0,double,vienot,1,1024,4.046630859,4.046630859,4.052734375,1.209533691,1.2205505369999998,1.230957031,3.315414426793211
bv_split,0,float,brettel,0,1024,4.339599609,4.345703125,4.357910156,2.181213379,2.207550049,3.93927002,1.9685638053681112
bv_split,0,float,brettel,1,1024,4.339599609,4.345703125,4.919433594,2.132324219,2.1595153810000003,3.250061035,2.012351087301656
bv_split,0,float,brettel,2,1024,4.345703125,4.351806641,6.005859375,2.135314941,2.156463623,4.569702148,2.018029237583851
bv_split,0,float,lookup,0,1024,28.765869141,28.9459228515,29.98046875,4.459655762,4.4676208495,4.670654297,6.479046415664284
bv_split,0,float,lookup,1,1024,28.747558594,28.8665771485,31.811523438,4.460876465,4.466369629,4.474304199,6.463096327959559
bv_split,0,float,lookup,2,1024,28.820800781,29.1595458985,30.548095703,4.460266113,4.474334717,5.893005371,6.517068512489653
bv_split,0,float,lookupApply,0,1024,41.522216797,42.236328125,44.415283203,9.942993164,9.976623535,14.076660156,4.233529307468251
bv_split,0,float,lookupApply,1,1024,41.522216797,42.08984375,45.855712891,9.939331055,9.973876953,11.332275391,4.220008322575103
bv_split,0,float,lookupApply,2,1024,41.510009766,42.037963867,42.962646484,9.939941406,9.9762878415,13.092224121,4.213788188040024
bv_split,0,float,prepared,0,1024,15.447998047,15.454101562,16.961669922,0.780273438,0.785461426,0.793701172,19.675188431213932
bv_split,0,float,prepared,1,1024,15.447998047,15.454101562,16.656494141,0.780273438,0.786376953,0.835327148,19.652281902519086
bv_split,0,float,prepared,2,1024,15.447998047,15.447998047,16.845703125,0.779663086,0.7851867674999999,0.793151855,19.674297487444605
bv_split,0,float,vienot,0,1024,3.41796875,3.424072266,5.444335938,0.779663086,0.782714844,0.829162598,4.374610105133001
bv_split,0,float,vienot,1,1024,3.424072266,3.430175781,4.089355469,0.779663086,0.784545898,1.467590332,4.372179868308993
default,1,double,brettel,0,1024,21.453857422,21.4752197265,23.010253906,4.102539062,4.12701416,5.56036377,5.20357306612682
default,1,double,brettel,1,1024,21.447753906,21.453857422,22.119140625,4.133728027,4.16003418,5.246643066,5.15713489209841
default,1,double,brettel,2,1024,21.301269531,21.310424804500002,23.895263672,4.247497559,4.260620117,4.781921387,5.001719050114508
default,1,double,lookup,0,1024,46.008300781,46.508789062,46.868896484,5.795166016,5.8089294435,9.139465332,8.006430361112717
default,1,double,lookup,1,1024,46.057128906,46.7834472655,64.624023438,5.791503906,5.8123168945,6.97052002,8.049018681305832
default,1,double,lookup,2,1024,46.038818359,46.597290039,50.494384766,5.792114258,5.805572509499999,7.914001465,8.026304031643756
default,1,double,lookupApply,0,1024,55.242919922,55.749511719,58.917236328,10.073181152,10.0891113285,11.399597168,5.525710828615524
default,1,double,lookupApply,1,1024,55.249023438,55.7708740235,56.488037109,10.063476562,10.080230713,11.770080566,5.532698170447123
default,1,double,lookupApply,2,1024,55.407714844,55.731201172,57.434082031,10.06463623,10.0833129885,11.526184082,5.527072425061221
default,1,double,prepared,0,1024,26.239013672,26.245117188,27.740478516,1.206481934,1.2279357910000002,1.255981445,21.373362825939484
default,1,double,prepared,1,1024,26.239013672,26.239013672,26.934814453,1.206481934,1.230316162,2.744995117,21.32704948730081
default,1,double,prepared,2,1024,26.239013672,26.382446289,27.416992188,1.206420898,1.2279052735,1.260925293,21.485734167261885
default,1,double,vienot,0,1024,21.917724609,21.9482421875,22.540283203,1.211975098,1.2499084475,1.827758789,17.559879870721492
default,1,double,vienot,1,1024,21.917724609,21.926879882999998,22.503662109,1.211975098,1.230316162,1.262756348,17.822150566042875
default,1,float,brettel,0,1024,28.735351562,28.970336914,31.866455078,2.181213379,2.187316895,4.09765625,13.244691238029322
default,1,float,brettel,1,1024,28.875732422,29.025268554500002,31.890869141,2.129882812,2.136291504,3.226867676,13.586754663468438
default,1,float,brettel,2,1024,28.973388672,29.5257568355,30.096435547,2.131652832,2.137786865,3.622497559,13.811366006077506
default,1,float,lookup,0,1024,28.826904297,29.403686523,30.090332031,4.465209961,4.4718933110000005,5.231384277,6.57522093621343
default,1,float,lookup,1,1024,28.851318359,29.443359375,31.817626953,4.46270752,4.469421387,5.727966309,6.587734032114436
default,1,float,lookup,2,1024,28.894042969,29.299926757999998,29.650878906,4.4609375,4.4660644529999995,5.10357666,6.560569617018915
default,1,float,lookupApply,0,1024,41.516113281,42.2790527345,44.104003906,9.932556152,9.9381103515,13.938476562,4.254234581740043
default,1,float,lookupApply,1,1024,41.510009766,42.059326172,60.321044922,9.934997559,9.939331055,11.627685547,4.231605320243556
default,1,float,lookupApply,2,1024,41.522216797,42.0654296875,44.305419922,9.932617188,9.938354492,11.178222656,4.232635263851886
default,1,float,prepared,0,1024,15.447998047,15.4510498045,16.729736328,0.779052734,0.78515625,0.789428711,19.678949004736317
default,1,float,prepared,1,1024,15.447998047,15.454101562,16.754150391,0.782104492,0.7848815920000001,1.333679199,19.689723544949693
default,1,float,prepared,2,1024,15.447998047,15.454101562,16.387939453,0.782714844,0.784545898,0.789489746,19.698148446631738
default,1,float,vienot,0,1024,19.146728516,19.146728516,21.197509766,0.779052734,0.782104492,0.788208008,24.481036372822675
default,1,float,vienot,1,1024,19.451904297,19.458007812,20.703125,0.779052734,0.782714844,0.788818359,24.859638169836472
prepared,1,double,brettel,0,1024,33.038330078,33.316040039,33.673095703,4.087219238,4.1202697755,4.672485352,8.085888025367723
prepared,1,double,brettel,1,1024,33.044433594,33.5510253905,33.721923828,4.108032227,4.1496276855000005,5.276611328,8.085309799656724
prepared,1,double,brettel,2,1024,33.050537109,33.551025391,33.764648438,4.112976074,4.267059326,5.006286621,7.862797966404464
prepared,1,double,lookup,0,1024,175.225830078,175.845336914,177.014160156,5.804321289,5.8181152345000005,7.120910645,30.223763164964517
prepared,1,double,lookup,1,1024,175.299072266,175.9399414065,195.574951172,5.80859375,5.8144226075,6.372436523,30.259228350473833
prepared,1,double,lookup,2,1024,175.29296875,176.8981933595,178.845214844,5.80065918,5.815338134499999,7.382019043,30.419244636874353
prepared,1,double,lookupApply,0,1024,184.332275391,184.6466064455,186.285400391,10.080566406,10.0927734375,11.304199219,18.29493226900745
prepared,1,double,lookupApply,1,1024,184.289550781,184.5703125,185.717773438,10.073181152,10.0921936035,11.253417969,18.28842368184361
prepared,1,double,lookupApply,2,1024,184.454345703,184.652709961,185.925292969,10.075012207,10.093688965,11.423400879,18.29387755074341
prepared,1,double,prepared,0,1024,26.239013672,26.287841797,26.947021484,1.211975098,1.228820801,1.262084961,21.392738286662517
prepared,1,double,prepared,1,1024,26.239013672,26.287841797,27.075195312,1.210754395,1.225463867,1.274353027,21.451339778262103
prepared,1,double,prepared,2,1024,26.239013672,26.306152343999997,27.563476562,1.211364746,1.2220764160000002,1.237060547,21.52578349404952
prepared,1,double,vienot,0,1024,8.361816406,8.367919922,8.917236328,1.213867188,1.229980469,2.525512695,6.8032949570356145
prepared,1,double,vienot,1,1024,8.367919922,8.367919922,8.911132812,1.219360352,1.2287597655,1.240112305,6.8100536467313235
prepared,1,float,brettel,0,1024,22.845458984,23.0072021485,24.792480469,2.179992676,2.199859619,4.27130127,10.458486509679416
prepared,1,float,brettel,1,1024,22.845458984,22.8820800785,24.237060547,2.127380371,2.1491394044999996,3.722167969,10.647089728375972
prepared,1,float,brettel,2,1024,22.857666016,22.912597656,23.474121094,2.133483887,2.1478881835,3.442138672,10.66750021347189
prepared,1,float,lookup,0,1024,28.90625,29.315185547,30.975341797,4.461486816,4.472808838,5.728515625,6.5540886294859355
prepared,1,float,lookup,1,1024,28.887939453,29.1259765625,30.059814453,4.464538574,4.479248047,6.171264648,6.502425464472163
prepared,1,float,lookup,2,1024,28.918457031,29.156494141,30.133056641,4.480407715,4.487182617,5.442382812,6.497728447810128
prepared,1,float,lookupApply,0,1024,41.522216797,42.199707031,42.895507812,9.931335449,9.989776611,14.951721191,4.2242893584359855
prepared,1,float,lookupApply,1,1024,41.516113281,42.0989990235,59.643554688,9.927062988,9.993103027499998,12.739318848,4.212805462692405
prepared,1,float,lookupApply,2,1024,41.528320312,42.086791992,43.798828125,9.932556152,9.989440918,11.147033691,4.2131278754713595
prepared,1,float,prepared,0,1024,15.447998047,15.447998047,17.218017578,0.779052734,0.7867126465000001,1.315307617,19.636137941504412
prepared,1,float,prepared,1,1024,15.447998047,15.454101562,16.851806641,0.779663086,0.7857971195,0.791870117,19.666783166415005
prepared,1,float,prepared,2,1024,15.447998047,15.4510498045,15.979003906,0.781494141,0.785766602,0.793151855,19.663663185954547
prepared,1,float,vienot,0,1024,7.733154297,7.739257812,9.08203125,0.780883789,0.783935547,0.789489746,9.87231391868495
prepared,1,float,vienot,1,1024,7.733154297,7.739257812,8.953857422,0.779052734,0.783935547,0.791870117,9.87231391868495
bv_direct,1,double,brettel,0,1024,13.293457031,13.299560547,14.239501953,4.085449219,4.1193542480000005,4.150878906,3.2285547069560985
bv_direct,1,double,brettel,1,1024,13.293457031,13.299560547,13.897705078,4.100708008,4.1670532225,5.477233887,3.1915984358416725
bv_direct,1,double,brettel,2,1024,13.299560547,13.305664062,14.465332031,4.222961426,4.276519775000001,4.386291504,3.1113299509997
bv_direct,1,double,lookup,0,1024,174.151611328,174.70703125,179.302978516,5.803100586,5.8129272465,7.311706543,30.054914476211998
bv_direct,1,double,lookup,1,1024,174.017333984,174.90234375,181.219482422,5.790283203,5.8181152345000005,7.20892334,30.061684360060777
bv_direct,1,double,lookup,2,1024,174.066162109,175.0122070315,177.844238281,5.801879883,5.8178100585,7.451721191,30.08214521816534
bv_direct,1,double,lookupApply,0,1024,184.161376953,184.4512939455,191.137695312,10.091552734,10.297668457,11.271179199,17.91194722530772
bv_direct,1,double,lookupApply,1,1024,183.837890625,184.4329833985,185.107421875,10.091552734,10.298553467,11.353088379,17.908629982791737
bv_direct,1,double,lookupApply,2,1024,184.283447266,184.50012207,186.895751953,10.084838867,10.2945861815,12.286865234,17.922053282875808
bv_direct,1,double,prepared,0,1024,26.239013672,26.315307617000002,27.563476562,1.215637207,1.2202453615,2.45703125,21.565587091969455
bv_direct,1,double,prepared,1,1024,26.232910156,26.3122558595,26.831054688,1.216247559,1.221801758,1.229736328,21.535617940647946
bv_direct,1,double,prepared,2,1024,26.239013672,26.321411132999998,30.133056641,1.216308594,1.221801758,1.226074219,21.543111196767484
bv_direct,1,double,vienot,0,1024,4.046630859,4.046630859,4.052734375,1.222351074,1.224212646,1.233398438,3.305496697997678
bv_direct,1,double,vienot,1,1024,4.046630859,4.061889648499999,4.614257812,1.221740723,1.225402832,1.272521973,3.3147382578433597
bv_direct,1,float,brettel,0,1024,8.038330078,8.041381836,9.930419922,2.238647461,2.2460327145,4.152648926,3.580260333737004
bv_direct,1,float,brettel,1,1024,8.038330078,8.044433594,9.411621094,2.184265137,2.1928100585,2.235656738,3.6685501157828617
bv_direct,1,float,brettel,2,1024,8.044433594,8.050537109,8.648681641,2.172668457,2.178771973,3.180419922,3.6949883736181146
bv_direct,1,float,lookup,0,1024,28.479003906,28.7017822265,30.279541016,4.461486816,4.6520080565,4.828979492,6.16976193461156
bv_direct,1,float,lookup,1,1024,28.485107422,28.820800781000003,29.742431641,4.460327148,4.654724120999999,6.002441406,6.1917312458913845
bv_direct,1,float,lookup,2,1024,28.436279297,28.796386719,29.418945312,4.471252441,4.847045898499999,7.066467285,5.941017956506567
bv_direct,1,float,lookupApply,0,1024,41.552734375,42.2302246095,44.104003906,10.031066895,10.623260498,11.791564941,3.9752601960057854
bv_direct,1,float,lookupApply,1,1024,41.564941406,42.184448242,61.694335938,10.034667969,10.625732421999999,15.63482666,3.9700273418008725
bv_direct,1,float,lookupApply,2,1024,41.540527344,42.074584961,44.43359375,10.029174805,10.624511719000001,11.909545898,3.9601429292752606
bv_direct,1,float,prepared,0,1024,15.447998047,15.447998047,18.218994141,0.786987305,0.790344238,0.794372559,19.545910888262846
bv_direct,1,float,prepared,1,1024,15.447998047,15.454101562,16.326904297,0.787597656,0.789764404,0.798034668,19.56798949627008
bv_direct,1,float,prepared,2,1024,15.447998047,15.4724121095,15.985107422,0.785217285,0.790649414,0.796203613,19.56924502254801
bv_direct,1,float,vienot,0,1024,3.41796875,3.424072266,4.528808594,0.78515625,0.787597656,0.794372559,4.347489152507077
bv_direct,1,float,vienot,1,1024,3.41796875,3.424072266,3.942871094,0.785766602,0.7882385255,0.794311523,4.343954469655011
bv_split,1,double,brettel,0,1024,5.120849609,5.126953125,5.706787109,4.078674316,4.1560668945,5.301696777,1.2336069787001835
bv_split,1,double,brettel,1,1024,5.114746094,5.120849609,5.6640625,4.100708008,4.165527344,5.480285645,1.229340053757189
bv_split,1,double,brettel,2,1024,5.126953125,5.130004883,5.975341797,4.22479248,4.2802124025,5.466186523,1.1985397920915444
bv_split,1,double,lookup,0,1024,46.014404297,46.530151367,46.783447266,5.802490234,5.8342895509999995,7.140441895,7.975290043502334
bv_split,1,double,lookup,1,1024,46.057128906,46.6583251955,66.296386719,5.803100586,5.834289550499999,6.414611816,7.997259099267943
bv_split,1,double,lookup,2,1024,46.020507812,46.70715332,47.668457031,5.803100586,5.833709717,7.370422363,8.00642397133522
bv_split,1,double,lookupApply,0,1024,55.249023438,55.6671142575,56.079101562,10.079345703,10.192779541,11.145141602,5.461426300213943
bv_split,1,double,lookupApply,1,1024,55.102539062,55.764770508,56.500244141,10.083618164,10.1933898925,11.583007812,5.47067963612675
bv_split,1,double,lookupApply,2,1024,55.242919922,56.1431884765,56.530761719,10.081787109,10.190307616999998,11.479064941,5.509469447501176
bv_split,1,double,prepared,0,1024,26.239013672,26.287841797,26.879882812,1.219909668,1.227294922,1.24017334,21.41933558574603
bv_split,1,double,prepared,1,1024,26.239013672,26.287841797,27.514648438,1.219360352,1.2318725585,1.248046875,21.339741368222057
bv_split,1,double,prepared,2,1024,26.239013672,26.5197753905,29.235839844,1.22052002,1.2290954589999998,1.239562988,21.576660458966032
bv_split,1,double,vienot,0,1024,4.046630859,4.064941406,4.235839844,1.221801758,1.231567383,2.464904785,3.3006244417565904
bv_split,1,double,vienot,1,1024,4.046630859,4.046630859,4.663085938,1.222961426,1.231018066,4.198547363,3.2872229667180206
bv_split,1,float,brettel,0,1024,4.339599609,4.345703125,6.402587891,2.179382324,2.185821533,2.235046387,1.9881326354378082
bv_split,1,float,brettel,1,1024,4.339599609,4.345703125,5.432128906,2.129821777,2.135650635,2.142028809,2.034838027241286
bv_split,1,float,brettel,2,1024,4.345703125,4.351806641,4.913330078,2.133544922,2.137817383,6.127197266,2.0356306743530674
bv_split,1,float,lookup,0,1024,28.747558594,29.3029785155,30.767822266,4.463317871,4.473114014,5.761535645,6.550912501623528
bv_split,1,float,lookup,1,1024,28.759765625,29.135131836,30.004882812,4.462768555,4.4712524415,5.587890625,6.516100850308029
bv_split,1,float,lookup,2,1024,28.778076172,28.936767578,29.553222656,4.470031738,4.4789123535,4.517150879,6.4606684154887875
bv_split,1,float,lookupApply,0,1024,41.534423828,42.086791992,44.140625,9.929504395,9.937805176000001,11.742004395,4.235018824241036
bv_split,1,float,lookupApply,1,1024,41.528320312,42.141723633,59.851074219,9.928955078,9.939880371,13.081176758,4.239661048230537
bv_split,1,float,lookupApply,2,1024,41.564941406,42.614746094,43.597412109,9.92767334,9.938385010000001,11.252746582,4.287894466869723
bv_split,1,float,prepared,0,1024,15.447998047,15.454101562,17.297363281,0.779663086,0.784851074,0.788208008,19.690489156417975
bv_split,1,float,prepared,1,1024,15.447998047,15.454101562,18.5546875,0.779052734,0.784851074,0.789428711,19.690489156417975
bv_split,1,float,prepared,2,1024,15.447998047,15.4510498045,16.149902344,0.780883789,0.784545898,0.790710449,19.694258607289285
bv_split,1,float,vienot,0,1024,3.424072266,3.430175781,3.973388672,0.779724121,0.781494141,0.786987305,4.38925335589944
bv_split,1,float,vienot,1,1024,3.424072266,3.430175781,3.625488281,0.779663086,0.7814941405,0.788818359,4.389253358707684
default,2,double,brettel,0,1024,21.453857422,21.469116211,22.113037109,4.089111328,4.112640381,5.364685059,5.220275594770025
default,2,double,brettel,1,1024,21.447753906,21.469116211,22.027587891,4.097045898,4.152099609,7.460876465,5.170665020767809
default,2,double,brettel,2,1024,21.301269531,21.307373047,24.182128906,4.224853516,4.248687744,5.272949219,5.015048017376727
default,2,double,lookup,0,1024,46.002197266,46.5057373045,46.691894531,5.791503906,5.8104553225,7.795410156,8.003802580567902
default,2,double,lookup,1,1024,46.051025391,46.688842773,65.417480469,5.787231445,5.8123168945,7.124511719,8.032742126841033
default,2,double,lookup,2,1024,46.044921875,46.682739258,48.419189453,5.793334961,5.815368652,7.305603027,8.027477199049976
default,2,double,lookupApply,0,1024,55.242919922,55.758666992,57.836914062,10.074401855,10.0918579105,11.242370605,5.525114155044365
default,2,double,lookupApply,1,1024,54.949951172,55.7739257815,56.677246094,10.076843262,10.095581055,11.384277344,5.524587983361003
default,2,double,lookupApply,2,1024,55.072021484,55.9020996095,59.197998047,10.067077637,10.091247558500001,11.410583496,5.539661898633422
default,2,double,prepared,0,1024,26.232910156,26.483154297,28.479003906,1.211364746,1.21685791,2.138427734,21.76355520177372
default,2,double,prepared,1,1024,26.232910156,26.333618164,26.995849609,1.211364746,1.2184143065,1.224243164,21.613024423232183
default,2,double,prepared,2,1024,26.239013672,26.336669922,27.63671875,1.210205078,1.2178344724999999,2.446594238,21.625820681471964
default,2,double,vienot,0,1024,21.917724609,21.923828125,22.528076172,1.218688965,1.2229919434999998,1.229736328,17.92638802039664
default,2,double,vienot,1,1024,21.923828125,21.926879882999998,23.907470703,1.219299316,1.225463867,2.328552246,17.892718401137483
default,2,float,brettel,0,1024,28.735351562,29.104614257999998,30.773925781,2.18182373,2.2160644534999996,3.417663574,13.133469205750249
default,2,float,brettel,1,1024,28.869628906,29.2572021485,30.938720703,2.130493164,2.1610717775,2.523010254,13.53828338934013
default,2,float,brettel,2,1024,28.973388672,29.4921875,31.866455078,2.132263184,2.1482238770000004,2.167114258,13.728637790389849
default,2,float,lookup,0,1024,28.912353516,29.104614257500003,30.401611328,4.463317871,4.4770812985,5.486938477,6.500800927437079
default,2,float,lookup,1,1024,28.930664062,29.281616211,30.108642578,4.465759277,4.48046875,5.759765625,6.535391238026155
default,2,float,lookup,2,1024,28.930664062,29.0954589845,31.707763672,4.46270752,4.469177245999999,5.672241211,6.510249511929965
default,2,float,lookupApply,0,1024,41.522216797,42.1264648435,44.543457031,9.940551758,9.9802856445,11.158630371,4.220967850425737
default,2,float,lookupApply,1,1024,41.528320312,42.135620117,61.193847656,9.936828613,9.975952148,13.435852051,4.223719148998469
default,2,float,lookupApply,2,1024,41.516113281,42.0318603515,42.651367188,9.931335449,9.9820861815,11.172058105,4.210729058761133
default,2,float,prepared,0,1024,15.447998047,15.454101562,16.723632812,0.779663086,0.786376953,2.442932129,19.652281902519086
default,2,float,prepared,1,1024,15.447998047,15.454101562,16.833496094,0.779663086,0.785766602,2.23626709,19.667546982354438
default,2,float,prepared,2,1024,15.447998047,15.454101562,16.009521484,0.780883789,0.788574219,2.793334961,19.597523212967225
default,2,float,vienot,0,1024,19.146728516,19.152832031,20.953369141,0.781494141,0.7845764159999999,0.788208008,24.411684624229135
default,2,float,vienot,1,1024,19.451904297,19.458007812,21.087646484,0.779052734,0.784851074,0.791870117,24.791974498846137
prepared,2,double,brettel,0,1024,33.038330078,33.5357666015,33.642578125,4.088439941,4.135894775000001,4.188171387,8.108467073246562
prepared,2,double,brettel,1,1024,33.038330078,33.5540771485,33.813476562,4.10925293,4.1896667480000005,6.72277832,8.008769949189285
prepared,2,double,brettel,2,1024,33.050537109,33.547973633,33.728027344,4.230957031,4.270690918,4.319641113,7.855397235984194
prepared,2,double,lookup,0,1024,175.213623047,175.7598876955,177.056884766,5.795227051,5.8162841795,7.02911377,30.218586690619592
prepared,2,double,lookup,1,1024,175.189208984,175.9063720705,193.621826172,5.792114258,5.8150634765,6.785217285,30.250120704851778
prepared,2,double,lookup,2,1024,175.305175781,176.7669677735,180.413818359,5.79699707,5.8132019045,7.635803223,30.407849353497372
prepared,2,double,lookupApply,0,1024,184.1796875,184.5794677735,188.134765625,10.076293945,10.3502197265,11.617919922,17.833386406369254
prepared,2,double,lookupApply,1,1024,184.552001953,184.750366211,186.053466797,10.076293945,10.351135253999999,12.212280273,17.84831921113259
prepared,2,double,lookupApply,2,1024,184.320068359,184.6496582035,185.693359375,10.075622559,10.3539123535,11.365966797,17.833805415696965
prepared,2,double,prepared,0,1024,26.239013672,26.416015625,26.867675781,1.21685791,1.2355346680000001,2.683898926,21.38023020249238
prepared,2,double,prepared,1,1024,26.239013672,26.266479492499997,26.824951172,1.21685791,1.230041504,1.284179688,21.354140821332805
prepared,2,double,prepared,2,1024,26.232910156,26.2451171875,27.478027344,1.217468262,1.2346191405,2.471069336,21.2576626479897
prepared,2,double,vienot,0,1024,8.361816406,8.367919922,9.094238281,1.222351074,1.232788086,1.242553711,6.787800772110966
prepared,2,double,vienot,1,1024,8.367919922,8.367919922,8.966064453,1.224182129,1.234008789,1.286560059,6.7810861612915145
prepared,2,float,brettel,0,1024,22.8515625,22.9736328125,28.3203125,2.18182373,2.215148926,3.338806152,10.371145949985667
prepared,2,float,brettel,1,1024,22.8515625,22.857666016,24.194335938,2.128601074,2.1460876465,2.166564941,10.650853917023374
prepared,2,float,brettel,2,1024,22.8515625,22.866821289,23.425292969,2.133483887,2.147857666,2.162902832,10.646339210914919
prepared,2,float,lookup,0,1024,28.881835938,29.244995117000002,30.438232422,4.457824707,4.46975708,5.496154785,6.5428600690308665
prepared,2,float,lookup,1,1024,28.857421875,29.248046875,29.583740234,4.457824707,4.465484619,6.683654785,6.549803519768881
prepared,2,float,lookup,2,1024,28.912353516,29.089355468999997,30.224609375,4.457824707,4.483795166,5.752990723,6.487663774112735
prepared,2,float,lookupApply,0,1024,41.522216797,42.059326172,43.872070312,9.935058594,9.978759766,11.045471191,4.214885131848358
prepared,2,float,lookupApply,1,1024,41.510009766,42.034912109,43.566894531,9.938720703,9.980224609499999,13.976989746,4.21182024991579
prepared,2,float,lookupApply,2,1024,41.516113281,42.037963867,45.074462891,9.934448242,9.9839477535,11.027770996,4.210555273815716
prepared,2,float,prepared,0,1024,15.447998047,15.4510498045,17.956542969,0.782104492,0.787597656,2.338928223,19.617947929113697
prepared,2,float,prepared,1,1024,15.447998047,15.4510498045,16.613769531,0.780273438,0.7882080075,2.189819336,19.602756705691043
prepared,2,float,prepared,2,1024,15.447998047,15.454101562,15.979003906,0.782104492,0.7854919435000001,0.791931152,19.67442402163861
prepared,2,float,vienot,0,1024,7.733154297,7.739257812,8.911132812,0.779052734,0.78515625,0.909240723,9.856965173492537
prepared,2,float,vienot,1,1024,7.733154297,7.739257812,9.851074219,0.779052734,0.78515625,0.789489746,9.856965173492537
bv_direct,2,double,brettel,0,1024,13.293457031,13.299560547,13.879394531,4.147155762,4.1590881345,5.182495117,3.197710680059646
bv_direct,2,double,brettel,1,1024,13.293457031,13.299560547,13.885498047,4.158203125,4.165527344,4.209533691,3.192767553466335
bv_direct,2,double,brettel,2,1024,13.299560547,13.305664062,13.983154297,4.2578125,4.2746887205,5.987854004,3.112662683060503
bv_direct,2,double,lookup,0,1024,174.139404297,174.6673583985,177.020263672,5.80065918,5.817779541,7.234069824,30.023028058652937
bv_direct,2,double,lookup,1,1024,173.974609375,174.6490478515,192.895507812,5.79699707,5.8162841795,7.135620117,30.027598800461945
bv_direct,2,double,lookup,2,1024,174.078369141,175.180053711,180.389404297,5.806213379,5.815063476500001,7.49395752,30.125217793226607
bv_direct,2,double,lookupApply,0,1024,184.222412109,184.326171875,187.091064453,10.077514648,10.2300720215,11.616027832,18.018071767980857
bv_direct,2,double,lookupApply,1,1024,184.246826172,184.3994140625,187.841796875,10.078674316,10.226074218499999,11.467407227,18.032278088584853
bv_direct,2,double,lookupApply,2,1024,184.197998047,184.408569336,185.498046875,10.074401855,10.2291564945,11.727905273,18.027739573165448
bv_direct,2,double,prepared,0,1024,26.239013672,26.242065429999997,27.941894531,1.221191406,1.2306518555000001,1.244445801,21.323711748956114
bv_direct,2,double,prepared,1,1024,26.239013672,26.239013672,26.904296875,1.220581055,1.2364501955,4.484130859,21.221245924417826
bv_direct,2,double,prepared,2,1024,26.239013672,26.498413086,30.334472656,1.220581055,1.2370605465,1.39050293,21.420465765375535
bv_direct,2,double,vienot,0,1024,4.046630859,4.046630859,4.583740234,1.221801758,1.234008789,1.248657227,3.2792561082804417
bv_direct,2,double,vienot,1,1024,4.046630859,4.046630859,4.565429688,1.222351074,1.235229492,2.37689209,3.2760154167368283
bv_direct,2,float,brettel,0,1024,8.038330078,8.044433594,9.332275391,2.180603027,2.2007751465,2.21484375,3.6552728282093945
bv_direct,2,float,brettel,1,1024,8.038330078,8.044433594,9.313964844,2.130493164,2.1463623045,2.162841797,3.7479383499860557
bv_direct,2,float,brettel,2,1024,8.044433594,8.050537109,8.666992188,2.132324219,2.1472473145,2.727294922,3.74923608223239
bv_direct,2,float,lookup,0,1024,28.527832031,28.640747070000003,31.048583984,4.466369629,4.471282959,5.526733398,6.405487492655909
bv_direct,2,float,lookup,1,1024,28.472900391,28.588867188,29.675292969,4.461486816,4.467590332,4.476135254,6.399169365021358
bv_direct,2,float,lookup,2,1024,28.466796875,28.7689208985,29.803466797,4.46697998,4.4798278805,6.013427734,6.421880854781648
bv_direct,2,float,lookupApply,0,1024,41.528320312,42.1295166015,42.980957031,9.933166504,9.9833374025,11.354309082,4.219983248382454
bv_direct,2,float,lookupApply,1,1024,41.534423828,42.367553711,60.186767578,9.935668945,9.983642578,14.693115234,4.2436969653101695
bv_direct,2,float,lookupApply,2,1024,41.418457031,42.0776367185,42.626953125,9.931335449,9.979949951,11.413024902,4.216217208011527
bv_direct,2,float,prepared,0,1024,15.447998047,15.447998047,17.236328125,0.779663086,0.786376953,0.794311523,19.644520338581184
bv_direct,2,float,prepared,1,1024,15.447998047,15.447998047,17.022705078,0.779052734,0.78515625,0.793701172,19.675062189213932
bv_direct,2,float,prepared,2,1024,15.447998047,15.447998047,16.30859375,0.779724121,0.78515625,0.791259766,19.675062189213932
bv_direct,2,float,vienot,0,1024,3.41796875,3.424072266,3.466796875,0.779052734,0.782104492,0.790710449,4.378024037739449
bv_direct,2,float,vienot,1,1024,3.424072266,3.424072266,4.034423828,0.779602051,0.783050537,1.914001465,4.372734714055882
bv_split,2,double,brettel,0,1024,5.120849609,5.126953125,5.694580078,4.148986816,4.1578674315,4.20715332,1.2330727733544864
bv_split,2,double,brettel,1,1024,5.120849609,5.139160156,5.700683594,4.163696289,4.1732177735,8.244812012,1.2314622516547662
bv_split,2,double,brettel,2,1024,5.126953125,5.133056641,5.95703125,4.25970459,4.2829284665,5.376342773,1.1984922655490258
bv_split,2,double,lookup,0,1024,45.983886719,46.51184082,46.655273438,5.801940918,5.816253661999999,7.819213867,7.996872819334063
bv_split,2,double,lookup,1,1024,46.057128906,46.694946289,65.649414062,5.793945312,5.8175048825,7.276245117,8.026627778081629
bv_split,2,double,lookup,2,1024,46.008300781,46.5423583985,47.662353516,5.809814453,5.823913574,7.62902832,7.991594965674194
bv_split,2,double,lookupApply,0,1024,55.242919922,55.728149414,57.843017578,10.057922363,10.283569336,11.757263184,5.419144617317919
bv_split,2,double,lookupApply,1,1024,55.145263672,55.7250976565,57.03125,10.069519043,10.292755127,12.939941406,5.41401179459926
bv_split,2,double,lookupApply,2,1024,55.242919922,55.7678222655,57.000732422,10.065246582,10.2878723145,11.354919434,5.420734293805276
bv_split,2,double,prepared,0,1024,26.239013672,26.266479492499997,26.885986328,1.220581055,1.269165039,1.807556152,20.695873811018203
bv_split,2,double,prepared,1,1024,26.239013672,26.239013672,27.673339844,1.22052002,1.234008789,1.314086914,21.263230785627734
bv_split,2,double,prepared,2,1024,26.239013672,26.245117188,27.667236328,1.219299316,1.265197754,2.220947266,20.74388537683098
bv_split,2,double,vienot,0,1024,4.046630859,4.150390625,4.699707031,1.222961426,1.2523498535000002,2.240539551,3.314082413473129
bv_split,2,double,vienot,1,1024,4.046630859,4.046630859,4.577636719,1.222412109,1.2493286129999999,1.755004883,3.239044409046926
bv_split,2,float,brettel,0,1024,4.339599609,4.348754883,6.042480469,2.183044434,2.2096557615,2.831237793,1.9680689448422934
bv_split,2,float,brettel,1,1024,4.339599609,4.345703125,6.018066406,2.131103516,2.1589050295,2.490661621,2.0129200060303067
bv_split,2,float,brettel,2,1024,4.345703125,4.351806641,4.974365234,2.131652832,2.144836426,2.159179688,2.028969010525374
bv_split,2,float,lookup,0,1024,28.759765625,29.019165039,30.529785156,4.470703125,4.4761657715,5.475952148,6.483040736285207
bv_split,2,float,lookup,1,1024,28.771972656,29.177856445000003,30.358886719,4.46887207,4.4773864745,5.595214844,6.516716082289582
bv_split,2,float,lookup,2,1024,28.729248047,29.098510742000002,30.029296875,4.465759277,4.471313477,5.689941406,6.507821670674602
bv_split,2,float,lookupApply,0,1024,41.528320312,42.5048828125,43.859863281,9.940490723,9.9827270505,11.405090332,4.25784283167104
bv_split,2,float,lookupApply,1,1024,41.528320312,42.1356201175,58.630371094,9.940490723,9.982421875,13.448120117,4.220981706155351
bv_split,2,float,lookupApply,2,1024,41.522216797,42.0806884765,42.980957031,9.942321777,9.982421875,11.775634766,4.215478869099589
bv_split,2,float,prepared,0,1024,15.447998047,15.454101562,17.401123047,0.781494141,0.786376953,0.792541504,19.652281902519086
bv_split,2,float,prepared,1,1024,15.447998047,15.454101562,17.919921875,0.783935547,0.7860717775,0.867126465,19.659911479266917
bv_split,2,float,prepared,2,1024,15.447998047,15.447998047,16.027832031,0.779052734,0.7860717775,0.791320801,19.652146902068367
bv_split,2,float,vienot,0,1024,3.41796875,3.424072266,5.218505859,0.780822754,0.785461426,2.328552246,4.359313077202597
bv_split,2,float,vienot,1,1024,3.41796875,3.424072266,4.19921875,0.782104492,0.783630371,0.789428711,4.3694991831805865
default,0,double,brettel,0,8191,23.950830179,24.200723355,25.289952387,4.00702753,4.1335841165,4.224598645,5.8546584931943535
default,0,double,brettel,1,8191,23.97143206,24.290761201000002,25.515810035,4.06390398,4.169744230999999,4.363111952,5.825479898841308
default,0,double,brettel,2,8191,23.937858625,30.4820076915,43.728635087,4.067345257,4.2079683495,4.293698877,7.243877605477223
default,0,double,lookup,0,8191,46.492339153,46.5888627765,50.643999512,5.839305335,5.9236585885,6.002136491,7.864879800288645
default,0,double,lookup,1,8191,46.528201685,46.566353314500006,47.592632157,5.838229459,5.9749153034999996,6.123374741,7.793642411503685
default,0,double,lookup,2,8191,46.499206446,46.610227689,47.185172751,5.833491027,5.9777461545,6.070549994,7.797291233906309
default,0,double,lookupApply,0,8191,55.648730314,55.7490691,56.249236967,10.149523868,10.3362760955,10.498107679,5.393535213738234
default,0,double,lookupApply,1,8191,55.641099988,55.894426809500004,57.757752411,10.149439934,10.3212901355,11.253403125,5.415449626520191
default,0,double,lookupApply,2,8191,55.61820901,55.7490691,56.008881699,10.205095532,10.357911885,10.425184654,5.382269102012157
default,0,double,prepared,0,8191,26.444420706,26.5249206445,26.799230863,1.165051581,1.220699548,1.296384752,21.72927866481032
default,0,double,prepared,1,8191,26.445183738,26.518434867499998,26.669515322,1.164052008,1.2229543095,1.296155842,21.683913014168088
default,0,double,prepared,2,8191,26.481809303,32.550207545,46.358808448,1.164128312,1.2197076055,1.345234098,26.68689397214716
default,0,double,vienot,0,8191,22.073769991,22.149310219,22.373641802,1.169790013,1.2045308875,1.277957514,18.388328974253888
default,0,double,vienot,1,8191,22.077585154,22.1557959955,23.142015627,1.169790013,1.204492736,1.302801856,18.394296066140825
default,0,float,brettel,0,8191,33.098064949,33.445626297000004,92.263612502,2.115210292,2.119216213,2.566612746,15.782073623178723
default,0,float,brettel,1,8191,33.210993774,33.829050177,35.969356611,2.091113722,2.093608839,2.243018252,16.158247685445506
default,0,float,brettel,2,8191,33.037785374,33.661183006,35.864058113,2.078203211,2.080881455,2.159771395,16.176405880843415
default,0,float,lookup,0,8191,29.133347577,29.314186302000003,31.539189354,4.474041631,4.542611555000001,4.650553962,6.453157164568521
default,0,float,lookup,1,8191,29.121902088,29.2329233305,29.808631425,4.473042058,4.541119826499999,4.579157002,6.437382065962977
default,0,float,lookup,2,8191,29.140977903,29.226056037,29.701043829,4.469524478,4.5424932855,4.554388963,6.433923882791835
default,0,float,lookupApply,0,8191,41.930167257,42.1125320475,42.422323282,10.026591686,10.0923383895,10.491919485,4.172722953018855
default,0,float,lookupApply,1,8191,42.003418386,42.157932487,47.107343426,10.029193627,10.059882798,10.579912404,4.190698175467948
default,0,float,lookupApply,2,8191,41.991209864,42.120162373,42.931266024,10.029117324,10.090610121000001,10.37313057,4.174193816619862
default,0,float,prepared,0,8191,15.581125626,15.6150805765,16.282352582,0.766298376,0.7685951044999999,0.939453363,20.316393488686348
default,0,float,prepared,1,8191,15.5734953,15.586848369999998,15.874893175,0.766222073,0.767980863,0.872100476,20.29588121390467
default,0,float,prepared,2,8191,15.57959956,15.593334147,15.951196435,0.766527286,0.7684768344999999,1.306853559,20.29122212531704
default,0,float,vienot,0,8191,19.26428397,19.334482969,19.918965938,0.766069466,0.7669126175000001,0.899233915,25.21080306649147
default,0,float,vienot,1,8191,19.580942498,19.641222073,19.811378342,0.766069466,0.766985106,0.847637651,25.608348740216606
prepared,0,double,brettel,0,8191,33.328500794,33.375427298000005,33.523837138,4.036076181,4.1417256745,7.461573678,8.058338461064102
prepared,0,double,brettel,1,8191,33.323159565,33.410908314,33.869490905,4.089518984,4.1579324865,4.298742522,8.035461956748632
prepared,0,double,brettel,2,8191,33.340709315,33.4402850685,35.180380906,4.098683006,4.240568917,5.278949457,7.885801580642016
prepared,0,double,lookup,0,8191,175.805762422,179.4763307285,183.000396777,5.831499512,5.912380967,6.0524356,30.35601591478095
prepared,0,double,lookup,1,8191,175.939293127,179.6300817975,183.049230863,5.828134538,5.9542752715,6.069023929,30.168252827895813
prepared,0,double,lookup,2,8191,175.801184227,176.0094921255,177.786595043,5.818733976,6.001865615,13.625770663,29.325796913148647
prepared,0,double,lookupApply,0,8191,184.913319497,188.9310676355,200.956842876,10.183310951,10.3305800575,10.594745758,18.28852461177493
prepared,0,double,lookupApply,1,8191,184.787419119,191.44144487850002,203.359632524,10.170469112,10.2663250825,10.653064339,18.647514406574903
prepared,0,double,lookupApply,2,8191,184.733243804,185.1162861675,191.835551215,10.239721951,10.328935722,10.701921316,17.922106512214384
prepared,0,double,prepared,0,8191,26.444420706,26.538273715,28.337504578,1.174909962,1.2002884265,1.282474667,22.109913858275462
prepared,0,double,prepared,1,8191,26.446709803,26.524539128500003,26.947259187,1.174604749,1.200822549,1.341640215,22.088641781909114
prepared,0,double,prepared,2,8191,26.442131608,26.561164693000002,29.134873642,1.174452143,1.2003265779999999,1.335223111,22.128281735839398
prepared,0,double,vienot,0,8191,8.429984129,8.4612684655,8.898486143,1.179343182,1.208769534,1.282695947,6.999902154631902
prepared,0,double,vienot,1,8191,8.408619216,8.4143419605,8.587168844,1.179572091,1.2088153154999999,1.330011598,6.960816803532633
prepared,0,float,brettel,0,8191,23.052740813,23.228238310000002,23.606702478,2.114668539,2.1205171835,2.363882615,10.95404389586735
prepared,0,float,brettel,1,8191,23.042821389,23.057319009,23.261811745,2.091121353,2.092460475,2.205637285,11.019237536135538
prepared,0,float,brettel,2,8191,23.035954096,23.0721981445,23.618911,2.07911885,2.1093921680000003,2.219318459,10.937841950165048
prepared,0,float,lookup,0,8191,29.121139055,29.2531436945,30.071877671,4.460131547,4.5497192040000005,4.775004578,6.429659146608731
prepared,0,float,lookup,1,8191,29.159290685,29.242079722,29.852124283,4.461657612,4.535656513,4.577852216,6.447154813903342
prepared,0,float,lookup,2,8191,29.176077402,29.239790624,29.356916127,4.46792211,4.5374877915,4.579080698,6.44404832973312
prepared,0,float,lookupApply,0,8191,41.989683799,42.127411183,43.585947992,10.027736235,10.1047567455,11.891733305,4.169067325817696
prepared,0,float,lookupApply,1,8191,41.960688561,42.165562813,43.132706629,10.02972012,10.060302466,10.313568246,4.191281818365162
prepared,0,float,lookupApply,2,8191,41.943901843,42.158314003499996,42.785526798,10.028812111,10.040497955500001,10.227566842,4.198827009412062
prepared,0,float,prepared,0,8191,15.568154072,15.5872298865,16.196892931,0.766298376,0.7671796785,0.959330363,20.3175739964546
prepared,0,float,prepared,1,8191,15.570443169,15.5925711145,15.975613478,0.76614577,0.7667943475,0.836321878,20.3347496826716
prepared,0,float,prepared,2,8191,15.5734953,15.581507142,15.739836406,0.766298376,0.7671796785,1.392938896,20.310114538572204
prepared,0,float,vienot,0,8191,7.795904041,7.8264253450000005,7.930197778,0.766229703,0.766916433,0.889764681,10.205056259369528
prepared,0,float,vienot,1,8191,7.797430106,7.810020144,7.917226224,0.766298376,0.7669545845,0.846035283,10.183158562239484
bv_direct,0,double,brettel,0,8191,13.34925528,13.4301367355,14.117629105,4.00374649,4.118117445999999,4.205110792,3.261232082767559
bv_direct,0,double,brettel,1,8191,13.34925528,13.4255585395,13.534672201,4.085246002,4.1593936945,4.307013796,3.2277681618002942
bv_direct,0,double,brettel,2,8191,13.353070443,13.432807349499999,14.03674765,4.057410573,4.182979032,4.556533085,3.2113016218198434
bv_direct,0,double,lookup,0,8191,174.629929191,174.904239409,175.457056525,5.835184959,5.919427573,6.030734953,29.547492093117636
bv_direct,0,double,lookup,1,8191,174.660450494,174.90614699050002,175.585246002,5.835337566,5.9118544745,6.046636552,29.585665165631948
bv_direct,0,double,lookup,2,8191,174.691734831,174.9240782565,177.908680259,5.807051947,5.906200403,6.304572091,29.617023859815006
bv_direct,0,double,lookupApply,0,8191,184.379959712,184.686698816,184.991911854,10.173841717,10.247348462000001,10.344249786,18.022876795970127
bv_direct,0,double,lookupApply,1,8191,184.537907459,184.734769869,185.399371261,10.17063698,10.2676870955,10.724262911,17.99185816150975
bv_direct,0,double,lookupApply,2,8191,184.424215602,184.6863172995,184.933921377,10.24884019,10.3259713405,10.619223843,17.8856120368195
bv_direct,0,double,prepared,0,8191,26.452051032,26.5310249055,26.71606031,1.176748871,1.2016313635,1.275439507,22.079171459225982
bv_direct,0,double,prepared,1,8191,26.440605543,26.5146197045,27.178458064,1.171163472,1.203310035,1.275202967,22.0347366292013
bv_direct,0,double,prepared,2,8191,26.45739226,26.5710841165,29.008973263,1.17345257,1.2016275484999999,1.431540715,22.112579018073337
bv_direct,0,double,vienot,0,8191,4.017366622,4.111982664,4.286717129,1.17040044,1.2035046084999999,1.273524295,3.416673799965761
bv_direct,0,double,vienot,1,8191,4.018892687,4.092906849,4.116560859,1.170942193,1.202699609,1.339267183,3.4030998416995413
bv_direct,0,float,brettel,0,8191,8.095775852,8.161396654499999,8.525363204,2.115286595,2.1168508115,2.294019351,3.8554425329184325
bv_direct,0,float,brettel,1,8191,8.100354047,8.1140886335,8.790135515,2.091434196,2.092502442,2.204721646,3.877696135802168
bv_direct,0,float,brettel,2,8191,8.095012819,8.1018801125,8.19802222,2.079660603,2.0852040345000002,2.249977109,3.8854135990786656
bv_direct,0,float,lookup,0,8191,28.72283604,28.9620467585,29.685020144,4.476422293,4.548090129,4.646586192,6.367957964119756
bv_direct,0,float,lookup,1,8191,28.702234159,28.8033359785,29.258484922,4.477482908,4.5543164755,5.02316567,6.324403702168677
bv_direct,0,float,lookup,2,8191,28.715205714,28.820504212000003,29.07840923,4.462123062,4.5959437185,10.996642657,6.270856646044022
bv_direct,0,float,lookupApply,0,8191,41.984342571,42.086207423000005,43.017488707,10.028445855,10.096367202,10.291875229,4.168450550675604
bv_direct,0,float,lookupApply,1,8191,41.943138811,42.094600781500006,43.052588207,10.028216945,10.063877274,10.419309303,4.182741863342401
bv_direct,0,float,lookupApply,2,8191,42.004944451,42.142290319,42.922109633,10.027606519,10.1182700525,10.507996582,4.16496991089772
bv_direct,0,float,prepared,0,8191,15.570443169,15.6055426685,27.431021853,0.76638231,0.766992736,0.880974545,20.346402170489398
bv_direct,0,float,prepared,1,8191,15.57654743,15.594478696500001,16.05267977,0.766306007,0.7669545845,0.867056831,20.33298843459746
bv_direct,0,float,prepared,2,8191,15.575784398,15.585322305,15.661244048,0.766298376,0.7669507695,0.787472531,20.32115088059769
bv_direct,0,float,vienot,0,8191,3.400073251,4.568657673,8.429984129,0.766000794,0.7668401295,1.111692712,5.957770723317369
bv_direct,0,float,vienot,1,8191,3.400073251,3.4717983155,4.977261629,0.766077097,0.766832499,0.844967037,4.527453283510354
bv_split,0,double,brettel,0,8191,5.100872909,5.177176169,9.151812965,4.006043218,4.111570626500001,4.301054511,1.2591723794386338
bv_split,0,double,brettel,1,8191,5.102398974,5.191292272,5.264924918,4.089518984,4.1769014774999995,4.33965633,1.242857247163786
bv_split,0,double,brettel,2,8191,5.102398974,5.1787022345,5.785313149,4.081034062,4.232557075,4.552252472,1.2235398466540466
bv_split,0,double,lookup,0,8191,46.473263338,46.519808326,46.914296179,5.808585643,5.939113814000001,6.343936943,7.832786133234388
bv_split,0,double,lookup,1,8191,46.460291784,46.5156116465,46.664021487,5.868666829,5.923059608,6.109167074,7.853308040944503
bv_split,0,double,lookup,2,8191,46.455713588,46.51408558200001,47.143205958,5.830209987,5.978062812499999,6.468692773,7.780795726123865
bv_split,0,double,lookupApply,0,8191,55.661701868,55.7177847635,56.192009523,10.1734602,10.303534367000001,10.443016726,5.4076380763043845
bv_split,0,double,lookupApply,1,8191,55.666280063,55.721981443,56.286625565,10.171628922,10.295205866,10.935256684,5.4124203214840305
bv_split,0,double,lookupApply,2,8191,55.625839336,55.787983762500005,57.193871322,10.277659932,10.368060218499998,10.49859602,5.3807542188997
bv_split,0,double,prepared,0,8191,26.448235869,26.5264467095,27.066292272,1.177130387,1.2023180930000001,1.319848004,22.06275266415707
bv_split,0,double,prepared,1,8191,26.445946771,26.526065194,26.837382493,1.171705225,1.2024287325,1.290646746,22.060405308885947
bv_split,0,double,prepared,2,8191,26.44289464,26.5222500305,28.963191308,1.171621292,1.2031612445,1.329569039,22.043803481653786
bv_split,0,double,vienot,0,8191,4.045598828,4.5324136245,7.402942254,1.170476743,1.2041112195,1.290120254,3.7641154331092914
bv_split,0,double,vienot,1,8191,4.016603589,4.081842876,4.37522891,1.17017153,1.2040005795,1.287594616,3.390233315082885
bv_split,0,float,brettel,0,8191,4.330973019,4.4103284095,4.679678916,2.11727048,2.121436638,2.484373092,2.07893477962079
bv_split,0,float,brettel,1,8191,4.332499084,4.4080393115,4.994048346,2.091815712,2.094375687,2.25235014,2.104703248257293
bv_split,0,float,brettel,2,8191,4.333262117,4.4046056645,4.489683799,2.079805579,2.0901713775,2.165356794,2.1072940295298825
bv_split,0,float,lookup,0,8191,29.087565621,29.2771792215,31.58191918,4.467777133,4.549692498000001,4.655605237,6.434979778165218
bv_split,0,float,lookup,1,8191,29.087565621,29.172262239,29.900958369,4.469844952,4.544530582,4.605687645,6.419202536461223
bv_split,0,float,lookup,2,8191,29.076883164,29.167684043,29.501129288,4.475727933,4.5462168845,4.651019412,6.415814463767694
bv_split,0,float,lookupApply,0,8191,41.971371017,42.337245147000004,42.984678305,10.027835429,10.10745025,10.485136125,4.1887166495823225
bv_split,0,float,lookupApply,1,8191,41.934745452,42.067131608,42.588664388,10.027988036,10.0642931265,10.422452997,4.179839664768332
bv_split,0,float,lookupApply,2,8191,41.967555854,42.210200220000004,42.770266146,10.027911732,10.0479031865,10.181868819,4.200896389677809
bv_split,0,float,prepared,0,8191,15.57959956,15.665440728,16.796636552,0.766298376,0.7671796785,0.901996093,20.41951992084733
bv_split,0,float,prepared,1,8191,15.575784398,15.584940789,15.664296179,0.766298376,0.7672941335,0.848019167,20.311559946261468
bv_split,0,float,prepared,2,8191,15.57959956,15.602872054999999,15.726101819,0.766534916,0.767069039,0.834193017,20.340896662106054
bv_split,0,float,vienot,0,8191,3.400073251,3.4069405445000003,3.760987669,0.76614577,0.7670308875,0.923170248,4.44172535946279
bv_split,0,float,vienot,1,8191,3.400073251,3.4160969359999998,3.540471249,0.766527286,0.767069039,0.846187889,4.453441297087732
default,1,double,brettel,0,8191,23.950067147,24.21255036,25.242644366,4.005501465,4.1292272005,4.847256135,5.863700199656766
default,1,double,brettel,1,8191,23.934806495,24.3365431575,25.478421438,4.05571664,4.1398524295,4.391397571,5.878601610067366
default,1,double,brettel,2,8191,23.77762178,24.148455622,25.25866805,4.057326639,4.182929435,4.318314308,5.773096581534849
default,1,double,lookup,0,8191,46.463343914,46.566734830499996,47.846722012,5.81132493,5.901606946499999,6.053496215,7.8905178288968925
default,1,double,lookup,1,8191,46.469448175,46.5072182885,47.044774753,5.817436821,5.908409382,6.431380479,7.871360171856825
default,1,double,lookup,2,8191,46.463343914,46.5179007445,47.066902698,5.817742034,5.971206965,6.22565926,7.790368181368169
default,1,double,lookupApply,0,8191,55.622787205,55.702524112000006,55.987516787,10.169233,10.226529116999998,10.400569222,5.446865057999327
default,1,double,lookupApply,1,8191,55.595318032,55.7299932855,56.285099499,10.173673849,10.2392259795,10.329698755,5.442793566337658
default,1,double,lookupApply,2,8191,55.606000488,55.7250335735,56.131729948,10.171606031,10.229897906,10.691444879,5.447271721139697
default,1,double,prepared,0,8191,26.441368575,26.523776096,26.682486876,1.163823099,1.196847149,1.300352521,22.16137300252699
default,1,double,prepared,1,8191,26.448998901,26.519960933,26.785496276,1.163594189,1.1969997559999999,1.275897326,22.15536034996485
default,1,double,prepared,2,8191,26.445183738,26.566124405,29.004395068,1.163670492,1.197041723,1.408764192,22.19314823749047
default,1,double,vienot,0,8191,22.098187035,22.1519808325,22.565162984,1.169858686,1.213900928,1.409450922,18.248590409266086
default,1,double,vienot,1,8191,22.057746307,22.143587474500002,22.279788793,1.169324564,1.191689049,1.29424063,18.58168243895644
default,1,float,brettel,0,8191,33.129349286,33.559699670499995,35.626754975,2.114744842,2.1189873035,2.691757722,15.837612436406936
default,1,float,brettel,1,8191,32.838633866,33.4120528625,35.920522525,2.091655476,2.099224759,2.265497192,15.916377090758196
default,1,float,brettel,2,8191,33.082041265,34.621459529000006,35.92510072,2.07957667,2.0861158585,2.164586131,16.59613457609886
default,1,float,lookup,0,8191,29.158527652,29.292439873,31.668904896,4.461733915,4.5374153034999996,4.668218166,6.455754634230828
default,1,float,lookup,1,8191,29.144793066,29.2432242705,41.299139299,4.457605909,4.5353856365,4.561187584,6.447792230754445
default,1,float,lookup,2,8191,29.160053717,29.2375015265,29.356916127,4.463939079,4.5351948785000005,4.565162984,6.446801584008271
default,1,float,lookupApply,0,8191,41.930930289,42.103375656,42.460474911,10.032016848,10.115950433,10.330148944,4.162078089929288
default,1,float,lookupApply,1,8191,41.927115126,42.1537358075,42.491759248,10.034763765,10.046842570999999,10.239027591,4.195719750718089
default,1,float,lookupApply,2,8191,41.952295202,42.187690758,42.479550726,10.031406422,10.045507264000001,10.197526248,4.199657583165329
default,1,float,prepared,0,8191,15.577310463,15.58684837,16.202234159,0.76638231,0.7672559825,1.251045355,20.31505615532949
default,1,float,prepared,1,8191,15.582651691,15.6093578315,15.938224881,0.766450983,0.767183494,0.870116591,20.34631604248253
default,1,float,prepared,2,8191,15.575784398,15.584177756,15.681082896,0.76637468,0.7671033755000001,0.833956477,20.315616191679762
default,1,float,vienot,0,8191,19.262757905,19.348980588499998,19.728970822,0.76614577,0.766988921,0.910786229,25.22719697603037
default,1,float,vienot,1,8191,19.5786534,19.6507599805,19.970852155,0.766069466,0.7671758635,0.980046698,25.61441374191512
prepared,1,double,brettel,0,8191,33.324685631,33.3719936515,33.690178244,4.011926199,4.125976682,4.275889696,8.088265209323351
prepared,1,double,brettel,1,8191,33.316292272,33.403659504000004,33.785557319,4.100987364,4.181021853000001,4.409901111,7.989353004704326
prepared,1,double,brettel,2,8191,33.315529239,33.391450983,33.578775485,4.05969967,4.168634019,4.272532353,8.010166119358725
prepared,1,double,lookup,0,8191,175.799658161,176.042302527,176.431449152,5.81155384,5.9165127885,6.089435051,29.754402436038948
prepared,1,double,lookup,1,8191,175.785160542,176.06710108649997,176.478757173,5.812698388,5.921674704,6.216640215,29.732653326527608
prepared,1,double,lookup,2,8191,175.940819192,179.65106519350002,183.033207179,5.81132493,5.933711543499999,6.119628251,30.27633950125133
prepared,1,double,lookupApply,0,8191,184.862196313,184.970546942,185.403949457,10.212359602,10.258259828,10.394762544,18.031376670448672
prepared,1,double,lookupApply,1,8191,184.711878891,185.0224331585,186.331797094,10.210299414,10.26545141,10.420369918,18.023799029262562
prepared,1,double,lookupApply,2,8191,184.728665609,185.595089122,191.936271518,10.213282871,10.3221752535,10.535954096,17.980230384004496
prepared,1,double,prepared,0,8191,26.448235869,26.5363661335,26.731320962,1.177504273,1.2032337325,1.28323007,22.054207272235033
prepared,1,double,prepared,1,8191,26.455866195,26.5363661335,26.581766573,1.181937492,1.202199823,1.341640215,22.07317421431695
prepared,1,double,prepared,2,8191,26.445946771,26.569939568,29.334788182,1.185462703,1.2026614575,1.522059272,22.092617504539923
prepared,1,double,vienot,0,8191,8.413197412,8.434180808,8.566566964,1.169400867,1.2041112195,1.39232084,7.004486522019323
prepared,1,double,vienot,1,8191,8.408619216,8.413960444,8.529178366,1.169553473,1.204801764,1.283924429,6.983688682580648
prepared,1,float,brettel,0,8191,23.036717129,23.085551215000002,23.706659749,2.115050055,2.1191017580000002,2.69405445,10.894026739323765
prepared,1,float,brettel,1,8191,23.036717129,23.069527530000002,23.572366011,2.091731779,2.0956728425,2.201051459,11.008172202336493
prepared,1,float,brettel,2,8191,23.039006226,23.0550299105,23.453332926,2.080499939,2.084620315,2.473889025,11.059582286810825
prepared,1,float,lookup,0,8191,29.19896838,29.256195825,29.762849469,4.468074716,4.547468258,4.791142718,6.433512927447463
prepared,1,float,lookup,1,8191,29.168447076,29.241316689,29.858991576,4.469608412,4.544484800499999,4.663250824,6.434462424823772
prepared,1,float,lookup,2,8191,29.152423392,29.26802283,29.628555732,4.46394671,4.533210994,4.557525027,6.456355741821445
prepared,1,float,lookupApply,0,8191,41.970607984,42.090404102,42.841228177,10.027209742,10.113436241,10.333529178,4.161830173147774
prepared,1,float,lookupApply,1,8191,41.953058235,42.094219265,43.385270419,10.03347424,10.0547628495,10.138513307,4.186495484286161
prepared,1,float,lookupApply,2,8191,41.997314125,42.268572213,42.961787328,10.026515383,10.0462397755,10.456530033,4.207402287578419
prepared,1,float,prepared,0,8191,15.577310463,15.615843608999999,16.415883287,0.766450983,0.7675230435,0.916829447,20.345765174410687
prepared,1,float,prepared,1,8191,15.578836528,15.6051611525,15.802405079,0.766679893,0.7674124035000001,0.952600415,20.334778381647563
prepared,1,float,prepared,2,8191,15.575784398,15.608976315500001,15.875656208,0.766458613,0.7674810765,0.837016237,20.337929876633254
prepared,1,float,vienot,0,8191,7.793614943,7.8050604324999995,7.918752289,0.76591686,0.7669164325,0.955431266,10.17719806453619
prepared,1,float,vienot,1,8191,7.799719204,7.82489928,8.128586253,0.76591686,0.7669088024999999,0.954134111,10.203167905352085
bv_direct,1,double,brettel,0,8191,13.351544378,13.430899768,14.130600659,4.004883409,4.106256104,4.221844097,3.2708383081407533
bv_direct,1,double,brettel,1,8191,13.350018313,13.4419637405,13.984098401,4.055495361,4.13541921,4.381844402,3.250447671180596
bv_direct,1,double,brettel,2,8191,13.351544378,13.435096447500001,14.173330485,4.057479246,4.149371261,4.342090404,3.2378631851472695
bv_direct,1,double,lookup,0,8191,174.706995483,174.999236967,175.27316567,5.825242644,5.928511476000001,6.048002381,29.518242087484825
bv_direct,1,double,lookup,1,8191,174.661213527,174.8832560125,175.487577829,5.816063362,5.9155551825,6.100285374,29.563287065575437
bv_direct,1,double,lookup,2,8191,174.699365157,174.8050451715,175.797369064,5.817673361,5.90718853,6.156017275,29.591919114100122
bv_direct,1,double,lookupApply,0,8191,184.453973874,184.58216335,185.212428275,10.170377549,10.2287953245,10.403697656,18.04534722753607
bv_direct,1,double,lookupApply,1,8191,184.332651691,184.5707178615,185.027774387,10.162503052,10.235326882999999,10.317551276,18.03271355876832
bv_direct,1,double,lookupApply,2,8191,184.433371994,184.6287083385,185.086527896,10.224209498,10.2971744905,10.404308082,17.930035905367568
bv_direct,1,double,prepared,0,8191,26.444420706,26.527972775000002,27.535557319,1.164128312,1.197346936,1.269243682,22.155627560732324
bv_direct,1,double,prepared,1,8191,26.448235869,26.530261873,26.770235624,1.164128312,1.197121841,1.330400745,22.161705654654412
bv_direct,1,double,prepared,2,8191,26.44289464,26.585963252,28.932670004,1.163975705,1.197003571,1.336749176,22.21042935551944
bv_direct,1,double,vienot,0,8191,4.016603589,4.1051153705,4.601849591,1.169858686,1.20025409,1.326120132,3.4202052754513006
bv_direct,1,double,vienot,1,8191,4.016603589,4.0917623,4.14021487,1.169790013,1.20013582,1.281246185,3.409416027595943
bv_direct,1,float,brettel,0,8191,8.10416921,8.165211817500001,8.371993652,2.114821145,2.1167325415000002,2.244162801,3.857460334461438
bv_direct,1,float,brettel,1,8191,8.098064949,8.1179037965,8.838969601,2.091808082,2.0952913255,2.325357099,3.874355655322929
bv_direct,1,float,brettel,2,8191,8.094249786,8.110654987,8.504761323,2.079195153,2.0813774265,2.154651447,3.8967728215630286
bv_direct,1,float,lookup,0,8191,28.714442681,28.8227933095,32.036686607,4.465480405,4.5505280185,4.837397754,6.33394480647565
bv_direct,1,float,lookup,1,8191,28.710627518,28.812873886,29.212702967,4.474507081,4.553698419,4.70131089,6.327356630772961
bv_direct,1,float,lookup,2,8191,28.632798193,28.7945611035,29.201257478,4.481076792,4.554579722,4.594974667,6.322111558265969
bv_direct,1,float,lookupApply,0,8191,41.937797583,42.049963374,42.236143328,10.034389879,10.079527072000001,10.218082346,4.171819081751457
bv_direct,1,float,lookupApply,1,8191,41.961451593,42.1327524115,42.368147967,10.027896472,10.106511720499999,10.470432487,4.168871869612354
bv_direct,1,float,lookupApply,2,8191,41.956110365,42.1178732755,42.487944085,10.027591259,10.053305457499999,10.706201929,4.1894552447005475
bv_direct,1,float,prepared,0,8191,15.583414723,15.647890978,16.233518496,0.766298376,0.7672178304999999,1.320160847,20.395629970959078
bv_direct,1,float,prepared,1,8191,15.578073495,15.603635087499999,15.799352948,0.7661534,0.767255982,0.986616408,20.3369350693443
bv_direct,1,float,prepared,2,8191,15.571969235,15.5902820165,15.691765352,0.76614577,0.7670995604999999,0.836405811,20.32367481261254
bv_direct,1,float,vienot,0,8191,3.399310219,3.4374618485,3.886125015,0.76614577,0.766836314,0.985784703,4.4826539715749565
bv_direct,1,float,vienot,1,8191,3.402362349,3.408848126,3.496215358,0.766229703,0.766832499,0.844509217,4.445362097257696
bv_split,1,double,brettel,0,8191,5.095531681,5.1714534245,5.895952875,4.020563728,4.1255531985000005,4.275355573,1.253517571020603
bv_split,1,double,brettel,1,8191,5.100872909,5.184806495,5.341228177,4.103047552,4.1955423634999995,4.474117934,1.235789332055448
bv_split,1,double,brettel,2,8191,5.104688072,5.197778049,5.815834452,4.082102307,4.1850773715,4.394381028,1.2419789618219248
bv_split,1,double,lookup,0,8191,46.459528751,46.5434623365,46.931082896,5.799246124,5.8982076365000005,6.031414052,7.891119676505474
bv_split,1,double,lookup,1,8191,46.469448175,46.536213527,47.25842388,5.804594982,5.9077608045000005,6.019632829,7.877132312390322
bv_split,1,double,lookup,2,8191,46.470211207,46.561775119,47.242400195,5.808486449,5.9358518495000006,6.080332072,7.844160585463749
bv_split,1,double,lookupApply,0,8191,55.623550238,55.709772921500004,56.006592602,10.151652729,10.199361342,10.37664815,5.462084443669277
bv_split,1,double,lookupApply,1,8191,55.607526554,55.764329751999995,56.055426688,10.15050818,10.210368086999999,10.56576578,5.461539611191884
bv_split,1,double,lookupApply,2,8191,55.681540715,55.749832133,56.146227567,10.155704432,10.2052519535,10.46745666,5.46285700608107
bv_split,1,double,prepared,0,8191,26.447472836,26.542851911,27.772860457,1.164364852,1.1982663900000001,1.36587413,22.151044319118387
bv_split,1,double,prepared,1,8191,26.445183738,26.536747650000002,26.776339885,1.164280918,1.1969654195,1.268862166,22.17002030107521
bv_split,1,double,prepared,2,8191,26.446709803,26.5191979,28.892229276,1.164357221,1.1979192104999998,1.37687706,22.137718192974923
bv_split,1,double,vienot,0,8191,4.016603589,4.072686485,4.27527164,1.171316079,1.215007325,1.290043951,3.351985128978544
bv_split,1,double,vienot,1,8191,4.016603589,4.0906177515,4.102826273,1.170087596,1.2143167805,1.351422293,3.368657847102855
bv_split,1,float,brettel,0,8191,4.327920889,4.4042241485,4.603375656,2.114058113,2.1166562385,2.731824564,2.080746069385891
bv_split,1,float,brettel,1,8191,4.328683921,4.404987181,5.097057746,2.091121353,2.094829691,2.438263033,2.1027901217579217
bv_split,1,float,brettel,2,8191,4.327920889,4.398501404,4.565987059,2.079271456,2.0882180135,2.166882859,2.106342046455103
bv_split,1,float,lookup,0,8191,29.075357099,29.264970699499997,31.611677451,4.473507508,4.547391955,4.69100232,6.435550528544662
bv_split,1,float,lookup,1,8191,29.0402576,29.155475522,29.429404224,4.473812721,4.5454805579999995,4.702310463,6.414167908096463
bv_split,1,float,lookup,2,8191,29.094432914,29.20621719,29.687309242,4.466098462,4.544332194,4.686706446,6.426954708232318
bv_split,1,float,lookupApply,0,8191,41.932456355,42.053015504499996,42.313972653,10.025439507,10.0796033755,10.355313759,4.172090303346281
bv_split,1,float,lookupApply,1,8191,41.945427909,42.122069954500006,42.819863265,10.027270785,10.0991026735,10.193085399,4.170872533559653
bv_split,1,float,lookupApply,2,8191,41.979764376,42.1689964595,42.597057746,10.028735808,10.04623596,10.386269991,4.197492138090294
bv_split,1,float,prepared,0,8191,15.578836528,15.6757416675,16.143480649,0.766298376,0.7669545845,0.941673788,20.438943823146285
bv_split,1,float,prepared,1,8191,15.575021365,15.5948602125,16.054968868,0.76638231,0.767069039,0.851689354,20.33045191451144
bv_split,1,float,prepared,2,8191,15.574258332,15.5940971795,15.938224881,0.766298376,0.767065224,1.156337749,20.329558284733295
bv_split,1,float,vienot,0,8191,3.401599316,3.4069405445000003,3.60838115,0.765764253,0.766683708,0.950692834,4.443736718219139
bv_split,1,float,vienot,1,8191,3.403125382,3.408085093,3.493163228,0.766077097,0.766840129,0.923017641,4.44432283094564
default,2,double,brettel,0,8191,23.847820779,24.137010133,25.415852765,4.013375961,4.123531162,4.322068429,5.853480714643863
default,2,double,brettel,1,8191,23.841716518,24.239638016999997,25.63179099,4.062606825,4.14922247,4.328867049,5.841971162611582
default,2,double,brettel,2,8191,23.748626541,24.172872665,25.282322061,4.075288426,4.179984128999999,4.303183372,5.783005848585126
default,2,double,lookup,0,8191,46.483945794,46.543080820499995,46.879196679,5.85229978,5.9441841655,6.672185936,7.83001998670157
default,2,double,lookup,1,8191,46.465633012,46.569405445,46.786869735,5.806586497,5.923010011000001,6.246680808,7.862455973991768
default,2,double,lookup,2,8191,46.489287022,46.6170949825,47.625442559,5.804671286,5.9365385785,6.083017947,7.852571724427142
default,2,double,lookupApply,0,8191,55.63881089,55.7021425955,56.827615676,10.149668844,10.264230558000001,10.451791601,5.426821063765508
default,2,double,lookupApply,1,8191,55.657886705,55.720836894,56.109602002,10.264955439,10.302557685499998,10.403461116,5.408446969670695
default,2,double,lookupApply,2,8191,55.592265902,55.7536472955,56.317909901,10.160671774,10.269846478,10.521189415,5.428868621837251
default,2,double,prepared,0,8191,26.440605543,26.540562813,26.841197656,1.164815041,1.200826364,1.27505036,22.101915488091333
default,2,double,prepared,1,8191,26.439079477,26.529880356,26.898425101,1.171697595,1.2007882125,1.273760835,22.093721507113813
default,2,double,prepared,2,8191,26.465022586,26.548574655,29.339366378,1.164509828,1.201780155,1.276889269,22.091040981617805
default,2,double,vienot,0,8191,22.088267611,22.1504547675,22.473599072,1.17040044,1.2035351300000001,1.275355573,18.404493741283645
default,2,double,vienot,1,8191,22.056983274,22.1481656695,23.116072519,1.179259248,1.203691552,1.279338603,18.4002003110345
default,2,float,brettel,0,8191,32.795904041,33.375808814500004,35.812934929,2.116881333,2.120055549,2.666608168,15.742893543635166
default,2,float,brettel,1,8191,33.289586131,34.7366774505,37.213099744,2.09409718,2.0953676295,2.185539006,16.577843888324704
default,2,float,brettel,2,8191,33.268984251,33.73290807,35.981565132,2.081262972,2.089518984,2.183929007,16.14386293127835
default,2,float,lookup,0,8191,29.092143816,29.232160298,31.436179954,4.465556709,4.550180838999999,4.654376755,6.424395278413682
default,2,float,lookup,1,8191,29.120376022,29.213465999500002,29.826181174,4.469761018,4.542882432,4.58075937,6.430601371878074
default,2,float,lookup,2,8191,29.155475522,29.237883042500002,29.650683677,4.463107374,4.534126633,4.574716152,6.448404601164566
default,2,float,lookupApply,0,8191,41.943901843,42.111005981999995,42.992308631,10.029178366,10.1011628615,10.401866378,4.168926544339134
default,2,float,lookupApply,1,8191,41.941612746,42.138093639000004,42.445977292,10.026431449,10.046544988499999,10.490477353,4.194287059604502
default,2,float,lookupApply,2,8191,41.938560615,42.088115004,42.561195214,10.029102063,10.064815803999998,10.237425223,4.181707427499386
default,2,float,prepared,0,8191,15.57654743,15.589137468,16.534916372,0.76637468,0.767069039,1.092883958,20.322991380701524
default,2,float,prepared,1,8191,15.571206202,15.583033207,15.868025882,0.766229703,0.766908802,0.858114089,20.319278076299874
default,2,float,prepared,2,8191,15.572732267,15.5963862775,15.665059211,0.76614577,0.7671071905,0.843051825,20.331430171231073
default,2,float,vienot,0,8191,19.268099133,19.3470730065,19.623672323,0.765840557,0.766756196,0.909260164,25.232366047290476
default,2,float,vienot,1,8191,19.571786107,19.6522860455,19.803748016,0.766222073,0.7671071905,0.933104932,25.61869617294377
prepared,2,double,brettel,0,8191,33.333078989,33.4242613845,34.096111586,4.00396777,4.107133592,4.209070932,8.138099391167794
prepared,2,double,brettel,1,8191,33.330026859,33.3834391405,33.703912831,4.054572091,4.1403102495,4.539929496,8.063028403374245
prepared,2,double,brettel,2,8191,33.325448663,33.420064705,34.690513979,4.054961238,4.159992675,4.286213527,8.033683546089417
prepared,2,double,lookup,0,8191,175.815681846,176.05412953249999,176.487913564,5.811164693,5.8838664385,5.985006409,29.921503380926886
prepared,2,double,lookup,1,8191,175.760743499,176.4840984005,179.263826151,5.806197351,5.8933471184999995,6.478314614,29.946326739603197
prepared,2,double,lookup,2,8191,175.797369064,176.0888475155,176.880112318,5.808867965,5.9154750645,6.124900806,29.767490454358587
prepared,2,double,lookupApply,0,8191,184.684409718,184.909504334,185.40776462,10.170987975,10.223892840000001,10.353543523,18.086017452232994
prepared,2,double,lookupApply,1,8191,184.689750946,184.9705469415,185.432181663,10.171445794,10.2281734525,10.347736845,18.0844163232575
prepared,2,double,lookupApply,2,8191,184.67906849,184.996108534,187.255066536,10.209521121,10.2826387195,10.557891283,17.991112357489847
prepared,2,double,prepared,0,8191,26.447472836,26.5005036015,26.780918081,1.164204615,1.1980680015,1.273219082,22.119365151494698
prepared,2,double,prepared,1,8191,26.452051032,26.531787938,26.903766329,1.164204615,1.19780094,1.278262727,22.150415024720218
prepared,2,double,prepared,2,8191,26.455866195,26.60885423,28.915883287,1.164891344,1.1976483335,1.426878586,22.21758548457914
prepared,2,double,vienot,0,8191,8.408619216,8.450586009,9.058722989,1.171087169,1.2008607004999998,1.314041326,7.037107639113719
prepared,2,double,vienot,1,8191,8.412434379,8.42159077,9.595134904,1.170011293,1.2005173359999999,1.402949884,7.014968062068869
prepared,2,float,brettel,0,8191,23.039769259,23.1961909415,23.518190697,2.115965694,2.1229970395,2.290570443,10.926153221091196
prepared,2,float,brettel,1,8191,23.044347455,23.0748687585,23.329721646,2.092647418,2.0930670855,2.303412282,11.024428657043156
prepared,2,float,brettel,2,8191,23.035954096,23.0622787205,23.293859114,2.081873398,2.0889047429999996,2.154880356,11.040368785499954
prepared,2,float,lookup,0,8191,29.08451349,29.218807227,30.806678061,4.462184105,4.535042272,4.763154682,6.442896333602246
prepared,2,float,lookup,1,8191,29.089854719,29.2153735805,29.5575937,4.460047613,4.53312706,4.566925589,6.444860952231945
prepared,2,float,lookup,2,8191,29.176077402,29.246276401000003,29.614058113,4.465091259,4.537831155999999,4.993338725,6.444989995348343
prepared,2,float,lookupApply,0,8191,42.004944451,42.1857831765,42.593242583,10.038433952,10.116713466,10.260049139,4.169909854447982
prepared,2,float,lookupApply,1,8191,41.975949213,42.11520266150001,42.404010499,10.032627274,10.067791630999999,10.612165792,4.183161929158525
prepared,2,float,lookupApply,2,8191,41.931693322,42.087733488,42.658100354,10.034222012,10.047758210000001,10.32280857,4.188768540042326
prepared,2,float,prepared,0,8191,15.571206202,15.599438408,16.217494811,0.766458613,0.767366622,1.333078989,20.328533924687694
prepared,2,float,prepared,1,8191,15.568154072,15.6101208645,15.882523501,0.766298376,0.7671415269999999,0.876457392,20.348423745935477
prepared,2,float,prepared,2,8191,15.569680137,15.609357832,15.69100232,0.765840557,0.7670270725,0.839000122,20.35046531163996
prepared,2,float,vienot,0,8191,7.800482237,7.8382523504999995,7.979031864,0.76591686,0.7669164325,0.930121475,10.220477770894549
prepared,2,float,vienot,1,8191,7.792851911,7.8123092419999995,8.150714199,0.766298376,0.7669126175000001,0.850773715,10.1867006275979
bv_direct,2,double,brettel,0,8191,13.348492248,13.428229154,14.400714199,4.01474942,4.122119552,4.21136766,3.2576030327613363
bv_direct,2,double,brettel,1,8191,13.350781345,13.4396746425,13.519411549,4.059318154,4.1475018315,4.292783238,3.240426451515119
bv_direct,2,double,brettel,2,8191,13.353833476,13.44616042,14.173330485,4.099606275,4.194130753,4.385819802,3.205946884317367
bv_direct,2,double,lookup,0,8191,174.649005005,174.8203058235,178.775485289,5.832117568,5.917085063,6.038296606,29.54500467073985
bv_direct,2,double,lookup,1,8191,174.662739592,174.94544316949998,179.681968014,5.830736479,5.9189239715,6.15472775,29.556967450819364
bv_direct,2,double,lookup,2,8191,174.729123428,174.877151752,176.129288243,5.816292272,5.931727658,6.054579722,29.481655570640836
bv_direct,2,double,lookupApply,0,8191,184.401324625,184.539052008,184.920949823,10.153880784,10.219200189,10.291791295,18.058071922951346
bv_direct,2,double,lookupApply,1,8191,184.443291417,184.5478268835,187.767824441,10.149974057,10.21828455,10.606603284,18.060548811346226
bv_direct,2,double,lookupApply,2,8191,184.457026004,184.564232084,185.126205592,10.204790319,10.280929526000001,10.543828592,17.952095831144984
bv_direct,2,double,prepared,0,8191,26.448998901,26.500885117499998,26.603131486,1.16527286,1.1999450619999998,1.325586009,22.08508202311349
bv_direct,2,double,prepared,1,8191,26.449761934,26.5207239655,26.63975705,1.163983335,1.1994109385,1.273447992,22.1114574781744
bv_direct,2,double,prepared,2,8191,26.44289464,26.526828226,29.380570138,1.170324136,1.199445275,1.3237471,22.11591373020332
bv_direct,2,double,vienot,0,8191,4.016603589,4.070778904,4.16386888,1.171544988,1.2021616709999998,1.277423392,3.3862158494986656
bv_direct,2,double,vienot,1,8191,4.016603589,4.0909992675,4.463740691,1.170698022,1.2018526435,1.304717068,3.403910861806079
bv_direct,2,float,brettel,0,8191,8.099591015,8.1663563665,8.294164327,2.115362898,2.122047064,2.325509706,3.8483389482920534
bv_direct,2,float,brettel,1,8191,8.096538884,8.104550726500001,8.795476743,2.091579172,2.096206965,2.2417974,3.86629319614917
bv_direct,2,float,brettel,2,8191,8.095012819,8.113707117499999,8.257538762,2.07911885,2.081530033,2.451417715,3.897953423139487
bv_direct,2,float,lookup,0,8191,28.721309974,28.8300421195,31.237028446,4.469905994,4.5759064825,4.785793859,6.3004002004317625
bv_direct,2,float,lookup,1,8191,28.704523257,28.7995208155,29.147845196,4.474804664,4.552592021500001,4.622962703,6.325961272060362
bv_direct,2,float,lookup,2,8191,28.726651203,28.8021914295,29.165394946,4.46417562,4.537758668,4.642229276,6.347228562993292
bv_direct,2,float,lookupApply,0,8191,41.930930289,42.0678946405,42.41011476,10.032329691,10.11985716,10.413800208,4.15696525903336
bv_direct,2,float,lookupApply,1,8191,41.971371017,42.10299414,43.13881089,10.035305518,10.0729955135,10.276042303,4.179788830797437
bv_direct,2,float,lookupApply,2,8191,41.97213405,42.122069954500006,42.497100476,10.032856184,10.050367782,10.191795874,4.191097367594821
bv_direct,2,float,prepared,0,8191,15.578836528,15.605924185,16.196129899,0.766222073,0.767297949,1.286602674,20.338806073102116
bv_direct,2,float,prepared,1,8191,15.577310463,15.6177511905,16.177817116,0.766306007,0.7672216455,0.876304786,20.3562442249943
bv_direct,2,float,prepared,2,8191,15.575784398,15.624618483999999,15.858106458,0.766687523,0.7673322855,0.900012209,20.362258671051315
bv_direct,2,float,vienot,0,8191,3.400836284,3.42906849,3.748779148,0.76614577,0.7669507695,0.930434318,4.47104120155655
bv_direct,2,float,vienot,1,8191,3.400073251,3.406940545,3.480191674,0.766069466,0.767065224,0.848476987,4.4415265330813645
bv_split,2,double,brettel,0,8191,5.093242583,5.1890031745,5.866194604,4.002289098,4.1034672205,4.244696923,1.2645411540213862
bv_split,2,double,brettel,1,8191,5.105451105,5.1828989135,5.296972287,4.054274509,4.141267855000001,4.285595471,1.2515246767345356
bv_split,2,double,brettel,2,8191,5.100109877,5.183661946,5.830332072,4.055571664,4.1778171165,4.291562386,1.240758463439552
bv_split,2,double,lookup,0,8191,46.47097424,46.54002869,46.837992919,5.813240142,5.908142321,6.162518313,7.87726939558943
bv_split,2,double,lookup,1,8191,46.480130631,46.524386522,47.2027225,5.821107008,5.911656086000001,6.203119277,7.869941323579221
bv_split,2,double,lookup,2,8191,46.467159077,46.6033603955,47.467494811,5.826150653,5.9346309975,6.059775974,7.852781481297144
bv_split,2,double,lookupApply,0,8191,55.601422293,55.713206568000004,56.275180076,10.16526523,10.2575006105,10.430159626,5.431460224430275
bv_split,2,double,lookupApply,1,8191,55.622787205,55.7368605785,56.468227323,10.168172384,10.252800329500001,10.501793127,5.436257294324791
bv_split,2,double,lookupApply,2,8191,55.61515688,55.765474301,56.644487853,10.176123184,10.279094433000001,10.65987822,5.425134934257491
bv_split,2,double,prepared,0,8191,26.443657673,26.5199609325,26.704614821,1.164052008,1.1987203945,1.284382249,22.12355863317215
bv_split,2,double,prepared,1,8191,26.445946771,26.4772311075,26.841197656,1.164441155,1.1988386645,1.277659932,22.085733378096265
bv_split,2,double,prepared,2,8191,26.445946771,26.527972775000002,28.88154682,1.164204615,1.1981099684999998,1.329103589,22.141517450365832
bv_split,2,double,vienot,0,8191,4.020418752,4.2180441945,4.701806861,1.170705653,1.200822549,1.274447564,3.5126290708086962
bv_split,2,double,vienot,1,8191,4.016603589,4.0921438165,4.101300208,1.171239775,1.2005974545,1.330629654,3.4084228657674536
bv_split,2,float,brettel,0,8191,4.333262117,4.403842632,4.575906483,2.114821145,2.1174955745000004,2.700326578,2.079741126750581
bv_split,2,float,brettel,1,8191,4.333262117,4.40613173,6.871871566,2.091655476,2.094028507,2.198678428,2.1041412355519573
bv_split,2,float,brettel,2,8191,4.331736052,4.403842632,4.67510072,2.079889513,2.081411763,2.158092724,2.1157959757336107
bv_split,2,float,lookup,0,8191,29.128769381,29.239409108,31.459070932,4.461581309,4.541886674500001,4.866141192,6.4377231761774105
bv_split,2,float,lookup,1,8191,29.131058479,29.1905750215,29.434745452,4.461428702,4.5063369855,4.631905445,6.477672467777321
bv_split,2,float,lookup,2,8191,29.095958979,29.155094006,29.243224271,4.468074716,4.536617934,4.689544927,6.426614370034362
bv_split,2,float,lookupApply,0,8191,41.97823831,42.077814064,42.516176291,10.036228788,10.062599194,10.788304236,4.18160489678349
bv_split,2,float,lookupApply,1,8191,41.933219387,42.040043951,43.102185325,10.033321634,10.0567925165,10.22260713,4.180263626004579
bv_split,2,float,lookupApply,2,8191,41.953821267,42.0217311685,42.431479673,10.029422537,10.064857771,10.48664693,4.175094385295512
bv_split,2,float,prepared,0,8191,15.578073495,15.647890978,16.241148822,0.766458613,0.7672559825,0.964374008,20.394615793041403
bv_split,2,float,prepared,1,8191,15.580362593,15.6013459895,18.944573312,0.766222073,0.7671758635,0.842288793,20.336075118843986
bv_split,2,float,prepared,2,8191,15.57654743,15.6154620925,16.093120498,0.766527286,0.7671415269999999,0.843822488,20.35538625260734
bv_split,2,float,vienot,0,8191,3.400073251,3.4370803325,3.575570748,0.766000794,0.7671453425,0.896799841,4.48035090886314
bv_split,2,float,vienot,1,8191,3.399310219,3.4248718105,3.535130021,0.766222073,0.767065224,0.832354108,4.464902987832493
default,0,double,brettel,0,65536,29.339122772,29.39453125,29.520320892,4.169506073,4.194075108,4.23020649,7.008584847212517
default,0,double,brettel,1,65536,29.203510284,29.2840003965,29.83417511,4.197645187,4.219791412,4.246259689,6.939679604357657
default,0,double,brettel,2,65536,29.183006287,29.226398468,29.315853119,4.217432976,4.2300305365,4.407941818,6.909264180438381
default,0,double,lookup,0,65536,46.522808075,46.573829651,46.665763855,5.889798164,5.915804386,6.04567337,7.872780540414576
default,0,double,lookup,1,65536,46.504116058,46.5604782105,47.886753082,5.879030228,5.912812710000001,5.963003159,7.874505839116964
default,0,double,lookup,2,65536,46.496582031,46.5691566465,46.935844421,5.879422188,5.915594101,6.172354698,7.8722704518600635
default,0,double,lookupApply,0,65536,55.716896057,55.813169479500004,56.124687195,10.304286957,10.324240207999999,10.383066177,5.406031664804908
default,0,double,lookupApply,1,65536,55.736541748,55.8076381685,57.922744751,10.305094719,10.3283028605,10.503952026,5.403369645746263
default,0,double,lookupApply,2,65536,55.755138397,55.8164596555,57.670307159,10.301343918,10.332084178999999,10.508914948,5.402245925265221
default,0,double,prepared,0,65536,26.51758194,26.559114456,26.671981812,1.208340645,1.2250237465,1.256802559,21.68048948592361
default,0,double,prepared,1,65536,26.518154144,26.5532016755,27.504444122,1.211284637,1.2232985495,1.276294708,21.706231636057375
default,0,double,prepared,2,65536,26.519489288,26.5605926515,27.931594849,1.208666801,1.2312054634999998,1.323082924,21.572835273159914
default,0,double,vienot,0,65536,22.165966034,22.193813324,22.488212585,1.214169502,1.2290654184999998,1.419337273,18.057471140214986
default,0,double,vienot,1,65536,22.152709961,22.1935272215,22.63584137,1.21277523,1.2175130845,1.307137489,18.22857388889113
default,0,float,brettel,0,65536,42.522716522,42.5626754765,42.923164368,2.141422272,2.2061309815000003,2.254653931,19.292905014896547
default,0,float,brettel,1,65536,42.642879486,42.7743434905,43.325233459,2.163722038,2.173635483,2.22073555,19.678710540492222
default,0,float,brettel,2,65536,42.657279968,42.7604675295,42.890453339,2.162947655,2.173754692,2.22616291,19.671247950318396
default,0,float,lookup,0,65536,29.274654388,29.342985153,29.474544525,4.529000282,4.5452504155,4.771277428,6.455746652139545
default,0,float,lookup,1,65536,29.272937775,29.318380356,29.366970062,4.519646645,4.5485019685,4.684913635,6.44572225296158
default,0,float,lookup,2,65536,29.250335693,29.287099838499998,29.428482056,4.529773712,4.562725067000001,4.724462509,6.4187737390358075
default,0,float,lookupApply,0,65536,42.139053345,42.277383803999996,42.459392548,10.062534332,10.092107296,10.159295082,4.189153222811712
default,0,float,lookupApply,1,65536,42.151927948,42.300605774000005,43.822956085,10.063045502,10.081094742000001,10.107962608,4.196032956397743
default,0,float,lookupApply,2,65536,42.083740234,42.216968536500005,42.510414124,10.06131649,10.076045036,10.110953331,4.189835236510549
default,0,float,prepared,0,65536,15.609455109,15.632772446,15.732192993,0.775811195,0.787185669,0.823411942,19.859066369766445
default,0,float,prepared,1,65536,15.612983704,15.631294250500002,15.742683411,0.773985863,0.788480759,0.80933857,19.824572853654125
default,0,float,prepared,2,65536,15.608024597,15.6517982485,15.864181519,0.778037071,0.788776398,0.806223869,19.84313715291973
default,0,float,vienot,0,65536,19.340610504,19.362783432,19.419288635,0.778390884,0.787185192,0.822772026,24.59749450164962
default,0,float,vienot,1,65536,19.647598267,19.672727584500002,19.785690308,0.776298523,0.7874579429999999,0.853060722,24.982575589436912
prepared,0,double,brettel,0,65536,39.004611969,39.0486717225,39.35251236,4.170881271,4.189728260000001,4.214164734,9.320096507285175
prepared,0,double,brettel,1,65536,39.075756073,39.1112804415,40.004253387,4.194816589,4.2146558765,4.233885765,9.279827722015444
prepared,0,double,brettel,2,65536,38.981437683,39.029979706,39.103031158,4.205498695,4.2254438400000005,4.271406174,9.236894675187541
prepared,0,double,lookup,0,65536,176.023006439,179.7471523285,183.086681366,5.892518997,5.927078247,6.139975548,30.32643485337473
prepared,0,double,lookup,1,65536,176.030158997,179.58946228,182.790088654,5.887273788,5.9158082005,5.969060898,30.35755321898726
prepared,0,double,lookup,2,65536,176.023387909,179.4361591335,183.047485352,5.890541077,5.9332022665,6.033679008,30.242717351240668
prepared,0,double,lookupApply,0,65536,184.899711609,185.05525589,185.256195068,10.288184166,10.3131546975,11.445960999,17.94361292135558
prepared,0,double,lookupApply,1,65536,184.93270874,188.20624351499998,191.973876953,10.289626122,10.309543133,10.351492882,18.255536747556473
prepared,0,double,lookupApply,2,65536,184.934043884,186.901187897,192.828083038,10.282517433,10.3158922195,14.440939903,18.11779184196041
prepared,0,double,prepared,0,65536,26.514720917,26.5401363375,26.74741745,1.209610939,1.221226215,1.283316612,21.73236703529166
prepared,0,double,prepared,1,65536,26.511859894,26.541233062499998,26.877880096,1.209535599,1.223771572,1.273704529,21.68806145670133
prepared,0,double,prepared,2,65536,26.521110535,26.546764374,26.682662964,1.20890522,1.219089985,1.284223557,21.775885866210274
prepared,0,double,vienot,0,65536,8.430480957,8.4635734555,8.559131622,1.21317482,1.2263808255,1.264636993,6.901260423775274
prepared,0,double,vienot,1,65536,8.437824249,8.450746536499999,8.527183533,1.21243,1.2273311615,1.293128967,6.8854656359998225
prepared,0,float,brettel,0,65536,29.501914978,29.526329040500002,29.668998718,2.163703918,2.2092838285,2.234770775,13.364660827914989
prepared,0,float,brettel,1,65536,29.555034637,29.5780181885,29.662799835,2.160646439,2.1797313689999998,2.240312576,13.569570365026022
prepared,0,float,brettel,2,65536,29.477596283,29.5022010805,29.680728912,2.162288666,2.1748676299999996,2.223314285,13.565055948025677
prepared,0,float,lookup,0,65536,29.233932495,29.262638092,29.363536835,4.517410278,4.5418176655,4.654137611,6.442935460461408
prepared,0,float,lookup,1,65536,29.224872589,29.271841049000002,29.375362396,4.5187006,4.53664875,4.588401794,6.452304919793493
prepared,0,float,lookup,2,65536,29.249477386,29.2917251585,29.45318222,4.524806023,4.5391278265,4.570304871,6.453161549558314
prepared,0,float,lookupApply,0,65536,42.100524902,42.193460464500006,43.252277374,10.070680618,10.083269119,10.196917534,4.184502066397738
prepared,0,float,lookupApply,1,65536,42.089939117,42.2115802765,42.675018311,10.06543541,10.090297222,10.195580482,4.18338323914439
prepared,0,float,lookupApply,2,65536,42.079162598,42.2471046445,42.35830307,10.076728821,10.091796875,10.370602608,4.1862817065964775
prepared,0,float,prepared,0,65536,15.608215332,15.63372612,15.80619812,0.775103569,0.786354065,0.839110374,19.88128098504838
prepared,0,float,prepared,1,65536,15.611743927,15.6314849855,15.794944763,0.77630806,0.786373615,0.803652763,19.877936755927397
prepared,0,float,prepared,2,65536,15.60754776,15.633058548000001,15.802955627,0.777846336,0.787032604,0.830195427,19.863292154031274
prepared,0,float,vienot,0,65536,7.809829712,7.8239917755,7.867908478,0.774587631,0.7874097824999999,0.808353424,9.936365980441703
prepared,0,float,vienot,1,65536,7.810783386,7.824516296500001,7.919120789,0.773975372,0.7863445284999999,0.807771683,9.950493724965241
bv_direct,0,double,brettel,0,65536,20.524501801,20.546722412,20.648097992,4.17027092,4.197300911,4.242713928,4.895222631799534
bv_direct,0,double,brettel,1,65536,20.563602448,20.5941200255,25.458812714,4.198122978,4.2203183175,4.252240181,4.879755145507457
bv_direct,0,double,brettel,2,65536,20.569896698,20.619058609,21.070671082,4.210505486,4.2378029825,4.255354881,4.865506653836048
bv_direct,0,double,lookup,0,65536,174.882888794,174.944925308,175.687026978,5.883957863,5.9130282405,6.053553581,29.586350376234094
bv_direct,0,double,lookup,1,65536,174.856376648,174.919986725,178.153324127,5.884857178,5.91548872,6.065114975,29.569828462964256
bv_direct,0,double,lookup,2,65536,174.828624725,174.9227046965,175.180625916,5.887913704,5.9133439065,6.02260685,29.581013291688215
bv_direct,0,double,lookupApply,0,65536,184.541416168,184.66644287100002,185.095310211,10.291671753,10.3085074425,10.363991737,17.913984531810655
bv_direct,0,double,lookupApply,1,65536,184.549045563,184.631204605,185.014820099,10.289045334,10.3093147275,10.39697361,17.90916365299218
bv_direct,0,double,lookupApply,2,65536,184.492206573,184.645843506,185.46667099,10.281525612,10.3157162665,10.364354134,17.899468998156937
bv_direct,0,double,prepared,0,65536,26.512718201,26.544141769,26.803016663,1.208742142,1.22006464,1.265105247,21.756340523892245
bv_direct,0,double,prepared,1,65536,26.516342163,26.551246643,26.712608337,1.211313248,1.221932888,1.271459579,21.728891090293658
bv_direct,0,double,prepared,2,65536,26.522827148,26.565456390500003,26.72958374,1.211351395,1.2218899725,1.236298561,21.74128357575993
bv_direct,0,double,vienot,0,65536,4.065322876,4.0812969205,4.102897644,1.217284203,1.2389783859999999,1.30757618,3.2940824203369115
bv_direct,0,double,vienot,1,65536,4.065227509,4.084920883500001,4.114723206,1.217552185,1.2289071085,1.25924778,3.324027385996686
bv_direct,0,float,brettel,0,65536,15.882778168,15.936279296999999,16.218185425,2.163703918,2.2200140955,2.250975609,7.178458609475977
bv_direct,0,float,brettel,1,65536,15.918540955,15.9771442415,16.027450562,2.163158417,2.1771659850000002,2.191278458,7.338505355851404
bv_direct,0,float,brettel,2,65536,15.928459167,15.9972190855,16.162109375,2.159461021,2.1702342034999997,2.323581696,7.3711948045518865
bv_direct,0,float,lookup,0,65536,28.803348541,28.86095047,29.043483734,4.515155792,4.551387310000001,4.575789452,6.3411326051265
bv_direct,0,float,lookup,1,65536,28.788566589,28.861570358,29.015254974,4.521280289,4.5409202575,4.595043182,6.355885750323596
bv_direct,0,float,lookup,2,65536,28.789901733,28.876209259,29.029846191,4.511257172,4.5345902445,4.572598457,6.367986455672356
bv_direct,0,float,lookupApply,0,65536,42.099666595,42.163562775,42.392158508,10.064510345,10.084278106500001,10.152412415,4.1811186016203505
bv_direct,0,float,lookupApply,1,65536,42.101383209,42.1459674835,42.369747162,10.061357498,10.085252761500001,10.175028801,4.178969876133431
bv_direct,0,float,lookupApply,2,65536,42.099666595,42.185497284,42.342472076,10.060897827,10.092136383,10.329957008,4.180036385067152
bv_direct,0,float,prepared,0,65536,15.606975555,15.632677078499999,15.821838379,0.777157784,0.787624836,0.806232452,19.84787218987594
bv_direct,0,float,prepared,1,65536,15.607452393,15.651702881,15.827560425,0.775428772,0.786654949,0.799048424,19.896528841389138
bv_direct,0,float,prepared,2,65536,15.60344696,15.6299114225,15.796470642,0.776660919,0.7877402305000001,0.806586266,19.841453841425963
bv_direct,0,float,vienot,0,65536,3.448486328,3.465747833,3.540706635,0.77480793,0.7920203205,0.807894707,4.375831962003303
bv_direct,0,float,vienot,1,65536,3.437995911,3.4549236294999996,3.489398956,0.774941444,0.786717415,0.812978745,4.391568768691868
bv_split,0,double,brettel,0,65536,13.563632965,13.590955734000001,14.471149445,4.173728943,4.1949930195,4.301093102,3.239804135745595
bv_split,0,double,brettel,1,65536,13.578891754,13.6180877685,13.679504395,4.19948864,4.221415996499999,4.257695198,3.2259525665773845
bv_split,0,double,brettel,2,65536,13.612556458,13.634300232000001,13.755512238,4.214632034,4.2360115050000005,4.285193443,3.218664589533498
bv_split,0,double,lookup,0,65536,46.492004395,46.54917717,47.598648071,5.893379211,5.9155545235,5.965888977,7.868945672815587
bv_split,0,double,lookup,1,65536,46.499538422,46.542739868,46.836948395,5.894276619,5.9170794485,6.05999279,7.865829802200602
bv_split,0,double,lookup,2,65536,46.490287781,46.5776920315,47.50289917,5.894449234,5.9200410845,5.996138573,7.867798781574486
bv_split,0,double,lookupApply,0,65536,55.728626251,55.817270279,66.294574738,10.284275055,10.334853649,10.495644569,5.400876700794005
bv_split,0,double,lookupApply,1,65536,55.737113953,55.824279785499996,55.954742432,10.286320686,10.329937458,10.395224571,5.404125631202829
bv_split,0,double,lookupApply,2,65536,55.754184723,55.82613945,56.358242035,10.297020912,10.3300623895,10.392960548,5.404240298368819
bv_split,0,double,prepared,0,65536,26.50976181,26.5672683715,26.701068878,1.212908745,1.222352982,1.268277168,21.734530665627318
bv_split,0,double,prepared,1,65536,26.507091522,26.5490055085,26.679325104,1.211551666,1.2243504525,1.26119709,21.684155426487255
bv_split,0,double,prepared,2,65536,26.506328583,26.5421390535,26.694869995,1.213337898,1.225926876,1.265802383,21.650670666510457
bv_split,0,double,vienot,0,65536,4.070281982,4.0935993195,4.211139679,1.216396332,1.228592396,1.271229744,3.3319425814678407
bv_split,0,double,vienot,1,65536,4.064846039,4.0852069855,4.1223526,1.214923859,1.232046127,1.26534462,3.3157906152810788
bv_split,0,float,brettel,0,65536,12.857341766,12.8858089445,13.085079193,2.160732269,2.208146572,2.233242035,5.835576817180595
bv_split,0,float,brettel,1,65536,12.878799438,12.8975868225,12.948131561,2.163464546,2.1785225864999997,2.209718704,5.9203365172454685
bv_split,0,float,brettel,2,65536,12.867641449,12.8945827485,12.929821014,2.162069321,2.172187805,2.218308449,5.9362191053733495
bv_split,0,float,lookup,0,65536,29.178905487,29.24284935,31.241798401,4.521967888,4.5384111405,4.569980621,6.4434112390219225
bv_split,0,float,lookup,1,65536,29.16727066,29.2101860045,29.290008545,4.524012566,4.543852806,4.630087852,6.428506215238522
bv_split,0,float,lookup,2,65536,29.163455963,29.2167186735,29.358863831,4.528857231,4.538550377,4.575778961,6.437456070017751
bv_split,0,float,lookupApply,0,65536,42.091751099,42.1333789825,42.253780365,10.062357903,10.084019661,10.144462585,4.178232530173565
bv_split,0,float,lookupApply,1,65536,42.072963715,42.1446323395,42.341136932,10.060190201,10.081926346,10.157390594,4.180216249667492
bv_split,0,float,lookupApply,2,65536,42.081737518,42.1285629275,42.227363586,10.057591438,10.082552433,10.21685791,4.178362890493286
bv_split,0,float,prepared,0,65536,15.613079071,15.650272369500001,16.005802155,0.775753975,0.786693096,0.803117752,19.89374566660745
bv_split,0,float,prepared,1,65536,15.611743927,15.639257431,15.907001495,0.776584625,0.786019802,0.817928314,19.896772818199306
bv_split,0,float,prepared,2,65536,15.604019165,15.633106231500001,15.877532959,0.775897026,0.787491322,0.810417175,19.85178222890944
bv_split,0,float,vienot,0,65536,3.442955017,3.4592151644999998,3.479862213,0.77480793,0.7856135365,0.818367004,4.403202088282755
bv_split,0,float,vienot,1,65536,3.445243835,3.4568786625,3.490161896,0.77524662,0.786110878,0.806166649,4.397444125560109
default,1,double,brettel,0,65536,29.271793365,29.39043045,29.496479034,4.184313774,4.195005417,4.225092888,7.006053038906004
default,1,double,brettel,1,65536,29.207038879,29.2583942415,29.570198059,4.209528923,4.2320775985,4.285956383,6.913482458797595
default,1,double,brettel,2,65536,29.134750366,29.203367233,29.252338409,4.22076416,4.237390041499999,4.26491642,6.891828919922194
default,1,double,lookup,0,65536,46.499443054,46.558380127,46.609401703,5.892296791,5.908802032500001,5.991722107,7.8794956864211025
default,1,double,lookup,1,65536,46.510601044,46.574544906499995,46.832084656,5.881605148,5.911768913,5.983849525,7.878275621376608
default,1,double,lookup,2,65536,46.518039703,46.5799808505,46.791934967,5.894695282,5.9403567315,7.191779137,7.8412767037204665
default,1,double,lookupApply,0,65536,55.743789673,55.8251857755,55.964946747,10.304020882,10.3355607985,10.424973488,5.401273028513549
default,1,double,lookupApply,1,65536,55.701065063,55.810403823499996,55.920696259,10.305779457,10.329732417999999,10.548171997,5.402889597241453
default,1,double,lookupApply,2,65536,55.758285522,55.796098709,56.000041962,10.301460266,10.3385562895,10.451420784,5.396894609517907
default,1,double,prepared,0,65536,26.52463913,26.555967330999998,26.62115097,1.210977554,1.223227024,1.305233955,21.709761810330964
default,1,double,prepared,1,65536,26.519012451,26.556158066000002,26.648426056,1.213117599,1.240138531,1.301183701,21.413864179017274
default,1,double,prepared,2,65536,26.51424408,26.5585422515,26.771259308,1.212305069,1.2259020805,1.255120277,21.6644890925283
default,1,double,vienot,0,65536,22.158145905,22.21198082,22.298622131,1.216806412,1.2312622069999999,1.265965462,18.040008613697346
default,1,double,vienot,1,65536,22.164821625,22.179651260500002,22.334194183,1.217875481,1.2294278145000002,1.254012108,18.04062914382681
default,1,float,brettel,0,65536,42.486190796,42.5419807435,43.183135986,2.159240723,2.2094697955,2.227556229,19.254384391289136
default,1,float,brettel,1,65536,42.566299438,42.666816711500005,42.855262756,2.164246559,2.1755452159999997,2.207529068,19.612011001981404
default,1,float,brettel,2,65536,42.654895782,42.789697647,42.911148071,2.165689468,2.176414967,2.188907623,19.660633792636474
default,1,float,lookup,0,65536,29.211997986,29.279279709,29.428291321,4.525931358,4.542890549,4.778269768,6.4450770700265005
default,1,float,lookup,1,65536,29.229545593,29.266357422,29.428100586,4.511962891,4.5357584955,4.588246346,6.45236236696368
default,1,float,lookup,2,65536,29.233837128,29.2664051055,29.34961319,4.513166428,4.5402584075,4.569499969,6.44597784503965
default,1,float,lookupApply,0,65536,42.114448547,42.228221893,42.431545258,10.070801735,10.0855817795,10.17430687,4.186989190730998
default,1,float,lookupApply,1,65536,42.058944702,42.188167572,42.58928299,10.067055702,10.092900753,10.162172318,4.179984387487417
default,1,float,lookupApply,2,65536,42.105960846,42.1994686125,42.41476059,10.064266205,10.0762805935,10.178807259,4.188000544538428
default,1,float,prepared,0,65536,15.609264374,15.636920928999999,15.683078766,0.777243614,0.7884173395,0.819112778,19.833304197643155
default,1,float,prepared,1,65536,15.613079071,15.625715256,15.702342987,0.782364845,0.7909116745,0.914027214,19.75658693605489
default,1,float,prepared,2,65536,15.609550476,15.6374454495,15.751075745,0.775905609,0.7864112855000001,0.821538925,19.88456388892959
default,1,float,vienot,0,65536,19.342899323,19.380235672,21.465778351,0.775953293,0.786707401,0.81099987,24.634617199946746
default,1,float,vienot,1,65536,19.652271271,19.678401946999998,19.763183594,0.775284767,0.78478241,0.797967911,25.074978358651027
prepared,1,double,brettel,0,65536,38.98191452,39.051055907999995,39.118289948,4.178055763,4.1914272310000005,4.230321884,9.316887483856688
prepared,1,double,brettel,1,65536,39.065742493,39.102363586500005,39.14680481,4.204494476,4.2286396025,4.26912117,9.247031495278629
prepared,1,double,brettel,2,65536,38.982963562,39.0536785125,40.637493134,4.218174934,4.233305931,4.267975807,9.225338104320436
prepared,1,double,lookup,0,65536,175.966072083,176.113414764,176.408481598,5.894054413,5.9197340015,6.02780056,29.75022437146241
prepared,1,double,lookup,1,65536,176.022911072,176.0775089265,176.218318939,5.891036987,5.912343502000001,5.969892502,29.781339475106158
prepared,1,double,lookup,2,65536,175.969219208,176.0450839995,176.330947876,5.889087677,5.933130264500001,6.040585518,29.6715352859922
prepared,1,double,lookupApply,0,65536,184.939479828,185.0371837615,188.650512695,10.30920887,10.3288598065,10.399504662,17.914579849854793
prepared,1,double,lookupApply,1,65536,184.8736763,185.0025177005,185.70318222,10.309227943,10.3239421845,10.412096977,17.91975530221936
prepared,1,double,lookupApply,2,65536,184.890556335,185.0004673,185.222434998,10.306848526,10.325388431499999,10.353694916,17.9170467558986
prepared,1,double,prepared,0,65536,26.518535614,26.549720764,26.644229889,1.211760521,1.2240009305,1.255550385,21.690931846885555
prepared,1,double,prepared,1,65536,26.512432098,26.5474796295,26.739597321,1.210289955,1.221721649,1.247085571,21.729564709956286
prepared,1,double,prepared,2,65536,26.52387619,26.569509506,27.658939362,1.210863113,1.225004673,1.291638374,21.68931277701338
prepared,1,double,vienot,0,65536,8.434581757,8.456039428499999,8.519744873,1.215640068,1.228242874,1.252607346,6.88466394350927
prepared,1,double,vienot,1,65536,8.429050446,8.4503650665,8.476543427,1.215257645,1.222644329,1.240826607,6.911548081535329
prepared,1,float,brettel,0,65536,29.499340057,29.535293579,29.842853546,2.164486885,2.213247776,2.257041931,13.344774995043302
prepared,1,float,brettel,1,65536,29.554271698,29.584932326999997,29.856491089,2.162480354,2.174747467,2.211341858,13.603847240163264
prepared,1,float,brettel,2,65536,29.473495483,29.529094696,30.484485626,2.161714554,2.174503803,2.296818733,13.579693286928688
prepared,1,float,lookup,0,65536,29.232501984,29.282569885,29.441261292,4.525426865,4.544854641000001,4.62977314,6.443015717342498
prepared,1,float,lookup,1,65536,29.232978821,29.290103912,29.344844818,4.515002251,4.540325641500001,4.608131409,6.451102018824214
prepared,1,float,lookup,2,65536,29.267215729,29.324626922500002,29.596328735,4.525979042,4.546302795,4.639344215,6.450214216868941
prepared,1,float,lookupApply,0,65536,42.106342316,42.2191143035,42.415714264,10.064346313,10.082084655500001,10.299595833,4.187538167562255
prepared,1,float,lookupApply,1,65536,42.072963715,42.2039031985,43.339824677,10.070001602,10.080758571499999,10.141046524,4.186580097039278
prepared,1,float,lookupApply,2,65536,42.122268677,42.1997070315,42.444610596,10.067728043,10.0862269405,10.26227951,4.18389426298275
prepared,1,float,prepared,0,65536,15.60792923,15.632009506,15.668869019,0.776899338,0.786927223,0.811496735,19.864619051309653
prepared,1,float,prepared,1,65536,15.611171722,15.643978119,15.841197968,0.776202202,0.7865929604999999,0.815022469,19.88827628085543
prepared,1,float,prepared,2,65536,15.621376038,15.633583069,15.671539307,0.776221275,0.790840149,0.840935707,19.768322446411354
prepared,1,float,vienot,0,65536,7.808589935,7.829618454,7.873821259,0.774567604,0.787835121,0.817095757,9.938143458318864
prepared,1,float,vienot,1,65536,7.819461823,7.842683792,7.918834686,0.775400162,0.7861480715,0.806232452,9.976089844036462
bv_direct,1,double,brettel,0,65536,20.512390137,20.552968979,21.194934845,4.175849915,4.1964535715,4.415394783,4.897699600106251
bv_direct,1,double,brettel,1,65536,20.56646347,20.6147670745,20.751857758,4.208230972,4.2359867095,4.28984642,4.866579734130775
bv_direct,1,double,brettel,2,65536,20.552349091,20.614337921,20.784473419,4.210179329,4.2365694045,4.282853127,4.865809090511738
bv_direct,1,double,lookup,0,65536,174.840164185,174.908208847,178.329277039,5.884520531,5.9158978465,7.170712471,29.565792612609137
bv_direct,1,double,lookup,1,65536,174.857330322,174.939060211,175.26845932,5.887071609,5.911268711,5.987662315,29.594164766264843
bv_direct,1,double,lookup,2,65536,174.8503685,174.9208450315,175.255489349,5.882246017,5.916490555,6.130764008,29.56496649583513
bv_direct,1,double,lookupApply,0,65536,184.527492523,184.6379756925,187.314891815,10.277220726,10.2987680435,10.357624054,17.928161398783327
bv_direct,1,double,lookupApply,1,65536,184.535884857,184.6707344055,185.354614258,10.27118206,10.297931671,10.382544518,17.93279857600446
bv_direct,1,double,lookupApply,2,65536,184.552764893,184.6031188965,184.892845154,10.273944855,10.296264171499999,10.35137558,17.929135832342027
bv_direct,1,double,prepared,0,65536,26.518249512,26.55210495,26.797485352,1.21045208,1.2218995095,1.390912056,21.730187092770905
bv_direct,1,double,prepared,1,65536,26.522350311,26.5503883365,26.647567749,1.207853317,1.217628002,1.266605377,21.805008009745162
bv_direct,1,double,prepared,2,65536,26.527404785,26.550722122,26.615333557,1.207930565,1.219983101,1.253945351,21.76318844108317
bv_direct,1,double,vienot,0,65536,4.076290131,4.0878772735,4.171562195,1.217484474,1.2350130080000001,1.301833153,3.309987220393714
bv_direct,1,double,vienot,1,65536,4.065799713,4.1039943695,4.154777527,1.213433266,1.2188940045,1.255158424,3.366982161162972
bv_direct,1,float,brettel,0,65536,15.932846069,15.961074829000001,16.158771515,2.159135818,2.2086572645,2.224795341,7.226596487170814
bv_direct,1,float,brettel,1,65536,15.968322754,16.013145447,16.139221191,2.160902977,2.1761088375,2.219244003,7.358614225103067
bv_direct,1,float,brettel,2,65536,15.982627869,16.0301685335,16.543006897,2.162306786,2.174962044,2.191745758,7.370321048922176
bv_direct,1,float,lookup,0,65536,28.803920746,28.821897507,29.187488556,4.531445503,4.5716228485,7.221151352,6.304522149384389
bv_direct,1,float,lookup,1,65536,28.800678253,28.821659088,28.959083557,4.522159576,4.549976826,4.627872467,6.33446283139377
bv_direct,1,float,lookup,2,65536,28.767871857,28.8067340855,28.846263885,4.532172203,4.552216529500001,4.732065201,6.32806763448575
bv_direct,1,float,lookupApply,0,65536,42.094135284,42.1469688415,42.219352722,10.065279961,10.098096371,10.169063568,4.173753873308128
bv_direct,1,float,lookupApply,1,65536,42.117214203,42.160224914500006,42.232894897,10.060359001,10.084853171999999,10.166922569,4.18054920537221
bv_direct,1,float,lookupApply,2,65536,42.104816437,42.1491622925,42.209815979,10.066598892,10.0862345695,10.123868942,4.1788798388603645
bv_direct,1,float,prepared,0,65536,15.611457825,15.653705597,15.845680237,0.779097557,0.7985458375,1.03226757,19.60276400163441
bv_direct,1,float,prepared,1,65536,15.608310699,15.649366379,15.820407867,0.776995659,0.788441658,0.846457481,19.848477335275454
bv_direct,1,float,prepared,2,65536,15.605258942,15.6353473665,15.740013123,0.777023315,0.787486553,0.819752693,19.854748385144806
bv_direct,1,float,vienot,0,65536,3.443717957,3.4541130065,3.568172455,0.775618553,0.787366867,0.811889648,4.386916888769718
bv_direct,1,float,vienot,1,65536,3.440093994,3.4572601315,3.491783142,0.775724411,0.7865018845,0.795512199,4.395742972310704
bv_split,1,double,brettel,0,65536,13.577461243,13.603544235000001,13.696861267,4.166676521,4.1910505295,4.246553421,3.245855457777773
bv_split,1,double,brettel,1,65536,13.575267792,13.6174201965,13.693523407,4.209012032,4.219604969,4.258420944,3.2271789175864916
bv_split,1,double,brettel,2,65536,13.597583771,13.6365890505,13.700771332,4.207427025,4.2298617365,4.275465012,3.2238852946015197
bv_split,1,double,lookup,0,65536,46.511459351,46.5497016905,46.667861938,5.894046783,5.9167518615,6.028012276,7.867441931002129
bv_split,1,double,lookup,1,65536,46.517944336,46.566677093500005,46.671772003,5.888599396,5.9224276545,5.985579491,7.86276841357742
bv_split,1,double,lookup,2,65536,46.520805359,46.569156646500005,46.750068665,5.888619423,5.923927784,5.992171288,7.861195872825989
bv_split,1,double,lookupApply,0,65536,55.767154694,55.816888809000005,55.988121033,10.281023979,10.299440384,10.495716095,5.419409863832074
bv_split,1,double,lookupApply,1,65536,55.740642548,55.823135375999996,56.24961853,10.284655571,10.2943868635,10.364236832,5.422677048783518
bv_split,1,double,lookupApply,2,65536,55.735015869,55.793142319,55.850028992,10.278987885,10.3071222305,10.379130363,5.413066913468966
bv_split,1,double,prepared,0,65536,26.509571075,26.546907425,26.63230896,1.21042347,1.2217121125000001,1.30615139,21.729265964857166
bv_split,1,double,prepared,1,65536,26.521778107,26.5574455265,26.608181,1.209716797,1.2217798229999999,1.240530968,21.736686943552517
bv_split,1,double,prepared,2,65536,26.516151428,26.537513733,26.654624939,1.209496498,1.2261743545,1.269012451,21.642528760782366
bv_split,1,double,vienot,0,65536,4.067325592,4.0872573855,4.136371613,1.213271141,1.226624012,1.256486893,3.332119170597159
bv_split,1,double,vienot,1,65536,4.067325592,4.078197479,4.117488861,1.214073181,1.225028038,1.314292908,3.329064603009519
bv_split,1,float,brettel,0,65536,12.861251831,12.886714935,13.090801239,2.151979446,2.2077879905,2.272348404,5.836934973127349
bv_split,1,float,brettel,1,65536,12.878036499,12.909889221499999,12.965869904,2.162106514,2.177909851,2.197621346,5.927650869282926
bv_split,1,float,brettel,2,65536,12.865638733,12.8962516785,12.944602966,2.164237976,2.1781396865,2.218182564,5.920764291854338
bv_split,1,float,lookup,0,65536,29.149246216,29.200506210500002,29.427242279,4.528302193,4.5502533915,4.570141792,6.4173362883586575
bv_split,1,float,lookup,1,65536,29.158210754,29.202318191499998,29.322719574,4.519330025,4.544272423000001,4.581319809,6.426181239420821
bv_split,1,float,lookup,2,65536,29.167461395,29.239416122,29.397296906,4.524880409,4.5490727425,4.587942123,6.4275551913753555
bv_split,1,float,lookupApply,0,65536,42.137145996,42.265129089,42.35458374,10.06142807,10.081633090499999,10.147001266,4.192289950407614
bv_split,1,float,lookupApply,1,65536,42.090892792,42.234182358,42.581367493,10.069090843,10.0839104655,10.143121719,4.18827423175716
bv_split,1,float,lookupApply,2,65536,42.087268829,42.2422885895,42.566871643,10.066100121,10.091984749,10.110941887,4.185726558265531
bv_split,1,float,prepared,0,65536,15.604782104,15.630674362,15.851402283,0.77599144,0.787581444,0.819111824,19.84642284436554
bv_split,1,float,prepared,1,65536,15.619468689,15.6287670135,15.688800812,0.775418282,0.786301613,0.813895226,19.876300334512983
bv_split,1,float,prepared,2,65536,15.609264374,15.628051758,15.689182281,0.777215004,0.7883939745,0.81364727,19.822642312698193
bv_split,1,float,vienot,0,65536,3.447055817,3.45993042,3.524971008,0.774673462,0.7864637375,0.813971519,4.39935149584694
bv_split,1,float,vienot,1,65536,3.450489044,3.4754276275000002,3.546619415,0.775465965,0.7868747709999999,0.816474915,4.416748071720805
default,2,double,brettel,0,65536,29.260444641,29.332304001,29.406547546,4.179161072,4.206135273,4.37279892,6.973694875980276
default,2,double,brettel,1,65536,29.205036163,29.2599201205,29.507637024,4.195652962,4.2270183565,4.354022026,6.922118063553292
default,2,double,brettel,2,65536,29.128551483,29.163360596,29.330539703,4.217879295,4.23541975,4.283491135,6.885589225483495
default,2,double,lookup,0,65536,46.485805511,46.578359604,46.755981445,5.905087471,5.9327721595,6.83644104,7.851027875630659
default,2,double,lookup,1,65536,46.493339539,46.5427398685,46.626091003,5.905908585,5.920997143,5.958291054,7.860625287334309
default,2,double,lookup,2,65536,46.481800079,46.562051773,46.749305725,5.910935402,5.9330835345,5.99950695,7.8478672181587505
default,2,double,lookupApply,0,65536,55.752086639,55.8073520665,56.015777588,10.275285721,10.32474041,10.403842926,5.405206315158097
default,2,double,lookupApply,1,65536,55.719184875,55.8128356935,56.155014038,10.278658867,10.317531586,10.420434952,5.409514400637572
default,2,double,lookupApply,2,65536,55.738449097,55.8157920835,56.070137024,10.279460907,10.31023407,10.360451698,5.413629962670673
default,2,double,prepared,0,65536,26.51348114,26.539421081500002,26.716804504,1.209687233,1.2242679595000001,1.269490242,21.67778783685468
default,2,double,prepared,1,65536,26.51348114,26.5634059905,26.709270477,1.212487221,1.224629879,1.28237915,21.69096675331078
default,2,double,prepared,2,65536,26.520347595,26.541376114000002,26.731491089,1.2104702,1.2242770195000001,1.256783485,21.67922430238837
default,2,double,vienot,0,65536,22.162723541,22.1812725065,22.244167328,1.21584034,1.2262692450000001,1.25466156,18.08841948613006
default,2,double,vienot,1,65536,22.150993347,22.183465957499998,22.24779129,1.218009949,1.2277932164999998,1.261511803,18.067754129426728
default,2,float,brettel,0,65536,42.485713959,42.557525635000005,42.808437347,2.156449318,2.2159085275,2.247869492,19.205452349160655
default,2,float,brettel,1,65536,42.522335052,42.5781726835,42.667007446,2.163300514,2.173279762,2.19785881,19.59166667264074
default,2,float,brettel,2,65536,42.685317993,42.805480957,43.535327911,2.159324646,2.179687023,2.219796181,19.638361152457986
default,2,float,lookup,0,65536,29.249477386,29.279375076500003,29.360771179,4.522186279,4.539375305,4.648428917,6.450089078171077
default,2,float,lookup,1,65536,29.236793518,29.2798042295,30.688095093,4.526350975,4.545258045000001,4.63365078,6.44183541167903
default,2,float,lookup,2,65536,29.272079468,29.302024840999998,29.477977753,4.515514374,4.540185928,4.691514015,6.4539261840115545
default,2,float,lookupApply,0,65536,42.090702057,42.165422439500006,42.267417908,10.062804222,10.093548298,10.234199524,4.177462790548586
default,2,float,lookupApply,1,65536,42.060852051,42.1361923215,42.352581024,10.063569069,10.0768227575,10.155450821,4.181495828150672
default,2,float,lookupApply,2,65536,42.058086395,42.115592956499995,42.265510559,10.062278748,10.079651355500001,10.125220299,4.178278739127168
default,2,float,prepared,0,65536,15.610408783,15.63038826,15.977096558,0.777186394,0.787405014,0.813876152,19.85050638755521
default,2,float,prepared,1,65536,15.611076355,15.627670288000001,15.819358826,0.776229858,0.7859001160000001,0.798034668,19.88505914408085
default,2,float,prepared,2,65536,15.609264374,15.634584427,15.674877167,0.776086807,0.7857990265000001,0.800882339,19.896416131536142
default,2,float,vienot,0,65536,19.345760345,19.3739414215,19.563770294,0.774663925,0.7910881045,0.8144207,24.49024490609061
default,2,float,vienot,1,65536,19.65265274,19.690179825,19.783401489,0.775007248,0.7876534465,0.817191124,24.998531920979794
prepared,2,double,brettel,0,65536,39.011764526,39.073705673,40.693855286,4.179839134,4.196254253499999,4.229877472,9.31156772505134
prepared,2,double,brettel,1,65536,39.053153992,39.0926361085,39.346981049,4.20203495,4.2250285145,4.287348747,9.252632490961146
prepared,2,double,brettel,2,65536,38.98525238,39.030981064,40.974330902,4.23617363,4.257060051,4.385904312,9.168529594697983
prepared,2,double,lookup,0,65536,176.025676727,176.186561584,182.771778107,5.902821541,5.9346003535000005,5.984045982,29.688024650234773
prepared,2,double,lookup,1,65536,175.973320007,176.077032089,176.348400116,5.907054901,5.934428692,5.976259232,29.670426797168094
prepared,2,double,lookup,2,65536,175.963878632,176.094007492,176.384544373,5.906309128,5.936320304500001,5.986186028,29.66383187890194
prepared,2,double,lookupApply,0,65536,184.940338135,185.1003170015,191.71257019,10.268422127,10.2934513095,10.367026329,17.982337647108487
prepared,2,double,lookupApply,1,65536,184.888458252,185.011434555,185.31332016,10.285009384,10.296221733,10.37473774,17.968866575787448
prepared,2,double,lookupApply,2,65536,184.865570068,184.95240211499998,185.325241089,10.27147007,10.291195869500001,10.378482819,17.971905739656854
prepared,2,double,prepared,0,65536,26.515293121,26.5553951265,27.024078369,1.211989403,1.2268137934999999,1.265295029,21.645823732336446
prepared,2,double,prepared,1,65536,26.515674591,26.5543460845,26.710128784,1.211292267,1.2322030069999999,1.333926201,21.550301316948502
prepared,2,double,prepared,2,65536,26.512718201,26.551628113,28.684711456,1.212944984,1.2251944545,1.267970085,21.671358383543843
prepared,2,double,vienot,0,65536,8.434963226,8.4516048435,8.492946625,1.216794968,1.2293553350000002,1.256581306,6.874826669621927
prepared,2,double,vienot,1,65536,8.436393738,8.471250534500001,8.504009247,1.220713615,1.234519482,1.272987366,6.861982056999244
prepared,2,float,brettel,0,65536,29.509162903,29.552793503,29.868984222,2.148823738,2.2178201675,2.293731689,13.32515320045668
prepared,2,float,brettel,1,65536,29.562568665,29.595756530499997,29.651737213,2.159852028,2.1725482945000003,2.185773849,13.62260006160705
prepared,2,float,brettel,2,65536,29.47101593,29.501724242999998,30.269813538,2.160500526,2.1834931375,2.311139107,13.511251185693272
prepared,2,float,lookup,0,65536,29.238700867,29.283189774,29.677295685,4.533622742,4.548235416,4.603732109,6.438362814507402
prepared,2,float,lookup,1,65536,29.235839844,29.290342330999998,31.643199921,4.531364441,4.5555763245000005,4.605146408,6.4295580283609395
prepared,2,float,lookup,2,65536,29.231548309,29.2897224425,29.414558411,4.535186768,4.556713581,4.624015808,6.427817312158598
prepared,2,float,lookupApply,0,65536,42.056274414,42.155218124499996,42.21534729,10.062529564,10.080906391500001,10.138928413,4.181689273500679
prepared,2,float,lookupApply,1,65536,42.050933838,42.1486854555,42.22202301,10.062232971,10.083386898,10.133223534,4.18001271614997
prepared,2,float,lookupApply,2,65536,42.077350616,42.1355724335,42.471504211,10.064076424,10.091546535500001,10.113111496,4.175333511595637
prepared,2,float,prepared,0,65536,15.600967407,15.635681152,15.701961517,0.774845123,0.785598755,0.806834221,19.902884331836805
prepared,2,float,prepared,1,65536,15.603637695,15.628767014000001,15.709495544,0.776164055,0.7877483365,0.809145927,19.839796912094148
prepared,2,float,prepared,2,65536,15.610599518,15.642738342,15.702438354,0.775054932,0.7860479355000001,0.816389084,19.900489061204333
prepared,2,float,vienot,0,65536,7.816028595,7.8243255615,7.861328125,0.775102615,0.7903904915,0.811496735,9.899316408337638
prepared,2,float,vienot,1,65536,7.814598083,7.8358650205,7.994747162,0.774950027,0.7851829525,0.799133301,9.979667790227527
bv_direct,2,double,brettel,0,65536,20.522403717,20.5525398255,20.622634888,4.178887367,4.1918759345000005,4.216436386,4.902945637381195
bv_direct,2,double,brettel,1,65536,20.560646057,20.588684082,22.049236298,4.200116158,4.222006321,4.255466461,4.876516640819117
bv_direct,2,double,brettel,2,65536,20.570373535,20.601797104,20.812892914,4.214190483,4.232478142,4.27450943,4.867549556739093
bv_direct,2,double,lookup,0,65536,174.809741974,175.3943920135,184.16967392,5.888053894,5.9274234775,6.003234863,29.590325826943587
bv_direct,2,double,lookup,1,65536,174.785995483,174.915790558,175.625610352,5.897512436,5.933796406,6.010935783,29.477888789903993
bv_direct,2,double,lookup,2,65536,174.771499634,174.935293198,175.541114807,5.901268005,5.94216156,6.01667881,29.43967299300425
bv_direct,2,double,lookupApply,0,65536,184.540939331,184.62948799100002,184.975719452,10.289964676,10.3204870225,10.507122993,17.8896100143805
bv_direct,2,double,lookupApply,1,65536,184.536647797,184.690904617,185.727405548,10.297551155,10.3179454805,10.376778603,17.899969036088567
bv_direct,2,double,lookupApply,2,65536,184.5454216,184.710550308,185.097980499,10.294817924,10.316660404,10.359446526,17.90410298243253
bv_direct,2,double,prepared,0,65536,26.521492004,26.5451431275,26.694297791,1.21164608,1.2292985920000001,1.294762611,21.593731010716066
bv_direct,2,double,prepared,1,65536,26.517677307,26.5659332275,28.627586365,1.209448814,1.225763798,1.450398445,21.672962825991373
bv_direct,2,double,prepared,2,65536,26.520824432,26.541090011500003,26.621246338,1.210757256,1.2279558185,1.276770592,21.61404312080305
bv_direct,2,double,vienot,0,65536,4.067993164,4.0867328645,4.137992859,1.215334892,1.22933197,1.282953262,3.3243525461230785
bv_direct,2,double,vienot,1,65536,4.075527191,4.0845394135,4.119682312,1.216022491,1.2318549155,1.265821457,3.315763376113264
bv_direct,2,float,brettel,0,65536,15.884399414,15.912055969,17.446327209,2.160014153,2.2064447405000003,2.265354156,7.211626775386264
bv_direct,2,float,brettel,1,65536,15.919876099,15.9469127655,15.986728668,2.160118103,2.175721645,2.205236435,7.329482060422302
bv_direct,2,float,brettel,2,65536,15.927696228,15.952730179,16.018390656,2.16083622,2.1751585005000003,2.194516182,7.334054127702864
bv_direct,2,float,lookup,0,65536,28.844642639,28.909444809,29.048919678,4.518631935,4.543473243499999,4.601833344,6.3628513385345755
bv_direct,2,float,lookup,1,65536,28.827857971,28.8516044615,28.954029083,4.523101807,4.5418777465,4.594552994,6.352351620149448
bv_direct,2,float,lookup,2,65536,28.833961487,28.878688812500002,29.171276093,4.517389297,4.538983345,4.882501602,6.362369415678039
bv_direct,2,float,lookupApply,0,65536,42.060089111,42.1145915985,42.309856415,10.065172195,10.0817227365,10.158877373,4.177320949923349
bv_direct,2,float,lookupApply,1,65536,42.053604126,42.114639282499994,42.294311523,10.060843468,10.0825295445,10.132257462,4.176991408418282
bv_direct,2,float,lookupApply,2,65536,42.052650452,42.0993328095,42.304611206,10.066977501,10.0876951215,10.567193985,4.173335167492651
bv_direct,2,float,prepared,0,65536,15.606975555,15.651702881,15.940475464,0.776259422,0.78829813,0.828648567,19.85505519466347
bv_direct,2,float,prepared,1,65536,15.606689453,15.648984909,15.834140778,0.784781456,0.7877635955,0.830835342,19.865077541527494
bv_direct,2,float,prepared,2,65536,15.608501434,15.6524658205,15.842437744,0.777272224,0.7916464805,0.838307381,19.77203992698102
bv_direct,2,float,vienot,0,65536,3.437042236,3.45659256,3.510189056,0.7833395,0.785121441,0.811984062,4.402621530240441
bv_direct,2,float,vienot,1,65536,3.43914032,3.4502983095,3.521060944,0.774835587,0.7853841785,0.805649757,4.393134473487487
bv_split,2,double,brettel,0,65536,13.583755493,13.6061668395,13.683414459,4.16958046,4.1892294880000005,4.248817444,3.247892453367548
bv_split,2,double,brettel,1,65536,13.595581055,13.619041443,13.716602325,4.204444885,4.220320702,4.267458916,3.2270157660165415
bv_split,2,double,brettel,2,65536,13.609600067,13.633966446,13.681411743,4.214468956,4.2339782715,4.404452324,3.2201314158302954
bv_split,2,double,lookup,0,65536,46.50554657,46.584033966,49.274921417,5.886697769,5.9084773065,6.191243172,7.884270608055352
bv_split,2,double,lookup,1,65536,46.495437622,46.5746402745,46.870040894,5.882082939,5.9100589755,5.958213806,7.880571152940096
bv_split,2,double,lookup,2,65536,46.50850296,46.55790329,46.708297729,5.898259163,5.953599453000001,6.119382858,7.8201269093673424
bv_split,2,double,lookupApply,0,65536,55.726623535,55.8379650115,56.304264069,10.291093826,10.309496402499999,10.362465858,5.41616804851492
bv_split,2,double,lookupApply,1,65536,55.766010284,55.845594406000004,56.000137329,10.296644211,10.3112826345,10.399607658,5.415969708671262
bv_split,2,double,lookupApply,2,65536,55.751609802,55.805110931499996,56.03723526,10.291725159,10.317809105,11.121088982,5.408620218070995
bv_split,2,double,prepared,0,65536,26.511383057,26.553058624499997,26.753139496,1.212114334,1.224874496,1.258952141,21.6781872030259
bv_split,2,double,prepared,1,65536,26.502132416,26.55506134,26.85880661,1.212085724,1.224645615,1.261530876,21.683874105897974
bv_split,2,double,prepared,2,65536,26.516437531,26.548337936499998,26.60036087,1.210165977,1.2225337025,1.267493248,21.715833176795382
bv_split,2,double,vienot,0,65536,4.068374634,4.0806770325,4.14686203,1.216682434,1.230899811,1.289526939,3.315198358170842
bv_split,2,double,vienot,1,65536,4.072952271,4.097652435500001,4.12979126,1.217082977,1.2301397325,1.293081284,3.331046325259639
bv_split,2,float,brettel,0,65536,12.867355347,12.891340255500001,13.058185577,2.156928062,2.2100467685,2.258283615,5.8330621954437625
bv_split,2,float,brettel,1,65536,12.874126434,12.902212143,12.977695465,2.156680107,2.1691913605,2.195070267,5.947936349896779
bv_split,2,float,brettel,2,65536,12.86649704,12.889003754,12.976741791,2.159154892,2.1684222225000003,2.190217018,5.943954835115143
bv_split,2,float,lookup,0,65536,29.137420654,29.179239273,29.285430908,4.522597313,4.540793419,4.596282005,6.426022190506527
bv_split,2,float,lookup,1,65536,29.150867462,29.1934013365,29.41236496,4.522548676,4.546263218,4.602321625,6.42140587481048
bv_split,2,float,lookup,2,65536,29.177856445,29.224920273000002,29.309654236,4.510786057,4.537536144000001,4.715037346,6.440702474986169
bv_split,2,float,lookupApply,0,65536,42.122364044,42.192268371500006,42.917060852,10.064800262,10.083996296,10.159641266,4.1840820973165505
bv_split,2,float,lookupApply,1,65536,42.111968994,42.1867847445,43.378448486,10.061333656,10.083097458000001,10.134589195,4.183911235632133
bv_split,2,float,lookupApply,2,65536,42.114067078,42.218732834,42.433357239,10.059670448,10.079080105,10.139842987,4.188748615367811
bv_split,2,float,prepared,0,65536,15.617752075,15.639305114999999,15.91501236,0.777558327,0.7896265979999999,0.818490982,19.80595024865158
bv_split,2,float,prepared,1,65536,15.612316132,15.636062622499999,17.014980316,0.775551796,0.7868885995,0.801092148,19.870744896336497
bv_split,2,float,prepared,2,65536,15.608787537,15.636634827,15.782642365,0.781323433,0.7905716899999999,0.804924011,19.77889548131935
bv_split,2,float,vienot,0,65536,3.433418274,3.4528255464999997,3.470802307,0.774950981,0.786411762,0.803824425,4.390607711307349
bv_split,2,float,vienot,1,65536,3.433227539,3.452014923,3.565406799,0.774167061,0.784772396,0.88732338,4.39874661824879
