variant,block,scalar,mode,deficiency,n,D_min_ns,D_median_ns,D_max_ns,CPP_min_ns,CPP_median_ns,CPP_max_ns,D_over_CPP
default,0,double,brettel,0,1024,18.157958984,18.276977539,19.219970703,3.544799805,3.5628051755000003,8.326843262,5.129940212471772
default,0,double,brettel,1,1024,18.438720703,18.502807617000002,19.555664062,3.525268555,3.5472106935000003,6.439758301,5.21615692321435
default,0,double,brettel,2,1024,18.176269531,18.356323242000002,19.219970703,3.599182129,3.606506348,4.029541016,5.089779823118726
default,0,double,lookup,0,1024,30.17578125,30.615234375,33.197021484,4.88104248,4.8923645019999995,5.958740234,6.25775826034313
default,0,double,lookup,1,1024,30.285644531,31.1279296875,46.942138672,4.879821777,4.888977050499999,5.647583008,6.36696171120634
default,0,double,lookup,2,1024,30.285644531,30.807495117000002,32.543945312,4.874328613,4.890197754,6.277832031,6.299846482036563
default,0,double,lookupApply,0,1024,40.252685547,41.271972656,43.45703125,8.210632324,8.279724121000001,9.177062988,4.984703844337182
default,0,double,lookupApply,1,1024,40.155029297,41.345214844,41.876220703,8.204589844,8.283996582,11.154602051,4.9909743968071565
default,0,double,lookupApply,2,1024,40.252685547,41.323852539,42.993164062,8.20880127,8.28125,9.313354492,4.990050117916981
default,0,double,prepared,0,1024,16.790771484,16.796875,20.739746094,0.949890137,0.9645690920000001,1.081970215,17.413864013797365
default,0,double,prepared,1,1024,16.790771484,16.796875,17.761230469,0.953552246,0.9645996095,0.974975586,17.413313083038314
default,0,double,prepared,2,1024,16.790771484,16.796875,18.84765625,0.95300293,0.971923828,1.822814941,17.282089929376646
default,0,double,vienot,0,1024,19.500732422,19.552612304999997,20.349121094,0.951782227,0.963684082,0.975585938,20.289442017576043
default,0,double,vienot,1,1024,19.244384766,19.503784179999997,20.306396484,0.950500488,0.9633789065,1.289794922,20.245184992536473
default,0,float,brettel,0,1024,37.194824219,37.8356933595,38.549804688,1.81854248,1.821899414,2.876037598,20.767169180010505
default,0,float,brettel,1,1024,37.243652344,37.683105469,38.079833984,1.817932129,1.820373535,1.82220459,20.70075440258474
default,0,float,brettel,2,1024,37.390136719,37.8387451175,38.415527344,1.793457031,1.8020629885,1.81060791,20.997459777472145
default,0,float,lookup,0,1024,23.577880859,23.715209961,24.12109375,3.43536377,3.4436035155,4.241638184,6.886742290236229
default,0,float,lookup,1,1024,23.577880859,23.678588867000002,24.029541016,3.437194824,3.4436035155,4.164611816,6.876107763399686
default,0,float,lookup,2,1024,23.565673828,23.635864257999998,24.151611328,3.43536377,3.444519043,4.181091309,6.861876495075019
default,0,float,lookupApply,0,1024,37.188720703,37.677001953,38.250732422,8.37878418,8.449066162000001,9.731506348,4.459309612517152
default,0,float,lookupApply,1,1024,37.115478516,37.6525878905,54.8828125,8.354919434,8.413909912,9.491271973,4.475040532202456
default,0,float,lookupApply,2,1024,37.3046875,37.661743164,38.116455078,8.373840332,8.4401855465,9.414855957,4.462193746394317
default,0,float,prepared,0,1024,14.093017578,14.093017578,15.075683594,0.611877441,0.614929199,1.485961914,22.918114151870025
default,0,float,prepared,1,1024,14.093017578,14.093017578,14.782714844,0.610656738,0.614929199,0.616149902,22.918114151870025
default,0,float,prepared,2,1024,14.093017578,14.093017578,14.581298828,0.611877441,0.614929199,1.440795898,22.918114151870025
default,0,float,vienot,0,1024,22.137451172,28.292846679500002,34.686279297,0.612487793,0.614013672,0.616760254,46.07852881735181
default,0,float,vienot,1,1024,22.479248047,28.973388672,33.966064453,0.613708496,0.6149597165,1.65411377,47.11428715510018
bv_direct,0,double,brettel,0,1024,8.410644531,8.410644531,8.837890625,3.530700684,3.5346984865,4.442749023,2.379451758932933
bv_direct,0,double,brettel,1,1024,8.410644531,8.413696289,9.350585938,3.486694336,3.516357422,4.284484863,2.3927306810052715
bv_direct,0,double,brettel,2,1024,8.416748047,8.416748047,9.692382812,3.57598877,3.5921630860000002,3.645019531,2.343086281300314
bv_direct,0,double,lookup,0,1024,30.181884766,30.725097656499997,31.353759766,4.87310791,4.886230469,5.843811035,6.28809833089762
bv_direct,0,double,lookup,1,1024,30.187988281,30.752563477,47.448730469,4.879760742,4.888061523499999,5.646362305,6.291361786089025
bv_direct,0,double,lookup,2,1024,30.206298828,30.847167968500003,32.318115234,4.877990723,4.885925293,5.348693848,6.313475159494217
bv_direct,0,double,lookupApply,0,1024,40.264892578,40.9118652345,41.687011719,8.196594238,8.217681885000001,9.05480957,4.978516546032007
bv_direct,0,double,lookupApply,1,1024,40.112304688,41.1437988285,42.565917969,8.202087402,8.217956543,9.181945801,5.006572937349738
bv_direct,0,double,lookupApply,2,1024,40.008544922,41.455078125,42.218017578,8.198425293,8.2204589845,9.196044922,5.042915268255117
bv_direct,0,double,prepared,0,1024,16.790771484,16.796875,18.780517578,0.93951416,0.9493103030000001,2.047180176,17.69376667135993
bv_direct,0,double,prepared,1,1024,16.790771484,16.796875,17.370605469,0.940185547,0.947143555,0.956665039,17.734244097770375
bv_direct,0,double,prepared,2,1024,16.790771484,16.796875,17.913818359,0.940124512,0.947479248,0.956054688,17.727960834451963
bv_direct,0,double,vienot,0,1024,3.546142578,3.582763672,4.626464844,0.937683105,0.94720459,0.954833984,3.7824602095730975
bv_direct,0,double,vienot,1,1024,3.540039062,3.546142578,3.936767578,0.93951416,0.94720459,0.954833984,3.7437979243745008
bv_direct,0,float,brettel,0,1024,7.049560547,7.055664062,7.781982422,1.819152832,1.821594238,1.827087402,3.8733456193552143
bv_direct,0,float,brettel,1,1024,7.049560547,7.055664062,8.013916016,1.817321777,1.820983887,2.534973145,3.8746438737708613
bv_direct,0,float,brettel,2,1024,7.055664062,7.055664062,8.001708984,1.806945801,1.809661865,2.671264648,3.8988853102676173
bv_direct,0,float,lookup,0,1024,23.449707031,23.641967773,25.823974609,3.435974121,3.4454345705,3.558837891,6.861824623060275
bv_direct,0,float,lookup,1,1024,23.455810547,23.7396240235,25.677490234,3.432312012,3.444824219,4.184753418,6.891389085272801
bv_direct,0,float,lookup,2,1024,23.461914062,23.562622070499998,24.517822266,3.436584473,3.4454650879999997,4.22088623,6.838734820609507
bv_direct,0,float,lookupApply,0,1024,37.084960938,37.496948242,38.598632812,8.341430664,8.4147949215,10.374572754,4.456073925960383
bv_direct,0,float,lookupApply,1,1024,37.084960938,37.5366210935,55.206298828,8.359191895,8.4264221195,9.398986816,4.454633361724741
bv_direct,0,float,lookupApply,2,1024,37.084960938,37.4786376955,38.336181641,8.341491699,8.430114746000001,9.366577148,4.445803980697085
bv_direct,0,float,prepared,0,1024,14.093017578,14.093017578,15.277099609,0.612487793,0.614318848,0.616760254,22.940884239319317
bv_direct,0,float,prepared,1,1024,14.093017578,14.093017578,14.916992188,0.612487793,0.6143493655000001,0.616821289,22.939744662273924
bv_direct,0,float,prepared,2,1024,14.093017578,14.093017578,15.081787109,0.613098145,0.614929199,0.616149902,22.918114151870025
bv_direct,0,float,vienot,0,1024,3.002929688,3.002929688,4.107666016,0.612487793,0.6140441895,0.615539551,4.8904130017828304
bv_direct,0,float,vienot,1,1024,3.002929688,3.002929688,3.515625,0.61126709,0.614318848,1.060546875,4.888226525649429
bv_split,0,double,brettel,0,1024,4.345703125,4.351806641,7.800292969,3.530761719,3.53503418,5.148742676,1.231050795950154
bv_split,0,double,brettel,1,1024,4.351806641,4.351806641,4.370117188,3.488586426,3.5135803225,3.533752441,1.238567569704392
bv_split,0,double,brettel,2,1024,4.351806641,4.357910156,5.249023438,3.580200195,3.5921630860000002,4.666503906,1.2131715770323463
bv_split,0,double,lookup,0,1024,30.212402344,34.8052978515,38.659667969,4.88470459,4.8895874025,5.720947266,7.118248430062704
bv_split,0,double,lookup,1,1024,30.242919922,34.829711914,60.693359375,4.882873535,4.891418457,5.60723877,7.1205749866188555
bv_split,0,double,lookup,2,1024,30.218505859,35.1348876955,40.270996094,4.878601074,4.885620117,5.267333984,7.191489893625718
bv_split,0,double,lookupApply,0,1024,40.893554688,41.943359375,48.004150391,8.205749512,8.212799072500001,9.280334473,5.107072388443605
bv_split,0,double,lookupApply,1,1024,40.863037109,41.415405273,42.742919922,8.204528809,8.214630127,9.002868652,5.041664035106714
bv_split,0,double,lookupApply,2,1024,40.844726562,41.372680664,41.9921875,8.20880127,8.214324951,9.321960449,5.036650109509407
bv_split,0,double,prepared,0,1024,16.790771484,16.796875,18.084716797,0.93951416,0.949005127,0.956054688,17.69945653834176
bv_split,0,double,prepared,1,1024,16.790771484,16.8548583985,17.834472656,0.93951416,0.9526672365,1.78125,17.692283047775412
bv_split,0,double,prepared,2,1024,16.790771484,16.796875,18.365478516,0.940795898,0.949005127,0.957824707,17.69945653834176
bv_split,0,double,vienot,0,1024,3.540039062,3.546142578,9.942626953,0.93951416,0.9502258299999999,1.117980957,3.7318945307980105
bv_split,0,double,vienot,1,1024,3.546142578,3.552246094,4.382324219,0.93951416,0.9468688965000001,0.954833984,3.751571212372166
bv_split,0,float,brettel,0,1024,3.80859375,3.80859375,3.857421875,1.817932129,1.832305908,1.848449707,2.078579637478307
bv_split,0,float,brettel,1,1024,3.802490234,3.80859375,5.029296875,1.817932129,1.838104248,2.533691406,2.072022712609497
bv_split,0,float,brettel,2,1024,3.80859375,3.80859375,3.826904297,1.806884766,1.811218262,2.436523438,2.1027801176178733
bv_split,0,float,lookup,0,1024,23.565673828,23.6877441405,25.769042969,3.437805176,3.4411621095,7.744873047,6.883646682934628
bv_split,0,float,lookup,1,1024,23.565673828,23.6236572265,24.713134766,3.433532715,3.445800781,4.500183105,6.855781494031764
bv_split,0,float,lookup,2,1024,23.553466797,23.6236572265,24.792480469,3.437194824,3.4393615725,4.435424805,6.868616959434264
bv_split,0,float,lookupApply,0,1024,37.255859375,38.0432128905,38.873291016,8.419067383,8.4786987305,9.612304688,4.486916459674295
bv_split,0,float,lookupApply,1,1024,37.133789062,38.165283203499996,55.169677734,8.365905762,8.479583739999999,10.947937012,4.500843953396703
bv_split,0,float,lookupApply,2,1024,37.231445312,37.677001953499996,38.153076172,8.428283691,8.466156006,9.831115723,4.4503080178062095
bv_split,0,float,prepared,0,1024,14.093017578,14.093017578,15.008544922,0.611877441,0.6170654295,0.674865723,22.838773498329644
bv_split,0,float,prepared,1,1024,14.093017578,14.093017578,16.064453125,0.612487793,0.616760254,0.622253418,22.850074217006856
bv_split,0,float,prepared,2,1024,14.093017578,14.093017578,15.130615234,0.613708496,0.616455078,0.622253418,22.861386143046744
bv_split,0,float,vienot,0,1024,3.002929688,3.002929688,4.669189453,0.611877441,0.6170654295,0.621704102,4.866468845018971
bv_split,0,float,vienot,1,1024,3.002929688,3.002929688,5.084228516,0.613098145,0.6173706055,0.622253418,4.864063272931448
bv_portable,0,double,brettel,0,1024,4.351806641,4.351806641,4.742431641,3.532592773,3.5362243655,3.542358398,1.2306364617180283
bv_portable,0,double,brettel,1,1024,4.351806641,4.364013672,5.194091797,3.488525391,3.5111694335,3.533752441,1.2428946408461605
bv_portable,0,double,brettel,2,1024,4.357910156,4.357910156,6.225585938,3.575378418,3.5906066895000004,3.625488281,1.2136974424806322
bv_portable,0,double,lookup,0,1024,30.218505859,36.9873046875,44.116210938,4.877380371,4.8850097654999995,6.04675293,7.571592783441285
bv_portable,0,double,lookup,1,1024,30.169677734,36.7950439455,62.481689453,4.876708984,4.885620117,6.165283203,7.531294505986659
bv_portable,0,double,lookup,2,1024,30.2734375,37.008666992,51.574707031,4.877929688,4.888061523499999,5.303405762,7.571235921249347
bv_portable,0,double,lookupApply,0,1024,40.850830078,41.3360595705,41.925048828,8.200866699,8.2195129395,9.207641602,5.029015694087406
bv_portable,0,double,lookupApply,1,1024,40.765380859,41.323852539,42.095947266,8.190429688,8.215209961,9.094543457,5.0301638954057655
bv_portable,0,double,lookupApply,2,1024,40.789794922,41.781616211,51.605224609,8.191101074,8.218261719000001,12.856323242,5.083996791487433
bv_portable,0,double,prepared,0,1024,16.790771484,16.8029785155,19.384765625,0.940734863,0.9523620605,1.832580566,17.64347742567387
bv_portable,0,double,prepared,1,1024,16.790771484,16.796875,17.749023438,0.940734863,0.952331543,1.756774902,17.637633787795266
bv_portable,0,double,prepared,2,1024,16.790771484,16.796875,17.913818359,0.941345215,0.94934082,0.961547852,17.693197897041866
bv_portable,0,double,vienot,0,1024,19.293212891,19.494628906,20.037841797,0.940124512,0.9474487305,1.816711426,20.57591960222696
bv_portable,0,double,vienot,1,1024,19.250488281,19.302368164,20.709228516,0.940185547,0.9471435545,1.852722168,20.379559225517593
bv_portable,0,float,brettel,0,1024,3.80859375,3.80859375,5.004882812,1.819763184,1.8405456545,1.866210938,2.0692742615149293
bv_portable,0,float,brettel,1,1024,3.802490234,3.80859375,4.766845703,1.81854248,1.8601074215,2.498291016,2.0475127973677623
bv_portable,0,float,brettel,2,1024,3.80859375,3.80859375,4.217529297,1.807556152,1.8224792485,1.839355469,2.089787169392837
bv_portable,0,float,lookup,0,1024,23.565673828,23.602294922,24.627685547,3.432922363,3.4405822754999997,3.458618164,6.859971083984618
bv_portable,0,float,lookup,1,1024,23.559570312,23.629760742000002,24.389648438,3.433532715,3.4396362304999997,4.495300293,6.869842959691433
bv_portable,0,float,lookup,2,1024,23.571777344,23.669433594,24.139404297,3.433532715,3.4445495605,4.22265625,6.871561340102832
bv_portable,0,float,lookupApply,0,1024,37.261962891,37.8814697265,39.367675781,8.409912109,8.508941650499999,9.856201172,4.4519602181399405
bv_portable,0,float,lookupApply,1,1024,36.975097656,37.997436523,55.822753906,8.392150879,8.513519287000001,9.253479004,4.463187929934151
bv_portable,0,float,lookupApply,2,1024,36.975097656,37.658691406,37.847900391,8.427001953,8.5043640135,12.949279785,4.428160806171964
bv_portable,0,float,prepared,0,1024,14.093017578,14.093017578,21.807861328,0.613098145,0.6210632325000001,0.632080078,22.691759615636236
bv_portable,0,float,prepared,1,1024,14.093017578,14.093017578,15.173339844,0.613098145,0.619812012,0.627807617,22.737567690120855
bv_portable,0,float,prepared,2,1024,14.093017578,14.093017578,15.106201172,0.613098145,0.620422363,0.627197266,22.71519922308152
bv_portable,0,float,vienot,0,1024,3.002929688,3.002929688,5.023193359,0.613098145,0.6207580564999999,0.625976562,4.837520281140323
bv_portable,0,float,vienot,1,1024,3.002929688,3.002929688,4.656982422,0.613098145,0.6201171875,0.627746582,4.842519685845669
bv_compiler,0,double,brettel,0,1024,4.351806641,4.351806641,4.376220703,3.533752441,3.5530395505000003,4.249572754,1.224812327345918
bv_compiler,0,double,brettel,1,1024,4.351806641,4.351806641,4.382324219,3.483703613,3.519744873,4.467163086,1.23639831806639
bv_compiler,0,double,brettel,2,1024,4.357910156,4.357910156,5.328369141,3.578430176,3.595550537,3.610778809,1.2120286201389583
bv_compiler,0,double,lookup,0,1024,30.249023438,30.7067871095,31.530761719,4.879821777,4.9091796875,5.907958984,6.254973145042371
bv_compiler,0,double,lookup,1,1024,30.145263672,30.5725097655,48.645019531,4.876159668,4.9069824220000005,5.596252441,6.230409472923927
bv_compiler,0,double,lookup,2,1024,30.218505859,30.6640625,32.434082031,4.877929688,4.906677246,6.134765625,6.249455784970944
bv_compiler,0,double,lookupApply,0,1024,40.472412109,41.04309082,41.265869141,8.192321777,8.287658691499999,9.170349121,4.952314320339311
bv_compiler,0,double,lookupApply,1,1024,40.466308594,41.0186767575,42.950439453,8.182495117,8.291351318499999,9.845214844,4.947164241608901
bv_compiler,0,double,lookupApply,2,1024,40.216064453,41.2170410155,42.510986328,8.188049316,8.289794922,10.339111328,4.972021793460236
bv_compiler,0,double,prepared,0,1024,16.790771484,16.796875,17.205810547,0.951782227,0.9557189945,0.960327148,17.57511893837326
bv_compiler,0,double,prepared,1,1024,16.790771484,16.796875,17.260742188,0.952392578,0.955444336,2.807617188,17.580171201098626
bv_compiler,0,double,prepared,2,1024,16.790771484,16.796875,17.67578125,0.951721191,0.9553833005,1.937133789,17.581294325753184
bv_compiler,0,double,vienot,0,1024,3.546142578,3.546142578,4.00390625,0.951721191,0.9557189939999999,1.805664062,3.710444806750383
bv_compiler,0,double,vienot,1,1024,3.546142578,3.546142578,3.936767578,0.952331543,0.9548034670000001,0.957885742,3.7140026199758234
bv_compiler,0,float,brettel,0,1024,3.802490234,3.80859375,4.235839844,1.820983887,1.831359863,1.839355469,2.0796533914208646
bv_compiler,0,float,brettel,1,1024,3.802490234,3.80859375,3.942871094,1.81854248,1.8365783690000002,2.710388184,2.073744205140423
bv_compiler,0,float,brettel,2,1024,3.80859375,3.80859375,4.089355469,1.808166504,1.81640625,1.824645996,2.096774193548387
bv_compiler,0,float,lookup,0,1024,23.547363281,23.599243164,24.749755859,3.438415527,3.4475708005000003,5.583374023,6.845180136859672
bv_compiler,0,float,lookup,1,1024,23.565673828,23.6572265625,24.206542969,3.437805176,3.442077637,4.328430176,6.872949729024372
bv_compiler,0,float,lookup,2,1024,23.553466797,23.663330078,24.066162109,3.443908691,3.4573669430000002,4.699523926,6.8443212618522455
bv_compiler,0,float,lookupApply,0,1024,37.243652344,38.003540039,40.155029297,8.388549805,8.4609680175,12.68762207,4.4916302674110655
bv_compiler,0,float,lookupApply,1,1024,37.237548828,37.7075195315,54.919433594,8.370178223,8.4564208985,12.699279785,4.459040057737495
bv_compiler,0,float,lookupApply,2,1024,36.962890625,37.530517578,37.872314453,8.391601562,8.453613280999999,9.32623291,4.439582972449435
bv_compiler,0,float,prepared,0,1024,14.093017578,14.093017578,15.979003906,0.613098145,0.617706299,1.280639648,22.815078299857195
bv_compiler,0,float,prepared,1,1024,14.093017578,14.093017578,15.313720703,0.613098145,0.617431641,0.621032715,22.825227348528447
bv_compiler,0,float,prepared,2,1024,14.093017578,14.093017578,14.495849609,0.613098145,0.6180114750000001,0.622314453,22.80381214280851
bv_compiler,0,float,vienot,0,1024,3.002929688,3.002929688,3.967285156,0.613708496,0.616455078,0.621704102,4.871287130511723
bv_compiler,0,float,vienot,1,1024,3.002929688,3.002929688,4.168701172,0.61315918,0.617126465,0.622253418,4.865987537902786
bv_vienot_index,0,double,brettel,0,1024,4.351806641,4.351806641,5.194091797,3.531311035,3.546936035,4.242248535,1.2269199664323802
bv_vienot_index,0,double,brettel,1,1024,4.351806641,4.351806641,4.748535156,3.487365723,3.5469055175,3.943359375,1.2269305228258027
bv_vienot_index,0,double,brettel,2,1024,4.351806641,4.357910156,4.797363281,3.57598877,3.6080322264999998,7.463623047,1.2078357072290968
bv_vienot_index,0,double,lookup,0,1024,30.194091797,30.615234375,30.926513672,4.877319336,4.881958008,5.82421875,6.2710974418115075
bv_vienot_index,0,double,lookup,1,1024,30.194091797,30.7556152345,48.095703125,4.876708984,4.884399414000001,5.951965332,6.296703571445477
bv_vienot_index,0,double,lookup,2,1024,30.145263672,30.5633544925,31.494140625,4.87677002,4.8868408205,5.856018066,6.254215272224253
bv_vienot_index,0,double,lookupApply,0,1024,40.850830078,41.1499023435,41.363525391,8.194152832,8.2919311525,9.392883301,4.962643995312647
bv_vienot_index,0,double,lookupApply,1,1024,40.814208984,41.2841796875,42.022705078,8.188659668,8.295349121000001,9.145263672,4.976786279312523
bv_vienot_index,0,double,lookupApply,2,1024,41.040039062,41.467285156,44.409179688,8.192260742,8.2990112305,9.831176758,4.9966536981661225
bv_vienot_index,0,double,prepared,0,1024,16.790771484,16.796875,17.706298828,0.952331543,0.956054688,0.962768555,17.568947896838303
bv_vienot_index,0,double,prepared,1,1024,16.790771484,16.796875,17.28515625,0.951171875,0.955993652,0.957885742,17.570069597073015
bv_vienot_index,0,double,prepared,2,1024,16.790771484,16.796875,17.67578125,0.952392578,0.9554138185000001,0.992675781,17.580732740888234
bv_vienot_index,0,double,vienot,0,1024,1.800537109,1.803588867,1.812744141,0.952331543,0.9554138185000001,1.097229004,1.8877567312472359
bv_vienot_index,0,double,vienot,1,1024,1.800537109,1.818847656,2.307128906,0.951782227,0.955383301,0.957885742,1.903788410469611
bv_vienot_index,0,float,brettel,0,1024,3.80859375,3.80859375,4.235839844,1.817932129,1.8353576660000002,3.006896973,2.075123459886973
bv_vienot_index,0,float,brettel,1,1024,3.802490234,3.80859375,4.211425781,1.814880371,1.8320007325,1.849121094,2.0789258882023947
bv_vienot_index,0,float,brettel,2,1024,3.80859375,3.811645508,4.943847656,1.807556152,1.8161315915,1.824645996,2.0987716561066163
bv_vienot_index,0,float,lookup,0,1024,23.565673828,23.617553711,24.676513672,3.433532715,3.4430236814999997,4.239196777,6.8595385613818065
bv_vienot_index,0,float,lookup,1,1024,23.553466797,23.617553711,24.572753906,3.432312012,3.439941406,4.681762695,6.865684883412808
bv_vienot_index,0,float,lookup,2,1024,23.565673828,23.962402343500003,32.281494141,3.433532715,3.4463500975,3.459228516,6.952979722194345
bv_vienot_index,0,float,lookupApply,0,1024,37.030029297,37.7502441405,40.441894531,8.406860352,8.4548339845,11.299377441,4.464930264710865
bv_vienot_index,0,float,lookupApply,1,1024,36.968994141,37.7502441405,55.712890625,8.385437012,8.4579467775,9.262634277,4.463287028587595
bv_vienot_index,0,float,lookupApply,2,1024,37.249755859,37.6373291015,38.842773438,8.414245605,8.473815918,10.45526123,4.441603342072979
bv_vienot_index,0,float,prepared,0,1024,14.093017578,14.093017578,15.081787109,0.611877441,0.6167907715000001,0.62109375,22.848943643768507
bv_vienot_index,0,float,prepared,1,1024,14.093017578,14.093017578,15.087890625,0.611877441,0.617706299,0.621643066,22.815078299857195
bv_vienot_index,0,float,prepared,2,1024,14.093017578,14.093017578,14.538574219,0.61315918,0.617401123,0.622253418,22.826355594432567
bv_vienot_index,0,float,vienot,0,1024,1.794433594,1.794433594,2.447509766,0.612487793,0.617980957,0.622253418,2.903703704255081
bv_vienot_index,0,float,vienot,1,1024,1.794433594,1.794433594,3.002929688,0.613098145,0.6174011235000001,0.620483398,2.9064307233966344
bv_vienot_static,0,double,brettel,0,1024,4.351806641,4.351806641,4.803466797,3.558898926,3.565246582,6.835266113,1.2206186980084732
bv_vienot_static,0,double,brettel,1,1024,4.351806641,4.351806641,4.754638672,3.527648926,3.561279297,4.047241211,1.2219784740460922
bv_vienot_static,0,double,brettel,2,1024,4.351806641,4.357910156,4.779052734,3.598571777,3.612609863,8.412353516,1.206305225657853
bv_vienot_static,0,double,lookup,0,1024,30.285644531,30.462646484,30.963134766,4.87121582,4.882537842,5.767944336,6.23910094909204
bv_vienot_static,0,double,lookup,1,1024,30.279541016,30.6701660155,48.443603516,4.870666504,4.8810424805,5.962402344,6.283527778753984
bv_vienot_static,0,double,lookup,2,1024,30.169677734,30.859375,33.715820312,4.871887207,4.883178710999999,5.317443848,6.319526035466451
bv_vienot_static,0,double,lookupApply,0,1024,40.258789062,40.808105469,43.566894531,8.198425293,8.292602539499999,9.15814209,4.921025127469876
bv_vienot_static,0,double,lookupApply,1,1024,40.167236328,40.863037109,41.650390625,8.203979492,8.2934875485,10.397766113,4.927123465253249
bv_vienot_static,0,double,lookupApply,2,1024,40.142822266,40.91796875,42.730712891,8.204528809,8.2922363285,9.250427246,4.934491387970576
bv_vienot_static,0,double,prepared,0,1024,16.790771484,16.796875,17.291259766,0.959716797,0.969177246,0.976867676,17.33106618972357
bv_vienot_static,0,double,prepared,1,1024,16.790771484,16.796875,17.211914062,0.95904541,0.973754883,1.769042969,17.249592575342188
bv_vienot_static,0,double,prepared,2,1024,16.790771484,16.796875,17.681884766,0.959106445,0.9688415525,0.977416992,17.337071223521868
bv_vienot_static,0,double,vienot,0,1024,2.453613281,2.7252197264999998,2.966308594,0.954772949,0.966430664,0.973815918,2.8198812682748233
bv_vienot_static,0,double,vienot,1,1024,2.453613281,2.716064453,3.295898438,0.956665039,0.9658203125,0.975585938,2.8121840241375127
bv_vienot_static,0,float,brettel,0,1024,3.80859375,3.814697266,7.684326172,1.819152832,1.8212890625,3.30456543,2.0945040216536195
bv_vienot_static,0,float,brettel,1,1024,3.802490234,3.80859375,4.412841797,1.819152832,1.8212890625,2.225646973,2.091152815013405
bv_vienot_static,0,float,brettel,2,1024,3.80859375,3.8177490235000002,4.833984375,1.808166504,1.809967041,1.825866699,2.1092920130693145
bv_vienot_static,0,float,lookup,0,1024,23.559570312,23.6358642575,24.627685547,3.434753418,3.44241333,3.879150391,6.8660738823887835
bv_vienot_static,0,float,lookup,1,1024,23.565673828,23.651123047,26.879882812,3.434753418,3.4408569335,3.884033203,6.873614190910969
bv_vienot_static,0,float,lookup,2,1024,23.571777344,23.8525390625,27.453613281,3.432922363,3.438415527,4.341247559,6.9370728683601595
bv_vienot_static,0,float,lookupApply,0,1024,37.249755859,37.957763672,41.076660156,8.360351562,8.445983887,9.385559082,4.494179029920282
bv_vienot_static,0,float,lookupApply,1,1024,37.243652344,37.777709961,55.364990234,8.346313477,8.4377441405,9.661804199,4.477228668225698
bv_vienot_static,0,float,lookupApply,2,1024,37.237548828,37.725830078499996,39.056396484,8.36529541,8.4310302735,9.270568848,4.474640566417841
bv_vienot_static,0,float,prepared,0,1024,14.093017578,14.093017578,15.203857422,0.611877441,0.615539551,0.617370605,22.895389183529492
bv_vienot_static,0,float,prepared,1,1024,14.093017578,14.093017578,15.148925781,0.611877441,0.6143493655000001,0.617431641,22.939744662273924
bv_vienot_static,0,float,prepared,2,1024,14.093017578,14.093017578,14.672851562,0.612487793,0.614318848,0.616149902,22.940884239319317
bv_vienot_static,0,float,vienot,0,1024,6.243896484,6.539916992,7.391357422,0.611328125,0.614929199,0.616760254,10.635235735488306
bv_vienot_static,0,float,vienot,1,1024,6.243896484,6.585693359,7.147216797,0.613708496,0.614318848,0.617370605,10.720317926823563
default,1,double,brettel,0,1024,18.176269531,18.5485839845,19.146728516,3.519775391,3.53314209,4.328430176,5.249883393311249
default,1,double,brettel,1,1024,18.45703125,18.6614990235,19.061279297,3.486083984,3.531341553,3.937805176,5.284535280266615
default,1,double,brettel,2,1024,18.170166016,18.957519531000003,31.146240234,3.572937012,3.5939941405,3.988525391,5.274777528814394
default,1,double,lookup,0,1024,30.194091797,34.591674805000004,38.806152344,4.872436523,4.881347656,5.776550293,7.086500950712043
default,1,double,lookup,1,1024,30.297851562,38.2476806645,54.284667969,4.872436523,4.8825683595000005,5.829711914,7.833516675722848
default,1,double,lookup,2,1024,30.328369141,35.412597656,38.671875,4.874267578,4.8825683595000005,5.947692871,7.252862642895272
default,1,double,lookupApply,0,1024,40.899658203,41.37878418,42.236328125,8.192932129,8.2106323245,10.115966797,5.039658645598872
default,1,double,lookupApply,1,1024,41.015625,41.424560547,41.693115234,8.19720459,8.214355468499999,9.376953125,5.042947155848421
default,1,double,lookupApply,2,1024,40.783691406,41.5954589845,42.913818359,8.198425293,8.2130737305,10.351379395,5.064542259012172
default,1,double,prepared,0,1024,16.790771484,16.796875,17.236328125,0.941955566,0.9526672365,1.732971191,17.631418775048846
default,1,double,prepared,1,1024,16.790771484,16.796875,17.297363281,0.94140625,0.9514770505,1.660827637,17.653473608399974
default,1,double,prepared,2,1024,16.790771484,16.796875,32.427978516,0.940734863,0.9481201175,0.955444336,17.7159778491885
default,1,double,vienot,0,1024,19.268798828,19.500732422,19.946289062,0.938903809,0.9468688965000001,0.956054688,20.594965674849366
default,1,double,vienot,1,1024,19.244384766,19.515991211,19.927978516,0.940124512,0.946563721,0.956054688,20.617725756890696
default,1,float,brettel,0,1024,37.371826172,37.829589844,38.507080078,1.820983887,1.824035645,3.194519043,20.739501416925435
default,1,float,brettel,1,1024,37.188720703,37.79296875,38.336181641,1.819763184,1.823120117,2.940185547,20.72982926225919
default,1,float,brettel,2,1024,37.353515625,42.7978515625,46.868896484,1.807556152,1.8115234375,2.547790527,23.62533692722372
default,1,float,lookup,0,1024,23.541259766,23.635864257999998,26.086425781,3.434753418,3.4423828125,4.171325684,6.866134751827517
default,1,float,lookup,1,1024,23.565673828,23.666381836,25.073242188,3.433532715,3.439025879,7.343811035,6.88171088810815
default,1,float,lookup,2,1024,23.553466797,23.599243164,24.688720703,3.43170166,3.436584473,3.819213867,6.867063315163852
default,1,float,lookupApply,0,1024,37.261962891,37.683105469,39.178466797,8.41784668,8.457916260000001,9.243041992,4.455365164492654
default,1,float,lookupApply,1,1024,37.243652344,37.728881836,46.343994141,8.421508789,8.4407958985,9.368408203,4.4698251550786505
default,1,float,lookupApply,2,1024,37.091064453,37.5518798825,38.409423828,8.409301758,8.451812744000001,9.660583496,4.44305630282194
default,1,float,prepared,0,1024,14.093017578,14.093017578,14.892578125,0.611877441,0.6146545409999999,0.615600586,22.92835509694868
default,1,float,prepared,1,1024,14.093017578,14.093017578,15.216064453,0.613098145,0.6149597165,0.617370605,22.916976835831488
default,1,float,prepared,2,1024,14.093017578,14.093017578,14.990234375,0.613098145,0.614929199,0.644897461,22.918114151870025
default,1,float,vienot,0,1024,22.149658203,22.488403320000003,23.089599609,0.613098145,0.614929199,0.756164551,36.57071961547886
default,1,float,vienot,1,1024,22.137451172,22.7142333985,23.876953125,0.612487793,0.614318848,0.616760254,36.9746646589948
bv_direct,1,double,brettel,0,1024,8.410644531,8.416748047,8.819580078,3.520385742,3.535003662,3.555175781,2.3809729357502434
bv_direct,1,double,brettel,1,1024,8.410644531,8.410644531,9.655761719,3.489746094,3.5191040035,3.560058594,2.389996011096863
bv_direct,1,double,brettel,2,1024,8.416748047,8.489990234,8.941650391,3.573547363,3.5881652830000004,3.966552734,2.366109017949606
bv_direct,1,double,lookup,0,1024,30.169677734,30.844116211,31.994628906,4.879211426,4.890197754,5.77532959,6.307335155469052
bv_direct,1,double,lookup,1,1024,30.169677734,30.773925781000003,46.19140625,4.87677002,4.891113281,7.555358887,6.291803933583848
bv_direct,1,double,lookup,2,1024,30.139160156,30.679321289,32.489013672,4.873718262,4.885925293,4.901245117,6.279122059633997
bv_direct,1,double,lookupApply,0,1024,40.460205078,41.0552978515,42.059326172,8.190429688,8.2467041015,9.157470703,4.978388620010316
bv_direct,1,double,lookupApply,1,1024,40.356445312,40.979003906,42.834472656,8.192871094,8.250701904500001,9.134887695,4.96672942257794
bv_direct,1,double,lookupApply,2,1024,40.435791016,41.192626953499996,41.851806641,8.19354248,8.253417969,8.694213867,4.990977932805574
bv_direct,1,double,prepared,0,1024,16.790771484,16.796875,17.254638672,0.945068359,0.952392578,1.625976562,17.636503462965877
bv_direct,1,double,prepared,1,1024,16.790771484,16.796875,18.920898438,0.946838379,0.9505310060000001,1.670593262,17.67104375761941
bv_direct,1,double,prepared,2,1024,16.790771484,16.796875,18.402099609,0.945678711,0.950836182,1.88092041,17.665372140834247
bv_direct,1,double,vienot,0,1024,3.546142578,3.546142578,3.979492188,0.945617676,0.950256348,1.907165527,3.7317746789732573
bv_direct,1,double,vienot,1,1024,3.546142578,3.5491943360000002,4.022216797,0.945007324,0.9505310060000001,0.955383301,3.733906956844709
bv_direct,1,float,brettel,0,1024,7.049560547,7.131958008,8.422851562,1.819763184,1.821594238,1.828918457,3.915228682228627
bv_direct,1,float,brettel,1,1024,7.049560547,7.055664062,8.30078125,1.819152832,1.824645996,2.585693359,3.866867369049925
bv_direct,1,float,brettel,2,1024,7.055664062,7.055664062,7.495117188,1.808105469,1.809997559,2.300231934,3.8981621974662564
bv_direct,1,float,lookup,0,1024,23.455810547,23.6907958985,25.042724609,3.435974121,3.4408874515,3.468383789,6.885083058491894
bv_direct,1,float,lookup,1,1024,23.480224609,23.547363281,23.956298828,3.436584473,3.448486328,6.11340332,6.828318584245812
bv_direct,1,float,lookup,2,1024,23.455810547,23.480224609,23.876953125,3.432312012,3.440246582,4.859680176,6.825157455820997
bv_direct,1,float,lookupApply,0,1024,37.084960938,37.588500977,39.617919922,8.408081055,8.4520874025,9.534057617,4.447244708553521
bv_direct,1,float,lookupApply,1,1024,37.084960938,37.5885009765,52.954101562,8.380554199,8.449951172,9.612304688,4.448369015557668
bv_direct,1,float,lookupApply,2,1024,37.084960938,38.134765625,39.874267578,8.389770508,8.4319152835,9.218017578,4.522669446125016
bv_direct,1,float,prepared,0,1024,14.093017578,14.096069336,14.611816406,0.612487793,0.614318848,0.616760254,22.945851949507496
bv_direct,1,float,prepared,1,1024,14.093017578,14.093017578,16.40625,0.612548828,0.614379883,0.616210938,22.938605198438765
bv_direct,1,float,prepared,2,1024,14.093017578,14.093017578,14.611816406,0.612487793,0.614929199,0.616210938,22.918114151870025
bv_direct,1,float,vienot,0,1024,3.002929688,3.002929688,3.375244141,0.613098145,0.614929199,0.616760254,4.883374692376577
bv_direct,1,float,vienot,1,1024,3.002929688,3.002929688,3.448486328,0.611877441,0.6140441895,0.616210938,4.8904130017828304
bv_split,1,double,brettel,0,1024,4.351806641,4.357910156,4.815673828,3.530761719,3.566162109,4.350402832,1.222016841298899
bv_split,1,double,brettel,1,1024,4.351806641,4.354858398499999,4.766845703,3.486694336,3.5679931639999998,4.536254883,1.2205344008052588
bv_split,1,double,brettel,2,1024,4.357910156,4.357910156,4.791259766,3.482421875,3.557647705,3.626708984,1.224941454960617
bv_split,1,double,lookup,0,1024,30.17578125,30.4595947265,30.914306641,4.875488281,4.884094237999999,5.801574707,6.236487922266828
bv_split,1,double,lookup,1,1024,30.212402344,30.6823730465,45.910644531,4.87677002,4.884094238,5.708068848,6.282100948785993
bv_split,1,double,lookup,2,1024,30.17578125,30.7464599605,40.838623047,4.870605469,4.882537842,5.916564941,6.297229218791993
bv_split,1,double,lookupApply,0,1024,40.667724609,41.192626953,41.564941406,8.205749512,8.372650146,9.160583496,4.919903045594186
bv_split,1,double,lookupApply,1,1024,40.91796875,41.4306640625,43.927001953,8.202697754,8.3695678715,9.835998535,4.950155694845303
bv_split,1,double,lookupApply,2,1024,40.850830078,41.305541992,42.059326172,8.206359863,8.375061035,9.479064941,4.9319690709573445
bv_split,1,double,prepared,0,1024,16.790771484,16.796875,18.505859375,0.951782227,0.9627685545,0.974365234,17.446430838949883
bv_split,1,double,prepared,1,1024,16.790771484,16.796875,17.297363281,0.952392578,0.9627685545,0.973754883,17.446430838949883
bv_split,1,double,prepared,2,1024,16.790771484,16.796875,17.706298828,0.95111084,0.9633789065,2.811279297,17.435377593042617
bv_split,1,double,vienot,0,1024,3.546142578,3.5491943360000002,4.022216797,0.950500488,0.962158203,1.448120117,3.6887845729877338
bv_split,1,double,vienot,1,1024,3.540039062,3.546142578,3.961181641,0.951721191,0.963043213,1.012878418,3.6822258130591283
bv_split,1,float,brettel,0,1024,3.80859375,3.80859375,5.303955078,1.81854248,1.821594238,1.82409668,2.0908024798001144
bv_split,1,float,brettel,1,1024,3.802490234,3.80859375,4.736328125,1.817932129,1.819763184,1.822814941,2.0929062547734234
bv_split,1,float,brettel,2,1024,3.80859375,3.814697266,4.327392578,1.808166504,1.809387207,1.811218262,2.1082813293042144
bv_split,1,float,lookup,0,1024,23.577880859,23.605346679999997,25.0,3.43963623,3.445800781,3.451293945,6.850467621389745
bv_split,1,float,lookup,1,1024,23.577880859,23.7396240235,24.694824219,3.433532715,3.4387817380000003,4.267333984,6.903498341045336
bv_split,1,float,lookup,2,1024,23.565673828,23.6419677735,26.177978516,3.431091309,3.4371948244999997,4.205566406,6.878273993950616
bv_split,1,float,lookupApply,0,1024,37.243652344,37.683105469,38.421630859,8.361022949,8.415740967,11.940673828,4.477693124914832
bv_split,1,float,lookupApply,1,1024,37.097167969,37.771606445,53.259277344,8.397094727,8.4178466795,10.120910645,4.487086529739877
bv_split,1,float,lookupApply,2,1024,37.054443359,37.6953125,38.800048828,8.398925781,8.419097900499999,9.346984863,4.477357662958323
bv_split,1,float,prepared,0,1024,14.093017578,14.093017578,16.137695312,0.613098145,0.614379883,1.389404297,22.938605198438765
bv_split,1,float,prepared,1,1024,14.093017578,14.1021728515,23.474121094,0.612487793,0.614379883,0.616149902,22.95350684765178
bv_split,1,float,prepared,2,1024,14.093017578,14.093017578,15.222167969,0.612487793,0.614929199,0.616149902,22.918114151870025
bv_split,1,float,vienot,0,1024,3.002929688,3.002929688,3.009033203,0.611877441,0.614318848,0.615539551,4.888226525649429
bv_split,1,float,vienot,1,1024,3.002929688,3.002929688,3.814697266,0.611877441,0.613769531,0.615539551,4.892601434788395
bv_portable,1,double,brettel,0,1024,4.351806641,4.357910156,4.766845703,3.531311035,3.534423828,4.378601074,1.2329902603859426
bv_portable,1,double,brettel,1,1024,4.351806641,4.357910156,4.382324219,3.485473633,3.5105285645,3.536193848,1.241382907425706
bv_portable,1,double,brettel,2,1024,4.357910156,4.364013672,4.815673828,3.57598877,3.5897216800000002,4.328430176,1.2156969428337405
bv_portable,1,double,lookup,0,1024,30.169677734,38.0218505855,45.831298828,4.875549316,4.890197754,6.161010742,7.775115138114719
bv_portable,1,double,lookup,1,1024,30.212402344,44.662475586,46.313476562,4.874938965,4.8880615235,5.309570312,9.137052668277446
bv_portable,1,double,lookup,2,1024,30.194091797,38.2720947265,46.588134766,4.870605469,4.888977051,5.858459473,7.828241844308056
bv_portable,1,double,lookupApply,0,1024,40.924072266,41.3299560545,41.937255859,8.210632324,8.221374512,8.969238281,5.027134573929747
bv_portable,1,double,lookupApply,1,1024,40.765380859,41.354370117,43.127441406,8.21307373,8.221679688,9.481506348,5.029917448299404
bv_portable,1,double,lookupApply,2,1024,40.893554688,41.50390625,43.432617188,8.208190918,8.2219543455,9.229614258,5.0479368415267
bv_portable,1,double,prepared,0,1024,16.790771484,16.809082031,17.291259766,0.942565918,0.9536132815,1.816101074,17.62672810571588
bv_portable,1,double,prepared,1,1024,16.790771484,16.796875,17.413330078,0.942565918,0.948669434,0.957824707,17.7057196089655
bv_portable,1,double,prepared,2,1024,16.790771484,16.796875,17.742919922,0.94140625,0.9490356445,0.959106445,17.69888738883927
bv_portable,1,double,vienot,0,1024,19.274902344,19.500732422,21.014404297,0.93951416,0.9468688965000001,0.955993652,20.594965674849366
bv_portable,1,double,vienot,1,1024,19.250488281,19.592285156000003,20.452880859,0.940124512,0.947784424,1.458496094,20.671668218932457
bv_portable,1,float,brettel,0,1024,3.80859375,3.80859375,5.853271484,1.820373535,1.831970215,1.84173584,2.078960519562814
bv_portable,1,float,brettel,1,1024,3.802490234,3.80859375,4.650878906,1.816711426,1.8338317869999998,2.900512695,2.07685011078936
bv_portable,1,float,brettel,2,1024,3.80859375,3.814697266,4.229736328,1.808166504,1.8170166019999998,2.673095703,2.099428955025035
bv_portable,1,float,lookup,0,1024,23.559570312,23.669433593500003,24.487304688,3.432922363,3.4417724610000002,3.460449219,6.877105869637558
bv_portable,1,float,lookup,1,1024,23.559570312,23.6389160155,24.578857422,3.433532715,3.440856934,4.1328125,6.870066517999554
bv_portable,1,float,lookup,2,1024,23.547363281,23.651123047,25.042724609,3.433532715,3.440551758,5.300415039,6.87422387761097
bv_portable,1,float,lookupApply,0,1024,37.091064453,37.7655029295,38.946533203,8.387878418,8.4475097655,9.331115723,4.470607785946099
bv_portable,1,float,lookupApply,1,1024,37.054443359,37.561035156,52.63671875,8.392822266,8.451171875,9.230834961,4.44447654260966
bv_portable,1,float,lookupApply,2,1024,37.036132812,37.670898438,38.012695312,8.350036621,8.433746337999999,11.361755371,4.466686206610926
bv_portable,1,float,prepared,0,1024,14.093017578,14.093017578,15.13671875,0.613098145,0.6176757815,1.439575195,22.816205524159763
bv_portable,1,float,prepared,1,1024,14.093017578,14.093017578,14.886474609,0.613098145,0.6173706055,1.495788574,22.82748393339242
bv_portable,1,float,prepared,2,1024,14.093017578,14.147949219,14.532470703,0.611877441,0.6173706055,0.79284668,22.916460701172788
bv_portable,1,float,vienot,0,1024,3.002929688,3.002929688,3.411865234,0.612487793,0.617980957,0.621704102,4.859259260314069
bv_portable,1,float,vienot,1,1024,3.002929688,3.0059814455,3.009033203,0.611877441,0.616210938,0.621032715,4.8781695684538455
bv_compiler,1,double,brettel,0,1024,4.351806641,4.351806641,4.766845703,3.530700684,3.5790100095,4.244689941,1.2159246913109254
bv_compiler,1,double,brettel,1,1024,4.351806641,4.351806641,5.023193359,3.528930664,3.546936035,4.516113281,1.2269199664323802
bv_compiler,1,double,brettel,2,1024,4.357910156,4.357910156,4.840087891,3.591247559,3.6196289065,3.629150391,1.203966005513499
bv_compiler,1,double,lookup,0,1024,30.194091797,30.6182861325,32.012939453,4.876159668,4.890197754,5.753295898,6.261155002873939
bv_compiler,1,double,lookup,1,1024,30.194091797,30.694580078,46.459960938,4.874328613,4.897552490500001,5.755187988,6.2673304956995635
bv_compiler,1,double,lookup,2,1024,30.230712891,30.627441406499997,31.634521484,4.876159668,4.8932495115000005,7.121337891,6.259121128918544
bv_compiler,1,double,lookupApply,0,1024,40.081787109,40.6158447265,43.286132812,8.200866699,8.2174072265,9.182617188,4.942659357993057
bv_compiler,1,double,lookupApply,1,1024,39.971923828,40.966796875,41.589355469,8.198425293,8.221618652,8.977233887,4.982814042954227
bv_compiler,1,double,lookupApply,2,1024,40.472412109,41.3299560545,45.660400391,8.200866699,8.2207336425,9.364135742,5.02752647778662
bv_compiler,1,double,prepared,0,1024,16.790771484,16.796875,17.321777344,0.940734863,0.9599914555,0.979858398,17.49690052319429
bv_compiler,1,double,prepared,1,1024,16.790771484,16.793823242000002,17.266845703,0.938903809,0.959411621,1.917602539,17.50429416781059
bv_compiler,1,double,prepared,2,1024,16.790771484,16.796875,17.974853516,0.940734863,0.974975586,1.848510742,17.22799549157121
bv_compiler,1,double,vienot,0,1024,3.540039062,3.546142578,3.948974609,0.938964844,0.9572753905,1.666381836,3.7044121401134045
bv_compiler,1,double,vienot,1,1024,3.540039062,3.546142578,3.948974609,0.93951416,0.958770752,0.978637695,3.6986344969355094
bv_compiler,1,float,brettel,0,1024,3.80859375,3.80859375,3.826904297,1.820983887,1.8316955565000002,1.842407227,2.0792722548704834
bv_compiler,1,float,brettel,1,1024,3.80859375,3.8360595705,3.869628906,1.819152832,1.8310546875,2.628479004,2.0950000001024
bv_compiler,1,float,brettel,2,1024,3.80859375,3.814697266,3.826904297,1.809997559,1.824035645,1.839355469,2.091350175341557
bv_compiler,1,float,lookup,0,1024,23.547363281,23.779296875,35.345458984,3.43170166,3.4469909665,3.459228516,6.8985666356836965
bv_compiler,1,float,lookup,1,1024,23.547363281,23.657226562,24.176025391,3.434143066,3.45614624,4.385925293,6.844972671642506
bv_compiler,1,float,lookup,2,1024,23.559570312,23.599243164,24.102783203,3.434143066,3.457092285,4.54296875,6.826327219089554
bv_compiler,1,float,lookupApply,0,1024,37.103271484,37.7624511715,38.604736328,8.410522461,8.487548828000001,10.74621582,4.4491586365811
bv_compiler,1,float,lookupApply,1,1024,37.268066406,38.0737304685,53.698730469,8.409301758,8.4679870605,9.229675293,4.4961961085297055
bv_compiler,1,float,lookupApply,2,1024,37.109375,37.481689453,37.829589844,8.392150879,8.464019775,9.357421875,4.428355609908768
bv_compiler,1,float,prepared,0,1024,14.093017578,14.099121094,15.985107422,0.613708496,0.617980957,1.462768555,22.814814816373055
bv_compiler,1,float,prepared,1,1024,14.093017578,14.099121094,15.087890625,0.611877441,0.61706543,0.997009277,22.84866467726121
bv_compiler,1,float,prepared,2,1024,14.093017578,14.099121094,14.477539062,0.612487793,0.617675781,0.622314453,22.82608696616518
bv_compiler,1,float,vienot,0,1024,3.002929688,3.002929688,4.284667969,0.612487793,0.616760254,0.622253418,4.868876793737101
bv_compiler,1,float,vienot,1,1024,3.002929688,3.002929688,4.040527344,0.613098145,0.617980957,1.623596191,4.859259260314069
bv_vienot_index,1,double,brettel,0,1024,4.351806641,4.351806641,4.364013672,3.52947998,3.5352783205,4.54486084,1.230965781609103
bv_vienot_index,1,double,brettel,1,1024,4.351806641,4.351806641,4.803466797,3.481811523,3.5099487305,3.534973145,1.2398490619491398
bv_vienot_index,1,double,brettel,2,1024,4.357910156,4.357910156,5.895996094,3.577209473,3.5872497560000003,4.305786133,1.2148332155325958
bv_vienot_index,1,double,lookup,0,1024,30.249023438,30.6335449215,31.530761719,4.873718262,4.882537842,7.014343262,6.274102917951333
bv_vienot_index,1,double,lookup,1,1024,30.169677734,30.734252929500002,46.356201172,4.868774414,4.8816223139999995,5.810180664,6.295909628517813
bv_vienot_index,1,double,lookup,2,1024,30.181884766,30.7434082035,31.414794922,4.875549316,4.888977050499999,5.914733887,6.288311007791671
bv_vienot_index,1,double,lookupApply,0,1024,40.875244141,41.375732422,41.937255859,8.204528809,8.232055664,9.252258301,5.026172575938985
bv_vienot_index,1,double,lookupApply,1,1024,40.936279297,41.369628906,44.647216797,8.20513916,8.226226806500001,9.145324707,5.028992012876614
bv_vienot_index,1,double,lookupApply,2,1024,40.692138672,41.455078125,41.870117188,8.200256348,8.229919433500001,9.032226562,5.037118341190137
bv_vienot_index,1,double,prepared,0,1024,16.790771484,16.796875,17.626953125,0.942565918,0.955413818,1.831359863,17.58073275008882
bv_vienot_index,1,double,prepared,1,1024,16.790771484,16.857910156,17.687988281,0.94140625,0.948425293,0.956665039,17.774631571323983
bv_vienot_index,1,double,prepared,2,1024,16.790771484,16.796875,18.109130859,0.941955566,0.9487304685,0.959716797,17.704580550213457
bv_vienot_index,1,double,vienot,0,1024,1.794433594,1.800537109,2.374267578,0.938293457,0.947479248,0.956054688,1.9003446384717018
bv_vienot_index,1,double,vienot,1,1024,1.800537109,1.806640625,1.806640625,0.93951416,0.947509766,1.748291016,1.9067250701033935
bv_vienot_index,1,float,brettel,0,1024,3.802490234,3.814697266,4.217529297,1.820373535,1.823425293,1.828918457,2.092050209374824
bv_vienot_index,1,float,brettel,1,1024,3.802490234,3.814697266,4.968261719,1.819152832,1.820678711,2.613830566,2.0952061684210026
bv_vienot_index,1,float,brettel,2,1024,3.80859375,3.814697266,4.223632812,1.808105469,1.811218262,2.187744141,2.106149957756996
bv_vienot_index,1,float,lookup,0,1024,23.547363281,23.626708984,24.926757812,3.43536377,3.440551758,4.202514648,6.867127904430729
bv_vienot_index,1,float,lookup,1,1024,23.571777344,23.602294922,26.080322266,3.432312012,3.4415283205,4.313781738,6.858085339995388
bv_vienot_index,1,float,lookup,2,1024,23.553466797,23.617553711,24.4140625,3.436584473,3.4426879885000004,4.276489258,6.860207428001719
bv_vienot_index,1,float,lookupApply,0,1024,37.213134766,37.7105712895,38.140869141,8.351867676,8.409912109,9.295043945,4.484062473036245
bv_vienot_index,1,float,lookupApply,1,1024,37.213134766,37.826538086,52.777099609,8.354919434,8.4411010745,9.590881348,4.481232691345378
bv_vienot_index,1,float,lookupApply,2,1024,37.060546875,37.6586914065,38.067626953,8.347595215,8.418457030999999,9.242431641,4.473348413827641
bv_vienot_index,1,float,prepared,0,1024,14.093017578,14.093017578,15.014648438,0.612487793,0.615539551,0.616760254,22.895389183529492
bv_vienot_index,1,float,prepared,1,1024,14.093017578,14.096069336,18.688964844,0.61315918,0.6146240235,0.616210938,22.934458786250158
bv_vienot_index,1,float,prepared,2,1024,14.093017578,14.093017578,15.228271484,0.613769531,0.6152648924999999,0.782470703,22.90560984348705
bv_vienot_index,1,float,vienot,0,1024,1.794433594,1.794433594,2.844238281,0.611877441,0.614318848,0.615600586,2.9210134115891555
bv_vienot_index,1,float,vienot,1,1024,1.794433594,1.794433594,1.794433594,0.611877441,0.6140441895,0.617370605,2.922319964400543
bv_vienot_static,1,double,brettel,0,1024,4.351806641,4.351806641,4.364013672,3.531982422,3.553039551,4.686035156,1.224812327173557
bv_vienot_static,1,double,brettel,1,1024,4.351806641,4.351806641,4.772949219,3.508728027,3.535614014,4.913452148,1.23084890595187
bv_vienot_static,1,double,brettel,2,1024,4.357910156,4.357910156,5.297851562,3.59185791,3.597351074,4.296020508,1.2114219786600677
bv_vienot_static,1,double,lookup,0,1024,30.316162109,30.822753906000003,31.34765625,4.877380371,4.924743652,5.712341309,6.25875295935099
bv_vienot_static,1,double,lookup,1,1024,30.249023438,30.9600830075,46.246337891,4.879211426,4.9235229490000005,5.781433105,6.288197156426008
bv_vienot_static,1,double,lookup,2,1024,30.261230469,30.7800292965,33.520507812,4.877319336,4.903045654,6.138427734,6.277736629147856
bv_vienot_static,1,double,lookupApply,0,1024,40.191650391,40.612792969,42.425537109,8.200866699,8.265960693499999,9.258972168,4.913257451240504
bv_vienot_static,1,double,lookupApply,1,1024,40.203857422,40.6677246095,41.479492188,8.211242676,8.272949218499999,9.130615234,4.915746916294214
bv_vienot_static,1,double,lookupApply,2,1024,40.466308594,41.387939453,41.796875,8.20513916,8.2708740235,9.112915039,5.004058740999394
bv_vienot_static,1,double,prepared,0,1024,16.796875,16.796875,17.810058594,0.940734863,0.949890137,0.956604004,17.68296600388851
bv_vienot_static,1,double,prepared,1,1024,16.796875,16.796875,18.560791016,0.93951416,0.9489746095,1.761108398,17.70002572445011
bv_vienot_static,1,double,prepared,2,1024,16.790771484,16.796875,18.377685547,0.940124512,0.9483947755,0.956604004,17.710847248335565
bv_vienot_static,1,double,vienot,0,1024,2.709960938,2.7252197264999998,3.863525391,0.940124512,0.946838379,1.836242676,2.87823116061078
bv_vienot_static,1,double,vienot,1,1024,2.453613281,2.716064453,3.173828125,0.940124512,0.9474487305,0.954772949,2.866713908167509
bv_vienot_static,1,float,brettel,0,1024,3.802490234,3.80859375,5.065917969,1.81854248,1.8216247555,2.239074707,2.0907674527922278
bv_vienot_static,1,float,brettel,1,1024,3.802490234,3.80859375,3.814697266,1.817932129,1.820373535,2.614379883,2.092204526583606
bv_vienot_static,1,float,brettel,2,1024,3.80859375,3.80859375,4.223632812,1.807556152,1.809967041,1.814880371,2.104233758806882
bv_vienot_static,1,float,lookup,0,1024,23.571777344,23.6419677735,24.951171875,3.440856934,3.45916748,4.876098633,6.834583150481051
bv_vienot_static,1,float,lookup,1,1024,23.559570312,23.6968994145,24.255371094,3.435974121,3.4717407225,4.35168457,6.825653557860123
bv_vienot_static,1,float,lookup,2,1024,23.559570312,23.6907958985,24.713134766,3.434143066,3.449707031,4.219055176,6.867480538378507
bv_vienot_static,1,float,lookupApply,0,1024,37.298583984,37.7532958985,38.812255859,8.403808594,8.456665039,10.215637207,4.464324378982891
bv_vienot_static,1,float,lookupApply,1,1024,37.005615234,37.692260742,53.680419922,8.411193848,8.448730469000001,9.430175781,4.461292839237809
bv_vienot_static,1,float,lookupApply,2,1024,37.017822266,37.469482422,37.860107422,8.409301758,8.451171875,9.41796875,4.433643401909868
bv_vienot_static,1,float,prepared,0,1024,14.093017578,14.093017578,15.228271484,0.611877441,0.614318848,0.617980957,22.940884239319317
bv_vienot_static,1,float,prepared,1,1024,14.093017578,14.093017578,15.960693359,0.612548828,0.614929199,0.616821289,22.918114151870025
bv_vienot_static,1,float,prepared,2,1024,14.093017578,14.1510009765,15.130615234,0.612487793,0.614929199,0.616760254,23.012406955975433
bv_vienot_static,1,float,vienot,0,1024,6.341552734,6.5368652345000005,7.360839844,0.611938477,0.614318848,0.616760254,10.640834569510067
bv_vienot_static,1,float,vienot,1,1024,6.243896484,6.604003906499999,7.623291016,0.61315918,0.614929199,0.617370605,10.73945409851972
default,2,double,brettel,0,1024,18.176269531,18.493652344,18.884277344,3.534362793,3.5493469235,4.460510254,5.210438072861998
default,2,double,brettel,1,1024,18.432617188,18.673706054500002,29.443359375,3.501953125,3.5294799804999997,4.522216797,5.290781122904857
default,2,double,brettel,2,1024,18.133544922,18.377685547,19.494628906,3.589355469,3.594909668,4.412231445,5.112141122929601
default,2,double,lookup,0,1024,30.316162109,30.822753906,34.045410156,4.877319336,4.8850097654999995,7.079162598,6.30966065281656
default,2,double,lookup,1,1024,30.261230469,30.975341797,47.082519531,4.878601074,4.8843688965,5.659790039,6.341728574022337
default,2,double,lookup,2,1024,30.242919922,30.53894043,32.037353516,4.88104248,4.889282226500001,6.092529297,6.246098919076173
default,2,double,lookupApply,0,1024,40.319824219,40.994262695,55.389404297,8.188659668,8.205444335500001,8.706970215,4.99598327876561
default,2,double,lookupApply,1,1024,40.667724609,41.1712646485,41.625976562,8.194763184,8.205505371000001,9.05480957,5.017517238366328
default,2,double,lookupApply,2,1024,40.509033203,41.33605957,42.407226562,8.19354248,8.2060546875,13.269592285,5.037263477291444
default,2,double,prepared,0,1024,16.790771484,16.796875,19.750976562,0.940734863,0.9526672359999999,0.961547852,17.63141878430256
default,2,double,prepared,1,1024,16.790771484,16.796875,17.358398438,0.940734863,0.9499206545000001,0.961547852,17.682397914424968
default,2,double,prepared,2,1024,16.790771484,16.796875,17.663574219,0.940185547,0.9511413575000001,0.964538574,17.65970417283637
default,2,double,vienot,0,1024,19.274902344,19.500732422,20.526123047,0.941345215,0.9505004885,0.961547852,20.516278169172132
default,2,double,vienot,1,1024,19.500732422,19.509887695499998,19.952392578,0.940734863,0.9493103030000001,0.961547852,20.55164431887557
default,2,float,brettel,0,1024,37.188720703,37.79296875,40.386962891,1.819763184,1.821899414,2.825317383,20.743718593676434
default,2,float,brettel,1,1024,37.182617188,37.6525878905,38.250732422,1.820983887,1.824645996,1.828308105,20.63555778657462
default,2,float,brettel,2,1024,37.225341797,37.747192383,38.006591797,1.80871582,1.809997559,1.982971191,20.854830546763186
default,2,float,lookup,0,1024,23.541259766,23.611450195499998,24.749755859,3.438415527,3.444824219,3.891357422,6.854181431165791
default,2,float,lookup,1,1024,23.571777344,23.590087891,24.456787109,3.434143066,3.4405822755,4.390136719,6.8564231290099835
default,2,float,lookup,2,1024,23.559570312,23.962402344,26.440429688,3.437805176,3.4540405275,3.60168457,6.937498895342651
default,2,float,lookupApply,0,1024,37.249755859,37.5915527345,40.496826172,8.395874023,8.43560791,9.700317383,4.45629445270175
default,2,float,lookupApply,1,1024,37.219238281,37.7502441405,52.978515625,8.366516113,8.440460205,9.47845459,4.472533869437276
default,2,float,lookupApply,2,1024,37.01171875,37.652587891,39.526367188,8.408691406,8.452392578,10.790222168,4.454666243141932
default,2,float,prepared,0,1024,14.093017578,14.233398438,14.703369141,0.613098145,0.6146545409999999,0.617370605,23.156744949517915
default,2,float,prepared,1,1024,14.099121094,14.099121094,15.069580078,0.611877441,0.614318848,0.616149902,22.950819659695675
default,2,float,prepared,2,1024,14.093017578,14.105224609499999,14.642333984,0.61126709,0.614318848,0.616760254,22.96075507925812
default,2,float,vienot,0,1024,22.137451172,22.537231445499998,24.053955078,0.612487793,0.6146545409999999,0.616821289,36.66650116801138
default,2,float,vienot,1,1024,22.143554688,22.491455078,23.382568359,0.611877441,0.613708496,0.615600586,36.64843362051159
bv_direct,2,double,brettel,0,1024,8.410644531,8.410644531,9.47265625,3.546020508,3.5548706054999997,3.956787109,2.365949556078716
bv_direct,2,double,brettel,1,1024,8.410644531,8.410644531,8.843994141,3.500732422,3.528900146,3.959838867,2.383361439266976
bv_direct,2,double,brettel,2,1024,8.416748047,8.416748047,8.917236328,3.597961426,3.6074523925,3.610778809,2.333155681970653
bv_direct,2,double,lookup,0,1024,30.169677734,30.4443359375,30.725097656,4.877990723,4.908843994,6.018005371,6.201935929255772
bv_direct,2,double,lookup,1,1024,30.181884766,30.694580078,47.125244141,4.874328613,4.9033203125,5.789978027,6.259958175636726
bv_direct,2,double,lookup,2,1024,30.181884766,30.5572509765,32.91015625,4.877319336,4.8994140625,5.713012695,6.236919473776361
bv_direct,2,double,lookupApply,0,1024,40.686035156,41.1682128905,41.638183594,8.266296387,8.298339843499999,9.141601562,4.9610179465892355
bv_direct,2,double,lookupApply,1,1024,40.655517578,41.0888671875,41.888427734,8.276672363,8.307220459,8.823730469,4.946163086713864
bv_direct,2,double,lookupApply,2,1024,40.533447266,41.180419922,44.952392578,8.25769043,8.305389404,11.104431152,4.958276839153007
bv_direct,2,double,prepared,0,1024,16.790771484,16.796875,17.602539062,0.953552246,0.9560241700000001,0.957824707,17.56950872905232
bv_direct,2,double,prepared,1,1024,16.790771484,16.796875,17.260742188,0.953613281,0.9556884765,0.958496094,17.575680164644112
bv_direct,2,double,prepared,2,1024,16.790771484,16.793823242000002,17.907714844,0.950500488,0.9560241700000001,0.958496094,17.566316594276064
bv_direct,2,double,vienot,0,1024,3.546142578,3.546142578,3.552246094,0.951721191,0.9557189939999999,1.354553223,3.710444806750383
bv_direct,2,double,vienot,1,1024,3.546142578,3.546142578,3.924560547,0.952392578,0.955444336,1.846069336,3.7115114344034374
bv_direct,2,float,brettel,0,1024,7.049560547,7.055664062,7.849121094,1.819152832,1.8326416015,1.849731445,3.849996669411523
bv_direct,2,float,brettel,1,1024,7.049560547,7.055664062,8.276367188,1.82043457,1.838989258,2.848510742,3.836707599735202
bv_direct,2,float,brettel,2,1024,7.055664062,7.055664062,8.093261719,1.806945801,1.8170166015,1.826477051,3.883103795625942
bv_direct,2,float,lookup,0,1024,23.455810547,23.629760742000002,24.523925781,3.441467285,3.464385986,3.473266602,6.820764440651447
bv_direct,2,float,lookup,1,1024,23.522949219,23.556518554500002,24.499511719,3.432922363,3.4619750975,6.751525879,6.804358174474132
bv_direct,2,float,lookup,2,1024,23.4375,23.614501953,24.383544922,3.434753418,3.4610290525,4.477600098,6.822971317141234
bv_direct,2,float,lookupApply,0,1024,37.084960938,37.463378906,39.099121094,8.390991211,8.46496582,9.551208496,4.425697599095563
bv_direct,2,float,lookupApply,1,1024,37.084960938,37.8143310545,53.363037109,8.362854004,8.457305908,9.037719727,4.471202941675596
bv_direct,2,float,lookupApply,2,1024,37.084960938,37.469482422,38.244628906,8.400146484,8.470458984499999,9.410583496,4.423548061629836
bv_direct,2,float,prepared,0,1024,14.093017578,14.093017578,15.667724609,0.613098145,0.6195373534999999,0.622314453,22.747647899490214
bv_direct,2,float,prepared,1,1024,14.093017578,14.093017578,14.965820312,0.613708496,0.617980957,0.622253418,22.804938272555862
bv_direct,2,float,prepared,2,1024,14.093017578,14.093017578,14.758300781,0.61126709,0.6176757815,0.622314453,22.816205524159763
bv_direct,2,float,vienot,0,1024,3.002929688,3.002929688,3.002929688,0.613098145,0.617401123,0.621704102,4.863822847306353
bv_direct,2,float,vienot,1,1024,3.002929688,3.002929688,3.448486328,0.612487793,0.616760254,0.621704102,4.868876793737101
bv_split,2,double,brettel,0,1024,4.351806641,4.357910156,5.261230469,3.53137207,3.5668029785,4.05090332,1.2217972739926037
bv_split,2,double,brettel,1,1024,4.351806641,4.357910156,4.370117188,3.529541016,3.5545349125,3.988586426,1.2260141659250057
bv_split,2,double,brettel,2,1024,4.357910156,4.364013672,5.126953125,3.593078613,3.6291198735,4.468444824,1.202499179998497
bv_split,2,double,lookup,0,1024,30.255126953,37.0727539065,43.145751953,4.877380371,4.8874511720000005,5.290588379,7.585293970584959
bv_split,2,double,lookup,1,1024,30.261230469,38.095092773,57.244873047,4.876159668,4.89050293,5.810791016,7.789606369380091
bv_split,2,double,lookup,2,1024,30.255126953,37.365722656,43.518066406,4.880432129,4.8868408205,5.86151123,7.646191891344827
bv_split,2,double,lookupApply,0,1024,40.8203125,41.275024414,41.89453125,8.210632324,8.222564697500001,9.872070312,5.019726318060995
bv_split,2,double,lookupApply,1,1024,40.582275391,41.375732421500004,42.291259766,8.213684082,8.2244262695,8.956420898,5.0308351082118
bv_split,2,double,lookupApply,2,1024,40.795898438,41.4093017575,41.784667969,8.21673584,8.2304992675,9.314025879,5.031201681897239
bv_split,2,double,prepared,0,1024,16.790771484,16.796875,18.731689453,0.938354492,0.968261719,0.998840332,17.34745334902577
bv_split,2,double,prepared,1,1024,16.790771484,16.796875,17.883300781,0.940124512,0.9682922365,1.010437012,17.34690661232003
bv_split,2,double,prepared,2,1024,16.790771484,16.796875,17.858886719,0.93951416,0.967956543,2.777648926,17.352922630122663
bv_split,2,double,vienot,0,1024,3.546142578,3.5491943360000002,3.955078125,0.940124512,0.9933166505,1.734191895,3.5730744412805957
bv_split,2,double,vienot,1,1024,3.546142578,3.552246094,4.583740234,0.938903809,0.9936523435,1.905944824,3.574938576089616
bv_split,2,float,brettel,0,1024,3.802490234,3.80859375,5.139160156,1.817932129,1.822814941,1.992126465,2.0894023108624498
bv_split,2,float,brettel,1,1024,3.802490234,3.80859375,4.254150391,1.817321777,1.820373535,2.585693359,2.092204526583606
bv_split,2,float,brettel,2,1024,3.80859375,3.814697266,4.19921875,1.807556152,1.81060791,2.745849609,2.106859936340386
bv_split,2,float,lookup,0,1024,23.577880859,23.654174804500002,24.633789062,3.43536377,3.440246582,4.407287598,6.8757207486995195
bv_split,2,float,lookup,1,1024,23.577880859,23.657226562,24.633789062,3.43170166,3.439025879,4.437194824,6.879048717388265
bv_split,2,float,lookup,2,1024,23.559570312,23.5931396485,24.713134766,3.43536377,3.438720703,3.446350098,6.861022364484831
bv_split,2,float,lookupApply,0,1024,37.286376953,37.66784668,39.025878906,8.392211914,8.4597473145,12.014038086,4.452597137911831
bv_split,2,float,lookupApply,1,1024,37.115478516,37.744140625,52.795410156,8.411743164,8.433441162,9.233886719,4.475532573235969
bv_split,2,float,lookupApply,2,1024,37.268066406,37.66784668,38.848876953,8.413574219,8.4558105465,10.757873535,4.454670131604514
bv_split,2,float,prepared,0,1024,14.093017578,14.093017578,15.264892578,0.613098145,0.614318848,0.618591309,22.940884239319317
bv_split,2,float,prepared,1,1024,14.093017578,14.093017578,14.959716797,0.612487793,0.6143493655000001,0.619262695,22.939744662273924
bv_split,2,float,prepared,2,1024,14.093017578,14.093017578,14.508056641,0.613098145,0.614318848,0.616149902,22.940884239319317
bv_split,2,float,vienot,0,1024,3.002929688,3.002929688,3.143310547,0.613098145,0.614929199,0.616760254,4.883374692376577
bv_split,2,float,vienot,1,1024,3.002929688,3.002929688,3.771972656,0.610046387,0.614318848,0.616210938,4.888226525649429
bv_portable,2,double,brettel,0,1024,4.351806641,4.351806641,4.730224609,3.529541016,3.5698547365,4.313171387,1.2190430597931416
bv_portable,2,double,brettel,1,1024,4.351806641,4.357910156,5.090332031,3.530700684,3.5346984865,4.429931641,1.2328944527076566
bv_portable,2,double,brettel,2,1024,4.351806641,4.357910156,4.370117188,3.539306641,3.5771789555,3.594909668,1.2182533248160836
bv_portable,2,double,lookup,0,1024,30.17578125,30.587768554500002,31.518554688,4.883483887,4.8899230955,5.66595459,6.255265769445065
bv_portable,2,double,lookup,1,1024,30.163574219,30.593872070499998,45.721435547,4.874328613,4.8850097654999995,9.939941406,6.262806737167003
bv_portable,2,double,lookup,2,1024,30.187988281,30.6671142575,31.402587891,4.875549316,4.888977051,5.922668457,6.272705708697751
bv_portable,2,double,lookupApply,0,1024,40.753173828,41.40625,44.293212891,8.203308105,8.309661864999999,9.447265625,4.982904319416613
bv_portable,2,double,lookupApply,1,1024,40.777587891,41.326904297,42.333984375,8.203308105,8.306945801000001,9.292602539,4.974981814859682
bv_portable,2,double,lookupApply,2,1024,40.734863281,41.604614258,42.779541016,8.198425293,8.309967041,9.496765137,5.006591969947621
bv_portable,2,double,prepared,0,1024,16.790771484,16.796875,17.431640625,0.938903809,0.958770752,2.165161133,17.519177514501404
bv_portable,2,double,prepared,1,1024,16.790771484,16.796875,17.803955078,0.93951416,0.958190918,1.393066406,17.529778966241466
bv_portable,2,double,prepared,2,1024,16.790771484,16.796875,17.700195312,0.940124512,0.975280762,1.662109375,17.222604663660945
bv_portable,2,double,vienot,0,1024,19.274902344,19.299316406,19.738769531,0.93951416,0.957275391,0.976806641,20.16067328946932
bv_portable,2,double,vienot,1,1024,19.293212891,19.509887695499998,20.764160156,0.93951416,0.9588012695,0.981079102,20.348208034470066
bv_portable,2,float,brettel,0,1024,3.802490234,3.80859375,4.272460938,1.81854248,1.861022949,2.687194824,2.046505526461404
bv_portable,2,float,brettel,1,1024,3.802490234,3.80859375,4.382324219,1.817321777,1.8390197750000001,1.860717773,2.070991188770659
bv_portable,2,float,brettel,2,1024,3.80859375,3.80859375,4.211425781,1.806945801,1.8231506345000001,1.842956543,2.089017592912452
bv_portable,2,float,lookup,0,1024,23.522949219,23.657226563,24.462890625,3.433532715,3.444244385,3.593078613,6.8686260086622735
bv_portable,2,float,lookup,1,1024,23.571777344,23.6145019535,25.030517578,3.447570801,3.451293945,4.334533691,6.84221695683472
bv_portable,2,float,lookup,2,1024,23.553466797,23.590087891,24.609375,3.434753418,3.4421081545,3.866943359,6.853383691665752
bv_portable,2,float,lookupApply,0,1024,37.139892578,37.82043457,41.918945312,8.377502441,8.4884643555,9.944824219,4.455509617059851
bv_portable,2,float,lookupApply,1,1024,37.237548828,37.7197265625,54.675292969,8.419067383,8.489959717000001,9.614135742,4.4428628426789025
bv_portable,2,float,lookupApply,2,1024,37.225341797,37.5,37.847900391,8.401367188,8.490600586,9.401428223,4.416648695244608
bv_portable,2,float,prepared,0,1024,14.093017578,14.093017578,14.965820312,0.612487793,0.620788574,0.633911133,22.70179924091193
bv_portable,2,float,prepared,1,1024,14.093017578,14.093017578,14.807128906,0.613708496,0.6216735840000001,0.937133789,22.66948112435802
bv_portable,2,float,prepared,2,1024,14.093017578,14.093017578,15.032958984,0.613708496,0.6207580564999999,0.627197266,22.702915299175018
bv_portable,2,float,vienot,0,1024,3.002929688,3.002929688,4.852294922,0.612487793,0.6198425295000001,0.627197266,4.844665451437049
bv_portable,2,float,vienot,1,1024,3.002929688,3.002929688,3.021240234,0.612487793,0.6201171875,1.459106445,4.842519685845669
bv_compiler,2,double,brettel,0,1024,4.351806641,4.351806641,5.346679688,3.531921387,3.537475586,4.27154541,1.2302011802492197
bv_compiler,2,double,brettel,1,1024,4.351806641,4.351806641,4.797363281,3.487304688,3.5276794435000003,4.431762695,1.233617371050681
bv_compiler,2,double,brettel,2,1024,4.357910156,4.357910156,5.267333984,3.578369141,3.589111328,4.436035156,1.2142031154069568
bv_compiler,2,double,lookup,0,1024,30.261230469,30.685424804500002,31.530761719,4.870605469,4.893280029,6.668395996,6.270931690531297
bv_compiler,2,double,lookup,1,1024,30.163574219,30.871582031499997,47.998046875,4.873657227,4.8901977535,5.931762695,6.312951661188889
bv_compiler,2,double,lookup,2,1024,30.157470703,30.9509277345,31.939697266,4.872497559,4.888366699,5.811340332,6.331547864613256
bv_compiler,2,double,lookupApply,0,1024,40.539550781,41.082763672,41.741943359,8.191650391,8.2671813965,9.219848633,4.96937973193534
bv_compiler,2,double,lookupApply,1,1024,40.533447266,41.119384766,42.138671875,8.19354248,8.267822266,9.038330078,4.973423888790694
bv_compiler,2,double,lookupApply,2,1024,40.515136719,41.2628173825,41.809082031,8.189819336,8.266571045,9.521850586,4.991527582341126
bv_compiler,2,double,prepared,0,1024,16.790771484,16.796875,17.724609375,0.942565918,0.948730469,0.957824707,17.704580540882787
bv_compiler,2,double,prepared,1,1024,16.790771484,16.796875,17.803955078,0.941955566,0.948425293,0.978027344,17.710277366042366
bv_compiler,2,double,prepared,2,1024,16.790771484,16.796875,17.541503906,0.940734863,0.9490051264999999,1.36315918,17.69945654766703
bv_compiler,2,double,vienot,0,1024,3.540039062,3.546142578,4.730224609,0.938903809,0.9480896000000001,0.956665039,3.7403032139578367
bv_compiler,2,double,vienot,1,1024,3.546142578,3.546142578,4.266357422,0.93951416,0.947784424,1.034240723,3.7415075498223214
bv_compiler,2,float,brettel,0,1024,3.802490234,3.80859375,7.861328125,1.819763184,1.8222045895,2.665771484,2.0901021608364245
bv_compiler,2,float,brettel,1,1024,3.80859375,3.80859375,4.681396484,1.819152832,1.820983887,2.698791504,2.091503267650825
bv_compiler,2,float,brettel,2,1024,3.80859375,3.814697266,4.766845703,1.806945801,1.8103027345,1.813659668,2.1072151045795153
bv_compiler,2,float,lookup,0,1024,23.553466797,23.6358642575,24.768066406,3.432922363,3.4552307129999997,4.321105957,6.8406037746110995
bv_compiler,2,float,lookup,1,1024,23.571777344,23.6267089845,24.951171875,3.439025879,3.455871582,4.551574707,6.8366860353146075
bv_compiler,2,float,lookup,2,1024,23.553466797,23.611450195499998,24.609375,3.43170166,3.449157715,3.864501953,6.8455698887924
bv_compiler,2,float,lookupApply,0,1024,37.103271484,37.692260742,38.568115234,8.395263672,8.430725098,11.68145752,4.470820754307556
bv_compiler,2,float,lookupApply,1,1024,37.268066406,37.673950195,52.996826172,8.405639648,8.4324951175,9.438110352,4.467710881541462
bv_compiler,2,float,lookupApply,2,1024,37.042236328,37.707519531,38.592529297,8.387268066,8.4245910645,9.447265625,4.4758872261342155
bv_compiler,2,float,prepared,0,1024,14.093017578,14.099121094,15.118408203,0.612487793,0.6146545409999999,1.783081055,22.938285091104532
bv_compiler,2,float,prepared,1,1024,14.093017578,14.099121094,14.703369141,0.613098145,0.6146240235,0.616149902,22.93942402985164
bv_compiler,2,float,prepared,2,1024,14.093017578,14.099121094,14.538574219,0.613708496,0.614318848,0.616149902,22.950819659695675
bv_compiler,2,float,vienot,0,1024,3.002929688,3.002929688,3.393554688,0.612487793,0.614318848,0.616760254,4.888226525649429
bv_compiler,2,float,vienot,1,1024,3.002929688,3.002929688,3.918457031,0.612487793,0.614379883,0.616149902,4.887740909316199
bv_vienot_index,2,double,brettel,0,1024,4.345703125,4.351806641,4.791259766,3.538085938,3.5674133305,4.40423584,1.2198773278649102
bv_vienot_index,2,double,brettel,1,1024,4.351806641,4.351806641,4.370117188,3.528930664,3.5441894534999996,4.447021484,1.2278707721740023
bv_vienot_index,2,double,brettel,2,1024,4.357910156,4.357910156,5.328369141,3.597351074,3.6044006345,4.050964355,1.2090526547708607
bv_vienot_index,2,double,lookup,0,1024,30.169677734,36.4898681645,42.962646484,4.87487793,4.888671875,7.04498291,7.464167998491411
bv_vienot_index,2,double,lookup,1,1024,30.17578125,42.379760742,45.654296875,4.869384766,4.883483887,7.398925781,8.678181749471186
bv_vienot_index,2,double,lookup,2,1024,30.236816406,36.9262695315,43.542480469,4.865722656,4.8834533695,5.928710938,7.561507551628521
bv_vienot_index,2,double,lookupApply,0,1024,40.777587891,41.207885742,41.485595703,8.210632324,8.2265625,9.189331055,5.00912571222792
bv_vienot_index,2,double,lookupApply,1,1024,40.686035156,41.458129883,42.651367188,8.203369141,8.223815918,8.939880371,5.041227855338772
bv_vienot_index,2,double,lookupApply,2,1024,40.753173828,41.586303711,43.377685547,8.208190918,8.223205566499999,9.221679688,5.0571888753962115
bv_vienot_index,2,double,prepared,0,1024,16.790771484,16.796875,17.248535156,0.945678711,0.960632324,0.974975586,17.4852277821124
bv_vienot_index,2,double,prepared,1,1024,16.790771484,16.796875,17.236328125,0.94744873,0.961242676,0.974365234,17.474125337314923
bv_vienot_index,2,double,prepared,2,1024,16.790771484,16.867065429999997,17.67578125,0.94744873,0.971954346,1.815490723,17.353763064505088
bv_vienot_index,2,double,vienot,0,1024,1.800537109,1.806640625,1.812744141,0.944396973,0.959106445,0.976806641,1.8836706128066942
bv_vienot_index,2,double,vienot,1,1024,1.800537109,1.806640625,2.227783203,0.943786621,0.958770752,0.974365234,1.8843301396411392
bv_vienot_index,2,float,brettel,0,1024,3.802490234,3.80859375,4.547119141,1.836914062,1.8402404785,1.848510742,2.069617419297518
bv_vienot_index,2,float,brettel,1,1024,3.802490234,3.80859375,4.443359375,1.836242676,1.838745117,1.841796875,2.0713005379526996
bv_vienot_index,2,float,brettel,2,1024,3.80859375,3.814697266,4.211425781,1.819763184,1.8234558105,1.827087402,2.092015196657819
bv_vienot_index,2,float,lookup,0,1024,23.571777344,23.849487304500002,26.831054688,3.433532715,3.4414672855,3.907287598,6.930034582919182
bv_vienot_index,2,float,lookup,1,1024,23.565673828,23.6083984375,26.666259766,3.432922363,3.460449219,4.595581055,6.822350782631149
bv_vienot_index,2,float,lookup,2,1024,23.577880859,23.626708984,24.548339844,3.429260254,3.4439086915,3.589355469,6.860434204400858
bv_vienot_index,2,float,lookupApply,0,1024,37.097167969,37.542724609000004,39.044189453,8.416015625,8.473785400499999,11.671081543,4.430454966063311
bv_vienot_index,2,float,lookupApply,1,1024,37.139892578,37.7380371095,53.3203125,8.433105469,8.462799072500001,9.523620605,4.459285490084521
bv_vienot_index,2,float,lookupApply,2,1024,37.097167969,37.6159667965,38.653564453,8.41607666,8.474731445,9.139160156,4.438602808905881
bv_vienot_index,2,float,prepared,0,1024,14.093017578,14.093017578,15.33203125,0.617980957,0.620422363,1.569763184,22.71519922308152
bv_vienot_index,2,float,prepared,1,1024,14.093017578,14.093017578,15.991210938,0.61920166,0.620483398,0.622314453,22.71296480038939
bv_vienot_index,2,float,prepared,2,1024,14.093017578,14.093017578,15.130615234,0.61920166,0.620422363,0.622924805,22.71519922308152
bv_vienot_index,2,float,vienot,0,1024,1.794433594,1.794433594,2.227783203,0.619262695,0.620483398,1.745178223,2.891992920010408
bv_vienot_index,2,float,vienot,1,1024,1.794433594,1.794433594,1.794433594,0.617980957,0.620422363,1.556945801,2.8922774242423626
bv_vienot_static,2,double,brettel,0,1024,4.351806641,4.351806641,4.766845703,3.531311035,3.5618896485000002,3.590637207,1.2217690805869443
bv_vienot_static,2,double,brettel,1,1024,4.351806641,4.351806641,4.760742188,3.530700684,3.5563964845,3.728759766,1.2236562093024979
bv_vienot_static,2,double,brettel,2,1024,4.351806641,4.357910156,5.126953125,3.590637207,3.6123046875,3.627929688,1.2064071369948635
bv_vienot_static,2,double,lookup,0,1024,30.133056641,30.776977539,31.475830078,4.874328613,4.9069824220000005,6.403686523,6.2720782126738985
bv_vienot_static,2,double,lookup,1,1024,30.151367188,30.5603027345,46.795654297,4.879821777,4.913452148499999,8.199645996,6.219721249107836
bv_vienot_static,2,double,lookup,2,1024,30.169677734,30.715942382999998,31.903076172,4.872436523,4.897521973,10.037719727,6.271731408728076
bv_vienot_static,2,double,lookupApply,0,1024,40.625,41.4916992185,42.1875,8.211914062,8.264739989999999,9.098815918,5.020327229737812
bv_vienot_static,2,double,lookupApply,1,1024,40.496826172,40.963745117,41.949462891,8.213745117,8.262634277499998,9.337890625,4.957710064518829
bv_vienot_static,2,double,lookupApply,2,1024,40.472412109,41.046142578,41.815185547,8.210021973,8.270263672,10.829956055,4.963099630906181
bv_vienot_static,2,double,prepared,0,1024,16.790771484,16.793823242000002,17.199707031,0.941345215,0.973449707,2.13885498,17.251865321070976
bv_vienot_static,2,double,prepared,1,1024,16.790771484,16.796875,17.663574219,0.940124512,0.9734802245,1.800231934,17.25445938938023
bv_vienot_static,2,double,prepared,2,1024,16.790771484,16.790771484,17.974853516,0.93951416,0.9578552250000001,0.975585938,17.529550443283323
bv_vienot_static,2,double,vienot,0,1024,2.459716797,2.716064453,3.332519531,0.940124512,0.9572753905,0.987792969,2.8372864067688575
bv_vienot_static,2,double,vienot,1,1024,2.453613281,2.716064453,3.570556641,0.93951416,0.9575805665,0.977416992,2.836382178188241
bv_vienot_static,2,float,brettel,0,1024,3.802490234,3.80859375,3.930664062,1.820983887,1.823425293,1.954223633,2.0887029288344965
bv_vienot_static,2,float,brettel,1,1024,3.802490234,3.80859375,4.919433594,1.817321777,1.821899414,2.789245605,2.0904522613782452
bv_vienot_static,2,float,brettel,2,1024,3.80859375,3.814697266,4.260253906,1.807495117,1.81149292,5.583435059,2.1058306239474565
bv_vienot_static,2,float,lookup,0,1024,23.559570312,23.693847656499997,24.652099609,3.439025879,3.4533691405,3.470825195,6.8610816546155435
bv_vienot_static,2,float,lookup,1,1024,23.559570312,23.599243164,24.487304688,3.458007812,3.465881348,3.475708008,6.8090164649225615
bv_vienot_static,2,float,lookup,2,1024,23.53515625,23.617553711,24.053955078,3.442138672,3.462219238,4.537536621,6.821507272498149
bv_vienot_static,2,float,lookupApply,0,1024,37.060546875,37.5701904295,39.025878906,8.376342773,8.423034668,9.578063965,4.460410280897113
bv_vienot_static,2,float,lookupApply,1,1024,37.231445312,37.9821777345,52.893066406,8.381835938,8.4221191405,9.523681641,4.509812447540975
bv_vienot_static,2,float,lookupApply,2,1024,37.231445312,37.930297852,44.250488281,8.382995605,8.415435791,9.298706055,4.507229190978448
bv_vienot_static,2,float,prepared,0,1024,14.093017578,14.093017578,15.423583984,0.613098145,0.6158447265,0.897949219,22.88404360965166
bv_vienot_static,2,float,prepared,1,1024,14.093017578,14.093017578,14.556884766,0.613098145,0.6149597165,1.06237793,22.916976835831488
bv_vienot_static,2,float,prepared,2,1024,14.093017578,14.093017578,15.069580078,0.609436035,0.614929199,0.616821289,22.918114151870025
bv_vienot_static,2,float,vienot,0,1024,6.243896484,6.5368652345000005,7.110595703,0.611877441,0.6146240235,0.616821289,10.635551141127825
bv_vienot_static,2,float,vienot,1,1024,6.25,6.54296875,8.441162109,0.612487793,0.6146240235,0.617370605,10.645481627517281
default,0,double,brettel,0,8191,18.284550116,18.395952875,18.920919302,3.425009156,3.504562935,3.584193017,5.249143250155386
default,0,double,brettel,1,8191,18.366957636,18.5115523135,18.698113783,3.442513124,3.5266489135,3.622329386,5.249048818734931
default,0,double,brettel,2,8191,18.25937004,18.4154102065,18.800360151,3.471164998,3.5843036565,3.743521853,5.137792991702683
default,0,double,lookup,0,8191,30.330545721,30.5392351365,31.017275058,4.876739714,4.933326212,4.981816933,6.190394436559915
default,0,double,lookup,1,8191,30.50375412,30.67696252,31.033298743,4.877273837,4.929965053,5.301855695,6.22255171998275
default,0,double,lookup,2,8191,30.423635698,30.65941277,31.080606764,4.878418386,4.93867507,5.031482725,6.208023879975565
default,0,double,lookupApply,0,8191,40.619277256,41.2026156755,42.252930045,8.254517153,8.321656391000001,8.771265718,4.951251738783791
default,0,double,lookupApply,1,8191,40.753570993,41.251449762,41.756195825,8.254135637,8.340075998,8.388787999,4.946171925998318
default,0,double,lookupApply,2,8191,40.8146136,41.331949701,41.858442193,8.258263643,8.3393854535,8.739859297,4.9562344769245765
default,0,double,prepared,0,8191,16.87828104,16.907276279,17.455896716,0.911068551,0.9299764985000001,0.982282383,18.18032639133407
default,0,double,prepared,1,8191,16.879044073,16.8923971435,17.078195581,0.908542913,0.9296712855,0.975331156,18.17029030257168
default,0,double,prepared,2,8191,16.879044073,16.9271151265,18.980435844,0.911221157,0.929404224,0.983121719,18.212866575588105
default,0,double,vienot,0,8191,19.377975827,19.593914052000002,20.102856794,0.909763765,0.929556831,1.009339519,21.078769364667284
default,0,double,vienot,1,8191,19.342113295,19.5946770845,19.790776462,0.909847699,0.9290990109999999,0.988096691,21.089977335580222
default,0,float,brettel,0,8191,37.43819436,37.6949548285,37.992156025,1.756256867,1.7590037845,1.925062569,21.429717866817928
default,0,float,brettel,1,8191,37.416829447,37.6133103405,38.013520938,1.757477719,1.759545538,1.9091686,21.37671889029564
default,0,float,brettel,2,8191,37.500763033,37.667104139,38.018862166,1.755570138,1.7565239285,1.814796728,21.444116717024276
default,0,float,lookup,0,8191,23.705896716,23.778003296,25.81110365,3.429823892,3.448010774,3.516099988,6.896151101179825
default,0,float,lookup,1,8191,23.712764009,23.7589274815,24.159138078,3.429289769,3.444611464,3.572724637,6.8974186870731495
default,0,float,lookup,2,8191,23.70131852,23.730313758999998,23.91267855,3.430358015,3.4407505185,3.511514162,6.89684231141096
default,0,float,lookupApply,0,8191,37.473293859,37.563713222000004,38.239378586,8.441208338,8.453931907,9.016489134,4.443342297434003
default,0,float,lookupApply,1,8191,37.509919424,37.6411610305,38.183677207,8.441589855,8.460471096500001,8.873740996,4.449062067722412
default,0,float,lookupApply,2,8191,37.436668294,37.557608961,37.733487975,8.439903553,8.4521425955,8.595348553,4.44356073464686
default,0,float,prepared,0,8191,14.132126724,14.1893541695,14.704401172,0.595684288,0.59644732,0.816154926,23.789786111370237
default,0,float,prepared,1,8191,14.130600659,14.180197778,14.268709559,0.595531681,0.596790685,0.673864607,23.760755880430676
default,0,float,prepared,2,8191,14.142046148,14.1836314245,14.375534123,0.595760591,0.596489287,0.645281406,23.77851829633949
default,0,float,vienot,0,8191,22.236295935,22.477414234999998,22.789494567,0.595684288,0.596294714,0.677069344,37.69514253148318
default,0,float,vienot,1,8191,22.346935661,22.7460017095,25.309028202,0.595760591,0.5963328655,0.647112685,38.14312949266755
bv_direct,0,double,brettel,0,8191,8.441429618,8.4502044925,8.969448175,3.421720486,3.5059783605000003,3.601384141,2.4102272243616714
bv_direct,0,double,brettel,1,8191,8.443718716,8.45669027,8.883225491,3.438148578,3.5100300635,3.633172079,2.4092928314031234
bv_direct,0,double,brettel,2,8191,8.44219265,8.4559272375,8.959528751,3.468570687,3.587519839,3.631874924,2.3570398539892223
bv_direct,0,double,lookup,0,8191,30.393877426,30.555640337,31.037876938,4.873298437,4.9264894395,5.000152607,6.202315200761124
bv_direct,0,double,lookup,1,8191,30.432029056,30.5766237335,32.385392504,4.875053412,4.929507233500001,5.04050177,6.20277489922462
bv_direct,0,double,lookup,2,8191,30.529697229,30.720455378,31.136308143,4.879417959,4.9309569955,4.989149676,6.230120320667072
bv_direct,0,double,lookupApply,0,8191,40.391130509,40.926016359,41.265565865,8.241751618,8.319668691,8.375038152,4.919188236819177
bv_direct,0,double,lookupApply,1,8191,40.548315224,40.962641923999996,41.523470883,8.248634172,8.3284969785,8.388482786,4.918371469635515
bv_direct,0,double,lookupApply,2,8191,40.340770358,40.845897937000004,41.28464168,8.24275119,8.3290654375,8.98149646,4.904019333681696
bv_direct,0,double,prepared,0,8191,16.87522891,16.8870559155,16.97213405,0.910908314,0.9274966425,1.203439751,18.20713428135132
bv_direct,0,double,prepared,1,8191,16.874465877,16.909946892999997,17.310920523,0.912670919,0.927527164,1.026606947,18.231214728068057
bv_direct,0,double,prepared,2,8191,16.882096203,16.9263520935,19.02926993,0.908535283,0.9279163105,0.975331156,18.24124859318334
bv_direct,0,double,vienot,0,8191,3.522158467,3.524066048,3.601513857,0.908848126,0.927683586,0.974034001,3.7987802103895367
bv_direct,0,double,vienot,1,8191,3.52597363,3.536656086,3.5908314,0.909847699,0.9276072825,0.983358259,3.812665287047269
bv_direct,0,float,brettel,0,8191,7.039738738,7.0962031495,7.254150897,1.756943597,1.7591602065,2.255425162,4.033858384972511
bv_direct,0,float,brettel,1,8191,7.039738738,7.0958216335,7.608961055,1.756485777,1.759461604,1.909550116,4.032950544284796
bv_direct,0,float,brettel,2,8191,7.089335856,7.100781345,8.219387132,1.755486204,1.790829874,1.840694054,3.965078675586132
bv_direct,0,float,lookup,0,8191,23.609754609,23.7055152,25.694359663,3.429602613,3.4448403735,3.63600293,6.881455344740664
bv_direct,0,float,lookup,1,8191,23.605939446,23.6601147605,24.067574167,3.430060432,3.443543218,3.493636308,6.870863312190903
bv_direct,0,float,lookup,2,8191,23.592204859,23.685294836,23.934806495,3.432647113,3.4430510620000003,3.573418996,6.8791587488806165
bv_direct,0,float,lookupApply,0,8191,37.264222928,37.340144671000004,38.061591991,8.433951898,8.498489195,8.771342022,4.393739147537977
bv_direct,0,float,lookupApply,1,8191,37.297796362,37.370284458499995,37.811317299,8.42814522,8.456156147,8.530246612,4.419299242925865
bv_direct,0,float,lookupApply,2,8191,37.26193383,37.3786778175,37.925772189,8.434867538,8.452329538499999,8.608953424,4.422293007772795
bv_direct,0,float,prepared,0,8191,14.129074594,14.2011811745,14.638780369,0.595607984,0.596790685,0.692123978,23.79591627590501
bv_direct,0,float,prepared,1,8191,14.129837627,14.192024783499999,14.368666829,0.595302771,0.59644732,0.681960383,23.794263646787783
bv_direct,0,float,prepared,2,8191,14.134415822,14.1912617505,14.601391771,0.595302771,0.596298529,0.597294286,23.798921279076307
bv_direct,0,float,vienot,0,8191,2.981931388,2.989561714,3.203973874,0.595684288,0.596256562,0.644289464,5.013884801489196
bv_direct,0,float,vienot,1,8191,2.985746551,2.987272616,3.056708583,0.595684288,0.596294714,0.6451288,5.0097251340047935
bv_split,0,double,brettel,0,8191,4.33402515,4.3840037845,4.858991576,3.425245696,3.5030330545,3.583658894,1.2514879866372668
bv_split,0,double,brettel,1,8191,4.33402515,4.385529849999999,4.489683799,3.440216396,3.5284077035,3.939918813,1.2429203818055883
bv_split,0,double,brettel,2,8191,4.335551215,4.3878189475,4.928427542,3.469791539,3.587401569,3.64723477,1.2231189798813404
bv_split,0,double,lookup,0,8191,30.380905872,30.573190087,31.114180198,4.876892321,4.931533085,5.041348736,6.1995305638307405
bv_split,0,double,lookup,1,8191,30.422872665,30.610578684,31.196587718,4.881020327,4.933436851,5.027202112,6.204716835038698
bv_split,0,double,lookup,2,8191,30.338939079,30.737242095,31.258393359,4.877121231,4.941692864,5.058921377,6.219982289656114
bv_split,0,double,lookupApply,0,8191,40.666585277,41.025210597,41.360181907,8.256050848,8.331552924,8.718311256,4.924077296421192
bv_split,0,double,lookupApply,1,8191,40.434623367,40.913807838,41.433433036,8.26101056,8.340568154,8.627067818,4.905398179424792
bv_split,0,double,lookupApply,2,8191,40.748229764,41.032459406499996,42.100323526,8.261018191,8.342864882,8.753456538,4.918269681560928
bv_split,0,double,prepared,0,8191,16.873702845,16.89888292,17.043096081,0.909534855,0.931197351,0.978314614,18.147477440579618
bv_split,0,double,prepared,1,8191,16.884385301,16.9026980835,17.272768893,0.907245758,0.9314262605,0.990843609,18.147113518601508
bv_split,0,double,prepared,2,8191,16.873702845,16.9244445125,18.965175192,0.910534428,0.9314262605,1.045331767,18.170460969626053
bv_split,0,double,vienot,0,8191,3.522921499,3.525592113,3.668660725,0.910145281,0.9311210475,1.021715908,3.7863950368923436
bv_split,0,double,vienot,1,8191,3.522158467,3.5492461239999997,3.711390551,0.909847699,0.93093792,0.984884324,3.812548664899159
bv_split,0,float,brettel,0,8191,3.792272006,3.860181907,4.034153339,1.75679099,1.7601483335,2.292485655,2.193100339062986
bv_split,0,float,brettel,1,8191,3.793035038,3.841106092,4.334788182,1.75724881,1.761067788,1.899920645,2.181123360596043
bv_split,0,float,brettel,2,8191,3.793798071,3.841487608,4.192101087,1.755722744,1.7647761265,1.813873459,2.1767563320445906
bv_split,0,float,lookup,0,8191,23.69826639,23.7432853135,25.753876206,3.430358015,3.444687767,4.298170248,6.892724949111476
bv_split,0,float,lookup,1,8191,23.702081553,23.7524417045,23.986692712,3.433036259,3.4482816505000002,3.486982664,6.888196531468333
bv_split,0,float,lookup,2,8191,23.697503357,23.739088633999998,24.104962764,3.428984556,3.4493117445,3.496154316,6.882268229843961
bv_split,0,float,lookupApply,0,8191,37.425985838,37.5492156025,39.511353925,8.441979001,8.4717410875,8.732373947,4.432290271229326
bv_split,0,float,lookupApply,1,8191,37.380966915,37.5045781955,37.878464168,8.442589427,8.473084024999999,8.821541936,4.426319635783384
bv_split,0,float,lookupApply,2,8191,37.454981077,37.5698174825,38.50796606,8.445260042,8.457071786,8.512895251,4.442414399827349
bv_split,0,float,prepared,0,8191,14.132126724,14.1901172015,14.649462825,0.595379075,0.5964091684999999,0.698235869,23.79258728900644
bv_split,0,float,prepared,1,8191,14.131363692,14.181342327,14.264894396,0.595531681,0.5964511355,0.652698083,23.776201406862775
bv_split,0,float,prepared,2,8191,14.145098279,14.200799658,14.240477353,0.596065804,0.596981443,0.860700769,23.787673510648805
bv_split,0,float,vienot,0,8191,2.981931388,3.005966915,3.120040288,0.595226468,0.596256562,0.692352887,5.041398462630253
bv_split,0,float,vienot,1,8191,2.988035649,2.988798681,3.046026126,0.595760591,0.5962222260000001,0.599125565,5.012893767901902
bv_portable,0,double,brettel,0,8191,4.33402515,4.38552985,4.896380173,3.425009156,3.507046606,3.584116713,1.2504908952441793
bv_portable,0,double,brettel,1,8191,4.334788182,4.365309486,4.817024783,3.44358137,3.5267595529999998,3.61025058,1.2377678206859033
bv_portable,0,double,brettel,2,8191,4.334788182,4.3828592355,4.879593456,3.46956263,3.562637346,3.64395373,1.2302288472950849
bv_portable,0,double,lookup,0,8191,30.493834697,30.658649738,34.141130509,4.879410328,4.930457209,5.076417715,6.218216371908888
bv_portable,0,double,lookup,1,8191,30.452630936,30.509476865,31.005829569,4.878570993,4.927668325,4.992133134,6.19146315311309
bv_portable,0,double,lookup,2,8191,30.466365523,30.861616408,35.970882676,4.878570993,4.936115096,5.36352399,6.252207618296589
bv_portable,0,double,lookupApply,0,8191,41.166371627,41.370482847000005,41.586039556,8.248939385,8.296743377,8.348904285,4.986351989828455
bv_portable,0,double,lookupApply,1,8191,41.16408253,41.343395189999995,41.776034672,8.249023318,8.296323709,8.318260896,4.983339204224872
bv_portable,0,double,lookupApply,2,8191,41.08777927,41.3876510805,41.7813759,8.258645159,8.307101544,8.901942681,4.982201175859371
bv_portable,0,double,prepared,0,8191,16.882096203,16.914906605,17.252930045,0.912518313,0.9274928275000001,0.983968685,18.237237101437312
bv_portable,0,double,prepared,1,8191,16.874465877,16.8939232085,17.380356489,0.910832011,0.9277598890000001,0.973194665,18.2093701277702
bv_portable,0,double,prepared,2,8191,16.880570138,16.95763643,18.828592357,0.913052436,0.9271151264999999,0.976483335,18.290755856845575
bv_portable,0,double,vienot,0,8191,19.596966182,19.6534305945,19.777804908,0.909466182,0.927649249,1.000320474,21.186273384780158
bv_portable,0,double,vienot,1,8191,19.333719937,19.405063484,19.937278721,0.909229642,0.9274966425,0.975636369,20.921977066887333
bv_portable,0,float,brettel,0,8191,3.793035038,3.8296606029999998,4.436271518,1.75679099,1.7627502745,2.287670919,2.1725485784344998
bv_portable,0,float,brettel,1,8191,3.793035038,3.841869125,4.352337932,1.75656208,1.763971127,2.059562325,2.1779659917302037
bv_portable,0,float,brettel,2,8191,3.793798071,3.8254639235,3.951745819,1.755646441,1.768213588,1.817696252,2.163462575710056
bv_portable,0,float,lookup,0,8191,23.738707118,23.7802923945,25.782871444,3.431578867,3.4379311135000004,3.589999695,6.917035743130517
bv_portable,0,float,lookup,1,8191,23.724209498,23.747863509,23.837901355,3.43280735,3.451680961,3.50983549,6.880086478826801
bv_portable,0,float,lookup,2,8191,23.724209498,23.7673208395,24.227047979,3.432654743,3.451757264,3.512048285,6.885571325475453
bv_portable,0,float,lookupApply,0,8191,37.483976315,37.5438743745,37.741118301,8.447785679,8.4909237275,8.607885179,4.42164781823498
bv_portable,0,float,lookupApply,1,8191,37.353497741,37.542729825,37.850231962,8.443276157,8.459284581,8.534366988,4.43805022345778
bv_portable,0,float,lookupApply,2,8191,37.429801001,37.515642168,37.864729581,8.431357588,8.452443993500001,8.573418996,4.438437237425038
bv_portable,0,float,prepared,0,8191,14.132889757,14.1908802345,14.686851422,0.595836894,0.5965236235,0.68493621,23.789301337703016
bv_portable,0,float,prepared,1,8191,14.132126724,14.199273593000001,14.850140398,0.595607984,0.596561775,0.610433708,23.80184951172911
bv_portable,0,float,prepared,2,8191,14.137467953,14.188972653,14.557135881,0.595302771,0.596599927,0.648333537,23.783061329472808
bv_portable,0,float,vienot,0,8191,2.981168356,2.9952844585,3.09409718,0.595760591,0.5963328649999999,0.693505067,5.022839816987112
bv_portable,0,float,vienot,1,8191,2.981931388,2.983457453,3.119277256,0.595913197,0.5963328655,0.649943536,5.003006920469655
bv_compiler,0,double,brettel,0,8191,4.33402515,4.382096203,4.968105237,3.424017214,3.519617568,3.573953119,1.2450489629446013
bv_compiler,0,double,brettel,1,8191,4.336314247,4.384385301,4.424062996,3.441589855,3.5199990845,3.618651569,1.2455643299187908
bv_compiler,0,double,brettel,2,8191,4.334788182,4.3874374315,7.338084483,3.468418081,3.5613783420000003,3.650141924,1.2319492651926731
bv_compiler,0,double,lookup,0,8191,30.361830057,30.483152240000003,31.433127823,4.875892748,4.930342754,4.949487242,6.182765329097848
bv_compiler,0,double,lookup,1,8191,30.50375412,30.6727658405,31.301886217,4.877502747,4.9405521305,5.057090099,6.208368018453802
bv_compiler,0,double,lookup,2,8191,30.480863142,30.692223172,31.109602002,4.876968624,4.942459712,4.972561348,6.209908620495398
bv_compiler,0,double,lookupApply,0,8191,40.616225125,41.033222439,65.899310219,8.246802893,8.330137498500001,8.660687035,4.925875766923272
bv_compiler,0,double,lookupApply,1,8191,40.542973996,40.803549627500004,41.165608595,8.248100049,8.323071816999999,8.380768526,4.902462759501623
bv_compiler,0,double,lookupApply,2,8191,40.530002442,40.874511659,41.357129777,8.248336589,8.3277301305,8.792584849,4.908241623884836
bv_compiler,0,double,prepared,0,8191,16.879807105,16.899645953,17.353650348,0.912815895,0.9236738495000001,1.000015261,18.29611822630689
bv_compiler,0,double,prepared,1,8191,16.872939812,16.9030795995,17.012574777,0.906856611,0.9234792759999999,1.03722836,18.30369131044799
bv_compiler,0,double,prepared,2,8191,16.881333171,16.948861555500002,18.97051642,0.909763765,0.9230252715,0.967990783,18.36229416336192
bv_compiler,0,double,vienot,0,8191,3.522921499,3.6362318399999998,3.82279331,0.908619216,0.923521243,1.021639604,3.9373559271770855
bv_compiler,0,double,vienot,1,8191,3.522158467,3.544286412,3.603802954,0.909763765,0.9235593945,1.008576486,3.83763776656597
bv_compiler,0,float,brettel,0,8191,3.793035038,3.8441582225,4.175314369,1.756943597,1.764509065,1.885781651,2.1785993049007093
bv_compiler,0,float,brettel,1,8191,3.793035038,3.8483549019999996,4.312660237,1.758935112,1.761262361,1.903438225,2.184998094102801
bv_compiler,0,float,brettel,2,8191,3.794561104,3.8365278965,3.886888048,1.754799475,1.7560203269999999,1.822968807,2.1847855844894215
bv_compiler,0,float,lookup,0,8191,23.705133683,23.7680838725,25.859937737,3.437698388,3.450185417,3.589541875,6.888929434165537
bv_compiler,0,float,lookup,1,8191,23.700555488,23.741377731500002,24.167531437,3.437774692,3.453939537,3.499137773,6.873709709499179
bv_compiler,0,float,lookup,2,8191,23.704370651,23.753586253,24.116408253,3.436240996,3.4754112745,3.69943383,6.834755479815085
bv_compiler,0,float,lookupApply,0,8191,37.454981077,37.556464412,38.048620437,8.442513124,8.4785435235,8.771189415,4.429589151474501
bv_compiler,0,float,lookupApply,1,8191,37.399279697,37.53509949950001,37.827340984,8.444649615,8.456995483,8.649989318,4.43834924293763
bv_compiler,0,float,lookupApply,2,8191,37.416829447,37.611402759,37.926535222,8.433722989,8.454012025499999,8.518312782,4.448941241809451
bv_compiler,0,float,prepared,0,8191,14.132889757,14.197747527499999,14.734159443,0.595150165,0.596790685,0.696099377,23.790162756142884
bv_compiler,0,float,prepared,1,8191,14.134415822,14.192787816,14.561714076,0.595302771,0.596561775,0.664837932,23.790977583168146
bv_compiler,0,float,prepared,2,8191,14.129837627,14.1821053595,14.207666952,0.594989928,0.596561775,0.600956843,23.773070876859318
bv_compiler,0,float,vienot,0,8191,2.981168356,2.983457453,3.103253571,0.595524051,0.596294714,0.645968136,5.00332701758614
bv_compiler,0,float,vienot,1,8191,2.982694421,2.982694421,3.123855451,0.595684288,0.5961802585,0.646036809,5.003007695196938
bv_vienot_index,0,double,brettel,0,8191,4.33402515,4.3847668175,4.875778293,3.427374557,3.5089580025,3.635697717,1.2495922762187577
bv_vienot_index,0,double,brettel,1,8191,4.33402515,4.389345013,4.878830424,3.445107435,3.5120139485,3.664883714,1.2498085364594615
bv_vienot_index,0,double,brettel,2,8191,4.334788182,4.3977383715,5.218379929,3.464129838,3.581556739,3.64348828,1.227884602137529
bv_vienot_index,0,double,lookup,0,8191,30.464076425,38.386262361,49.562019289,4.88529331,4.9465457515,5.044095654,7.7602157726651315
bv_vienot_index,0,double,lookup,1,8191,30.448052741,38.696816628,46.351941155,4.884690514,4.9390947385,5.020785008,7.834799427182521
bv_vienot_index,0,double,lookup,2,8191,30.557929435,38.8242430715,48.97143206,4.876434501,4.938449975499999,5.377884263,7.86162525976973
bv_vienot_index,0,double,lookupApply,0,8191,40.703210841,47.9066200705,49.690971798,8.248641802,8.3064529665,8.662747223,5.767397981269241
bv_vienot_index,0,double,lookupApply,1,8191,40.584940789,44.6561012085,49.046209254,8.249702417,8.2958658895,8.382599805,5.3829343197339785
bv_vienot_index,0,double,lookupApply,2,8191,40.678793798,44.6816628005,48.367873276,8.292806129,8.3108785555,8.582964534,5.376286333883488
bv_vienot_index,0,double,prepared,0,8191,16.889726529,16.90918386,18.034275424,0.912899829,0.927607282,1.021486998,18.22881750512174
bv_vienot_index,0,double,prepared,1,8191,16.877518008,16.905368697,17.186546209,0.909458552,0.9277217369999999,1.03769381,18.222456177072416
bv_vienot_index,0,double,prepared,2,8191,16.883622268,16.9767122455,18.936179954,0.910839641,0.9276110975,0.97517855,18.301540690116635
bv_vienot_index,0,double,vienot,0,8191,1.777102918,1.786259309,3.323006959,0.911442437,0.927572946,0.979695703,1.9257345923066629
bv_vienot_index,0,double,vienot,1,8191,1.777102918,1.779392016,2.040349164,0.910526798,0.9272639175,1.036465328,1.9189704057475094
bv_vienot_index,0,float,brettel,0,8191,3.793035038,3.828134538,3.970821634,1.75679099,1.7603085705,2.377998718,2.1746951654690023
bv_vienot_index,0,float,brettel,1,8191,3.793035038,3.8433951895,4.366072519,1.757477719,1.7602322670000001,1.810439812,2.1834591159099572
bv_vienot_index,0,float,brettel,2,8191,3.793798071,3.8235563425,3.930380906,1.754654499,1.7563713220000001,1.86820901,2.176963546720902
bv_vienot_index,0,float,lookup,0,8191,23.721157368,23.77037297,25.626449762,3.430976071,3.4619246735,3.8366042,6.866230554337334
bv_vienot_index,0,float,lookup,1,8191,23.691399097,23.736799536,23.988981809,3.434943841,3.467998413,3.588084483,6.844524336291846
bv_vienot_index,0,float,lookup,2,8191,23.706659749,23.7638871935,24.919118545,3.435020144,3.441174002,3.55828806,6.905749950362435
bv_vienot_index,0,float,lookupApply,0,8191,37.354260774,37.532047369,37.790715419,8.433639055,8.4581400315,8.915394946,4.4373877979345675
bv_vienot_index,0,float,lookupApply,1,8191,37.464900501,37.581262971499996,37.902881211,8.438842937,8.4628403125,8.813980283,4.4407387571747945
bv_vienot_index,0,float,lookupApply,2,8191,37.472530827,37.5621871565,38.585032353,8.445107435,8.463485075,8.552633989,4.438146558260458
bv_vienot_index,0,float,prepared,0,8191,14.132126724,14.2255982175,14.890581126,0.595302771,0.5963328655,0.695870468,23.85513031479899
bv_vienot_index,0,float,prepared,1,8191,14.135941887,14.186683554999998,14.415211818,0.595836894,0.59667623,0.70481321,23.77618353424268
bv_vienot_index,0,float,prepared,2,8191,14.129837627,14.1935508485,14.838694909,0.595455378,0.5964091684999999,0.699456721,23.798344489232985
bv_vienot_index,0,float,vienot,0,8191,1.765657429,1.770235624,2.040349164,0.595607984,0.5963328655,0.717952631,2.968536075092443
bv_vienot_index,0,float,vienot,1,8191,1.77176169,1.772524722,1.914448785,0.595684288,0.59621841,0.644052924,2.972945303718481
bv_vienot_static,0,double,brettel,0,8191,4.33402515,4.3851483335,4.904773532,3.42439873,3.529815499,3.640199609,1.2423165841790644
bv_vienot_static,0,double,brettel,1,8191,4.33402515,4.3824777195,4.453821267,3.442276584,3.5173246555,3.610555793,1.2459690670428076
bv_vienot_static,0,double,brettel,2,8191,4.334788182,4.4278781590000005,8.336894152,3.467578745,3.58625702,3.726788548,1.234679537553056
bv_vienot_static,0,double,lookup,0,8191,30.557166402,30.6010407765,31.427023562,4.871306922,4.9524325475,5.063965023,6.178991936386389
bv_vienot_static,0,double,lookup,1,8191,30.366408253,30.630799048,31.128677817,4.91082438,4.9670636980000005,4.996787633,6.166782008520157
bv_vienot_static,0,double,lookup,2,8191,30.395403492,30.5998962275,31.136308143,4.913723904,4.9696999755,5.053335979,6.157292468026976
bv_vienot_static,0,double,lookupApply,0,8191,40.727627884,41.0835825905,42.078958613,8.23525821,8.342861067,8.797399585,4.924399706595282
bv_vienot_static,0,double,lookupApply,1,8191,40.723812721,41.196511415,48.670034184,8.237173422,8.315918386,8.445565255,4.953934069910436
bv_vienot_static,0,double,lookupApply,2,8191,40.623855451,41.043141863,52.635514589,8.233739775,8.321538121,12.688865828,4.932158125842707
bv_vienot_static,0,double,prepared,0,8191,16.882096203,16.944664875999997,17.111005982,0.909534855,0.931391924,1.221706751,18.192840671442195
bv_vienot_static,0,double,prepared,1,8191,16.882859236,16.930930289000003,17.398669271,0.907169454,0.9318077765,0.976933525,18.169981745156644
bv_vienot_static,0,double,prepared,2,8191,16.882859236,16.945809425,18.69124649,0.91174765,0.9308158344999999,1.041280063,18.205329987862385
bv_vienot_static,0,double,vienot,0,8191,2.698846295,2.722500305,2.991087779,0.908542913,0.9312355025,0.994895312,2.923535773379731
bv_vienot_static,0,double,vienot,1,8191,2.450097668,2.704569039,2.937675497,0.909458552,0.931769625,1.150332682,2.9026155891269796
bv_vienot_static,0,float,brettel,0,8191,3.792272006,3.828134538,4.067726773,1.757096203,1.7615294225,1.89396136,2.173187963313738
bv_vienot_static,0,float,brettel,1,8191,3.793035038,3.8414876084999996,4.305792943,1.756020327,1.760838878,1.842532963,2.181623575271831
bv_vienot_static,0,float,brettel,2,8191,3.793035038,3.8292790869999997,3.958613112,1.755493835,1.7565201135000001,1.922765841,2.1800371413737296
bv_vienot_static,0,float,lookup,0,8191,23.699792455,23.753586253,25.091563912,3.43257844,3.4989470149999997,4.23222134,6.78878135369535
bv_vienot_static,0,float,lookup,1,8191,23.729550726,23.7657947745,24.232389208,3.433036259,3.448243499,3.575555488,6.892145169386137
bv_vienot_static,0,float,lookup,2,8191,23.707422781,23.7543492855,24.288090587,3.43234953,3.4617682515,3.494094128,6.861912051798132
bv_vienot_static,0,float,lookupApply,0,8191,37.450402881,37.5469265045,37.747222561,8.446099377,8.521300055000001,12.45342449,4.40624391374046
bv_vienot_static,0,float,lookupApply,1,8191,37.454218044,37.5927084605,37.761720181,8.444504639,8.454012025499999,8.510987669,4.446729948704637
bv_vienot_static,0,float,lookupApply,2,8191,37.459559272,37.5904193625,38.056250763,8.44006379,8.458025577,8.764009278,4.44434921841807
bv_vienot_static,0,float,prepared,0,8191,14.142046148,14.2404773535,15.298040532,0.595455378,0.595951349,0.720936088,23.895368938077524
bv_vienot_static,0,float,prepared,1,8191,14.129074594,14.1912617505,14.545690392,0.595760591,0.596378647,0.643595104,23.795724112335634
bv_vienot_static,0,float,prepared,2,8191,14.129837627,14.182868392,14.302282994,0.595607984,0.5963710170000001,0.722698694,23.781954500984742
bv_vienot_static,0,float,vienot,0,8191,6.294255891,6.571999756,6.842113295,0.595379075,0.5961421069999999,0.664609022,11.024216673894504
bv_vienot_static,0,float,vienot,1,8191,6.304175314,6.5483457455,6.60557319,0.595836894,0.5963328655,0.656513246,10.981024398193261
default,1,double,brettel,0,8191,18.309730192,18.490568916999997,29.086802588,3.42508546,3.523783726,3.572648334,5.247362027518483
default,1,double,brettel,1,8191,18.37382493,18.5111707975,18.659199121,3.441742461,3.510793096,3.599934379,5.272646462302374
default,1,double,brettel,2,8191,18.274630692,18.5615309485,18.837748749,3.469867843,3.5845363815000004,3.670926932,5.178223617508008
default,1,double,lookup,0,8191,30.438133317,30.5575479185,30.968440972,4.879181419,4.9375686729999995,4.986318826,6.188784388072855
default,1,double,lookup,1,8191,30.422109633,30.5956995485,33.160633622,4.879105115,4.933207942,5.016435722,6.201988626511459
default,1,double,lookup,2,8191,30.3862471,30.635377243,30.979123428,4.875358625,4.928282566,5.075196862,6.216237975953751
default,1,double,lookupApply,0,8191,40.55899768,40.9439476255,41.510499329,8.248634172,8.3100354045,8.63272189,4.927048518148103
default,1,double,lookupApply,1,8191,40.562049811,41.1946038335,41.60206324,8.242903797,8.307708155,8.417981626,4.958600261939509
default,1,double,lookupApply,2,8191,40.608594799,41.068321939,41.85767916,8.248634172,8.31133256,8.367011049,4.941243975322291
default,1,double,prepared,0,8191,16.872939812,16.897356854999998,20.290562813,0.910992248,0.9257378525,1.240195031,18.252852910106103
default,1,double,prepared,1,8191,16.872176779,16.8901080455,17.098797461,0.909000733,0.925581431,0.974415517,18.248105979451093
default,1,double,prepared,2,8191,16.879044073,16.923299962999998,19.017824441,0.909840068,0.9256577340000001,0.981824564,18.282459424684067
default,1,double,vienot,0,8191,19.531345379,19.650378464,20.32795141,0.909382249,0.9258523075,1.00421957,21.224096224440203
default,1,double,vienot,1,8191,19.416127457,19.638169943,23.164143572,0.910145281,0.9257721889999999,0.987028446,21.21274561532546
default,1,float,brettel,0,8191,37.554938347,37.728909779,38.285160542,1.757935539,1.760384874,1.868743133,21.432193798206878
default,1,float,brettel,1,8191,37.506104261,37.7201349045,38.021151264,1.759164021,1.76779392,1.877075449,21.33740504351322
default,1,float,brettel,2,8191,37.545781956,37.75561592,38.104321817,1.756104261,1.7572869615000002,1.838939079,21.485173877220504
default,1,float,lookup,0,8191,23.714290074,23.9916524235,42.342204859,3.435935783,3.4622642225,3.567612318,6.92946894913073
default,1,float,lookup,1,8191,23.686057868,23.7146715905,24.231626175,3.429747589,3.4546987545,3.509911793,6.86446873540273
default,1,float,lookup,2,8191,23.708948846,23.8310340615,24.216365523,3.433257539,3.4712413015,3.597942864,6.865277286025054
default,1,float,lookupApply,0,8191,37.409962154,37.4938957395,37.928061287,8.438377487,8.47835658,8.891168661,4.422307010293261
default,1,float,lookupApply,1,8191,37.406910023,37.493895739,37.75561592,8.441971371,8.503109357500001,8.603604566,4.409433556905774
default,1,float,lookupApply,2,8191,37.371810524,37.481687217499996,37.59995727,8.43983488,8.4583307895,9.453226102,4.431333811634443
default,1,float,prepared,0,8191,14.129837627,14.181723843,14.715083628,0.595455378,0.5967525335,0.648341167,23.76483223258909
default,1,float,prepared,1,8191,14.128311561,14.177527164,14.283970211,0.595607984,0.596371017,0.66033604,23.77299828438846
default,1,float,prepared,2,8191,14.129837627,14.184775973499999,14.422842144,0.595455378,0.5962184105,0.676687828,23.791241135281915
default,1,float,vienot,0,8191,22.262239043,22.626968624,22.784916372,0.595760591,0.596294714,0.699304114,37.9459486940882
default,1,float,vienot,1,8191,22.283603956,22.6788548405,30.14818093,0.595760591,0.5962947135,0.847256135,38.03296310876988
bv_direct,1,double,brettel,0,8191,8.44219265,8.4513490415,9.076272738,3.426161336,3.5199571174999997,3.664960017,2.4009806822596897
bv_direct,1,double,brettel,1,8191,8.44219265,8.5051428395,14.854718594,3.440903125,3.510976224,3.710970883,2.4224438722658803
bv_direct,1,double,brettel,2,8191,8.441429618,8.452493590500001,8.958765718,3.471012392,3.588313393,3.649455195,2.3555616984260443
bv_direct,1,double,lookup,0,8191,30.44194848,30.572427054000002,30.930289342,4.87735014,4.9328302404999995,4.96699121,6.197745627447567
bv_direct,1,double,lookup,1,8191,30.448815773,30.5358014895,31.252289098,4.879715541,4.937107038000001,5.079095959,6.184958368224868
bv_direct,1,double,lookup,2,8191,30.437370284,30.7597515565,31.927572946,4.8771136,4.9382172505,5.066025211,6.22891825048514
bv_direct,1,double,lookupApply,0,8191,40.454462215,40.750518862,44.339824197,8.245803321,8.3051863325,8.388398852,4.906635110946802
bv_direct,1,double,lookupApply,1,8191,40.468959834,40.856198877,41.154163106,8.255974545,8.3181769625,8.518244109,4.911677049092353
bv_direct,1,double,lookupApply,2,8191,40.385789281,40.6436942985,42.796209254,8.256432365,8.3234151815,8.57303748,4.883055021553715
bv_direct,1,double,prepared,0,8191,16.877518008,16.930930289499997,17.074380418,0.910603101,0.9296712855,0.983816079,18.211738443006904
bv_direct,1,double,prepared,1,8191,16.879044073,16.900027469,17.310920523,0.910687035,0.9300146499999999,1.108915273,18.17178629282883
bv_direct,1,double,prepared,2,8191,16.879807105,16.9641222075,18.740080576,0.9122131,0.9299764985000001,1.02669088,18.241452590320485
bv_direct,1,double,vienot,0,8191,3.522921499,3.525210597,3.889177146,0.910152912,0.9293660724999999,0.984579111,3.793134590675517
bv_direct,1,double,vienot,1,8191,3.522921499,3.5286442435,3.683158345,0.909382249,0.9295949825,0.980985228,3.7958942441903725
bv_direct,1,float,brettel,0,8191,7.039738738,7.101925894,7.251098767,1.759308998,1.7608426935,1.889070321,4.0332540324108175
bv_direct,1,float,brettel,1,8191,7.039738738,7.091624954,7.617354413,1.759156391,1.761144091,1.882576914,4.026714787415995
bv_direct,1,float,brettel,2,8191,7.042790868,7.0973476985,7.206079844,1.756401843,1.7656955805,1.814644122,4.019576067857751
bv_direct,1,float,lookup,0,8191,23.59830912,23.7257355635,24.104199731,3.432883653,3.459784367,3.500053412,6.85757638244742
bv_direct,1,float,lookup,1,8191,23.604413381,23.662403857999998,25.109113661,3.430052802,3.4367789345,3.506775729,6.8850526347405365
bv_direct,1,float,lookup,2,8191,23.589152729,23.655918081,24.795507264,3.429747589,3.4431235505,3.566612746,6.870481913890298
bv_direct,1,float,lookupApply,0,8191,37.281772677,37.3676138445,39.372481992,8.42814522,8.4527148695,8.759644732,4.420782484848019
bv_direct,1,float,lookupApply,1,8191,37.275668417,37.345867415499995,37.707544866,8.434867538,8.458864912500001,8.598095471,4.414997496923319
bv_direct,1,float,lookupApply,2,8191,37.277194482,37.3462489315,37.770876572,8.436240996,8.456034062,8.638292028,4.416520635758527
bv_direct,1,float,prepared,0,8191,14.132126724,14.1912617505,15.048528873,0.595836894,0.5970195949999999,0.699304114,23.770177510672834
bv_direct,1,float,prepared,1,8191,14.129837627,14.190117202,14.264894396,0.595760591,0.596790685,0.600956843,23.777377158626397
bv_direct,1,float,prepared,2,8191,14.131363692,14.180579294000001,14.275576853,0.595531681,0.5965236235,0.658802344,23.772033051763962
bv_direct,1,float,vienot,0,8191,2.981168356,2.9868911000000002,3.044500061,0.595913197,0.5962947135,0.70060127,5.009085327066211
bv_direct,1,float,vienot,1,8191,2.982694421,2.983457453,3.050604322,0.596065804,0.59644732,0.660946466,5.002046874818719
bv_split,1,double,brettel,0,8191,4.33402515,4.382859236,5.448815773,3.421644183,3.5022318705,4.099781773,1.2514474763700543
bv_split,1,double,brettel,1,8191,4.33402515,4.382096203,4.420247833,3.439453363,3.512471768,3.610861006,1.2475819002796322
bv_split,1,double,brettel,2,8191,4.334788182,4.3836222685,4.855939446,3.468265474,3.582659321,3.633248382,1.2235665955747177
bv_split,1,double,lookup,0,8191,30.264924918,30.565178244499997,31.086711024,4.876197961,4.9263711699999995,4.980512147,6.204400194332089
bv_split,1,double,lookup,1,8191,30.338939079,30.427450861,30.665517031,4.876205592,4.9431044745,5.023226712,6.155534647905204
bv_split,1,double,lookup,2,8191,30.49764986,30.670095226,42.618422659,4.879410328,4.933288060000001,5.146494628,6.216968247745094
bv_split,1,double,lookupApply,0,8191,40.737547308,41.0706110365,41.42580271,8.241293798,8.291737883,8.380455683,4.953196979454011
bv_split,1,double,lookupApply,1,8191,40.77340984,41.0309333415,41.882859236,8.260629044,8.3132859235,8.478810585,4.935585485579624
bv_split,1,double,lookupApply,2,8191,40.724575754,41.328134538,67.072854352,8.288983335,8.3193215115,8.547361433,4.967728976560302
bv_split,1,double,prepared,0,8191,16.877518008,16.8889634965,16.99273593,0.91151874,0.927607282,0.978848736,18.207019095501238
bv_split,1,double,prepared,1,8191,16.87522891,16.897356854999998,17.293370773,0.906856611,0.927607282,0.975720303,18.216067492018674
bv_split,1,double,prepared,2,8191,16.874465877,16.924062996,17.378067391,0.907245758,0.9279544625,1.033252961,18.238031799971004
bv_split,1,double,vienot,0,8191,3.52597363,3.6476773285,3.810584788,0.910221585,0.9274165240000001,0.999710048,3.9331597336301067
bv_split,1,double,vienot,1,8191,3.524447564,3.5297887924999998,3.588542303,0.910221585,0.927874344,0.989546453,3.804166819920176
bv_split,1,float,brettel,0,8191,3.792272006,3.8468288365000003,4.276797705,1.757630326,1.7590037845,2.118483702,2.1869360773396336
bv_split,1,float,brettel,1,8191,3.793035038,3.850262483,4.402698083,1.757325113,1.761453119,1.876617629,2.185844426666231
bv_split,1,float,brettel,2,8191,3.793798071,3.8414876085,4.208887804,1.755638811,1.7566002319999998,1.809363936,2.1868877952533485
bv_split,1,float,lookup,0,8191,23.710474911,23.749389574,24.196526676,3.42837413,3.439911183,3.530391588,6.904070573498873
bv_split,1,float,lookup,1,8191,23.713527042,23.774951166,28.388627762,3.428297827,3.4627220425000003,3.717998413,6.86597158945945
bv_split,1,float,lookup,2,8191,23.714290074,23.771517519,23.880631181,3.430129105,3.4577203635,3.622092846,6.874910351321127
bv_split,1,float,lookupApply,0,8191,37.390123306,37.6030094005,38.377487486,8.433028629,8.460123916499999,8.742835124,4.444735061996181
bv_split,1,float,lookupApply,1,8191,37.419881577,37.720134904,41.333475766,8.430976071,8.4519098705,8.575860701,4.462912582120158
bv_split,1,float,lookupApply,2,8191,37.367995361,37.570198999,38.494994506,8.428679343,8.4528979975,8.545904041,4.444653065742854
bv_split,1,float,prepared,0,8191,14.130600659,14.190498718,17.362806739,0.595531681,0.596599927,0.712832682,23.785619266426764
bv_split,1,float,prepared,1,8191,14.134415822,14.2767214015,18.263948236,0.595607984,0.596523623,0.678450433,23.93320373416293
bv_split,1,float,prepared,2,8191,14.131363692,14.1931693325,14.496093273,0.595531681,0.596561775,0.6411534,23.791617108722733
bv_split,1,float,vienot,0,8191,2.982694421,2.999862654,3.115462093,0.595455378,0.596374832,0.698243499,5.030163066975302
bv_split,1,float,vienot,1,8191,2.982694421,2.987272616,3.051367354,0.595531681,0.5964511355,0.653613722,5.008411315196499
bv_portable,1,double,brettel,0,8191,4.33402515,4.382477719500001,5.988279819,3.435020144,3.5112509155,3.593593578,1.2481243365873038
bv_portable,1,double,brettel,1,8191,4.33402515,4.387055915,4.483579539,3.450387621,3.5174772615,3.611547735,1.2472165671169615
bv_portable,1,double,brettel,2,8191,4.33707728,4.388963496500001,4.855939446,3.478276462,3.5917928215,3.948785252,1.2219422763552068
bv_portable,1,double,lookup,0,8191,30.436607252,30.6269838845,48.661640825,4.880478574,4.939209193,5.203729703,6.200786945389053
bv_portable,1,double,lookup,1,8191,30.412953241,30.6075265535,30.817360518,4.880402271,4.9330591505,5.034153339,6.204573190734539
bv_portable,1,double,lookup,2,8191,30.432792089,30.550299109,31.127151752,4.873756257,4.9278972345,5.050894274,6.1994594560776655
bv_portable,1,double,lookupApply,0,8191,40.666585277,41.095409595999996,41.615797827,8.233045416,8.317371963,8.398188561,4.9409128001986415
bv_portable,1,double,lookupApply,1,8191,40.602490538,41.198037479999996,44.094890734,8.234266268,8.339839458,8.755058906,4.939907738929043
bv_portable,1,double,lookupApply,2,8191,40.665059211,41.357511293,42.001892321,8.256203455,8.342746612,11.299352948,4.957301619770207
bv_portable,1,double,prepared,0,8191,16.873702845,16.894304724500003,17.004944451,0.921377121,0.929556831,1.05618209,18.174579714857696
bv_portable,1,double,prepared,1,8191,16.875991942,16.8923971435,17.043096081,0.91969845,0.929556831,1.03417623,18.172527574594305
bv_portable,1,double,prepared,2,8191,16.872939812,16.9576364305,18.15941277,0.920232572,0.9294423755,0.975865279,18.244957274922527
bv_portable,1,double,vienot,0,8191,19.592387987,19.688530094,19.841136613,0.918393664,0.9293279210000001,1.0049063,21.18577269562097
bv_portable,1,double,vienot,1,8191,19.360426077,19.648470883,20.340922964,0.918401294,0.9290990109999999,0.979146319,21.1478762224191
bv_portable,1,float,brettel,0,8191,3.793035038,3.8430136735,4.031864241,1.757477719,1.7601903005000001,1.921926505,2.183294426976647
bv_portable,1,float,brettel,1,8191,3.793035038,3.841869125,4.276797705,1.755799048,1.75888933,2.015695581,2.1842585883444983
bv_portable,1,float,brettel,2,8191,3.793798071,3.843776706,5.565559761,1.755028385,1.7566383835,1.808219387,2.188143411930632
bv_portable,1,float,lookup,0,8191,23.720394335,23.7875412035,26.08426932,3.440369003,3.458945031,3.562568673,6.877108768803675
bv_portable,1,float,lookup,1,8191,23.69521426,23.7741881335,24.719967037,3.433791662,3.475102246,3.522440789,6.841291694615653
bv_portable,1,float,lookup,2,8191,23.707422781,23.785252106,24.555151996,3.431968014,3.4574113355,3.618117446,6.879497345825719
bv_portable,1,float,lookupApply,0,8191,37.416066414,37.533191918,37.712886094,8.439300757,8.495624008,8.837206995,4.417944094825342
bv_portable,1,float,lookupApply,1,8191,37.405383958,37.574014162,37.77316567,8.441895068,8.4604291295,8.563629288,4.441147557277697
bv_portable,1,float,lookupApply,2,8191,37.43819436,37.5961421075,61.817848859,8.448853925,8.463679648500001,8.739248871,4.44205637132817
bv_portable,1,float,prepared,0,8191,14.131363692,14.1985105605,14.650225858,0.595836894,0.596561775,0.719486326,23.80057046145808
bv_portable,1,float,prepared,1,8191,14.152728605,14.184012941,14.327463069,0.595752961,0.596561775,0.643747711,23.77626850295596
bv_portable,1,float,prepared,2,8191,14.140520083,15.358320107499999,22.382798193,0.595684288,0.596523623,0.666600537,25.74637368133198
bv_portable,1,float,vienot,0,8191,2.981168356,2.991087779,3.112409962,0.595913197,0.5964091684999999,0.684707301,5.015160626257208
bv_portable,1,float,vienot,1,8191,2.982694421,2.9891801975,3.13224881,0.595752961,0.596256562,0.652080027,5.013244948572994
bv_compiler,1,double,brettel,0,8191,4.336314247,4.3885819805,4.917745086,3.422483518,3.506012697,3.592983152,1.2517302017346343
bv_compiler,1,double,brettel,1,8191,4.33402515,4.3824777195,4.743010621,3.438461421,3.5144594675,3.609861433,1.2469848521592033
bv_compiler,1,double,brettel,2,8191,4.336314247,4.389345013,4.908588695,3.466197656,3.579988707,3.633408619,1.2260778936026961
bv_compiler,1,double,lookup,0,8191,30.447289708,30.5407612015,30.860853376,4.880333598,4.9338603345,5.420842998,6.19003359052218
bv_compiler,1,double,lookup,1,8191,30.455683067,30.5987516785,30.791417409,4.878876206,4.926447473,4.952386766,6.211119035816421
bv_compiler,1,double,lookup,2,8191,30.549536076,30.7128250515,30.960810646,4.870391283,4.9285877795,5.09621078,6.231567017888395
bv_compiler,1,double,lookupApply,0,8191,40.493376877,42.165944329,43.33872543,8.250167867,8.316566964,10.056700952,5.070114208365556
bv_compiler,1,double,lookupApply,1,8191,40.565864974,42.533344524499995,43.382981321,8.248939385,8.306792516,8.633408619,5.120309005259858
bv_compiler,1,double,lookupApply,2,8191,40.306433891,41.9522952025,43.178488585,8.247718533,8.3175665365,8.689422842,5.043818407511456
bv_compiler,1,double,prepared,0,8191,16.87522891,16.8939232085,16.950006104,0.91174765,0.931624649,0.983884752,18.13383021438283
bv_compiler,1,double,prepared,1,8191,16.873702845,16.903461116000003,17.179678916,0.910534428,0.9313537725000001,1.034397509,18.149345195249104
bv_compiler,1,double,prepared,2,8191,16.882096203,16.942375778,18.918630204,0.911450067,0.931159199,0.985265841,18.19492928405253
bv_compiler,1,double,vienot,0,8191,3.522158467,3.5343669885000004,3.613722378,0.910526798,0.9315826819999999,1.000549383,3.793938054872515
bv_compiler,1,double,vienot,1,8191,3.522158467,3.571374069,3.905963863,0.910526798,0.9312355025,0.981755891,3.8350922612081146
bv_compiler,1,float,brettel,0,8191,3.793035038,3.8414876085,4.032627274,1.75724881,1.7591220545000001,1.859418874,2.1837527411319257
bv_compiler,1,float,brettel,1,8191,3.793035038,3.841487608,4.615584178,1.756027958,1.7637040655,1.873786778,2.178079465338739
bv_compiler,1,float,brettel,2,8191,3.793798071,3.8418691245,4.217281162,1.755264925,1.7563713220000001,1.8125,2.187390033290466
bv_compiler,1,float,lookup,0,8191,23.702081553,23.758164449,25.670705653,3.430747162,3.4485830484999997,3.559432609,6.889253967461761
bv_compiler,1,float,lookup,1,8191,23.750152607,23.7810554265,24.084360884,3.428908253,3.4519060555000003,3.504639238,6.889253370209512
bv_compiler,1,float,lookup,2,8191,23.702081553,23.7387071175,24.088939079,3.427763704,3.4522875715000003,3.583506287,6.876225292896344
bv_compiler,1,float,lookupApply,0,8191,37.433616164,37.4954218045,37.69991454,8.442352887,8.4884019045,8.919591625,4.417253356562012
bv_compiler,1,float,lookupApply,1,8191,37.411488219,37.506104261,37.552649249,8.433799292,8.464786046,8.568367721,4.430839014380446
bv_compiler,1,float,lookupApply,2,8191,37.32068734,37.502670613999996,44.270388231,8.447701746,8.4627945305,8.521837993,4.431475971541077
bv_compiler,1,float,prepared,0,8191,14.130600659,14.203470272499999,14.764680747,0.595295141,0.596828837,0.614638017,23.798230567904007
bv_compiler,1,float,prepared,1,8191,14.132889757,14.187065071500001,14.544164327,0.595684288,0.596599927,0.702287572,23.779863907861326
bv_compiler,1,float,prepared,2,8191,14.143572213,14.1794347455,14.309150287,0.595760591,0.596790685,0.729489684,23.75947732076281
bv_compiler,1,float,vienot,0,8191,2.982694421,2.9899432304999998,3.25280796,0.595607984,0.59644732,0.908390306,5.012920890481996
bv_compiler,1,float,vienot,1,8191,2.982694421,2.985746551,3.040684898,0.595379075,0.596371017,0.803007874,5.006525243328517
bv_vienot_index,1,double,brettel,0,8191,4.33402515,4.383622268,4.90706263,3.423483091,3.5324555914999998,3.653117751,1.2409560869068323
bv_vienot_index,1,double,brettel,1,8191,4.33402515,4.3847668175,4.422536931,3.44007142,3.530544195,3.640436149,1.2419521114364638
bv_vienot_index,1,double,brettel,2,8191,4.336314247,4.3840037845,4.922323282,3.468028934,3.5825868329999997,3.66527286,1.2236978442833462
bv_vienot_index,1,double,lookup,0,8191,30.391588329,30.537327554500003,31.459833964,4.874519289,4.9255280185,5.058913747,6.199807906848475
bv_vienot_index,1,double,lookup,1,8191,30.358014894,30.5689934075,30.866957636,4.87826578,4.9321435115,4.963702539,6.197912395741123
bv_vienot_index,1,double,lookup,2,8191,30.416768404,30.572427054000002,31.138597241,4.875900378,4.9380303075,5.012612929,6.1912189983050245
bv_vienot_index,1,double,lookupApply,0,8191,41.064125259,41.208338420000004,41.421987547,8.248176352,8.339232847,8.409573007,4.941502315146952
bv_vienot_index,1,double,lookupApply,1,8191,40.929831522,41.107236601,41.293035038,8.247413319,8.3184096875,8.477131913,4.94171820639845
bv_vienot_index,1,double,lookupApply,2,8191,40.865736784,41.2190208765,41.832499084,8.249931327,8.3399958795,8.502884263,4.9423310840977495
bv_vienot_index,1,double,prepared,0,8191,16.872939812,16.894686241000002,18.775943108,0.909153339,0.9331507145,0.985418447,18.10499202162911
bv_vienot_index,1,double,prepared,1,8191,16.87828104,16.896975339,17.294133805,0.907932487,0.9327310465,0.982366317,18.115592273254517
bv_vienot_index,1,double,prepared,2,8191,16.881333171,16.9229184475,18.944573312,0.909000733,0.932498321,0.987402332,18.147934496388224
bv_vienot_index,1,double,vienot,0,8191,1.77481382,1.7790104995,2.32419729,0.908924429,0.946446557,1.038533146,1.879673486413243
bv_vienot_index,1,double,vienot,1,8191,1.77786595,1.781681113,1.873245025,0.908619216,0.9454507995,1.020189843,1.8844778744089477
bv_vienot_index,1,float,brettel,0,8191,3.792272006,3.8453027715,4.099774142,1.758240752,1.7632843975,1.88272952,2.180761524886118
bv_vienot_index,1,float,brettel,1,8191,3.793798071,3.8266084725000002,4.522494201,1.756867293,1.763974942,1.875312843,2.1693099949375587
bv_vienot_index,1,float,brettel,2,8191,3.793798071,3.8418691245,3.92275058,1.756333171,1.7578210840000001,1.817467342,2.1855859845290144
bv_vienot_index,1,float,lookup,0,8191,23.727261629,23.7680838725,25.634080088,3.430129105,3.4588610975,3.566917959,6.871650292542573
bv_vienot_index,1,float,lookup,1,8191,23.708185814,23.749389574,24.392626053,3.431349957,3.4635613785,3.519770175,6.856927589452851
bv_vienot_index,1,float,lookup,2,8191,23.705133683,23.7539677695,24.098095471,3.432418203,3.4452600415,3.559508912,6.894680657880901
bv_vienot_index,1,float,lookupApply,0,8191,37.41759248,37.526706141,37.769350507,8.440216396,8.4615736785,8.920278354,4.4349559038115505
bv_vienot_index,1,float,lookupApply,1,8191,37.474056892,37.5289952385,37.902881211,8.446023074,8.467841991,8.85486357,4.431943259969599
bv_vienot_index,1,float,lookupApply,2,8191,37.421407643,37.576684776,37.744170431,8.440292699,8.467883958,9.269052924,4.437553107999263
bv_vienot_index,1,float,prepared,0,8191,14.135178855,14.187065071500001,14.650225858,0.595684288,0.5967143815,0.725514284,23.775302743394665
bv_vienot_index,1,float,prepared,1,8191,14.13670492,14.2007996585,18.640123306,0.595607984,0.596752533,0.805983702,23.79679829276904
bv_vienot_index,1,float,prepared,2,8191,14.132889757,14.1847759735,14.239714321,0.595371444,0.5961421069999999,0.643976621,23.794286306805034
bv_vienot_index,1,float,vienot,0,8191,1.766420461,1.770235624,1.860273471,0.595455378,0.5963328655,0.650630265,2.968536075092443
bv_vienot_index,1,float,vienot,1,8191,1.769472592,1.77176169,1.823647906,0.595379075,0.596260377,0.836787328,2.971456360917975
bv_vienot_static,1,double,brettel,0,8191,4.335551215,4.3946862410000005,4.914692956,3.400553962,3.4913052435000003,3.591678366,1.2587516514581147
bv_vienot_static,1,double,brettel,1,8191,4.335551215,4.384385301,4.406513246,3.438537724,3.5191559335,3.641580698,1.2458627534129982
bv_vienot_static,1,double,brettel,2,8191,4.335551215,4.383240752,4.861280674,3.460467281,3.5610769445,3.695076914,1.2308750471594871
bv_vienot_static,1,double,lookup,0,8191,30.50375412,30.6239317545,31.069924307,4.874900806,4.9249557445,4.957743255,6.218113084305299
bv_vienot_static,1,double,lookup,1,8191,30.419820535,30.506043218000002,30.853986082,4.857320535,4.925413563499999,4.980359541,6.193600359585319
bv_vienot_static,1,double,lookup,2,8191,30.478574045,30.6166829445,30.939445733,4.876121658,4.935577158,5.154979551,6.20326295474358
bv_vienot_static,1,double,lookupApply,0,8191,40.290410206,40.86764436599999,41.145769747,8.229993285,8.3357572335,8.424780247,4.902691287812441
bv_vienot_static,1,double,lookupApply,1,8191,40.363661336,40.8252960565,41.165608595,8.235563423,8.310119338,8.380913503,4.912720792084972
bv_vienot_static,1,double,lookupApply,2,8191,40.401812965,40.835978513,41.332712733,8.267130082,8.332655506,8.420499634,4.900716042274363
bv_vienot_static,1,double,prepared,0,8191,16.87522891,16.9301672565,17.220882676,0.898913442,0.928259675,0.976552008,18.23861114779116
bv_vienot_static,1,double,prepared,1,8191,16.87828104,16.904605665,17.028598462,0.909458552,0.928679343,0.993590526,18.202844493548724
bv_vienot_static,1,double,prepared,2,8191,16.882859236,16.932456355,18.900317422,0.898074106,0.9276416190000001,0.995200525,18.25323056683596
bv_vienot_static,1,double,vienot,0,8191,2.450860701,2.704187523,2.949120986,0.897990172,0.9282177085000001,1.003227628,2.91331171366033
bv_vienot_static,1,double,vienot,1,8191,2.450097668,2.704187523,3.005585399,0.909771395,0.9284046515,1.151858747,2.912725090972899
bv_vienot_static,1,float,brettel,0,8191,3.792272006,3.8288975704999997,3.92275058,1.75724881,1.7611059395,2.359579111,2.1741438062420433
bv_vienot_static,1,float,brettel,1,8191,3.793035038,3.852933097,4.328683921,1.756256867,1.7585078135,1.830835673,2.191024155492045
bv_vienot_static,1,float,brettel,2,8191,3.793798071,3.830423636,3.889177146,1.755646441,1.7565582654999998,1.902598889,2.1806413776486258
bv_vienot_static,1,float,lookup,0,8191,23.707422781,23.773043584,25.83170553,3.434028202,3.455156574,3.608037785,6.880453338320986
bv_vienot_static,1,float,lookup,1,8191,23.692925162,23.766557806999998,24.026370407,3.430052802,3.4789631915,3.707224393,6.831505968521828
bv_vienot_static,1,float,lookup,2,8191,23.713527042,23.7409962155,24.343028934,3.424558967,3.4429327919999997,3.490652851,6.895573526925821
bv_vienot_static,1,float,lookupApply,0,8191,37.456507142,37.5774478085,38.195122696,8.434104505,8.475025942999999,8.621329813,4.433903572830633
bv_vienot_static,1,float,lookupApply,1,8191,37.457270175,37.5911823955,37.97308021,8.437538152,8.4600094615,8.634934684,4.443397204999686
bv_vienot_static,1,float,lookupApply,2,8191,37.469478696,37.560279574999996,38.005890612,8.378090282,8.451490203,8.781269076,4.444219737918803
bv_vienot_static,1,float,prepared,0,8191,14.153491637,14.273669271,15.084391405,0.595676657,0.5967563485,0.645968136,23.91875563096753
bv_vienot_static,1,float,prepared,1,8191,14.131363692,14.1908802345,14.219875473,0.595913197,0.5967143815,0.663235563,23.78169636003653
bv_vienot_static,1,float,prepared,2,8191,14.132889757,14.2015626905,14.541875229,0.595531681,0.5965999264999999,0.597752106,23.804164331387998
bv_vienot_static,1,float,vienot,0,8191,6.325540227,6.5830637285,6.745971188,0.595607984,0.59621841,0.646349652,11.041362725615937
bv_vienot_static,1,float,vienot,1,8191,6.302649249,6.549871811,6.591075571,0.595836894,0.596256562,0.650935478,10.984989060799636
default,2,double,brettel,0,8191,18.247161519,18.4234220485,19.015535344,3.422025699,3.5015031739999998,3.638749847,5.261575138729262
default,2,double,brettel,1,8191,18.3356733,18.4882798195,18.750763033,3.43914815,3.508191155,3.64677695,5.270032048609963
default,2,double,brettel,2,8191,18.275393725,18.434486020999998,18.839274814,3.467883958,3.5860242949999996,3.632340374,5.140647275229908
default,2,double,lookup,0,8191,30.38014284,30.6071450375,30.972256135,4.879028812,4.9324449095,5.038739165,6.205268502553358
default,2,double,lookup,1,8191,30.50375412,30.683829813,31.047796362,4.876503174,4.9295034179999995,5.004120376,6.2245275459103055
default,2,double,lookup,2,8191,30.381668905,30.4842967895,30.937156635,4.880402271,4.979176840499999,5.480138262,6.122356719999289
default,2,double,lookupApply,0,8191,41.131272128,41.2686179955,41.769930411,8.245200525,8.3112600725,8.471775424,4.965386431841801
default,2,double,lookupApply,1,8191,41.08777927,41.3594188745,41.891252594,8.246650287,8.3304427115,8.764390795,4.964852446245648
default,2,double,lookupApply,2,8191,41.056494933,41.297613233999996,41.604352338,8.293874374,8.337813606000001,8.511216579,4.953050665978151
default,2,double,prepared,0,8191,16.873702845,16.8943047245,17.866408253,0.91152637,0.9295949825,1.065582652,18.173833812081703
default,2,double,prepared,1,8191,16.882096203,16.9103284095,17.172811623,0.910221585,0.9297895555,0.985189537,18.1872643217705
default,2,double,prepared,2,8191,16.876754975,16.915288121,17.44521426,0.909382249,0.9300146499999999,1.000854597,18.18819533756807
default,2,double,vienot,0,8191,19.415364424,19.631684165499998,20.118880479,0.909992675,0.929404224,1.008500183,21.122869531417148
default,2,double,vienot,1,8191,19.36118911,19.41994262,19.486326456,0.909305946,0.9294805275,0.978917409,20.893329171976657
default,2,float,brettel,0,8191,37.445061653,37.8155139785,38.204279087,1.756714687,1.7601559635,2.343151019,21.48418365342203
default,2,float,brettel,1,8191,37.611402759,37.721660969,37.950189232,1.75679099,1.7608007264999999,1.873168722,21.4230153368806
default,2,float,brettel,2,8191,37.405383958,37.738066169999996,38.177572946,1.754730802,1.7561424125,1.816849286,21.489183281142353
default,2,float,lookup,0,8191,23.711237944,23.7627426445,25.62873886,3.428984556,3.4416318215,3.688499573,6.904498760167568
default,2,float,lookup,1,8191,23.710474911,23.7615980955,23.985166646,3.42860304,3.4409412770000003,3.584345623,6.905551761178747
default,2,float,lookup,2,8191,23.705133683,23.740614698999998,23.956171408,3.430892138,3.445645373,3.534366988,6.890034269060572
default,2,float,lookupApply,0,8191,37.393938469,37.5080118425,37.692284214,8.424322427,8.4879784215,8.763009706,4.418957021319991
default,2,float,lookupApply,1,8191,37.352734709,37.520220364,37.777743865,8.430892138,8.4526347515,8.604825418,4.438878700791097
default,2,float,lookupApply,2,8191,37.405383958,37.5400592115,37.723568551,8.430129105,8.452711055,8.544225369,4.441185670163666
default,2,float,prepared,0,8191,14.137467953,14.1893541695,14.697533879,0.595302771,0.596523623,0.70832316,23.786743093491875
default,2,float,prepared,1,8191,14.129074594,14.182868392,14.261079233,0.595607984,0.5967143815,0.718486754,23.76826976475344
default,2,float,prepared,2,8191,14.131363692,14.1805792945,14.261842266,0.595531681,0.596561775,0.643221218,23.770512776317258
default,2,float,vienot,0,8191,22.581949701,22.641466243,22.943627152,0.595684288,0.596256562,0.682959956,37.97269109635392
default,2,float,vienot,1,8191,22.28207789,22.6132340375,23.531162251,0.595760591,0.5964129835,0.599117934,37.91539531013579
bv_direct,2,double,brettel,0,8191,8.442955683,15.083628372499998,21.313026492,3.422720059,3.502575235,3.604207362,4.30643950821516
bv_direct,2,double,brettel,1,8191,8.44219265,14.866927115,21.402301306,3.439766207,3.523360243,3.611624039,4.219530814238117
bv_direct,2,double,brettel,2,8191,8.44219265,14.952768282,21.794500061,3.468028934,3.5909534855,3.705240508,4.164010573341636
bv_direct,2,double,lookup,0,8191,30.380905872,30.655597607,31.231687218,4.876960994,4.930266451,4.993117446,6.217837902205502
bv_direct,2,double,lookup,1,8191,30.412190209,30.5113844465,30.998199243,4.876655781,4.930995147,5.012528995,6.187672779411073
bv_direct,2,double,lookup,2,8191,30.36564522,30.594554999499998,51.203302405,4.873679954,4.941616561,5.139467098,6.191203753232686
bv_direct,2,double,lookupApply,0,8191,40.457514345,40.9534855325,41.939323648,8.247108106,8.329752166999999,8.374038579,4.916531093775578
bv_direct,2,double,lookupApply,1,8191,40.616988158,40.887101697000006,41.503632035,8.250541753,8.3446961605,8.566841655,4.899771173280217
bv_direct,2,double,lookupApply,2,8191,40.527713344,40.8237699915,41.214442681,8.282795141,8.3585642775,8.507851605,4.88406485087295
bv_direct,2,double,prepared,0,8191,16.872939812,16.8901080455,17.025546331,0.911595043,0.933452112,0.997878769,18.094241609579218
bv_direct,2,double,prepared,1,8191,16.876754975,16.8927786595,16.983579539,0.909000733,0.933265169,1.024920645,18.10072766092913
bv_direct,2,double,prepared,2,8191,16.896593822,16.953439750999998,17.429190575,0.911137224,0.932917989,1.016527286,18.172486703973288
bv_direct,2,double,vienot,0,8191,3.522921499,3.53627457,3.598461726,0.910221585,0.932959956,0.978772433,3.790381942180592
bv_direct,2,double,vienot,1,8191,3.522158467,3.5618361619999996,3.677054084,0.908314003,0.9333033205,1.089503724,3.816375752410065
bv_direct,2,float,brettel,0,8191,7.045842998,7.0935325355,7.314430472,1.757935539,2.1781986325,2.873802039,3.25660498985737
bv_direct,2,float,brettel,1,8191,7.089335856,7.0996367965000005,7.617354413,1.75655445,1.759888902,1.885781651,4.034139193918277
bv_direct,2,float,brettel,2,8191,7.042790868,7.095440117,7.164876084,1.760377243,1.768675223,1.838099744,4.011725852621389
bv_direct,2,float,lookup,0,8191,23.613569772,23.7001739715,25.803473324,3.430434318,3.442970944,3.563552985,6.883640424791224
bv_direct,2,float,lookup,1,8191,23.588389696,23.725735563500002,23.904285191,3.430586925,3.4369315405,3.5100644,6.903173742020016
bv_direct,2,float,lookup,2,8191,23.597546087,23.751678671500002,25.730222195,3.42883195,3.4818283785,5.372459101,6.821610972604118
bv_direct,2,float,lookupApply,0,8191,37.316109144,37.4057654745,37.699151508,8.448014589,8.5209185385,11.070473691,4.389874789377439
bv_direct,2,float,lookupApply,1,8191,37.287113906,37.380966915,37.902881211,8.433036259,8.4543897265,8.532451776,4.421486130197029
bv_direct,2,float,lookupApply,2,8191,37.32068734,37.551886216499994,38.201226956,8.437316872,8.459933158,10.717723721,4.438792306649569
bv_direct,2,float,prepared,0,8191,14.1573068,14.206903919,17.370437065,0.595760591,0.636987242,1.409008363,22.30327859376499
bv_direct,2,float,prepared,1,8191,14.131363692,14.196602979000001,14.535770968,0.595607984,0.5966762299999999,0.709086192,23.792808000747748
bv_direct,2,float,prepared,2,8191,14.128311561,14.1817238435,14.23666219,0.595455378,0.5963366805,0.599964901,23.781404544173434
bv_direct,2,float,vienot,0,8191,2.981168356,2.993376877,3.049841289,0.595836894,0.6323632645,0.955232878,4.733634992802464
bv_direct,2,float,vienot,1,8191,2.981931388,2.984983518,3.05594555,0.595760591,0.59644732,0.822953547,5.004605466246374
bv_split,2,double,brettel,0,8191,4.33402515,4.3824777195,4.988707118,3.427145648,3.511590465,3.616667684,1.2480036505338898
bv_split,2,double,brettel,1,8191,4.33402515,4.383240752,4.691124405,3.44358137,3.5146502259999997,3.671308448,1.247134272302407
bv_split,2,double,brettel,2,8191,4.336314247,4.3836222685,5.179465267,3.482251862,3.587096356,3.63271426,1.2220531130053647
bv_split,2,double,lookup,0,8191,30.442711513,30.581583445,30.783024051,4.876579477,4.9290875655,5.098194665,6.204309223282757
bv_split,2,double,lookup,1,8191,30.301550482,30.515962641999998,31.280521304,4.881623123,4.977150989,7.379829996,6.131210949686541
bv_split,2,double,lookup,2,8191,30.335123916,30.5716640215,34.073220608,4.883690941,4.9411205895000005,5.029651447,6.187192453158402
bv_split,2,double,lookupApply,0,8191,41.048864607,41.2075753875,41.550177024,8.241599011,8.297773470500001,8.345997131,4.966100307992253
bv_split,2,double,lookupApply,1,8191,41.067940422,41.240767305999995,41.843944573,8.244735075,8.3074410935,8.435706873,4.964316549685565
bv_split,2,double,lookupApply,2,8191,41.055731901,41.1946038335,42.907612013,8.288907032,8.3082041265,8.438835307,4.958304250386066
bv_split,2,double,prepared,0,8191,16.873702845,16.8950677575,16.996551093,0.910763338,0.929938347,0.97449182,18.16794394166434
bv_split,2,double,prepared,1,8191,16.872939812,16.899264436499998,17.0575937,0.909534855,0.9301329199999999,0.976559639,18.168655332078774
bv_split,2,double,prepared,2,8191,16.885148334,16.946953974,18.889634965,0.911221157,0.929980314,1.066421988,18.222916892840807
bv_split,2,double,vienot,0,8191,3.522921499,3.5709925525,3.723599072,0.910068978,0.9290608595000001,1.012391649,3.8436583739216275
bv_split,2,double,vienot,1,8191,3.522921499,3.528644244,3.661030399,0.909458552,0.9293279205,0.983739775,3.7969850750868517
bv_split,2,float,brettel,0,8191,3.793035038,3.8418691245,3.973110731,1.7570199,1.7597668175,2.295003663,2.183169432617171
bv_split,2,float,brettel,1,8191,3.793035038,3.848736418,4.307319009,1.756180564,1.7611097545,1.814865401,2.1854040659111003
bv_split,2,float,brettel,2,8191,3.793798071,3.8556037114999997,4.891801978,1.756020327,1.758011842,1.855519778,2.193161399364453
bv_split,2,float,lookup,0,8191,23.71581614,23.782963008,29.548437309,3.431960383,3.4565681845,3.599392626,6.880513196484292
bv_split,2,float,lookup,1,8191,23.726498596,23.792882432,24.399493346,3.433799292,3.445714046,3.497832987,6.905065862798529
bv_split,2,float,lookup,2,8191,23.719631303,23.7551123185,24.343028934,3.431731474,3.4433486445000003,3.582819558,6.898840277601171
bv_split,2,float,lookupApply,0,8191,37.438957392,37.672445366999995,38.196648761,8.437080332,8.48244262,8.751854169,4.441226077754475
bv_split,2,float,lookupApply,1,8191,37.394701502,37.55570138,38.016573068,8.440140093,8.455042119000002,8.879623978,4.441811270887176
bv_split,2,float,lookupApply,2,8191,37.429037969,37.5660023195,37.901355146,8.427534794,8.458292638500001,8.526187279,4.441322134979002
bv_split,2,float,prepared,0,8191,14.148913442,14.3072427055,23.888261507,0.595455378,0.5964473205,0.723385423,23.987437303777778
bv_split,2,float,prepared,1,8191,14.130600659,14.179053229,14.225216701,0.595531681,0.5965274389999999,0.722462154,23.76932275365124
bv_split,2,float,prepared,2,8191,14.130600659,14.1855390065,14.472439263,0.595531681,0.5966762299999999,0.65567391,23.774265327278084
bv_split,2,float,vienot,0,8191,2.981931388,2.983457453,3.101727506,0.595913197,0.5965617750000001,0.686317299,5.001087193358978
bv_split,2,float,vienot,1,8191,2.982694421,2.9884171655,3.145983396,0.595836894,0.5964854715,0.713061592,5.010041833852109
bv_portable,2,double,brettel,0,8191,4.334788182,4.3874374315,5.040593334,3.422872665,3.5251571845000003,3.591685997,1.2446076024046298
bv_portable,2,double,brettel,1,8191,4.33402515,4.382859236,4.424062996,3.438385118,3.519579416,3.608564278,1.2452792558325383
bv_portable,2,double,brettel,2,8191,4.334788182,4.383240752,4.923849347,3.466426566,3.5830408375,3.636155537,1.2233298337337188
bv_portable,2,double,lookup,0,8191,30.461024295,30.707483824,38.117293371,4.876358198,4.928206263,4.961863631,6.230965626285923
bv_portable,2,double,lookup,1,8191,30.549536076,30.712825051499998,31.299597119,4.872222561,4.928316903000001,5.016351789,6.231909525299452
bv_portable,2,double,lookup,2,8191,30.493071664,30.631180563999997,30.89137468,4.878723599,4.931685692,5.529346234,6.211097478026383
bv_portable,2,double,lookupApply,0,8191,40.644457331,41.130127579,44.864790624,8.245658345,8.289559425,8.342098034,4.961678355903698
bv_portable,2,double,lookupApply,1,8191,40.663533146,41.1602673665,63.644548895,8.249862654,8.296014680999999,8.377250946,4.961450642170098
bv_portable,2,double,lookupApply,2,8191,40.736784275,41.120971188,41.401385667,8.288296606,8.311874313499999,8.39138231,4.947256134661715
bv_portable,2,double,prepared,0,8191,16.87828104,16.9091838605,17.069039189,0.909611159,0.9282177085000001,0.983892382,18.216829635609134
bv_portable,2,double,prepared,1,8191,16.875991942,16.9809089245,28.364210719,0.909916372,0.9279849835,0.994742705,18.29868933919015
bv_portable,2,double,prepared,2,8191,16.879807105,16.9301672565,18.960596997,0.910305518,0.9276072825,1.017824441,18.251438486846936
bv_portable,2,double,vienot,0,8191,19.590098889,19.685096447,20.358472714,0.909763765,0.927874344,1.088969601,21.21526106879834
bv_portable,2,double,vienot,1,8191,19.431388109,19.632828714,19.818245635,0.908848126,0.9274928275,1.061225736,21.16763400415622
bv_portable,2,float,brettel,0,8191,3.793035038,3.8437767065,4.968105237,1.758706202,1.7627502745,1.906490355,2.180556578038417
bv_portable,2,float,brettel,1,8191,3.793035038,3.8437767065,4.309608106,1.758774875,1.760228452,1.835574106,2.183680591080458
bv_portable,2,float,brettel,2,8191,3.793798071,3.842250641,4.139451837,1.754799475,1.760915181,1.81670431,2.1819623582426257
bv_portable,2,float,lookup,0,8191,23.699029423,23.7604535465,25.732511293,3.429976499,3.4529399645,3.706156147,6.881224055669502
bv_portable,2,float,lookup,1,8191,23.715053107,23.781818459,24.205683067,3.430968441,3.452062477,3.511666768,6.8891622377783515
bv_portable,2,float,lookup,2,8191,23.70131852,23.725735563,23.908863387,3.429289769,3.438919241,3.493331095,6.899183697056177
bv_portable,2,float,lookupApply,0,8191,37.354260774,37.519075815,38.015047003,8.447861983,8.4918012145,8.948472409,4.418270619775587
bv_portable,2,float,lookupApply,1,8191,37.438957392,37.514879135499996,37.739592235,8.446259614,8.466621139,8.684913319,4.4309150627626765
bv_portable,2,float,lookupApply,2,8191,37.432090099,37.633912221,38.200463924,8.446183311,8.456568185,8.688499573,4.450258236876027
bv_portable,2,float,prepared,0,8191,14.147387376,14.235136125,17.352124283,0.595760591,0.5969432914999999,0.742178916,23.846714298823816
bv_portable,2,float,prepared,1,8191,14.130600659,14.186683554999998,14.327463069,0.595531681,0.5967525334999999,0.598278598,23.773143403001573
bv_portable,2,float,prepared,2,8191,14.164174094,14.18515749,14.344249786,0.596065804,0.596790685,0.696786107,23.769066519528536
bv_portable,2,float,vienot,0,8191,2.981931388,2.984220486,3.098675375,0.595836894,0.59667623,0.690819192,5.001406685833621
bv_portable,2,float,vienot,1,8191,2.982694421,2.984220486,3.042973996,0.595600354,0.5964129835,0.613493468,5.003614221285643
bv_compiler,2,double,brettel,0,8191,4.335551215,4.400027468999999,5.2832377,3.420957453,3.5053259675,3.601765657,1.2552405995320604
bv_compiler,2,double,brettel,1,8191,4.33402515,4.38552985,5.081797094,3.43983488,3.5152988035,3.670545416,1.247555355929788
bv_compiler,2,double,brettel,2,8191,4.334788182,4.384385301,4.88646075,3.468494384,3.5870162375000003,3.631722317,1.2222931290814931
bv_compiler,2,double,lookup,0,8191,30.412190209,30.486967403,30.715877182,4.87803687,4.930075693,5.145731596,6.183874102843314
bv_compiler,2,double,lookup,1,8191,30.415242339,30.549154559999998,30.946313026,4.877189904,4.9412350445,5.064193932,6.182493705496507
bv_compiler,2,double,lookup,2,8191,30.428976926,30.6109602,30.902820168,4.878494689,4.9294233,5.017343731,6.209846129465084
bv_compiler,2,double,lookupApply,0,8191,40.802405079,44.3344829695,47.99017214,8.244506165,8.335829721500001,8.552550055,5.318544698094214
bv_compiler,2,double,lookupApply,1,8191,40.732969112,45.001754975,48.824166768,8.242369674,8.3177954465,8.444191796,5.41029834941854
bv_compiler,2,double,lookupApply,2,8191,40.831400317,44.349743621,49.691734831,8.290051581,8.349621536,8.505325968,5.311587289290042
bv_compiler,2,double,prepared,0,8191,16.885148334,16.97518618,17.329233305,0.912899829,0.932956141,0.98220608,18.195052729708117
bv_compiler,2,double,prepared,1,8191,16.873702845,16.9145250885,17.355939446,0.909534855,0.9331888660000001,0.981221768,18.125511035083438
bv_compiler,2,double,prepared,2,8191,16.887437431,16.938560615500002,19.041478452,0.909992675,0.9328455010000001,1.003914357,18.157948553476487
bv_compiler,2,double,vienot,0,8191,3.522921499,3.5255921135,3.716731779,0.909077036,0.9330362595,1.013314919,3.7786228322887596
bv_compiler,2,double,vienot,1,8191,3.522158467,3.5717555855,4.92766451,0.910763338,0.932959956,0.990927542,3.828412529958574
bv_compiler,2,float,brettel,0,8191,3.793035038,3.841106092,4.06085948,1.757401416,1.7611860575,2.288052436,2.180976890909778
bv_compiler,2,float,brettel,1,8191,3.793035038,3.842250641,4.330973019,1.756180564,1.75866042,1.810668722,2.18475983043958
bv_compiler,2,float,brettel,2,8191,3.793798071,3.8422506409999997,4.270693444,1.754883409,1.7681754365,1.901378037,2.1730030638846056
bv_compiler,2,float,lookup,0,8191,23.702081553,23.791356367,25.756928336,3.428450433,3.445454615,3.583651264,6.905142869513607
bv_compiler,2,float,lookup,1,8191,23.707422781,23.7421407645,23.865370529,3.429060859,3.4390718475,3.589236662,6.903647791411837
bv_compiler,2,float,lookup,2,8191,23.712000977,23.766176291,28.271120742,3.432273227,3.459170126,3.50235014,6.870484950239189
bv_compiler,2,float,lookupApply,0,8191,37.42369674,37.492369674,37.734251007,8.435561897,8.4981420155,8.628899097,4.411831386862755
bv_compiler,2,float,lookupApply,1,8191,37.43819436,37.53090282,38.437767061,8.428068917,8.459666096500001,8.628891466,4.436452029179684
bv_compiler,2,float,lookupApply,2,8191,37.409962154,37.5312843365,38.095165425,8.429976499,8.4535885425,8.781192773,4.439686666533782
bv_compiler,2,float,prepared,0,8191,14.141283116,14.238951287999999,16.683707728,0.595684288,0.5964854719999999,0.698396105,23.87141339797795
bv_compiler,2,float,prepared,1,8191,14.129837627,14.186302039000001,14.399188133,0.595913197,0.5965999264999999,0.658733671,23.778584959312767
bv_compiler,2,float,prepared,2,8191,14.130600659,14.187065071500001,14.344249786,0.595447748,0.5965999264999999,0.647188988,23.779863927790817
bv_compiler,2,float,vienot,0,8191,2.981931388,2.983075937,3.119277256,0.595684288,0.596256562,0.642534489,5.003007307783726
bv_compiler,2,float,vienot,1,8191,2.982694421,2.9876541325000003,3.039158833,0.595760591,0.596107771,0.720554572,5.011936226712939
bv_vienot_index,2,double,brettel,0,8191,4.33402515,4.388963497,4.925375412,3.422338542,3.5053259675,3.803740386,1.2520842676808772
bv_vienot_index,2,double,brettel,1,8191,4.33402515,4.3820962035,4.400408985,3.437614455,3.5100644,3.619498535,1.248437551031827
bv_vienot_index,2,double,brettel,2,8191,4.334788182,4.382859236,4.922323282,3.466121353,3.586329508,3.626144549,1.2221016574810504
bv_vienot_index,2,double,lookup,0,8191,30.420583567,30.526263582,30.962336711,4.872764314,4.9318726349999995,4.953615248,6.189588791357748
bv_vienot_index,2,double,lookup,1,8191,30.406848981,30.609815650999998,31.404895617,4.875358625,4.9270235625000005,5.020327188,6.212638373393205
bv_vienot_index,2,double,lookup,2,8191,30.433555121,30.678107069,31.119521426,4.876045355,4.936458460500001,5.130676963,6.214598444305089
bv_vienot_index,2,double,lookupApply,0,8191,40.959589794,41.228940300000005,41.731015749,8.241072519,8.3291074045,8.403690026,4.949983029120873
bv_vienot_index,2,double,lookupApply,1,8191,40.823006959,41.222454522999996,41.637925772,8.237013185,8.337893725,8.430358015,4.943988959633806
bv_vienot_index,2,double,lookupApply,2,8191,40.747466732,41.0847271395,41.406726895,8.2801932,8.336287541,8.408581065,4.928420107564041
bv_vienot_index,2,double,prepared,0,8191,16.876754975,16.913762056,17.069802222,0.912892199,0.9296331339999999,0.980832621,18.194018088860417
bv_vienot_index,2,double,prepared,1,8191,16.872939812,16.887437431,16.998077158,0.909458552,0.9297094370000001,0.980222195,18.164209976713398
bv_vienot_index,2,double,prepared,2,8191,16.880570138,16.908802344,17.675650104,0.91174765,0.929594982,0.999862654,18.18942945197611
bv_vienot_index,2,double,vienot,0,8191,1.776339885,1.7805365645000002,1.85416921,0.910297888,0.929823892,0.979764376,1.9149180611719538
bv_vienot_index,2,double,vienot,1,8191,1.776339885,1.779392016,1.841960689,0.909000733,0.929709437,0.983434562,1.9139227216427621
bv_vienot_index,2,float,brettel,0,8191,3.792272006,3.8082956905,4.021944817,1.758317055,1.762292455,1.894266573,2.160989613100284
bv_vienot_index,2,float,brettel,1,8191,3.793035038,3.842632157,4.302740813,1.757172506,1.759923239,2.003769381,2.183408953212874
bv_vienot_index,2,float,brettel,2,8191,3.793798071,3.8296606029999998,4.745299719,1.755715114,1.7600720305,1.813644549,2.175854474496747
bv_vienot_index,2,float,lookup,0,8191,23.721157368,23.762742644,25.879776584,3.431281284,3.4429709434999998,3.546216884,6.9018132984426686
bv_vienot_index,2,float,lookup,1,8191,23.707422781,23.7516786715,23.811195214,3.430365645,3.453092571,3.5140398,6.878378781667478
bv_vienot_index,2,float,lookup,2,8191,23.714290074,23.7680838725,27.783542913,3.431662801,3.4507271700000004,3.572114211,6.887847894535225
bv_vienot_index,2,float,lookupApply,0,8191,37.430564034,37.506104261000004,37.718990355,8.434867538,8.506241606500001,8.90988585,4.409245116237929
bv_vienot_index,2,float,lookupApply,1,8191,37.455744109,37.5156421685,37.802160908,8.444420706,8.4584795815,8.570282932,4.435270169659391
bv_vienot_index,2,float,lookupApply,2,8191,37.472530827,37.548834086,37.718227323,8.434409718,8.45083781,8.545598828,4.443208464084817
bv_vienot_index,2,float,prepared,0,8191,14.131363692,14.2305579295,14.656330118,0.595684288,0.5965999264999999,0.712908985,23.85276514025853
bv_vienot_index,2,float,prepared,1,8191,14.132889757,14.179053229,14.391557807,0.595607984,0.5967143815,0.701448236,23.761876148111575
bv_vienot_index,2,float,prepared,2,8191,14.132126724,14.187446587499998,14.461756806,0.595531681,0.5964511355,0.665761201,23.786435707942413
bv_vienot_index,2,float,vienot,0,8191,1.767946527,1.770998657,1.932761568,0.595913197,0.5964854715,0.686393603,2.969055813792776
bv_vienot_index,2,float,vienot,1,8191,1.770235624,1.772524722,1.909107557,0.595684288,0.596489287,0.644518374,2.9715952333608295
bv_vienot_static,2,double,brettel,0,8191,4.33402515,4.389345013,4.894854108,3.436630143,3.5080767,3.790440728,1.2512112443265564
bv_vienot_static,2,double,brettel,1,8191,4.336314247,4.382859236,4.398119888,3.441368575,3.511327219,3.627518008,1.248205867081851
bv_vienot_static,2,double,brettel,2,8191,4.33402515,4.3847668175,4.911640825,3.470249359,3.582048895,3.758805396,1.22409463020465
bv_vienot_static,2,double,lookup,0,8191,30.44194848,30.545720913,31.059241851,4.877724026,4.9261765959999995,5.024836711,6.200695471981818
bv_vienot_static,2,double,lookup,1,8191,30.377853742,30.6155383955,30.914265657,4.875663838,4.9504829995,5.060294836,6.184353809232791
bv_vienot_static,2,double,lookup,2,8191,30.40074472,30.5926474175,30.866957636,4.873298437,4.9294652665,5.058539861,6.206078299284026
bv_vienot_static,2,double,lookupApply,0,8191,40.374343792,40.736402759,41.103039922,8.251770236,8.3396448845,8.531307227,4.884668750669752
bv_vienot_static,2,double,lookupApply,1,8191,40.404865096,40.77035771,41.418935417,8.255814308,8.339496093000001,8.377479856,4.888827484939022
bv_vienot_static,2,double,lookupApply,2,8191,40.288884141,40.7444146015,41.159504334,8.29563698,8.3419797645,8.463061592,4.884261979978818
bv_vienot_static,2,double,prepared,0,8191,16.873702845,16.892015627,17.114821145,0.909229642,0.9282215235,0.978162007,18.198258927789233
bv_vienot_static,2,double,prepared,1,8191,16.877518008,16.8904895615,17.035465755,0.909305946,0.9279506470000001,0.973499878,18.20192659610269
bv_vienot_static,2,double,prepared,2,8191,16.877518008,16.900027469,19.022402637,0.910305518,0.9282177085000001,0.984579111,18.206965148629244
bv_vienot_static,2,double,vienot,0,8191,2.445519473,2.704950555,3.002533268,0.910068978,0.928335979,1.003525211,2.9137624913705946
bv_vienot_static,2,double,vienot,1,8191,2.450860701,2.704950555,2.91783665,0.910526798,0.9290188925,0.978383287,2.9116206105571742
bv_vienot_static,2,float,brettel,0,8191,3.792272006,3.8426321569999997,4.0402576,1.756638384,1.7648943959999999,2.236158589,2.177258971250085
bv_vienot_static,2,float,brettel,1,8191,3.793035038,3.8315681845,4.377518008,1.756104261,1.7640932120000001,1.813720852,2.1719760375677923
bv_vienot_static,2,float,brettel,2,8191,3.793798071,3.8292790864999997,3.883072885,1.755028385,1.7596561775,1.810508485,2.1761518729984966
bv_vienot_static,2,float,lookup,0,8191,23.706659749,23.7440483455,25.794316933,3.426466549,3.4697190515000003,3.570893359,6.843219290401962
bv_vienot_static,2,float,lookup,1,8191,23.682242705,23.71886827,24.037052863,3.430205408,3.4542409354999997,3.578836528,6.866593475352555
bv_vienot_static,2,float,lookup,2,8191,23.702844586,23.7371810525,24.066048102,3.431281284,3.4413266085,3.502121231,6.897683292794613
bv_vienot_static,2,float,lookupApply,0,8191,37.445824686,37.5225094615,37.780032963,8.444039189,8.463603345,8.697602552,4.433396501700069
bv_vienot_static,2,float,lookupApply,1,8191,37.358075937,37.487409962,37.648791356,8.42439873,8.4536648455,8.508378098,4.434456611082122
bv_vienot_static,2,float,lookupApply,2,8191,37.425985838,37.508393358999996,37.639634965,8.436622513,8.459967495,8.530162679,4.4336332711878805
bv_vienot_static,2,float,prepared,0,8191,14.132126724,14.247726163,14.676168966,0.595531681,0.596638078,0.709467708,23.880014850476908
bv_vienot_static,2,float,prepared,1,8191,14.130600659,14.187446587499998,14.33356733,0.595684288,0.596714382,0.657734098,23.775942084633712
bv_vienot_static,2,float,prepared,2,8191,14.138230985,14.204233304999999,14.55408375,0.595531681,0.596561775,0.647494201,23.81016333974801
bv_vienot_static,2,float,vienot,0,8191,6.291966793,6.584589793999999,6.750549383,0.595836894,0.5964854715,0.713374435,11.038977659324264
bv_vienot_static,2,float,vienot,1,8191,6.294255891,6.5536869735,6.629990233,0.595836894,0.596523623,0.675917165,10.986466789932978
default,0,double,brettel,0,65536,20.145988464,20.3685283665,20.974826813,3.562797546,3.57662344,3.58859539,5.694904344333213
default,0,double,brettel,1,65536,20.209026337,20.5430030825,21.042823792,3.566990852,3.581913948,3.611365318,5.735202849853612
default,0,double,brettel,2,65536,20.458698273,20.6669330595,27.661418915,3.571011543,3.5822677615,3.657306671,5.769231792669276
default,0,double,lookup,0,65536,30.637359619,30.7362556455,30.845832825,4.927326202,4.936542987999999,4.976390839,6.226271242895131
default,0,double,lookup,1,65536,30.594921112,30.702972412,31.057071686,4.927812576,4.9352912905,5.030554771,6.2211064362301185
default,0,double,lookup,2,65536,30.618476868,30.6925773625,31.395626068,4.93407917,4.961423873999999,5.036342621,6.186243736065838
default,0,double,lookupApply,0,65536,40.872764587,41.091442107999995,41.496753693,8.340752602,8.359783649499999,8.409750938,4.915371477401534
default,0,double,lookupApply,1,65536,40.857887268,41.0368919375,41.228675842,8.351297379,8.365791321,8.480056763,4.905321010636287
default,0,double,lookupApply,2,65536,40.860462189,41.0603046415,41.273117065,8.33786869,8.3659582135,8.426455498,4.90802172251371
default,0,double,prepared,0,65536,16.932582855,16.9573783875,16.985321045,0.930809021,0.9403371810000001,0.952586174,18.03329564132166
default,0,double,prepared,1,65536,16.924095154,16.9513225555,17.157363892,0.934257507,0.9385557175,0.959606171,18.06107217657006
default,0,double,prepared,2,65536,16.916942596,16.954088211,17.031288147,0.934200287,0.9398784634999999,0.954304695,18.038596339217
default,0,double,vienot,0,65536,19.677829742,19.713068008500002,19.793987274,0.933341026,0.9378156664999999,0.947973251,21.020194812985675
default,0,double,vienot,1,65536,19.680595398,19.713878631500002,19.964599609,0.934716225,0.9428777695,0.962977409,20.90820175127695
default,0,float,brettel,0,65536,41.682815552,42.003440857,42.862892151,1.817855835,1.8439450265,1.892030716,22.779117735807404
default,0,float,brettel,1,65536,42.929172516,43.250083923000005,44.003868103,1.835363388,1.8479270935,1.859937668,23.404648416666554
default,0,float,brettel,2,65536,41.613197327,41.8838500975,42.798614502,1.825925827,1.8317193985,1.849020958,22.86586588087608
default,0,float,lookup,0,65536,23.924255371,23.9676952365,24.121952057,3.467324257,3.4796738625,3.527314186,6.88791426541343
default,0,float,lookup,1,65536,23.928070068,23.975086212,24.02715683,3.465852737,3.4748358725,3.532204628,6.899631260785541
default,0,float,lookup,2,65536,23.926734924,23.9762783055,24.118518829,3.466398239,3.4786376955,3.527362823,6.892433304139707
default,0,float,lookupApply,0,65536,37.508106232,37.578010559,39.826011658,8.492864609,8.5029506685,8.562302589,4.4194082764952825
default,0,float,lookupApply,1,65536,37.524700165,37.5713825225,37.704849243,8.497908592,8.5032949445,8.574967384,4.418449879455431
default,0,float,lookupApply,2,65536,37.523460388,37.560939789,37.649536133,8.48710537,8.509627819,8.577526093,4.41393449724502
default,0,float,prepared,0,65536,14.207553864,14.2231941225,14.256286621,0.613442421,0.6209936145,0.645019531,22.903929751277662
default,0,float,prepared,1,65536,14.202785492,14.226388930999999,14.346694946,0.611800194,0.620859146,0.634809494,22.914036174961975
default,0,float,prepared,2,65536,14.201164246,14.221906662,14.356040955,0.612994194,0.620778084,0.636919975,22.90980791454616
default,0,float,vienot,0,65536,22.33953476,22.491312027,23.216533661,0.612832069,0.6196274755,0.663424492,36.298119299585515
default,0,float,vienot,1,65536,22.6603508,22.694873809999997,23.814582825,0.610434532,0.618730068,0.634723663,36.67976551286659
bv_direct,0,double,brettel,0,65536,13.772392273,13.932085037,14.479351044,3.571308136,3.592291832,3.631040573,3.8783277329791286
bv_direct,0,double,brettel,1,65536,13.8630867,14.050388336000001,14.528656006,3.567935944,3.5845265389999996,3.616351128,3.919733382674225
bv_direct,0,double,brettel,2,65536,13.825416565,13.967704773000001,14.517307281,3.573199272,3.5928931235,3.600715637,3.887592614887867
bv_direct,0,double,lookup,0,65536,30.563926697,30.7648658755,30.943393707,4.932664871,4.947669506,4.990631104,6.218051920847115
bv_direct,0,double,lookup,1,65536,30.494594574,30.736494064,30.897331238,4.934623718,4.945950985,5.005578995,6.214476074918077
bv_direct,0,double,lookup,2,65536,30.607318878,30.744743347,31.013870239,4.933773041,4.947951316999999,5.02259922,6.213630930718392
bv_direct,0,double,lookupApply,0,65536,40.841293335,40.9981250765,41.209793091,8.3573246,8.3784651755,8.440218925,4.893273913268174
bv_direct,0,double,lookupApply,1,65536,40.835380554,40.961933136,41.063022614,8.352318764,8.373465538,8.454106331,4.891873376693176
bv_direct,0,double,lookupApply,2,65536,40.867900848,40.974569320499995,41.1485672,8.358222008,8.380194664,8.427095413,4.889453164676509
bv_direct,0,double,prepared,0,65536,16.925525665,16.9433116915,17.040252686,0.934448242,0.9417791369999999,0.958316803,17.99074860107036
bv_direct,0,double,prepared,1,65536,16.928291321,16.9534683225,17.067527771,0.934228897,0.9400458334999999,1.036455154,18.034725242468724
bv_direct,0,double,prepared,2,65536,16.927051544,16.954708099,17.253875732,0.935154915,0.9391999245,0.993217468,18.052288609399266
bv_direct,0,double,vienot,0,65536,3.549766541,3.5596847535,3.617763519,0.934486389,0.9388036725,0.999005318,3.791724359173723
bv_direct,0,double,vienot,1,65536,3.554534912,3.5606861115,3.654098511,0.934762955,0.9431209565,0.957819939,3.775428895901116
bv_direct,0,float,brettel,0,65536,12.34292984,12.5051498415,13.069057465,1.796928406,1.8441829685,1.87457943,6.7808617990173135
bv_direct,0,float,brettel,1,65536,12.3919487,12.5111579895,13.119220734,1.841093063,1.850310326,2.062270164,6.761653877026463
bv_direct,0,float,brettel,2,65536,12.389373779,12.522745132499999,13.069343567,1.822669029,1.834130764,1.848093987,6.827618498252287
bv_direct,0,float,lookup,0,65536,23.786354065,23.861598968499997,24.052238464,3.46146965,3.484372616,5.180393219,6.848176586777537
bv_direct,0,float,lookup,1,65536,23.797130585,23.8475322725,23.982334137,3.462223053,3.4743156434999998,3.494086266,6.8639509818619056
bv_direct,0,float,lookup,2,65536,23.783016205,23.8418102265,23.929786682,3.464353561,3.4806003575,3.611470222,6.849913169469644
bv_direct,0,float,lookupApply,0,65536,37.35704422,37.415027617999996,37.541294098,8.484306335,8.5005869865,8.542902946,4.40146400212359
bv_direct,0,float,lookupApply,1,65536,37.362194061,37.4113559725,37.82377243,8.485366821,8.5006632805,8.53241539,4.400992574111171
bv_direct,0,float,lookupApply,2,65536,37.356090546,37.40978241,37.44392395,8.48561573,8.515639305,8.644957542,4.393067985868619
bv_direct,0,float,prepared,0,65536,14.204788208,14.227437973,14.288234711,0.612344742,0.6249284740000001,0.638104439,22.766506192195042
bv_direct,0,float,prepared,1,65536,14.199447632,14.236450195,15.355300903,0.612592697,0.6218194960000001,0.629155159,22.894827657510433
bv_direct,0,float,prepared,2,65536,14.194297791,14.2207622525,14.258861542,0.613071442,0.621972561,0.678582191,22.863970445313583
bv_direct,0,float,vienot,0,65536,3.007984161,3.0141830445,3.073310852,0.611790657,0.6218862535,0.673252106,4.846839799941003
bv_direct,0,float,vienot,1,65536,3.006649017,3.009223938,3.030204773,0.611763,0.6227030755,0.637817383,4.832518187875884
bv_split,0,double,brettel,0,65536,8.910655975,9.0827941895,9.850692749,3.567019463,3.583585739,3.608547211,2.5345547312158225
bv_split,0,double,brettel,1,65536,8.845424652,9.1290950775,9.989833832,3.569817543,3.5801992415,3.613581657,2.5498846465525684
bv_split,0,double,brettel,2,65536,8.935260773,9.101009369,9.847736359,3.569416046,3.583427906,3.605080605,2.5397495380781914
bv_split,0,double,lookup,0,65536,30.515384674,30.6881427765,30.931282043,4.931853294,4.945654392,4.979857445,6.205072240013491
bv_split,0,double,lookup,1,65536,30.562782288,30.699777603,30.921173096,4.928080559,4.94317627,5.01167202,6.210536692635482
bv_split,0,double,lookup,2,65536,30.555820465,30.6970596315,31.233215332,4.913991928,4.9482908245,5.007908821,6.203568205715109
bv_split,0,double,lookupApply,0,65536,40.891933441,41.1157131195,41.6680336,8.342319489,8.3615980145,8.49805069,4.917207577809946
bv_split,0,double,lookupApply,1,65536,40.858459473,41.0919189455,41.492366791,8.341927528,8.357243061,8.392271042,4.916922799249431
bv_split,0,double,lookupApply,2,65536,40.816688538,41.1356449125,41.414451599,8.340676308,8.355694771,8.427802086,4.923066966886936
bv_split,0,double,prepared,0,65536,16.925239563,16.9499874115,16.993141174,0.933941841,0.9367127415000001,0.95023632,18.095181863713336
bv_split,0,double,prepared,1,65536,16.92943573,16.9501304625,17.000579834,0.933379173,0.9387321470000001,0.953226089,18.056407801383198
bv_split,0,double,prepared,2,65536,16.931056976,16.946458816499998,17.000007629,0.932596207,0.9400696755,0.985203743,18.026811478081765
bv_split,0,double,vienot,0,65536,3.553390503,3.5614490505000003,3.579044342,0.935154915,0.942027569,1.011039734,3.7806208307476834
bv_split,0,double,vienot,1,65536,3.549194336,3.5595417019999998,3.594398499,0.935910225,0.9415979385,0.980197906,3.7803201944881915
bv_split,0,float,brettel,0,65536,8.345413208,8.5912704465,9.94977951,1.814245224,1.840405464,1.890320778,4.668140045524229
bv_split,0,float,brettel,1,65536,8.53395462,8.7569236755,9.788703918,1.836910248,1.8410124780000001,1.87494278,4.7565802948892335
bv_split,0,float,brettel,2,65536,8.432579041,8.664894104,9.638309479,1.825955391,1.832836628,1.852612495,4.7275867208389295
bv_split,0,float,lookup,0,65536,23.937606812,23.992586135499998,24.074172974,3.467438698,3.482629299,3.520189285,6.889216185710381
bv_split,0,float,lookup,1,65536,23.9402771,23.9735126495,24.057579041,3.467935562,3.4803333285,3.53277874,6.888280629094921
bv_split,0,float,lookup,2,65536,23.938083649,23.9943504335,24.066448212,3.466665268,3.4813642500000004,3.557821274,6.892226354510304
bv_split,0,float,lookupApply,0,65536,37.511062622,37.646865845,37.953567505,8.491689682,8.4970335965,8.533055305,4.43058926594183
bv_split,0,float,lookupApply,1,65536,37.488079071,37.572145462,38.048934937,8.489301682,8.4989295005,8.552550316,4.4208091689417595
bv_split,0,float,lookupApply,2,65536,37.441253662,37.658023834000005,38.089370728,8.487420082,8.497449398,8.631308556,4.431685564713498
bv_split,0,float,prepared,0,65536,14.208984375,14.230489730999999,14.290237427,0.609986305,0.621003151,0.639268875,22.91532612690398
bv_split,0,float,prepared,1,65536,14.210891724,14.228439331,14.308071136,0.610683441,0.6182188985,0.632774353,23.0152125169949
bv_split,0,float,prepared,2,65536,14.208221436,14.2327308655,14.286231995,0.61055851,0.6195659634999999,0.62924099,22.972099346932577
bv_split,0,float,vienot,0,65536,3.00989151,3.014135361,3.036785126,0.61208725,0.620048046,0.665554047,4.861131940410954
bv_split,0,float,vienot,1,65536,3.007221222,3.0110836025,3.026580811,0.611895561,0.6204490665,0.626135826,4.853071372136555
bv_portable,0,double,brettel,0,65536,8.872127533,9.037923812999999,9.899330139,3.573763847,3.590043068,3.61700058,2.517497322959692
bv_portable,0,double,brettel,1,65536,8.79573822,9.0504169465,9.919834137,3.57446003,3.5861029625,3.60259819,2.5237470984911803
bv_portable,0,double,brettel,2,65536,8.933258057,9.2401504515,12.542915344,3.576227188,3.5875496865,3.608530045,2.575616021785236
bv_portable,0,double,lookup,0,65536,30.533695221,30.667161941499998,31.055927277,4.930106163,4.940732002,4.987652779,6.207007773157091
bv_portable,0,double,lookup,1,65536,30.523777008,30.781316757,31.039524078,4.929686546,4.937222004,4.978014946,6.234541758920671
bv_portable,0,double,lookup,2,65536,30.599212646,30.736207962,30.958557129,4.93324852,4.948019028,5.011529922,6.211820889949901
bv_portable,0,double,lookupApply,0,65536,41.107559204,41.3004398345,41.463756561,8.357469559,8.3710842135,12.63243103,4.933702586326275
bv_portable,0,double,lookupApply,1,65536,41.13445282,41.3004398345,41.923904419,8.354040146,8.372039318,8.449007988,4.93313973642043
bv_portable,0,double,lookupApply,2,65536,41.111373901,41.285943985,41.471576691,8.351327896,8.3669290545,8.431538582,4.93442022946222
bv_portable,0,double,prepared,0,65536,16.919612885,16.9585227965,17.428207397,0.934276581,0.9373140335,0.995891571,18.092679924118514
bv_portable,0,double,prepared,1,65536,16.9298172,16.9479846955,16.981601715,0.934782982,0.9429779055,0.961450577,17.972833294024618
bv_portable,0,double,prepared,2,65536,16.92276001,16.94817543,17.002773285,0.934066772,0.9430680275,0.956569672,17.97131801289913
bv_portable,0,double,vienot,0,65536,19.463920593,19.5989608765,20.45211792,0.935594559,0.939763546,1.068996429,20.85520443937288
bv_portable,0,double,vienot,1,65536,19.504356384,19.6865558625,19.847869873,0.935872078,0.9406237605000001,0.946445465,20.929256403256677
bv_portable,0,float,brettel,0,65536,8.347320557,8.565330504999999,9.824466705,1.8067379,1.8518533705,1.886347771,4.6252746796509925
bv_portable,0,float,brettel,1,65536,8.425426483,8.663129806499999,9.797859192,1.838104248,1.8478941915,1.868534088,4.688109225273247
bv_portable,0,float,brettel,2,65536,8.497047424,8.7231636045,9.634399414,1.822382927,1.832736969,1.846853256,4.7596374995696396
bv_portable,0,float,lookup,0,65536,23.934745789,23.978757858,24.017906189,3.46257782,3.475324154,3.527038574,6.899718355883761
bv_portable,0,float,lookup,1,65536,23.940372467,23.9825248715,24.116325378,3.464344025,3.47409153,3.488537788,6.903250724513871
bv_portable,0,float,lookup,2,65536,23.941707611,23.977804184,24.135494232,3.465156555,3.473981857,3.981082916,6.902109789573377
bv_portable,0,float,lookupApply,0,65536,37.491989136,37.597799300999995,39.756393433,8.494537354,8.5053496365,8.645494461,4.420488387643957
bv_portable,0,float,lookupApply,1,65536,37.540245056,37.6398086545,37.892341614,8.490105629,8.514270782499999,8.538778305,4.420790648550178
bv_portable,0,float,lookupApply,2,65536,37.516880035,37.6098155975,37.826824188,8.488854408,8.504494189999999,8.566419601,4.422345968761254
bv_portable,0,float,prepared,0,65536,14.203357697,14.2296791075,14.265346527,0.610653877,0.62228775,0.642583847,22.86671898571039
bv_portable,0,float,prepared,1,65536,14.20249939,14.2240524295,14.341449738,0.610683441,0.6201291085,0.63196373,22.937243607070574
bv_portable,0,float,prepared,2,65536,14.200019836,14.223623276,14.252471924,0.611390114,0.619321346,0.628410339,22.966467033416283
bv_portable,0,float,vienot,0,65536,3.007125854,3.008842468,3.025150299,0.611161232,0.621442318,0.660425186,4.841708362705997
bv_portable,0,float,vienot,1,65536,3.005504608,3.009223938,3.036880493,0.609976768,0.6192793845,0.624914169,4.859234803092336
bv_compiler,0,double,brettel,0,65536,8.88299942,9.1957092285,9.85584259,3.565862656,3.5785284045,3.594851494,2.56969016004914
bv_compiler,0,double,brettel,1,65536,8.845901489,9.0904712675,9.861660004,3.567716599,3.5773963925,3.59009552,2.5410858261494713
bv_compiler,0,double,brettel,2,65536,8.954048157,9.1105937955,9.903621674,3.567554474,3.5857777595,3.639904976,2.5407580744129494
bv_compiler,0,double,lookup,0,65536,30.503463745,30.654382706,30.985355377,4.930028915,4.9356689455,5.063018799,6.210785821433291
bv_compiler,0,double,lookup,1,65536,30.555725098,30.662679672000003,31.505203247,4.929149628,4.9361610415,4.996390343,6.211847509473117
bv_compiler,0,double,lookup,2,65536,30.554866791,30.7107925415,30.927276611,4.927879333,4.948056698,5.087776184,6.206637153918077
bv_compiler,0,double,lookupApply,0,65536,40.590000153,41.0686969755,41.480922699,8.342204094,8.359296322,8.415289879,4.912937093450723
bv_compiler,0,double,lookupApply,1,65536,40.628433228,40.89679718,41.356086731,8.339138985,8.3526916505,8.411259651,4.896241701625832
bv_compiler,0,double,lookupApply,2,65536,40.55109024,41.0054683685,41.441822052,8.341650009,8.358112335000001,8.410810471,4.906068107841481
bv_compiler,0,double,prepared,0,65536,16.923427582,16.9498920445,17.053031921,0.93490696,0.9380397795,0.950399399,18.069481076308662
bv_compiler,0,double,prepared,1,65536,16.926765442,16.941022873,17.090320587,0.931391716,0.940838337,1.025643349,18.006305872929158
bv_compiler,0,double,prepared,2,65536,16.915416718,16.945219039999998,17.036056519,0.933149338,0.936196327,0.955919266,18.100069986709098
bv_compiler,0,double,vienot,0,65536,3.550624847,3.5595417025,3.571891785,0.934276581,0.939945221,0.992444038,3.7869671795480087
bv_compiler,0,double,vienot,1,65536,3.550815582,3.5629272465,3.610610962,0.934352875,0.9385409355,0.958413124,3.796240645168961
bv_compiler,0,float,brettel,0,65536,8.38098526,8.6673736575,9.776210785,1.777359009,1.8427176475,1.847989082,4.703582054070496
bv_compiler,0,float,brettel,1,65536,8.509731293,8.968877792499999,11.9556427,1.83633709,1.8444123270000001,1.859451294,4.862729261351331
bv_compiler,0,float,brettel,2,65536,8.425807953,8.650779724,9.682941437,1.820634842,1.830195904,1.842059135,4.72669603570482
bv_compiler,0,float,lookup,0,65536,23.945331573,24.018335342500002,24.072647095,3.464219093,3.478193283,3.526044846,6.90540559085428
bv_compiler,0,float,lookup,1,65536,23.931407928,23.982143402,24.064445496,3.466521263,3.476727009,3.531804085,6.897908101475561
bv_compiler,0,float,lookup,2,65536,23.923873901,23.996210098,24.130630493,3.465853691,3.477210045,3.490800858,6.900995277091464
bv_compiler,0,float,lookupApply,0,65536,37.484645844,37.611055374,37.872409821,8.494335175,8.509540558,8.555606842,4.419869100763736
bv_compiler,0,float,lookupApply,1,65536,37.493896484,37.5584602355,37.918186188,8.494631767,8.514316559000001,8.616685867,4.411212570643627
bv_compiler,0,float,lookupApply,2,65536,37.477779388,37.581348418999994,37.660121918,8.49461174,8.512210369,8.600821495,4.414992908993976
bv_compiler,0,float,prepared,0,65536,14.200019836,14.232969284,14.372634888,0.610940933,0.621284485,0.6515522,22.90894047354168
bv_compiler,0,float,prepared,1,65536,14.204025269,14.2205238345,14.273834229,0.611428261,0.6207923885,0.690875053,22.907052499243072
bv_compiler,0,float,prepared,2,65536,14.203834534,14.229059219,14.457035065,0.610864639,0.6210989954999999,0.643787384,22.9094867679592
bv_compiler,0,float,vienot,0,65536,3.00693512,3.0184268955,3.072071075,0.61133194,0.619493961,0.633347511,4.872407296154417
bv_compiler,0,float,vienot,1,65536,3.006267548,3.020191193,3.032493591,0.610339165,0.6194458005,0.624341011,4.875634301761644
bv_vienot_index,0,double,brettel,0,65536,8.873844147,9.072446823,9.858798981,3.563551903,3.5784664155000003,3.593657494,2.5352890790599623
bv_vienot_index,0,double,brettel,1,65536,8.822631836,9.0446472165,9.909915924,3.564870834,3.5736141205000003,3.589426041,2.5309523948362176
bv_vienot_index,0,double,brettel,2,65536,8.93239975,9.1096878055,9.852027893,3.574421883,3.5819859505,3.599750519,2.5431947337002825
bv_vienot_index,0,double,lookup,0,65536,30.515193939,30.687379837,30.910682678,4.928013802,4.931868076500001,4.946839333,6.222262915592405
bv_vienot_index,0,double,lookup,1,65536,30.561733246,30.8243751525,41.958904266,4.926724434,4.9325122834999995,4.955090523,6.249224204795638
bv_vienot_index,0,double,lookup,2,65536,30.569839478,30.897474289,42.923927307,4.928730011,4.9433102605000006,5.179018974,6.250361126609685
bv_vienot_index,0,double,lookupApply,0,65536,41.15524292,41.348648071,41.716384888,8.349349022,8.368045330000001,8.408041,4.941255268152329
bv_vienot_index,0,double,lookupApply,1,65536,41.211891174,41.3118839265,41.518974304,8.345728874,8.378432274,8.434813499,4.930741524843411
bv_vienot_index,0,double,lookupApply,2,65536,41.183376312,41.30258560199999,42.179298401,8.351402283,8.3673672675,8.415939331,4.9361506769787535
bv_vienot_index,0,double,prepared,0,65536,16.929531097,16.9520378115,17.031097412,0.929080009,0.937963486,0.950723648,18.073238526366257
bv_vienot_index,0,double,prepared,1,65536,16.934585571,16.954565048,17.556381226,0.925136566,0.9393434525,0.956397057,18.04937800213176
bv_vienot_index,0,double,prepared,2,65536,16.923332214,16.9475078585,17.743396759,0.932080269,0.9372711185,0.946263313,18.08175620051393
bv_vienot_index,0,double,vienot,0,65536,1.79567337,1.806259155,1.910877228,0.936043739,0.940967083,0.988336563,1.919577408851825
bv_vienot_index,0,double,vienot,1,65536,1.797389984,1.8066883085,1.887607574,0.935910225,0.93983078,0.951745987,1.922354903613606
bv_vienot_index,0,float,brettel,0,65536,9.01966095,9.2723846435,10.917663574,1.781312943,1.838294983,1.888601303,5.044013463153754
bv_vienot_index,0,float,brettel,1,65536,9.111499786,9.282636642,10.083198547,1.83165741,1.8425307275,1.861896515,5.03798200130695
bv_vienot_index,0,float,brettel,2,65536,9.018802643,9.221839905,10.051727295,1.819067955,1.8300952910000001,1.866471291,5.038994390265331
bv_vienot_index,0,float,lookup,0,65536,23.957157135,23.988771438500002,24.044418335,3.462673187,3.4738330845,3.513685226,6.905562488173719
bv_vienot_index,0,float,lookup,1,65536,23.935890198,23.9902973175,24.299526215,3.463322639,3.473660946,3.639970779,6.9063439669105815
bv_vienot_index,0,float,lookup,2,65536,23.952198029,23.9898204805,24.039268494,3.465557098,3.4727153775,3.683037758,6.908087151608209
bv_vienot_index,0,float,lookupApply,0,65536,37.544059753,37.596130371,37.743377686,8.491106987,8.505878448499999,8.555377007,4.420017356070969
bv_vienot_index,0,float,lookupApply,1,65536,37.484550476,37.6143932345,37.882137299,8.488634109,8.5177931785,8.554727554,4.4159786985018075
bv_vienot_index,0,float,lookupApply,2,65536,37.517642975,37.6307487485,37.905597687,8.489617348,8.502588272,8.644346237,4.425799244263347
bv_vienot_index,0,float,prepared,0,65536,14.208126068,14.2258644105,14.326953888,0.612134933,0.6201434135,0.623510361,22.939636382189843
bv_vienot_index,0,float,prepared,1,65536,14.206600189,14.221096038999999,14.30644989,0.612325668,0.620812416,0.628734589,22.907235217086892
bv_vienot_index,0,float,prepared,2,65536,14.200401306,14.2189025875,14.308452606,0.610777855,0.6216573715,0.632535934,22.87257135420295
bv_vienot_index,0,float,vienot,0,65536,1.77822113,1.8014431,1.817989349,0.608352661,0.61918354,0.630950928,2.9093846713044083
bv_vienot_index,0,float,vienot,1,65536,1.778030396,1.796102524,1.82762146,0.60859108,0.6180038455,0.629823685,2.9062966793464717
bv_vienot_static,0,double,brettel,0,65536,8.866024017,9.009504318000001,9.866142273,3.571603775,3.5820527075,3.619493484,2.515179159462438
bv_vienot_static,0,double,brettel,1,65536,8.931541443,9.131336212499999,9.898090363,3.564249039,3.5781183245,3.632693291,2.551993920932169
bv_vienot_static,0,double,brettel,2,65536,8.937454224,9.138965607,9.872531891,3.572855949,3.583117485,3.604269028,2.55056264419418
bv_vienot_static,0,double,lookup,0,65536,30.632305145,30.730485916,31.049251556,4.932607651,4.943496227,4.983477592,6.216346590528105
bv_vienot_static,0,double,lookup,1,65536,30.56602478,30.7327270505,31.803607941,4.93252182,4.9387540815,5.046715736,6.222769253812663
bv_vienot_static,0,double,lookup,2,65536,30.628204346,30.787181854,41.28036499,4.929083824,4.953634739,4.990182877,6.215069030344993
bv_vienot_static,0,double,lookupApply,0,65536,40.597629547,40.9388542175,44.009304047,8.3542099,8.366522312,8.460572243,4.893174570129563
bv_vienot_static,0,double,lookupApply,1,65536,40.59753418,40.983486175500005,41.119003296,8.356302261,8.3774676325,8.938302994,4.892109163932362
bv_vienot_static,0,double,lookupApply,2,65536,40.620803833,40.976667404500006,41.711235046,8.353303909,8.364148617000001,8.516169548,4.899084088632233
bv_vienot_static,0,double,prepared,0,65536,16.928005219,16.948795319,17.044639587,0.932652473,0.9360194205,0.96613884,18.107311608926175
bv_vienot_static,0,double,prepared,1,65536,16.925525665,16.94817543,17.050933838,0.934591293,0.9373812675,0.946502686,18.080343631360225
bv_vienot_static,0,double,prepared,2,65536,16.925907135,16.952228546,17.893791199,0.933493614,0.937705517,1.019825935,18.078413999562724
bv_vienot_static,0,double,vienot,0,65536,2.7551651,3.0450344085,3.405094147,0.933522224,0.9356856345,0.961525917,3.2543348922174777
bv_vienot_static,0,double,vienot,1,65536,2.760601044,3.2084941865000003,3.568649292,0.933426857,0.9353084565,1.015155792,3.4304128912791456
bv_vienot_static,0,float,brettel,0,65536,8.454418182,8.6936473845,9.702205658,1.78770256,1.8382425305,1.858219147,4.729325559742836
bv_vienot_static,0,float,brettel,1,65536,8.53767395,8.758020401,9.705448151,1.837550163,1.841471195,1.874646187,4.755990984154384
bv_vienot_static,0,float,brettel,2,65536,8.45823288,8.686685562000001,9.617900848,1.818238258,1.831346512,1.886088371,4.743332572552496
bv_vienot_static,0,float,lookup,0,65536,23.927688599,24.0128040315,24.156570435,3.460599899,3.475543022,3.683609962,6.90907978393599
bv_vienot_static,0,float,lookup,1,65536,23.94285202,24.0134239195,24.822330475,3.461889267,3.4699025155000003,3.546293259,6.9204894985471235
bv_vienot_static,0,float,lookup,2,65536,23.945903778,24.027681351,24.175930023,3.465547562,3.472410202,3.496159554,6.919597614694486
bv_vienot_static,0,float,lookupApply,0,65536,37.468719482,37.5559329985,37.681865692,8.479932785,8.4958686825,8.534603119,4.420493583647148
bv_vienot_static,0,float,lookupApply,1,65536,37.464809418,37.576532364,37.686157227,8.48404026,8.505668163500001,8.629876137,4.417822520428262
bv_vienot_static,0,float,lookupApply,2,65536,37.497615814,37.541484833,37.852478027,8.486351013,8.4935002325,8.612970352,4.420025172819702
bv_vienot_static,0,float,prepared,0,65536,14.204597473,14.220428467000001,14.801979065,0.611304283,0.6214232445000001,0.638371468,22.88364426799294
bv_vienot_static,0,float,prepared,1,65536,14.194869995,14.222145080499999,14.265823364,0.611801147,0.6200814244999999,0.63203907,22.935931506040465
bv_vienot_static,0,float,prepared,2,65536,14.200973511,14.217090606500001,14.26820755,0.612745285,0.620912075,0.64221096,22.897107624296083
bv_vienot_static,0,float,vienot,0,65536,6.357765198,6.5983772275,6.63728714,0.607836723,0.6167669295,0.638706207,10.698331755318279
bv_vienot_static,0,float,vienot,1,65536,6.333446503,6.587457657,6.607437134,0.608084679,0.6156830785,0.668151855,10.699429441928375
default,1,double,brettel,0,65536,20.173740387,20.451593399,21.082305908,3.571861267,3.5865130425,3.653610229,5.702361362317561
default,1,double,brettel,1,65536,20.193958282,20.529651642,21.247959137,3.566570282,3.5823583599999997,3.605453491,5.730764367750188
default,1,double,brettel,2,65536,20.235061646,21.351385116499998,22.129821777,3.572645187,3.5863170625,3.623418808,5.95356872925677
default,1,double,lookup,0,65536,30.669784546,30.782747269,31.14118576,4.93371582,4.941002846,5.006792068,6.230060623000904
default,1,double,lookup,1,65536,30.635452271,30.751562118499997,31.34393692,4.93367672,4.940306187,5.004900932,6.224626764919985
default,1,double,lookup,2,65536,30.596065521,30.7963848115,31.579589844,4.930468559,4.946284771,5.646308899,6.226164937380634
default,1,double,lookupApply,0,65536,41.299915314,41.4223670955,41.877555847,8.341220856,8.368742466,8.423733711,4.949652503203221
default,1,double,lookupApply,1,65536,41.287612915,41.547632217499995,41.788196564,8.345461845,8.3696885105,8.429607391,4.964059554352276
default,1,double,lookupApply,2,65536,41.338825226,41.539955139499995,41.778850555,8.349606514,8.363269329,8.485424995,4.966951739250869
default,1,double,prepared,0,65536,16.928577423,16.943979263,17.001247406,0.935164452,0.9409289359999999,0.996588707,18.007714094786856
default,1,double,prepared,1,65536,16.923999786,16.943359375,17.015838623,0.935184479,0.938097,0.956502914,18.061415157494373
default,1,double,prepared,2,65536,16.926193237,16.9553756715,17.20161438,0.927342415,0.9370369915,0.949473381,18.094670568296344
default,1,double,vienot,0,65536,19.669723511,19.694662094,19.816398621,0.936922073,0.940073967,0.973628044,20.950119655850443
default,1,double,vienot,1,65536,19.413852692,19.447851181,19.863319397,0.936005592,0.9419894215,0.973761559,20.64550910776868
default,1,float,brettel,0,65536,42.292022705,42.467737197999995,43.280124664,1.786766052,1.8408217429999998,1.858170509,23.0699889109252
default,1,float,brettel,1,65536,42.595863342,42.8554058075,43.708610535,1.839278221,1.8461465835,1.877034187,23.21343613260274
default,1,float,brettel,2,65536,41.636276245,41.90659523,42.898368835,1.821446419,1.8315429685,1.856557846,22.88048708151288
default,1,float,lookup,0,65536,23.992061615,24.0429878235,24.151706696,3.464037895,3.477978706,3.553743362,6.912919789308221
default,1,float,lookup,1,65536,23.998737335,24.024486542,24.071598053,3.46378994,3.477338314,3.52495575,6.9088723536837895
default,1,float,lookup,2,65536,23.991584778,24.034357071,24.796390533,3.460553169,3.4774479869999997,3.514450073,6.911492899634849
default,1,float,lookupApply,0,65536,37.454986572,37.566995620499995,37.677383423,8.48915863,8.511551857,8.591671944,4.413648210297215
default,1,float,lookupApply,1,65536,37.51411438,37.549495697,37.606430054,8.490247726,8.5083041195,8.540524483,4.413276155813603
default,1,float,lookupApply,2,65536,37.499332428,37.578344345000005,38.203334808,8.485768318,8.51059103,8.579255104,4.415479984002944
default,1,float,prepared,0,65536,14.196109772,14.224910736,14.803123474,0.612697601,0.6217436789999999,0.637960434,22.87905967758138
default,1,float,prepared,1,65536,14.203643799,14.2309188845,14.770507812,0.612030029,0.6208834645000001,0.630568504,22.920434667977855
default,1,float,prepared,2,65536,14.208316803,14.230918884000001,19.428920746,0.613367081,0.620004654,0.629240036,22.95292267919008
default,1,float,vienot,0,65536,22.66330719,22.756958007500003,24.676990509,0.611084938,0.6202578544999999,0.6297369,36.68951201890827
default,1,float,vienot,1,65536,22.658824921,22.691297531,22.715091705,0.611332893,0.619904995,0.639900208,36.60447603104085
bv_direct,1,double,brettel,0,65536,13.732337952,13.867855072000001,14.413547516,3.564221382,3.575744629,3.629741669,3.8783124945581795
bv_direct,1,double,brettel,1,65536,13.821601868,13.974523544499998,14.513492584,3.574020386,3.5854148865,3.633839607,3.897602923755808
bv_direct,1,double,brettel,2,65536,13.754177094,13.9042854305,14.464378357,3.577343941,3.5857872965000004,3.623399734,3.877610209638378
bv_direct,1,double,lookup,0,65536,30.574798584,30.7426929475,30.902862549,4.929533005,4.9407496455,4.972875595,6.222272965297933
bv_direct,1,double,lookup,1,65536,30.543136597,30.703687668,31.251430511,4.929275513,4.93659544,4.963457108,6.219607833207414
bv_direct,1,double,lookup,2,65536,30.557250977,30.7866096495,31.042671204,4.928730011,4.9349865914999995,5.109677315,6.23843835817644
bv_direct,1,double,lookupApply,0,65536,40.877246857,41.062831879,41.195964813,8.348480225,8.368804454500001,8.631691933,4.906654481204905
bv_direct,1,double,lookupApply,1,65536,40.80247879,41.0293102265,43.289375305,8.347200394,8.368188858,8.482357979,4.903009590572986
bv_direct,1,double,lookupApply,2,65536,40.945625305,41.070318222,41.180229187,8.347859383,8.375767231000001,9.014090538,4.903469388451059
bv_direct,1,double,prepared,0,65536,16.933727264,16.9590473175,17.033100128,0.927715302,0.9374332425,0.99271965,18.09093869156235
bv_direct,1,double,prepared,1,65536,16.932201385,16.9418811795,17.137432098,0.934581757,0.939845085,0.956397057,18.026248633837355
bv_direct,1,double,prepared,2,65536,16.928958893,16.951799393,17.042160034,0.934849739,0.9438800810000001,0.979138374,17.959696082409433
bv_direct,1,double,vienot,0,65536,3.553009033,3.561925888,3.588008881,0.933522224,0.9364538195000001,0.946941376,3.803632185409651
bv_direct,1,double,vienot,1,65536,3.553104401,3.5615921019999996,3.573989868,0.933512688,0.9423570635,1.020208359,3.779450741072521
bv_direct,1,float,brettel,0,65536,12.344074249,12.4937057495,13.132190704,1.800720215,1.8414855005000001,1.865869522,6.784580028519208
bv_direct,1,float,brettel,1,65536,12.372970581,12.5296115875,13.114452362,1.841629028,1.845859528,1.879804611,6.787955094868952
bv_direct,1,float,brettel,2,65536,12.331676483,12.511873245499999,13.092803955,1.826747894,1.8339018820000001,1.849498749,6.822542344443702
bv_direct,1,float,lookup,0,65536,23.780918121,23.859786987,23.99225235,3.464898109,3.4781603815,3.7815485,6.859886943082874
bv_direct,1,float,lookup,1,65536,23.771762848,23.8395690915,23.999786377,3.462797165,3.4698791504999997,3.487057686,6.870432097920409
bv_direct,1,float,lookup,2,65536,23.77538681,23.8450050355,23.900222778,3.467075348,3.479593277,3.523331642,6.852813859917111
bv_direct,1,float,lookupApply,0,65536,37.346172333,37.433624268,47.491168976,8.486311913,8.5076646805,8.585464478,4.3999882075512184
bv_direct,1,float,lookupApply,1,65536,37.354850769,37.3807430265,37.567234039,8.483990669,8.4997611045,8.542168617,4.397858077059324
bv_direct,1,float,lookupApply,2,65536,37.352561951,37.425374985000005,37.685871124,8.484477997,8.499903678999999,8.513227463,4.403035187029677
bv_direct,1,float,prepared,0,65536,14.203643799,14.2303943635,14.300537109,0.612258911,0.620391846,0.633022308,22.937752092086654
bv_direct,1,float,prepared,1,65536,14.202976227,14.2159461975,14.290809631,0.61178112,0.6211128235000001,0.678429604,22.887864586972253
bv_direct,1,float,prepared,2,65536,14.202690125,14.213848114000001,14.258289337,0.613127708,0.6221871375,0.654254913,22.844972609225632
bv_direct,1,float,vienot,0,65536,3.006744385,3.0215740205,3.036403656,0.611895561,0.6199002265,0.631064415,4.8742908799372735
bv_direct,1,float,vienot,1,65536,3.006839752,3.0216693875000002,3.057861328,0.611972809,0.6214714050000001,0.633950233,4.862121351343591
bv_split,1,double,brettel,0,65536,8.803462982,9.011697769,9.836006165,3.562644958,3.5836811065000003,3.683505058,2.5146483465436655
bv_split,1,double,brettel,1,65536,8.815383911,9.04507637,9.786128998,3.568423271,3.5869426725,3.606074333,2.5216673908244625
bv_split,1,double,brettel,2,65536,8.919620514,9.097623825,9.885883331,3.572033882,3.589684486,3.608872414,2.5343797931214613
bv_split,1,double,lookup,0,65536,30.552005768,30.7852745055,31.099033356,4.933850288,4.944494724,4.966772079,6.226171979933939
bv_split,1,double,lookup,1,65536,30.535125732,30.738067627,31.056690216,4.931013107,4.9401011465,5.018778801,6.222153497560983
bv_split,1,double,lookup,2,65536,30.550289154,30.754709244,32.36579895,4.929455757,4.9471588135,5.007297516,6.216640783812186
bv_split,1,double,lookupApply,0,65536,40.978240967,41.181898117,41.460037231,8.342300415,8.355791092,8.426799774,4.9285456832960275
bv_split,1,double,lookupApply,1,65536,41.075134277,41.2067890165,41.432571411,8.349282265,8.363203049,8.392244339,4.927153959442268
bv_split,1,double,lookupApply,2,65536,41.059494019,41.214799881,41.445350647,8.344936371,8.358995438000001,8.428318977,4.930592460146285
bv_split,1,double,prepared,0,65536,16.925525665,16.951751709,17.112827301,0.933837891,0.9373760225000001,0.950045586,18.08426000036714
bv_split,1,double,prepared,1,65536,16.92905426,16.946077347,17.00220108,0.934763908,0.939257622,0.948470116,18.04199077023833
bv_split,1,double,prepared,2,65536,16.929721832,16.958808898999997,17.048072815,0.933693886,0.9420423505,0.956655502,18.00217250317771
bv_split,1,double,vienot,0,65536,3.550243378,3.5592556,3.611850739,0.933999062,0.939128399,0.981278419,3.7899563082001957
bv_split,1,double,vienot,1,65536,3.550338745,3.559923172,3.608989716,0.93374157,0.9413347245,0.953656197,3.7817824832616167
bv_split,1,float,brettel,0,65536,8.328437805,8.55679512,9.808635712,1.783576012,1.8291354175,1.851313591,4.678054472147905
bv_split,1,float,brettel,1,65536,8.463001251,8.697080612,9.770393372,1.824761391,1.8404774664999999,1.869107246,4.725448026559689
bv_split,1,float,brettel,2,65536,8.485507965,8.925151825,11.439037323,1.821188927,1.8339114185,1.873996735,4.866730058478012
bv_split,1,float,lookup,0,65536,23.928546906,23.9842414855,24.065303802,3.466425896,3.47706604,3.534707069,6.8978389278738
bv_split,1,float,lookup,1,65536,23.912239075,23.968315124500002,24.802875519,3.466790199,3.4770131109999998,5.15668869,6.893363458617112
bv_split,1,float,lookup,2,65536,23.934268951,23.979139328000002,24.142742157,3.465185165,3.4779882435,3.556646347,6.8945429510334115
bv_split,1,float,lookupApply,0,65536,37.520885468,37.615919113000004,38.065338135,8.495300293,8.512927531999999,8.930222511,4.4186819365726056
bv_split,1,float,lookupApply,1,65536,37.496471405,37.622594832999994,38.333415985,8.494755745,8.5042891505,8.550152779,4.423955273297359
bv_split,1,float,lookupApply,2,65536,37.51707077,37.6205444335,37.861347198,8.494574547,8.505859375,8.5616436,4.422897531561883
bv_split,1,float,prepared,0,65536,14.205169678,14.2167568205,14.250659943,0.61097908,0.6206207275,0.641189575,22.907318738399695
bv_split,1,float,prepared,1,65536,14.207172394,14.22829628,14.43271637,0.611256599,0.619895458,0.631466866,22.95273516909685
bv_split,1,float,prepared,2,65536,14.199066162,14.215517044,14.500522614,0.611217499,0.619641781,0.632115364,22.941508271211944
bv_split,1,float,vienot,0,65536,3.007507324,3.0127048495,3.065395355,0.612068176,0.6239829065,0.721447945,4.828184903972205
bv_split,1,float,vienot,1,65536,3.005695343,3.0107498169999998,3.112030029,0.613797188,0.6195602415,0.629126549,4.859494872864595
bv_portable,1,double,brettel,0,65536,8.8763237,9.0215682985,10.155582428,3.565108299,3.5762410165,3.59945488,2.5226399051060713
bv_portable,1,double,brettel,1,65536,8.97321701,9.1690540315,9.901046753,3.565587044,3.5757350925,3.627221107,2.5642430980784408
bv_portable,1,double,brettel,2,65536,8.941936493,9.128856659,9.899711609,3.565854073,3.5767993925,3.589731216,2.552241727098761
bv_portable,1,double,lookup,0,65536,30.589580536,30.751991272,30.916309357,4.931804657,4.9614949225,5.193651199,6.198130150762036
bv_portable,1,double,lookup,1,65536,30.580043793,30.7353019715,30.962085724,4.929245949,4.941194057500001,4.956132889,6.220217545362009
bv_portable,1,double,lookup,2,65536,30.611419678,30.794429778999998,31.40668869,4.93215847,4.9640455245,5.005760193,6.203494634973507
bv_portable,1,double,lookupApply,0,65536,41.040229797,41.168403625500005,41.54253006,8.325585365,8.364635944,8.444880486,4.92172090944739
bv_portable,1,double,lookupApply,1,65536,41.066837311,41.18180275,41.348743439,8.326588631,8.367544173999999,8.427038193,4.9216116334302615
bv_portable,1,double,lookupApply,2,65536,40.991306305,41.257095336999996,50.0872612,8.326654434,8.363862038,8.38656044,4.932780472651789
bv_portable,1,double,prepared,0,65536,16.926383972,16.949892044000002,17.000198364,0.934696198,0.937485695,0.953942299,18.080160726079136
bv_portable,1,double,prepared,1,65536,16.924667358,16.9551849365,17.031860352,0.934247971,0.9387564655,0.951793671,18.061324272711495
bv_portable,1,double,prepared,2,65536,16.92905426,16.9469833375,17.534542084,0.928393364,0.9367504120000001,0.950781822,18.09124727398572
bv_portable,1,double,vienot,0,65536,19.451713562,19.5945739745,20.105457306,0.932356834,0.9367833135,0.953397751,20.91686913304525
bv_portable,1,double,vienot,1,65536,19.490814209,19.677591323999998,19.976329803,0.933092117,0.938546181,0.948822975,20.96603419453901
bv_portable,1,float,brettel,0,65536,8.465099335,8.970451355,10.08682251,1.805648804,1.8446984295,1.880550385,4.862828097832454
bv_portable,1,float,brettel,1,65536,8.385944366,8.783864975,9.749794006,1.837627411,1.8442645075000001,1.859049797,4.7628010728824375
bv_portable,1,float,brettel,2,65536,8.450031281,8.706140518,9.692955017,1.827894211,1.831475258,1.845592499,4.753621693752633
bv_portable,1,float,lookup,0,65536,23.946762085,23.968458175499997,24.052906036,3.463484764,3.4754667285,3.556742668,6.896471768511133
bv_portable,1,float,lookup,1,65536,23.944759369,24.003362656,24.796581268,3.462777138,3.479926586,3.537734985,6.8976635175487
bv_portable,1,float,lookup,2,65536,23.944759369,23.980426788499997,24.190330505,3.461163521,3.4748649594999996,3.983994484,6.901110422417841
bv_portable,1,float,lookupApply,0,65536,37.496089935,37.58764267,38.202476501,8.497488022,8.5055298805,8.583848953,4.419200590450504
bv_portable,1,float,lookupApply,1,65536,37.535572052,37.6266479495,41.469669342,8.488671303,8.510338783,9.019487381,4.42128673239917
bv_portable,1,float,lookupApply,2,65536,37.47587204,37.5537872315,37.96081543,8.491718292,8.511346817500002,8.540725708,4.4122026791678195
bv_portable,1,float,prepared,0,65536,14.201545715,14.223670959500001,14.272785187,0.611962318,0.6210079195,0.647397995,22.904169999880335
bv_portable,1,float,prepared,1,65536,14.206218719,14.215564728,16.43743515,0.611504555,0.6205587385,0.632335663,22.907686003039018
bv_portable,1,float,prepared,2,65536,14.204502106,14.240550994500001,18.655395508,0.611390114,0.6204867365,0.627149582,22.9506130539182
bv_portable,1,float,vienot,0,65536,3.006839752,3.011512756,3.027820587,0.61205864,0.6188249585000001,0.674637794,4.866501770225545
bv_portable,1,float,vienot,1,65536,3.007221222,3.018331528,3.230762482,0.610701561,0.6191215514999999,0.62580204,4.875184074415152
bv_compiler,1,double,brettel,0,65536,8.860778809,9.046936035,9.864425659,3.563610077,3.585720539,3.843688011,2.5230454901884367
bv_compiler,1,double,brettel,1,65536,8.925437927,9.1525554655,9.888935089,3.567678452,3.5898418425000003,3.621289253,2.549570668307235
bv_compiler,1,double,brettel,2,65536,8.925914764,9.117746353000001,9.886646271,3.570792198,3.5921916965,3.805703163,2.5382126354458605
bv_compiler,1,double,lookup,0,65536,30.63325882,30.7344436645,30.910015106,4.93529129,4.9491553305,5.038625717,6.210038200881236
bv_compiler,1,double,lookup,1,65536,30.593490601,30.7707309725,30.867671967,4.932656288,4.945291996,5.013381958,6.22222732194356
bv_compiler,1,double,lookup,2,65536,30.610275269,30.7041168215,31.074905396,4.938806534,4.9478087424999995,5.019207954,6.205598967025958
bv_compiler,1,double,lookupApply,0,65536,40.553379059,40.757226944,40.941619873,8.342948914,8.3691101075,8.402787209,4.869959460501698
bv_compiler,1,double,lookupApply,1,65536,40.602779388,40.788412094,41.350841522,8.336273193,8.3680591585,8.4033041,4.874297769820195
bv_compiler,1,double,lookupApply,2,65536,40.692806244,40.799570084,41.190624237,8.335843086,8.367462634999999,8.415032387,4.875978760077249
bv_compiler,1,double,prepared,0,65536,16.925048828,16.9638633725,17.400932312,0.933971405,0.9378681179999999,0.952872276,18.087685301293078
bv_compiler,1,double,prepared,1,65536,16.933631897,16.9431209565,16.978740692,0.934734344,0.9397401809999999,0.960132599,18.02958019574136
bv_compiler,1,double,prepared,2,65536,16.934394836,16.947126388500003,17.014503479,0.934439659,0.941521168,0.955145836,17.99972954883156
bv_compiler,1,double,vienot,0,65536,3.550624847,3.5608291625,3.608512878,0.932318687,0.9375143055,0.943331718,3.798159816453062
bv_compiler,1,double,vienot,1,65536,3.549289703,3.5604476930000004,3.614997864,0.93499279,0.938536644,0.948202133,3.793616067909225
bv_compiler,1,float,brettel,0,65536,8.388614655,8.6029052735,9.789180756,1.795802116,1.8398189545,1.861151695,4.675952083468982
bv_compiler,1,float,brettel,1,65536,8.477020264,8.709955215499999,9.749603271,1.844074249,1.8560938835,1.878878593,4.692626430660828
bv_compiler,1,float,brettel,2,65536,8.441257477,8.664751053,9.710025787,1.821036339,1.8412036895,1.856375694,4.706025249902151
bv_compiler,1,float,lookup,0,65536,23.904800415,23.961925506500002,24.078941345,3.461803436,3.478365421,3.533561707,6.888846514467464
bv_compiler,1,float,lookup,1,65536,23.912906647,24.0000247955,24.076938629,3.46149826,3.471478939,3.492452621,6.913487080642779
bv_compiler,1,float,lookup,2,65536,23.934459686,23.9788055415,24.072265625,3.462672234,3.4780311585,3.524965286,6.894361910156534
bv_compiler,1,float,lookupApply,0,65536,37.510681152,37.563610077,39.665031433,8.486083031,8.504627704499999,8.653057098,4.416843556493862
bv_compiler,1,float,lookupApply,1,65536,37.507343292,37.557792663499995,37.647914886,8.483486176,8.495934963,8.588157654,4.420677986244608
bv_compiler,1,float,lookupApply,2,65536,37.487506866,37.5601768495,37.706851959,8.485711098,8.498786449499999,8.556905746,4.419475306584476
bv_compiler,1,float,prepared,0,65536,14.198970795,14.226961136,14.474868774,0.612927437,0.6273117065,0.665650368,22.679253373697403
bv_compiler,1,float,prepared,1,65536,14.203548431,14.218235016000001,14.281272888,0.61294651,0.6246228215,0.637159348,22.762913115879485
bv_compiler,1,float,prepared,2,65536,14.201831818,14.223480224500001,14.374637604,0.610902786,0.6225504875,0.638591766,22.847111214413758
bv_compiler,1,float,vienot,0,65536,3.008365631,3.01618576,3.062343597,0.611838341,0.6234760285000001,0.635124207,4.837693226564844
bv_compiler,1,float,vienot,1,65536,3.006458282,3.0099391935,3.07598114,0.611847878,0.6232523915,0.641943932,4.829406568751209
bv_vienot_index,1,double,brettel,0,65536,8.872032166,9.038019180500001,9.847640991,3.563791275,3.577115059,3.616551399,2.5266224405503532
bv_vienot_index,1,double,brettel,1,65536,8.898353577,9.0582847595,9.814548492,3.565758705,3.57585907,3.774690628,2.533177225997332
bv_vienot_index,1,double,brettel,2,65536,8.933162689,9.0987682345,9.840011597,3.565615654,3.5776543615,3.5928936,2.5432217076121257
bv_vienot_index,1,double,lookup,0,65536,30.510234833,30.748414993,31.013774872,4.933420181,4.952507496,5.035961151,6.208655921840527
bv_vienot_index,1,double,lookup,1,65536,30.577468872,30.705022812000003,31.035709381,4.929455757,4.9357213975,4.971796989,6.220979739162841
bv_vienot_index,1,double,lookup,2,65536,30.570316315,30.732822417999998,31.236457825,4.932407379,4.95103693,5.006505013,6.207350672700395
bv_vienot_index,1,double,lookupApply,0,65536,41.118144989,41.311407089,41.460704803,8.332625389,8.359597683,8.405395508,4.941793690982341
bv_vienot_index,1,double,lookupApply,1,65536,41.208267212,41.2682056425,41.550922394,8.334363937,8.353207588,8.415739059,4.940402259580479
bv_vienot_index,1,double,lookupApply,2,65536,41.164302826,41.2801742555,41.52879715,8.328336716,8.3610920905,9.627066612,4.9371749298639065
bv_vienot_index,1,double,prepared,0,65536,16.925239563,16.950845718,17.026901245,0.932242393,0.9381308555,0.948756218,18.068743415294264
bv_vienot_index,1,double,prepared,1,65536,16.917419434,16.9552326205,23.310375214,0.924362183,0.9374141695,0.945127487,18.087237394271114
bv_vienot_index,1,double,prepared,2,65536,16.923809052,16.9445991515,17.003250122,0.931764603,0.9372944830000001,0.98058033,18.078202164665893
bv_vienot_index,1,double,vienot,0,65536,1.793003082,1.8136024475,1.850318909,0.932452202,0.937003136,0.955347061,1.9355350882198117
bv_vienot_index,1,double,vienot,1,65536,1.797580719,1.8069744110000001,1.823043823,0.933990479,0.9409627915000001,1.011688232,1.920346295648397
bv_vienot_index,1,float,brettel,0,65536,9.001350403,9.229326248,10.134315491,1.787797928,1.8442220685000001,1.859365463,5.004454943707881
bv_vienot_index,1,float,brettel,1,65536,9.062194824,9.2839717865,10.068702698,1.833901405,1.845085621,1.850653648,5.031729520209621
bv_vienot_index,1,float,brettel,2,65536,9.017372131,9.2307567595,10.0522995,1.815286636,1.8238248824999999,1.830768585,5.061207821031031
bv_vienot_index,1,float,lookup,0,65536,23.941898346,23.979616165,24.022483826,3.464344025,3.4775104519999998,3.557096481,6.895627344903808
bv_vienot_index,1,float,lookup,1,65536,23.948860168,23.99020195,24.031543732,3.464229584,3.476407051,3.536273956,6.900861032110478
bv_vienot_index,1,float,lookup,2,65536,23.947048187,23.9923000335,24.077606201,3.460313797,3.4752373695000003,3.509272575,6.90378742012431
bv_vienot_index,1,float,lookupApply,0,65536,37.546348572,37.5934123995,37.906360626,8.492607117,8.5099616055,8.556342125,4.417577204485074
bv_vienot_index,1,float,lookupApply,1,65536,37.531852722,37.5957965855,37.865638733,8.492884636,8.5056781765,8.533763885,4.42008218572999
bv_vienot_index,1,float,lookupApply,2,65536,37.512111664,37.578630447500004,37.715148926,8.492730141,8.5128269195,8.951283455,4.414353868915167
bv_vienot_index,1,float,prepared,0,65536,14.200782776,14.220237732000001,14.285087585,0.612611771,0.620410919,0.642201424,22.9206761140192
bv_vienot_index,1,float,prepared,1,65536,14.203357697,14.244222641,14.362430573,0.612832069,0.6200432775,0.641017914,22.97294907934874
bv_vienot_index,1,float,prepared,2,65536,14.207839966,14.2219543455,14.303016663,0.611456871,0.620420456,0.633452415,22.92309063629585
bv_vienot_index,1,float,vienot,0,65536,1.784133911,1.7909526825,1.815509796,0.608724594,0.6185913085000001,0.66354847,2.8952115199336004
bv_vienot_index,1,float,vienot,1,65536,1.776885986,1.7880916595,1.796245575,0.611141205,0.617898941,0.625582695,2.893825415214622
bv_vienot_static,1,double,brettel,0,65536,8.868217468,9.0552806855,9.88702774,3.565815926,3.5748705865,3.59086895,2.533037341182644
bv_vienot_static,1,double,brettel,1,65536,8.894824982,9.1147899625,9.910202026,3.566981316,3.5781655315,3.606552124,2.5473360251947303
bv_vienot_static,1,double,brettel,2,65536,8.931541443,9.125518799000002,9.842967987,3.567077637,3.580672741,3.599503517,2.5485486831872417
bv_vienot_static,1,double,lookup,0,65536,30.59091568,30.749464035000003,31.226348877,4.925797462,4.941543579,4.964891434,6.22264350064128
bv_vienot_static,1,double,lookup,1,65536,30.647945404,30.751800537,31.031227112,4.925148964,4.9381237030000005,4.97312355,6.2274261210422335
bv_vienot_static,1,double,lookup,2,65536,30.571365356,30.7453632355,33.275222778,4.922292709,4.9371786115,4.982886314,6.227314353968455
bv_vienot_static,1,double,lookupApply,0,65536,40.571117401,40.9049987795,41.319656372,8.354144096,8.363929272,8.409560204,4.89064379303613
bv_vienot_static,1,double,lookupApply,1,65536,40.483283997,40.915107727,41.867637634,8.345051765,8.3605194095,10.656654358,4.8938475856546
bv_vienot_static,1,double,lookupApply,2,65536,40.581512451,41.0371303555,42.987251282,8.344249725,8.3650608065,8.397143364,4.9057778902948845
bv_vienot_static,1,double,prepared,0,65536,16.930389404,16.9449806215,17.022514343,0.934314728,0.943059444,0.953426361,17.968093877123614
bv_vienot_static,1,double,prepared,1,65536,16.927337646,16.955566406499997,17.081642151,0.933828354,0.938785076,0.975805283,18.06118017847569
bv_vienot_static,1,double,prepared,2,65536,16.923713684,16.943216323999998,16.965866089,0.932997704,0.9386606215,0.960198402,18.050417729172842
bv_vienot_static,1,double,vienot,0,65536,2.685546875,3.0685901639999997,3.215312958,0.934725761,0.9401941300000001,0.963274002,3.263783580525013
bv_vienot_static,1,double,vienot,1,65536,2.885818481,3.0925750735,3.313541412,0.934830666,0.938817978,0.993017197,3.2941157348607994
bv_vienot_static,1,float,brettel,0,65536,8.435153961,8.7186813355,9.721755981,1.782707214,1.842965603,1.922450066,4.730788963889306
bv_vienot_static,1,float,brettel,1,65536,8.550357819,8.816146850500001,9.707069397,1.842010498,1.8472971915,1.8671875,4.772457237019515
bv_vienot_static,1,float,brettel,2,65536,8.469963074,8.700370788499999,9.631347656,1.822983742,1.830262661,1.83672905,4.75361868757481
bv_vienot_static,1,float,lookup,0,65536,23.932266235,23.978471755999998,24.802494049,3.466674805,3.4773721695,3.498633385,6.895572457361612
bv_vienot_static,1,float,lookup,1,65536,23.920536041,23.988676071,24.345016479,3.462921143,3.471636772,3.500982285,6.909903785003462
bv_vienot_static,1,float,lookup,2,65536,23.928356171,23.974895477,24.197006226,3.464115143,3.4754042629999997,3.531154633,6.89844796826734
bv_vienot_static,1,float,lookupApply,0,65536,37.520599365,37.621879577499996,38.05437088,8.488213539,8.5011267665,8.553037643,4.425516829810703
bv_vienot_static,1,float,lookupApply,1,65536,37.508487701,37.590980529999996,44.430732727,8.498786926,8.508113384,8.535787582,4.41825100740806
bv_vienot_static,1,float,lookupApply,2,65536,37.473392487,37.5536441805,38.100337982,8.495405197,8.5132756235,8.560984612,4.411186227406654
bv_vienot_static,1,float,prepared,0,65536,14.200401306,14.222478867,14.270019531,0.612697601,0.622918129,0.649011612,22.83201949802299
bv_vienot_static,1,float,prepared,1,65536,14.203357697,14.242124557499999,16.861534119,0.612506866,0.6207208635,0.643108368,22.944491469473537
bv_vienot_static,1,float,prepared,2,65536,14.193916321,14.2246246335,14.426040649,0.612316132,0.6209073064999999,0.632774353,22.90941737130291
bv_vienot_static,1,float,vienot,0,65536,6.346988678,6.5929889675,6.606578827,0.610434532,0.619097233,0.627511978,10.649359448033586
bv_vienot_static,1,float,vienot,1,65536,6.354141235,6.5973758695,6.740951538,0.61134243,0.61995697,0.634714127,10.641667387818867
default,2,double,brettel,0,65536,20.144462585,20.2929496765,20.980548859,3.563140869,3.579297066,3.609082222,5.669534912110031
default,2,double,brettel,1,65536,20.274162292,20.664834976,21.427631378,3.565538406,3.5835328105,3.712922096,5.7666096750811375
default,2,double,brettel,2,65536,20.27349472,20.4312801365,21.118736267,3.578976631,3.5880699160000002,3.682578087,5.694225757807112
default,2,double,lookup,0,65536,30.583000183,30.7172775265,31.029701233,4.932168007,4.9411511425,4.99689579,6.216623746295371
default,2,double,lookup,1,65536,30.528450012,30.731201172,31.075382233,4.928032875,4.9374122620000005,4.994747162,6.224151345132297
default,2,double,lookup,2,65536,30.656719208,30.775117874,44.790554047,4.92936039,4.9615716935,4.999198914,6.202695390720146
default,2,double,lookupApply,0,65536,41.130828857,41.2346363065,41.391181946,8.337734222,8.368302822,8.477678299,4.927478986311951
default,2,double,lookupApply,1,65536,41.104507446,41.254901886,41.635894775,8.341219902,8.369515895500001,9.171380043,4.929186156176766
default,2,double,lookupApply,2,65536,41.12701416,41.2422657015,43.8580513,8.338917732,8.363756656500001,8.523886681,4.931069541513746
default,2,double,prepared,0,65536,16.930294037,16.954898834,17.019271851,0.935078621,0.939836025,1.230439186,18.04027339130781
default,2,double,prepared,1,65536,16.923141479,16.941213607999998,17.003059387,0.934476852,0.9393715855,0.954123497,18.034624284470652
default,2,double,prepared,2,65536,16.926383972,16.940498352,17.002296448,0.934391022,0.9387803075000001,0.953598976,18.045221247890307
default,2,double,vienot,0,65536,19.459915161,19.485139847,20.104217529,0.933674812,0.939649105,0.971134186,20.736613000871213
default,2,double,vienot,1,65536,19.688510895,19.7072029115,19.875526428,0.92714119,0.9395012855,0.951803207,20.97623836779732
default,2,float,brettel,0,65536,41.847705841,42.180252075,44.680404663,1.816699982,1.837884903,1.890215874,22.95043177412726
default,2,float,brettel,1,65536,42.421531677,42.64292717,43.446731567,1.832975388,1.8440351485000002,1.856834412,23.12479087217355
default,2,float,brettel,2,65536,42.17748642,42.630147934,43.545246124,1.820510864,1.8301959035,1.84764576,23.292669299759474
default,2,float,lookup,0,65536,23.91910553,23.999118805000002,24.425601959,3.461001396,3.478981018,3.524621964,6.898318410140863
default,2,float,lookup,1,65536,23.931407928,23.974132537499997,24.041557312,3.461812973,3.4710731505,3.489625931,6.906835868338464
default,2,float,lookup,2,65536,23.90794754,23.989582061500002,24.045467377,3.46104908,3.470528603,3.654650688,6.912371228049493
default,2,float,lookupApply,0,65536,37.487602234,37.663078307999996,38.041877747,8.479941368,8.500849247,9.316843987,4.430507730894242
default,2,float,lookupApply,1,65536,37.464046478,37.664222717499996,37.933063507,8.482931137,8.502935886,9.055170059,4.429555064564672
default,2,float,lookupApply,2,65536,37.46805191,37.5561237335,37.866973877,8.478050232,8.500495434,8.542321205,4.418109982541049
default,2,float,prepared,0,65536,14.199066162,14.216375351,14.302825928,0.612803459,0.62116003,0.640167236,22.886816060911066
default,2,float,prepared,1,65536,14.202690125,14.2371177675,16.491413116,0.612602234,0.620062351,0.626174927,22.960784096210997
default,2,float,prepared,2,65536,14.199542999,14.217805861999999,14.261245728,0.611847878,0.6202054020000001,0.657999039,22.92435024937109
default,2,float,vienot,0,65536,22.342681885,22.5037574765,23.34985733,0.609938622,0.6209506985,0.647110939,36.24081192091614
default,2,float,vienot,1,65536,22.357654572,22.5727558135,23.142242432,0.610176086,0.6177511215,0.625984192,36.540210171840215
bv_direct,2,double,brettel,0,65536,13.77696991,13.9650821685,14.564609528,3.565434456,3.5786385535,3.592252731,3.902344972738807
bv_direct,2,double,brettel,1,65536,13.868808746,14.096260070500001,15.718269348,3.561393738,3.5797939305,3.606722832,3.9377294738669875
bv_direct,2,double,brettel,2,65536,13.81111145,13.992547988999998,14.482402802,3.56835556,3.578595638,3.613103867,3.9100667983880215
bv_direct,2,double,lookup,0,65536,30.513191223,30.6616306305,47.824001312,4.927116394,4.942616939500001,5.091233253,6.203521536427575
bv_direct,2,double,lookup,1,65536,30.531215668,30.6529521945,31.073760986,4.925578117,4.9321017265,4.946075439,6.214987827563009
bv_direct,2,double,lookup,2,65536,30.519580841,30.687046051,30.968284607,4.928272247,4.9478559495,5.01474762,6.202089625123594
bv_direct,2,double,lookupApply,0,65536,40.552616119,41.009140015,41.258430481,8.346741676,8.3632698055,8.404468536,4.903481648772212
bv_direct,2,double,lookupApply,1,65536,40.605068207,40.942144393999996,41.712093353,8.348212242,8.362434387,8.412893295,4.895960015859433
bv_direct,2,double,lookupApply,2,65536,40.55109024,40.957403183,41.178417206,8.345384598,8.3582024575,8.461336136,4.900264547462357
bv_direct,2,double,prepared,0,65536,16.929721832,16.9502735135,16.996383667,0.933197021,0.938044548,0.944419861,18.069795885109713
bv_direct,2,double,prepared,1,65536,16.925239563,16.947841644500002,17.593955994,0.93102932,0.93787241,0.95594883,18.070519469167454
bv_direct,2,double,prepared,2,65536,16.929721832,16.947412491,17.645549774,0.92830658,0.937137127,0.9411726,18.084239758222708
bv_direct,2,double,vienot,0,65536,3.551197052,3.561067581,3.573417664,0.934773445,0.940943718,0.965060234,3.7845702276105744
bv_direct,2,double,vienot,1,65536,3.550243378,3.5611152644999997,3.612327576,0.93454361,0.941124439,0.947811127,3.7838941556802985
bv_direct,2,float,brettel,0,65536,12.352561951,12.4777793885,13.175201416,1.795219421,1.8320727345,1.880138397,6.810744548253632
bv_direct,2,float,brettel,1,65536,12.38079071,12.5457763675,13.09633255,1.836662292,1.8456926345,1.854016304,6.7973269942092305
bv_direct,2,float,brettel,2,65536,12.351512909,12.4868392945,13.069248199,1.821141243,1.8319149015,1.843366623,6.816276937468866
bv_direct,2,float,lookup,0,65536,23.761844635,23.818254471,23.918819427,3.463378906,3.4751372335,3.520973206,6.853903276507828
bv_direct,2,float,lookup,1,65536,23.76832962,23.8110542295,23.999214172,3.460924149,3.4723768235,3.530103683,6.857278296627821
bv_direct,2,float,lookup,2,65536,23.779773712,23.821544647499998,23.963260651,3.461669922,3.4758205415,3.489167213,6.8535024645489155
bv_direct,2,float,lookupApply,0,65536,37.35408783,37.4093055725,37.546348572,8.496685028,8.508681774,8.570467949,4.396604146932808
bv_direct,2,float,lookupApply,1,65536,37.353515625,37.405252456499994,37.579345703,8.489923477,8.505964756000001,8.561671257,4.397532029522553
bv_direct,2,float,lookupApply,2,65536,37.362670898,37.40568161,37.518596649,8.493074417,8.5023870465,8.617536545,4.399432936353799
bv_direct,2,float,prepared,0,65536,14.202880859,14.2196178435,14.285755157,0.612469673,0.6204252244999999,0.627100945,22.91914848394434
bv_direct,2,float,prepared,1,65536,14.196491241,14.2162799835,14.282035828,0.611714363,0.6190781594999999,0.644971848,22.963627072519916
bv_direct,2,float,prepared,2,65536,14.198303223,14.216184616,14.362716675,0.614417076,0.621485233,0.629031181,22.874533232875702
bv_direct,2,float,vienot,0,65536,3.006744385,3.011894226,3.057003021,0.610424995,0.6183285715,0.635993958,4.871025478724785
bv_direct,2,float,vienot,1,65536,3.005886078,3.0095100405000004,3.120803833,0.610796928,0.6180658345000001,0.622039795,4.869238635289749
bv_split,2,double,brettel,0,65536,8.846092224,9.074497223000002,9.866905212,3.569741249,3.584440708,3.614450455,2.5316354662379874
bv_split,2,double,brettel,1,65536,8.87556076,9.096431732,9.944152832,3.567239761,3.5841155049999998,3.600934982,2.537985095432911
bv_split,2,double,brettel,2,65536,8.919525146,9.1317653655,9.868431091,3.568556786,3.5871152874999996,3.653171539,2.5457128175727752
bv_split,2,double,lookup,0,65536,30.513477325,30.7373046875,30.87053299,4.929828644,4.9396138195,5.096735954,6.222612902684629
bv_split,2,double,lookup,1,65536,30.630779266,30.773544311499997,31.0090065,4.930038452,4.939637661000001,5.124835014,6.229919363208935
bv_split,2,double,lookup,2,65536,30.556678772,30.7279586795,30.957794189,4.925567627,4.954336643,5.000191689,6.2022347074286195
bv_split,2,double,lookupApply,0,65536,41.071987152,47.280025482,53.639602661,8.351621628,8.3667750355,8.439359665,5.650925868257738
bv_split,2,double,lookupApply,1,65536,41.115760803,47.573757171500006,54.719829559,8.351899147,8.3675866125,8.906965256,5.685481295219757
bv_split,2,double,lookupApply,2,65536,41.017436981,53.0344963075,54.154109955,8.35027504,8.3656435015,8.614192963,6.339559688144811
bv_split,2,double,prepared,0,65536,16.92237854,16.955995559999998,17.077922821,0.933779716,0.9391713145,0.953350067,18.054209384607432
bv_split,2,double,prepared,1,65536,16.923713684,16.9509887695,17.079544067,0.936426163,0.94256258,0.950275421,17.98393987749864
bv_split,2,double,prepared,2,65536,16.924762726,16.9467926025,17.686748505,0.930370331,0.9433932305,0.950799942,17.963657205297277
bv_split,2,double,vienot,0,65536,3.551197052,3.5613536835,3.609466553,0.929376602,0.9398398400000001,1.09515667,3.7893197669722105
bv_split,2,double,vienot,1,65536,3.551006317,3.563976288,5.747032166,0.927599907,0.94143486,0.980476379,3.785685488638056
bv_split,2,float,brettel,0,65536,8.285713196,8.6369514465,9.817504883,1.783223152,1.8293313979999999,1.880263329,4.721370581592128
bv_split,2,float,brettel,1,65536,8.485221863,8.712100983,9.735584259,1.837072372,1.8459596635,1.858897209,4.719551112228298
bv_split,2,float,brettel,2,65536,8.448123932,8.657646179,9.738922119,1.826441765,1.8294029235,2.271546364,4.73249827459347
bv_split,2,float,lookup,0,65536,23.917579651,23.982620239,24.070549011,3.462270737,3.4731507305,3.490380287,6.905148120521514
bv_split,2,float,lookup,1,65536,23.926830292,23.966360092499997,24.160385132,3.460676193,3.471641064,3.49104023,6.9034671645709045
bv_split,2,float,lookup,2,65536,23.915195465,23.952722549500002,24.047660828,3.463331223,3.473628044,3.551604271,6.895592229822522
bv_split,2,float,lookupApply,0,65536,37.483406067,37.57314682,44.316577911,8.490696907,8.508395194999999,8.781673431,4.416008654849512
bv_split,2,float,lookupApply,1,65536,37.462711334,37.520313263000006,38.126945496,8.495185852,8.510667801,8.556657791,4.40862152539797
bv_split,2,float,lookupApply,2,65536,37.474536896,37.553596497,37.804412842,8.493437767,8.502659321,8.565224648,4.416688365279971
bv_split,2,float,prepared,0,65536,14.193725586,14.227104187,14.625549316,0.611064911,0.6198425295000001,0.633577347,22.952771889460998
bv_split,2,float,prepared,1,65536,14.206504822,14.230728149499999,14.318656921,0.611160278,0.6199378965,0.63157177,22.955086678589588
bv_split,2,float,prepared,2,65536,14.197158813,14.216327667,14.25743103,0.611074448,0.6190929414999999,0.638667107,22.96315579459728
bv_split,2,float,vienot,0,65536,3.006458282,3.0117034909999996,3.039741516,0.609517097,0.6193361285,0.629364967,4.862793162566165
bv_split,2,float,vienot,1,65536,3.005599976,3.0097007749999998,3.031921387,0.609889984,0.6180129055,0.630187035,4.8699642810290795
bv_portable,2,double,brettel,0,65536,8.903884888,9.060430527000001,9.874629974,3.563628197,3.5759544375,3.601690292,2.5337097229164574
bv_portable,2,double,brettel,1,65536,8.874225616,9.125852585,9.899902344,3.564641953,3.577477455,3.644507408,2.5509182656749965
bv_portable,2,double,brettel,2,65536,8.937644958,9.120893478,9.897994995,3.568318367,3.576131344,3.58855629,2.550491746703585
bv_portable,2,double,lookup,0,65536,30.606651306,30.768251419000002,31.015205383,4.931156158,4.9373021125,4.99446106,6.2317943520414865
bv_portable,2,double,lookup,1,65536,30.537605286,30.6928157805,30.832862854,4.927048683,4.9373545645,4.956475258,6.216449594522532
bv_portable,2,double,lookup,2,65536,30.553722382,30.736684799,30.989074707,4.933152199,4.9663805965000005,5.041309357,6.188950726140748
bv_portable,2,double,lookupApply,0,65536,40.93170166,41.2133216855,43.70470047,8.346941948,8.363102913,8.410524368,4.927994084759626
bv_portable,2,double,lookupApply,1,65536,40.867614746,41.2978172305,41.685581207,8.348155022,8.3599267005,8.481068611,4.939973603839135
bv_portable,2,double,lookupApply,2,65536,40.842914581,41.2736415865,41.440486908,8.349921227,8.360690117,8.379272461,4.936630948990356
bv_portable,2,double,prepared,0,65536,16.925907135,16.945028305,17.11435318,0.932796478,0.9386076925,0.956282616,18.05336610854593
bv_portable,2,double,prepared,1,65536,16.925144196,16.946744918999997,17.000675201,0.934849739,0.940503597,0.950675964,18.018798623478308
bv_portable,2,double,prepared,2,65536,16.918945312,16.9443130495,16.98589325,0.933158875,0.935918808,0.949978828,18.10446900378991
bv_portable,2,double,vienot,0,65536,19.494628906,19.6952819825,19.954204559,0.933932304,0.9363446234999999,0.952767372,21.034223391896266
bv_portable,2,double,vienot,1,65536,19.494342804,19.7259426115,20.225906372,0.934419632,0.9377298355,0.945871353,21.03584834856201
bv_portable,2,float,brettel,0,65536,8.460903168,8.675813675,9.796333313,1.783872604,1.829693794,1.849451065,4.741675193658114
bv_portable,2,float,brettel,1,65536,8.466148376,8.8317871095,9.85956192,1.841790199,1.843834877,1.850978851,4.789901319075656
bv_portable,2,float,brettel,2,65536,8.469676971,8.69808197,9.687614441,1.821427345,1.8288345335,1.850367546,4.756079246466176
bv_portable,2,float,lookup,0,65536,23.906707764,23.967599868999997,24.717235565,3.470351219,3.4793629645,3.961548805,6.888502324575455
bv_portable,2,float,lookup,1,65536,23.91166687,23.9787101745,24.001216888,3.466416359,3.4746313095000003,3.523065567,6.901080442388157
bv_portable,2,float,lookup,2,65536,23.921775818,23.993110657000003,24.47977066,3.467256546,3.4768695835,3.494707108,6.900779589451059
bv_portable,2,float,lookupApply,0,65536,37.512874603,37.579202652,37.883663177,8.497066498,8.5100421905,9.080156326,4.41586561039036
bv_portable,2,float,lookupApply,1,65536,37.47587204,37.5563621525,37.74728775,8.492673874,8.507577896,8.543953896,4.414459980455523
bv_portable,2,float,lookupApply,2,65536,37.500572205,37.592315674000005,37.767791748,8.497037888,8.505124091999999,8.544622421,4.41996086916118
bv_portable,2,float,prepared,0,65536,14.201450348,14.220905303999999,14.26897049,0.612593651,0.6214952469999999,0.636442184,22.881760355602527
bv_portable,2,float,prepared,1,65536,14.197063446,14.2161369325,14.251327515,0.612984657,0.6213321685,0.697455406,22.880091605139548
bv_portable,2,float,prepared,2,65536,14.197540283,14.218044281000001,14.398860931,0.612049103,0.620965004,0.637761116,22.89669174496668
bv_portable,2,float,vienot,0,65536,3.007125854,3.010749817,3.029823303,0.610902786,0.6187295909999999,0.639240265,4.866018792044489
bv_portable,2,float,vienot,1,65536,3.006076813,3.0121803285,3.062725067,0.611236572,0.619460106,0.627006531,4.862589695969865
bv_compiler,2,double,brettel,0,65536,8.936309814,9.102725983,9.848403931,3.562119484,3.5709109305,3.580849648,2.549132745163552
bv_compiler,2,double,brettel,1,65536,9.003448486,9.156990051000001,9.885978699,3.560638428,3.5756344795,3.627392769,2.5609413108356844
bv_compiler,2,double,brettel,2,65536,8.940029144,9.112310409500001,9.850120544,3.563284874,3.57392931,3.630954742,2.549661624252999
bv_compiler,2,double,lookup,0,65536,30.635070801,30.741977691499997,31.018543243,4.932741165,4.9388923645,4.961633682,6.224468043172719
bv_compiler,2,double,lookup,1,65536,30.62505722,30.767202377,31.71377182,4.930678368,4.938018799,4.955616951,6.230677449674894
bv_compiler,2,double,lookup,2,65536,30.610656738,30.692243576000003,30.962657928,4.929225922,4.9368915555,5.003926277,6.216916703751972
bv_compiler,2,double,lookupApply,0,65536,40.671539307,40.846300125,40.953445435,8.352032661,8.374974251000001,8.444898605,4.8771851591212725
bv_compiler,2,double,lookupApply,1,65536,40.676116943,40.7875537875,40.952587128,8.35221386,8.3618130685,8.527563095,4.87783611680484
bv_compiler,2,double,lookupApply,2,65536,40.623283386,40.760803222999996,41.122817993,8.356158257,8.3730168345,8.412233353,4.868114328284885
bv_compiler,2,double,prepared,0,65536,16.931915283,17.236995697,17.639255524,0.932891846,0.940557003,0.948640823,18.32637005733931
bv_compiler,2,double,prepared,1,65536,16.934299469,17.0971393585,17.30298996,0.930789948,0.9353699685,0.951133728,18.278477965160373
bv_compiler,2,double,prepared,2,65536,16.928577423,17.1565055845,17.299938202,0.932739258,0.935341835,0.947237015,18.342497836098605
bv_compiler,2,double,vienot,0,65536,3.550815582,3.5625457765,3.77664566,0.932949066,0.9366450310000001,1.006187439,3.803517510466566
bv_compiler,2,double,vienot,1,65536,3.551101685,3.5613536835,3.762817383,0.92640686,0.9380497935000001,0.982118607,3.7965507888574574
bv_compiler,2,float,brettel,0,65536,8.338260651,8.654546737499999,9.795284271,1.789957047,1.842774868,1.851428032,4.696475346927728
bv_compiler,2,float,brettel,1,65536,8.515071869,8.748579025,9.742069244,1.837426186,1.8462705615,1.9451437,4.7385140658323825
bv_compiler,2,float,brettel,2,65536,8.456134796,8.6680412295,9.614944458,1.819975853,1.828007698,1.841074944,4.7417968966889985
bv_compiler,2,float,lookup,0,65536,23.943996429,23.995065689500002,24.095821381,3.460762024,3.4768419264999997,3.539072037,6.901396783849444
bv_compiler,2,float,lookup,1,65536,23.918533325,23.976516723499998,24.078655243,3.462100029,3.472090721,3.495432854,6.905498343832012
bv_compiler,2,float,lookup,2,65536,23.92911911,23.960494994999998,24.026489258,3.46421051,3.4772143365,3.489749908,6.890715577549788
bv_compiler,2,float,lookupApply,0,65536,37.492656708,37.5532627105,37.644577026,8.486742973,8.506909847,8.683095932,4.414442304656999
bv_compiler,2,float,lookupApply,1,65536,37.494373322,37.546634674,37.98456192,8.489197731,8.512955666,8.562129021,4.4105286280249265
bv_compiler,2,float,lookupApply,2,65536,37.498188019,37.5726222995,37.751197815,8.489292145,8.510219574,8.528776169,4.415000338450726
bv_compiler,2,float,prepared,0,65536,14.209365845,14.2270088195,14.345836639,0.612622261,0.620587349,0.665306091,22.925070648676726
bv_compiler,2,float,prepared,1,65536,14.194393158,14.2232894895,14.273738861,0.613108635,0.6211032865,0.631475449,22.900039009051355
bv_compiler,2,float,prepared,2,65536,14.200210571,14.215993881,14.269924164,0.612478256,0.6205973625,0.626012802,22.906951817733514
bv_compiler,2,float,vienot,0,65536,3.006458282,3.0110836025000003,3.136920929,0.610243797,0.6181092265,0.650568962,4.871442575853542
bv_compiler,2,float,vienot,1,65536,3.006744385,3.0120849610000002,3.056621552,0.610348701,0.6186919215,0.635210991,4.868473074122725
bv_vienot_index,2,double,brettel,0,65536,8.888244629,9.055280685500001,9.82170105,3.564287186,3.5746121410000002,4.174282074,2.5332204805209386
bv_vienot_index,2,double,brettel,1,65536,8.864402771,9.0690612795,9.778118134,3.570400238,3.5779643055,3.632482529,2.5346986456961456
bv_vienot_index,2,double,brettel,2,65536,8.903884888,9.0856552125,9.882545471,3.569253922,3.580619812,3.596809387,2.537453203506991
bv_vienot_index,2,double,lookup,0,65536,30.536174774,30.7082653045,30.989933014,4.935854912,4.9435100555,4.975616455,6.211834295822846
bv_vienot_index,2,double,lookup,1,65536,30.543899536,30.728530884,30.851459503,4.928137779,4.945860386,5.002082825,6.212979842896844
bv_vienot_index,2,double,lookup,2,65536,30.560874939,30.6451797485,30.808353424,4.929771423,4.9455351830000005,5.005578041,6.196534574021651
bv_vienot_index,2,double,lookupApply,0,65536,41.24174118,41.363716125500005,41.511917114,8.356856346,8.371980189999999,8.438899994,4.940732680532061
bv_vienot_index,2,double,lookupApply,1,65536,41.23134613,41.3737773895,41.921138763,8.352347374,8.375432968,8.451976776,4.939897142938963
bv_vienot_index,2,double,lookupApply,2,65536,41.26291275,41.3489341735,41.63312912,8.361105919,8.3747591975,8.437448502,4.937328130681456
bv_vienot_index,2,double,prepared,0,65536,16.928958893,16.9420719145,16.986656189,0.932815552,0.9415783885,0.949071884,17.99326760408117
bv_vienot_index,2,double,prepared,1,65536,16.925907135,16.9443130495,16.992092133,0.933454514,0.9424047470000001,1.00982666,17.979868101725508
bv_vienot_index,2,double,prepared,2,65536,16.927528381,16.9476509095,17.244911194,0.93341732,0.9394631385000001,0.957800865,18.039718872375957
bv_vienot_index,2,double,vienot,0,65536,1.794624329,1.8105983735,1.875305176,0.928975105,0.9415593145000001,0.958880424,1.9229785586705062
bv_vienot_index,2,double,vienot,1,65536,1.799488068,1.808309555,1.834583282,0.935861588,0.941353798,1.002481461,1.9209669720799278
bv_vienot_index,2,float,brettel,0,65536,9.004878998,9.218692780000001,10.177326202,1.796135902,1.8375639915,1.855735779,5.016800950956163
bv_vienot_index,2,float,brettel,1,65536,9.076690674,9.3082904815,10.076904297,1.837253571,1.8438687325,1.878572464,5.048239236032492
bv_vienot_index,2,float,brettel,2,65536,9.012699127,9.228229523,10.070037842,1.821933746,1.8290781975,2.082221985,5.045289772527617
bv_vienot_index,2,float,lookup,0,65536,23.937320709,23.995065689500002,24.087715149,3.462759018,3.472252369,3.518976212,6.910518919571079
bv_vienot_index,2,float,lookup,1,65536,23.93321991,23.9921569825,24.111557007,3.459616661,3.473971367,3.535920143,6.906262155873434
bv_vienot_index,2,float,lookup,2,65536,23.92616272,24.0089416505,25.186061859,3.464086533,3.475461483,3.993860245,6.908130551277353
bv_vienot_index,2,float,lookupApply,0,65536,37.492370605,37.635564804,37.898159027,8.480543137,8.501594067,8.541212082,4.426883300637365
bv_vienot_index,2,float,lookupApply,1,65536,37.493610382,37.6010894775,37.899780273,8.481775284,8.495858669499999,8.527335167,4.425813910074485
bv_vienot_index,2,float,lookupApply,2,65536,37.495613098,37.5727653505,37.986660004,8.485376358,8.4941973685,8.541766167,4.423344987230385
bv_vienot_index,2,float,prepared,0,65536,14.19801712,14.2235279085,14.329147339,0.611771584,0.6210842135000001,0.663959503,22.90112612643309
bv_vienot_index,2,float,prepared,1,65536,14.202594757,14.219236374,14.77022171,0.613834381,0.621480465,0.634303093,22.879619191248434
bv_vienot_index,2,float,prepared,2,65536,14.205169678,14.2198562625,14.267063141,0.612488747,0.6204061505,0.64803791,22.920237413893915
bv_vienot_index,2,float,vienot,0,65536,1.780223846,1.799821854,1.870155334,0.608572006,0.61582613,0.626394272,2.922613650706897
bv_vienot_index,2,float,vienot,1,65536,1.77822113,1.786708832,1.79643631,0.608781815,0.615864277,0.63040638,2.901140557629713
bv_vienot_static,2,double,brettel,0,65536,8.875656128,9.057903289999999,9.880638123,3.564707756,3.5760979655,3.614974976,2.5329013291540377
bv_vienot_static,2,double,brettel,1,65536,8.82024765,9.085512161,9.883022308,3.566637039,3.5780363079999997,3.652702332,2.53924537900469
bv_vienot_static,2,double,brettel,2,65536,8.978557587,9.149408340499999,9.846973419,3.566884995,3.5775876045,3.609807968,2.557423982851347
bv_vienot_static,2,double,lookup,0,65536,30.52110672,30.779314041,31.140708923,4.927755356,4.949728012,5.661209106,6.218384922642089
bv_vienot_static,2,double,lookup,1,65536,30.580329895,30.766963959,31.187725067,4.93166256,4.948725700000001,4.996294975,6.217148782160223
bv_vienot_static,2,double,lookup,2,65536,30.593013763,30.7421207425,30.972671509,4.932922363,4.94343853,5.004422188,6.218772733986034
bv_vienot_static,2,double,lookupApply,0,65536,40.742683411,41.0635471345,41.492652893,8.353131294,8.366316318500001,8.460390091,4.9081992087363835
bv_vienot_static,2,double,lookupApply,1,65536,40.727710724,41.019916534000004,41.35723114,8.353608131,8.3677344325,8.519655228,4.902153248874632
bv_vienot_static,2,double,lookupApply,2,65536,40.703582764,40.9612178805,41.212844849,8.352223396,8.366063118,8.434811592,4.896116285851336
bv_vienot_static,2,double,prepared,0,65536,16.923427582,16.946697235000002,17.015647888,0.93225193,0.9447636605,1.195836067,17.93749902068762
bv_vienot_static,2,double,prepared,1,65536,16.930961609,16.955661774,17.449188232,0.928584099,0.9400353429999999,0.947065353,18.03725987566406
bv_vienot_static,2,double,prepared,2,65536,16.930103302,16.942024230999998,17.033863068,0.935213089,0.940461159,0.968402863,18.014592169882473
bv_vienot_static,2,double,vienot,0,65536,2.627563477,3.0696392059999997,3.469467163,0.933904648,0.9406900405,0.950990677,3.2631781711735894
bv_vienot_static,2,double,vienot,1,65536,2.939414978,3.097438812,3.295040131,0.934477806,0.9414305685,0.97511673,3.2901404688135534
bv_vienot_static,2,float,brettel,0,65536,8.459854126,8.6876392365,9.746360779,1.819394112,1.8425550460000002,1.885392189,4.714995763822624
bv_vienot_static,2,float,brettel,1,65536,8.467769623,8.728027344000001,13.415908813,1.839001656,1.8499760625000001,1.949537277,4.7179136643558595
bv_vienot_static,2,float,brettel,2,65536,8.468914032,8.715248108,9.593486786,1.819383621,1.8308305740000002,3.328783989,4.760270137372089
bv_vienot_static,2,float,lookup,0,65536,23.942375183,24.0269660945,24.207115173,3.472395897,3.48208046,3.560887337,6.900175446979763
bv_vienot_static,2,float,lookup,1,65536,23.924160004,24.022483825499997,24.740314484,3.461918831,3.476717949,5.516633034,6.90952909551076
bv_vienot_static,2,float,lookup,2,65536,23.93913269,24.020957947,24.110507965,3.461755753,3.478776455,3.520905495,6.905001875724147
bv_vienot_static,2,float,lookupApply,0,65536,37.475299835,37.554550171,37.791919708,8.495424271,8.5132751465,8.574029922,4.411292895477427
bv_vienot_static,2,float,lookupApply,1,65536,37.494754791,37.5827789305,38.101768494,8.488261223,8.5148801805,8.558252335,4.413776604463401
bv_vienot_static,2,float,lookupApply,2,65536,37.48960495,37.573957443,37.86687851,8.498318672,8.5103187565,9.031378746,4.415105769604906
bv_vienot_static,2,float,prepared,0,65536,14.195537567,14.219093323,14.276695251,0.613214493,0.6217522625,0.648973465,22.869387343805602
bv_vienot_static,2,float,prepared,1,65536,14.206123352,14.2210006715,18.072128296,0.613835335,0.6221060755,0.632229805,22.85944669495516
bv_vienot_static,2,float,prepared,2,65536,14.200305939,14.2216682435,14.361953735,0.61208725,0.7692704205,1.258815765,18.487215762509614
bv_vienot_static,2,float,vienot,0,65536,6.335449219,6.589269638,6.610679626,0.612306595,0.6191496845,0.650520325,10.642450126290907
bv_vienot_static,2,float,vienot,1,65536,6.320095062,6.595325470000001,6.631278992,0.610491753,0.6193933485,0.643701553,10.6480405157273
