compiler,variant,baseline,scalar,mode,deficiency,n,pooled_speedup,block_speedup_min,block_speedup_max,D_median_ns,CPP_median_ns,D_over_CPP
dmd-2.111.0,bv_portable,default,double,brettel,0,1024,4.188095238046476,4.185714285811809,4.194047619071999,5.126953125,4.175933838000001,1.2277381117358592
dmd-2.111.0,bv_portable,bv_direct,double,brettel,0,1024,2.594047619072,2.594047619072,2.594047619072,5.126953125,4.175933838000001,1.2277381117358592
dmd-2.111.0,bv_portable,bv_split,double,brettel,0,1024,1.0,0.9994047618681905,1.0,5.126953125,4.175933838000001,1.2277381117358592
dmd-2.111.0,bv_portable,bv_portable,double,brettel,0,1024,1.0,1.0,1.0,5.126953125,4.175933838000001,1.2277381117358592
dmd-2.111.0,bv_portable,default,double,brettel,1,1024,4.193682956194779,4.152302243488355,4.199046484241322,5.120849609,4.187561035,1.22287163487278
dmd-2.111.0,bv_portable,bv_direct,double,brettel,1,1024,2.5971394519428466,2.5726092091836374,2.5971394519428466,5.120849609,4.187561035,1.22287163487278
dmd-2.111.0,bv_portable,bv_split,double,brettel,1,1024,1.0,0.9917355372620215,1.0,5.120849609,4.187561035,1.22287163487278
dmd-2.111.0,bv_portable,bv_portable,double,brettel,1,1024,1.0,1.0,1.0,5.120849609,4.187561035,1.22287163487278
dmd-2.111.0,bv_portable,default,double,brettel,2,1024,4.152794292144653,4.120353982353578,4.158145065070207,5.133056641,4.2915039065,1.1960973944880644
dmd-2.111.0,bv_portable,bv_direct,double,brettel,2,1024,2.592152199475408,2.5722713864272566,2.592152199475408,5.133056641,4.2915039065,1.1960973944880644
dmd-2.111.0,bv_portable,bv_split,double,brettel,2,1024,1.0,0.9923303835892912,1.0,5.133056641,4.2915039065,1.1960973944880644
dmd-2.111.0,bv_portable,bv_portable,double,brettel,2,1024,1.0,1.0,1.0,5.133056641,4.2915039065,1.1960973944880644
dmd-2.111.0,bv_portable,default,double,lookup,0,1024,1.0001312163838658,0.9996720666374014,1.0006564264119049,46.514892578,5.8176574705,7.995467731447975
dmd-2.111.0,bv_portable,bv_direct,double,lookup,0,1024,0.9942264794753709,0.9940316127856622,0.9946829460377584,46.514892578,5.8176574705,7.995467731447975
dmd-2.111.0,bv_portable,bv_split,double,lookup,0,1024,1.0001312163838658,0.9998032399910374,1.0004594984861823,46.514892578,5.8176574705,7.995467731447975
dmd-2.111.0,bv_portable,bv_portable,double,lookup,0,1024,1.0,1.0,1.0,46.514892578,5.8176574705,7.995467731447975
dmd-2.111.0,bv_portable,default,double,lookup,1,1024,0.9946722110244732,0.9973361055122366,0.9999344606068009,46.9696044925,5.822052002,8.067534346372193
dmd-2.111.0,bv_portable,bv_direct,double,lookup,1,1024,0.994022480665239,0.9904798911868573,1.0030148118938753,46.9696044925,5.822052002,8.067534346372193
dmd-2.111.0,bv_portable,bv_split,double,lookup,1,1024,0.9994802156998386,0.997020918331664,1.0081268842520044,46.9696044925,5.822052002,8.067534346372193
dmd-2.111.0,bv_portable,bv_portable,double,lookup,1,1024,1.0,1.0,1.0,46.9696044925,5.822052002,8.067534346372193
dmd-2.111.0,bv_portable,default,double,lookup,2,1024,0.9990840693356449,0.997712717290525,1.0013694163664415,46.6461181645,5.812255859,8.025475701017312
dmd-2.111.0,bv_portable,bv_direct,double,lookup,2,1024,0.9935230618133207,0.989892402998406,0.9954768928126585,46.6461181645,5.812255859,8.025475701017312
dmd-2.111.0,bv_portable,bv_split,double,lookup,2,1024,0.9994766110458773,0.9954352787607218,1.00255653883568,46.6461181645,5.812255859,8.025475701017312
dmd-2.111.0,bv_portable,bv_portable,double,lookup,2,1024,1.0,1.0,1.0,46.6461181645,5.812255859,8.025475701017312
dmd-2.111.0,bv_portable,default,double,lookupApply,0,1024,1.0,0.9995071733620952,1.000219070052134,55.725097656,10.2982177735,5.41113995466237
dmd-2.111.0,bv_portable,bv_direct,double,lookupApply,0,1024,0.9974260679113488,0.9968241800473419,0.997919176429697,55.725097656,10.2982177735,5.41113995466237
dmd-2.111.0,bv_portable,bv_split,double,lookupApply,0,1024,0.9992880613373725,0.9990144007031101,0.9997261624325892,55.725097656,10.2982177735,5.41113995466237
dmd-2.111.0,bv_portable,bv_portable,double,lookupApply,0,1024,1.0,1.0,1.0,55.725097656,10.2982177735,5.41113995466237
dmd-2.111.0,bv_portable,default,double,lookupApply,1,1024,0.9999452234848029,0.9995075778266975,1.0002738825580368,55.712890625,10.2963562015,5.410932715875117
dmd-2.111.0,bv_portable,bv_direct,double,lookupApply,1,1024,0.9976993865053111,0.9972063979044348,1.0009848443376408,55.712890625,10.2963562015,5.410932715875117
dmd-2.111.0,bv_portable,bv_split,double,lookupApply,1,1024,1.000164329536617,0.9990698692311945,1.0003834355884311,55.712890625,10.2963562015,5.410932715875117
dmd-2.111.0,bv_portable,bv_portable,double,lookupApply,1,1024,1.0,1.0,1.0,55.712890625,10.2963562015,5.410932715875117
dmd-2.111.0,bv_portable,default,double,lookupApply,2,1024,1.0013053410203445,0.9981048299750744,1.0035468732981487,56.1096191405,10.294464111,5.450465272936829
dmd-2.111.0,bv_portable,bv_direct,double,lookupApply,2,1024,0.9955400848493842,0.9936105696229003,0.9981447124326494,56.1096191405,10.294464111,5.450465272936829
dmd-2.111.0,bv_portable,bv_split,double,lookupApply,2,1024,1.0020124007385838,0.9977799436830594,1.0059478336867886,56.1096191405,10.294464111,5.450465272936829
dmd-2.111.0,bv_portable,bv_portable,double,lookupApply,2,1024,1.0,1.0,1.0,56.1096191405,10.294464111,5.450465272936829
dmd-2.111.0,bv_portable,default,double,prepared,0,1024,0.9998839368735354,0.9991875580386848,1.000929475988854,26.293945312,1.235229492,21.286688410771852
dmd-2.111.0,bv_portable,bv_direct,double,prepared,0,1024,0.9989554317857553,0.9980269266789595,1.001510398510441,26.293945312,1.235229492,21.286688410771852
dmd-2.111.0,bv_portable,bv_split,double,prepared,0,1024,0.9997678737470707,0.9981429898244399,1.0031369815099709,26.293945312,1.235229492,21.286688410771852
dmd-2.111.0,bv_portable,bv_portable,double,prepared,0,1024,1.0,1.0,1.0,26.293945312,1.235229492,21.286688410771852
dmd-2.111.0,bv_portable,default,double,prepared,1,1024,1.0001160765986776,0.9886272257300653,1.0026719330783644,26.290893554500002,1.235839844,21.273706040586276
dmd-2.111.0,bv_portable,bv_direct,double,prepared,1,1024,0.9998839234013224,0.9895462377920922,1.0019735314485163,26.290893554500002,1.235839844,21.273706040586276
dmd-2.111.0,bv_portable,bv_split,double,prepared,1,1024,0.9998839234013224,0.9877082136680385,1.0046468401296655,26.290893554500002,1.235839844,21.273706040586276
dmd-2.111.0,bv_portable,bv_portable,double,prepared,1,1024,1.0,1.0,1.0,26.290893554500002,1.235839844,21.273706040586276
dmd-2.111.0,bv_portable,default,double,prepared,2,1024,1.0009269988602496,0.9967555040650662,1.0122931985317647,26.3366699215,1.234008789,21.34236818754133
dmd-2.111.0,bv_portable,bv_direct,double,prepared,2,1024,1.0040556199329058,0.9965237543784812,1.0080422794164705,26.3366699215,1.234008789,21.34236818754133
dmd-2.111.0,bv_portable,bv_split,double,prepared,2,1024,0.9983777520420255,0.9890854779482352,1.002317497112654,26.3366699215,1.234008789,21.34236818754133
dmd-2.111.0,bv_portable,bv_portable,double,prepared,2,1024,1.0,1.0,1.0,26.3366699215,1.234008789,21.34236818754133
dmd-2.111.0,bv_portable,default,double,vienot,0,1024,0.9998608405146919,0.9977777777777778,1.0,21.929931641,1.236755371,17.73182648341213
dmd-2.111.0,bv_portable,bv_direct,double,vienot,0,1024,0.1846646256492998,0.18452546616399187,0.18708333333617774,21.929931641,1.236755371,17.73182648341213
dmd-2.111.0,bv_portable,bv_split,double,vienot,0,1024,0.18452546616399187,0.18416666664960002,0.18457683739937641,21.929931641,1.236755371,17.73182648341213
dmd-2.111.0,bv_portable,bv_portable,double,vienot,0,1024,1.0,1.0,1.0,21.929931641,1.236755371,17.73182648341213
dmd-2.111.0,bv_portable,default,double,vienot,1,1024,0.9980555555726222,0.9977777777777778,1.0,21.97265625,1.2355041505,17.784364577899492
dmd-2.111.0,bv_portable,bv_direct,double,vienot,1,1024,0.18416666664960002,0.18416666664960002,0.18452546616399187,21.97265625,1.2355041505,17.784364577899492
dmd-2.111.0,bv_portable,bv_split,double,vienot,1,1024,0.18416666664960002,0.18416666664960002,0.18452546616399187,21.97265625,1.2355041505,17.784364577899492
dmd-2.111.0,bv_portable,bv_portable,double,vienot,1,1024,1.0,1.0,1.0,21.97265625,1.2355041505,17.784364577899492
dmd-2.111.0,bv_portable,default,float,brettel,0,1024,6.647265076637858,6.590152566025308,6.694736841874103,4.351806641,2.1876220705,1.989286312148678
dmd-2.111.0,bv_portable,bv_direct,float,brettel,0,1024,1.8485273491267693,1.828016643659359,1.8491228069521894,4.351806641,2.1876220705,1.989286312148678
dmd-2.111.0,bv_portable,bv_split,float,brettel,0,1024,0.9985974753697703,0.988904299697216,0.9992982455709496,4.351806641,2.1876220705,1.989286312148678
dmd-2.111.0,bv_portable,bv_portable,float,brettel,0,1024,1.0,1.0,1.0,4.351806641,2.1876220705,1.989286312148678
dmd-2.111.0,bv_portable,default,float,brettel,1,1024,6.728932584298427,6.657303370671461,6.761235955113708,4.345703125,2.134765625,2.0356816102470265
dmd-2.111.0,bv_portable,bv_direct,float,brettel,1,1024,1.8511235955631458,1.8511235955631458,1.8511235955631458,4.345703125,2.134765625,2.0356816102470265
dmd-2.111.0,bv_portable,bv_split,float,brettel,1,1024,1.0,1.0,1.009129213468764,4.345703125,2.134765625,2.0356816102470265
dmd-2.111.0,bv_portable,bv_portable,float,brettel,1,1024,1.0,1.0,1.0,4.345703125,2.134765625,2.0356816102470265
dmd-2.111.0,bv_portable,default,float,brettel,2,1024,6.783309957267931,6.75525946650165,6.844101123566742,4.351806641,2.139038086,2.0344689837373937
dmd-2.111.0,bv_portable,bv_direct,float,brettel,2,1024,1.8499298735272096,1.8499298735272096,1.8828892003843976,4.351806641,2.139038086,2.0344689837373937
dmd-2.111.0,bv_portable,bv_split,float,brettel,2,1024,0.9985974753697703,0.9985974753697703,1.0,4.351806641,2.139038086,2.0344689837373937
dmd-2.111.0,bv_portable,bv_portable,float,brettel,2,1024,1.0,1.0,1.0,4.351806641,2.139038086,2.0344689837373937
dmd-2.111.0,bv_portable,default,float,lookup,0,1024,1.0071699704678927,1.0033535946342342,1.006333122237933,28.942871093999997,4.470336914000001,6.474427241346846
dmd-2.111.0,bv_portable,bv_direct,float,lookup,0,1024,1.0010544074187004,0.9872144204612747,1.0026388009353544,28.942871093999997,4.470336914000001,6.474427241346846
dmd-2.111.0,bv_portable,bv_split,float,lookup,0,1024,1.008540700115658,1.000844416297238,1.0106895828837439,28.942871093999997,4.470336914000001,6.474427241346846
dmd-2.111.0,bv_portable,bv_portable,float,lookup,0,1024,1.0,1.0,1.0,28.942871093999997,4.470336914000001,6.474427241346846
dmd-2.111.0,bv_portable,default,float,lookup,1,1024,1.0147276965479843,1.0062118340897634,1.0166419334125119,28.8024902345,4.4700622555,6.443420379450238
dmd-2.111.0,bv_portable,bv_direct,float,lookup,1,1024,0.9994702267277666,0.9857864813709052,1.0066779732815072,28.8024902345,4.4700622555,6.443420379450238
dmd-2.111.0,bv_portable,bv_split,float,lookup,1,1024,1.0155753337418947,1.0063599745513354,1.013897662674509,28.8024902345,4.4700622555,6.443420379450238
dmd-2.111.0,bv_portable,bv_portable,float,lookup,1,1024,1.0,1.0,1.0,28.8024902345,4.4700622555,6.443420379450238
dmd-2.111.0,bv_portable,default,float,lookup,2,1024,1.0160472973145946,1.007720396448468,1.0171030405362163,28.90625,4.4709777835,6.465308350821511
dmd-2.111.0,bv_portable,bv_direct,float,lookup,2,1024,0.9923986486486487,0.9891258445837837,0.9952219155005441,28.90625,4.4709777835,6.465308350821511
dmd-2.111.0,bv_portable,bv_split,float,lookup,2,1024,1.0125633445881081,1.0025039123630513,1.0119983011320801,28.90625,4.4709777835,6.465308350821511
dmd-2.111.0,bv_portable,bv_portable,float,lookup,2,1024,1.0,1.0,1.0,28.90625,4.4709777835,6.465308350821511
dmd-2.111.0,bv_portable,default,float,lookupApply,0,1024,0.9958823954300834,0.9932247369268128,1.003187943782209,42.2454833985,9.941741943,4.249303959075816
dmd-2.111.0,bv_portable,bv_direct,float,lookupApply,0,1024,0.9983385104310941,0.9955956678597242,1.003187943782209,42.2454833985,9.941741943,4.249303959075816
dmd-2.111.0,bv_portable,bv_split,float,lookupApply,0,1024,0.9960991114731605,0.9934409687287797,1.008259672508287,42.2454833985,9.941741943,4.249303959075816
dmd-2.111.0,bv_portable,bv_portable,float,lookupApply,0,1024,1.0,1.0,1.0,42.2454833985,9.941741943,4.249303959075816
dmd-2.111.0,bv_portable,default,float,lookupApply,1,1024,0.988304513164836,0.9871115566317206,0.9922184595490627,42.5323486325,9.944488525499999,4.276976993179398
dmd-2.111.0,bv_portable,bv_direct,float,lookupApply,1,1024,0.9984932195009086,0.9935479245853343,1.0030261546309578,42.5323486325,9.944488525499999,4.276976993179398
dmd-2.111.0,bv_portable,bv_split,float,lookupApply,1,1024,0.9982062136949168,0.9925533438350498,1.002665898129802,42.5323486325,9.944488525499999,4.276976993179398
dmd-2.111.0,bv_portable,bv_portable,float,lookupApply,1,1024,1.0,1.0,1.0,42.5323486325,9.944488525499999,4.276976993179398
dmd-2.111.0,bv_portable,default,float,lookupApply,2,1024,0.998766775464258,0.9981870920912715,0.9992017995776434,42.0684814455,9.941680908,4.231526020076523
dmd-2.111.0,bv_portable,bv_direct,float,lookupApply,2,1024,0.9999274573886402,0.9992748368412611,1.0004353820507197,42.0684814455,9.941680908,4.231526020076523
dmd-2.111.0,bv_portable,bv_split,float,lookupApply,2,1024,0.9989844033339936,0.9985494632836059,0.9994920542701973,42.0684814455,9.941680908,4.231526020076523
dmd-2.111.0,bv_portable,bv_portable,float,lookupApply,2,1024,1.0,1.0,1.0,42.0684814455,9.941680908,4.231526020076523
dmd-2.111.0,bv_portable,default,float,prepared,0,1024,1.0,0.989453124992,1.000197550355115,15.454101562,0.78515625,19.682835820258706
dmd-2.111.0,bv_portable,bv_direct,float,prepared,0,1024,0.9996050553326887,0.988671875008,1.0,15.454101562,0.78515625,19.682835820258706
dmd-2.111.0,bv_portable,bv_split,float,prepared,0,1024,1.0,0.989062499968,1.0015797788633687,15.454101562,0.78515625,19.682835820258706
dmd-2.111.0,bv_portable,bv_portable,float,prepared,0,1024,1.0,1.0,1.0,15.454101562,0.78515625,19.682835820258706
dmd-2.111.0,bv_portable,default,float,prepared,1,1024,1.0,1.0,1.0,15.454101562,0.7865295409999999,19.648469328121525
dmd-2.111.0,bv_portable,bv_direct,float,prepared,1,1024,0.9996050553326887,0.9996050553326887,0.9996050553326887,15.454101562,0.7865295409999999,19.648469328121525
dmd-2.111.0,bv_portable,bv_split,float,prepared,1,1024,1.0,0.9996050553326887,1.000394944732019,15.454101562,0.7865295409999999,19.648469328121525
dmd-2.111.0,bv_portable,bv_portable,float,prepared,1,1024,1.0,1.0,1.0,15.454101562,0.7865295409999999,19.648469328121525
dmd-2.111.0,bv_portable,default,float,prepared,2,1024,1.0,0.9996050553326887,1.0,15.454101562,0.784667969,19.695084000555145
dmd-2.111.0,bv_portable,bv_direct,float,prepared,2,1024,0.9996050553326887,0.9996050553326887,0.9996050553326887,15.454101562,0.784667969,19.695084000555145
dmd-2.111.0,bv_portable,bv_split,float,prepared,2,1024,0.9998025276663444,0.9996050553326887,1.0001974723660096,15.454101562,0.784667969,19.695084000555145
dmd-2.111.0,bv_portable,bv_portable,float,prepared,2,1024,1.0,1.0,1.0,15.454101562,0.784667969,19.695084000555145
dmd-2.111.0,bv_portable,default,float,vienot,0,1024,5.59358288701492,5.590747331441204,5.5918003560033505,3.424072266,0.782165527,4.377682405836841
dmd-2.111.0,bv_portable,bv_direct,float,vienot,0,1024,1.0,0.9982206407514718,1.0017825310115696,3.424072266,0.782165527,4.377682405836841
dmd-2.111.0,bv_portable,bv_split,float,vienot,0,1024,1.0,0.9982206407514718,1.0,3.424072266,0.782165527,4.377682405836841
dmd-2.111.0,bv_portable,bv_portable,float,vienot,0,1024,1.0,1.0,1.0,3.424072266,0.782165527,4.377682405836841
dmd-2.111.0,bv_portable,default,float,vienot,1,1024,5.6827094466469426,5.6827094466469426,5.68983957156937,3.424072266,0.782714844,4.374610105133001
dmd-2.111.0,bv_portable,bv_direct,float,vienot,1,1024,1.0,1.0,1.0,3.424072266,0.782714844,4.374610105133001
dmd-2.111.0,bv_portable,bv_split,float,vienot,1,1024,1.0,1.0,1.0044563278209737,3.424072266,0.782714844,4.374610105133001
dmd-2.111.0,bv_portable,bv_portable,float,vienot,1,1024,1.0,1.0,1.0,3.424072266,0.782714844,4.374610105133001
dmd-2.111.0,bv_compiler,default,double,brettel,0,1024,4.188095238046476,4.185714285811809,4.194047619071999,5.126953125,4.1086730955,1.2478367117148514
dmd-2.111.0,bv_compiler,bv_direct,double,brettel,0,1024,2.594047619072,2.594047619072,2.594047619072,5.126953125,4.1086730955,1.2478367117148514
dmd-2.111.0,bv_compiler,bv_split,double,brettel,0,1024,1.0,0.9994047618681905,1.0,5.126953125,4.1086730955,1.2478367117148514
dmd-2.111.0,bv_compiler,bv_portable,double,brettel,0,1024,1.0,1.0,1.0,5.126953125,4.1086730955,1.2478367117148514
dmd-2.111.0,bv_compiler,default,double,brettel,1,1024,4.193682956194779,4.191895113512598,4.199046484241322,5.120849609,4.1383361815,1.2374174993061764
dmd-2.111.0,bv_compiler,bv_direct,double,brettel,1,1024,2.5971394519428466,2.5971394519428466,2.5971394519428466,5.120849609,4.1383361815,1.2374174993061764
dmd-2.111.0,bv_compiler,bv_split,double,brettel,1,1024,1.0,1.0,1.0011918951865473,5.120849609,4.1383361815,1.2374174993061764
dmd-2.111.0,bv_compiler,bv_portable,double,brettel,1,1024,1.0,1.0,1.0095351609065386,5.120849609,4.1383361815,1.2374174993061764
dmd-2.111.0,bv_compiler,default,double,brettel,2,1024,4.152794292144653,4.152199761787122,4.158145065070207,5.133056641,4.257232666,1.2057261239195798
dmd-2.111.0,bv_compiler,bv_direct,double,brettel,2,1024,2.592152199475408,2.592152199475408,2.5952380951405716,5.133056641,4.257232666,1.2057261239195798
dmd-2.111.0,bv_compiler,bv_split,double,brettel,2,1024,1.0,1.0,1.001190476263619,5.133056641,4.257232666,1.2057261239195798
dmd-2.111.0,bv_compiler,bv_portable,double,brettel,2,1024,1.0,1.0,1.0077288940634546,5.133056641,4.257232666,1.2057261239195798
dmd-2.111.0,bv_compiler,default,double,lookup,0,1024,1.0002624672077298,0.9997376705195382,1.0007222112809746,46.508789062,5.8095703125,8.005547150695579
dmd-2.111.0,bv_compiler,bv_direct,double,lookup,0,1024,0.9943569553993306,0.993769674715467,0.9950758321937533,46.508789062,5.8095703125,8.005547150695579
dmd-2.111.0,bv_compiler,bv_split,double,lookup,0,1024,1.0002624672077298,0.9995409234038195,1.0008535224307933,46.508789062,5.8095703125,8.005547150695579
dmd-2.111.0,bv_compiler,bv_portable,double,lookup,0,1024,1.000131233603865,0.9990818468076391,1.0010504891340073,46.508789062,5.8095703125,8.005547150695579
dmd-2.111.0,bv_compiler,default,double,lookup,1,1024,1.0001960015693512,0.9894293125797916,1.0078513478147502,46.710205078,5.8103332519999995,8.039161103525634
dmd-2.111.0,bv_compiler,bv_direct,double,lookup,1,1024,0.9995426630119836,0.9924773021996561,1.0020294599085233,46.710205078,5.8103332519999995,8.039161103525634
dmd-2.111.0,bv_compiler,bv_split,double,lookup,1,1024,1.0050307069109974,0.9975356679610403,1.0073977086783963,46.710205078,5.8103332519999995,8.039161103525634
dmd-2.111.0,bv_compiler,bv_portable,double,lookup,1,1024,1.0055533777697365,0.9894941634268366,1.0102721800670114,46.710205078,5.8103332519999995,8.039161103525634
dmd-2.111.0,bv_compiler,default,double,lookup,2,1024,0.99973813421158,0.997189542493015,1.005236973040342,46.6156005855,5.80859375,8.025281607187626
dmd-2.111.0,bv_compiler,bv_direct,double,lookup,2,1024,0.9941734860950289,0.9925490196104804,0.994953136255945,46.6156005855,5.80859375,8.025281607187626
dmd-2.111.0,bv_compiler,bv_split,double,lookup,2,1024,1.0001309329049362,0.999279916207087,1.0025562037057354,46.6156005855,5.80859375,8.025281607187626
dmd-2.111.0,bv_compiler,bv_portable,double,lookup,2,1024,1.0006546645032286,0.9970588235414429,1.0038622676214084,46.6156005855,5.80859375,8.025281607187626
dmd-2.111.0,bv_compiler,default,double,lookupApply,0,1024,1.0007124458803949,0.9999452174921877,1.0008222331819625,55.6854248045,10.094604492,5.516355281539841
dmd-2.111.0,bv_compiler,bv_direct,double,lookupApply,0,1024,0.9981366800044306,0.9979170092705654,0.9983565246040692,55.6854248045,10.094604492,5.516355281539841
dmd-2.111.0,bv_compiler,bv_split,double,lookupApply,0,1024,1.0,0.999506957384811,1.0002739876056586,55.6854248045,10.094604492,5.516355281539841
dmd-2.111.0,bv_compiler,bv_portable,double,lookupApply,0,1024,1.0007124458803949,1.0004382601163522,1.0010963109092834,55.6854248045,10.094604492,5.516355281539841
dmd-2.111.0,bv_compiler,default,double,lookupApply,1,1024,1.0001643655411259,0.9993428618322144,1.0012057437269049,55.700683594,10.093383789,5.518534196104172
dmd-2.111.0,bv_compiler,bv_direct,double,lookupApply,1,1024,0.9979180363773401,0.9969333552379354,1.002685520117383,55.700683594,10.093383789,5.518534196104172
dmd-2.111.0,bv_compiler,bv_split,double,lookupApply,1,1024,1.000383519610921,0.9995619078911336,1.0008220079058732,55.700683594,10.093383789,5.518534196104172
dmd-2.111.0,bv_compiler,bv_portable,double,lookupApply,1,1024,1.0002191540608187,0.9996714309161072,1.001699002526724,55.700683594,10.093383789,5.518534196104172
dmd-2.111.0,bv_compiler,default,double,lookupApply,2,1024,1.0010875475757497,0.9994566989047583,1.0025017675553873,56.121826172,10.090332030999999,5.561940479221085
dmd-2.111.0,bv_compiler,bv_direct,double,lookupApply,2,1024,0.9953235454028946,0.9941866782559904,0.9979877086994442,56.121826172,10.090332030999999,5.561940479221085
dmd-2.111.0,bv_compiler,bv_split,double,lookupApply,2,1024,1.0017944535017687,1.0004346408690723,1.0037569421746362,56.121826172,10.090332030999999,5.561940479221085
dmd-2.111.0,bv_compiler,bv_portable,double,lookupApply,2,1024,0.9997824904795046,0.9970661740714528,1.0044052863469488,56.121826172,10.090332030999999,5.561940479221085
dmd-2.111.0,bv_compiler,default,double,prepared,0,1024,1.0001160900740187,1.0001160900740187,1.0010465115969291,26.287841797,1.215942383,21.61931532655524
dmd-2.111.0,bv_compiler,bv_direct,double,prepared,0,1024,0.9991873694057897,0.9998837209230905,1.0013930810213634,26.287841797,1.215942383,21.61931532655524
dmd-2.111.0,bv_compiler,bv_split,double,prepared,0,1024,1.0,0.9991873694057897,1.0023218017086122,26.287841797,1.215942383,21.61931532655524
dmd-2.111.0,bv_compiler,bv_portable,double,prepared,0,1024,1.0002321801480372,0.9991873694057897,1.0018604650781415,26.287841797,1.215942383,21.61931532655524
dmd-2.111.0,bv_compiler,default,double,prepared,1,1024,1.0002321801480372,0.9990712793127511,1.000697674404303,26.287841797,1.2153320315,21.63017275579805
dmd-2.111.0,bv_compiler,bv_direct,double,prepared,1,1024,1.0,0.9964082956855299,1.0036046511365269,26.287841797,1.2153320315,21.63017275579805
dmd-2.111.0,bv_compiler,bv_split,double,prepared,1,1024,1.0,0.9981425586255022,1.0019696442745405,26.287841797,1.2153320315,21.63017275579805
dmd-2.111.0,bv_compiler,bv_portable,double,prepared,1,1024,1.0001160900740187,0.9973351871043765,1.0105641978198336,26.287841797,1.2153320315,21.63017275579805
dmd-2.111.0,bv_compiler,default,double,prepared,2,1024,1.0043018253667313,1.000116265538611,1.0237016381916642,26.248168945499998,1.215362549,21.596986814425858
dmd-2.111.0,bv_compiler,bv_direct,double,prepared,2,1024,1.0074409952140104,0.999883734461389,1.0194028116575549,26.248168945499998,1.215362549,21.596986814425858
dmd-2.111.0,bv_compiler,bv_split,double,prepared,2,1024,1.001743983250605,0.9994200208626288,1.0056970119634054,26.248168945499998,1.215362549,21.596986814425858
dmd-2.111.0,bv_compiler,bv_portable,double,prepared,2,1024,1.00337170094355,0.998260062625896,1.011269896583763,26.248168945499998,1.215362549,21.596986814425858
dmd-2.111.0,bv_compiler,default,double,vienot,0,1024,5.418552036747564,5.417797888888189,5.419306184606941,4.046630859,1.2200622559999998,3.316741288487168
dmd-2.111.0,bv_compiler,bv_direct,double,vienot,0,1024,1.000754147859376,1.0,1.0158371041819803,4.046630859,1.2200622559999998,3.316741288487168
dmd-2.111.0,bv_compiler,bv_split,double,vienot,0,1024,1.0,1.0,1.0,4.046630859,1.2200622559999998,3.316741288487168
dmd-2.111.0,bv_compiler,bv_portable,double,vienot,0,1024,5.419306184606941,5.417797888888189,5.429864253896849,4.046630859,1.2200622559999998,3.316741288487168
dmd-2.111.0,bv_compiler,default,double,vienot,1,1024,5.419306184606941,5.417797888888189,5.429110106037473,4.046630859,1.2229919434999998,3.3087960067988798
dmd-2.111.0,bv_compiler,bv_direct,double,vienot,1,1024,1.0,1.0,1.0,4.046630859,1.2229919434999998,3.3087960067988798
dmd-2.111.0,bv_compiler,bv_split,double,vienot,1,1024,1.0,1.0,1.0,4.046630859,1.2229919434999998,3.3087960067988798
dmd-2.111.0,bv_compiler,bv_portable,double,vienot,1,1024,5.429864253896849,5.419306184606941,5.429864253896849,4.046630859,1.2229919434999998,3.3087960067988798
dmd-2.111.0,bv_compiler,default,float,brettel,0,1024,6.647265076637858,6.400541271867222,6.690042075217285,4.351806641,2.1873474125,1.989536100269577
dmd-2.111.0,bv_compiler,bv_direct,float,brettel,0,1024,1.8485273491267693,1.783491204336176,1.8511235955631458,4.351806641,2.1873474125,1.989536100269577
dmd-2.111.0,bv_compiler,bv_split,float,brettel,0,1024,0.9985974753697703,0.9634641407040166,1.0014044944683145,4.351806641,2.1873474125,1.989536100269577
dmd-2.111.0,bv_compiler,bv_portable,float,brettel,0,1024,1.0,0.9648173207600549,1.012640449409438,4.351806641,2.1873474125,1.989536100269577
dmd-2.111.0,bv_compiler,default,float,brettel,1,1024,6.728932584298427,6.657303370671461,6.761235955113708,4.345703125,2.135681152,2.0348089512005956
dmd-2.111.0,bv_compiler,bv_direct,float,brettel,1,1024,1.8511235955631458,1.8511235955631458,1.8511235955631458,4.345703125,2.135681152,2.0348089512005956
dmd-2.111.0,bv_compiler,bv_split,float,brettel,1,1024,1.0,1.0,1.009129213468764,4.345703125,2.135681152,2.0348089512005956
dmd-2.111.0,bv_compiler,bv_portable,float,brettel,1,1024,1.0,1.0,1.0,4.345703125,2.135681152,2.0348089512005956
dmd-2.111.0,bv_compiler,default,float,brettel,2,1024,6.783309957267931,6.75525946650165,6.844101123566742,4.351806641,2.1383056639999998,2.035165839134213
dmd-2.111.0,bv_compiler,bv_direct,float,brettel,2,1024,1.8499298735272096,1.8499298735272096,1.8828892003843976,4.351806641,2.1383056639999998,2.035165839134213
dmd-2.111.0,bv_compiler,bv_split,float,brettel,2,1024,0.9985974753697703,0.9985974753697703,1.0,4.351806641,2.1383056639999998,2.035165839134213
dmd-2.111.0,bv_compiler,bv_portable,float,brettel,2,1024,1.0,1.0,1.0,4.351806641,2.1383056639999998,2.035165839134213
dmd-2.111.0,bv_compiler,default,float,lookup,0,1024,1.0034667507155848,0.9957180156764632,1.0075773521363596,29.049682617000002,4.468597412499999,6.500850252416872
dmd-2.111.0,bv_compiler,bv_direct,float,lookup,0,1024,0.9973736737159615,0.9913702378490121,0.9928885170551797,29.049682617000002,4.468597412499999,6.500850252416872
dmd-2.111.0,bv_compiler,bv_split,float,lookup,0,1024,1.0048324403867273,0.9902872062683951,1.0149442222559997,29.049682617000002,4.468597412499999,6.500850252416872
dmd-2.111.0,bv_compiler,bv_portable,float,lookup,0,1024,0.996323143202346,0.9894516971300086,1.0042096400757554,29.049682617000002,4.468597412499999,6.500850252416872
dmd-2.111.0,bv_compiler,default,float,lookup,1,1024,1.0095930845652012,0.9943814379654473,1.0118155923621401,28.948974609,4.4679870605000005,6.479198398967699
dmd-2.111.0,bv_compiler,bv_direct,float,lookup,1,1024,0.9944128188930839,0.9741962334991302,1.0018989344997358,28.948974609,4.4679870605000005,6.479198398967699
dmd-2.111.0,bv_compiler,bv_split,float,lookup,1,1024,1.0104364326398654,1.0015824454164464,1.0062288851372974,28.948974609,4.4679870605000005,6.479198398967699
dmd-2.111.0,bv_compiler,bv_portable,float,lookup,1,1024,0.9949399114656565,0.9882426386537004,0.9970439189102703,28.948974609,4.4679870605000005,6.479198398967699
dmd-2.111.0,bv_compiler,default,float,lookup,2,1024,1.0125197264879033,0.9975938905807398,1.0154948877433785,29.0069580075,4.4685058595000005,6.491422170977238
dmd-2.111.0,bv_compiler,bv_direct,float,lookup,2,1024,0.9889531825461619,0.9805418977093423,0.9937159614664227,29.0069580075,4.4685058595000005,6.491422170977238
dmd-2.111.0,bv_compiler,bv_split,float,lookup,2,1024,1.009047869546753,0.9970708233164284,1.0063887725328742,29.0069580075,4.4685058595000005,6.491422170977238
dmd-2.111.0,bv_compiler,bv_portable,float,lookup,2,1024,0.996528143093324,0.9852495030881445,1.0038751571160114,29.0069580075,4.4685058595000005,6.491422170977238
dmd-2.111.0,bv_compiler,default,float,lookupApply,0,1024,0.9985513544776285,0.9954489633676006,1.0051542649802334,42.1325683595,9.9447937015,4.2366457891575
dmd-2.111.0,bv_compiler,bv_direct,float,lookupApply,0,1024,1.001014051852606,0.9960991114613249,1.0051542649802334,42.1325683595,9.9447937015,4.2366457891575
dmd-2.111.0,bv_compiler,bv_split,float,lookupApply,0,1024,0.998768651318445,0.9952322473481946,1.0102359346628058,42.1325683595,9.9447937015,4.2366457891575
dmd-2.111.0,bv_compiler,bv_portable,float,lookupApply,0,1024,1.0026799942039266,1.0005056707435087,1.0037621183560936,42.1325683595,9.9447937015,4.2366457891575
dmd-2.111.0,bv_compiler,default,float,lookupApply,1,1024,0.9885882437305221,0.9879871290551948,0.9925125989920586,42.5201416015,9.944427489999999,4.275775719040413
dmd-2.111.0,bv_compiler,bv_direct,float,lookupApply,1,1024,0.9987798751239771,0.9909903467972537,1.0023038156947512,42.5201416015,9.944427489999999,4.275775719040413
dmd-2.111.0,bv_compiler,bv_split,float,lookupApply,1,1024,0.9984927869220046,0.994923131919765,0.9992819187161417,42.5201416015,9.944427489999999,4.275775719040413
dmd-2.111.0,bv_compiler,bv_portable,float,lookupApply,1,1024,1.0002870882019728,0.996625017944689,1.0054715622809318,42.5201416015,9.944427489999999,4.275775719040413
dmd-2.111.0,bv_compiler,default,float,lookupApply,2,1024,1.0,0.9999273572525471,1.0,42.016601562,9.943817139,4.225399660378851
dmd-2.111.0,bv_compiler,bv_direct,float,lookupApply,2,1024,1.001162115073204,1.001016998404832,1.0012345679057,42.016601562,9.943817139,4.225399660378851
dmd-2.111.0,bv_compiler,bv_split,float,lookupApply,2,1024,1.0002178965851507,0.9999273730800022,1.0002905709660082,42.016601562,9.943817139,4.225399660378851
dmd-2.111.0,bv_compiler,bv_portable,float,lookupApply,2,1024,1.001234747256354,1.0007988380552297,1.0017434258317541,42.016601562,9.943817139,4.225399660378851
dmd-2.111.0,bv_compiler,default,float,prepared,0,1024,1.0001975113366803,1.000197550355115,1.0003951007102299,15.4510498045,0.7852478025,19.676654624576297
dmd-2.111.0,bv_compiler,bv_direct,float,prepared,0,1024,0.9998024886633198,0.9996050553326887,1.0,15.4510498045,0.7852478025,19.676654624576297
dmd-2.111.0,bv_compiler,bv_split,float,prepared,0,1024,1.0001975113366803,1.0,1.0019755037453495,15.4510498045,0.7852478025,19.676654624576297
dmd-2.111.0,bv_compiler,bv_portable,float,prepared,0,1024,1.0001975113366803,1.0,1.0110584518494574,15.4510498045,0.7852478025,19.676654624576297
dmd-2.111.0,bv_compiler,default,float,prepared,1,1024,1.0,0.9865575686453077,1.0003951007102299,15.454101562,0.785217285,19.68130587191544
dmd-2.111.0,bv_compiler,bv_direct,float,prepared,1,1024,0.9996050553326887,0.9861679329945756,1.0,15.454101562,0.785217285,19.68130587191544
dmd-2.111.0,bv_compiler,bv_split,float,prepared,1,1024,1.0,0.9863627508199416,1.000394944732019,15.454101562,0.785217285,19.68130587191544
dmd-2.111.0,bv_compiler,bv_portable,float,prepared,1,1024,1.0,0.9865575686453077,1.0003951007102299,15.454101562,0.785217285,19.68130587191544
dmd-2.111.0,bv_compiler,default,float,prepared,2,1024,0.999407933652199,0.9911885647191425,1.0001975113366803,15.463256836,0.78515625,19.694496268736316
dmd-2.111.0,bv_compiler,bv_direct,float,prepared,2,1024,0.9990132228183344,0.9911885647191425,0.9998024886633198,15.463256836,0.78515625,19.694496268736316
dmd-2.111.0,bv_compiler,bv_split,float,prepared,2,1024,0.9992105782352667,0.9911885647191425,0.9998026055938712,15.463256836,0.78515625,19.694496268736316
dmd-2.111.0,bv_compiler,bv_portable,float,prepared,2,1024,0.999407933652199,0.9915801840250348,1.0001975113366803,15.463256836,0.78515625,19.694496268736316
dmd-2.111.0,bv_compiler,default,float,vienot,0,1024,5.59358288701492,5.570921985888226,5.5918003560033505,3.424072266,0.782836914,4.373927959661851
dmd-2.111.0,bv_compiler,bv_direct,float,vienot,0,1024,1.0,0.994680851172766,1.0017825310115696,3.424072266,0.782836914,4.373927959661851
dmd-2.111.0,bv_compiler,bv_split,float,vienot,0,1024,1.0,0.994680851172766,1.0,3.424072266,0.782836914,4.373927959661851
dmd-2.111.0,bv_compiler,bv_portable,float,vienot,0,1024,1.0,0.9964539006365958,1.0,3.424072266,0.782836914,4.373927959661851
dmd-2.111.0,bv_compiler,default,float,vienot,1,1024,5.67764915380221,5.662522202959122,5.68983957156937,3.4271240235000002,0.782470703,4.3798751957873625
dmd-2.111.0,bv_compiler,bv_direct,float,vienot,1,1024,0.9991095281410669,0.9964476023493104,1.0,3.4271240235000002,0.782470703,4.3798751957873625
dmd-2.111.0,bv_compiler,bv_split,float,vienot,1,1024,0.9991095281410669,0.9964476023493104,1.0044563278209737,3.4271240235000002,0.782470703,4.3798751957873625
dmd-2.111.0,bv_compiler,bv_portable,float,vienot,1,1024,0.9991095281410669,0.9964476023493104,1.0,3.4271240235000002,0.782470703,4.3798751957873625
dmd-2.111.0,bv_portable,default,double,brettel,0,8191,4.6653163438753396,4.638460971573432,4.664577958003421,5.179846783,4.105290868,1.2617490330285654
dmd-2.111.0,bv_portable,bv_direct,double,brettel,0,8191,2.5930617957816917,2.584433685410627,2.5953556948603493,5.179846783,4.105290868,1.2617490330285654
dmd-2.111.0,bv_portable,bv_split,double,brettel,0,8191,1.0003682699662584,0.9982394365545539,1.0004422495201064,5.179846783,4.105290868,1.2617490330285654
dmd-2.111.0,bv_portable,bv_portable,double,brettel,0,8191,1.0,1.0,1.0,5.179846783,4.105290868,1.2617490330285654
dmd-2.111.0,bv_portable,default,double,brettel,1,8191,4.649396526158079,4.639417775414252,4.69394363095614,5.1840434625,4.1409931635,1.251884091042161
dmd-2.111.0,bv_portable,bv_direct,double,brettel,1,8191,2.5911098026408568,2.5877379988497045,2.5943715929043707,5.1840434625,4.1409931635,1.251884091042161
dmd-2.111.0,bv_portable,bv_split,double,brettel,1,8191,0.9998528113227599,0.999779233279535,1.0003675658833007,5.1840434625,4.1409931635,1.251884091042161
dmd-2.111.0,bv_portable,bv_portable,double,brettel,1,8191,1.0,1.0,1.0,5.1840434625,4.1409931635,1.251884091042161
dmd-2.111.0,bv_portable,default,double,brettel,2,8191,4.6471367582363285,4.629760589348477,4.654748767620647,5.18328043,4.2022341595,1.2334582589316558
dmd-2.111.0,bv_portable,bv_direct,double,brettel,2,8191,2.5907551889875267,2.58942102539447,2.5934438306202865,5.18328043,4.2022341595,1.2334582589316558
dmd-2.111.0,bv_portable,bv_split,double,brettel,2,8191,1.0007360518211437,0.9993378944438799,1.003020257878334,5.18328043,4.2022341595,1.2334582589316558
dmd-2.111.0,bv_portable,bv_portable,double,brettel,2,8191,1.0,1.0,1.0,5.18328043,4.2022341595,1.2334582589316558
dmd-2.111.0,bv_portable,default,double,lookup,0,8191,1.0000245968194257,0.9993768857550576,1.0008616374430435,46.532398364,5.899951166,7.886912459912384
dmd-2.111.0,bv_portable,bv_direct,double,lookup,0,8191,0.9942033500854605,0.9939738292076439,0.9954501110849744,46.532398364,5.899951166,7.886912459912384
dmd-2.111.0,bv_portable,bv_split,double,lookup,0,8191,0.999655644560277,0.9992047941987635,1.0008944617222861,46.532398364,5.899951166,7.886912459912384
dmd-2.111.0,bv_portable,bv_portable,double,lookup,0,8191,1.0,1.0,1.0,46.532398364,5.899951166,7.886912459912384
dmd-2.111.0,bv_portable,default,double,lookup,1,8191,1.000147536138389,1.000286718386423,1.0005000983756882,46.5465144675,5.8977460015,7.8922548471334
dmd-2.111.0,bv_portable,bv_direct,double,lookup,1,8191,0.9941313399483277,0.9935037805891084,0.9952333680613252,46.5465144675,5.8977460015,7.8922548471334
dmd-2.111.0,bv_portable,bv_split,double,lookup,1,8191,0.999868856743199,0.9994917032858808,1.0008286227604055,46.5465144675,5.8977460015,7.8922548471334
dmd-2.111.0,bv_portable,bv_portable,double,lookup,1,8191,1.0,1.0,1.0,46.5465144675,5.8977460015,7.8922548471334
dmd-2.111.0,bv_portable,default,double,lookup,2,8191,1.0018358248026245,1.000622644597221,1.0026872030070098,46.551092663,5.925062569,7.856641532623788
dmd-2.111.0,bv_portable,bv_direct,double,lookup,2,8191,0.9947957644892714,0.9940275274458934,0.9951417335723222,46.551092663,5.925062569,7.856641532623788
dmd-2.111.0,bv_portable,bv_split,double,lookup,2,8191,1.000811368989197,0.9981894150405266,1.0046370637309445,46.551092663,5.925062569,7.856641532623788
dmd-2.111.0,bv_portable,bv_portable,double,lookup,2,8191,1.0,1.0,1.0,46.551092663,5.925062569,7.856641532623788
dmd-2.111.0,bv_portable,default,double,lookupApply,0,8191,0.9997809449406185,0.9992880857040837,1.0007530739139894,55.7326638995,10.2490309485,5.4378471661905525
dmd-2.111.0,bv_portable,bv_direct,double,lookupApply,0,8191,0.9999520817091246,0.999171618699995,1.0005886983666408,55.7326638995,10.2490309485,5.4378471661905525
dmd-2.111.0,bv_portable,bv_split,double,lookupApply,0,8191,1.0001916731724734,0.9993361075268932,1.004696442758342,55.7326638995,10.2490309485,5.4378471661905525
dmd-2.111.0,bv_portable,bv_portable,double,lookupApply,0,8191,1.0,1.0,1.0,55.7326638995,10.2490309485,5.4378471661905525
dmd-2.111.0,bv_portable,default,double,lookupApply,1,8191,1.0003902265366402,0.9998973397387412,1.0008693568921492,55.7277041875,10.2651614575,5.4288190612709615
dmd-2.111.0,bv_portable,bv_direct,double,lookupApply,1,8191,1.0003080735829746,0.9992400175296711,1.001115788759672,55.7277041875,10.2651614575,5.4288190612709615
dmd-2.111.0,bv_portable,bv_split,double,lookupApply,1,8191,1.000102691194325,0.9999452373687535,1.0000273760774427,55.7277041875,10.2651614575,5.4288190612709615
dmd-2.111.0,bv_portable,bv_portable,double,lookupApply,1,8191,1.0,1.0,1.0,55.7277041875,10.2651614575,5.4288190612709615
dmd-2.111.0,bv_portable,default,double,lookupApply,2,8191,1.0000479238679194,0.9993430237358535,1.000342505644655,55.7261781225,10.298128281,5.411291897122174
dmd-2.111.0,bv_portable,bv_direct,double,lookupApply,2,8191,0.9994933762380414,0.9987202649767762,1.0001986532740796,55.7261781225,10.298128281,5.411291897122174
dmd-2.111.0,bv_portable,bv_split,double,lookupApply,2,8191,0.9998562283872691,0.9984815633101086,1.0010754676942324,55.7261781225,10.298128281,5.411291897122174
dmd-2.111.0,bv_portable,bv_portable,double,lookupApply,2,8191,1.0,1.0,1.0,55.7261781225,10.298128281,5.411291897122174
dmd-2.111.0,bv_portable,default,double,prepared,0,8191,0.9996117119211244,0.998749137334531,1.0002588400947365,26.529117324,1.1984495174999998,22.136199261309315
dmd-2.111.0,bv_portable,bv_direct,double,prepared,0,8191,1.0002013345538323,0.9994104197423312,1.0014244399346328,26.529117324,1.1984495174999998,22.136199261309315
dmd-2.111.0,bv_portable,bv_split,double,prepared,0,8191,0.9996548550451877,0.9986341154949627,1.000215824233663,26.529117324,1.1984495174999998,22.136199261309315
dmd-2.111.0,bv_portable,bv_portable,double,prepared,0,8191,1.0,1.0,1.0,26.529117324,1.1984495174999998,22.136199261309315
dmd-2.111.0,bv_portable,default,double,prepared,1,8191,1.000143835222983,0.9997698669646627,1.0006329933343345,26.524539128,1.198453333,22.132308699582882
dmd-2.111.0,bv_portable,bv_direct,double,prepared,1,8191,0.9999424659183469,0.9997122757536926,1.0008917655519889,26.524539128,1.198453333,22.132308699582882
dmd-2.111.0,bv_portable,bv_split,double,prepared,1,8191,0.9996116449205662,0.9980294857918515,1.0008631727200679,26.524539128,1.198453333,22.132308699582882
dmd-2.111.0,bv_portable,bv_portable,double,prepared,1,8191,1.0,1.0,1.0,26.524539128,1.198453333,22.132308699582882
dmd-2.111.0,bv_portable,default,double,prepared,2,8191,0.999482669434863,0.9945212925660822,1.000618402514534,26.5489561715,1.1987966975,22.14633742891171
dmd-2.111.0,bv_portable,bv_direct,double,prepared,2,8191,1.0,0.9957085842624166,1.0003595363434676,26.5489561715,1.1987966975,22.14633742891171
dmd-2.111.0,bv_portable,bv_split,double,prepared,2,8191,0.9998419267607777,0.994835996403211,1.001020584169671,26.5489561715,1.1987966975,22.14633742891171
dmd-2.111.0,bv_portable,bv_portable,double,prepared,2,8191,1.0,1.0,1.0,26.5489561715,1.1987966975,22.14633742891171
dmd-2.111.0,bv_portable,default,double,vienot,0,8191,1.0003961760235838,0.9998622043802453,1.0008096747282698,22.1489287025,1.2022417895,18.423023468275474
dmd-2.111.0,bv_portable,bv_direct,double,vienot,0,8191,0.18472138487845674,0.1846230705503773,0.1850767349291058,22.1489287025,1.2022417895,18.423023468275474
dmd-2.111.0,bv_portable,bv_split,double,vienot,0,8191,0.18466970976064975,0.1841234840082271,0.18481836815053088,22.1489287025,1.2022417895,18.423023468275474
dmd-2.111.0,bv_portable,bv_portable,double,vienot,0,8191,1.0,1.0,1.0,22.1489287025,1.2022417895,18.423023468275474
dmd-2.111.0,bv_portable,default,double,vienot,1,8191,0.9998277406681569,0.9995693293578469,1.001342975194257,22.147784153,1.202157856,18.423357666765522
dmd-2.111.0,bv_portable,bv_direct,double,vienot,1,8191,0.1846620271692513,0.18307506888447098,0.1846977969917106,22.147784153,1.202157856,18.423357666765522
dmd-2.111.0,bv_portable,bv_split,double,vienot,1,8191,0.18461034933583495,0.18455578513065712,0.18460266324870736,22.147784153,1.202157856,18.423357666765522
dmd-2.111.0,bv_portable,bv_portable,double,vienot,1,8191,1.0,1.0,1.0,22.147784153,1.202157856,18.423357666765522
dmd-2.111.0,bv_portable,default,float,brettel,0,8191,7.599514352812648,7.545446668457396,7.6164859007202725,4.3992644365,2.1186744595,2.0764230279805287
dmd-2.111.0,bv_portable,bv_direct,float,brettel,0,8191,1.8586419218539283,1.8568581579648091,1.8595227766934177,4.3992644365,2.1186744595,2.0764230279805287
dmd-2.111.0,bv_portable,bv_split,float,brettel,0,8191,1.0015610094821814,0.9990477015617183,1.0177874187319598,4.3992644365,2.1186744595,2.0764230279805287
dmd-2.111.0,bv_portable,bv_portable,float,brettel,0,8191,1.0,1.0,1.0,4.3992644365,2.1186744595,2.0764230279805287
dmd-2.111.0,bv_portable,default,float,brettel,1,8191,7.655139538313921,7.625194940065867,7.661031642423774,4.401935051,2.094677085,2.101486230274964
dmd-2.111.0,bv_portable,bv_direct,float,brettel,1,8191,1.8421736868102647,1.83979193745315,1.8476867093107765,4.401935051,2.094677085,2.101486230274964
dmd-2.111.0,bv_portable,bv_split,float,brettel,1,8191,1.0014733921388792,1.0004334632605514,1.0015591164163842,4.401935051,2.094677085,2.101486230274964
dmd-2.111.0,bv_portable,bv_portable,float,brettel,1,8191,1.0,1.0,1.0,4.401935051,2.094677085,2.101486230274964
dmd-2.111.0,bv_portable,default,float,brettel,2,8191,7.649250498293201,7.601764553287671,7.691041413637863,4.4030795995,2.0815605545,2.1152781695354705
dmd-2.111.0,bv_portable,bv_direct,float,brettel,2,8191,1.8415215318661877,1.8398927429080603,1.841106102729021,4.4030795995,2.0815605545,2.1152781695354705
dmd-2.111.0,bv_portable,bv_split,float,brettel,2,8191,0.9993068191407791,0.9985295389836218,0.9995667993994385,4.4030795995,2.0815605545,2.1152781695354705
dmd-2.111.0,bv_portable,bv_portable,float,brettel,2,8191,1.0,1.0,1.0,4.4030795995,2.0815605545,2.1152781695354705
dmd-2.111.0,bv_portable,default,float,lookup,0,8191,1.003664921464406,1.0020503846156628,1.0063851591031003,29.147845196,4.537037602,6.424422222807048
dmd-2.111.0,bv_portable,bv_direct,float,lookup,0,8191,0.9892146596811506,0.9879327682701515,0.9922616075969769,29.147845196,4.537037602,6.424422222807048
dmd-2.111.0,bv_portable,bv_split,float,lookup,0,8191,1.0023298429281255,1.0020503845985471,1.0055574533036427,29.147845196,4.537037602,6.424422222807048
dmd-2.111.0,bv_portable,bv_portable,float,lookup,0,8191,1.0,1.0,1.0,29.147845196,4.537037602,6.424422222807048
dmd-2.111.0,bv_portable,default,float,lookup,1,8191,1.0056815945309103,1.0051382880951643,1.0067295812320516,29.0757386155,4.535648883,6.410491500891604
dmd-2.111.0,bv_portable,bv_direct,float,lookup,1,8191,0.9896996496646058,0.9888451959429282,0.9908914066496497,29.0757386155,4.535648883,6.410491500891604
dmd-2.111.0,bv_portable,bv_split,float,lookup,1,8191,1.0034509454025187,1.0023594179858781,1.0063484135498237,29.0757386155,4.535648883,6.410491500891604
dmd-2.111.0,bv_portable,bv_portable,float,lookup,1,8191,1.0,1.0,1.0,29.0757386155,4.535648883,6.410491500891604
dmd-2.111.0,bv_portable,default,float,lookup,2,8191,1.0044810146641268,1.0039168424322393,1.0067460473518468,29.1180869245,4.54107786,6.412153198469933
dmd-2.111.0,bv_portable,bv_direct,float,lookup,2,8191,0.9884043919205453,0.9871621887297948,0.9892325225067223,29.1180869245,4.54107786,6.412153198469933
dmd-2.111.0,bv_portable,bv_split,float,lookup,2,8191,1.0021094835027888,1.0016390003478857,1.003065354945477,29.1180869245,4.54107786,6.412153198469933
dmd-2.111.0,bv_portable,bv_portable,float,lookup,2,8191,1.0,1.0,1.0,29.1180869245,4.54107786,6.412153198469933
dmd-2.111.0,bv_portable,default,float,lookupApply,0,8191,1.0000543882281203,0.9989585597408175,1.0013880320753568,42.088115004,10.092929739999999,4.17005924822776
dmd-2.111.0,bv_portable,bv_direct,float,lookupApply,0,8191,0.9991025943191704,0.9980620155122253,0.9999546394743509,42.088115004,10.092929739999999,4.17005924822776
dmd-2.111.0,bv_portable,bv_split,float,lookupApply,0,8191,0.998685617947139,0.9989476358001808,0.9997554879506041,42.088115004,10.092929739999999,4.17005924822776
dmd-2.111.0,bv_portable,bv_portable,float,lookupApply,0,8191,1.0,1.0,1.0,42.088115004,10.092929739999999,4.17005924822776
dmd-2.111.0,bv_portable,default,float,lookupApply,1,8191,0.9990943259601001,0.9947164017234889,1.0027361268496056,42.125122085,10.048631883,4.192125114690103
dmd-2.111.0,bv_portable,bv_direct,float,lookupApply,1,8191,0.9989584748523347,0.9965679190605604,0.9995288788225636,42.125122085,10.048631883,4.192125114690103
dmd-2.111.0,bv_portable,bv_split,float,lookupApply,1,8191,1.0007879364226655,0.9990486976295627,1.0004877167485071,42.125122085,10.048631883,4.192125114690103
dmd-2.111.0,bv_portable,bv_portable,float,lookupApply,1,8191,1.0,1.0,1.0,42.125122085,10.048631883,4.192125114690103
dmd-2.111.0,bv_portable,default,float,lookupApply,2,8191,0.9980729213800938,0.9967910474725876,0.9992478681991901,42.1689964595,10.042626815999999,4.199000643169972
dmd-2.111.0,bv_portable,bv_direct,float,lookupApply,2,8191,0.9972677101265462,0.9974048990473988,0.9984413654321246,42.1689964595,10.042626815999999,4.199000643169972
dmd-2.111.0,bv_portable,bv_split,float,lookupApply,2,8191,0.9976657920921941,0.9959671950440429,1.002772919623421,42.1689964595,10.042626815999999,4.199000643169972
dmd-2.111.0,bv_portable,bv_portable,float,lookupApply,2,8191,1.0,1.0,1.0,42.1689964595,10.042626815999999,4.199000643169972
dmd-2.111.0,bv_portable,default,float,prepared,0,8191,0.997706366057195,0.9922134626905738,0.9990960175935633,15.635682456000001,0.767290319,20.377791911121456
dmd-2.111.0,bv_portable,bv_direct,float,prepared,0,8191,1.0016348242279753,0.9997801123988737,1.0022698428355548,15.635682456000001,0.767290319,20.377791911121456
dmd-2.111.0,bv_portable,bv_split,float,prepared,0,8191,1.0000244003740208,0.9992670412868859,1.0021234013499112,15.635682456000001,0.767290319,20.377791911121456
dmd-2.111.0,bv_portable,bv_portable,float,prepared,0,8191,1.0,1.0,1.0,15.635682456000001,0.767290319,20.377791911121456
dmd-2.111.0,bv_portable,default,float,prepared,1,8191,1.0008562900978681,1.000881057253208,1.0018593272058167,15.5940971795,0.7671415269999999,20.32753622461635
dmd-2.111.0,bv_portable,bv_direct,float,prepared,1,8191,0.9998776728798056,0.9980700168614156,1.0009051988062687,15.5940971795,0.7671415269999999,20.32753622461635
dmd-2.111.0,bv_portable,bv_split,float,prepared,1,8191,1.0010030826613396,1.0003671071647808,1.007353480057238,15.5940971795,0.7671415269999999,20.32753622461635
dmd-2.111.0,bv_portable,bv_portable,float,prepared,1,8191,1.0,1.0,1.0,15.5940971795,0.7671415269999999,20.32753622461635
dmd-2.111.0,bv_portable,default,float,prepared,2,8191,1.0008075963096053,0.9999510523801659,1.0014681413393245,15.589518984,0.7671796785,20.320557779216514
dmd-2.111.0,bv_portable,bv_direct,float,prepared,2,8191,0.9998776369237589,0.9997063717064806,1.0004406257288638,15.589518984,0.7671796785,20.320557779216514
dmd-2.111.0,bv_portable,bv_split,float,prepared,2,8191,0.999951054807991,0.9996818404550414,1.0003427088895338,15.589518984,0.7671796785,20.320557779216514
dmd-2.111.0,bv_portable,bv_portable,float,prepared,2,8191,1.0,1.0,1.0,15.589518984,0.7671796785,20.320557779216514
dmd-2.111.0,bv_portable,default,float,vienot,0,8191,5.644456824408749,5.588527302533598,5.669986571558738,3.424108778,0.7668744654999999,4.46501863348324
dmd-2.111.0,bv_portable,bv_direct,float,vienot,0,8191,0.9993314762618795,0.9948152233938288,1.0096229159205459,3.424108778,0.7668744654999999,4.46501863348324
dmd-2.111.0,bv_portable,bv_split,float,vienot,0,8191,0.9954317549429208,0.9985453731321722,1.0033094318947355,3.424108778,0.7668744654999999,4.46501863348324
dmd-2.111.0,bv_portable,bv_portable,float,vienot,0,8191,1.0,1.0,1.0,3.424108778,0.7668744654999999,4.46501863348324
dmd-2.111.0,bv_portable,default,float,vienot,1,8191,5.760120778495269,5.706860246366805,5.772324930059715,3.41151874,0.766840129,4.448800487852403
dmd-2.111.0,bv_portable,bv_direct,float,vienot,1,8191,1.0033549541633178,0.9992242048356216,1.0052661064356339,3.41151874,0.766840129,4.448800487852403
dmd-2.111.0,bv_portable,bv_split,float,vienot,1,8191,1.0014538135000834,0.9988917211522461,1.009058376299583,3.41151874,0.766840129,4.448800487852403
dmd-2.111.0,bv_portable,bv_portable,float,vienot,1,8191,1.0,1.0,1.0,3.41151874,0.766840129,4.448800487852403
dmd-2.111.0,bv_compiler,default,double,brettel,0,8191,4.663942272074845,4.619732785218901,4.6755362275974655,5.1813728485,4.110838115,1.2604176334732655
dmd-2.111.0,bv_compiler,bv_direct,double,brettel,0,8191,2.592298063415461,2.583981794138424,2.5968158030688384,5.1813728485,4.110838115,1.2604176334732655
dmd-2.111.0,bv_compiler,bv_split,double,brettel,0,8191,1.0000736323193014,0.9964028776248197,1.00302203872549,5.1813728485,4.110838115,1.2604176334732655
dmd-2.111.0,bv_compiler,bv_portable,double,brettel,0,8191,0.9997054708192943,0.9959624137253058,1.0047910370957125,5.1813728485,4.110838115,1.2604176334732655
dmd-2.111.0,bv_compiler,default,double,brettel,1,8191,4.647344416725949,4.641465029161635,4.69601707998903,5.18633256,4.143095318,1.2518014097980257
dmd-2.111.0,bv_compiler,bv_direct,double,brettel,1,8191,2.5899661615606075,2.5888798999614058,2.5916955016062424,5.18633256,4.143095318,1.2518014097980257
dmd-2.111.0,bv_compiler,bv_split,double,brettel,1,8191,0.9994115051503754,0.9981614943296416,1.0008090019313471,5.18633256,4.143095318,1.2518014097980257
dmd-2.111.0,bv_compiler,bv_portable,double,brettel,1,8191,0.9995586288627816,0.9982350344986285,1.000441728575353,5.18633256,4.143095318,1.2518014097980257
dmd-2.111.0,bv_compiler,default,double,brettel,2,8191,4.649189985269021,4.6314664701918895,4.654748767620646,5.180991332,4.2254303505,1.226145244918527
dmd-2.111.0,bv_compiler,bv_direct,double,brettel,2,8191,2.5918998526515966,2.5830396474860406,2.594399410517722,5.180991332,4.2254303505,1.226145244918527
dmd-2.111.0,bv_compiler,bv_split,double,brettel,2,8191,1.0011782032836645,0.9975036710998733,1.0033898305615105,5.180991332,4.2254303505,1.226145244918527
dmd-2.111.0,bv_compiler,bv_portable,double,brettel,2,8191,1.0004418262555008,0.9975036710998733,1.0003684598394436,5.180991332,4.2254303505,1.226145244918527
dmd-2.111.0,bv_compiler,default,double,lookup,0,8191,0.999426417576304,0.9986481725800949,1.000886277476422,46.5602490535,5.8967387984999995,7.895932081194423
dmd-2.111.0,bv_compiler,bv_direct,double,lookup,0,8191,0.9936086529056564,0.9932490557660764,0.9945017971718648,46.5602490535,5.8967387984999995,7.895932081194423
dmd-2.111.0,bv_compiler,bv_split,double,lookup,0,8191,0.9990576860113101,0.9980756475266818,1.0009191025637598,46.5602490535,5.8967387984999995,7.895932081194423
dmd-2.111.0,bv_compiler,bv_portable,double,lookup,0,8191,0.9994018354698232,0.9988699547093475,1.0000246188208808,46.5602490535,5.8967387984999995,7.895932081194423
dmd-2.111.0,bv_compiler,default,double,lookup,1,8191,1.000180327867471,0.999475392627149,1.0011068204676792,46.544988402,5.8955141310000005,7.894983773723058
dmd-2.111.0,bv_compiler,bv_direct,double,lookup,1,8191,0.9941639344250361,0.9933579577559162,0.9943604708304793,46.544988402,5.8955141310000005,7.894983773723058
dmd-2.111.0,bv_compiler,bv_split,double,lookup,1,8191,0.9999016393352501,0.9984684810179821,1.0010166350910652,46.544988402,5.8955141310000005,7.894983773723058
dmd-2.111.0,bv_compiler,bv_portable,double,lookup,1,8191,1.0000327868918308,0.998976257367085,1.00081986701031,46.544988402,5.8955141310000005,7.894983773723058
dmd-2.111.0,bv_compiler,default,double,lookup,2,8191,1.0018850913832291,0.9999508768437577,1.0032461144959393,46.548803565,5.911873550499999,7.873782002841233
dmd-2.111.0,bv_compiler,bv_direct,double,lookup,2,8191,0.9948446848657473,0.9933601873226227,0.9956964391139298,46.548803565,5.911873550499999,7.873782002841233
dmd-2.111.0,bv_compiler,bv_split,double,lookup,2,8191,1.0008605851908539,0.9987458194012495,1.003962600898235,46.548803565,5.911873550499999,7.873782002841233
dmd-2.111.0,bv_compiler,bv_portable,double,lookup,2,8191,1.0000491763015305,0.9993286502588259,1.0007796087110494,46.548803565,5.911873550499999,7.873782002841233
dmd-2.111.0,bv_compiler,default,double,lookupApply,0,8191,0.9999452272364665,0.9990760765290316,1.0012397515016345,55.723507508,10.231179801,5.446440057925046
dmd-2.111.0,bv_compiler,bv_direct,double,lookupApply,0,8191,1.0001163921258738,0.9996575272080054,1.0005959679781558,55.723507508,10.231179801,5.446440057925046
dmd-2.111.0,bv_compiler,bv_split,double,lookupApply,0,8191,1.0003560229584822,0.9996030551034213,1.0051850380510496,55.723507508,10.231179801,5.446440057925046
dmd-2.111.0,bv_compiler,bv_portable,double,lookupApply,0,8191,1.0001643182906008,0.9997878397850579,1.0008699762406723,55.723507508,10.231179801,5.446440057925046
dmd-2.111.0,bv_compiler,default,double,lookupApply,1,8191,1.0002258835063407,0.9999863107478001,1.0006159236828318,55.736860578999995,10.232675345,5.446948984483782
dmd-2.111.0,bv_compiler,bv_direct,double,lookupApply,1,8191,1.000143744048674,0.9994932166376235,1.0008622931505835,55.736860578999995,10.232675345,5.446948984483782
dmd-2.111.0,bv_compiler,bv_split,double,lookupApply,1,8191,0.999938395400022,0.9996920381585841,1.0002328464078,55.736860578999995,10.232675345,5.446948984483782
dmd-2.111.0,bv_compiler,bv_portable,double,lookupApply,1,8191,0.9998357210756962,0.9997467869232163,1.0002533916811882,55.736860578999995,10.232675345,5.446948984483782
dmd-2.111.0,bv_compiler,default,double,lookupApply,2,8191,1.0000136920637117,0.9995482515315333,1.0007601542111524,55.728085704,10.256027957499999,5.433690892315414
dmd-2.111.0,bv_compiler,bv_direct,double,lookupApply,2,8191,0.99945916341609,0.9993563010512435,1.0001575094359103,55.728085704,10.256027957499999,5.433690892315414
dmd-2.111.0,bv_compiler,bv_split,double,lookupApply,2,8191,0.9998220031448292,0.999712374078628,1.000280631622312,55.728085704,10.256027957499999,5.433690892315414
dmd-2.111.0,bv_compiler,bv_portable,double,lookupApply,2,8191,0.9999657698362343,0.999206017830253,1.001232682518883,55.728085704,10.256027957499999,5.433690892315414
dmd-2.111.0,bv_compiler,default,double,prepared,0,8191,0.999928072042736,0.9988346832847846,1.000373923163452,26.5207239655,1.195736937,22.179396776048577
dmd-2.111.0,bv_compiler,bv_direct,double,prepared,0,8191,1.0005178812809885,0.9995254051974952,1.0013091829777494,26.5207239655,1.195736937,22.179396776048577
dmd-2.111.0,bv_compiler,bv_split,double,prepared,0,8191,0.9999712288208651,0.9990794148566914,1.0001007063800031,26.5207239655,1.195736937,22.179396776048577
dmd-2.111.0,bv_compiler,bv_portable,double,prepared,0,8191,1.0003164830081908,0.9998849069862017,1.000445908421132,26.5207239655,1.195736937,22.179396776048577
dmd-2.111.0,bv_compiler,default,double,prepared,1,8191,1.0002301562082017,1.0002590263536097,1.000517844033525,26.5222500305,1.1967326945,22.162217304158393
dmd-2.111.0,bv_compiler,bv_direct,double,prepared,1,8191,1.0000287695236687,0.9995972324058013,1.0009493534255025,26.5222500305,1.1967326945,22.162217304158393
dmd-2.111.0,bv_compiler,bv_split,double,prepared,1,8191,0.9996979199732005,0.9985177936610447,1.00074799693103,26.5222500305,1.1967326945,22.162217304158393
dmd-2.111.0,bv_compiler,bv_portable,double,prepared,1,8191,1.000086308571006,0.9998849235418215,1.0004892719865945,26.5222500305,1.1967326945,22.162217304158393
dmd-2.111.0,bv_compiler,default,double,prepared,2,8191,1.0002876373669076,0.9994393571158197,1.0008343042982444,26.5275912585,1.1962329079999998,22.175941725973654
dmd-2.111.0,bv_compiler,bv_direct,double,prepared,2,8191,1.0008053845821057,1.0003882378295044,1.000632520156735,26.5275912585,1.1962329079999998,22.175941725973654
dmd-2.111.0,bv_compiler,bv_split,double,prepared,2,8191,1.0006471840331337,0.999755617213027,1.0013516428194136,26.5275912585,1.1962329079999998,22.175941725973654
dmd-2.111.0,bv_compiler,bv_portable,double,prepared,2,8191,1.0008053845821057,1.0002157683520192,1.0049451576215604,26.5275912585,1.1962329079999998,22.175941725973654
dmd-2.111.0,bv_compiler,default,double,vienot,0,8191,5.415198135287575,5.406849059856473,5.443454613512678,4.0917623,1.201780155,3.4047510960937775
dmd-2.111.0,bv_compiler,bv_direct,double,vienot,0,8191,0.9999067598574825,0.9985110738328925,1.0075956488706022,4.0917623,1.201780155,3.4047510960937775
dmd-2.111.0,bv_compiler,bv_split,double,vienot,0,8191,0.9996270396743232,0.9968289497361997,1.0061890472142432,4.0917623,1.201780155,3.4047510960937775
dmd-2.111.0,bv_compiler,bv_portable,double,vienot,0,8191,5.4130536132316385,5.40303368675144,5.444204801087315,4.0917623,1.201780155,3.4047510960937775
dmd-2.111.0,bv_compiler,default,double,vienot,1,8191,5.412346139253901,5.41659681498027,5.458513640966164,4.091380784,1.2005173365,3.4080147446500457
dmd-2.111.0,bv_compiler,bv_direct,double,vienot,1,8191,0.9996270048962521,0.9903138680625824,1.0083693812162022,4.091380784,1.2005173365,3.4080147446500457
dmd-2.111.0,bv_compiler,bv_split,double,vienot,1,8191,0.999347258385129,0.9983235541558266,1.0080903104030818,4.091380784,1.2005173365,3.4080147446500457
dmd-2.111.0,bv_compiler,bv_portable,double,vienot,1,8191,5.413278627013271,5.409332215996691,5.46086547540717,4.091380784,1.2005173365,3.4080147446500457
dmd-2.111.0,bv_compiler,default,float,brettel,0,8191,7.595562104369084,7.5474085632468135,7.607904316465562,4.4015535345,2.119704554,2.0764938803353625
dmd-2.111.0,bv_compiler,bv_direct,float,brettel,0,8191,1.8576753055279691,1.8573409604422326,1.8599791919273183,4.4015535345,2.119704554,2.0764938803353625
dmd-2.111.0,bv_compiler,bv_split,float,brettel,0,8191,1.001040131731698,1.0005202011921033,1.0166406656753555,4.4015535345,2.119704554,2.0764938803353625
dmd-2.111.0,bv_compiler,bv_portable,float,brettel,0,8191,0.9994799340773531,0.998873288237309,1.0014739032261255,4.4015535345,2.119704554,2.0764938803353625
dmd-2.111.0,bv_compiler,default,float,brettel,1,8191,7.659786662156016,7.629160887866935,7.6651045737735135,4.3992644365,2.0960123915,2.0988732959501686
dmd-2.111.0,bv_compiler,bv_direct,float,brettel,1,8191,1.8432919955253977,1.837402597473095,1.8486477115014681,4.3992644365,2.0960123915,2.0988732959501686
dmd-2.111.0,bv_compiler,bv_split,float,brettel,1,8191,1.0020813459004716,0.9991341991304659,1.0034713182480228,4.3992644365,2.0960123915,2.0988732959501686
dmd-2.111.0,bv_compiler,bv_portable,float,brettel,1,8191,1.0006070593251548,0.9987012988091672,1.0019092251274,4.3992644365,2.0960123915,2.0988732959501686
dmd-2.111.0,bv_compiler,default,float,brettel,2,8191,7.65389283934934,7.618238557677752,7.69971376517037,4.400408985,2.0835864060000002,2.1119397651704586
dmd-2.111.0,bv_compiler,bv_direct,float,brettel,2,8191,1.8426391539149172,1.8328443216045245,1.843880027822171,4.400408985,2.0835864060000002,2.1119397651704586
dmd-2.111.0,bv_compiler,bv_split,float,brettel,2,8191,0.9999132998770568,0.9944770451283483,1.0006939022452566,4.400408985,2.0835864060000002,2.1119397651704586
dmd-2.111.0,bv_compiler,bv_portable,float,brettel,2,8191,1.0006069014287315,0.9955125991314405,1.0021671289967744,4.400408985,2.0835864060000002,2.1119397651704586
dmd-2.111.0,bv_compiler,default,float,lookup,0,8191,1.0034941698344795,1.001267924135672,1.0037151378704643,29.152804908,4.53733137,6.425099365841556
dmd-2.111.0,bv_compiler,bv_direct,float,lookup,0,8191,0.9890463664471486,0.9872161876110969,0.9895740672674408,29.152804908,4.53733137,6.425099365841556
dmd-2.111.0,bv_compiler,bv_split,float,lookup,0,8191,1.0021593184326056,1.0004444270281068,1.0037151378533202,29.152804908,4.53733137,6.425099365841556
dmd-2.111.0,bv_compiler,bv_portable,float,lookup,0,8191,0.9998298718762859,0.9949152320847131,1.0016613468547695,29.152804908,4.53733137,6.425099365841556
dmd-2.111.0,bv_compiler,default,float,lookup,1,8191,1.0036929362722786,1.0030907042995736,1.004217309301644,29.133347577,4.536186821,6.422431157845824
dmd-2.111.0,bv_compiler,bv_direct,float,lookup,1,8191,0.9877425944767871,0.9873097776308267,0.9882779756930888,29.133347577,4.536186821,6.422431157845824
dmd-2.111.0,bv_compiler,bv_split,float,lookup,1,8191,1.0014666980815392,1.00125697224593,1.0027109143679473,29.133347577,4.536186821,6.422431157845824
dmd-2.111.0,bv_compiler,bv_portable,float,lookup,1,8191,0.9980225766590078,0.9963854474922403,0.9989653185271854,29.133347577,4.536186821,6.422431157845824
dmd-2.111.0,bv_compiler,default,float,lookup,2,8191,1.0025762747404228,1.0018825498102828,1.0053632629625726,29.173406788,4.530986754000001,6.438643141528813
dmd-2.111.0,bv_compiler,bv_direct,float,lookup,2,8191,0.9865301371774777,0.9851618469959692,0.9878737932690136,29.173406788,4.530986754000001,6.438643141528813
dmd-2.111.0,bv_compiler,bv_split,float,lookup,2,8191,1.0002092405780496,0.9986143247491484,1.0010327877400478,29.173406788,4.530986754000001,6.438643141528813
dmd-2.111.0,bv_compiler,bv_portable,float,lookup,2,8191,0.9981037571682317,0.9969802737336637,0.998626481432024,29.173406788,4.530986754000001,6.438643141528813
dmd-2.111.0,bv_compiler,default,float,lookupApply,0,8191,0.9997100293606674,0.9979822473972626,1.000752506838786,42.1026126235,10.1032116045,4.167250402312407
dmd-2.111.0,bv_compiler,bv_direct,float,lookupApply,0,8191,0.9987585631925647,0.9974031614505157,0.9993200239322667,42.1026126235,10.1032116045,4.167250402312407
dmd-2.111.0,bv_compiler,bv_split,float,lookupApply,0,8191,0.9983417304022355,0.9980908260107955,1.0009520182828033,42.1026126235,10.1032116045,4.167250402312407
dmd-2.111.0,bv_compiler,bv_portable,float,lookupApply,0,8191,0.9996556598605972,0.998425610074129,1.0011968229698363,42.1026126235,10.1032116045,4.167250402312407
dmd-2.111.0,bv_compiler,default,float,lookupApply,1,8191,0.9994473436301967,0.9957326389791227,1.00390943890074,42.110242949500005,10.0595623245,4.186090964110911
dmd-2.111.0,bv_compiler,bv_direct,float,lookupApply,1,8191,0.9993114445211163,0.9975860478914151,1.0006984380391681,42.110242949500005,10.0595623245,4.186090964110911
dmd-2.111.0,bv_compiler,bv_split,float,lookupApply,1,8191,1.0011415525091518,1.0002176949811208,1.0015098501825213,42.110242949500005,10.0595623245,4.186090964110911
dmd-2.111.0,bv_compiler,bv_portable,float,lookupApply,1,8191,1.0003533376788598,1.000462228673963,1.0011701104804318,42.110242949500005,10.0595623245,4.186090964110911
dmd-2.111.0,bv_compiler,default,float,lookupApply,2,8191,0.9976847874227673,0.9779789988857415,0.9992207039075366,42.1854016605,10.046789159,4.198893894643938
dmd-2.111.0,bv_compiler,bv_direct,float,lookupApply,2,8191,0.9968798893024825,0.9789013444924343,0.9984142230650377,42.1854016605,10.046789159,4.198893894643938
dmd-2.111.0,bv_compiler,bv_split,float,lookupApply,2,8191,0.9972778164606756,0.9772251587437477,1.0027456595041675,42.1854016605,10.046789159,4.198893894643938
dmd-2.111.0,bv_compiler,bv_portable,float,lookupApply,2,8191,0.999611116633853,0.9811273901039289,0.9999728152618405,42.1854016605,10.046789159,4.198893894643938
dmd-2.111.0,bv_compiler,default,float,prepared,0,8191,0.9990959292086801,0.9937525828446918,1.001076847764647,15.6139360275,0.766988921,20.357446633182853
dmd-2.111.0,bv_compiler,bv_direct,float,prepared,0,8191,1.0030298587695428,0.9982497508315283,1.0096671561520918,15.6139360275,0.766988921,20.357446633182853
dmd-2.111.0,bv_compiler,bv_split,float,prepared,0,8191,1.001417191985482,0.9981038967208813,1.0091776798896024,15.6139360275,0.766988921,20.357446633182853
dmd-2.111.0,bv_compiler,bv_portable,float,prepared,0,8191,1.001392757627654,0.9959890123076505,1.0089329417583577,15.6139360275,0.766988921,20.357446633182853
dmd-2.111.0,bv_compiler,default,float,prepared,1,8191,1.000146688520396,0.9993890667677621,1.0023234200521869,15.6051611525,0.7668744654999999,20.349042580685587
dmd-2.111.0,bv_compiler,bv_direct,float,prepared,1,8191,0.9991687651365316,0.9986315095072634,1.0002444868552451,15.6051611525,0.7668744654999999,20.349042580685587
dmd-2.111.0,bv_compiler,bv_split,float,prepared,1,8191,1.0002933770087512,0.9988758828129691,1.0084621404660503,15.6051611525,0.7668744654999999,20.349042580685587
dmd-2.111.0,bv_compiler,bv_portable,float,prepared,1,8191,0.9992910055274741,0.998509322886437,1.0011005674083238,15.6051611525,0.7668744654999999,20.349042580685587
dmd-2.111.0,bv_compiler,default,float,prepared,2,8191,1.0000733639898982,0.9810021828497357,1.0019830097894677,15.600964473000001,0.767061409,20.338612124078324
dmd-2.111.0,bv_compiler,bv_direct,float,prepared,2,8191,0.999144086859302,0.9803305428396301,1.0002203344067921,15.600964473000001,0.767061409,20.338612124078324
dmd-2.111.0,bv_compiler,bv_split,float,prepared,2,8191,0.9992174508812497,0.9802345942487941,1.0007099664504056,15.600964473000001,0.767061409,20.338612124078324
dmd-2.111.0,bv_compiler,bv_portable,float,prepared,2,8191,0.999266360165116,0.979898774228023,1.0005141136586277,15.600964473000001,0.767061409,20.338612124078324
dmd-2.111.0,bv_compiler,default,float,vienot,0,8191,5.67226514356196,5.65795644874742,5.675182072826236,3.4073220610000003,0.766908802,4.4429299182825135
dmd-2.111.0,bv_compiler,bv_direct,float,vienot,0,8191,1.004254842583253,0.9998883306289327,1.0109803920861484,3.4073220610000003,0.766908802,4.4429299182825135
dmd-2.111.0,bv_compiler,bv_split,float,vienot,0,8191,1.00033590866361,0.996649916233688,1.0165418577059506,3.4073220610000003,0.766908802,4.4429299182825135
dmd-2.111.0,bv_compiler,bv_portable,float,vienot,0,8191,1.0049266599104731,0.997878280193526,1.0131887784471694,3.4073220610000003,0.766908802,4.4429299182825135
dmd-2.111.0,bv_compiler,default,float,vienot,1,8191,5.763343403986575,5.713192055445189,5.767155491619059,3.4096111584999997,0.7668706505,4.446135937366924
dmd-2.111.0,bv_compiler,bv_direct,float,vienot,1,8191,1.0039163030267282,1.0003328524313897,1.0046995636027451,3.4096111584999997,0.7668706505,4.446135937366924
dmd-2.111.0,bv_compiler,bv_split,float,vienot,1,8191,1.002014098728789,0.9999999998545922,1.00962291606719,3.4096111584999997,0.7668706505,4.446135937366924
dmd-2.111.0,bv_compiler,bv_portable,float,vienot,1,8191,1.0005594718609612,0.9991044443091316,1.0011095083469785,3.4096111584999997,0.7668706505,4.446135937366924
dmd-2.111.0,bv_portable,default,double,brettel,0,65536,2.1599711170384195,2.155698948839623,2.163306515164237,13.6036396025,4.1902217865,3.2465201833296797
dmd-2.111.0,bv_portable,bv_direct,double,brettel,0,65536,1.5107312234457588,1.5101417070051262,1.5116449423245537,13.6036396025,4.1902217865,3.2465201833296797
dmd-2.111.0,bv_portable,bv_split,double,brettel,0,65536,1.0001296930491803,0.9996319083044314,1.0001086549102975,13.6036396025,4.1902217865,3.2465201833296797
dmd-2.111.0,bv_portable,bv_portable,double,brettel,0,65536,1.0,1.0,1.0,13.6036396025,4.1902217865,3.2465201833296797
dmd-2.111.0,bv_portable,default,double,brettel,1,65536,2.1499194452090795,2.148943175992823,2.1510295719808843,13.614654541,4.2209496495,3.2254956044341228
dmd-2.111.0,bv_portable,bv_direct,double,brettel,1,65536,1.5120201737037966,1.5106929029194098,1.5130101889168817,13.614654541,4.2209496495,3.2254956044341228
dmd-2.111.0,bv_portable,bv_split,double,brettel,1,65536,0.9996917904169097,0.9993697699915678,1.0002136550313148,13.614654541,4.2209496495,3.2254956044341228
dmd-2.111.0,bv_portable,bv_portable,double,brettel,1,65536,1.0,1.0,1.0,13.614654541,4.2209496495,3.2254956044341228
dmd-2.111.0,bv_portable,default,double,brettel,2,65536,2.143549690318001,2.139936562554619,2.1443700037071127,13.6328220365,4.228353500500001,3.2241443471762534
dmd-2.111.0,bv_portable,bv_direct,double,brettel,2,65536,1.5103829647574818,1.5097446765440734,1.5109101404630374,13.6328220365,4.228353500500001,3.2241443471762534
dmd-2.111.0,bv_portable,bv_split,double,brettel,2,65536,1.000202867424851,0.999965028985098,1.0002308200945167,13.6328220365,4.228353500500001,3.2241443471762534
dmd-2.111.0,bv_portable,bv_portable,double,brettel,2,65536,1.0,1.0,1.0,13.6328220365,4.228353500500001,3.2241443471762534
dmd-2.111.0,bv_portable,default,double,lookup,0,65536,0.9999385237179843,0.9989946095907831,1.0003801611319942,46.538639068500004,5.9078235625,7.877459199002612
dmd-2.111.0,bv_portable,bv_direct,double,lookup,0,65536,0.9948943939755034,0.9941888024791397,0.9951594343390412,46.538639068500004,5.9078235625,7.877459199002612
dmd-2.111.0,bv_portable,bv_split,double,lookup,0,65536,1.0003903744579479,0.9991850399501016,1.0013351750544768,46.538639068500004,5.9078235625,7.877459199002612
dmd-2.111.0,bv_portable,bv_portable,double,lookup,0,65536,1.0,1.0,1.0,46.538639068500004,5.9078235625,7.877459199002612
dmd-2.111.0,bv_portable,default,double,lookup,1,65536,0.9998063965021097,0.999483801195588,1.000121870149576,46.5498924255,5.906393051,7.881272381224058
dmd-2.111.0,bv_portable,bv_direct,double,lookup,1,65536,0.9942687216640301,0.9938522134597336,0.9946982001170618,46.5498924255,5.906393051,7.881272381224058
dmd-2.111.0,bv_portable,bv_split,double,lookup,1,65536,0.9998330297859992,0.9990761680058776,1.0008197603192173,46.5498924255,5.906393051,7.881272381224058
dmd-2.111.0,bv_portable,bv_portable,double,lookup,1,65536,1.0,1.0,1.0,46.5498924255,5.906393051,7.881272381224058
dmd-2.111.0,bv_portable,default,double,lookup,2,65536,0.9998812216565045,0.999196419612589,0.9998352784405028,46.5683460235,5.9261784555000006,7.858073524647336
dmd-2.111.0,bv_portable,bv_direct,double,lookup,2,65536,0.9941767892859422,0.9932648323520142,0.9942682433378516,46.5683460235,5.9261784555000006,7.858073524647336
dmd-2.111.0,bv_portable,bv_split,double,lookup,2,65536,0.9992985933946739,0.9988975081721904,0.9995995144877641,46.5683460235,5.9261784555000006,7.858073524647336
dmd-2.111.0,bv_portable,bv_portable,double,lookup,2,65536,1.0,1.0,1.0,46.5683460235,5.9261784555000006,7.858073524647336
dmd-2.111.0,bv_portable,default,double,lookupApply,0,65536,0.999756394432615,0.9987838394180187,1.0001342286400767,55.786323546999995,10.3166942595,5.407383619576576
dmd-2.111.0,bv_portable,bv_direct,double,lookupApply,0,65536,0.9997709252969641,0.99910325237752,1.0003607929133396,55.786323546999995,10.3166942595,5.407383619576576
dmd-2.111.0,bv_portable,bv_split,double,lookupApply,0,65536,1.0002718125346122,0.9991647436424985,1.0010473254322387,55.786323546999995,10.3166942595,5.407383619576576
dmd-2.111.0,bv_portable,bv_portable,double,lookupApply,0,65536,1.0,1.0,1.0,55.786323546999995,10.3166942595,5.407383619576576
dmd-2.111.0,bv_portable,default,double,lookupApply,1,65536,0.9999717939971436,0.9991334592381305,1.0005859032561861,55.788230896,10.315177440500001,5.408363667789297
dmd-2.111.0,bv_portable,bv_direct,double,lookupApply,1,65536,1.0000290607171793,0.9991326046653128,1.0009092192105637,55.788230896,10.315177440500001,5.408363667789297
dmd-2.111.0,bv_portable,bv_split,double,lookupApply,1,65536,1.000068378176521,0.9996350957491398,1.000885565452448,55.788230896,10.315177440500001,5.408363667789297
dmd-2.111.0,bv_portable,bv_portable,double,lookupApply,1,65536,1.0,1.0,1.0,55.788230896,10.315177440500001,5.408363667789297
dmd-2.111.0,bv_portable,default,double,lookupApply,2,65536,1.0001700931760882,0.9998512537014366,1.0003751428194718,55.787420273,10.299773692999999,5.416373401574311
dmd-2.111.0,bv_portable,bv_direct,double,lookupApply,2,65536,0.9994948489038911,0.9991249516117047,1.0004934453856917,55.787420273,10.299773692999999,5.416373401574311
dmd-2.111.0,bv_portable,bv_split,double,lookupApply,2,65536,0.999940168222806,0.9994033050769406,1.0009075208834746,55.787420273,10.299773692999999,5.416373401574311
dmd-2.111.0,bv_portable,bv_portable,double,lookupApply,2,65536,1.0,1.0,1.0,55.787420273,10.299773692999999,5.416373401574311
dmd-2.111.0,bv_portable,default,double,prepared,0,65536,0.9995097687271687,0.9991917246834928,1.001204877696601,26.554107666,1.2285890579999998,21.61349842169928
dmd-2.111.0,bv_portable,bv_direct,double,prepared,0,65536,0.9995349087736127,0.999297952026612,1.000387859300503,26.554107666,1.2285890579999998,21.61349842169928
dmd-2.111.0,bv_portable,bv_split,double,prepared,0,65536,0.9993786812305079,0.9989280000417127,0.9994126532831887,26.554107666,1.2285890579999998,21.61349842169928
dmd-2.111.0,bv_portable,bv_portable,double,prepared,0,65536,1.0,1.0,1.0,26.554107666,1.2285890579999998,21.61349842169928
dmd-2.111.0,bv_portable,default,double,prepared,1,65536,1.0002245923397097,0.999666134161995,0.9999802287496543,26.5390396115,1.2258157729999999,21.650104523088075
dmd-2.111.0,bv_portable,bv_direct,double,prepared,1,65536,0.9996352620840203,0.9988206996933473,1.0002928683974166,26.5390396115,1.2258157729999999,21.650104523088075
dmd-2.111.0,bv_portable,bv_split,double,prepared,1,65536,1.0002623238482593,0.9996804939746867,1.0005338241362758,26.5390396115,1.2258157729999999,21.650104523088075
dmd-2.111.0,bv_portable,bv_portable,double,prepared,1,65536,1.0,1.0,1.0,26.5390396115,1.2258157729999999,21.650104523088075
dmd-2.111.0,bv_portable,default,double,prepared,2,65536,0.999800573484318,0.9989013790237443,1.000409777168644,26.5405654905,1.2260212895,21.647719919548756
dmd-2.111.0,bv_portable,bv_direct,double,prepared,2,65536,0.9995472479286736,0.9989552329754526,0.9999424928934412,26.5405654905,1.2260212895,21.647719919548756
dmd-2.111.0,bv_portable,bv_split,double,prepared,2,65536,1.0000664755052273,0.9998653650642594,1.0000161738748974,26.5405654905,1.2260212895,21.647719919548756
dmd-2.111.0,bv_portable,bv_portable,double,prepared,2,65536,1.0,1.0,1.0,26.5405654905,1.2260212895,21.647719919548756
dmd-2.111.0,bv_portable,default,double,vienot,0,65536,0.9994862491062041,0.9988725147140203,0.9996580836031679,22.182750702,1.2287373540000002,18.053289118123445
dmd-2.111.0,bv_portable,bv_direct,double,vienot,0,65536,0.18369496523407305,0.18322524376960106,0.18411013576592208,22.182750702,1.2287373540000002,18.053289118123445
dmd-2.111.0,bv_portable,bv_split,double,vienot,0,65536,0.18353804551537983,0.1833785043344198,0.18352307183571467,22.182750702,1.2287373540000002,18.053289118123445
dmd-2.111.0,bv_portable,bv_portable,double,vienot,0,65536,1.0,1.0,1.0,22.182750702,1.2287373540000002,18.053289118123445
dmd-2.111.0,bv_portable,default,double,vienot,1,65536,1.0001375861653772,0.9996882263652176,1.0010486009198467,22.1807003025,1.230934143,18.019404554366968
dmd-2.111.0,bv_portable,bv_direct,double,vienot,1,65536,0.18394627258635898,0.1838059916239098,0.1842833461265919,22.1807003025,1.230934143,18.019404554366968
dmd-2.111.0,bv_portable,bv_split,double,vienot,1,65536,0.18371839547107102,0.18345144420437237,0.1840324588628159,22.1807003025,1.230934143,18.019404554366968
dmd-2.111.0,bv_portable,bv_portable,double,vienot,1,65536,1.0,1.0,1.0,22.1807003025,1.230934143,18.019404554366968
dmd-2.111.0,bv_portable,default,float,brettel,0,65536,3.304473577001332,3.3029175321667896,3.3056808836749587,12.876033783,2.211340904,5.822726726444165
dmd-2.111.0,bv_portable,bv_direct,float,brettel,0,65536,1.237318075775353,1.235820586019226,1.2380213636722446,12.876033783,2.211340904,5.822726726444165
dmd-2.111.0,bv_portable,bv_split,float,brettel,0,65536,1.0005591971193417,1.0003369309941665,1.0008260544133374,12.876033783,2.211340904,5.822726726444165
dmd-2.111.0,bv_portable,bv_portable,float,brettel,0,65536,1.0,1.0,1.0,12.876033783,2.211340904,5.822726726444165
dmd-2.111.0,bv_portable,default,float,brettel,1,65536,3.3131250068964144,3.3062615693001076,3.314551960139465,12.9078388215,2.1756744385,5.932798856799181
dmd-2.111.0,bv_portable,bv_direct,float,brettel,1,65536,1.2374352135459845,1.2363399794339167,1.2377342038247199,12.9078388215,2.1756744385,5.932798856799181
dmd-2.111.0,bv_portable,bv_split,float,brettel,1,65536,0.9992390015372954,0.9980373856154553,0.9998891081674849,12.9078388215,2.1756744385,5.932798856799181
dmd-2.111.0,bv_portable,bv_portable,float,brettel,1,65536,1.0,1.0,1.0,12.9078388215,2.1756744385,5.932798856799181
dmd-2.111.0,bv_portable,default,float,brettel,2,65536,3.3157338301835457,3.3121529394541973,3.318516273806981,12.899351119999999,2.167283535,5.951852128106532
dmd-2.111.0,bv_portable,bv_direct,float,brettel,2,65536,1.2398944251313628,1.2367251323997828,1.2403821269732733,12.899351119999999,2.167283535,5.951852128106532
dmd-2.111.0,bv_portable,bv_split,float,brettel,2,65536,0.9993235225618079,0.9986107159730918,0.9993902191231459,12.899351119999999,2.167283535,5.951852128106532
dmd-2.111.0,bv_portable,bv_portable,float,brettel,2,65536,1.0,1.0,1.0,12.899351119999999,2.167283535,5.951852128106532
dmd-2.111.0,bv_portable,default,float,lookup,0,65536,1.0042440144753455,1.0025063638143998,1.007087898133571,29.1674137115,4.544019699,6.418857232929439
dmd-2.111.0,bv_portable,bv_direct,float,lookup,0,65536,0.9889224028672584,0.9861595196335682,0.9913027802539103,29.1674137115,4.544019699,6.418857232929439
dmd-2.111.0,bv_portable,bv_split,float,lookup,0,65536,1.0017459967141318,0.9999575745746596,1.0050770655244023,29.1674137115,4.544019699,6.418857232929439
dmd-2.111.0,bv_portable,bv_portable,float,lookup,0,65536,1.0,1.0,1.0,29.1674137115,4.544019699,6.418857232929439
dmd-2.111.0,bv_portable,default,float,lookup,1,65536,1.0040883141246788,1.0029496405134732,1.0062302030727328,29.1585445405,4.5410022735,6.421169333180251
dmd-2.111.0,bv_portable,bv_direct,float,lookup,1,65536,0.988420259058849,0.9868409447949219,0.9908121201317414,29.1585445405,4.5410022735,6.421169333180251
dmd-2.111.0,bv_portable,bv_split,float,lookup,1,65536,1.001792316911683,1.0003723798766968,1.0036048046585515,29.1585445405,4.5410022735,6.421169333180251
dmd-2.111.0,bv_portable,bv_portable,float,lookup,1,65536,1.0,1.0,1.0,29.1585445405,4.5410022735,6.421169333180251
dmd-2.111.0,bv_portable,default,float,lookup,2,65536,1.0033311604802237,1.0022891521033832,1.0037280149863304,29.18715477,4.533419132500001,6.4382211123515605
dmd-2.111.0,bv_portable,bv_direct,float,lookup,2,65536,0.9880117432049372,0.9877214019464219,0.9880615730445905,29.18715477,4.533419132500001,6.4382211123515605
dmd-2.111.0,bv_portable,bv_split,float,lookup,2,65536,1.0007384426358048,0.9998726480825428,1.0013690081437787,29.18715477,4.533419132500001,6.4382211123515605
dmd-2.111.0,bv_portable,bv_portable,float,lookup,2,65536,1.0,1.0,1.0,29.18715477,4.533419132500001,6.4382211123515605
dmd-2.111.0,bv_portable,default,float,lookupApply,0,65536,0.9993307277112897,0.9986471111759133,1.0002295868499367,42.2495365145,10.079298496,4.191713989943532
dmd-2.111.0,bv_portable,bv_direct,float,lookupApply,0,65536,0.9966683106819009,0.995219267118104,0.9986643248026832,42.2495365145,10.079298496,4.191713989943532
dmd-2.111.0,bv_portable,bv_split,float,lookupApply,0,65536,0.9979165655587774,0.9955673459332103,1.000111966001701,42.2495365145,10.079298496,4.191713989943532
dmd-2.111.0,bv_portable,bv_portable,float,lookupApply,0,65536,1.0,1.0,1.0,42.2495365145,10.079298496,4.191713989943532
dmd-2.111.0,bv_portable,default,float,lookupApply,1,65536,0.9983727506764962,0.9979148492104787,0.9986644539350698,42.255306243999996,10.082122803,4.191112037578699
dmd-2.111.0,bv_portable,bv_direct,float,lookupApply,1,65536,0.9967725845669533,0.9955208706728316,0.9971979498334382,42.255306243999996,10.082122803,4.191112037578699
dmd-2.111.0,bv_portable,bv_split,float,lookupApply,1,65536,0.9971449786612983,0.9955163622354467,0.9976879134892076,42.255306243999996,10.082122803,4.191112037578699
dmd-2.111.0,bv_portable,bv_portable,float,lookupApply,1,65536,1.0,1.0,1.0,42.255306243999996,10.082122803,4.191112037578699
dmd-2.111.0,bv_portable,default,float,lookupApply,2,65536,1.000076831813246,0.9975007728878412,1.0006917474062582,42.202472687,10.086194515,4.1841819156112114
dmd-2.111.0,bv_portable,bv_direct,float,lookupApply,2,65536,0.9985356759434849,0.9971848435127401,0.9987544025269589,42.202472687,10.086194515,4.1841819156112114
dmd-2.111.0,bv_portable,bv_split,float,lookupApply,2,65536,0.9984803118415441,0.9972356178732151,0.999020024495949,42.202472687,10.086194515,4.1841819156112114
dmd-2.111.0,bv_portable,bv_portable,float,lookupApply,2,65536,1.0,1.0,1.0,42.202472687,10.086194515,4.1841819156112114
dmd-2.111.0,bv_portable,default,float,prepared,0,65536,1.0003691376444244,1.000103768642949,1.0012168863496573,15.6302928925,0.78836298,19.826264409954916
dmd-2.111.0,bv_portable,bv_direct,float,prepared,0,65536,0.9997132319252858,0.9993686830290602,0.9998321390004091,15.6302928925,0.78836298,19.826264409954916
dmd-2.111.0,bv_portable,bv_split,float,prepared,0,65536,1.0001433840693463,0.9997041654679617,1.0007752127053178,15.6302928925,0.78836298,19.826264409954916
dmd-2.111.0,bv_portable,bv_portable,float,prepared,0,65536,1.0,1.0,1.0,15.6302928925,0.78836298,19.826264409954916
dmd-2.111.0,bv_portable,default,float,prepared,1,65536,0.9991403225226081,0.9974710278911044,0.9998291505787561,15.641689300500001,0.7874889375,19.862741628037156
dmd-2.111.0,bv_portable,bv_direct,float,prepared,1,65536,0.9988080358750379,0.9970084481445057,0.9999938993791131,15.641689300500001,0.7874889375,19.862741628037156
dmd-2.111.0,bv_portable,bv_split,float,prepared,1,65536,0.9994177361968372,0.997735793937414,1.0002166127093484,15.641689300500001,0.7874889375,19.862741628037156
dmd-2.111.0,bv_portable,bv_portable,float,prepared,1,65536,1.0,1.0,1.0,15.641689300500001,0.7874889375,19.862741628037156
dmd-2.111.0,bv_portable,default,float,prepared,2,65536,0.9999511764909242,0.9988693608718838,1.0001373542703185,15.626478195499999,0.7865977285000001,19.86590811201408
dmd-2.111.0,bv_portable,bv_direct,float,prepared,2,65536,0.9999450735482903,0.9984366095273804,1.0013491239919854,15.626478195499999,0.7865977285000001,19.86590811201408
dmd-2.111.0,bv_portable,bv_split,float,prepared,2,65536,1.0001159558140567,0.9985280358713692,1.000839387104372,15.626478195499999,0.7865977285000001,19.86590811201408
dmd-2.111.0,bv_portable,bv_portable,float,prepared,2,65536,1.0,1.0,1.0,15.626478195499999,0.7865977285000001,19.86590811201408
dmd-2.111.0,bv_portable,default,float,vienot,0,65536,5.614183788354712,5.61309721304449,5.616801605598147,3.448581696,0.7858233455,4.388494838882336
dmd-2.111.0,bv_portable,bv_direct,float,vienot,0,65536,1.0007743148445916,1.0003594337213264,1.002377266661074,3.448581696,0.7858233455,4.388494838882336
dmd-2.111.0,bv_portable,bv_split,float,vienot,0,65536,1.0005392548774927,1.0001382438504787,1.0024081379750152,3.448581696,0.7858233455,4.388494838882336
dmd-2.111.0,bv_portable,bv_portable,float,vienot,0,65536,1.0,1.0,1.0,3.448581696,0.7858233455,4.388494838882336
dmd-2.111.0,bv_portable,default,float,vienot,1,65536,5.7021050154285735,5.692147420598684,5.7110520411959005,3.4499645235000003,0.785417557,4.392522795998562
dmd-2.111.0,bv_portable,bv_direct,float,vienot,1,65536,1.0003870022404302,0.9989643457901461,1.0021874264222734,3.4499645235000003,0.785417557,4.392522795998562
dmd-2.111.0,bv_portable,bv_split,float,vienot,1,65536,1.0032756975971842,1.0017122814010784,1.0112593655256523,3.4499645235000003,0.785417557,4.392522795998562
dmd-2.111.0,bv_portable,bv_portable,float,vienot,1,65536,1.0,1.0,1.0,3.4499645235000003,0.785417557,4.392522795998562
dmd-2.111.0,bv_compiler,default,double,brettel,0,65536,2.159600193497459,2.1559407589197277,2.1627985223853714,13.6059761045,4.1820964815,3.253386468888905
dmd-2.111.0,bv_compiler,bv_direct,double,brettel,0,65536,1.5104717913772374,1.5103111033335592,1.51144364043241,13.6059761045,4.1820964815,3.253386468888905
dmd-2.111.0,bv_compiler,bv_split,double,brettel,0,65536,0.9999579446196578,0.9993971723632308,1.0002208395704457,13.6059761045,4.1820964815,3.253386468888905
dmd-2.111.0,bv_compiler,bv_portable,double,brettel,0,65536,0.9998282738421664,0.9997651776226324,1.0001121724720583,13.6059761045,4.1820964815,3.253386468888905
dmd-2.111.0,bv_compiler,default,double,brettel,1,65536,2.1507706537632565,2.1500653631036055,2.152167818456736,13.6092662815,4.2194075585,3.22539742672739
dmd-2.111.0,bv_compiler,bv_direct,double,brettel,1,65536,1.5126188214851413,1.511327892416655,1.5138108187817128,13.6092662815,4.2194075585,3.22539742672739
dmd-2.111.0,bv_compiler,bv_split,double,brettel,1,65536,1.0000875941785061,0.9997898350534892,1.0007429316543646,13.6092662815,4.2194075585,3.22539742672739
dmd-2.111.0,bv_compiler,bv_portable,double,brettel,1,65536,1.000395925789719,1.0004203299664798,1.0005291635645919,13.6092662815,4.2194075585,3.22539742672739
dmd-2.111.0,bv_compiler,default,double,brettel,2,65536,2.143527197925734,2.139816832001428,2.1442553906012822,13.632965088,4.224462986,3.2271474819829327
dmd-2.111.0,bv_compiler,bv_direct,double,brettel,2,65536,1.510367116220697,1.5096602055515853,1.5110855360232207,13.632965088,4.224462986,3.2271474819829327
dmd-2.111.0,bv_compiler,bv_split,double,brettel,2,65536,1.0001923722376658,0.9999090804265345,1.0004722459584152,13.632965088,4.224462986,3.2271474819829327
dmd-2.111.0,bv_compiler,bv_portable,double,brettel,2,65536,0.9999895069415144,0.9997376797030908,1.0002413701508175,13.632965088,4.224462986,3.2271474819829327
dmd-2.111.0,bv_compiler,default,double,lookup,0,65536,0.9998145695106503,0.9991239641900648,0.9998114632444755,46.5444087985,5.9079785345,7.878229165306052
dmd-2.111.0,bv_compiler,bv_direct,double,lookup,0,65536,0.9947710650477132,0.9935494699334237,0.9952124623499676,46.5444087985,5.9079785345,7.878229165306052
dmd-2.111.0,bv_compiler,bv_split,double,lookup,0,65536,1.00026636423837,1.0000020493140782,1.0004580542231607,46.5444087985,5.9079785345,7.878229165306052
dmd-2.111.0,bv_compiler,bv_portable,double,lookup,0,65536,0.9998760381719537,0.9987442804338422,1.0008176757370362,46.5444087985,5.9079785345,7.878229165306052
dmd-2.111.0,bv_compiler,default,double,lookup,1,65536,1.0001065651304004,0.999739777034683,1.0009244966991135,46.535921097,5.897861004,7.890304818211005
dmd-2.111.0,bv_compiler,bv_direct,double,lookup,1,65536,0.9945672277341837,0.9945035580961755,0.9948289166658628,46.535921097,5.897861004,7.890304818211005
dmd-2.111.0,bv_compiler,bv_split,double,lookup,1,65536,1.0001332064103141,0.9996464479280524,1.0007984289679046,46.535921097,5.897861004,7.890304818211005
dmd-2.111.0,bv_compiler,bv_portable,double,lookup,1,65536,1.0003002267532404,0.9998043205256998,1.0008025287452393,46.535921097,5.897861004,7.890304818211005
dmd-2.111.0,bv_compiler,default,double,lookup,2,65536,1.000145439495558,0.999498250538136,1.0008531226075992,46.556043625,5.899121761,7.892029612405893
dmd-2.111.0,bv_compiler,bv_direct,double,lookup,2,65536,0.9944394997331564,0.994275987727096,0.9949428741647602,46.556043625,5.899121761,7.892029612405893
dmd-2.111.0,bv_compiler,bv_split,double,lookup,2,65536,0.9995626572746601,0.9991992488044628,1.0003543582550032,46.556043625,5.899121761,7.892029612405893
dmd-2.111.0,bv_compiler,bv_portable,double,lookup,2,65536,1.0002642492261389,1.0003020736660206,1.001018011855597,46.556043625,5.899121761,7.892029612405893
dmd-2.111.0,bv_compiler,default,double,lookupApply,0,65536,0.9997615217425486,0.9995010197399115,1.0001907203909197,55.786037445000005,10.303911208999999,5.414064262925076
dmd-2.111.0,bv_compiler,bv_direct,double,lookupApply,0,65536,0.9997760526814202,0.9993350336398426,1.000510583273615,55.786037445000005,10.303911208999999,5.414064262925076
dmd-2.111.0,bv_compiler,bv_split,double,lookupApply,0,65536,1.0002769424878981,1.0000641034373874,1.0005721611548235,55.786037445000005,10.303911208999999,5.414064262925076
dmd-2.111.0,bv_compiler,bv_portable,double,lookupApply,0,65536,1.0000051285592793,0.9993668760831972,1.00140859404946,55.786037445000005,10.303911208999999,5.414064262925076
dmd-2.111.0,bv_compiler,default,double,lookupApply,1,65536,0.9999931620317517,0.9996289297988864,0.9998222961965323,55.787038803,10.3047676085,5.4137114899110825
dmd-2.111.0,bv_compiler,bv_direct,double,lookupApply,1,65536,1.000050429975499,0.9996215250684168,1.0001239260138828,55.787038803,10.3047676085,5.4137114899110825
dmd-2.111.0,bv_compiler,bv_split,double,lookupApply,1,65536,1.0000897482750013,0.9993795152902376,1.000361388041358,55.787038803,10.3047676085,5.4137114899110825
dmd-2.111.0,bv_compiler,bv_portable,double,lookupApply,1,65536,1.0000213686373318,0.9992154201583834,1.0004959002785612,55.787038803,10.3047676085,5.4137114899110825
dmd-2.111.0,bv_compiler,default,double,lookupApply,2,65536,0.9997684585918821,0.9988351507749247,1.0002853905648823,55.8098316195,10.305136204,5.415729643421606
dmd-2.111.0,bv_compiler,bv_direct,double,lookupApply,2,65536,0.9990934854750159,0.9986020101298857,0.9995634034668636,55.8098316195,10.305136204,5.415729643421606
dmd-2.111.0,bv_compiler,bv_split,double,lookupApply,2,65536,0.9995386259687082,0.9983876573800508,1.000817720864672,55.8098316195,10.305136204,5.415729643421606
dmd-2.111.0,bv_compiler,bv_portable,double,lookupApply,2,65536,0.999598433719478,0.9989837459094537,0.9999102814026982,55.8098316195,10.305136204,5.415729643421606
dmd-2.111.0,bv_compiler,default,double,prepared,0,65536,0.9999209558779265,0.9992765681677247,1.0012893818354385,26.543188094999998,1.2219347955,21.722262262070103
dmd-2.111.0,bv_compiler,bv_direct,double,prepared,0,65536,0.9999461062667048,0.9990737200321239,1.000472294480991,26.543188094999998,1.2219347955,21.722262262070103
dmd-2.111.0,bv_compiler,bv_split,double,prepared,0,65536,0.9997898144533343,0.999012312006511,0.9999532743913713,26.543188094999998,1.2219347955,21.722262262070103
dmd-2.111.0,bv_compiler,bv_portable,double,prepared,0,65536,1.0004113888264259,0.9997756104732994,1.0005409388268265,26.543188094999998,1.2219347955,21.722262262070103
dmd-2.111.0,bv_compiler,default,double,prepared,1,65536,1.0004834477720441,0.9996478531544545,1.000875211404529,26.5321731565,1.219889164,21.74965885384322
dmd-2.111.0,bv_compiler,bv_direct,double,prepared,1,65536,0.9998939649992707,1.0000179759063135,1.0002533301070562,26.5321731565,1.219889164,21.74965885384322
dmd-2.111.0,bv_compiler,bv_split,double,prepared,1,65536,1.0005211890454067,1.0001167833702593,1.0008895885851419,26.5321731565,1.219889164,21.74965885384322
dmd-2.111.0,bv_compiler,bv_portable,double,prepared,1,65536,1.0002587973084414,0.999960473285765,1.0012094810469372,26.5321731565,1.219889164,21.74965885384322
dmd-2.111.0,bv_compiler,default,double,prepared,2,65536,0.9998041660348963,0.9992834682335029,1.0002174276479716,26.5404701235,1.2256226534999999,21.65468306881291
dmd-2.111.0,bv_compiler,bv_direct,double,prepared,2,65536,0.9995508395689855,0.9993373427848562,0.9998203122644431,26.5404701235,1.2256226534999999,21.65468306881291
dmd-2.111.0,bv_compiler,bv_split,double,prepared,2,65536,1.0000700690112627,0.9998167138962974,1.0002478230077811,26.5404701235,1.2256226534999999,21.65468306881291
dmd-2.111.0,bv_compiler,bv_portable,double,prepared,2,65536,1.0000035932671711,0.9998077292674841,1.000382509442656,26.5404701235,1.2256226534999999,21.65468306881291
dmd-2.111.0,bv_compiler,default,double,vienot,0,65536,5.437574552453758,5.434070941239973,5.438822070451547,4.0774345400000005,1.2239170074999999,3.331463256915319
dmd-2.111.0,bv_compiler,bv_direct,double,vienot,0,65536,0.9993684948281227,0.9970308719962013,1.0016847622421952,4.0774345400000005,1.2239170074999999,3.331463256915319
dmd-2.111.0,bv_compiler,bv_split,double,vienot,0,65536,0.9985147935691936,0.9976165996889175,0.998490733891152,4.0774345400000005,1.2239170074999999,3.331463256915319
dmd-2.111.0,bv_compiler,bv_portable,double,vienot,0,65536,5.440369547171197,5.440204691982902,5.441558441859303,4.0774345400000005,1.2239170074999999,3.331463256915319
dmd-2.111.0,bv_compiler,default,double,vienot,1,65536,5.440297023761426,5.431812606029822,5.4552161029658786,4.0776729585,1.2215204235,3.33819466302194
dmd-2.111.0,bv_compiler,bv_direct,double,vienot,1,65536,1.000584692672577,0.9990536830376553,1.0022451413890847,4.0776729585,1.2215204235,3.33819466302194
dmd-2.111.0,bv_compiler,bv_split,double,vienot,1,65536,0.9993451440252378,0.9987721883507409,0.9999415853923559,4.0776729585,1.2215204235,3.33819466302194
dmd-2.111.0,bv_compiler,bv_portable,double,vienot,1,65536,5.439548617125814,5.433506630141515,5.449501750417684,4.0776729585,1.2215204235,3.33819466302194
dmd-2.111.0,bv_compiler,default,float,brettel,0,65536,3.303776190703653,3.300509890769924,3.3063667553006817,12.878751754500001,2.2076907155,5.833585141287877
dmd-2.111.0,bv_compiler,bv_direct,float,brettel,0,65536,1.237056948351632,1.2349197422127969,1.237870116014505,12.878751754500001,2.2076907155,5.833585141287877
dmd-2.111.0,bv_compiler,bv_split,float,brettel,0,65536,1.0003480360197512,0.9997335839647794,1.001033708514614,12.878751754500001,2.2076907155,5.833585141287877
dmd-2.111.0,bv_compiler,bv_portable,float,brettel,0,65536,0.9997889569150946,0.9992710561576491,1.0002074827092688,12.878751754500001,2.2076907155,5.833585141287877
dmd-2.111.0,bv_compiler,default,float,brettel,1,65536,3.3157707935805227,3.3067014022650345,3.3204882559622977,12.8975391385,2.1753444675,5.928964047391727
dmd-2.111.0,bv_compiler,bv_direct,float,brettel,1,65536,1.238423401315426,1.2365822368696353,1.2397188829390258,12.8975391385,2.1753444675,5.928964047391727
dmd-2.111.0,bv_compiler,bv_split,float,brettel,1,65536,1.0000369712000776,0.9995085268510523,1.0006842981377337,12.8975391385,2.1753444675,5.928964047391727
dmd-2.111.0,bv_compiler,bv_portable,float,brettel,1,65536,1.00079857737894,1.0001330302989366,1.0026521176064422,12.8975391385,2.1753444675,5.928964047391727
dmd-2.111.0,bv_compiler,default,float,brettel,2,65536,3.317855636919983,3.3140397731854825,3.3212288437770625,12.891101837,2.169259071,5.942628987628192
dmd-2.111.0,bv_compiler,bv_direct,float,brettel,2,65536,1.2406878592483497,1.238583169606265,1.2410887352971156,12.891101837,2.169259071,5.942628987628192
dmd-2.111.0,bv_compiler,bv_split,float,brettel,2,65536,0.9999630103767676,0.9997928473203461,1.0002071251356863,12.891101837,2.169259071,5.942628987628192
dmd-2.111.0,bv_compiler,bv_portable,float,brettel,2,65536,1.0006399207068801,1.0005696698690478,1.0015023849340532,12.891101837,2.169259071,5.942628987628192
dmd-2.111.0,bv_compiler,default,float,lookup,0,65536,1.0028962934176058,1.0029776829147468,1.0030212072103253,29.206609726,4.5345025065,6.440973333708311
dmd-2.111.0,bv_compiler,bv_direct,float,lookup,0,65536,0.9875952438027247,0.9866570018633168,0.9891787442875049,29.206609726,4.5345025065,6.440973333708311
dmd-2.111.0,bv_compiler,bv_split,float,lookup,0,65536,1.0004016280598824,0.9995622495914465,1.0010184944829814,29.206609726,4.5345025065,6.440973333708311
dmd-2.111.0,bv_compiler,bv_portable,float,lookup,0,65536,0.998657974517833,0.9959619305020124,1.0005044642573988,29.206609726,4.5345025065,6.440973333708311
dmd-2.111.0,bv_compiler,default,float,lookup,1,65536,1.0024097054297232,1.0013670205525966,1.003128221118343,29.2073726655,4.535126686,6.440255077253646
dmd-2.111.0,bv_compiler,bv_direct,float,lookup,1,65536,0.9867678438103229,0.9861797868410032,0.9870166571594444,29.2073726655,4.535126686,6.440255077253646
dmd-2.111.0,bv_compiler,bv_split,float,lookup,1,65536,1.0001175466050753,0.9988793041663676,1.000550501586379,29.2073726655,4.535126686,6.440255077253646
dmd-2.111.0,bv_compiler,bv_portable,float,lookup,1,65536,0.9983282260421296,0.9960441231291457,1.0001780554054323,29.2073726655,4.535126686,6.440255077253646
dmd-2.111.0,bv_compiler,default,float,lookup,2,65536,1.0024844274397817,1.0014758846293619,1.0029186309072706,29.211807251,4.533147812,6.44404472619919
dmd-2.111.0,bv_compiler,bv_direct,float,lookup,2,65536,0.9871779385547199,0.9869249252462146,0.9874134819600746,29.211807251,4.533147812,6.44404472619919
dmd-2.111.0,bv_compiler,bv_split,float,lookup,2,65536,0.9998938976464766,0.999216809856918,1.0005615263156797,29.211807251,4.533147812,6.44404472619919
dmd-2.111.0,bv_compiler,bv_portable,float,lookup,2,65536,0.9991560781985115,0.9991885899669624,0.9993440782414815,29.211807251,4.533147812,6.44404472619919
dmd-2.111.0,bv_compiler,default,float,lookupApply,0,65536,1.0023795992789437,1.0012702682471903,1.0035760779675342,42.1210289005,10.083296776000001,4.177307267277442
dmd-2.111.0,bv_compiler,bv_direct,float,lookupApply,0,65536,0.999709059445605,0.9997033776347395,1.0001313152911873,42.1210289005,10.083296776000001,4.177307267277442
dmd-2.111.0,bv_compiler,bv_split,float,lookupApply,0,65536,1.0009611226400863,1.0004811120994679,1.0016991785876692,42.1210289005,10.083296776000001,4.177307267277442
dmd-2.111.0,bv_compiler,bv_portable,float,lookupApply,0,65536,1.0030509134594876,1.0010404425253316,1.0049356441694575,42.1210289005,10.083296776000001,4.177307267277442
dmd-2.111.0,bv_compiler,default,float,lookupApply,1,65536,1.0009446973015559,1.0009767725022078,1.0013526657557807,42.146730422999994,10.078174591,4.181980580157623
dmd-2.111.0,bv_compiler,bv_direct,float,lookupApply,1,65536,0.9993404089422598,0.998950439962336,0.9996457717265673,42.146730422999994,10.078174591,4.181980580157623
dmd-2.111.0,bv_compiler,bv_split,float,lookupApply,1,65536,0.9997137623754223,0.9989459159933848,1.0003270999388778,42.146730422999994,10.078174591,4.181980580157623
dmd-2.111.0,bv_compiler,bv_portable,float,lookupApply,1,65536,1.0025761386449268,1.0024547000859136,1.0034449998895416,42.146730422999994,10.078174591,4.181980580157623
dmd-2.111.0,bv_compiler,default,float,lookupApply,2,65536,1.001604616950663,1.000178484080361,1.0019295559311434,42.1380996705,10.08015728,4.180301804824617
dmd-2.111.0,bv_compiler,bv_direct,float,lookupApply,2,65536,1.0000611067067604,0.9980829905738999,1.0005649397772094,42.1380996705,10.08015728,4.180301804824617
dmd-2.111.0,bv_compiler,bv_split,float,lookupApply,2,65536,1.0000056580268657,0.9978333387919597,1.0006158862444179,42.1380996705,10.08015728,4.180301804824617
dmd-2.111.0,bv_compiler,bv_portable,float,lookupApply,2,65536,1.0015276677639326,0.9996362539578607,1.0033896386276413,42.1380996705,10.08015728,4.180301804824617
dmd-2.111.0,bv_compiler,default,float,prepared,0,65536,1.0004362828467588,0.9983639172081763,1.0014459551516792,15.629243851,0.7863731385,19.87509883770019
dmd-2.111.0,bv_compiler,bv_direct,float,prepared,0,65536,0.9997803331029491,0.9980927601118242,1.0000976523818503,15.629243851,0.7863731385,19.87509883770019
dmd-2.111.0,bv_compiler,bv_split,float,prepared,0,65536,1.0002105141190045,0.9990341931788411,1.0008117353801325,15.629243851,0.7863731385,19.87509883770019
dmd-2.111.0,bv_compiler,bv_portable,float,prepared,0,65536,1.0000671204256586,0.9982603290885169,1.0003692480388726,15.629243851,0.7863731385,19.87509883770019
dmd-2.111.0,bv_compiler,default,float,prepared,1,65536,0.9997407216379789,0.9994907418728514,0.9997833972350902,15.632295608500002,0.7865304945,19.875002581352554
dmd-2.111.0,bv_compiler,bv_direct,float,prepared,1,65536,0.9994082353141421,0.9990272254787153,1.0001281308113354,15.632295608500002,0.7865304945,19.875002581352554
dmd-2.111.0,bv_compiler,bv_split,float,prepared,1,65536,1.0000183020144426,0.9997560440266475,1.000170841634965,15.632295608500002,0.7865304945,19.875002581352554
dmd-2.111.0,bv_compiler,bv_portable,float,prepared,1,65536,1.0006009157090716,0.9999542388380661,1.0020248347323102,15.632295608500002,0.7865304945,19.875002581352554
dmd-2.111.0,bv_compiler,default,float,prepared,2,65536,0.9993839528937721,0.9975462065431979,1.000100713532357,15.6353473665,0.7869830135,19.867452153717927
dmd-2.111.0,bv_compiler,bv_direct,float,prepared,2,65536,0.9993778534130402,0.9987548368217205,0.9999298056801126,15.6353473665,0.7869830135,19.867452153717927
dmd-2.111.0,bv_compiler,bv_split,float,prepared,2,65536,0.9995486387456206,0.9982464205562919,0.9998016248469322,15.6353473665,0.7869830135,19.867452153717927
dmd-2.111.0,bv_compiler,bv_portable,float,prepared,2,65536,0.9994327487076492,0.9974092081292063,1.0005214018757815,15.6353473665,0.7869830135,19.867452153717927
dmd-2.111.0,bv_compiler,default,float,vienot,0,65536,5.607051122479835,5.599519854679792,5.613238300446472,3.4529685975,0.7849292755,4.39908244637768
dmd-2.111.0,bv_compiler,bv_direct,float,vienot,0,65536,0.9995028586413317,0.9991307708892241,1.001768053447422,3.4529685975,0.7849292755,4.39908244637768
dmd-2.111.0,bv_compiler,bv_split,float,vienot,0,65536,0.9992680973114468,0.9991023464815387,0.9996961158793544,3.4529685975,0.7849292755,4.39908244637768
dmd-2.111.0,bv_compiler,bv_portable,float,vienot,0,65536,0.9987295275424236,0.9969232043194954,0.99939223161387,3.4529685975,0.7849292755,4.39908244637768
dmd-2.111.0,bv_compiler,default,float,vienot,1,65536,5.701474591942467,5.695596946215844,5.7093150346814925,3.450345993,0.7850914005,4.3948335070318985
dmd-2.111.0,bv_compiler,bv_direct,float,vienot,1,65536,1.000276399671782,0.9994753338425791,1.0009677598882558,3.450345993,0.7850914005,4.3948335070318985
dmd-2.111.0,bv_compiler,bv_split,float,vienot,1,65536,1.0031647756550077,0.9994062988371056,1.0132306586188675,3.450345993,0.7850914005,4.3948335070318985
dmd-2.111.0,bv_compiler,bv_portable,float,vienot,1,65536,0.999889440218235,0.9972938269746846,1.0019493447086056,3.450345993,0.7850914005,4.3948335070318985
dmd-2.113.0,bv_portable,default,double,brettel,0,1024,4.081267217428803,4.044783010108848,4.153199439592235,6.646728516,4.890533447499999,1.359100921679158
dmd-2.113.0,bv_portable,bv_direct,double,brettel,0,1024,2.4853076215216374,2.3982974910669532,2.537599252738631,6.646728516,4.890533447499999,1.359100921679158
dmd-2.113.0,bv_portable,bv_split,double,brettel,0,1024,0.9963269053427969,0.9758064516679569,1.0130780009725304,6.646728516,4.890533447499999,1.359100921679158
dmd-2.113.0,bv_portable,bv_portable,double,brettel,0,1024,1.0,1.0,1.0,6.646728516,4.890533447499999,1.359100921679158
dmd-2.113.0,bv_portable,default,double,brettel,1,1024,4.096774193682342,4.0771006463229,4.310648148195556,6.622314453,4.973815918,1.3314353731979032
dmd-2.113.0,bv_portable,bv_direct,double,brettel,1,1024,2.490783410175826,2.479338843021834,2.5027777777967404,6.622314453,4.973815918,1.3314353731979032
dmd-2.113.0,bv_portable,bv_split,double,brettel,1,1024,1.0,0.994949494939997,1.0046296296106667,6.622314453,4.973815918,1.3314353731979032
dmd-2.113.0,bv_portable,bv_portable,double,brettel,1,1024,1.0,1.0,1.0,6.622314453,4.973815918,1.3314353731979032
dmd-2.113.0,bv_portable,default,double,brettel,2,1024,4.0218181818181815,3.985966500558906,4.052727272764509,6.7138671875,4.9363098144999995,1.360098421654689
dmd-2.113.0,bv_portable,bv_direct,double,brettel,2,1024,2.4713636364287996,2.4554545454359276,2.944771389715035,6.7138671875,4.9363098144999995,1.360098421654689
dmd-2.113.0,bv_portable,bv_split,double,brettel,2,1024,0.9922727272448,0.9873245812217559,1.0231818181911274,6.7138671875,4.9363098144999995,1.360098421654689
dmd-2.113.0,bv_portable,bv_portable,double,brettel,2,1024,1.0,1.0,1.0,6.7138671875,4.9363098144999995,1.360098421654689
dmd-2.113.0,bv_portable,default,double,lookup,0,1024,0.9982849442656933,0.9940163634068784,1.1658686310649327,49.822998046500004,7.193145752,6.926454678420368
dmd-2.113.0,bv_portable,bv_direct,double,lookup,0,1024,0.9969986524624543,0.9944437660263891,0.9987108655629483,49.822998046500004,7.193145752,6.926454678420368
dmd-2.113.0,bv_portable,bv_split,double,lookup,0,1024,1.002082567690992,0.9972470329245202,1.0487238979139684,49.822998046500004,7.193145752,6.926454678420368
dmd-2.113.0,bv_portable,bv_portable,double,lookup,0,1024,1.0,1.0,1.0,49.822998046500004,7.193145752,6.926454678420368
dmd-2.113.0,bv_portable,default,double,lookup,1,1024,0.9991489879009822,0.9928367631857877,1.1790315686694908,50.2044677735,7.150482177500001,7.021130397538145
dmd-2.113.0,bv_portable,bv_direct,double,lookup,1,1024,0.9926448240191302,0.9897407879523579,0.996946937791078,50.2044677735,7.150482177500001,7.021130397538145
dmd-2.113.0,bv_portable,bv_split,double,lookup,1,1024,0.9990274147468251,0.9918630070415173,1.0480786741840107,50.2044677735,7.150482177500001,7.021130397538145
dmd-2.113.0,bv_portable,bv_portable,double,lookup,1,1024,1.0,1.0,1.0,50.2044677735,7.150482177500001,7.021130397538145
dmd-2.113.0,bv_portable,default,double,lookup,2,1024,0.9959240783537953,0.9903337588849289,1.1601977297734651,50.164794922,7.155670166,7.010495698971265
dmd-2.113.0,bv_portable,bv_direct,double,lookup,2,1024,0.9956199050979547,0.995258070396944,0.9973147809155261,50.164794922,7.155670166,7.010495698971265
dmd-2.113.0,bv_portable,bv_split,double,lookup,2,1024,1.0001216693003427,0.9901543697506701,1.0514924919408717,50.164794922,7.155670166,7.010495698971265
dmd-2.113.0,bv_portable,bv_portable,double,lookup,2,1024,1.0,1.0,1.0,50.164794922,7.155670166,7.010495698971265
dmd-2.113.0,bv_portable,default,double,lookupApply,0,1024,0.9989336952366654,0.858449968668194,1.1262437509129182,62.9638671875,11.930938720499999,5.277360705852433
dmd-2.113.0,bv_portable,bv_direct,double,lookupApply,0,1024,0.9969464908909189,0.8595780238184153,0.9997569275654093,62.9638671875,11.930938720499999,5.277360705852433
dmd-2.113.0,bv_portable,bv_split,double,lookupApply,0,1024,0.9975765800717797,0.8576979319036614,1.0428092996145302,62.9638671875,11.930938720499999,5.277360705852433
dmd-2.113.0,bv_portable,bv_portable,double,lookupApply,0,1024,1.0,1.0,1.0,62.9638671875,11.930938720499999,5.277360705852433
dmd-2.113.0,bv_portable,default,double,lookupApply,1,1024,0.9953085703280139,0.8563499019260375,1.122415379400392,63.098144531,11.9245910645,5.291430472517065
dmd-2.113.0,bv_portable,bv_direct,double,lookupApply,1,1024,0.9966627974472918,0.8605650849240519,0.9987875848740203,63.098144531,11.9245910645,5.291430472517065
dmd-2.113.0,bv_portable,bv_split,double,lookupApply,1,1024,0.9980170245744939,0.8567255122886092,1.0419834390595912,63.098144531,11.9245910645,5.291430472517065
dmd-2.113.0,bv_portable,bv_portable,double,lookupApply,1,1024,1.0,1.0,1.0,63.098144531,11.9245910645,5.291430472517065
dmd-2.113.0,bv_portable,default,double,lookupApply,2,1024,0.9942229924820256,0.8578315255733366,1.1222941631242984,63.3911132815,11.9365844725,5.310657619651843
dmd-2.113.0,bv_portable,bv_direct,double,lookupApply,2,1024,0.9948488349691865,0.8581224286169526,1.0028145775766997,63.3911132815,11.9365844725,5.310657619651843
dmd-2.113.0,bv_portable,bv_split,double,lookupApply,2,1024,0.9974484883506975,0.8592029256438789,1.0411673753342714,63.3911132815,11.9365844725,5.310657619651843
dmd-2.113.0,bv_portable,bv_portable,double,lookupApply,2,1024,1.0,1.0,1.0,63.3911132815,11.9365844725,5.310657619651843
dmd-2.113.0,bv_portable,default,double,prepared,0,1024,1.0012861736246432,0.9987186332175005,1.0064523066908215,28.472900391,1.270446777,22.41172232199696
dmd-2.113.0,bv_portable,bv_direct,double,prepared,0,1024,0.9964630225014999,0.9926321409525177,1.0018281535715026,28.472900391,1.270446777,22.41172232199696
dmd-2.113.0,bv_portable,bv_split,double,prepared,0,1024,0.9977491961261433,0.9948745328350128,1.0032261533542202,28.472900391,1.270446777,22.41172232199696
dmd-2.113.0,bv_portable,bv_portable,double,prepared,0,1024,1.0,1.0,1.0,28.472900391,1.270446777,22.41172232199696
dmd-2.113.0,bv_portable,default,double,prepared,1,1024,1.0018226653866786,0.9955022488799288,1.0092493009115922,28.463745117000002,1.2704772945,22.403977812292972
dmd-2.113.0,bv_portable,bv_direct,double,prepared,1,1024,0.9972123941465239,0.9943315508043542,1.0036567003435957,28.463745117000002,1.2704772945,22.403977812292972
dmd-2.113.0,bv_portable,bv_split,double,prepared,1,1024,1.0027876058886083,0.9985007496383398,1.0078511507739982,28.463745117000002,1.2704772945,22.403977812292972
dmd-2.113.0,bv_portable,bv_portable,double,prepared,1,1024,1.0,1.0,1.0,28.463745117000002,1.2704772945,22.403977812292972
dmd-2.113.0,bv_portable,default,double,prepared,2,1024,1.0,0.9953101684162592,1.0060008572653762,28.601074218500003,1.270507812,22.511529601283556
dmd-2.113.0,bv_portable,bv_direct,double,prepared,2,1024,0.9997865983999981,0.9976558337903718,1.0169473459928036,28.601074218500003,1.270507812,22.511529601283556
dmd-2.113.0,bv_portable,bv_split,double,prepared,2,1024,1.0011737089223833,1.0000000000175566,1.0009592837413728,28.601074218500003,1.270507812,22.511529601283556
dmd-2.113.0,bv_portable,bv_portable,double,prepared,2,1024,1.0,1.0,1.0,28.601074218500003,1.270507812,22.511529601283556
dmd-2.113.0,bv_portable,default,double,vienot,0,1024,0.9949678800747337,0.9918673087125287,0.9957155098543273,28.503417969,1.270507812,22.43466565083978
dmd-2.113.0,bv_portable,bv_direct,double,vienot,0,1024,0.1945396145658997,0.1935760171323188,0.19539860889361954,28.503417969,1.270507812,22.43466565083978
dmd-2.113.0,bv_portable,bv_split,double,vienot,0,1024,0.20256959313720402,0.20235420010787022,0.20265638388154242,28.503417969,1.270507812,22.43466565083978
dmd-2.113.0,bv_portable,bv_portable,double,vienot,0,1024,1.0,1.0,1.0,28.503417969,1.270507812,22.43466565083978
dmd-2.113.0,bv_portable,default,double,vienot,1,1024,1.0048354883007773,0.9950934335589875,1.0094896668028535,29.031372070000003,1.2707214355,22.846369990269988
dmd-2.113.0,bv_portable,bv_direct,double,vienot,1,1024,0.18974035530315878,0.18942499736975055,0.19000421762373204,29.031372070000003,1.2707214355,22.846369990269988
dmd-2.113.0,bv_portable,bv_split,double,vienot,1,1024,0.19888573530310583,0.19751539825806816,0.19949388442658555,29.031372070000003,1.2707214355,22.846369990269988
dmd-2.113.0,bv_portable,bv_portable,double,vienot,1,1024,1.0,1.0,1.0,29.031372070000003,1.2707214355,22.846369990269988
dmd-2.113.0,bv_portable,default,float,brettel,0,1024,42.307319699500255,41.85676251236641,42.808927596005944,5.6701660154999995,2.5730285645,2.2036933805287338
dmd-2.113.0,bv_portable,bv_direct,float,brettel,0,1024,2.249192680362006,2.210862619760087,2.301578660725077,5.6701660154999995,2.5730285645,2.2036933805287338
dmd-2.113.0,bv_portable,bv_split,float,brettel,0,1024,0.9709364908276911,0.9552715655398041,1.001633097363313,5.6701660154999995,2.5730285645,2.2036933805287338
dmd-2.113.0,bv_portable,bv_portable,float,brettel,0,1024,1.0,1.0,1.0,5.6701660154999995,2.5730285645,2.2036933805287338
dmd-2.113.0,bv_portable,default,float,brettel,1,1024,42.599891713912726,42.22424892701665,42.63083604495249,5.63659668,2.572784424,2.190854634931512
dmd-2.113.0,bv_portable,bv_direct,float,brettel,1,1024,2.2669193285264466,2.257510729613734,2.2909880562630636,5.63659668,2.572784424,2.190854634931512
dmd-2.113.0,bv_portable,bv_split,float,brettel,1,1024,0.9972929074286719,0.9833690986575107,1.0,5.63659668,2.572784424,2.190854634931512
dmd-2.113.0,bv_portable,bv_portable,float,brettel,1,1024,1.0,1.0,1.0,5.63659668,2.572784424,2.190854634931512
dmd-2.113.0,bv_portable,default,float,brettel,2,1024,42.206896551724135,41.38002114345155,42.30690399042428,5.6640625,2.637298584,2.14767585830547
dmd-2.113.0,bv_portable,bv_direct,float,brettel,2,1024,2.2613146551613794,2.2209302326326523,2.264832793875832,5.6640625,2.637298584,2.14767585830547
dmd-2.113.0,bv_portable,bv_split,float,brettel,2,1024,0.992456896617931,0.9614164905387098,1.0134843581773936,5.6640625,2.637298584,2.14767585830547
dmd-2.113.0,bv_portable,bv_portable,float,brettel,2,1024,1.0,1.0,1.0,5.6640625,2.637298584,2.14767585830547
dmd-2.113.0,bv_portable,default,float,lookup,0,1024,0.9885216190434861,0.9876692247906653,0.9893773210104273,35.3607177735,5.916687012,5.976438791131377
dmd-2.113.0,bv_portable,bv_direct,float,lookup,0,1024,0.9657374644015864,0.963611278789526,0.9734024179551174,35.3607177735,5.916687012,5.976438791131377
dmd-2.113.0,bv_portable,bv_split,float,lookup,0,1024,1.0010356434005263,0.9998275416091192,1.0025908973176358,35.3607177735,5.916687012,5.976438791131377
dmd-2.113.0,bv_portable,bv_portable,float,lookup,0,1024,1.0,1.0,1.0,35.3607177735,5.916687012,5.976438791131377
dmd-2.113.0,bv_portable,default,float,lookup,1,1024,0.9892045945122083,0.9849552957270977,0.9910884236079204,35.336303711,5.916809082,5.972189269804125
dmd-2.113.0,bv_portable,bv_direct,float,lookup,1,1024,0.9648501597632198,0.96045392021304,0.9669492991828151,35.336303711,5.916809082,5.972189269804125
dmd-2.113.0,bv_portable,bv_split,float,lookup,1,1024,1.0013818119008526,0.9969050894155708,1.0033757465539992,35.336303711,5.916809082,5.972189269804125
dmd-2.113.0,bv_portable,bv_portable,float,lookup,1,1024,1.0,1.0,1.0,35.336303711,5.916809082,5.972189269804125
dmd-2.113.0,bv_portable,default,float,lookup,2,1024,0.9915180889629706,0.9904037347539192,0.9915158860739709,35.260009766,5.916534424,5.95957147193639
dmd-2.113.0,bv_portable,bv_direct,float,lookup,2,1024,0.9671109572375038,0.9660240338845024,0.9672755605608994,35.260009766,5.916534424,5.95957147193639
dmd-2.113.0,bv_portable,bv_split,float,lookup,2,1024,1.0036351047220522,1.0022477738358098,1.004588347327487,35.260009766,5.916534424,5.95957147193639
dmd-2.113.0,bv_portable,bv_portable,float,lookup,2,1024,1.0,1.0,1.0,35.260009766,5.916534424,5.95957147193639
dmd-2.113.0,bv_portable,default,float,lookupApply,0,1024,0.9979876383322185,0.9945558739313696,0.9986337815473897,42.462158203499996,12.606536864999999,3.3682651039072655
dmd-2.113.0,bv_portable,bv_direct,float,lookupApply,0,1024,1.0141584016082923,1.0117714613779154,1.017621776507232,42.462158203499996,12.606536864999999,3.3682651039072655
dmd-2.113.0,bv_portable,bv_split,float,lookupApply,0,1024,1.0018686215175343,0.9984240687767106,1.0023729057235602,42.462158203499996,12.606536864999999,3.3682651039072655
dmd-2.113.0,bv_portable,bv_portable,float,lookupApply,0,1024,1.0,1.0,1.0,42.462158203499996,12.606536864999999,3.3682651039072655
dmd-2.113.0,bv_portable,default,float,lookupApply,1,1024,0.9954141587847252,0.9937034917000572,0.9969855738204908,42.590332031,12.61605835,3.3758826132093787
dmd-2.113.0,bv_portable,bv_direct,float,lookupApply,1,1024,1.010318142746108,1.0087292501401717,1.0124165649881414,42.590332031,12.61605835,3.3758826132093787
dmd-2.113.0,bv_portable,bv_split,float,lookupApply,1,1024,0.9991401547897456,0.9970663995376761,1.0031527658413713,42.590332031,12.61605835,3.3758826132093787
dmd-2.113.0,bv_portable,bv_portable,float,lookupApply,1,1024,1.0,1.0,1.0,42.590332031,12.61605835,3.3758826132093787
dmd-2.113.0,bv_portable,default,float,lookupApply,2,1024,0.9993522849901777,0.9980590899391302,0.9997840328255363,42.4041748045,12.611541748,3.3623307642957023
dmd-2.113.0,bv_portable,bv_direct,float,lookupApply,2,1024,1.0118028067709712,1.0102796348287708,1.0132421734555346,42.4041748045,12.611541748,3.3623307642957023
dmd-2.113.0,bv_portable,bv_split,float,lookupApply,2,1024,1.0028067650189803,1.0016533678339918,1.0030946383606096,42.4041748045,12.611541748,3.3623307642957023
dmd-2.113.0,bv_portable,bv_portable,float,lookupApply,2,1024,1.0,1.0,1.0,42.4041748045,12.611541748,3.3623307642957023
dmd-2.113.0,bv_portable,default,float,prepared,0,1024,1.0,1.0,1.0,20.635986328,0.754760742,27.3410965616969
dmd-2.113.0,bv_portable,bv_direct,float,prepared,0,1024,1.0,1.0,1.0,20.635986328,0.754760742,27.3410965616969
dmd-2.113.0,bv_portable,bv_split,float,prepared,0,1024,1.0,1.0,1.0065069506184836,20.635986328,0.754760742,27.3410965616969
dmd-2.113.0,bv_portable,bv_portable,float,prepared,0,1024,1.0,1.0,1.0,20.635986328,0.754760742,27.3410965616969
dmd-2.113.0,bv_portable,default,float,prepared,1,1024,1.0,1.0,1.0,20.635986328,0.754577637,27.34773112286125
dmd-2.113.0,bv_portable,bv_direct,float,prepared,1,1024,1.0,1.0,1.13324460218648,20.635986328,0.754577637,27.34773112286125
dmd-2.113.0,bv_portable,bv_split,float,prepared,1,1024,1.0,1.0,1.0183377698785612,20.635986328,0.754577637,27.34773112286125
dmd-2.113.0,bv_portable,bv_portable,float,prepared,1,1024,1.0,1.0,1.0,20.635986328,0.754577637,27.34773112286125
dmd-2.113.0,bv_portable,default,float,prepared,2,1024,1.0,1.0,1.0,20.635986328,0.754119873,27.364331675688383
dmd-2.113.0,bv_portable,bv_direct,float,prepared,2,1024,1.0,1.0,1.0,20.635986328,0.754119873,27.364331675688383
dmd-2.113.0,bv_portable,bv_split,float,prepared,2,1024,1.0,1.0,1.0001478852501398,20.635986328,0.754119873,27.364331675688383
dmd-2.113.0,bv_portable,bv_portable,float,prepared,2,1024,1.0,1.0,1.0,20.635986328,0.754119873,27.364331675688383
dmd-2.113.0,bv_portable,default,float,vienot,0,1024,5.631215470335289,5.475201072126617,6.587833219716825,4.418945312,0.7546081545000001,5.85594693835236
dmd-2.113.0,bv_portable,bv_direct,float,vienot,0,1024,1.174033149247537,1.135135135033869,1.1613123719014564,4.418945312,0.7546081545000001,5.85594693835236
dmd-2.113.0,bv_portable,bv_split,float,vienot,0,1024,0.9806629835929501,0.9517426273484944,0.9840609841037884,4.418945312,0.7546081545000001,5.85594693835236
dmd-2.113.0,bv_portable,bv_portable,float,vienot,0,1024,1.0,1.0,1.0,4.418945312,0.7546081545000001,5.85594693835236
dmd-2.113.0,bv_portable,default,float,vienot,1,1024,5.705555555555556,5.675414365254765,6.737246680203736,4.39453125,0.754943848,5.821004120560765
dmd-2.113.0,bv_portable,bv_direct,float,vienot,1,1024,1.170833333248,1.1189979122192601,1.1893780572460988,4.39453125,0.754943848,5.821004120560765
dmd-2.113.0,bv_portable,bv_split,float,vienot,1,1024,0.986111111168,0.9874739039949223,1.044889502809941,4.39453125,0.754943848,5.821004120560765
dmd-2.113.0,bv_portable,bv_portable,float,vienot,1,1024,1.0,1.0,1.0,4.39453125,0.754943848,5.821004120560765
dmd-2.113.0,bv_compiler,default,double,brettel,0,1024,4.088776449201411,3.969642047872654,4.164900967238021,6.634521484,4.887359619,1.3574858412726107
dmd-2.113.0,bv_compiler,bv_direct,double,brettel,0,1024,2.4898804049151226,2.454009968168876,2.512950971398876,6.634521484,4.887359619,1.3574858412726107
dmd-2.113.0,bv_compiler,bv_split,double,brettel,0,1024,0.9981600736346338,0.9886724059536566,1.0032377428781372,6.634521484,4.887359619,1.3574858412726107
dmd-2.113.0,bv_compiler,bv_portable,double,brettel,0,1024,1.0018399265160929,0.9814227457818135,1.0280976508424433,6.634521484,4.887359619,1.3574858412726107
dmd-2.113.0,bv_compiler,default,double,brettel,1,1024,4.096774193682342,4.063966866169181,4.288807001388561,6.622314453,4.984405517500001,1.3286066773157565
dmd-2.113.0,bv_compiler,bv_direct,double,brettel,1,1024,2.490783410175826,2.485964104928648,2.5069637883485076,6.622314453,4.984405517500001,1.3286066773157565
dmd-2.113.0,bv_compiler,bv_split,double,brettel,1,1024,1.0,0.9995393827446197,1.0060352831846646,6.622314453,4.984405517500001,1.3286066773157565
dmd-2.113.0,bv_compiler,bv_portable,double,brettel,1,1024,1.0,0.9949332104926871,1.011142061281549,6.622314453,4.984405517500001,1.3286066773157565
dmd-2.113.0,bv_compiler,default,double,brettel,2,1024,4.077419354915674,4.061177553118012,4.1373549883977665,6.6223144529999995,4.9387207035,1.340896732286736
dmd-2.113.0,bv_compiler,bv_direct,double,brettel,2,1024,2.5055299540304086,2.500919963408773,3.049695264708971,6.6223144529999995,4.9387207035,1.340896732286736
dmd-2.113.0,bv_compiler,bv_split,double,brettel,2,1024,1.0059907834008137,0.9995400184463402,1.0445475638046813,6.6223144529999995,4.9387207035,1.340896732286736
dmd-2.113.0,bv_compiler,bv_portable,double,brettel,2,1024,1.0138248848117632,1.0114995400473106,1.035630567235336,6.6223144529999995,4.9387207035,1.340896732286736
dmd-2.113.0,bv_compiler,default,double,lookup,0,1024,0.9976738491649756,0.9243549758979637,1.1686665435958443,49.853515625,7.1379394529999995,6.984300714969934
dmd-2.113.0,bv_compiler,bv_direct,double,lookup,0,1024,0.9963883447587856,0.9235043946709411,1.0011076241436845,49.853515625,7.1379394529999995,6.984300714969934
dmd-2.113.0,bv_compiler,bv_split,double,lookup,0,1024,1.0014691478942213,0.9243549759072544,1.051227125291775,49.853515625,7.1379394529999995,6.984300714969934
dmd-2.113.0,bv_compiler,bv_portable,double,lookup,0,1024,0.9993878550365525,0.9269067195883219,1.0023998523129969,49.853515625,7.1379394529999995,6.984300714969934
dmd-2.113.0,bv_compiler,default,double,lookup,1,1024,1.002806418148791,0.9190699754167901,1.1756575742685642,50.021362305,7.1382141115,7.00754579838299
dmd-2.113.0,bv_compiler,bv_direct,double,lookup,1,1024,0.9962784454796548,0.916498993961111,1.0023977866546827,50.021362305,7.1382141115,7.00754579838299
dmd-2.113.0,bv_compiler,bv_split,double,lookup,1,1024,1.0026843999705817,0.9129219763087271,1.0614817091812103,50.021362305,7.1382141115,7.00754579838299
dmd-2.113.0,bv_compiler,bv_portable,double,lookup,1,1024,1.003660545416247,0.920411357039868,1.012788195511787,50.021362305,7.1382141115,7.00754579838299
dmd-2.113.0,bv_compiler,default,double,lookup,2,1024,0.9988407565676155,0.9220595715807338,1.1606227106297653,50.0183105465,7.163360596,6.982520267712068
dmd-2.113.0,bv_compiler,bv_direct,double,lookup,2,1024,0.9985356925054094,0.9262420166131832,1.0007947181794528,50.0183105465,7.163360596,6.982520267712068
dmd-2.113.0,bv_compiler,bv_split,double,lookup,2,1024,1.0030506406420534,0.9208161419734889,1.0573419733437273,50.0183105465,7.163360596,6.982520267712068
dmd-2.113.0,bv_compiler,bv_portable,double,lookup,2,1024,1.0029286150191703,0.929972305434918,1.0055630272661849,50.0183105465,7.163360596,6.982520267712068
dmd-2.113.0,bv_compiler,default,double,lookupApply,0,1024,0.9990305380553544,0.9512228887835975,1.121724838056462,62.957763672,11.9488220215,5.26895149653393
dmd-2.113.0,bv_compiler,bv_direct,double,lookupApply,0,1024,0.9970431410577121,0.9490078449441924,0.9983017128429145,62.957763672,11.9488220215,5.26895149653393
dmd-2.113.0,bv_compiler,bv_split,double,lookupApply,0,1024,0.9976732913233202,0.9504383940952003,1.0386251571080432,62.957763672,11.9488220215,5.26895149653393
dmd-2.113.0,bv_compiler,bv_portable,double,lookupApply,0,1024,1.0000969461928761,0.9492385786765187,1.1613858023129315,62.957763672,11.9488220215,5.26895149653393
dmd-2.113.0,bv_compiler,default,double,lookupApply,1,1024,0.9992231124059245,0.9409236396929282,1.1240483002785266,62.8509521485,11.9365234375,5.265431972516076
dmd-2.113.0,bv_compiler,bv_direct,double,lookupApply,1,1024,1.000582665691579,0.9417009602186515,1.0022358316261801,62.8509521485,11.9365234375,5.265431972516076
dmd-2.113.0,bv_compiler,bv_split,double,lookupApply,1,1024,1.0019422189851888,0.9431641518052971,1.0434993453306014,62.8509521485,11.9365234375,5.265431972516076
dmd-2.113.0,bv_compiler,bv_portable,double,lookupApply,1,1024,1.003932993440035,0.9428440786410363,1.164625255177104,62.8509521485,11.9365234375,5.265431972516076
dmd-2.113.0,bv_compiler,default,double,lookupApply,2,1024,0.9964296053207212,0.9521531100553846,1.1226738846706705,63.250732422,11.9427185055,5.296175438855989
dmd-2.113.0,bv_compiler,bv_direct,double,lookupApply,2,1024,0.9970568368243077,0.9507269046770997,0.9992266421690855,63.250732422,11.9427185055,5.296175438855989
dmd-2.113.0,bv_compiler,bv_split,double,lookupApply,2,1024,0.9996622599662961,0.9493467059265955,1.041519648115138,63.250732422,11.9427185055,5.296175438855989
dmd-2.113.0,bv_compiler,bv_portable,double,lookupApply,2,1024,1.0022194345286533,0.9480585204241149,1.1629694069923435,63.250732422,11.9427185055,5.296175438855989
dmd-2.113.0,bv_compiler,default,double,prepared,0,1024,1.0013935041247115,0.9985063479990841,1.0019363166909467,28.469848632999998,1.2700500485,22.416320259681484
dmd-2.113.0,bv_compiler,bv_direct,double,prepared,0,1024,0.9965698359953061,0.9939187026501047,1.0018287435345956,28.469848632999998,1.2700500485,22.416320259681484
dmd-2.113.0,bv_compiler,bv_split,double,prepared,0,1024,0.9978561474882852,0.9953056651999096,1.0003227194514286,28.469848632999998,1.2700500485,22.416320259681484
dmd-2.113.0,bv_compiler,bv_portable,double,prepared,0,1024,1.0001071926317326,0.9921049823832553,1.0030120482015834,28.469848632999998,1.2700500485,22.416320259681484
dmd-2.113.0,bv_compiler,default,double,prepared,1,1024,0.9959496908931151,0.995207667751196,1.001066780452208,28.631591797,1.270111084,22.542588721318488
dmd-2.113.0,bv_compiler,bv_direct,double,prepared,1,1024,0.9913664463976501,0.9900958466648672,0.9968917470722607,28.631591797,1.270111084,22.542588721318488
dmd-2.113.0,bv_compiler,bv_split,double,prepared,1,1024,0.9969089746344709,0.9954206602920976,0.9996799658608421,28.631591797,1.270111084,22.542588721318488
dmd-2.113.0,bv_compiler,bv_portable,double,prepared,1,1024,0.9941377104985974,0.991892468538751,1.0008574490889641,28.631591797,1.270111084,22.542588721318488
dmd-2.113.0,bv_compiler,default,double,prepared,2,1024,1.0002134471674546,0.9979767862825467,1.0019210245420618,28.594970703,1.270141602,22.51321479272356
dmd-2.113.0,bv_compiler,bv_direct,double,prepared,2,1024,1.0000000000174856,0.9970184219020057,1.0234928127034373,28.594970703,1.270141602,22.51321479272356
dmd-2.113.0,bv_compiler,bv_split,double,prepared,2,1024,1.0013874066146826,0.9959445037484218,1.007401845095454,28.594970703,1.270141602,22.51321479272356
dmd-2.113.0,bv_compiler,bv_portable,double,prepared,2,1024,1.0002134471674546,0.9959445037309365,1.0064363870326478,28.594970703,1.270141602,22.51321479272356
dmd-2.113.0,bv_compiler,default,double,vienot,0,1024,4.911733615423832,4.899048625994107,4.913319239113371,5.773925781,1.270202637,4.545672960211308
dmd-2.113.0,bv_compiler,bv_direct,double,vienot,0,1024,0.9603594081078819,0.9556025370392616,0.9651162791765022,5.773925781,1.270202637,4.545672960211308
dmd-2.113.0,bv_compiler,bv_split,double,vienot,0,1024,1.0,0.999471458827884,1.0,5.773925781,1.270202637,4.545672960211308
dmd-2.113.0,bv_compiler,bv_portable,double,vienot,0,1024,4.936575053111166,4.934460888162913,4.939217759231533,5.773925781,1.270202637,4.545672960211308
dmd-2.113.0,bv_compiler,default,double,vienot,1,1024,5.052325581668228,5.020613107964022,5.060253700029332,5.773925781,1.2702331545,4.545563749887147
dmd-2.113.0,bv_compiler,bv_direct,double,vienot,1,1024,0.9540169133497216,0.9524312896601813,0.96141649053871,5.773925781,1.2702331545,4.545563749887147
dmd-2.113.0,bv_compiler,bv_split,double,vienot,1,1024,1.0,1.0,1.0,5.773925781,1.2702331545,4.545563749887147
dmd-2.113.0,bv_compiler,bv_portable,double,vienot,1,1024,5.02801268515301,5.012684989689514,5.0628964061497,5.773925781,1.2702331545,4.545563749887147
dmd-2.113.0,bv_compiler,default,float,brettel,0,1024,42.67480998626205,42.14362272332593,43.799888514314,5.621337891,2.5710754395,2.1863760995255697
dmd-2.113.0,bv_compiler,bv_direct,float,brettel,0,1024,2.2687296415535823,2.24553812864361,2.3428093643994403,5.621337891,2.5710754395,2.1863760995255697
dmd-2.113.0,bv_compiler,bv_split,float,brettel,0,1024,0.9793702496187489,0.9702541914890576,1.0016722407226504,5.621337891,2.5710754395,2.1863760995255697
dmd-2.113.0,bv_compiler,bv_portable,float,brettel,0,1024,1.0086862105510819,0.9844587353610307,1.0328874023704566,5.621337891,2.5710754395,2.1863760995255697
dmd-2.113.0,bv_compiler,default,float,brettel,1,1024,42.57683982304288,42.497840170884245,43.26501377168629,5.639648438,2.5866394045,2.18029943724999
dmd-2.113.0,bv_compiler,bv_direct,float,brettel,1,1024,2.265692640502851,2.2606814493127008,2.325068870347103,5.639648438,2.5866394045,2.18029943724999
dmd-2.113.0,bv_compiler,bv_split,float,brettel,1,1024,0.99675324673137,0.9897408206352701,1.0148760330682955,5.639648438,2.5866394045,2.18029943724999
dmd-2.113.0,bv_compiler,bv_portable,float,brettel,1,1024,0.9994588744256757,0.9994591671727601,1.0148760330682955,5.639648438,2.5866394045,2.18029943724999
dmd-2.113.0,bv_compiler,default,float,brettel,2,1024,42.900328584188614,42.375472716970116,43.480288726955386,5.572509766,2.6379089355,2.1124723795454914
dmd-2.113.0,bv_compiler,bv_direct,float,brettel,2,1024,2.2984665934814266,2.2631010264360736,2.331482509603173,5.572509766,2.6379089355,2.1124723795454914
dmd-2.113.0,bv_compiler,bv_split,float,brettel,2,1024,1.0087623220147444,0.995137763426526,1.0433092726475843,5.572509766,2.6379089355,2.1124723795454914
dmd-2.113.0,bv_compiler,bv_portable,float,brettel,2,1024,1.0164293537103513,1.0016207455539963,1.0361445781986631,5.572509766,2.6379089355,2.1124723795454914
dmd-2.113.0,bv_compiler,default,float,lookup,0,1024,0.9835136527423007,0.9834292092192338,0.9839388473743751,35.5407714845,5.913757324500001,6.0098461154736205
dmd-2.113.0,bv_compiler,bv_direct,float,lookup,0,1024,0.9608449252963768,0.9594745428010775,0.967969085446099,35.5407714845,5.913757324500001,6.0098461154736205
dmd-2.113.0,bv_compiler,bv_split,float,lookup,0,1024,0.9959642795862618,0.9955353309795258,0.9970797904355423,35.5407714845,5.913757324500001,6.0098461154736205
dmd-2.113.0,bv_compiler,bv_portable,float,lookup,0,1024,0.9949338828765008,0.9944182052470832,0.9957070490149876,35.5407714845,5.913757324500001,6.0098461154736205
dmd-2.113.0,bv_compiler,default,float,lookup,1,1024,0.9841897233061356,0.9840219912273948,0.984522785891549,35.516357422,5.9133605955,6.006120690327517
dmd-2.113.0,bv_compiler,bv_direct,float,lookup,1,1024,0.9599587557895481,0.9599587557895481,0.9605331040396506,35.516357422,5.9133605955,6.006120690327517
dmd-2.113.0,bv_compiler,bv_split,float,lookup,1,1024,0.9963052070785076,0.9959625461642341,0.9967325881306255,35.516357422,5.9133605955,6.006120690327517
dmd-2.113.0,bv_compiler,bv_portable,float,lookup,1,1024,0.9949304004107001,0.9928700283322842,0.9994844474960527,35.516357422,5.9133605955,6.006120690327517
dmd-2.113.0,bv_compiler,default,float,lookup,2,1024,0.9843615741501702,0.983596702155526,0.9844461631021879,35.516357422,5.91192627,6.007577868862698
dmd-2.113.0,bv_compiler,bv_direct,float,lookup,2,1024,0.9601306066335825,0.9595499828152624,0.9602131133505736,35.516357422,5.91192627,6.007577868862698
dmd-2.113.0,bv_compiler,bv_split,float,lookup,2,1024,0.9963911325005248,0.9962189567828342,0.9965647543658918,35.516357422,5.91192627,6.007577868862698
dmd-2.113.0,bv_compiler,bv_portable,float,lookup,2,1024,0.9927822650010497,0.9920130539211006,0.9939847039720509,35.516357422,5.91192627,6.007577868862698
dmd-2.113.0,bv_compiler,default,float,lookupApply,0,1024,0.9927790090696209,0.9925650557621253,0.9929929929842686,42.6849365235,12.63092041,3.379400323804273
dmd-2.113.0,bv_compiler,bv_direct,float,lookupApply,0,1024,1.008865374996907,1.007148473794998,1.015584786957232,42.6849365235,12.63092041,3.379400323804273
dmd-2.113.0,bv_compiler,bv_split,float,lookupApply,0,1024,0.9966397368912325,0.9964255075808732,0.9967109966963824,42.6849365235,12.63092041,3.379400323804273
dmd-2.113.0,bv_compiler,bv_portable,float,lookupApply,0,1024,0.9947808679561383,0.9941382514862277,0.9979982842377927,42.6849365235,12.63092041,3.379400323804273
dmd-2.113.0,bv_compiler,default,float,lookupApply,1,1024,0.9930659804087797,0.9910089910060945,0.9944221967934096,42.691040039,12.6146240235,3.384249895951725
dmd-2.113.0,bv_compiler,bv_direct,float,lookupApply,1,1024,1.0079348059262678,1.005994005988143,1.0086521272718676,42.691040039,12.6146240235,3.384249895951725
dmd-2.113.0,bv_compiler,bv_split,float,lookupApply,1,1024,0.9967831868027918,0.9943627800697754,1.0011441647597255,42.691040039,12.6146240235,3.384249895951725
dmd-2.113.0,bv_compiler,bv_portable,float,lookupApply,1,1024,0.9976410036413262,0.9962817304196145,0.9979977116646225,42.691040039,12.6146240235,3.384249895951725
dmd-2.113.0,bv_compiler,default,float,lookupApply,2,1024,0.9928499928324837,0.9927784927683059,0.9929929929842686,42.681884766,12.62210083,3.381519870650566
dmd-2.113.0,bv_compiler,bv_direct,float,lookupApply,2,1024,1.0052195052121378,1.0044330044241794,1.0066495066479837,42.681884766,12.62210083,3.381519870650566
dmd-2.113.0,bv_compiler,bv_split,float,lookupApply,2,1024,0.9962819962644569,0.9962104962002792,0.9965679965563121,42.681884766,12.62210083,3.381519870650566
dmd-2.113.0,bv_compiler,bv_portable,float,lookupApply,2,1024,0.9934934934803717,0.9932074932002312,0.9947797482793593,42.681884766,12.62210083,3.381519870650566
dmd-2.113.0,bv_compiler,default,float,prepared,0,1024,1.0,1.0,1.0,20.635986328,0.782470703,26.372854918249892
dmd-2.113.0,bv_compiler,bv_direct,float,prepared,0,1024,1.0,1.0,1.0,20.635986328,0.782470703,26.372854918249892
dmd-2.113.0,bv_compiler,bv_split,float,prepared,0,1024,1.0,1.0,1.0065069506184836,20.635986328,0.782470703,26.372854918249892
dmd-2.113.0,bv_compiler,bv_portable,float,prepared,0,1024,1.0,1.0,1.0,20.635986328,0.782470703,26.372854918249892
dmd-2.113.0,bv_compiler,default,float,prepared,1,1024,1.0,1.0,1.0,20.635986328,0.780822754,26.42851559113248
dmd-2.113.0,bv_compiler,bv_direct,float,prepared,1,1024,1.0,1.0,1.13324460218648,20.635986328,0.780822754,26.42851559113248
dmd-2.113.0,bv_compiler,bv_split,float,prepared,1,1024,1.0,1.0,1.0183377698785612,20.635986328,0.780822754,26.42851559113248
dmd-2.113.0,bv_compiler,bv_portable,float,prepared,1,1024,1.0,1.0,1.0,20.635986328,0.780822754,26.42851559113248
dmd-2.113.0,bv_compiler,default,float,prepared,2,1024,1.0,1.0,1.0,20.635986328,0.7673950195,26.890956813148826
dmd-2.113.0,bv_compiler,bv_direct,float,prepared,2,1024,1.0,1.0,1.0,20.635986328,0.7673950195,26.890956813148826
dmd-2.113.0,bv_compiler,bv_split,float,prepared,2,1024,1.0,1.0,1.0001478852501398,20.635986328,0.7673950195,26.890956813148826
dmd-2.113.0,bv_compiler,bv_portable,float,prepared,2,1024,1.0,1.0,1.0,20.635986328,0.7673950195,26.890956813148826
dmd-2.113.0,bv_compiler,default,float,vienot,0,1024,5.7422535208820245,5.720225510826194,6.7873239432992545,4.333496094,0.7670898435,5.649267984344001
dmd-2.113.0,bv_compiler,bv_direct,float,vienot,0,1024,1.1971830984647935,1.154334037951712,1.197887323860133,4.333496094,0.7670898435,5.649267984344001
dmd-2.113.0,bv_compiler,bv_split,float,vienot,0,1024,1.0,1.0,1.000704721678242,4.333496094,0.7670898435,5.649267984344001
dmd-2.113.0,bv_compiler,bv_portable,float,vienot,0,1024,1.019718309684947,1.0169133192386564,1.0507042253491874,4.333496094,0.7670898435,5.649267984344001
dmd-2.113.0,bv_compiler,default,float,vienot,1,1024,5.785915492623956,5.755633802470435,6.789436619369894,4.333496094,0.781768799,5.543193971853563
dmd-2.113.0,bv_compiler,bv_direct,float,vienot,1,1024,1.1873239435069398,1.1323943660164748,1.1985915492554726,4.333496094,0.781768799,5.543193971853563
dmd-2.113.0,bv_compiler,bv_split,float,vienot,1,1024,1.0,0.9992957746046603,1.0654929576128978,4.333496094,0.781768799,5.543193971853563
dmd-2.113.0,bv_compiler,bv_portable,float,vienot,1,1024,1.0140845069837507,1.007746478887215,1.019718309684947,4.333496094,0.781768799,5.543193971853563
dmd-2.113.0,bv_portable,default,double,brettel,0,8191,3.253271065650364,3.212914762653457,3.28423320859986,9.4764833355,4.5824494875,2.0679951544146724
dmd-2.113.0,bv_portable,bv_direct,double,brettel,0,8191,2.0639719795347498,2.0281343135571017,2.0859489347563867,9.4764833355,4.5824494875,2.0679951544146724
dmd-2.113.0,bv_portable,bv_split,double,brettel,0,8191,0.9953701839652225,0.9789787403491467,1.0173198894011188,9.4764833355,4.5824494875,2.0679951544146724
dmd-2.113.0,bv_portable,bv_portable,double,brettel,0,8191,1.0,1.0,1.0,9.4764833355,4.5824494875,2.0679951544146724
dmd-2.113.0,bv_portable,default,double,brettel,1,8191,3.2567457074132613,3.240450718007183,3.286362137144169,9.331888658,4.736562996,1.9701814724898046
dmd-2.113.0,bv_portable,bv_direct,double,brettel,1,8191,2.108013082661021,2.084896066364668,2.138470973064196,9.331888658,4.736562996,1.9701814724898046
dmd-2.113.0,bv_portable,bv_split,double,brettel,1,8191,1.006582174975624,1.00154578363557,1.0188819261043052,9.331888658,4.736562996,1.9701814724898046
dmd-2.113.0,bv_portable,bv_portable,double,brettel,1,8191,1.0,1.0,1.0,9.331888658,4.736562996,1.9701814724898046
dmd-2.113.0,bv_portable,default,double,brettel,2,8191,3.2043582568103703,3.1915632359659756,3.268135454808495,9.541722622,4.653564125,2.0504117630483925
dmd-2.113.0,bv_portable,bv_direct,double,brettel,2,8191,2.049660135991323,1.996501159785088,2.106609547049949,9.541722622,4.653564125,2.0504117630483925
dmd-2.113.0,bv_portable,bv_split,double,brettel,2,8191,1.0028388644873771,0.9839996855422646,1.0155854753178686,9.541722622,4.653564125,2.0504117630483925
dmd-2.113.0,bv_portable,bv_portable,double,brettel,2,8191,1.0,1.0,1.0,9.541722622,4.653564125,2.0504117630483925
dmd-2.113.0,bv_portable,default,double,lookup,0,8191,0.9988851557740178,0.9917045983084901,1.0011855409941766,49.9633744355,7.164223691,6.974010945284427
dmd-2.113.0,bv_portable,bv_direct,double,lookup,0,8191,0.9961744043980305,0.9974453503978963,1.0043154387513709,49.9633744355,7.164223691,6.974010945284427
dmd-2.113.0,bv_portable,bv_split,double,lookup,0,8191,0.9958995112957295,0.9930465015234402,1.0282770647617379,49.9633744355,7.164223691,6.974010945284427
dmd-2.113.0,bv_portable,bv_portable,double,lookup,0,8191,1.0,1.0,1.0,49.9633744355,7.164223691,6.974010945284427
dmd-2.113.0,bv_portable,default,double,lookup,1,8191,0.9990443863490783,0.9955852423175979,1.0015609696302048,49.904620925,7.169007905,6.961161374950389
dmd-2.113.0,bv_portable,bv_direct,double,lookup,1,8191,0.9973930859489841,0.9948211425539929,1.0074140384678547,49.904620925,7.169007905,6.961161374950389
dmd-2.113.0,bv_portable,bv_split,double,lookup,1,8191,0.9973319266826992,0.9932728243493099,1.0427430215326057,49.904620925,7.169007905,6.961161374950389
dmd-2.113.0,bv_portable,bv_portable,double,lookup,1,8191,1.0,1.0,1.0,49.904620925,7.169007905,6.961161374950389
dmd-2.113.0,bv_portable,default,double,lookup,2,8191,0.9989630668837717,0.9941512441068284,1.0004882849733971,50.03815163,7.189831065,6.959572648874192
dmd-2.113.0,bv_portable,bv_direct,double,lookup,2,8191,0.9962411174399328,0.9944890352426901,1.01204065914527,50.03815163,7.189831065,6.959572648874192
dmd-2.113.0,bv_portable,bv_split,double,lookup,2,8191,0.9985970904856943,0.9952436486640337,1.027565212746607,50.03815163,7.189831065,6.959572648874192
dmd-2.113.0,bv_portable,bv_portable,double,lookup,2,8191,1.0,1.0,1.0,50.03815163,7.189831065,6.959572648874192
dmd-2.113.0,bv_portable,default,double,lookupApply,0,8191,1.0010028757154248,0.9971530077361214,1.097314848903624,63.1501037725,11.8719211635,5.319282608332493
dmd-2.113.0,bv_portable,bv_direct,double,lookupApply,0,8191,1.0003141538384714,0.9972434841854867,1.002978172172308,63.1501037725,11.8719211635,5.319282608332493
dmd-2.113.0,bv_portable,bv_split,double,lookupApply,0,8191,0.9998127159768,0.9972555477183929,1.002699725183716,63.1501037725,11.8719211635,5.319282608332493
dmd-2.113.0,bv_portable,bv_portable,double,lookupApply,0,8191,1.0,1.0,1.0,63.1501037725,11.8719211635,5.319282608332493
dmd-2.113.0,bv_portable,default,double,lookupApply,1,8191,1.0010268614849214,0.9979711002515309,1.0978965328139534,63.161167745,11.835150622499999,5.33674388773078
dmd-2.113.0,bv_portable,bv_direct,double,lookupApply,1,8191,1.000459067494082,0.998498815334834,1.0036046715681735,63.161167745,11.835150622499999,5.33674388773078
dmd-2.113.0,bv_portable,bv_split,double,lookupApply,1,8191,0.9982241336567297,0.996310341295088,1.0010281781332182,63.161167745,11.835150622499999,5.33674388773078
dmd-2.113.0,bv_portable,bv_portable,double,lookupApply,1,8191,1.0,1.0,1.0,63.161167745,11.835150622499999,5.33674388773078
dmd-2.113.0,bv_portable,default,double,lookupApply,2,8191,1.001709515295967,0.9983954445001438,1.0974423054885643,63.1577340985,11.9283092725,5.294776707718868
dmd-2.113.0,bv_portable,bv_direct,double,lookupApply,2,8191,1.0013893587183345,0.9986608596998291,1.0026910819394264,63.1577340985,11.9283092725,5.294776707718868
dmd-2.113.0,bv_portable,bv_split,double,lookupApply,2,8191,0.998495868164747,0.996091158052359,1.003211156206579,63.1577340985,11.9283092725,5.294776707718868
dmd-2.113.0,bv_portable,bv_portable,double,lookupApply,2,8191,1.0,1.0,1.0,63.1577340985,11.9283092725,5.294776707718868
dmd-2.113.0,bv_portable,default,double,prepared,0,8191,1.0010976801478813,0.9985007295528299,1.0049072844945657,28.5004120375,1.2692970940000001,22.453696752495674
dmd-2.113.0,bv_portable,bv_direct,double,prepared,0,8191,1.0008433396320158,0.9990763423186527,1.0015150905626171,28.5004120375,1.2692970940000001,22.453696752495674
dmd-2.113.0,bv_portable,bv_split,double,prepared,0,8191,1.0002543405158657,0.9966801868732457,1.0015553141921882,28.5004120375,1.2692970940000001,22.453696752495674
dmd-2.113.0,bv_portable,bv_portable,double,prepared,0,8191,1.0,1.0,1.0,28.5004120375,1.2692970940000001,22.453696752495674
dmd-2.113.0,bv_portable,default,double,prepared,1,8191,1.0036560867833921,0.9961825415085578,1.008760144047984,28.4878219995,1.2785183435,22.281903223627857
dmd-2.113.0,bv_portable,bv_direct,double,prepared,1,8191,1.0017543859794154,0.9982185193683197,1.0076852797274167,28.4878219995,1.2785183435,22.281903223627857
dmd-2.113.0,bv_portable,bv_split,double,prepared,1,8191,1.0038034016430566,1.0007884854360867,1.0070672327637806,28.4878219995,1.2785183435,22.281903223627857
dmd-2.113.0,bv_portable,bv_portable,double,prepared,1,8191,1.0,1.0,1.0,28.4878219995,1.2785183435,22.281903223627857
dmd-2.113.0,bv_portable,default,double,prepared,2,8191,0.9956394767396163,0.9907009445031966,1.00324749393805,28.6102887315,1.2800825599999999,22.350346474136796
dmd-2.113.0,bv_portable,bv_direct,double,prepared,2,8191,0.9973730181052927,0.9942822108611378,1.0066157624371401,28.6102887315,1.2800825599999999,22.350346474136796
dmd-2.113.0,bv_portable,bv_split,double,prepared,2,8191,0.9977864010358529,0.9917356468177854,1.0045357559869628,28.6102887315,1.2800825599999999,22.350346474136796
dmd-2.113.0,bv_portable,bv_portable,double,prepared,2,8191,1.0,1.0,1.0,28.6102887315,1.2800825599999999,22.350346474136796
dmd-2.113.0,bv_portable,default,double,vienot,0,8191,0.9854502818122595,0.9836292306774862,0.9869360413174533,28.633942742,1.2668401295,22.602648965107637
dmd-2.113.0,bv_portable,bv_direct,double,vienot,0,8191,0.19282373788857948,0.19192765475783694,0.19481351048534068,28.633942742,1.2668401295,22.602648965107637
dmd-2.113.0,bv_portable,bv_split,double,vienot,0,8191,0.2014709605128259,0.20047875523493558,0.20177685289834646,28.633942742,1.2668401295,22.602648965107637
dmd-2.113.0,bv_portable,bv_portable,double,vienot,0,8191,1.0,1.0,1.0,28.633942742,1.2668401295,22.602648965107637
dmd-2.113.0,bv_portable,default,double,vienot,1,8191,0.9958048538157759,0.9939343342681981,0.9983095490645533,29.192482603000002,1.2736311195,22.920673149428335
dmd-2.113.0,bv_portable,bv_direct,double,vienot,1,8191,0.18780140362014278,0.18747472638266932,0.18841641269267634,29.192482603000002,1.2736311195,22.920673149428335
dmd-2.113.0,bv_portable,bv_split,double,vienot,1,8191,0.1975900780157433,0.1960318806161266,0.1981496769704857,29.192482603000002,1.2736311195,22.920673149428335
dmd-2.113.0,bv_portable,bv_portable,double,vienot,1,8191,1.0,1.0,1.0,29.192482603000002,1.2736311195,22.920673149428335
dmd-2.113.0,bv_portable,default,float,brettel,0,8191,28.0306513405539,27.712083847191902,28.2149197527799,8.563514833500001,2.2093265475,3.876074744672845
dmd-2.113.0,bv_portable,bv_direct,float,brettel,0,8191,1.9185600997301053,1.90369032940466,1.9238769837872494,8.563514833500001,2.2093265475,3.876074744672845
dmd-2.113.0,bv_portable,bv_split,float,brettel,0,8191,1.0070391160839927,0.9825171745588227,1.0436653814981938,8.563514833500001,2.2093265475,3.876074744672845
dmd-2.113.0,bv_portable,bv_portable,float,brettel,0,8191,1.0,1.0,1.0,8.563514833500001,2.2093265475,3.876074744672845
dmd-2.113.0,bv_portable,default,float,brettel,1,8191,27.8682359191185,27.095272945446776,28.2739430928078,8.622649859500001,2.22061943,3.8829930707667457
dmd-2.113.0,bv_portable,bv_direct,float,brettel,1,8191,1.8795186054255202,1.8457465127876955,1.8931873260509402,8.622649859500001,2.22061943,3.8829930707667457
dmd-2.113.0,bv_portable,bv_split,float,brettel,1,8191,1.001327374900581,0.9666350954899174,1.0185037627008084,8.622649859500001,2.22061943,3.8829930707667457
dmd-2.113.0,bv_portable,bv_portable,float,brettel,1,8191,1.0,1.0,1.0,8.622649859500001,2.22061943,3.8829930707667457
dmd-2.113.0,bv_portable,default,float,brettel,2,8191,27.476929804937644,27.37421493271191,27.608751043171335,8.7233701625,2.3027827800000003,3.788186292803527
dmd-2.113.0,bv_portable,bv_direct,float,brettel,2,8191,1.858080034959195,1.819911832753559,1.8914027149428083,8.7233701625,2.3027827800000003,3.788186292803527
dmd-2.113.0,bv_portable,bv_split,float,brettel,2,8191,0.9901596326418644,0.9809403349498098,1.00729253612964,8.7233701625,2.3027827800000003,3.788186292803527
dmd-2.113.0,bv_portable,bv_portable,float,brettel,2,8191,1.0,1.0,1.0,8.7233701625,2.3027827800000003,3.788186292803527
dmd-2.113.0,bv_portable,default,float,lookup,0,8191,0.9906662619489475,0.9898849877533745,0.9913314238569871,35.19335246,5.9433677209999995,5.921449607711392
dmd-2.113.0,bv_portable,bv_direct,float,lookup,0,8191,0.9658413372989588,0.9646840953888551,0.9665299657160671,35.19335246,5.9433677209999995,5.921449607711392
dmd-2.113.0,bv_portable,bv_split,float,lookup,0,8191,1.0033931010589492,1.0020684875135524,1.0056070103965997,35.19335246,5.9433677209999995,5.921449607711392
dmd-2.113.0,bv_portable,bv_portable,float,lookup,0,8191,1.0,1.0,1.0,35.19335246,5.9433677209999995,5.921449607711392
dmd-2.113.0,bv_portable,default,float,lookup,1,8191,0.9899548129151301,0.9894918155305383,0.990387533057561,35.207468563000006,5.9406551400000005,5.926529605453584
dmd-2.113.0,bv_portable,bv_direct,float,lookup,1,8191,0.9653565662121527,0.9651821599190538,0.9654731457836835,35.207468563000006,5.9406551400000005,5.926529605453584
dmd-2.113.0,bv_portable,bv_split,float,lookup,1,8191,1.0025356782848573,1.0019933050976382,1.0027634487816388,35.207468563000006,5.9406551400000005,5.926529605453584
dmd-2.113.0,bv_portable,bv_portable,float,lookup,1,8191,1.0,1.0,1.0,35.207468563000006,5.9406551400000005,5.926529605453584
dmd-2.113.0,bv_portable,default,float,lookup,2,8191,0.989578368058982,0.9893005273872764,0.9903335572985521,35.217006470499996,5.940472012,5.928317884397096
dmd-2.113.0,bv_portable,bv_direct,float,lookup,2,8191,0.9652142826214894,0.9651400786210059,0.9656906304763977,35.217006470499996,5.940472012,5.928317884397096
dmd-2.113.0,bv_portable,bv_split,float,lookup,2,8191,1.0025566581468366,1.0020792497291966,1.0035653135186784,35.217006470499996,5.940472012,5.928317884397096
dmd-2.113.0,bv_portable,bv_portable,float,lookup,2,8191,1.0,1.0,1.0,35.217006470499996,5.940472012,5.928317884397096
dmd-2.113.0,bv_portable,default,float,lookupApply,0,8191,0.9986584432647555,0.9984069697280119,0.9990362617747793,42.373107679,11.932067208,3.551195860729852
dmd-2.113.0,bv_portable,bv_direct,float,lookupApply,0,8191,1.0122090667722345,1.010863206397561,1.0136274386193276,42.373107679,11.932067208,3.551195860729852
dmd-2.113.0,bv_portable,bv_split,float,lookupApply,0,8191,1.0019267996253307,1.0017190326500558,1.00232378001594,42.373107679,11.932067208,3.551195860729852
dmd-2.113.0,bv_portable,bv_portable,float,lookupApply,0,8191,1.0,1.0,1.0,42.373107679,11.932067208,3.551195860729852
dmd-2.113.0,bv_portable,default,float,lookupApply,1,8191,0.9989462022730025,0.9984967279037156,0.9995764010434288,42.358610060000004,11.9136895675,3.5554569237352256
dmd-2.113.0,bv_portable,bv_direct,float,lookupApply,1,8191,1.0127176272483194,1.0128431602241774,1.013073485435036,42.358610060000004,11.9136895675,3.5554569237352256
dmd-2.113.0,bv_portable,bv_split,float,lookupApply,1,8191,1.0023507795430244,1.001953353551147,1.0030553202192651,42.358610060000004,11.9136895675,3.5554569237352256
dmd-2.113.0,bv_portable,bv_portable,float,lookupApply,1,8191,1.0,1.0,1.0,42.358610060000004,11.9136895675,3.5554569237352256
dmd-2.113.0,bv_portable,default,float,lookupApply,2,8191,0.9988922910592154,0.9988291241917077,0.999936974413703,42.363569772,11.909870589499999,3.5570134413843792
dmd-2.113.0,bv_portable,bv_direct,float,lookupApply,2,8191,1.0128332132519986,1.012443051870649,1.0135641459846636,42.363569772,11.909870589499999,3.5570134413843792
dmd-2.113.0,bv_portable,bv_split,float,lookupApply,2,8191,1.0025756484070452,1.0024309869792583,1.0026569874261069,42.363569772,11.909870589499999,3.5570134413843792
dmd-2.113.0,bv_portable,bv_portable,float,lookupApply,2,8191,1.0,1.0,1.0,42.363569772,11.909870589499999,3.5570134413843792
dmd-2.113.0,bv_portable,default,float,prepared,0,8191,0.999797570839696,0.9995584339200446,1.0008282411632317,20.731595654,0.726674094,28.529427187753853
dmd-2.113.0,bv_portable,bv_direct,float,prepared,0,8191,1.0000736105905919,0.9997424197907114,1.0011963483817319,20.731595654,0.726674094,28.529427187753853
dmd-2.113.0,bv_portable,bv_split,float,prepared,0,8191,0.9998159734752851,0.9996318928056209,1.000183985870667,20.731595654,0.726674094,28.529427187753853
dmd-2.113.0,bv_portable,bv_portable,float,prepared,0,8191,1.0,1.0,1.0,20.731595654,0.726674094,28.529427187753853
dmd-2.113.0,bv_portable,default,float,prepared,1,8191,0.9997975074909129,0.9997422965148287,0.9998159430392952,20.7251098765,0.726727506,28.51840573721177
dmd-2.113.0,bv_portable,bv_direct,float,prepared,1,8191,0.999944774792181,0.9997423202308917,1.000055227265236,20.7251098765,0.726727506,28.51840573721177
dmd-2.113.0,bv_portable,bv_split,float,prepared,1,8191,1.0002024925090873,0.9998527544073145,1.000349772663745,20.7251098765,0.726727506,28.51840573721177
dmd-2.113.0,bv_portable,bv_portable,float,prepared,1,8191,1.0,1.0,1.0,20.7251098765,0.726727506,28.51840573721177
dmd-2.113.0,bv_portable,default,float,prepared,2,8191,0.9995767312786505,0.9993559664834094,0.999852757117424,20.7312141375,0.726727506,28.52680539313452
dmd-2.113.0,bv_portable,bv_direct,float,prepared,2,8191,0.9998895820580107,0.9996687218121187,1.0028705492662762,20.7312141375,0.726727506,28.52680539313452
dmd-2.113.0,bv_portable,bv_split,float,prepared,2,8191,0.9996687461981506,0.9996503818039014,0.9997975410334429,20.7312141375,0.726727506,28.52680539313452
dmd-2.113.0,bv_portable,bv_portable,float,prepared,2,8191,1.0,1.0,1.0,20.7312141375,0.726727506,28.52680539313452
dmd-2.113.0,bv_portable,default,float,vienot,0,8191,5.778608496459985,5.668190837732936,5.796744390728418,4.3374587965,0.726517672,5.970204117072049
dmd-2.113.0,bv_portable,bv_direct,float,vienot,0,8191,1.197202920103866,1.1542576136657847,1.23897932239392,4.3374587965,0.726517672,5.970204117072049
dmd-2.113.0,bv_portable,bv_split,float,vienot,0,8191,1.0327205558965822,1.005003882366378,1.0579850418809462,4.3374587965,0.726517672,5.970204117072049
dmd-2.113.0,bv_portable,bv_portable,float,vienot,0,8191,1.0,1.0,1.0,4.3374587965,0.726517672,5.970204117072049
dmd-2.113.0,bv_portable,default,float,vienot,1,8191,5.735870616290683,5.731979606686428,5.749033052449926,4.3405109265,0.726559639,5.974060068178382
dmd-2.113.0,bv_portable,bv_direct,float,vienot,1,8191,1.1934604904167612,1.191279887550634,1.2097398032424107,4.3405109265,0.726559639,5.974060068178382
dmd-2.113.0,bv_portable,bv_split,float,vienot,1,8191,1.0559901556787383,1.0513361463339408,1.0563120443309284,4.3405109265,0.726559639,5.974060068178382
dmd-2.113.0,bv_portable,bv_portable,float,vienot,1,8191,1.0,1.0,1.0,4.3405109265,0.726559639,5.974060068178382
dmd-2.113.0,bv_compiler,default,double,brettel,0,8191,3.217647527281703,3.187734322599667,3.288243914318186,9.5814003175,4.6611944515,2.0555676055129277
dmd-2.113.0,bv_compiler,bv_direct,double,brettel,0,8191,2.0413713466575447,2.022268008538869,2.0884962956742585,9.5814003175,4.6611944515,2.0555676055129277
dmd-2.113.0,bv_compiler,bv_split,double,brettel,0,8191,0.9844708130785185,0.9593906626177235,1.0185622404884607,9.5814003175,4.6611944515,2.0555676055129277
dmd-2.113.0,bv_compiler,bv_portable,double,brettel,0,8191,0.989049932314343,0.9789257665874335,1.0012212000377512,9.5814003175,4.6611944515,2.0555676055129277
dmd-2.113.0,bv_compiler,default,double,brettel,1,8191,3.29336861261736,3.286710401577096,3.315554442575076,9.228116225,4.8982534184999995,1.883960554214433
dmd-2.113.0,bv_compiler,bv_direct,double,brettel,1,8191,2.131718207417787,2.114659405078703,2.1830057175807847,9.228116225,4.8982534184999995,1.883960554214433
dmd-2.113.0,bv_compiler,bv_split,double,brettel,1,8191,1.0179014387088519,1.0158435449853411,1.0283377154432864,9.228116225,4.8982534184999995,1.883960554214433
dmd-2.113.0,bv_compiler,bv_portable,double,brettel,1,8191,1.0112452455593124,1.0038488597998587,1.0208255080744795,9.228116225,4.8982534184999995,1.883960554214433
dmd-2.113.0,bv_compiler,default,double,brettel,2,8191,3.2489155551932356,3.262356505115663,3.2863894140607894,9.410862532,4.653712917,2.0222267036761434
dmd-2.113.0,bv_compiler,bv_direct,double,brettel,2,8191,2.0781611059027636,2.024274553602023,2.108366894079473,9.410862532,4.653712917,2.0222267036761434
dmd-2.113.0,bv_compiler,bv_split,double,brettel,2,8191,1.0167835569760928,0.9976881377870143,1.0365332456914707,9.410862532,4.653712917,2.0222267036761434
dmd-2.113.0,bv_compiler,bv_portable,double,brettel,2,8191,1.0139052174606773,0.9991032121379841,1.0297115147292744,9.410862532,4.653712917,2.0222267036761434
dmd-2.113.0,bv_compiler,default,double,lookup,0,8191,0.9973467925228118,0.9071153366397625,0.9990993397744198,50.0404407275,7.165795537999999,6.983235910393625
dmd-2.113.0,bv_compiler,bv_direct,double,lookup,0,8191,0.9946402159213477,0.9038376250807721,0.9953669427287498,50.0404407275,7.165795537999999,6.983235910393625
dmd-2.113.0,bv_compiler,bv_split,double,lookup,0,8191,0.9943657461764708,0.9022160933536881,1.0261344120975537,50.0404407275,7.165795537999999,6.983235910393625
dmd-2.113.0,bv_compiler,bv_portable,double,lookup,0,8191,0.9984599197992745,0.9060828228581316,0.9979162691286121,50.0404407275,7.165795537999999,6.983235910393625
dmd-2.113.0,bv_compiler,default,double,lookup,1,8191,0.9968495888492112,0.9028379459754601,1.0032190814823432,50.014497619,7.179545385,6.966248548758216
dmd-2.113.0,bv_compiler,bv_direct,double,lookup,1,8191,0.9952019161858214,0.8997475235198383,0.9994864798475286,50.014497619,7.179545385,6.966248548758216
dmd-2.113.0,bv_compiler,bv_split,double,lookup,1,8191,0.995140891280138,0.8983471758485899,1.044469311409273,50.014497619,7.179545385,6.966248548758216
dmd-2.113.0,bv_compiler,bv_portable,double,lookup,1,8191,0.9978031031154804,0.9044314450434043,1.0016555276237957,50.014497619,7.179545385,6.966248548758216
dmd-2.113.0,bv_compiler,default,double,lookup,2,8191,0.9956986305609791,0.9026555987991141,1.0007096961329844,50.202203638,7.188266848,6.983909292678502
dmd-2.113.0,bv_compiler,bv_direct,double,lookup,2,8191,0.9929855759711421,0.8987703647602415,0.9972909448963534,50.202203638,7.188266848,6.983909292678502
dmd-2.113.0,bv_compiler,bv_split,double,lookup,2,8191,0.9953338501096656,0.8994523473220588,1.0277926161142656,50.202203638,7.188266848,6.983909292678502
dmd-2.113.0,bv_compiler,bv_portable,double,lookup,2,8191,0.9967321751614142,0.9037509041423571,1.0002213031006086,50.202203638,7.188266848,6.983909292678502
dmd-2.113.0,bv_compiler,default,double,lookupApply,0,8191,1.0019411135053586,1.0012173260015367,1.0960844009042123,63.090968746499996,11.9012979185,5.301183885870809
dmd-2.113.0,bv_compiler,bv_direct,double,lookupApply,0,8191,1.0012517460909076,0.9990715900519573,1.001535299802017,63.090968746499996,11.9012979185,5.301183885870809
dmd-2.113.0,bv_compiler,bv_split,double,lookupApply,0,8191,1.0007498382326332,0.9970519969920899,1.0013202839288173,63.090968746499996,11.9012979185,5.301183885870809
dmd-2.113.0,bv_compiler,bv_portable,double,lookupApply,0,8191,1.0009372977967355,0.9985614119924806,1.0040759223849134,63.090968746499996,11.9012979185,5.301183885870809
dmd-2.113.0,bv_compiler,default,double,lookupApply,1,8191,1.0028987436693158,1.0013935931051647,1.1005971159544392,63.043279209,11.894808326,5.30006684270803
dmd-2.113.0,bv_compiler,bv_direct,double,lookupApply,1,8191,1.0023298879252942,1.0009549020296131,1.0036471627222485,63.043279209,11.894808326,5.30006684270803
dmd-2.113.0,bv_compiler,bv_split,double,lookupApply,1,8191,1.0000907748466101,0.9987610448267743,1.001070560202329,63.043279209,11.894808326,5.30006684270803
dmd-2.113.0,bv_compiler,bv_portable,double,lookupApply,1,8191,1.0018699619924463,1.0000423385375525,1.0034294508656325,63.043279209,11.894808326,5.30006684270803
dmd-2.113.0,bv_compiler,default,double,lookupApply,2,8191,1.003491679279181,1.00213733432113,1.0977073609623773,63.0455683065,11.934291448,5.2827240378033045
dmd-2.113.0,bv_compiler,bv_direct,double,lookupApply,2,8191,1.0031709531037631,1.0010928829768957,1.0043978676985816,63.0455683065,11.934291448,5.2827240378033045
dmd-2.113.0,bv_compiler,bv_split,double,lookupApply,2,8191,1.000272314675895,0.9966126665723185,1.004918827238745,63.0455683065,11.934291448,5.2827240378033045
dmd-2.113.0,bv_compiler,bv_portable,double,lookupApply,2,8191,1.0017791225460082,1.0002415211009157,1.0037479035402244,63.0455683065,11.934291448,5.2827240378033045
dmd-2.113.0,bv_compiler,default,double,prepared,0,8191,1.000481611803206,0.9984535601484132,1.004651349828473,28.517961787,1.274436119,22.376925262740457
dmd-2.113.0,bv_compiler,bv_direct,double,prepared,0,8191,1.000227427806673,0.9981602698332392,1.0012600198369446,28.517961787,1.274436119,22.376925262740457
dmd-2.113.0,bv_compiler,bv_split,double,prepared,0,8191,0.9996387911563618,0.9973470557608519,1.0013002332221663,28.517961787,1.274436119,22.376925262740457
dmd-2.113.0,bv_compiler,bv_portable,double,prepared,0,8191,0.9993846071598286,0.9979336363912001,1.0021329684502223,28.517961787,1.274436119,22.376925262740457
dmd-2.113.0,bv_compiler,default,double,prepared,1,8191,1.0013628893276814,0.993600619895528,1.0038104151509257,28.5530612865,1.274531498,22.40278983399436
dmd-2.113.0,bv_compiler,bv_direct,double,prepared,1,8191,0.9994655336131255,0.9956313208757817,1.0027408249156,28.5530612865,1.274531498,22.40278983399436
dmd-2.113.0,bv_compiler,bv_split,double,prepared,1,8191,1.0015098675958918,0.9997997356677031,1.0023646978554617,28.5530612865,1.274531498,22.40278983399436
dmd-2.113.0,bv_compiler,bv_portable,double,prepared,1,8191,0.9977151561317579,0.995093254896852,0.9990120292321781,28.5530612865,1.274531498,22.40278983399436
dmd-2.113.0,bv_compiler,default,double,prepared,2,8191,0.9974350753547319,0.9963844491413878,1.0033956085256295,28.558784031000002,1.2754280615,22.391528689915063
dmd-2.113.0,bv_compiler,bv_direct,double,prepared,2,8191,0.9991717430975239,0.9961276538759085,1.0067643742995223,28.558784031000002,1.2754280615,22.391528689915063
dmd-2.113.0,bv_compiler,bv_split,double,prepared,2,8191,0.9995858715487619,0.9974250873899603,1.0046840607672944,28.558784031000002,1.2754280615,22.391528689915063
dmd-2.113.0,bv_compiler,bv_portable,double,prepared,2,8191,1.0018034626559762,1.0001476351433463,1.005736851942784,28.558784031000002,1.2754280615,22.391528689915063
dmd-2.113.0,bv_compiler,default,double,vienot,0,8191,4.892894946020539,4.8917989422487915,4.893800039598371,5.767000366,1.2826921315,4.496012896918594
dmd-2.113.0,bv_compiler,bv_direct,double,vienot,0,8191,0.9573961365689291,0.9544973545428487,0.9661925239778939,5.767000366,1.2826921315,4.496012896918594
dmd-2.113.0,bv_compiler,bv_split,double,vienot,0,8191,1.000330775338813,0.9970238095975884,1.0007277539246415,5.767000366,1.2826921315,4.496012896918594
dmd-2.113.0,bv_compiler,bv_portable,double,vienot,0,8191,4.96513627965322,4.958578706950124,4.973214286118265,5.767000366,1.2826921315,4.496012896918594
dmd-2.113.0,bv_compiler,default,double,vienot,1,8191,5.039417989796847,5.038418303097205,5.040084667141527,5.768526431,1.279792608,4.507391584340203
dmd-2.113.0,bv_compiler,bv_direct,double,vienot,1,8191,0.9503968255285611,0.9503405408266157,0.9528376768979181,5.768526431,1.279792608,4.507391584340203
dmd-2.113.0,bv_compiler,bv_split,double,vienot,1,8191,0.9999338624855821,0.9937181775836967,1.0001984388784393,5.768526431,1.279792608,4.507391584340203
dmd-2.113.0,bv_compiler,bv_portable,double,vienot,1,8191,5.060648148567008,5.047691493473483,5.069166170627188,5.768526431,1.279792608,4.507391584340203
dmd-2.113.0,bv_compiler,default,float,brettel,0,8191,27.011376808756815,26.765892264340966,27.472539946200506,8.886659137999999,2.209086192,4.022776100897379
dmd-2.113.0,bv_compiler,bv_direct,float,brettel,0,8191,1.8487957755401871,1.8255467619613464,1.8872347856678653,8.886659137999999,2.209086192,4.022776100897379
dmd-2.113.0,bv_compiler,bv_split,float,brettel,0,8191,0.9704202979524701,0.9605565483339386,1.002497631521734,8.886659137999999,2.209086192,4.022776100897379
dmd-2.113.0,bv_compiler,bv_portable,float,brettel,0,8191,0.9636371442313784,0.9518338865072871,0.9913559766088947,8.886659137999999,2.209086192,4.022776100897379
dmd-2.113.0,bv_compiler,default,float,brettel,1,8191,28.664724888710563,28.455059227699667,28.89922907389912,8.383057624500001,2.2224087415,3.772059328223265
dmd-2.113.0,bv_compiler,bv_direct,float,brettel,1,8191,1.933236244450439,1.9198106766515164,1.9447044785946155,8.383057624500001,2.2224087415,3.772059328223265
dmd-2.113.0,bv_compiler,bv_split,float,brettel,1,8191,1.0299458425844916,1.015146034849629,1.0558002936446917,8.383057624500001,2.2224087415,3.772059328223265
dmd-2.113.0,bv_compiler,bv_portable,float,brettel,1,8191,1.0285805306049403,1.0140627133058782,1.0501853694181513,8.383057624500001,2.2224087415,3.772059328223265
dmd-2.113.0,bv_compiler,default,float,brettel,2,8191,27.533526163036687,27.18804418462076,28.119575916172167,8.7054388965,2.304129532,3.778189887156049
dmd-2.113.0,bv_compiler,bv_direct,float,brettel,2,8191,1.8619072661593976,1.839419536504443,1.8989105985519914,8.7054388965,2.304129532,3.778189887156049
dmd-2.113.0,bv_compiler,bv_split,float,brettel,2,8191,0.9921991410418948,0.9742690058746458,1.0112909628326963,8.7054388965,2.304129532,3.778189887156049
dmd-2.113.0,bv_compiler,bv_portable,float,brettel,2,8191,1.0020597773659876,0.9931990470393846,1.024917240799152,8.7054388965,2.304129532,3.778189887156049
dmd-2.113.0,bv_compiler,default,float,lookup,0,8191,0.984137069504151,0.9833779814733378,0.9841986212899708,35.4268404345,5.948319802,5.955772657446638
dmd-2.113.0,bv_compiler,bv_direct,float,lookup,0,8191,0.9594757586933461,0.9583427471063708,0.9595756139678547,35.4268404345,5.948319802,5.955772657446638
dmd-2.113.0,bv_compiler,bv_split,float,lookup,0,8191,0.996780029728846,0.995481393030913,0.998159192212278,35.4268404345,5.948319802,5.955772657446638
dmd-2.113.0,bv_compiler,bv_portable,float,lookup,0,8191,0.9934092916095159,0.9925937089665035,0.9934265027144163,35.4268404345,5.948319802,5.955772657446638
dmd-2.113.0,bv_compiler,default,float,lookup,1,8191,0.9841639195946539,0.9837264405050969,0.9845194234448966,35.414631913,5.944237577999999,5.9578089617534475
dmd-2.113.0,bv_compiler,bv_direct,float,lookup,1,8191,0.9597095641285989,0.959558427582455,0.9597526555125148,35.414631913,5.944237577999999,5.9578089617534475
dmd-2.113.0,bv_compiler,bv_split,float,lookup,1,8191,0.9966711912525421,0.9961550888676516,0.9968220110750697,35.414631913,5.944237577999999,5.9578089617534475
dmd-2.113.0,bv_compiler,bv_portable,float,lookup,1,8191,0.9941503458087912,0.9940749359045866,0.9942145465971188,35.414631913,5.944237577999999,5.9578089617534475
dmd-2.113.0,bv_compiler,default,float,lookup,2,8191,0.9840561911419237,0.984172475833194,0.9843492497776647,35.414631913,5.943180778,5.9588683628967
dmd-2.113.0,bv_compiler,bv_direct,float,lookup,2,8191,0.9598280654167194,0.9598116643124469,0.9601594483920316,35.414631913,5.943180778,5.9588683628967
dmd-2.113.0,bv_compiler,bv_split,float,lookup,2,8191,0.9969620580480887,0.9969079939565006,0.9975010502115016,35.414631913,5.943180778,5.9588683628967
dmd-2.113.0,bv_compiler,bv_portable,float,lookup,2,8191,0.9944196669053206,0.9939572808809877,0.9948394742490742,35.414631913,5.943180778,5.9588683628967
dmd-2.113.0,bv_compiler,default,float,lookupApply,0,8191,0.9932657520596039,0.9928111011661502,0.9935424932633882,42.603162007,11.933520784999999,3.5700412958219863
dmd-2.113.0,bv_compiler,bv_direct,float,lookupApply,0,8191,1.0067432030738186,1.0059380401822104,1.0078450337204143,42.603162007,11.933520784999999,3.5700412958219863
dmd-2.113.0,bv_compiler,bv_split,float,lookupApply,0,8191,0.9965164595065591,0.9960966875581474,0.9968384190263154,42.603162007,11.933520784999999,3.5700412958219863
dmd-2.113.0,bv_compiler,bv_portable,float,lookupApply,0,8191,0.9946000644749748,0.9942953350722338,0.9951277619126107,42.603162007,11.933520784999999,3.5700412958219863
dmd-2.113.0,bv_compiler,default,float,lookupApply,1,8191,0.9930964085218329,0.9927684101262607,0.9931497036075466,42.608121718999996,11.913617080000002,3.576421957570588
dmd-2.113.0,bv_compiler,bv_direct,float,lookupApply,1,8191,1.0067871885178887,1.006285985476946,1.0071868399361985,42.608121718999996,11.913617080000002,3.576421957570588
dmd-2.113.0,bv_compiler,bv_split,float,lookupApply,1,8191,0.9964810487073609,0.9962052053129675,0.9965615122200461,42.608121718999996,11.913617080000002,3.576421957570588
dmd-2.113.0,bv_compiler,bv_portable,float,lookupApply,1,8191,0.9941440352464838,0.9935259722287306,0.9942630580377753,42.608121718999996,11.913617080000002,3.576421957570588
dmd-2.113.0,bv_compiler,default,float,lookupApply,2,8191,0.993159087041614,0.993034665512185,0.9944394699208645,42.608121718999996,11.910816749999999,3.5772628034933036
dmd-2.113.0,bv_compiler,bv_direct,float,lookupApply,2,8191,1.0070199944501808,1.006777324168613,1.007710010479332,42.608121718999996,11.910816749999999,3.5772628034933036
dmd-2.113.0,bv_compiler,bv_split,float,lookupApply,2,8191,0.9968213035323826,0.9964278040407647,0.9969197707769468,42.608121718999996,11.910816749999999,3.5772628034933036
dmd-2.113.0,bv_compiler,bv_portable,float,lookupApply,2,8191,0.9942604382184971,0.9939657642196481,0.9945021490018789,42.608121718999996,11.910816749999999,3.5772628034933036
dmd-2.113.0,bv_compiler,default,float,prepared,0,8191,0.9998527706664683,0.9991171114744976,1.0009572019999655,20.730451105,0.7267694725,28.524108248093757
dmd-2.113.0,bv_compiler,bv_direct,float,prepared,0,8191,1.0001288256577956,0.9993378335998468,1.0013253566505955,20.730451105,0.7267694725,28.524108248093757
dmd-2.113.0,bv_compiler,bv_split,float,prepared,0,8191,0.9998711743180853,0.9993746206167206,1.0005889931874423,20.730451105,0.7267694725,28.524108248093757
dmd-2.113.0,bv_compiler,bv_portable,float,prepared,0,8191,1.0000552110030891,0.9994849816914482,1.000404932814859,20.730451105,0.7267694725,28.524108248093757
dmd-2.113.0,bv_compiler,default,float,prepared,1,8191,0.9998343182042916,0.9998159057670812,1.000000000024126,20.724346844,0.7267732875,28.51555939168994
dmd-2.113.0,bv_compiler,bv_direct,float,prepared,1,8191,0.999981590927672,0.9999263636624359,1.000073637717294,20.724346844,0.7267732875,28.51555939168994
dmd-2.113.0,bv_compiler,bv_split,float,prepared,1,8191,1.0002393181332727,1.000036818168782,1.0003681885382174,20.724346844,0.7267732875,28.51555939168994
dmd-2.113.0,bv_compiler,bv_portable,float,prepared,1,8191,1.000036818168782,1.0000184094353552,1.0001840908680366,20.724346844,0.7267732875,28.51555939168994
dmd-2.113.0,bv_compiler,default,float,prepared,2,8191,0.9998895475511071,0.9996319131299364,0.9998895353017566,20.72472836,0.72670843,28.518629349049938
dmd-2.113.0,bv_compiler,bv_direct,float,prepared,2,8191,1.0002024962367226,0.9996687218121187,1.003405994564922,20.72472836,0.72670843,28.518629349049938
dmd-2.113.0,bv_compiler,bv_split,float,prepared,2,8191,0.9999815912665597,0.9996687218121187,1.0001841078143203,20.72472836,0.72670843,28.518629349049938
dmd-2.113.0,bv_compiler,bv_portable,float,prepared,2,8191,1.0003129487338671,0.9998895800500709,1.0005339126760056,20.72472836,0.72670843,28.518629349049938
dmd-2.113.0,bv_compiler,default,float,vienot,0,8191,5.640680003690236,5.63069791432366,5.684866314614869,4.443520327,0.7267465815,6.114263816458006
dmd-2.113.0,bv_compiler,bv_direct,float,vienot,0,8191,1.1686271142830311,1.157653370213773,1.2044307586910599,4.443520327,0.7267465815,6.114263816458006
dmd-2.113.0,bv_compiler,bv_split,float,vienot,0,8191,1.0080707479342652,0.9988840244649572,1.028483448952444,4.443520327,0.7267465815,6.114263816458006
dmd-2.113.0,bv_compiler,bv_portable,float,vienot,0,8191,0.9761311926817253,0.972115302428045,1.0029419399168646,4.443520327,0.7267465815,6.114263816458006
dmd-2.113.0,bv_compiler,default,float,vienot,1,8191,5.427228875168596,5.418230118073144,5.440109798773488,4.587351972,0.7266931695000001,6.312639452984428
dmd-2.113.0,bv_compiler,bv_direct,float,vienot,1,8191,1.1292415168094279,1.1270791748830733,1.1447346532093488,4.587351972,0.7266931695000001,6.312639452984428
dmd-2.113.0,bv_compiler,bv_split,float,vienot,1,8191,0.9991683300031724,0.9946773119549067,0.9981736677301918,4.587351972,0.7266931695000001,6.312639452984428
dmd-2.113.0,bv_compiler,bv_portable,float,vienot,1,8191,0.9461909513360532,0.9449609829663908,0.9462651804472073,4.587351972,0.7266931695000001,6.312639452984428
dmd-2.113.0,bv_portable,default,double,brettel,0,65536,2.661813389608222,2.661063481167191,2.69101872954099,12.012767792,4.8420195580000005,2.4809416087864546
dmd-2.113.0,bv_portable,bv_direct,double,brettel,0,65536,1.8442756999560257,1.8436773030833076,1.84650811630789,12.012767792,4.8420195580000005,2.4809416087864546
dmd-2.113.0,bv_portable,bv_split,double,brettel,0,65536,0.9997935901581606,0.9976632455198204,1.0037670620411778,12.012767792,4.8420195580000005,2.4809416087864546
dmd-2.113.0,bv_portable,bv_portable,double,brettel,0,65536,1.0,1.0,1.0,12.012767792,4.8420195580000005,2.4809416087864546
dmd-2.113.0,bv_portable,default,double,brettel,1,65536,2.656561733369862,2.6543329549071952,2.65867049612822,12.031507492,4.985443592,2.4133273739786403
dmd-2.113.0,bv_portable,bv_direct,double,brettel,1,65536,1.8439118734498812,1.840470189837185,1.846710753378942,12.031507492,4.985443592,2.4133273739786403
dmd-2.113.0,bv_portable,bv_split,double,brettel,1,65536,1.0008283165269711,1.0002895917337553,1.0025448116713456,12.031507492,4.985443592,2.4133273739786403
dmd-2.113.0,bv_portable,bv_portable,double,brettel,1,65536,1.0,1.0,1.0,12.031507492,4.985443592,2.4133273739786403
dmd-2.113.0,bv_portable,default,double,brettel,2,65536,2.673036353355768,2.6674040306829174,2.674772204920739,12.069988251,4.893656731,2.4664558456950747
dmd-2.113.0,bv_portable,bv_direct,double,brettel,2,65536,1.8351532438040978,1.833397852646959,1.837926163968415,12.069988251,4.893656731,2.4664558456950747
dmd-2.113.0,bv_portable,bv_split,double,brettel,2,65536,0.9990044483681245,0.9977642067388254,1.0039525379262626,12.069988251,4.893656731,2.4664558456950747
dmd-2.113.0,bv_portable,bv_portable,double,brettel,2,65536,1.0,1.0,1.0,12.069988251,4.893656731,2.4664558456950747
dmd-2.113.0,bv_portable,default,double,lookup,0,65536,0.9955032294854984,0.9515491100795436,1.0003760823127668,50.1568794255,7.1928777695,6.97313106559109
dmd-2.113.0,bv_portable,bv_direct,double,lookup,0,65536,0.9948700689925859,0.9525688604550353,0.996283925963456,50.1568794255,7.1928777695,6.97313106559109
dmd-2.113.0,bv_portable,bv_split,double,lookup,0,65536,0.9954537935351682,0.9529813130684115,0.9975502284066146,50.1568794255,7.1928777695,6.97313106559109
dmd-2.113.0,bv_portable,bv_portable,double,lookup,0,65536,1.0,1.0,1.0,50.1568794255,7.1928777695,6.97313106559109
dmd-2.113.0,bv_portable,default,double,lookup,1,65536,1.000074251420517,0.9587829291945729,1.0003277157969692,50.091028213499996,7.1952118875,6.961716902391917
dmd-2.113.0,bv_portable,bv_direct,double,lookup,1,65536,0.9965949061621773,0.9549876759103344,0.9968142975585792,50.091028213499996,7.1952118875,6.961716902391917
dmd-2.113.0,bv_portable,bv_split,double,lookup,1,65536,0.9973326606327481,0.954125947327446,0.9986834208147606,50.091028213499996,7.1952118875,6.961716902391917
dmd-2.113.0,bv_portable,bv_portable,double,lookup,1,65536,1.0,1.0,1.0,50.091028213499996,7.1952118875,6.961716902391917
dmd-2.113.0,bv_portable,default,double,lookup,2,65536,0.9985769502072662,0.9549901493127329,0.9994956386999138,50.1616477965,7.1973662375,6.9694449526753015
dmd-2.113.0,bv_portable,bv_direct,double,lookup,2,65536,0.994789755560657,0.9532522750349028,0.9958128496054651,50.1616477965,7.1973662375,6.9694449526753015
dmd-2.113.0,bv_portable,bv_split,double,lookup,2,65536,0.996012228539391,0.9546731785352628,0.9965189554195987,50.1616477965,7.1973662375,6.9694449526753015
dmd-2.113.0,bv_portable,bv_portable,double,lookup,2,65536,1.0,1.0,1.0,50.1616477965,7.1973662375,6.9694449526753015
dmd-2.113.0,bv_portable,default,double,lookupApply,0,65536,1.0009451959262543,0.9236026238582604,1.0768458134091736,63.413763046499994,11.9735393525,5.296158569292179
dmd-2.113.0,bv_portable,bv_direct,double,lookupApply,0,65536,1.0588848793480663,0.9635783354246917,1.2277980052606747,63.413763046499994,11.9735393525,5.296158569292179
dmd-2.113.0,bv_portable,bv_split,double,lookupApply,0,65536,1.001185066654141,0.9621006846222093,1.002439081258323,63.413763046499994,11.9735393525,5.296158569292179
dmd-2.113.0,bv_portable,bv_portable,double,lookupApply,0,65536,1.0,1.0,1.0,63.413763046499994,11.9735393525,5.296158569292179
dmd-2.113.0,bv_portable,default,double,lookupApply,1,65536,1.0006176216102172,0.9231684526532679,1.0745750264352545,63.462829589500004,11.983603954,5.2958049876403654
dmd-2.113.0,bv_portable,bv_direct,double,lookupApply,1,65536,1.0734646618289359,0.9610716482619529,1.2272484244106556,63.462829589500004,11.983603954,5.2958049876403654
dmd-2.113.0,bv_portable,bv_split,double,lookupApply,1,65536,0.9998023911464219,0.9604326609310888,1.002568037973836,63.462829589500004,11.983603954,5.2958049876403654
dmd-2.113.0,bv_portable,bv_portable,double,lookupApply,1,65536,1.0,1.0,1.0,63.462829589500004,11.983603954,5.2958049876403654
dmd-2.113.0,bv_portable,default,double,lookupApply,2,65536,1.0018161030319979,0.9241930021326364,1.0761809730748808,63.434648514,11.98565197,5.292548846969399
dmd-2.113.0,bv_portable,bv_direct,double,lookupApply,2,65536,1.058440782330209,0.9630840238311086,1.2421020167165064,63.434648514,11.98565197,5.292548846969399
dmd-2.113.0,bv_portable,bv_split,double,lookupApply,2,65536,1.0001150098356484,0.962132540082267,1.0028900473120623,63.434648514,11.98565197,5.292548846969399
dmd-2.113.0,bv_portable,bv_portable,double,lookupApply,2,65536,1.0,1.0,1.0,63.434648514,11.98565197,5.292548846969399
dmd-2.113.0,bv_portable,default,double,prepared,0,65536,1.0028632343389992,1.0011967934704469,1.007616606337721,28.627872467,1.696228981,16.87736313178816
dmd-2.113.0,bv_portable,bv_direct,double,prepared,0,65536,1.000857804348832,1.000809389580686,1.002097301474446,28.627872467,1.696228981,16.87736313178816
dmd-2.113.0,bv_portable,bv_split,double,prepared,0,65536,1.001527391445187,0.9998064140382172,1.0034505060830556,28.627872467,1.696228981,16.87736313178816
dmd-2.113.0,bv_portable,bv_portable,double,prepared,0,65536,1.0,1.0,1.0,28.627872467,1.696228981,16.87736313178816
dmd-2.113.0,bv_portable,default,double,prepared,1,65536,1.0019852462762986,0.9997193776976081,1.0037782495055425,28.654718399,1.696809292,16.88741247121836
dmd-2.113.0,bv_portable,bv_direct,double,prepared,1,65536,0.9992278673378703,0.9979137274610067,1.0029861882559858,28.654718399,1.696809292,16.88741247121836
dmd-2.113.0,bv_portable,bv_split,double,prepared,1,65536,1.0014261157248512,0.998837659163613,1.0029462169749694,28.654718399,1.696809292,16.88741247121836
dmd-2.113.0,bv_portable,bv_portable,double,prepared,1,65536,1.0,1.0,1.0,28.654718399,1.696809292,16.88741247121836
dmd-2.113.0,bv_portable,default,double,prepared,2,65536,1.0010298969571416,0.9956077933798583,1.0033017216939655,28.659391403500003,1.6964201925,16.894040480186046
dmd-2.113.0,bv_portable,bv_direct,double,prepared,2,65536,1.0000033276003197,0.9979624810836901,1.0017083617984883,28.659391403500003,1.6964201925,16.894040480186046
dmd-2.113.0,bv_portable,bv_split,double,prepared,2,65536,1.001978267340076,1.0002316705278764,1.0031737309706352,28.659391403500003,1.6964201925,16.894040480186046
dmd-2.113.0,bv_portable,bv_portable,double,prepared,2,65536,1.0,1.0,1.0,28.659391403500003,1.6964201925,16.894040480186046
dmd-2.113.0,bv_portable,default,double,vienot,0,65536,0.9866539308076413,0.9861422816518246,0.9882706091588775,28.704404831,1.697660446,16.908213240541038
dmd-2.113.0,bv_portable,bv_direct,double,vienot,0,65536,0.1918999958518945,0.19184677368978284,0.19249304373427437,28.704404831,1.697660446,16.908213240541038
dmd-2.113.0,bv_portable,bv_split,double,vienot,0,65536,0.2016512313555727,0.2015482370410274,0.20257846155950449,28.704404831,1.697660446,16.908213240541038
dmd-2.113.0,bv_portable,bv_portable,double,vienot,0,65536,1.0,1.0,1.0,28.704404831,1.697660446,16.908213240541038
dmd-2.113.0,bv_portable,default,double,vienot,1,65536,0.9981070341751621,0.9973524388317271,0.9993416119398094,29.220342635999998,1.697241783,17.216370070945867
dmd-2.113.0,bv_portable,bv_direct,double,vienot,1,65536,0.18845454025291394,0.18809150778958153,0.18875164086239965,29.220342635999998,1.697241783,17.216370070945867
dmd-2.113.0,bv_portable,bv_split,double,vienot,1,65536,0.19800749026370862,0.1976078966876137,0.19860774611485285,29.220342635999998,1.697241783,17.216370070945867
dmd-2.113.0,bv_portable,bv_portable,double,vienot,1,65536,1.0,1.0,1.0,29.220342635999998,1.697241783,17.216370070945867
dmd-2.113.0,bv_portable,default,float,brettel,0,65536,21.68257787332916,21.65306903797,21.71503819021377,11.0784053805,2.428155899,4.56247697483612
dmd-2.113.0,bv_portable,bv_direct,float,brettel,0,65536,1.7023772117687943,1.700327724838594,1.704856980262339,11.0784053805,2.428155899,4.56247697483612
dmd-2.113.0,bv_portable,bv_split,float,brettel,0,65536,1.0091033912405405,1.0096424076466533,1.0105993538615121,11.0784053805,2.428155899,4.56247697483612
dmd-2.113.0,bv_portable,bv_portable,float,brettel,0,65536,1.0,1.0,1.0,11.0784053805,2.428155899,4.56247697483612
dmd-2.113.0,bv_portable,default,float,brettel,1,65536,21.618231588689174,21.57634953081714,22.34774090481702,11.113548279,2.5994467735,4.27535135256348
dmd-2.113.0,bv_portable,bv_direct,float,brettel,1,65536,1.692887912499615,1.6887158199875705,1.6966461581142558,11.113548279,2.5994467735,4.27535135256348
dmd-2.113.0,bv_portable,bv_split,float,brettel,1,65536,1.0173640310596972,1.0090689834011861,1.0241624914548595,11.113548279,2.5994467735,4.27535135256348
dmd-2.113.0,bv_portable,bv_portable,float,brettel,1,65536,1.0,1.0,1.0,11.113548279,2.5994467735,4.27535135256348
dmd-2.113.0,bv_portable,default,float,brettel,2,65536,21.603545949502173,21.54563516705409,21.617224941721723,11.102151871,2.649611473,4.190105600059802
dmd-2.113.0,bv_portable,bv_direct,float,brettel,2,65536,1.696957853162843,1.6925711985704823,1.6991201413256372,11.102151871,2.649611473,4.190105600059802
dmd-2.113.0,bv_portable,bv_split,float,brettel,2,65536,1.0078383706159986,1.0055451598687555,1.0104577242223505,11.102151871,2.649611473,4.190105600059802
dmd-2.113.0,bv_portable,bv_portable,float,brettel,2,65536,1.0,1.0,1.0,11.102151871,2.649611473,4.190105600059802
dmd-2.113.0,bv_portable,default,float,lookup,0,65536,0.9894571720428039,0.9888679989352489,0.9902544125496784,35.291862488,5.9549994470000005,5.926425821211331
dmd-2.113.0,bv_portable,bv_direct,float,lookup,0,65536,0.9645194589000291,0.9642619815588375,0.9648293778813636,35.291862488,5.9549994470000005,5.926425821211331
dmd-2.113.0,bv_portable,bv_split,float,lookup,0,65536,1.0015348779344933,1.0011493973383876,1.0023316419272785,35.291862488,5.9549994470000005,5.926425821211331
dmd-2.113.0,bv_portable,bv_portable,float,lookup,0,65536,1.0,1.0,1.0,35.291862488,5.9549994470000005,5.926425821211331
dmd-2.113.0,bv_portable,default,float,lookup,1,65536,0.9890726173975453,0.9887571128635309,0.9892743797870942,35.310983658,5.954302788,5.930330538306511
dmd-2.113.0,bv_portable,bv_direct,float,lookup,1,65536,0.9640552310778678,0.9638089195112916,0.9642869685612173,35.310983658,5.954302788,5.930330538306511
dmd-2.113.0,bv_portable,bv_split,float,lookup,1,65536,1.0013922554941022,1.0013783606723008,1.0015085013552258,35.310983658,5.954302788,5.930330538306511
dmd-2.113.0,bv_portable,bv_portable,float,lookup,1,65536,1.0,1.0,1.0,35.310983658,5.954302788,5.930330538306511
dmd-2.113.0,bv_portable,default,float,lookup,2,65536,0.9893676515008117,0.9883314137763917,0.9905321284491017,35.2996826175,5.9516525265,5.931072497987168
dmd-2.113.0,bv_portable,bv_direct,float,lookup,2,65536,0.9643463084601203,0.9638386291110722,0.965215980764177,35.2996826175,5.9516525265,5.931072497987168
dmd-2.113.0,bv_portable,bv_split,float,lookup,2,65536,1.0016912336761468,1.001217896882378,1.0024805174749645,35.2996826175,5.9516525265,5.931072497987168
dmd-2.113.0,bv_portable,bv_portable,float,lookup,2,65536,1.0,1.0,1.0,35.2996826175,5.9516525265,5.931072497987168
dmd-2.113.0,bv_portable,default,float,lookupApply,0,65536,0.9987303964698714,0.9985021337839995,0.999161087976726,42.402935028499996,12.7050457,3.337487800496459
dmd-2.113.0,bv_portable,bv_direct,float,lookupApply,0,65536,1.012630811879886,1.0122406935375912,1.012893794311009,42.402935028499996,12.7050457,3.337487800496459
dmd-2.113.0,bv_portable,bv_split,float,lookupApply,0,65536,1.0021118825369002,1.001845344184938,1.0024863733099367,42.402935028499996,12.7050457,3.337487800496459
dmd-2.113.0,bv_portable,bv_portable,float,lookupApply,0,65536,1.0,1.0,1.0,42.402935028499996,12.7050457,3.337487800496459
dmd-2.113.0,bv_portable,default,float,lookupApply,1,65536,0.9987571492153102,0.998528399969632,0.9989919366150724,42.39487647999999,12.7034497265,3.3372727402984297
dmd-2.113.0,bv_portable,bv_direct,float,lookupApply,1,65536,1.0126838266353646,1.012202251131734,1.0129757804945585,42.39487647999999,12.7034497265,3.3372727402984297
dmd-2.113.0,bv_portable,bv_split,float,lookupApply,1,65536,1.0022540027105653,1.0017470331940945,1.0026292903078322,42.39487647999999,12.7034497265,3.3372727402984297
dmd-2.113.0,bv_portable,bv_portable,float,lookupApply,1,65536,1.0,1.0,1.0,42.39487647999999,12.7034497265,3.3372727402984297
dmd-2.113.0,bv_portable,default,float,lookupApply,2,65536,0.9987461752638301,0.9985753944637555,0.9989907820279346,42.404127121,12.7030177115,3.3381144609923425
dmd-2.113.0,bv_portable,bv_direct,float,lookupApply,2,65536,1.0123785673503476,1.0120489920327111,1.0129746952976149,42.404127121,12.7030177115,3.3381144609923425
dmd-2.113.0,bv_portable,bv_split,float,lookupApply,2,65536,1.0021354378134377,1.0017382407302295,1.0023184977209059,42.404127121,12.7030177115,3.3381144609923425
dmd-2.113.0,bv_portable,bv_portable,float,lookupApply,2,65536,1.0,1.0,1.0,42.404127121,12.7030177115,3.3381144609923425
dmd-2.113.0,bv_portable,default,float,prepared,0,65536,1.0002021534175438,0.9998966299154051,1.0001860866897225,20.757341384500002,0.8231911655,25.215699893829825
dmd-2.113.0,bv_portable,bv_direct,float,prepared,0,65536,1.000027566391543,0.9997725607072082,1.0000597249623882,20.757341384500002,0.8231911655,25.215699893829825
dmd-2.113.0,bv_portable,bv_split,float,prepared,0,65536,0.9998552765768817,0.9995314567115933,1.0000735157334366,20.757341384500002,0.8231911655,25.215699893829825
dmd-2.113.0,bv_portable,bv_portable,float,prepared,0,65536,1.0,1.0,1.0,20.757341384500002,0.8231911655,25.215699893829825
dmd-2.113.0,bv_portable,default,float,prepared,1,65536,0.9998277639951194,0.9995752409037569,1.0001056815103935,20.76382637,0.8240618705,25.19692648490281
dmd-2.113.0,bv_portable,bv_direct,float,prepared,1,65536,0.9997037540725687,0.9993410494287226,1.0003583982033881,20.76382637,0.8240618705,25.19692648490281
dmd-2.113.0,bv_portable,bv_split,float,prepared,1,65536,0.9999632563147849,0.999710704627244,1.000160819691824,20.76382637,0.8240618705,25.19692648490281
dmd-2.113.0,bv_portable,bv_portable,float,prepared,1,65536,1.0,1.0,1.0,20.76382637,0.8240618705,25.19692648490281
dmd-2.113.0,bv_portable,default,float,prepared,2,65536,0.999839180284082,0.9995707188898173,0.9998529452463474,20.755290985000002,0.8237791059999999,25.195214146400073
dmd-2.113.0,bv_portable,bv_direct,float,prepared,2,65536,1.000174604273321,0.9992814706449797,1.000480161757655,20.755290985000002,0.8237791059999999,25.195214146400073
dmd-2.113.0,bv_portable,bv_split,float,prepared,2,65536,1.0000712201771138,0.999455937860147,1.0001401429159484,20.755290985000002,0.8237791059999999,25.195214146400073
dmd-2.113.0,bv_portable,bv_portable,float,prepared,2,65536,1.0,1.0,1.0,20.755290985000002,0.8237791059999999,25.195214146400073
dmd-2.113.0,bv_portable,default,float,vienot,0,65536,5.839047576573281,5.8231973679421305,5.867962724030559,4.333686829,0.8228321075,5.266793540868239
dmd-2.113.0,bv_portable,bv_direct,float,vienot,0,65536,1.200376303771903,1.1995246531232255,1.20113102496168,4.333686829,0.8228321075,5.266793540868239
dmd-2.113.0,bv_portable,bv_split,float,vienot,0,65536,1.054619074783172,1.0513032092488097,1.0572396871327097,4.333686829,0.8228321075,5.266793540868239
dmd-2.113.0,bv_portable,bv_portable,float,vienot,0,65536,1.0,1.0,1.0,4.333686829,0.8228321075,5.266793540868239
dmd-2.113.0,bv_portable,default,float,vienot,1,65536,5.827827310933508,5.797330457203646,5.840214453396779,4.3373584745,0.8238010405,5.26505583419447
dmd-2.113.0,bv_portable,bv_direct,float,vienot,1,65536,1.1971614209495516,1.1927116520764356,1.1990932798318046,4.3373584745,0.8238010405,5.26505583419447
dmd-2.113.0,bv_portable,bv_split,float,vienot,1,65536,1.0544958828950026,1.0539539891687195,1.0578914355721003,4.3373584745,0.8238010405,5.26505583419447
dmd-2.113.0,bv_portable,bv_portable,float,vienot,1,65536,1.0,1.0,1.0,4.3373584745,0.8238010405,5.26505583419447
dmd-2.113.0,bv_compiler,default,double,brettel,0,65536,2.6570040653197875,2.651222203315111,2.6844648082845763,12.034511565999999,4.846687317000001,2.4830385743656995
dmd-2.113.0,bv_compiler,bv_direct,double,brettel,0,65536,1.8409434904356303,1.8376868106376723,1.846673604928082,12.034511565999999,4.846687317000001,2.4830385743656995
dmd-2.113.0,bv_compiler,bv_split,double,brettel,0,65536,0.9979871781777637,0.9971487068107032,0.9989717751979947,12.034511565999999,4.846687317000001,2.4830385743656995
dmd-2.113.0,bv_compiler,bv_portable,double,brettel,0,65536,0.9981932150814139,0.9952227095064947,1.001251271133959,12.034511565999999,4.846687317000001,2.4830385743656995
dmd-2.113.0,bv_compiler,default,double,brettel,1,65536,2.6633171619212477,2.6619123651838343,2.6673010917628592,12.000989914,4.981466293,2.4091279972854367
dmd-2.113.0,bv_compiler,bv_direct,double,brettel,1,65536,1.8486007970158853,1.8479424138394656,1.8528545148747189,12.000989914,4.981466293,2.4091279972854367
dmd-2.113.0,bv_compiler,bv_split,double,brettel,1,65536,1.0033733445982462,1.0015093020659749,1.0070636203336978,12.000989914,4.981466293,2.4091279972854367
dmd-2.113.0,bv_compiler,bv_portable,double,brettel,1,65536,1.0025429217271817,1.0012193572164492,1.0045073383351502,12.000989914,4.981466293,2.4091279972854367
dmd-2.113.0,bv_compiler,default,double,brettel,2,65536,2.6791646703775553,2.6709889493702064,2.6760595121931243,12.042379379,4.902463436,2.4563935124064025
dmd-2.113.0,bv_compiler,bv_direct,double,brettel,2,65536,1.8393605943129954,1.8353265615243226,1.8388820875296301,12.042379379,4.902463436,2.4563935124064025
dmd-2.113.0,bv_compiler,bv_split,double,brettel,2,65536,1.00129480852656,1.0007488143947019,1.0025325257829505,12.042379379,4.902463436,2.4563935124064025
dmd-2.113.0,bv_compiler,bv_portable,double,brettel,2,65536,1.0022926426025196,0.9985855784116596,1.0029912955743638,12.042379379,4.902463436,2.4563935124064025
dmd-2.113.0,bv_compiler,default,double,lookup,0,65536,0.9958033339370838,0.9973460575012332,0.9990320571678656,50.141763687,7.185394287499999,6.978289803000599
dmd-2.113.0,bv_compiler,bv_direct,double,lookup,0,65536,0.9951699825715785,0.9949453987119249,0.9984148872714036,50.141763687,7.185394287499999,6.978289803000599
dmd-2.113.0,bv_compiler,bv_split,double,lookup,0,65536,0.9957538830837895,0.9956956101312414,0.9988471907473875,50.141763687,7.185394287499999,6.978289803000599
dmd-2.113.0,bv_compiler,bv_portable,double,lookup,0,65536,1.0003014600482416,0.9986564801291592,1.0481288321712174,50.141763687,7.185394287499999,6.978289803000599
dmd-2.113.0,bv_compiler,default,double,lookup,1,65536,0.998335099283446,0.9968022833846742,1.0014057718544058,50.178289413499996,7.1831808089999996,6.985525040749395
dmd-2.113.0,bv_compiler,bv_direct,double,lookup,1,65536,0.9948618046865777,0.9943295090461899,0.9974418000013833,50.178289413499996,7.1831808089999996,6.985525040749395
dmd-2.113.0,bv_compiler,bv_split,double,lookup,1,65536,0.9955982761851468,0.9948162831151512,0.9971217519751534,50.178289413499996,7.1831808089999996,6.985525040749395
dmd-2.113.0,bv_compiler,bv_portable,double,lookup,1,65536,0.998260976987858,0.9984362723891691,1.0444551538851847,50.178289413499996,7.1831808089999996,6.985525040749395
dmd-2.113.0,bv_compiler,default,double,lookup,2,65536,0.9988466095322298,0.9950554576438702,0.9999019427653546,50.148105621,7.1860780715,6.978508321512327
dmd-2.113.0,bv_compiler,bv_direct,double,lookup,2,65536,0.9950583921779046,0.9932446732225877,0.9962176565836518,50.148105621,7.1860780715,6.978508321512327
dmd-2.113.0,bv_compiler,bv_split,double,lookup,2,65536,0.9962811952776555,0.9947251887900372,0.9969240494362194,50.148105621,7.1860780715,6.978508321512327
dmd-2.113.0,bv_compiler,bv_portable,double,lookup,2,65536,1.0002700436104675,1.0004065090928953,1.0419536351866776,50.148105621,7.1860780715,6.978508321512327
dmd-2.113.0,bv_compiler,default,double,lookupApply,0,65536,1.0028794908170622,0.8898111530307979,1.1207383031772253,63.291454315500005,11.9975562095,5.275362182957231
dmd-2.113.0,bv_compiler,bv_direct,double,lookupApply,0,65536,1.0609311408421147,0.9783246357941238,1.231094258908159,63.291454315500005,11.9975562095,5.275362182957231
dmd-2.113.0,bv_compiler,bv_split,double,lookupApply,0,65536,1.0031198250875337,0.9645419932180729,1.005130316676381,63.291454315500005,11.9975562095,5.275362182957231
dmd-2.113.0,bv_compiler,bv_portable,double,lookupApply,0,65536,1.0019324683296151,0.9634134096692992,1.0407602362580517,63.291454315500005,11.9975562095,5.275362182957231
dmd-2.113.0,bv_compiler,default,double,lookupApply,1,65536,1.0038670168393697,0.8890447363081649,1.1214544571203084,63.257408142,11.997551918,5.272526309896149
dmd-2.113.0,bv_compiler,bv_direct,double,lookupApply,1,65536,1.076950619776786,0.9758638556196714,1.2302486269108899,63.257408142,11.997551918,5.272526309896149
dmd-2.113.0,bv_compiler,bv_split,double,lookupApply,1,65536,1.0030491390046683,0.9622607829486393,1.0050189738026016,63.257408142,11.997551918,5.272526309896149
dmd-2.113.0,bv_compiler,bv_portable,double,lookupApply,1,65536,1.0032473895711767,0.9630363058366777,1.0436260191534226,63.257408142,11.997551918,5.272526309896149
dmd-2.113.0,bv_compiler,default,double,lookupApply,2,65536,1.0040524108809643,0.890403429844089,1.1210505632114027,63.293361664,12.0057272915,5.271930648367419
dmd-2.113.0,bv_compiler,bv_direct,double,lookupApply,2,65536,1.0608034908373167,0.976171722462534,1.2441337865224946,63.293361664,12.0057272915,5.271930648367419
dmd-2.113.0,bv_compiler,bv_split,double,lookupApply,2,65536,1.0023475204127847,0.9621015581915362,1.0045305258632857,63.293361664,12.0057272915,5.271930648367419
dmd-2.113.0,bv_compiler,bv_portable,double,lookupApply,2,65536,1.0022322538459885,0.9634388355997333,1.041693350151248,63.293361664,12.0057272915,5.271930648367419
dmd-2.113.0,bv_compiler,default,double,prepared,0,65536,1.0013005004004611,1.0004590703801577,1.0025138352345377,28.672552109,1.6996350285,16.869828891620777
dmd-2.113.0,bv_compiler,bv_direct,double,prepared,0,65536,0.999298195416177,0.9957410915784247,1.0013589148527193,28.672552109,1.6996350285,16.869828891620777
dmd-2.113.0,bv_compiler,bv_split,double,prepared,0,65536,0.9999667391135474,0.9947431953037879,1.0018329549387124,28.672552109,1.6996350285,16.869828891620777
dmd-2.113.0,bv_compiler,bv_portable,double,prepared,0,65536,0.998441727760049,0.9949358009077186,0.9992631587564996,28.672552109,1.6996350285,16.869828891620777
dmd-2.113.0,bv_compiler,default,double,prepared,1,65536,1.0019102196661136,1.0002610792075548,1.004689163528254,28.6568641665,1.7021627430000001,16.835560691449114
dmd-2.113.0,bv_compiler,bv_direct,double,prepared,1,65536,0.9991530471945925,0.9962645353382557,1.0034659760386615,28.6568641665,1.7021627430000001,16.835560691449114
dmd-2.113.0,bv_compiler,bv_split,double,prepared,1,65536,1.0013511309812209,0.9982443814261237,1.0038030618119633,28.6568641665,1.7021627430000001,16.835560691449114
dmd-2.113.0,bv_compiler,bv_portable,double,prepared,1,65536,0.9999251220410045,0.9983473600198415,1.0049711808548631,28.6568641665,1.7021627430000001,16.835560691449114
dmd-2.113.0,bv_compiler,default,double,prepared,2,65536,1.0004073793909267,0.9990685149604592,0.9998338334973738,28.677225113,1.70183754,16.8507418828004
dmd-2.113.0,bv_compiler,bv_direct,double,prepared,2,65536,0.9993814484340761,0.9976081240786489,1.0014313875324754,28.677225113,1.70183754,16.8507418828004
dmd-2.113.0,bv_compiler,bv_split,double,prepared,2,65536,1.0013551600040405,0.9961374772671622,1.004792398808592,28.677225113,1.70183754,16.8507418828004
dmd-2.113.0,bv_compiler,bv_portable,double,prepared,2,65536,0.9993781229031148,0.9959067550235102,1.0034759888418034,28.677225113,1.70183754,16.8507418828004
dmd-2.113.0,bv_compiler,default,double,vienot,0,65536,4.898926912814933,4.893117375373491,4.901692648951682,5.7811260225000005,1.6993718150000001,3.4019194454510826
dmd-2.113.0,bv_compiler,bv_direct,double,vienot,0,65536,0.9528204620625013,0.9512830661771272,0.955126937014611,5.7811260225000005,1.6993718150000001,3.4019194454510826
dmd-2.113.0,bv_compiler,bv_split,double,vienot,0,65536,1.00123722558065,0.9999835081351541,1.0066847677526651,5.7811260225000005,1.6993718150000001,3.4019194454510826
dmd-2.113.0,bv_compiler,bv_portable,double,vienot,0,65536,4.965192718387934,4.958358071094575,4.969357354197134,5.7811260225000005,1.6993718150000001,3.4019194454510826
dmd-2.113.0,bv_compiler,default,double,vienot,1,65536,5.04649339931379,5.0296666613271634,5.053230149254092,5.7792663575,1.700723171,3.3981229020957464
dmd-2.113.0,bv_compiler,bv_direct,double,vienot,1,65536,0.9528382837648091,0.946660856212797,0.9560035679775121,5.7792663575,1.700723171,3.3981229020957464
dmd-2.113.0,bv_compiler,bv_split,double,vienot,1,65536,1.0011386138123672,0.9983599261465876,1.0023208180465377,5.7792663575,1.700723171,3.3981229020957464
dmd-2.113.0,bv_compiler,bv_portable,double,vienot,1,65536,5.056064356348538,5.032980315474046,5.064875534906956,5.7792663575,1.700723171,3.3981229020957464
dmd-2.113.0,bv_compiler,default,float,brettel,0,65536,21.34657270710506,21.15097215116096,21.525121120085718,11.252784729,2.4587311745,4.576663299227225
dmd-2.113.0,bv_compiler,bv_direct,float,brettel,0,65536,1.675996237082196,1.6605719131312346,1.6868233746423074,11.252784729,2.4587311745,4.576663299227225
dmd-2.113.0,bv_compiler,bv_split,float,brettel,0,65536,0.9934657694276771,0.9834161128203495,1.0022984970399824,11.252784729,2.4587311745,4.576663299227225
dmd-2.113.0,bv_compiler,bv_portable,float,brettel,0,65536,0.9845034493505771,0.9740241746704817,0.9920577956831419,11.252784729,2.4587311745,4.576663299227225
dmd-2.113.0,bv_compiler,default,float,brettel,1,65536,21.338983050959605,21.339891043940725,21.94050652150588,11.258983612000002,2.6045207975,4.3228618572779896
dmd-2.113.0,bv_compiler,bv_direct,float,brettel,1,65536,1.6710204219897569,1.6657288204361576,1.6756014622130329,11.258983612000002,2.6045207975,4.3228618572779896
dmd-2.113.0,bv_compiler,bv_split,float,brettel,1,65536,1.0042224650233373,0.9987387585023391,1.0105609638274702,11.258983612000002,2.6045207975,4.3228618572779896
dmd-2.113.0,bv_compiler,bv_portable,float,brettel,1,65536,0.9870827298438383,0.9817773803157276,0.9922341239305533,11.258983612000002,2.6045207975,4.3228618572779896
dmd-2.113.0,bv_compiler,default,float,brettel,2,65536,21.36587106431792,21.25758811728451,21.444342101187935,11.225652694499999,2.651442051,4.233791453321111
dmd-2.113.0,bv_compiler,bv_direct,float,brettel,2,65536,1.6782884984256274,1.6708525827647653,1.6835277863347635,11.225652694499999,2.651442051,4.233791453321111
dmd-2.113.0,bv_compiler,bv_split,float,brettel,2,65536,0.9967504746946366,0.9936471572718252,0.9999061849913071,11.225652694499999,2.651442051,4.233791453321111
dmd-2.113.0,bv_compiler,bv_portable,float,brettel,2,65536,0.9889983391735869,0.9833634138791282,0.993164295745973,11.225652694499999,2.651442051,4.233791453321111
dmd-2.113.0,bv_compiler,default,float,lookup,0,65536,0.9848610367845543,0.9844443099933723,0.9852417877665373,35.456562042,5.9526343345,5.956448867773133
dmd-2.113.0,bv_compiler,bv_direct,float,lookup,0,65536,0.960039162008385,0.9599454535183121,0.9602581398478838,35.456562042,5.9526343345,5.956448867773133
dmd-2.113.0,bv_compiler,bv_split,float,lookup,0,65536,0.9968826404300262,0.9966707677104284,0.9972578827341083,35.456562042,5.9526343345,5.956448867773133
dmd-2.113.0,bv_compiler,bv_portable,float,lookup,0,65536,0.9953548921690459,0.9949380434768932,0.9955869278403187,35.456562042,5.9526343345,5.956448867773133
dmd-2.113.0,bv_compiler,default,float,lookup,1,65536,0.9849719206975411,0.984499926754896,0.9850389560165629,35.4579925535,5.953310012999999,5.956013121452071
dmd-2.113.0,bv_compiler,bv_direct,float,lookup,1,65536,0.9600582565027302,0.9593124757172509,0.960295670529025,35.4579925535,5.953310012999999,5.956013121452071
dmd-2.113.0,bv_compiler,bv_split,float,lookup,1,65536,0.9972404815542683,0.9966750037950274,0.9976127424434152,35.4579925535,5.953310012999999,5.956013121452071
dmd-2.113.0,bv_compiler,bv_portable,float,lookup,1,65536,0.9958539983537368,0.9951737827949959,0.9962395650068198,35.4579925535,5.953310012999999,5.956013121452071
dmd-2.113.0,bv_compiler,default,float,lookup,2,65536,0.9849384831083149,0.9840570124116106,0.9855150625832081,35.4584217075,5.952960968,5.956434436258847
dmd-2.113.0,bv_compiler,bv_direct,float,lookup,2,65536,0.9600291547889109,0.959858830038846,0.9603271417137073,35.4584217075,5.952960968,5.956434436258847
dmd-2.113.0,bv_compiler,bv_split,float,lookup,2,65536,0.9972068954784006,0.9968877631992593,0.9974029327697398,35.4584217075,5.952960968,5.956434436258847
dmd-2.113.0,bv_compiler,bv_portable,float,lookup,2,65536,0.9955232330612609,0.9949349791674613,0.995870886523923,35.4584217075,5.952960968,5.956434436258847
dmd-2.113.0,bv_compiler,default,float,lookupApply,0,65536,0.9932195466612309,0.9930259268744567,0.9936522634779357,42.638206482,12.718957424500001,3.3523350270728787
dmd-2.113.0,bv_compiler,bv_direct,float,lookupApply,0,65536,1.0070432615904419,1.0066597552901617,1.0073386574641618,42.638206482,12.718957424500001,3.3523350270728787
dmd-2.113.0,bv_compiler,bv_split,float,lookupApply,0,65536,0.9965823741774524,0.9963508016992575,0.9969592150173973,42.638206482,12.718957424500001,3.3523350270728787
dmd-2.113.0,bv_compiler,bv_portable,float,lookupApply,0,65536,0.9944821447027955,0.994288551171126,0.9945155781602691,42.638206482,12.718957424500001,3.3523350270728787
dmd-2.113.0,bv_compiler,default,float,lookupApply,1,65536,0.993202894223621,0.9932118421936592,0.9933722913451684,42.631959915500005,12.7169957165,3.3523609558337784
dmd-2.113.0,bv_compiler,bv_direct,float,lookupApply,1,65536,1.0070521230690754,1.0069755347389697,1.0073798426608485,42.631959915500005,12.7169957165,3.3523609558337784
dmd-2.113.0,bv_compiler,bv_split,float,lookupApply,1,65536,0.9966803011336912,0.9965743044889921,0.9968679038398913,42.631959915500005,12.7169957165,3.3523609558337784
dmd-2.113.0,bv_compiler,bv_portable,float,lookupApply,1,65536,0.9944388333079237,0.9942537221646777,0.9948362924633686,42.631959915500005,12.7169957165,3.3523609558337784
dmd-2.113.0,bv_compiler,default,float,lookupApply,2,65536,0.993424253638747,0.9932615836526781,0.993716052364975,42.631292343,12.7236795425,3.3505474733626963
dmd-2.113.0,bv_compiler,bv_direct,float,lookupApply,2,65536,1.0069840041231801,1.0066634829314265,1.007231436161288,42.631292343,12.7236795425,3.3505474733626963
dmd-2.113.0,bv_compiler,bv_split,float,lookupApply,2,65536,0.9967954561545815,0.9963943504308621,0.9969847683912417,42.631292343,12.7236795425,3.3505474733626963
dmd-2.113.0,bv_compiler,bv_portable,float,lookupApply,2,65536,0.9946713972409683,0.9943303034488543,0.9948334720408398,42.631292343,12.7236795425,3.3505474733626963
dmd-2.113.0,bv_compiler,default,float,prepared,0,65536,1.0002687900433351,0.999972432555971,1.0004871883377298,20.755958557,0.8276433944999999,25.078383631079657
dmd-2.113.0,bv_compiler,bv_direct,float,prepared,0,65536,1.0000941913857957,1.0000735378650267,1.0001355399672673,20.755958557,0.8276433944999999,25.078383631079657
dmd-2.113.0,bv_compiler,bv_split,float,prepared,0,65536,0.9999218900926427,0.9996715143123597,1.00037458349245,20.755958557,0.8276433944999999,25.078383631079657
dmd-2.113.0,bv_compiler,bv_portable,float,prepared,0,65536,1.0000666231576925,1.0000758104771015,1.0003010456274233,20.755958557,0.8276433944999999,25.078383631079657
dmd-2.113.0,bv_compiler,default,float,prepared,1,65536,1.000140129048612,0.9998989434759601,1.000303212676689,20.757341385,0.825591564,25.142385521032285
dmd-2.113.0,bv_compiler,bv_direct,float,prepared,1,65536,1.0000160803830225,0.9996646761603288,1.0003515035381743,20.757341385,0.825591564,25.142385521032285
dmd-2.113.0,bv_compiler,bv_split,float,prepared,1,65536,1.000275663698634,1.0000344510680363,1.0003790158398396,20.757341385,0.825591564,25.142385521032285
dmd-2.113.0,bv_compiler,bv_portable,float,prepared,1,65536,1.0003124188632695,0.9999931078049366,1.0004892750015681,20.757341385,0.825591564,25.142385521032285
dmd-2.113.0,bv_compiler,default,float,prepared,2,65536,0.9996531534367971,0.9996393366736007,0.9999242177019936,20.759153366,0.820260048,25.30801471632811
dmd-2.113.0,bv_compiler,bv_direct,float,prepared,2,65536,0.9999885150181324,0.9996348671643327,1.0003905272036941,20.759153366,0.820260048,25.30801471632811
dmd-2.113.0,bv_compiler,bv_split,float,prepared,2,65536,0.999885150157236,0.9995956820675211,1.0000505388247976,20.759153366,0.820260048,25.30801471632811
dmd-2.113.0,bv_compiler,bv_portable,float,prepared,2,65536,0.9998139432311183,0.9997955437590939,1.0003536506277104,20.759153366,0.820260048,25.30801471632811
dmd-2.113.0,bv_compiler,default,float,vienot,0,65536,5.503111000444231,5.491066426343495,5.5307885348672325,4.598236084,0.8210673335,5.600315463043567
dmd-2.113.0,bv_compiler,bv_direct,float,vienot,0,65536,1.1313153310246606,1.1311087593556777,1.1341000945259085,4.598236084,0.8210673335,5.600315463043567
dmd-2.113.0,bv_compiler,bv_split,float,vienot,0,65536,0.9939439190395426,0.9908951385411293,0.9980259535176814,4.598236084,0.8210673335,5.600315463043567
dmd-2.113.0,bv_compiler,bv_portable,float,vienot,0,65536,0.9424672308756561,0.9425398208849339,0.9442903302301229,4.598236084,0.8210673335,5.600315463043567
dmd-2.113.0,bv_compiler,default,float,vienot,1,65536,5.542190718159056,5.512708096081114,5.556649628147534,4.5608997344999995,0.8241677285,5.533946036446876
dmd-2.113.0,bv_compiler,bv_direct,float,vienot,1,65536,1.1384855043451734,1.1330809944990055,1.1402232942356216,4.5608997344999995,0.8241677285,5.533946036446876
dmd-2.113.0,bv_compiler,bv_split,float,vienot,1,65536,1.0028123660344852,0.9968492310021259,1.005953813518885,4.5608997344999995,0.8241677285,5.533946036446876
dmd-2.113.0,bv_compiler,bv_portable,float,vienot,1,65536,0.9509874645326959,0.9453970696337242,0.9514461622065405,4.5608997344999995,0.8241677285,5.533946036446876
ldc-1.41.0,bv_portable,default,double,brettel,0,1024,0.8804071244400706,0.8894601541831777,0.8964646463309132,2.398681641,2.685333252,0.8932528725116312
ldc-1.41.0,bv_portable,bv_direct,double,brettel,0,1024,0.992366412162822,0.9760101007823364,1.026992287892835,2.398681641,2.685333252,0.8932528725116312
ldc-1.41.0,bv_portable,bv_split,double,brettel,0,1024,0.97837150098903,0.9709595956294418,1.0064766841242105,2.398681641,2.685333252,0.8932528725116312
ldc-1.41.0,bv_portable,bv_portable,double,brettel,0,1024,1.0,1.0,1.0,2.398681641,2.685333252,0.8932528725116312
ldc-1.41.0,bv_portable,default,double,brettel,1,1024,0.8708860759042133,0.8618090449830661,0.9065656562229649,2.410888672,2.6834716795,0.8984215076379009
ldc-1.41.0,bv_portable,bv_direct,double,brettel,1,1024,0.9924050632396849,0.9772727271222773,1.0102301792392545,2.410888672,2.6834716795,0.8984215076379009
ldc-1.41.0,bv_portable,bv_split,double,brettel,1,1024,0.9835443036168531,0.9797979793884215,1.0089514067819692,2.410888672,2.6834716795,0.8984215076379009
ldc-1.41.0,bv_portable,bv_portable,double,brettel,1,1024,1.0,1.0,1.0,2.410888672,2.6834716795,0.8984215076379009
ldc-1.41.0,bv_portable,default,double,brettel,2,1024,0.8582375479600639,0.8626444158951643,0.8728923476570208,2.389526367,2.676757812,0.8926942722601459
ldc-1.41.0,bv_portable,bv_direct,double,brettel,2,1024,0.9961685825582689,0.9760101007823364,1.0256739408441005,2.389526367,2.676757812,0.8926942722601459
ldc-1.41.0,bv_portable,bv_split,double,brettel,2,1024,0.9961685825582689,0.9848484847481849,1.024643320389073,2.389526367,2.676757812,0.8926942722601459
ldc-1.41.0,bv_portable,bv_portable,double,brettel,2,1024,1.0,1.0,1.0,2.389526367,2.676757812,0.8926942722601459
ldc-1.41.0,bv_portable,default,double,lookup,0,1024,0.9744262294407059,0.9643320362510124,0.9893617021276596,4.653930664,3.3366394044999996,1.3947958109358234
ldc-1.41.0,bv_portable,bv_direct,double,lookup,0,1024,0.9954098359983647,0.9837872891953466,1.0283828382969626,4.653930664,3.3366394044999996,1.3947958109358234
ldc-1.41.0,bv_portable,bv_split,double,lookup,0,1024,0.9901639344663858,0.979247730221044,1.0226063830604255,4.653930664,3.3366394044999996,1.3947958109358234
ldc-1.41.0,bv_portable,bv_portable,double,lookup,0,1024,1.0,1.0,1.0,4.653930664,3.3366394044999996,1.3947958109358234
ldc-1.41.0,bv_portable,default,double,lookup,1,1024,0.9718770437000707,0.9587096774160815,0.9815303429548766,4.6661376955,3.3210754395,1.4050080404685128
ldc-1.41.0,bv_portable,bv_direct,double,lookup,1,1024,0.994113799829249,0.9825806452523994,1.0145118733771576,4.6661376955,3.3210754395,1.4050080404685128
ldc-1.41.0,bv_portable,bv_split,double,lookup,1,1024,0.9928057552754233,0.9759896171447037,0.9967018468713128,4.6661376955,3.3210754395,1.4050080404685128
ldc-1.41.0,bv_portable,bv_portable,double,lookup,1,1024,1.0,1.0,1.0,4.6661376955,3.3210754395,1.4050080404685128
ldc-1.41.0,bv_portable,default,double,lookup,2,1024,0.9706074460204063,0.9654947916800001,0.9841688653281377,4.672241211,3.3189697264999998,1.4077384236725428
ldc-1.41.0,bv_portable,bv_direct,double,lookup,2,1024,0.9941214892896931,0.9908854167466665,1.0250659631971326,4.672241211,3.3189697264999998,1.4077384236725428
ldc-1.41.0,bv_portable,bv_split,double,lookup,2,1024,0.999346832095737,0.995382585792257,1.015171503916436,4.672241211,3.3189697264999998,1.4077384236725428
ldc-1.41.0,bv_portable,bv_portable,double,lookup,2,1024,1.0,1.0,1.0,4.672241211,3.3189697264999998,1.4077384236725428
ldc-1.41.0,bv_portable,default,double,lookupApply,0,1024,0.9643545279594797,0.9588122606704845,0.9775609755111987,6.335449219,6.405151367,0.9891177984709132
ldc-1.41.0,bv_portable,bv_direct,double,lookupApply,0,1024,0.985549132849896,0.9822200865072429,1.008292682876381,6.335449219,6.405151367,0.9891177984709132
ldc-1.41.0,bv_portable,bv_split,double,lookupApply,0,1024,0.9807321771858085,0.9774147044991963,1.008292682876381,6.335449219,6.405151367,0.9891177984709132
ldc-1.41.0,bv_portable,bv_portable,double,lookupApply,0,1024,1.0,1.0,1.0,6.335449219,6.405151367,0.9891177984709132
ldc-1.41.0,bv_portable,default,double,lookupApply,1,1024,0.9643545279594797,0.9597701149786058,0.9809104257944155,6.335449219,6.350250244,0.9976692217737428
ldc-1.41.0,bv_portable,bv_direct,double,lookupApply,1,1024,0.9865125240458501,0.985563041444228,1.011257954039241,6.335449219,6.350250244,0.9976692217737428
ldc-1.41.0,bv_portable,bv_split,double,lookupApply,1,1024,0.9826589595777171,0.9812319539090345,1.0122369064597891,6.335449219,6.350250244,0.9976692217737428
ldc-1.41.0,bv_portable,bv_portable,double,lookupApply,1,1024,1.0,1.0,1.0,6.335449219,6.350250244,0.9976692217737428
ldc-1.41.0,bv_portable,default,double,lookupApply,2,1024,0.9671497584943312,0.957874581215666,0.9833414992856363,6.317138672,6.3444213865000005,0.9956997316480184
ldc-1.41.0,bv_portable,bv_direct,double,lookupApply,2,1024,0.9913043477668968,0.9889049686744437,1.016168544780307,6.317138672,6.3444213865000005,0.9956997316480184
ldc-1.41.0,bv_portable,bv_split,double,lookupApply,2,1024,0.9913043477668968,0.9880325515084608,1.013718765270572,6.317138672,6.3444213865000005,0.9956997316480184
ldc-1.41.0,bv_portable,bv_portable,double,lookupApply,2,1024,1.0,1.0,1.0,6.317138672,6.3444213865000005,0.9956997316480184
ldc-1.41.0,bv_portable,default,double,prepared,0,1024,0.9681528663683298,0.9620253162063003,0.9806451611607508,0.958251953,0.748474121,1.280273994937495
ldc-1.41.0,bv_portable,bv_direct,double,prepared,0,1024,0.9777070065621876,0.9715189871547252,1.0,0.958251953,0.748474121,1.280273994937495
ldc-1.41.0,bv_portable,bv_split,double,prepared,0,1024,0.9777070065621876,0.9715189871547252,0.9935691314398023,0.958251953,0.748474121,1.280273994937495
ldc-1.41.0,bv_portable,bv_portable,double,prepared,0,1024,1.0,1.0,1.0,0.958251953,0.748474121,1.280273994937495
ldc-1.41.0,bv_portable,default,double,prepared,1,1024,0.9681528663683298,0.9620253162063003,0.9806451611607508,0.958251953,0.738433838,1.2976815304067906
ldc-1.41.0,bv_portable,bv_direct,double,prepared,1,1024,0.9808917201340679,0.9715189871547252,1.0,0.958251953,0.738433838,1.2976815304067906
ldc-1.41.0,bv_portable,bv_split,double,prepared,1,1024,0.9777070065621876,0.9715189871547252,0.9935483872297557,0.958251953,0.738433838,1.2976815304067906
ldc-1.41.0,bv_portable,bv_portable,double,prepared,1,1024,1.0,1.0,1.0,0.958251953,0.738433838,1.2976815304067906
ldc-1.41.0,bv_portable,default,double,prepared,2,1024,0.9806451611607508,0.9528301888542258,0.9902280129632578,0.946044922,0.735656738,1.2859868918919628
ldc-1.41.0,bv_portable,bv_direct,double,prepared,2,1024,1.0,0.9654088054688976,1.0228013027299447,0.946044922,0.735656738,1.2859868918919628
ldc-1.41.0,bv_portable,bv_split,double,prepared,2,1024,1.0,0.9748427678010965,1.0065146578466013,0.946044922,0.735656738,1.2859868918919628
ldc-1.41.0,bv_portable,bv_portable,double,prepared,2,1024,1.0,1.0,1.0,0.946044922,0.735656738,1.2859868918919628
ldc-1.41.0,bv_portable,default,double,vienot,0,1024,0.9770114947074435,0.9659090906763637,0.9883720932558573,0.531005859,0.747558594,0.7103200515142495
ldc-1.41.0,bv_portable,bv_direct,double,vienot,0,1024,1.2298850585752201,1.229885057417149,1.2500000002381395,0.531005859,0.747558594,0.7103200515142495
ldc-1.41.0,bv_portable,bv_split,double,vienot,0,1024,1.2298850585752201,1.2241379306286166,1.2441860473423474,0.531005859,0.747558594,0.7103200515142495
ldc-1.41.0,bv_portable,bv_portable,double,vienot,0,1024,1.0,1.0,1.0,0.531005859,0.747558594,0.7103200515142495
ldc-1.41.0,bv_portable,default,double,vienot,1,1024,0.9770114947074435,0.9659090906763637,0.9883720932558573,0.531005859,0.742736816,0.714931382908586
ldc-1.41.0,bv_portable,bv_direct,double,vienot,1,1024,1.2298850585752201,1.2159090911418182,1.2500000002381395,0.531005859,0.742736816,0.714931382908586
ldc-1.41.0,bv_portable,bv_split,double,vienot,1,1024,1.2241379317812764,1.2102272726109091,1.2441860473423474,0.531005859,0.742736816,0.714931382908586
ldc-1.41.0,bv_portable,bv_portable,double,vienot,1,1024,1.0,1.0,1.0,0.531005859,0.742736816,0.714931382908586
ldc-1.41.0,bv_portable,default,float,brettel,0,1024,1.2452107279885898,1.2310606059830302,1.2621359222003719,1.593017578,1.408996582,1.1306042884353853
ldc-1.41.0,bv_portable,bv_direct,float,brettel,0,1024,0.9885057470470674,0.9751908394249472,1.003787879020606,1.593017578,1.408996582,1.1306042884353853
ldc-1.41.0,bv_portable,bv_split,float,brettel,0,1024,0.9770114940941348,0.9713740456105822,1.0038834950659425,1.593017578,1.408996582,1.1306042884353853
ldc-1.41.0,bv_portable,bv_portable,float,brettel,0,1024,1.0,1.0,1.0,1.593017578,1.408996582,1.1306042884353853
ldc-1.41.0,bv_portable,default,float,brettel,1,1024,1.2643678160342309,1.2457466917654847,1.281553397848221,1.593017578,1.4065246585,1.1325912904355953
ldc-1.41.0,bv_portable,bv_direct,float,brettel,1,1024,0.9885057470470674,0.9659735347433093,1.0251450679765473,1.593017578,1.4065246585,1.1325912904355953
ldc-1.41.0,bv_portable,bv_split,float,brettel,1,1024,0.9750957854778926,0.9621928164846935,1.0038834950659425,1.593017578,1.4065246585,1.1325912904355953
ldc-1.41.0,bv_portable,bv_portable,float,brettel,1,1024,1.0,1.0,1.0,1.593017578,1.4065246585,1.1325912904355953
ldc-1.41.0,bv_portable,default,float,brettel,2,1024,1.2384615386942106,1.2290076336235884,1.2529182878782092,1.586914062,1.457275391,1.0889596241044326
ldc-1.41.0,bv_portable,bv_direct,float,brettel,2,1024,0.9942307695046438,0.9751908397298619,1.0251450679765473,1.586914062,1.457275391,1.0889596241044326
ldc-1.41.0,bv_portable,bv_split,float,brettel,2,1024,0.9826923078837775,0.9751908397298619,1.005836575915796,1.586914062,1.457275391,1.0889596241044326
ldc-1.41.0,bv_portable,bv_portable,float,brettel,2,1024,1.0,1.0,1.0,1.586914062,1.457275391,1.0889596241044326
ldc-1.41.0,bv_portable,default,float,lookup,0,1024,0.9689922480570927,0.9633911366056835,0.9853085211176682,3.149414062,2.2229003905,1.4168039537262387
ldc-1.41.0,bv_portable,bv_direct,float,lookup,0,1024,1.0,0.9942196529821163,1.014691479042802,3.149414062,2.2229003905,1.4168039537262387
ldc-1.41.0,bv_portable,bv_split,float,lookup,0,1024,0.9767441862015792,0.9701348746616795,1.0253411305613314,3.149414062,2.2229003905,1.4168039537262387
ldc-1.41.0,bv_portable,bv_portable,float,lookup,0,1024,1.0,1.0,1.0,3.149414062,2.2229003905,1.4168039537262387
ldc-1.41.0,bv_portable,default,float,lookup,1,1024,0.9708737863645253,0.9652509651691442,1.000987166891866,3.1433105465,2.215881348,1.4185373911545738
ldc-1.41.0,bv_portable,bv_direct,float,lookup,1,1024,1.0019417475332801,0.9961389960596174,1.0166994106700629,3.1433105465,2.215881348,1.4185373911545738
ldc-1.41.0,bv_portable,bv_split,float,lookup,1,1024,0.9786407768157819,0.9729729730499093,1.0375123396265828,3.1433105465,2.215881348,1.4185373911545738
ldc-1.41.0,bv_portable,bv_portable,float,lookup,1,1024,1.0,1.0,1.0,3.1433105465,2.215881348,1.4185373911545738
ldc-1.41.0,bv_portable,default,float,lookup,2,1024,0.9749518304796552,0.9701636189216619,0.9863547756304841,3.167724609,2.2228698729999996,1.4250607502835144
ldc-1.41.0,bv_portable,bv_direct,float,lookup,2,1024,0.9961464355312587,0.9874759153976695,1.0019493175389478,3.167724609,2.2228698729999996,1.4250607502835144
ldc-1.41.0,bv_portable,bv_split,float,lookup,2,1024,0.9759152216757615,0.9730510106643544,1.0105973026836437,3.167724609,2.2228698729999996,1.4250607502835144
ldc-1.41.0,bv_portable,bv_portable,float,lookup,2,1024,1.0,1.0,1.0,3.167724609,2.2228698729999996,1.4250607502835144
ldc-1.41.0,bv_portable,default,float,lookupApply,0,1024,0.9744586341589476,0.9590163934323491,0.9865016872887781,5.49621582,6.6206970215,0.8301566741615922
ldc-1.41.0,bv_portable,bv_direct,float,lookupApply,0,1024,0.9933370350256735,0.9765027322297719,1.0230596175828937,5.49621582,6.6206970215,0.8301566741615922
ldc-1.41.0,bv_portable,bv_split,float,lookupApply,0,1024,0.9794558578669497,0.9628415301002415,1.02362204731375,5.49621582,6.6206970215,0.8301566741615922
ldc-1.41.0,bv_portable,bv_portable,float,lookupApply,0,1024,1.0,1.0,1.0,5.49621582,6.6206970215,0.8301566741615922
ldc-1.41.0,bv_portable,default,float,lookupApply,1,1024,0.9739033870398489,0.9595185995829562,0.975555555689864,5.49621582,6.6216430665,0.8300380683166502
ldc-1.41.0,bv_portable,bv_direct,float,lookupApply,1,1024,0.9961132705301954,0.9803063457769731,1.0088888890717425,5.49621582,6.6216430665,0.8300380683166502
ldc-1.41.0,bv_portable,bv_split,float,lookupApply,1,1024,0.9805663521051471,0.9644420131835267,1.0077777778922634,5.49621582,6.6216430665,0.8300380683166502
ldc-1.41.0,bv_portable,bv_portable,float,lookupApply,1,1024,1.0,1.0,1.0,5.49621582,6.6216430665,0.8300380683166502
ldc-1.41.0,bv_portable,default,float,lookupApply,2,1024,0.9750138812780463,0.9610958904424419,0.9876265467504912,5.49621582,6.61126709,0.8313407619415962
ldc-1.41.0,bv_portable,bv_direct,float,lookupApply,2,1024,0.995002776291998,0.9819178082742731,1.0213723285746208,5.49621582,6.61126709,0.8313407619415962
ldc-1.41.0,bv_portable,bv_split,float,lookupApply,2,1024,0.9850083287850222,0.9709589042089569,1.0241844769524584,5.49621582,6.61126709,0.8313407619415962
ldc-1.41.0,bv_portable,bv_portable,float,lookupApply,2,1024,1.0,1.0,1.0,5.49621582,6.61126709,0.8313407619415962
ldc-1.41.0,bv_portable,default,float,prepared,0,1024,1.1493212672601725,1.1364653247242604,1.1571753989818152,1.348876953,0.432189941,3.1210281060197094
ldc-1.41.0,bv_portable,bv_direct,float,prepared,0,1024,1.1719457015587396,1.1498881432431525,1.1945701358573069,1.348876953,0.432189941,3.1210281060197094
ldc-1.41.0,bv_portable,bv_split,float,prepared,0,1024,0.9683257921302775,0.9552572708706286,0.9819004524870105,1.348876953,0.432189941,3.1210281060197094
ldc-1.41.0,bv_portable,bv_portable,float,prepared,0,1024,1.0,1.0,1.0,1.348876953,0.432189941,3.1210281060197094
ldc-1.41.0,bv_portable,default,float,prepared,1,1024,1.1519274376669968,1.1441441441175488,1.1651376150857067,1.3458251955,0.432189941,3.113966957180986
ldc-1.41.0,bv_portable,bv_direct,float,prepared,1,1024,1.156462584594256,1.1463963961387549,1.1903669725598047,1.3458251955,0.432189941,3.113966957180986
ldc-1.41.0,bv_portable,bv_split,float,prepared,1,1024,0.9705215420006602,0.9662162159918188,0.9885321105123408,1.3458251955,0.432189941,3.113966957180986
ldc-1.41.0,bv_portable,bv_portable,float,prepared,1,1024,1.0,1.0,1.0,1.3458251955,0.432189941,3.113966957180986
ldc-1.41.0,bv_portable,default,float,prepared,2,1024,1.1545454543017255,1.13616071424,1.1568181813408793,1.342773438,0.432800293,3.1025243275424494
ldc-1.41.0,bv_portable,bv_direct,float,prepared,2,1024,1.181818181005752,1.1625282163269333,1.1954545447301288,1.342773438,0.432800293,3.1025243275424494
ldc-1.41.0,bv_portable,bv_split,float,prepared,2,1024,0.9681818177282115,0.9553571426742857,0.9795454544134347,1.342773438,0.432800293,3.1025243275424494
ldc-1.41.0,bv_portable,bv_portable,float,prepared,2,1024,1.0,1.0,1.0,1.342773438,0.432800293,3.1025243275424494
ldc-1.41.0,bv_portable,default,float,vienot,0,1024,6.20000000589824,6.169154232813739,6.262626267340361,0.610351562,0.433380127,1.4083515232344743
ldc-1.41.0,bv_portable,bv_direct,float,vienot,0,1024,0.9800000012124161,0.9751243790137948,1.0050505053597634,0.610351562,0.433380127,1.4083515232344743
ldc-1.41.0,bv_portable,bv_split,float,vienot,0,1024,0.980000000393216,0.9751243781986704,1.0202020206282951,0.610351562,0.433380127,1.4083515232344743
ldc-1.41.0,bv_portable,bv_portable,float,vienot,0,1024,1.0,1.0,1.0,0.610351562,0.433380127,1.4083515232344743
ldc-1.41.0,bv_portable,default,float,vienot,1,1024,6.20000000589824,6.138613862630879,6.294416245140861,0.610351562,0.4324951175,1.411233415831567
ldc-1.41.0,bv_portable,bv_direct,float,vienot,1,1024,0.9850000007045121,0.980099502884986,1.010152284057096,0.610351562,0.4324951175,1.411233415831567
ldc-1.41.0,bv_portable,bv_split,float,vienot,1,1024,0.980000000393216,0.9751243781986704,1.010152284057096,0.610351562,0.4324951175,1.411233415831567
ldc-1.41.0,bv_portable,bv_portable,float,vienot,1,1024,1.0,1.0,1.0,0.610351562,0.4324951175,1.411233415831567
ldc-1.41.0,bv_compiler,default,double,brettel,0,1024,0.9033942557194217,0.8998732573629777,0.9093298289910786,2.3376464845,2.618408203,0.8927738928642518
ldc-1.41.0,bv_compiler,bv_direct,double,brettel,0,1024,1.018276762454584,0.9797211660324268,1.0499342968121579,2.3376464845,2.618408203,0.8927738928642518
ldc-1.41.0,bv_compiler,bv_split,double,brettel,0,1024,1.0039164488987984,0.9746514574367058,1.0170827857798561,2.3376464845,2.618408203,0.8927738928642518
ldc-1.41.0,bv_compiler,bv_portable,double,brettel,0,1024,1.0261096606799616,1.0038022816025323,1.0223390274589061,2.3376464845,2.618408203,0.8927738928642518
ldc-1.41.0,bv_compiler,default,double,brettel,1,1024,0.8958333333333334,0.8958333333333334,0.9276485786035187,2.34375,2.633087158,0.8901148573373583
ldc-1.41.0,bv_compiler,bv_direct,double,brettel,1,1024,1.0208333333333333,1.0,1.0288713911314207,2.34375,2.633087158,0.8901148573373583
ldc-1.41.0,bv_compiler,bv_split,double,brettel,1,1024,1.0117187498666667,1.0025839790634292,1.0314960632088321,2.34375,2.633087158,0.8901148573373583
ldc-1.41.0,bv_compiler,bv_portable,double,brettel,1,1024,1.0286458333866666,1.0182291665066667,1.0446194227358367,2.34375,2.633087158,0.8901148573373583
ldc-1.41.0,bv_compiler,default,double,brettel,2,1024,0.8772845954409931,0.8785900785501319,0.8848641655060829,2.337646484,2.635253906,0.8870668889542669
ldc-1.41.0,bv_compiler,bv_direct,double,brettel,2,1024,1.0182767626723837,1.0,1.0485564304219277,2.337646484,2.635253906,0.8870668889542669
ldc-1.41.0,bv_compiler,bv_split,double,brettel,2,1024,1.0182767626723837,1.0090556275583253,1.0313315929082116,2.337646484,2.635253906,0.8870668889542669
ldc-1.41.0,bv_compiler,bv_portable,double,brettel,2,1024,1.0221932115720198,1.0065274153318045,1.0245795603943382,2.337646484,2.635253906,0.8870668889542669
ldc-1.41.0,bv_compiler,default,double,lookup,0,1024,0.9939799329600914,0.9513755597690824,1.0033760972180052,4.56237793,3.28314209,1.3896376717585197
ldc-1.41.0,bv_compiler,bv_direct,double,lookup,0,1024,1.0153846152328727,0.9705694177604881,1.0519918974670384,4.56237793,3.28314209,1.3896376717585197
ldc-1.41.0,bv_compiler,bv_split,double,lookup,0,1024,1.0100334447742692,0.9660908509412504,1.029451137938898,4.56237793,3.28314209,1.3896376717585197
ldc-1.41.0,bv_compiler,bv_portable,double,lookup,0,1024,1.0200668895485385,0.9865642994374632,1.0229574612594403,4.56237793,3.28314209,1.3896376717585197
ldc-1.41.0,bv_compiler,default,double,lookup,1,1024,0.9959785522511466,0.9693011104259105,1.0033760972180052,4.553222656,3.284088135,1.3864495923462785
ldc-1.41.0,bv_compiler,bv_direct,double,lookup,1,1024,1.0187667560881082,0.9921619855769045,1.0322147652115166,4.553222656,3.284088135,1.3864495923462785
ldc-1.41.0,bv_compiler,bv_split,double,lookup,1,1024,1.0174262734319488,0.9823644676550499,1.0344361918891603,4.553222656,3.284088135,1.3864495923462785
ldc-1.41.0,bv_compiler,bv_portable,double,lookup,1,1024,1.0247989277113885,1.0065316786145697,1.0465901417854768,4.553222656,3.284088135,1.3864495923462785
ldc-1.41.0,bv_compiler,default,double,lookup,2,1024,0.9841059601568287,0.9530848329682241,1.0033783784756174,4.608154297,3.2834472655,1.4034500707287207
ldc-1.41.0,bv_compiler,bv_direct,double,lookup,2,1024,1.0079470199215859,0.9781491003875384,1.0500000001992649,4.608154297,3.2834472655,1.4034500707287207
ldc-1.41.0,bv_compiler,bv_split,double,lookup,2,1024,1.013245033057972,0.9832904884573209,1.019594594693629,4.608154297,3.2834472655,1.4034500707287207
ldc-1.41.0,bv_compiler,bv_portable,double,lookup,2,1024,1.0139072847542718,0.9871465296149531,1.0243243243823688,4.608154297,3.2834472655,1.4034500707287207
ldc-1.41.0,bv_compiler,default,double,lookupApply,0,1024,0.9950298210941187,0.9610951009129715,1.0040120361905738,6.140136719,6.2643737795,0.9801676807813476
ldc-1.41.0,bv_compiler,bv_direct,double,lookupApply,0,1024,1.0168986082474234,0.9817483189827726,1.0526579739536592,6.140136719,6.2643737795,0.9801676807813476
ldc-1.41.0,bv_compiler,bv_split,double,lookupApply,0,1024,1.0119284293415423,0.9769452450350123,1.0320962888672591,6.140136719,6.2643737795,0.9801676807813476
ldc-1.41.0,bv_compiler,bv_portable,double,lookupApply,0,1024,1.0318091451279294,0.9995196926524401,1.047141424212162,6.140136719,6.2643737795,0.9801676807813476
ldc-1.41.0,bv_compiler,default,double,lookupApply,1,1024,0.9960199005789436,0.9794520548153831,1.0050150451149675,6.134033203,6.2615966795,0.9796276440292565
ldc-1.41.0,bv_compiler,bv_direct,double,lookupApply,1,1024,1.0189054726575792,1.0019569471222698,1.0536609829602195,6.134033203,6.2615966795,0.9796276440292565
ldc-1.41.0,bv_compiler,bv_split,double,lookupApply,1,1024,1.014925373236523,0.9975538160570844,1.0330992979559857,6.134033203,6.2615966795,0.9796276440292565
ldc-1.41.0,bv_compiler,bv_portable,double,lookupApply,1,1024,1.0328358209573258,1.0164179104786628,1.047141424212162,6.134033203,6.2615966795,0.9796276440292565
ldc-1.41.0,bv_compiler,default,double,lookupApply,2,1024,0.9970119521710804,0.9803921567840062,1.0035105316462105,6.127929688,6.263153076,0.9784096945485545
ldc-1.41.0,bv_compiler,bv_direct,double,lookupApply,2,1024,1.021912350473431,1.0049019607638414,1.0506519558583725,6.127929688,6.263153076,0.9784096945485545
ldc-1.41.0,bv_compiler,bv_split,double,lookupApply,2,1024,1.021912350473431,1.0049019607638414,1.0351053159691062,6.127929688,6.263153076,0.9784096945485545
ldc-1.41.0,bv_compiler,bv_portable,double,lookupApply,2,1024,1.0308764939601898,1.01617647053674,1.0476429287565252,6.127929688,6.263153076,0.9784096945485545
ldc-1.41.0,bv_compiler,default,double,prepared,0,1024,1.0,0.9712460061991266,1.0066225169658736,0.927734375,0.729248047,1.2721794440403897
ldc-1.41.0,bv_compiler,bv_direct,double,prepared,0,1024,1.00986842112,0.9808306707994178,1.0264900667784607,0.927734375,0.729248047,1.2721794440403897
ldc-1.41.0,bv_compiler,bv_split,double,prepared,0,1024,1.00986842112,0.9808306707994178,1.0165562918721671,0.927734375,0.729248047,1.2721794440403897
ldc-1.41.0,bv_compiler,bv_portable,double,prepared,0,1024,1.0328947367073684,1.009584664600291,1.0264900667784607,0.927734375,0.729248047,1.2721794440403897
ldc-1.41.0,bv_compiler,default,double,prepared,1,1024,0.9967213112746277,0.9870129872755069,1.0066225169658736,0.930786133,0.729248047,1.2763642451002684
ldc-1.41.0,bv_compiler,bv_direct,double,prepared,1,1024,1.0098360656389367,0.9967532470848508,1.0264900667784607,0.930786133,0.729248047,1.2763642451002684
ldc-1.41.0,bv_compiler,bv_split,double,prepared,1,1024,1.0065573769135643,0.9967532470848508,1.0198675503551038,0.930786133,0.729248047,1.2763642451002684
ldc-1.41.0,bv_compiler,bv_portable,double,prepared,1,1024,1.0295081963796295,1.016393442552501,1.0264900667784607,0.930786133,0.729248047,1.2763642451002684
ldc-1.41.0,bv_compiler,default,double,prepared,2,1024,0.9934640518886376,0.9837662338284096,1.0066225169658736,0.933837891,0.729858398,1.2794781748883843
ldc-1.41.0,bv_compiler,bv_direct,double,prepared,2,1024,1.013071895151875,0.9967532470848508,1.0363036304379885,0.933837891,0.729858398,1.2794781748883843
ldc-1.41.0,bv_compiler,bv_split,double,prepared,2,1024,1.013071895151875,1.0064935068941947,1.033112583744334,0.933837891,0.729858398,1.2794781748883843
ldc-1.41.0,bv_compiler,bv_portable,double,prepared,2,1024,1.013071895151875,1.0132013204050532,1.0529801324718882,0.933837891,0.729858398,1.2794781748883843
ldc-1.41.0,bv_compiler,default,double,vienot,0,1024,1.0,0.9659090906763637,1.0,0.518798828,0.7301940920000001,0.710494420160277
ldc-1.41.0,bv_compiler,bv_direct,double,vienot,0,1024,1.2588235299560084,1.2159090911418182,1.2764705879404954,0.518798828,0.7301940920000001,0.710494420160277
ldc-1.41.0,bv_compiler,bv_split,double,vienot,0,1024,1.2588235299560084,1.2102272726109091,1.2705882365640195,0.518798828,0.7301940920000001,0.710494420160277
ldc-1.41.0,bv_compiler,bv_portable,double,vienot,0,1024,1.0235294112884927,0.9886363638690909,1.0352941178965038,0.518798828,0.7301940920000001,0.710494420160277
ldc-1.41.0,bv_compiler,default,double,vienot,1,1024,1.0,0.9883720923143753,1.0,0.518798828,0.730163574,0.7105241160660802
ldc-1.41.0,bv_compiler,bv_direct,double,vienot,1,1024,1.2588235299560084,1.2441860461571876,1.2764705879404954,0.518798828,0.730163574,0.7105241160660802
ldc-1.41.0,bv_compiler,bv_split,double,vienot,1,1024,1.2529411766520029,1.2383720923143753,1.2588235299560084,0.518798828,0.730163574,0.7105241160660802
ldc-1.41.0,bv_compiler,bv_portable,double,vienot,1,1024,1.0235294112884927,1.0117647056442463,1.0235294122522576,0.518798828,0.730163574,0.7105241160660802
ldc-1.41.0,bv_compiler,default,float,brettel,0,1024,1.274509804148337,1.254826254647958,1.2795275587681518,1.556396484,1.379974365,1.1278444900677556
ldc-1.41.0,bv_compiler,bv_direct,float,brettel,0,1024,1.0117647059655013,0.9864864862898717,1.0433070866878194,1.556396484,1.379974365,1.1278444900677556
ldc-1.41.0,bv_compiler,bv_split,float,brettel,0,1024,1.0,0.9826254825082464,1.0196850392862744,1.556396484,1.379974365,1.1278444900677556
ldc-1.41.0,bv_compiler,bv_portable,float,brettel,0,1024,1.0235294119310026,1.0098039215276833,1.0393700785725488,1.556396484,1.379974365,1.1278444900677556
ldc-1.41.0,bv_compiler,default,float,brettel,1,1024,1.291585127196546,1.2746615087941686,1.3043478260306445,1.559448242,1.37902832,1.1308311942426243
ldc-1.41.0,bv_compiler,bv_direct,float,brettel,1,1024,1.0097847357732312,0.9883945840595789,1.0474308303671596,1.559448242,1.37902832,1.1308311942426243
ldc-1.41.0,bv_compiler,bv_split,float,brettel,1,1024,0.9960861057548327,0.9845261121850737,1.0138339919745585,1.559448242,1.37902832,1.1308311942426243
ldc-1.41.0,bv_compiler,bv_portable,float,brettel,1,1024,1.0215264188293594,1.0078277888109608,1.0232108318808422,1.559448242,1.37902832,1.1308311942426243
ldc-1.41.0,bv_compiler,default,float,brettel,2,1024,1.2627450977771724,1.2504854366844078,1.2766798420815273,1.5563964845,1.42364502,1.093247588152277
ldc-1.41.0,bv_compiler,bv_direct,float,brettel,2,1024,1.0137254900745054,0.9922330095499787,1.0474308303671596,1.5563964845,1.42364502,1.093247588152277
ldc-1.41.0,bv_compiler,bv_split,float,brettel,2,1024,1.0019607841127838,0.9922330095499787,1.0158102766811217,1.5563964845,1.42364502,1.093247588152277
ldc-1.41.0,bv_compiler,bv_portable,float,brettel,2,1024,1.0196078427341115,1.0078431370936445,1.0217391304770167,1.5563964845,1.42364502,1.093247588152277
ldc-1.41.0,bv_compiler,default,float,lookup,0,1024,0.9900990096183134,0.9794319293400772,1.0029910269395999,3.082275391,2.1703186035,1.420194890293673
ldc-1.41.0,bv_compiler,bv_direct,float,lookup,0,1024,1.0217821779312906,1.0107737510840946,1.0329012961722495,3.082275391,2.1703186035,1.420194890293673
ldc-1.41.0,bv_compiler,bv_split,float,lookup,0,1024,0.9980198018587756,0.986287952946875,1.0415841583702279,3.082275391,2.1703186035,1.420194890293673
ldc-1.41.0,bv_compiler,bv_portable,float,lookup,0,1024,1.0217821779312906,1.0158415841564885,1.0179461614742495,3.082275391,2.1703186035,1.420194890293673
ldc-1.41.0,bv_compiler,default,float,lookup,1,1024,0.9900990096183134,0.9794319293400772,1.003968253886984,3.082275391,2.1648254395,1.423798581982619
ldc-1.41.0,bv_compiler,bv_direct,float,lookup,1,1024,1.0217821779312906,1.0107737510840946,1.0267857143060317,3.082275391,2.1648254395,1.423798581982619
ldc-1.41.0,bv_compiler,bv_split,float,lookup,1,1024,0.9980198018587756,0.9872673849365518,1.03853754951142,3.082275391,2.1648254395,1.423798581982619
ldc-1.41.0,bv_compiler,bv_portable,float,lookup,1,1024,1.019801979952284,1.0009881423532816,1.014691478882332,3.082275391,2.1648254395,1.423798581982619
ldc-1.41.0,bv_compiler,default,float,lookup,2,1024,0.998027613291125,0.9767441860465116,1.0140280559885224,3.094482422,2.165710449,1.4288532538728125
ldc-1.41.0,bv_compiler,bv_direct,float,lookup,2,1024,1.0197238657961263,1.001937984456434,1.030060120116121,3.094482422,2.165710449,1.4288532538728125
ldc-1.41.0,bv_compiler,bv_split,float,lookup,2,1024,0.9990138066455625,0.9796511628105427,1.0284313725266576,3.094482422,2.165710449,1.4288532538728125
ldc-1.41.0,bv_compiler,bv_portable,float,lookup,2,1024,1.0236686388907204,1.0067829456768993,1.0280561123053815,3.094482422,2.165710449,1.4288532538728125
ldc-1.41.0,bv_compiler,default,float,lookupApply,0,1024,0.9915254237633293,0.9809949692792458,1.0017103762944983,5.401611328,6.461853027,0.835922962876141
ldc-1.41.0,bv_compiler,bv_direct,float,lookupApply,0,1024,1.0107344632886552,0.9988820570379748,1.047320410503089,5.401611328,6.461853027,0.835922962876141
ldc-1.41.0,bv_compiler,bv_split,float,lookupApply,0,1024,0.9966101694683056,0.9849077697837063,1.0256556442306561,5.401611328,6.461853027,0.835922962876141
ldc-1.41.0,bv_compiler,bv_portable,float,lookupApply,0,1024,1.0175141242594785,0.9999999999078515,1.0416191562503674,5.401611328,6.461853027,0.835922962876141
ldc-1.41.0,bv_compiler,default,float,lookupApply,1,1024,0.9915206331603007,0.9809843399768892,1.002281802577262,5.39855957,6.458374023499999,0.8359007314157298
ldc-1.41.0,bv_compiler,bv_direct,float,lookupApply,1,1024,1.0141322782514002,1.0022371364194054,1.047347404366076,5.39855957,6.458374023499999,0.8359007314157298
ldc-1.41.0,bv_compiler,bv_split,float,lookupApply,1,1024,0.9983041267061539,0.9860178970580007,1.0290929834675941,5.39855957,6.458374023499999,0.8359007314157298
ldc-1.41.0,bv_compiler,bv_portable,float,lookupApply,1,1024,1.018089315998786,1.0169491524733414,1.0422133485205056,5.39855957,6.458374023499999,0.8359007314157298
ldc-1.41.0,bv_compiler,default,float,lookupApply,2,1024,0.9943374858670397,0.9771587743392914,1.0017123286851366,5.389404297,6.4562988279999995,0.8347513708050441
ldc-1.41.0,bv_compiler,bv_direct,float,lookupApply,2,1024,1.014722536782807,0.9983286907964092,1.05022831040407,5.389404297,6.4562988279999995,0.8347513708050441
ldc-1.41.0,bv_compiler,bv_split,float,lookupApply,2,1024,1.0045300113249234,0.9871866295608371,1.031143827824057,5.389404297,6.4562988279999995,0.8347513708050441
ldc-1.41.0,bv_compiler,bv_portable,float,lookupApply,2,1024,1.0198187994653614,1.0067950169409976,1.040525114116393,5.389404297,6.4562988279999995,0.8347513708050441
ldc-1.41.0,bv_compiler,default,float,prepared,0,1024,1.178654292701477,1.1651376146478714,1.1813953493653253,1.315307617,0.423034668,3.109219448180072
ldc-1.41.0,bv_compiler,bv_direct,float,prepared,0,1024,1.2018561487582413,1.1788990822533592,1.2222222222222223,1.315307617,0.423034668,3.109219448180072
ldc-1.41.0,bv_compiler,bv_split,float,prepared,0,1024,0.9930394434870821,0.9793577980280986,1.0046296295348147,1.315307617,0.423034668,3.109219448180072
ldc-1.41.0,bv_compiler,bv_portable,float,prepared,0,1024,1.0255220418144968,1.0209302327070044,1.0252293574646174,1.315307617,0.423034668,3.109219448180072
ldc-1.41.0,bv_compiler,default,float,prepared,1,1024,1.1759259261155555,1.162471396122946,1.1837209305231993,1.318359375,0.423034668,3.1164334148614032
ldc-1.41.0,bv_compiler,bv_direct,float,prepared,1,1024,1.1805555552711111,1.1647597254081792,1.2116279074658718,1.318359375,0.423034668,3.1164334148614032
ldc-1.41.0,bv_compiler,bv_split,float,prepared,1,1024,0.9907407409303703,0.9816933638435357,0.9976851854222223,1.318359375,0.423034668,3.1164334148614032
ldc-1.41.0,bv_compiler,bv_portable,float,prepared,1,1024,1.0208333334755555,1.0092592590696297,1.0186046515491305,1.318359375,0.423034668,3.1164334148614032
ldc-1.41.0,bv_compiler,default,float,prepared,2,1024,1.173210161685538,1.1651376150857067,1.1837209305231993,1.321411133,0.422973633,3.1240981231565326
ldc-1.41.0,bv_compiler,bv_direct,float,prepared,2,1024,1.2009237869800813,1.1811926604435856,1.217592592308148,1.321411133,0.422973633,3.1240981231565326
ldc-1.41.0,bv_compiler,bv_split,float,prepared,2,1024,0.9838337180106079,0.9724770644029022,0.9976851854222223,1.321411133,0.422973633,3.1240981231565326
ldc-1.41.0,bv_compiler,bv_portable,float,prepared,2,1024,1.016166281989392,1.0160550461094386,1.041860465414009,1.321411133,0.422973633,3.1240981231565326
ldc-1.41.0,bv_compiler,default,float,vienot,0,1024,6.294416245140861,6.019417480114107,6.391752574115574,0.601196289,0.423034668,1.4211513487589627
ldc-1.41.0,bv_compiler,bv_direct,float,vienot,0,1024,0.9949238583872896,0.9514563116448299,1.0257731957543967,0.601196289,0.423034668,1.4211513487589627
ldc-1.41.0,bv_compiler,bv_split,float,vienot,0,1024,0.9949238575556144,0.9514563108494901,1.0253807105585777,0.601196289,0.423034668,1.4211513487589627
ldc-1.41.0,bv_compiler,bv_portable,float,vienot,0,1024,1.0152284256698065,0.975728155424745,1.020618556265703,0.601196289,0.423034668,1.4211513487589627
ldc-1.41.0,bv_compiler,default,float,vienot,1,1024,6.326530615725048,6.262626262158196,6.391752573271038,0.598144531,0.423583984,1.4121037470576319
ldc-1.41.0,bv_compiler,bv_direct,float,vienot,1,1024,1.0051020411319285,0.9949494946402366,1.020618556265703,0.598144531,0.423583984,1.4121037470576319
ldc-1.41.0,bv_compiler,bv_split,float,vienot,1,1024,1.0,0.9898989892804734,1.0154639167770092,0.598144531,0.423583984,1.4121037470576319
ldc-1.41.0,bv_compiler,bv_portable,float,vienot,1,1024,1.0204081628558768,1.0051020411319285,1.041237112531406,0.598144531,0.423583984,1.4121037470576319
ldc-1.41.0,bv_portable,default,double,brettel,0,8191,1.485742379636176,1.458773784516945,1.521396950456496,2.3280124525,2.6193230375,0.8887840175383483
ldc-1.41.0,bv_portable,bv_direct,double,brettel,0,8191,1.0383480828911074,1.023906326293224,1.0452904499072995,2.3280124525,2.6193230375,0.8887840175383483
ldc-1.41.0,bv_portable,bv_split,double,brettel,0,8191,0.9986889546072993,0.9972126578435139,1.0126849895269554,2.3280124525,2.6193230375,0.8887840175383483
ldc-1.41.0,bv_portable,bv_portable,double,brettel,0,8191,1.0,1.0,1.0,2.3280124525,2.6193230375,0.8887840175383483
ldc-1.41.0,bv_portable,default,double,brettel,1,8191,0.9920364048443062,0.9644007731737383,1.0012997563438149,2.347469784,2.6596111584999997,0.8826364622879515
ldc-1.41.0,bv_portable,bv_direct,double,brettel,1,8191,1.0320169024164958,1.0170747422127473,1.0445503863833152,2.347469784,2.6596111584999997,0.8826364622879515
ldc-1.41.0,bv_portable,bv_split,double,brettel,1,8191,0.9956118966598805,0.9952883834932131,1.0029590663059176,2.347469784,2.6596111584999997,0.8826364622879515
ldc-1.41.0,bv_portable,bv_portable,double,brettel,1,8191,1.0,1.0,1.0,2.347469784,2.6596111584999997,0.8826364622879515
ldc-1.41.0,bv_portable,default,double,brettel,2,8191,0.9750369518192527,0.9213931937164221,0.9899786428821441,2.323052741,2.676916738,0.867809113381546
ldc-1.41.0,bv_portable,bv_direct,double,brettel,2,8191,1.0351453441237217,1.0156574533760538,1.0486682011061708,2.323052741,2.676916738,0.867809113381546
ldc-1.41.0,bv_portable,bv_split,double,brettel,2,8191,1.0026276891575747,0.9736379614324588,1.031897402000632,2.323052741,2.676916738,0.867809113381546
ldc-1.41.0,bv_portable,bv_portable,double,brettel,2,8191,1.0,1.0,1.0,2.323052741,2.676916738,0.867809113381546
ldc-1.41.0,bv_portable,default,double,lookup,0,8191,1.0113626938974567,0.9947834727813574,1.0545123665869351,4.5999420095,3.3063041755,1.3912640112140826
ldc-1.41.0,bv_portable,bv_direct,double,lookup,0,8191,1.0253794476667086,1.0022334353423124,1.0398532599338524,4.5999420095,3.3063041755,1.3912640112140826
ldc-1.41.0,bv_portable,bv_split,double,lookup,0,8191,0.9948577589780155,0.9899909008412198,0.9997498749145655,4.5999420095,3.3063041755,1.3912640112140826
ldc-1.41.0,bv_portable,bv_portable,double,lookup,0,8191,1.0,1.0,1.0,4.5999420095,3.3063041755,1.3912640112140826
ldc-1.41.0,bv_portable,default,double,lookup,1,8191,1.006344436167612,0.9899925564690237,1.0470195915438494,4.570183738,3.3286343245000003,1.3729906299294365
ldc-1.41.0,bv_portable,bv_direct,double,lookup,1,8191,1.0224559646577605,1.0060858690506556,1.0440782872219363,4.570183738,3.3286343245000003,1.3729906299294365
ldc-1.41.0,bv_portable,bv_split,double,lookup,1,8191,1.0066783538145792,0.9906542056540747,1.0193208432190484,4.570183738,3.3286343245000003,1.3729906299294365
ldc-1.41.0,bv_portable,bv_portable,double,lookup,1,8191,1.0,1.0,1.0,4.570183738,3.3286343245000003,1.3729906299294365
ldc-1.41.0,bv_portable,default,double,lookup,2,8191,1.0168249208127988,0.9820785597041523,1.0541694574550295,4.5804846784999995,3.3321328285,1.3746404823129337
ldc-1.41.0,bv_portable,bv_direct,double,lookup,2,8191,1.0310677994771946,1.006781647651955,1.0506582236496838,4.5804846784999995,3.3321328285,1.3746404823129337
ldc-1.41.0,bv_portable,bv_split,double,lookup,2,8191,1.003998000929019,0.9801145662852707,1.0099983336538623,4.5804846784999995,3.3321328285,1.3746404823129337
ldc-1.41.0,bv_portable,bv_portable,double,lookup,2,8191,1.0,1.0,1.0,4.5804846784999995,3.3321328285,1.3746404823129337
ldc-1.41.0,bv_portable,default,double,lookupApply,0,8191,1.0177725846743975,0.9937099236214338,1.0408288753415678,6.203836528,6.3216411305,0.9813648702816065
ldc-1.41.0,bv_portable,bv_direct,double,lookupApply,0,8191,1.0341922390350902,1.0155567853426823,1.045835903729433,6.203836528,6.3216411305,0.9813648702816065
ldc-1.41.0,bv_portable,bv_split,double,lookupApply,0,8191,0.9985855728208832,0.9981553218884802,1.0121526716952265,6.203836528,6.3216411305,0.9813648702816065
ldc-1.41.0,bv_portable,bv_portable,double,lookupApply,0,8191,1.0,1.0,1.0,6.203836528,6.3216411305,0.9813648702816065
ldc-1.41.0,bv_portable,default,double,lookupApply,1,8191,1.0008591592227956,0.9836165048648403,1.0419143329697318,6.216808082,6.3647791785,0.9767515741944605
ldc-1.41.0,bv_portable,bv_direct,double,lookupApply,1,8191,1.031297944127206,1.0048543688729747,1.0422865608353773,6.216808082,6.3647791785,0.9767515741944605
ldc-1.41.0,bv_portable,bv_split,double,lookupApply,1,8191,1.0003068426714865,0.991019417421972,1.011790851207656,6.216808082,6.3647791785,0.9767515741944605
ldc-1.41.0,bv_portable,bv_portable,double,lookupApply,1,8191,1.0,1.0,1.0,6.216808082,6.3647791785,0.9767515741944605
ldc-1.41.0,bv_portable,default,double,lookupApply,2,8191,1.019175041569759,0.9871615455545065,1.0507174664894123,6.1878128435,6.337691521,0.9763512192091749
ldc-1.41.0,bv_portable,bv_direct,double,lookupApply,2,8191,1.0327393796683437,1.0137926768856937,1.043828870347375,6.1878128435,6.337691521,0.9763512192091749
ldc-1.41.0,bv_portable,bv_split,double,lookupApply,2,8191,1.0043775818185021,0.9854578643629834,1.0142197599373795,6.1878128435,6.337691521,0.9763512192091749
ldc-1.41.0,bv_portable,bv_portable,double,lookupApply,2,8191,1.0,1.0,1.0,6.1878128435,6.337691521,0.9763512192091749
ldc-1.41.0,bv_portable,default,double,prepared,0,8191,1.0248397430587894,0.992862806645512,1.0408653841483806,0.952264681,0.721928031,1.3190576347076346
ldc-1.41.0,bv_portable,bv_direct,double,prepared,0,8191,1.0352564099770492,1.0245836632273198,1.0417335472991875,0.952264681,0.721928031,1.3190576347076346
ldc-1.41.0,bv_portable,bv_split,double,prepared,0,8191,0.9991987175254693,0.9967948711520049,1.0158604272516019,0.952264681,0.721928031,1.3190576347076346
ldc-1.41.0,bv_portable,bv_portable,double,prepared,0,8191,1.0,1.0,1.0,0.952264681,0.721928031,1.3190576347076346
ldc-1.41.0,bv_portable,default,double,prepared,1,8191,1.0064051243387087,0.9788235295302743,1.044479746450131,0.953027713,0.722919973,1.3183031989627987
ldc-1.41.0,bv_portable,bv_direct,double,prepared,1,8191,1.035228183338253,1.0194598892020514,1.0409638549625755,0.953027713,0.722919973,1.3183031989627987
ldc-1.41.0,bv_portable,bv_split,double,prepared,1,8191,1.0056044844521745,0.9952941172165543,1.0080321285478766,0.953027713,0.722919973,1.3183031989627987
ldc-1.41.0,bv_portable,bv_portable,double,prepared,1,8191,1.0,1.0,1.0,0.953027713,0.722919973,1.3183031989627987
ldc-1.41.0,bv_portable,default,double,prepared,2,8191,1.0192771080938405,0.9692846039908413,1.0478295825313308,0.949975583,0.7352963619999999,1.2919628493959556
ldc-1.41.0,bv_portable,bv_direct,double,prepared,2,8191,1.0401606427393828,1.0147744952374846,1.0449799192365137,0.949975583,0.7352963619999999,1.2919628493959556
ldc-1.41.0,bv_portable,bv_split,double,prepared,2,8191,1.0016064254990438,0.9677293937244776,1.0297188754166118,0.949975583,0.7352963619999999,1.2919628493959556
ldc-1.41.0,bv_portable,bv_portable,double,prepared,2,8191,1.0,1.0,1.0,0.949975583,0.7352963619999999,1.2919628493959556
ldc-1.41.0,bv_portable,default,double,vienot,0,8191,1.0274074073196773,1.0,1.0415122318484824,0.515047003,0.719486326,0.7158537756560505
ldc-1.41.0,bv_portable,bv_direct,double,vienot,0,8191,1.2903703703329774,1.2801470583615455,1.3002223862936262,0.515047003,0.719486326,0.7158537756560505
ldc-1.41.0,bv_portable,bv_split,double,vienot,0,8191,1.2429629631297943,1.2418397621843045,1.269117646554326,0.515047003,0.719486326,0.7158537756560505
ldc-1.41.0,bv_portable,bv_portable,double,vienot,0,8191,1.0,1.0,1.0,0.515047003,0.719486326,0.7158537756560505
ldc-1.41.0,bv_portable,default,double,vienot,1,8191,1.0148148148723428,0.9897285393708811,1.0344574779593738,0.515047003,0.720970425,0.7143802091465818
ldc-1.41.0,bv_portable,bv_direct,double,vienot,1,8191,1.2918518506552692,1.2470674485718722,1.2979197617449438,0.515047003,0.720970425,0.7143802091465818
ldc-1.41.0,bv_portable,bv_split,double,vienot,1,8191,1.247407406038241,1.2390029320244178,1.2501834173429858,0.515047003,0.720970425,0.7143802091465818
ldc-1.41.0,bv_portable,bv_portable,double,vienot,1,8191,1.0,1.0,1.0,0.515047003,0.720970425,0.7143802091465818
ldc-1.41.0,bv_portable,default,float,brettel,0,8191,1.9874353290381084,1.9272905921888852,1.9842092277965286,1.548574655,1.37382493,1.1271994132469265
ldc-1.41.0,bv_portable,bv_direct,float,brettel,0,8191,1.031288494773925,1.0210195702935807,1.0629163578668424,1.548574655,1.37382493,1.1271994132469265
ldc-1.41.0,bv_portable,bv_split,float,brettel,0,8191,0.9960581425762778,0.9904200443020079,0.9962990377344968,1.548574655,1.37382493,1.1271994132469265
ldc-1.41.0,bv_portable,bv_portable,float,brettel,0,8191,1.0,1.0,1.0,1.548574655,1.37382493,1.1271994132469265
ldc-1.41.0,bv_portable,default,float,brettel,1,8191,1.4407197436585986,1.4212463196345906,1.4502708024130546,1.5478116225,1.3731610915,1.1271886685991204
ldc-1.41.0,bv_portable,bv_direct,float,brettel,1,8191,1.0315504065805656,1.0256663375912607,1.0457902514318975,1.5478116225,1.3731610915,1.1271886685991204
ldc-1.41.0,bv_portable,bv_split,float,brettel,1,8191,0.996795662063844,0.9955686856159007,1.0152109911651295,1.5478116225,1.3731610915,1.1271886685991204
ldc-1.41.0,bv_portable,bv_portable,float,brettel,1,8191,1.0,1.0,1.0,1.5478116225,1.3731610915,1.1271886685991204
ldc-1.41.0,bv_portable,default,float,brettel,2,8191,1.3361386144796659,1.2942759292186496,1.3561168894708353,1.541325845,1.414876084,1.0893716152459891
ldc-1.41.0,bv_portable,bv_direct,float,brettel,2,8191,1.0410891092272574,1.0271526417977381,1.0483151637416133,1.541325845,1.414876084,1.0893716152459891
ldc-1.41.0,bv_portable,bv_split,float,brettel,2,8191,1.0009900995334313,1.000742941793961,1.0176125241494083,1.541325845,1.414876084,1.0893716152459891
ldc-1.41.0,bv_portable,bv_portable,float,brettel,2,8191,1.0,1.0,1.0,1.541325845,1.414876084,1.0893716152459891
ldc-1.41.0,bv_portable,default,float,lookup,0,8191,1.0327304048649584,1.0169303014098687,1.0469154044500204,3.100582957,2.1773745575,1.424000728914552
ldc-1.41.0,bv_portable,bv_direct,float,lookup,0,8191,1.0431893688564837,1.014776505419914,1.0580637225287566,3.100582957,2.1773745575,1.424000728914552
ldc-1.41.0,bv_portable,bv_split,float,lookup,0,8191,1.0043066320705445,0.9919960597255923,1.0343549184541752,3.100582957,2.1773745575,1.424000728914552
ldc-1.41.0,bv_portable,bv_portable,float,lookup,0,8191,1.0,1.0,1.0,3.100582957,2.1773745575,1.424000728914552
ldc-1.41.0,bv_portable,default,float,lookup,1,8191,1.0289783890245923,1.0092092336699492,1.0415543024724525,3.1070687340000003,2.1768328045,1.427334578740726
ldc-1.41.0,bv_portable,bv_direct,float,lookup,1,8191,1.0410117877681941,1.030522186712092,1.0543331284915434,3.1070687340000003,2.1768328045,1.427334578740726
ldc-1.41.0,bv_portable,bv_split,float,lookup,1,8191,1.0017190569173935,0.9878646725672148,1.0271365422584178,3.1070687340000003,2.1768328045,1.427334578740726
ldc-1.41.0,bv_portable,bv_portable,float,lookup,1,8191,1.0,1.0,1.0,3.1070687340000003,2.1768328045,1.427334578740726
ldc-1.41.0,bv_portable,default,float,lookup,2,8191,1.0171926809043175,1.0114222550564091,1.038737623633782,3.1066872175,2.1795949825000003,1.4253506924192967
ldc-1.41.0,bv_portable,bv_direct,float,lookup,2,8191,1.0349993859657034,1.0227216901019363,1.0403465345640959,3.1066872175,2.1795949825000003,1.4253506924192967
ldc-1.41.0,bv_portable,bv_split,float,lookup,2,8191,1.0002456096950159,0.9909169019531535,1.0194055515787113,3.1066872175,2.1795949825000003,1.4253506924192967
ldc-1.41.0,bv_portable,bv_portable,float,lookup,2,8191,1.0,1.0,1.0,3.1066872175,2.1795949825000003,1.4253506924192967
ldc-1.41.0,bv_portable,default,float,lookupApply,0,8191,1.034148069464114,1.0158763910802877,1.0430608499189795,5.3851025515,6.4759339515,0.8315561263951227
ldc-1.41.0,bv_portable,bv_direct,float,lookupApply,0,8191,1.0386114062845622,1.0128476633626378,1.0547080109624678,5.3851025515,6.4759339515,0.8315561263951227
ldc-1.41.0,bv_portable,bv_split,float,lookupApply,0,8191,1.0084307474306786,0.9985175772544956,1.0154511305692604,5.3851025515,6.4759339515,0.8315561263951227
ldc-1.41.0,bv_portable,bv_portable,float,lookupApply,0,8191,1.0,1.0,1.0,5.3851025515,6.4759339515,0.8315561263951227
ldc-1.41.0,bv_portable,default,float,lookupApply,1,8191,1.0387530995935945,1.0011264432047793,1.0627348124949867,5.3851025515,6.452547003,0.8345700618680173
ldc-1.41.0,bv_portable,bv_direct,float,lookupApply,1,8191,1.0422245838079096,1.029146719134671,1.0539330633192578,5.3851025515,6.452547003,0.8345700618680173
ldc-1.41.0,bv_portable,bv_split,float,lookupApply,1,8191,1.0092809068206283,1.0027645850254288,1.014784567604798,5.3851025515,6.452547003,0.8345700618680173
ldc-1.41.0,bv_portable,bv_portable,float,lookupApply,1,8191,1.0,1.0,1.0,5.3851025515,6.452547003,0.8345700618680173
ldc-1.41.0,bv_portable,default,float,lookupApply,2,8191,1.0236036292677788,0.9999999999078304,1.0428551156097992,5.382431937,6.4460535955000005,0.8349964605875265
ldc-1.41.0,bv_portable,bv_direct,float,lookupApply,2,8191,1.0411114262270327,1.0272874322571612,1.051769564923746,5.382431937,6.4460535955000005,0.8349964605875265
ldc-1.41.0,bv_portable,bv_split,float,lookupApply,2,8191,1.0060958323085247,1.0042571306188972,1.0128701033629168,5.382431937,6.4460535955000005,0.8349964605875265
ldc-1.41.0,bv_portable,bv_portable,float,lookupApply,2,8191,1.0,1.0,1.0,5.382431937,6.4460535955000005,0.8349964605875265
ldc-1.41.0,bv_portable,default,float,prepared,0,8191,1.2261731277591081,1.2061224494661684,1.2282325716530853,1.3089824195,0.415181297,3.1527971730865323
ldc-1.41.0,bv_portable,bv_direct,float,prepared,0,8191,1.2273389684742058,1.2091408734163316,1.2476190475902305,1.3089824195,0.415181297,3.1527971730865323
ldc-1.41.0,bv_portable,bv_split,float,prepared,0,8191,0.9979597789395674,0.9875901874629108,1.0180758021378193,1.3089824195,0.415181297,3.1527971730865323
ldc-1.41.0,bv_portable,bv_portable,float,prepared,0,8191,1.0,1.0,1.0,1.3089824195,0.415181297,3.1527971730865323
ldc-1.41.0,bv_portable,default,float,prepared,1,8191,1.2277486909697493,1.1991316929670466,1.2522522523002895,1.311653034,0.415188927,3.1591715209688145
ldc-1.41.0,bv_portable,bv_direct,float,prepared,1,8191,1.222222222222222,1.2159189579465315,1.239883551383492,1.311653034,0.415188927,3.1591715209688145
ldc-1.41.0,bv_portable,bv_split,float,prepared,1,8191,0.9959278651735273,0.9941877360975411,1.0164978292259692,1.311653034,0.415188927,3.1591715209688145
ldc-1.41.0,bv_portable,bv_portable,float,prepared,1,8191,1.0,1.0,1.0,1.311653034,0.415188927,3.1591715209688145
ldc-1.41.0,bv_portable,default,float,prepared,2,8191,1.2164135508854155,1.1892671669880086,1.24532163763531,1.306311806,0.4154140215,3.1446021039037078
ldc-1.41.0,bv_portable,bv_direct,float,prepared,2,8191,1.2304322426065557,1.2143681479803587,1.237733644887536,1.306311806,0.4154140215,3.1446021039037078
ldc-1.41.0,bv_portable,bv_split,float,prepared,2,8191,1.0005841116925493,1.0005847956308902,1.014425851188491,1.306311806,0.4154140215,3.1446021039037078
ldc-1.41.0,bv_portable,bv_portable,float,prepared,2,8191,1.0,1.0,1.0,1.306311806,0.4154140215,3.1446021039037078
ldc-1.41.0,bv_portable,default,float,vienot,0,8191,6.591666671497256,6.4691912688850834,6.613231552820468,0.595165425,0.415417837,1.4326910690645187
ldc-1.41.0,bv_portable,bv_direct,float,vienot,0,8191,1.0339743601537337,1.0229007637915335,1.0487804883383098,0.595165425,0.415417837,1.4326910690645187
ldc-1.41.0,bv_portable,bv_split,float,vienot,0,8191,1.0,0.9885496189379228,1.0109114247795432,0.595165425,0.415417837,1.4326910690645187
ldc-1.41.0,bv_portable,bv_portable,float,vienot,0,8191,1.0,1.0,1.0,0.595165425,0.415417837,1.4326910690645187
ldc-1.41.0,bv_portable,default,float,vienot,1,8191,6.59015344916323,6.438137753349385,6.743918054337992,0.596691491,0.4152232635,1.437037717902335
ldc-1.41.0,bv_portable,bv_direct,float,vienot,1,8191,1.030690536527192,1.0128040973670032,1.0473751599223007,0.596691491,0.4152232635,1.437037717902335
ldc-1.41.0,bv_portable,bv_split,float,vienot,1,8191,0.9974424538928108,0.9961587704542884,1.016581633053912,0.596691491,0.4152232635,1.437037717902335
ldc-1.41.0,bv_portable,bv_portable,float,vienot,1,8191,1.0,1.0,1.0,0.596691491,0.4152232635,1.437037717902335
ldc-1.41.0,bv_compiler,default,double,brettel,0,8191,1.4526518186869803,1.4331362838008095,1.4874959924186588,2.381043218,2.6978200159999997,0.8825804552856428
ldc-1.41.0,bv_compiler,bv_direct,double,brettel,0,8191,1.0152219198400119,1.0009428035608463,1.0181147804995054,2.381043218,2.6978200159999997,0.8825804552856428
ldc-1.41.0,bv_compiler,bv_split,double,brettel,0,8191,0.9764460825086965,0.9572595854312594,0.9948873622184731,2.381043218,2.6978200159999997,0.8825804552856428
ldc-1.41.0,bv_compiler,bv_portable,double,brettel,0,8191,0.9777279282042834,0.9575738529416525,0.9824253074820473,2.381043218,2.6978200159999997,0.8825804552856428
ldc-1.41.0,bv_compiler,default,double,brettel,1,8191,0.9758593123649911,0.9530169703438268,0.9837190741955898,2.3863844465,2.6763063120000004,0.8916708957416231
ldc-1.41.0,bv_compiler,bv_direct,double,brettel,1,8191,1.0151878497838676,0.9984286612127576,1.0121833922501342,2.3863844465,2.6763063120000004,0.8916708957416231
ldc-1.41.0,bv_compiler,bv_split,double,brettel,1,8191,0.9793764987983463,0.9586737900602725,0.9926258417097337,2.3863844465,2.6763063120000004,0.8916708957416231
ldc-1.41.0,bv_compiler,bv_portable,double,brettel,1,8191,0.9836930455371201,0.9558453802020496,0.9951907664603179,2.3863844465,2.6763063120000004,0.8916708957416231
ldc-1.41.0,bv_compiler,default,double,brettel,2,8191,0.9493124400731561,0.9135373933109534,0.967255216843273,2.38600293,2.677530979,0.8911205691786694
ldc-1.41.0,bv_compiler,bv_direct,double,brettel,2,8191,1.0078349857684374,0.9942215091393036,1.020057766452342,2.38600293,2.677530979,0.8911205691786694
ldc-1.41.0,bv_compiler,bv_split,double,brettel,2,8191,0.9761752478233545,0.9778562260048507,0.9902177340955683,2.38600293,2.677530979,0.8911205691786694
ldc-1.41.0,bv_compiler,bv_portable,double,brettel,2,8191,0.9736168852902457,0.9596087093307382,1.004332477511647,2.38600293,2.677530979,0.8911205691786694
ldc-1.41.0,bv_compiler,default,double,lookup,0,8191,0.9996720774313099,0.9758461910691786,1.0450893588892238,4.6537358075,3.3675718774999996,1.3819261998810894
ldc-1.41.0,bv_compiler,bv_direct,double,lookup,0,8191,1.0135268077312314,0.9932775864823304,1.0199785355221642,4.6537358075,3.3675718774999996,1.3819261998810894
ldc-1.41.0,bv_compiler,bv_split,double,lookup,0,8191,0.9833579275438917,0.9686565959043122,0.9950466441882433,4.6537358075,3.3675718774999996,1.3819261998810894
ldc-1.41.0,bv_compiler,bv_portable,double,lookup,0,8191,0.9884407280032301,0.9688989418349161,0.997027986512946,4.6537358075,3.3675718774999996,1.3819261998810894
ldc-1.41.0,bv_compiler,default,double,lookup,1,8191,0.9874672346325961,0.9671853584720317,1.0353668591368335,4.6575509705,3.3405567085,1.3942439470190482
ldc-1.41.0,bv_compiler,bv_direct,double,lookup,1,8191,1.003276539987787,0.9948887056878949,1.0099165358660152,4.6575509705,3.3405567085,1.3942439470190482
ldc-1.41.0,bv_compiler,bv_split,double,lookup,1,8191,0.9877948885884339,0.9825848585959602,0.9900247320909653,4.6575509705,3.3405567085,1.3942439470190482
ldc-1.41.0,bv_compiler,bv_portable,double,lookup,1,8191,0.9812418086128597,0.9639603321491254,0.9991736220111654,4.6575509705,3.3405567085,1.3942439470190482
ldc-1.41.0,bv_compiler,default,double,lookup,2,8191,0.9975486190449531,0.9845762573001734,1.027249734809916,4.6689964595,3.340610121,1.3976478219201323
ldc-1.41.0,bv_compiler,bv_direct,double,lookup,2,8191,1.0115214905315566,0.9810720404087221,1.0341291329084163,4.6689964595,3.340610121,1.3976478219201323
ldc-1.41.0,bv_compiler,bv_split,double,lookup,2,8191,0.9849648635185478,0.9782165292602603,0.9924676601583315,4.6689964595,3.340610121,1.3976478219201323
ldc-1.41.0,bv_compiler,bv_portable,double,lookup,2,8191,0.981042654076144,0.974463571815007,1.0025432767789713,4.6689964595,3.340610121,1.3976478219201323
ldc-1.41.0,bv_compiler,default,double,lookupApply,0,8191,1.00030220602662,0.9797097958240787,1.023212234689046,6.312187157,6.436721707,0.980652488072528
ldc-1.41.0,bv_compiler,bv_direct,double,lookupApply,0,8191,1.016440011982997,0.9983678896716807,1.0211420311236856,6.312187157,6.436721707,0.980652488072528
ldc-1.41.0,bv_compiler,bv_split,double,lookupApply,0,8191,0.9814445451177549,0.9770509576651132,0.9978927086845664,6.312187157,6.436721707,0.980652488072528
ldc-1.41.0,bv_compiler,bv_portable,double,lookupApply,0,8191,0.9828346932204247,0.9763883870139768,0.9859112529073538,6.312187157,6.436721707,0.980652488072528
ldc-1.41.0,bv_compiler,default,double,lookupApply,1,8191,0.983062085568875,0.9690014902603152,1.0331145947882057,6.32935539,6.3905315285,0.9904270656944306
ldc-1.41.0,bv_compiler,bv_direct,double,lookupApply,1,8191,1.0129596142017234,1.0040709685274591,1.0075444146194508,6.32935539,6.3905315285,0.9904270656944306
ldc-1.41.0,bv_compiler,bv_split,double,lookupApply,1,8191,0.9825195901979523,0.9770491802310443,0.9936724263067332,6.32935539,6.3905315285,0.9904270656944306
ldc-1.41.0,bv_compiler,bv_portable,double,lookupApply,1,8191,0.9822182037403339,0.9656631892498881,1.0026770503565539,6.32935539,6.3905315285,0.9904270656944306
ldc-1.41.0,bv_compiler,default,double,lookupApply,2,8191,0.9942857142613895,0.9802428857150312,1.0183431242780279,6.3427084605,6.379108931,0.9942938001382751
ldc-1.41.0,bv_compiler,bv_direct,double,lookupApply,2,8191,1.007518796945657,0.9825560484868606,1.0193567778657777,6.3427084605,6.379108931,0.9942938001382751
ldc-1.41.0,bv_compiler,bv_split,double,lookupApply,2,8191,0.9798496240532037,0.9748831075440998,0.9904418395646739,6.3427084605,6.379108931,0.9942938001382751
ldc-1.41.0,bv_compiler,bv_portable,double,lookupApply,2,8191,0.9755789473905931,0.9691883467783671,0.9929913600558772,6.3427084605,6.379108931,0.9942938001382751
ldc-1.41.0,bv_compiler,default,double,prepared,0,8191,1.0007824720012213,0.9656768222631613,1.0164319243313749,0.975155659,0.736562996,1.3239270290466778
ldc-1.41.0,bv_compiler,bv_direct,double,prepared,0,8191,1.0109546162209164,0.9965291170397974,1.0172143973580734,0.975155659,0.736562996,1.3239270290466778
ldc-1.41.0,bv_compiler,bv_split,double,prepared,0,8191,0.9757433484780711,0.9596619283652646,0.9880447355718847,0.975155659,0.736562996,1.3239270290466778
ldc-1.41.0,bv_compiler,bv_portable,double,prepared,0,8191,0.9765258215047695,0.9573568965059915,0.9765258215047695,0.975155659,0.736562996,1.3239270290466778
ldc-1.41.0,bv_compiler,default,double,prepared,1,8191,0.982031249721634,0.9639570552563435,1.0265417649854374,0.976681724,0.7322366014999999,1.3338335204758267
ldc-1.41.0,bv_compiler,bv_direct,double,prepared,1,8191,1.01015625024637,0.9938650304467109,1.0156250000639921,0.976681724,0.7322366014999999,1.3338335204758267
ldc-1.41.0,bv_compiler,bv_split,double,prepared,1,8191,0.9812500003327594,0.9624233131192788,0.9914062495552544,0.976681724,0.7322366014999999,1.3338335204758267
ldc-1.41.0,bv_compiler,bv_portable,double,prepared,1,8191,0.9757812494912621,0.9547546014289249,0.996093749984002,0.976681724,0.7322366014999999,1.3338335204758267
ldc-1.41.0,bv_compiler,default,double,prepared,2,8191,0.9875486376735432,0.9681553397779563,1.014396887116277,0.980496887,0.7341441825,1.335564471356415
ldc-1.41.0,bv_compiler,bv_direct,double,prepared,2,8191,1.0077821011990626,0.9867704281655715,1.0135922330650515,0.980496887,0.7341441825,1.335564471356415
ldc-1.41.0,bv_compiler,bv_split,double,prepared,2,8191,0.9704280152395833,0.9666019414080057,0.9876733431543818,0.980496887,0.7341441825,1.335564471356415
ldc-1.41.0,bv_compiler,bv_portable,double,prepared,2,8191,0.9688715952037489,0.9591679503347759,0.9988349508408206,0.980496887,0.7341441825,1.335564471356415
ldc-1.41.0,bv_compiler,default,double,vienot,0,8191,1.0065312042875922,0.9798270890759542,1.020334059821378,0.5257294594999999,0.7343807225,0.715881345183322
ldc-1.41.0,bv_compiler,bv_direct,double,vienot,0,8191,1.2641509430193918,1.2543227657835387,1.273783586509636,0.5257294594999999,0.7343807225,0.715881345183322
ldc-1.41.0,bv_compiler,bv_split,double,vienot,0,8191,1.217706821316145,1.2185911404625027,1.2435158493182508,0.5257294594999999,0.7343807225,0.715881345183322
ldc-1.41.0,bv_compiler,bv_portable,double,vienot,0,8191,0.9796806963981823,0.9796659401786216,0.9825072879864271,0.5257294594999999,0.7343807225,0.715881345183322
ldc-1.41.0,bv_compiler,default,double,vienot,1,8191,0.9898843934002114,0.9666193182188384,1.026928675322541,0.528018557,0.7342357465,0.7191403571904409
ldc-1.41.0,bv_compiler,bv_direct,double,vienot,1,8191,1.2601156061263201,1.2379912662297645,1.2644508666387648,0.528018557,0.7342357465,0.7191403571904409
ldc-1.41.0,bv_compiler,bv_split,double,vienot,1,8191,1.2167630047896214,1.1938920455761834,1.2312138719018544,0.528018557,0.7342357465,0.7191403571904409
ldc-1.41.0,bv_compiler,bv_portable,double,vienot,1,8191,0.9754335262879784,0.9559659100111273,0.9927219795909983,0.528018557,0.7342357465,0.7191403571904409
ldc-1.41.0,bv_compiler,default,float,brettel,0,8191,1.9471397540137019,1.8782305006111295,1.951468090695488,1.5806220240000002,1.407749359,1.1228007414066954
ldc-1.41.0,bv_compiler,bv_direct,float,brettel,0,8191,1.0103789525584896,0.9839348079696071,1.045377335412792,1.5806220240000002,1.407749359,1.1228007414066954
ldc-1.41.0,bv_compiler,bv_split,float,brettel,0,8191,0.9758629014902299,0.9576251457031864,0.9904200443020079,1.5806220240000002,1.407749359,1.1228007414066954
ldc-1.41.0,bv_compiler,bv_portable,float,brettel,0,8191,0.9797248371126074,0.9636786958811079,1.0,1.5806220240000002,1.407749359,1.1228007414066954
ldc-1.41.0,bv_compiler,default,float,brettel,1,8191,1.4097925712076607,1.3750296701234,1.419189453285293,1.581766573,1.3994246735,1.13029775946708
ldc-1.41.0,bv_compiler,bv_direct,float,brettel,1,8191,1.0094066569328117,0.9928791834491372,1.0146484375637421,1.581766573,1.3994246735,1.13029775946708
ldc-1.41.0,bv_compiler,bv_split,float,brettel,1,8191,0.9753979742243549,0.9605700715851406,0.9853515624362578,1.581766573,1.3994246735,1.13029775946708
ldc-1.41.0,bv_compiler,bv_portable,float,brettel,1,8191,0.9785335263245573,0.9648456057965418,0.9892578125812401,1.581766573,1.3994246735,1.13029775946708
ldc-1.41.0,bv_compiler,default,float,brettel,2,8191,1.3130625155402857,1.2633715372797072,1.3333333333333333,1.5684135025,1.4318993405,1.0953378202914257
ldc-1.41.0,bv_compiler,bv_direct,float,brettel,2,8191,1.0231087327686406,1.0026265518762474,1.025809593294413,1.5684135025,1.4318993405,1.0953378202914257
ldc-1.41.0,bv_compiler,bv_split,float,brettel,2,8191,0.9837022625351953,0.9591933572536082,0.9933142307342819,1.5684135025,1.4318993405,1.0953378202914257
ldc-1.41.0,bv_compiler,bv_portable,float,brettel,2,8191,0.9827292627506566,0.9575326215290724,0.9831994156887226,1.5684135025,1.4318993405,1.0953378202914257
ldc-1.41.0,bv_compiler,default,float,lookup,0,8191,1.0020296085389042,0.963244761697893,1.0287996127765884,3.1955805149999996,2.258381913,1.4149867640212541
ldc-1.41.0,bv_compiler,bv_direct,float,lookup,0,8191,1.0121776506075613,0.9906356080602624,1.0235630133429248,3.1955805149999996,2.258381913,1.4149867640212541
ldc-1.41.0,bv_compiler,bv_split,float,lookup,0,8191,0.9744508117956152,0.9631084136577969,0.9797495025530435,3.1955805149999996,2.258381913,1.4149867640212541
ldc-1.41.0,bv_compiler,bv_portable,float,lookup,0,8191,0.9702722063943992,0.9472082406851814,0.9826960310294135,3.1955805149999996,2.258381913,1.4149867640212541
ldc-1.41.0,bv_compiler,default,float,lookup,1,8191,1.0025122623058305,0.9769185705266987,1.0308140240880816,3.189094738,2.218791967,1.4373112871469127
ldc-1.41.0,bv_compiler,bv_direct,float,lookup,1,8191,1.0142361526482817,1.0049209138736985,1.0198956690737075,3.189094738,2.218791967,1.4373112871469127
ldc-1.41.0,bv_compiler,bv_split,float,lookup,1,8191,0.9759540614813808,0.9487990625015068,0.9985675062923539,3.189094738,2.218791967,1.4373112871469127
ldc-1.41.0,bv_compiler,bv_portable,float,lookup,1,8191,0.9742792200486834,0.9531341534448983,0.9896882204231929,3.189094738,2.218791967,1.4373112871469127
ldc-1.41.0,bv_compiler,default,float,lookup,2,8191,1.003513447976416,0.9872254060542737,1.0215433301505772,3.1490355269999997,2.2300466974999997,1.4120939846372882
ldc-1.41.0,bv_compiler,bv_direct,float,lookup,2,8191,1.0210806880172745,1.0009616540806159,1.0231256086704585,3.1490355269999997,2.2300466974999997,1.4120939846372882
ldc-1.41.0,bv_compiler,bv_split,float,lookup,2,8191,0.9867942814098333,0.963825215025133,0.9977160716963829,3.1490355269999997,2.2300466974999997,1.4120939846372882
ldc-1.41.0,bv_compiler,bv_portable,float,lookup,2,8191,0.9865519746802147,0.9726599809987888,0.9834469329963667,3.1490355269999997,2.2300466974999997,1.4120939846372882
ldc-1.41.0,bv_compiler,default,float,lookupApply,0,8191,1.024350877185638,0.9878015162523286,1.04041684274133,5.436607252,6.562549597,0.8284291298134017
ldc-1.41.0,bv_compiler,bv_direct,float,lookupApply,0,8191,1.028771929762345,1.009441764322499,1.0344491613524762,5.436607252,6.562549597,0.8284291298134017
ldc-1.41.0,bv_compiler,bv_split,float,lookupApply,0,8191,0.9988771929409184,0.9873880082888761,0.9959864807787002,5.436607252,6.562549597,0.8284291298134017
ldc-1.41.0,bv_compiler,bv_portable,float,lookupApply,0,8191,0.9905263157493945,0.972363886911375,0.9974651457986801,5.436607252,6.562549597,0.8284291298134017
ldc-1.41.0,bv_compiler,default,float,lookupApply,1,8191,1.0240972270830813,0.9766483516395732,1.0525133389162995,5.462168844000001,6.5272097425,0.8368305998250217
ldc-1.41.0,bv_compiler,bv_direct,float,lookupApply,1,8191,1.0275197317756146,1.0039835164283601,1.0278011794154518,5.462168844000001,6.5272097425,0.8368305998250217
ldc-1.41.0,bv_compiler,bv_split,float,lookupApply,1,8191,0.9950408604578828,0.9797189727846941,0.9931199101818359,5.462168844000001,6.5272097425,0.8368305998250217
ldc-1.41.0,bv_compiler,bv_portable,float,lookupApply,1,8191,0.9858908988899794,0.9741122723718957,0.9903819151697023,5.462168844000001,6.5272097425,0.8368305998250217
ldc-1.41.0,bv_compiler,default,float,lookupApply,2,8191,1.0079570042547326,0.9687947127558859,1.0261100251153983,5.465984007,6.537335185,0.8361180591660301
ldc-1.41.0,bv_compiler,bv_direct,float,lookupApply,2,8191,1.0251971801094952,0.9952306329430383,1.025053785788509,5.465984007,6.537335185,0.8361180591660301
ldc-1.41.0,bv_compiler,bv_split,float,lookupApply,2,8191,0.99071682839997,0.9812632009369442,0.9881318067075046,5.465984007,6.537335185,0.8361180591660301
ldc-1.41.0,bv_compiler,bv_portable,float,lookupApply,2,8191,0.9847141759117847,0.9687947128451794,0.9839430326957649,5.465984007,6.537335185,0.8361180591660301
ldc-1.41.0,bv_compiler,default,float,prepared,0,8191,1.1904357669740167,1.164368139799354,1.230368009527977,1.3482785985,0.42454752149999997,3.175801365501554
ldc-1.41.0,bv_compiler,bv_direct,float,prepared,0,8191,1.1915676287433112,1.1944835349282734,1.2232597623628303,1.3482785985,0.42454752149999997,3.175801365501554
ldc-1.41.0,bv_compiler,bv_split,float,prepared,0,8191,0.9688737976359713,0.9683078663804807,0.9910170963022931,1.3482785985,0.42454752149999997,3.175801365501554
ldc-1.41.0,bv_compiler,bv_portable,float,prepared,0,8191,0.9708545555468148,0.9653813676336969,1.0017386266446406,1.3482785985,0.42454752149999997,3.175801365501554
ldc-1.41.0,bv_compiler,default,float,prepared,1,8191,1.2160760589639228,1.1605042013009206,1.241786743705236,1.3242430715,0.42210200249999996,3.137258443828397
ldc-1.41.0,bv_compiler,bv_direct,float,prepared,1,8191,1.210602132268736,1.173925027365553,1.2057636887869292,1.3242430715,0.42210200249999996,3.137258443828397
ldc-1.41.0,bv_compiler,bv_split,float,prepared,1,8191,0.9864592340440274,0.94321940460536,0.9858789626230969,1.3242430715,0.42210200249999996,3.137258443828397
ldc-1.41.0,bv_compiler,bv_portable,float,prepared,1,8191,0.9904926536744203,0.9468026461482282,0.991642651410026,1.3242430715,0.42210200249999996,3.137258443828397
ldc-1.41.0,bv_compiler,default,float,prepared,2,8191,1.1927262311452806,1.1237731734131187,1.2252589182263893,1.332254914,0.420690392,3.16682990468677
ldc-1.41.0,bv_compiler,bv_direct,float,prepared,2,8191,1.206471935745474,1.1474918212061087,1.2166283086692413,1.332254914,0.420690392,3.16682990468677
ldc-1.41.0,bv_compiler,bv_split,float,prepared,2,8191,0.9810996561278211,0.9583333333027927,0.9844649022692898,1.332254914,0.420690392,3.16682990468677
ldc-1.41.0,bv_compiler,bv_portable,float,prepared,2,8191,0.9805269188896384,0.9449291165241173,0.9838895279720531,1.332254914,0.420690392,3.16682990468677
ldc-1.41.0,bv_compiler,default,float,vienot,0,8191,6.42687500389994,6.210104741400572,6.621656056072388,0.610426077,0.42500152599999996,1.436291494633363
ldc-1.41.0,bv_compiler,bv_direct,float,vienot,0,8191,1.0081250010228513,1.0067775727460626,1.0242038227789778,0.610426077,0.42500152599999996,1.436291494633363
ldc-1.41.0,bv_compiler,bv_split,float,vienot,0,8191,0.9749999998771351,0.9704251383560331,0.9898089184820127,0.610426077,0.42500152599999996,1.436291494633363
ldc-1.41.0,bv_compiler,bv_portable,float,vienot,0,8191,0.9749999998771351,0.9599507084091574,1.0012738860245,0.610426077,0.42500152599999996,1.436291494633363
ldc-1.41.0,bv_compiler,default,float,vienot,1,8191,6.523417726446449,6.184067591208982,6.675538660113535,0.602795751,0.4223270965,1.4273196202555287
ldc-1.41.0,bv_compiler,bv_direct,float,vienot,1,8191,1.020253165321333,0.9852398526543034,1.0025348547564028,0.602795751,0.4223270965,1.4273196202555287
ldc-1.41.0,bv_compiler,bv_split,float,vienot,1,8191,0.9873417720889011,0.9426674710979385,0.9860583017466017,0.602795751,0.4223270965,1.4273196202555287
ldc-1.41.0,bv_compiler,bv_portable,float,vienot,1,8191,0.9898734189982702,0.9426674710979382,0.9898605834659464,0.602795751,0.4223270965,1.4273196202555287
ldc-1.41.0,bv_portable,default,double,brettel,0,65536,4.4366984403210425,4.34418623645199,4.473080778273932,2.3460865025,2.6669244765,0.8796973904483942
ldc-1.41.0,bv_portable,bv_direct,double,brettel,0,65536,1.0158330112553042,0.9860493085657066,1.0478135414861212,2.3460865025,2.6669244765,0.8796973904483942
ldc-1.41.0,bv_portable,bv_split,double,brettel,0,65536,0.9983130421679752,0.9858488676620506,1.0157888321229454,2.3460865025,2.6669244765,0.8796973904483942
ldc-1.41.0,bv_portable,bv_portable,double,brettel,0,65536,1.0,1.0,1.0,2.3460865025,2.6669244765,0.8796973904483942
ldc-1.41.0,bv_portable,default,double,brettel,1,65536,4.311518166124142,4.322190424488034,4.352072998833995,2.3584842679999998,2.7117819785,0.8697175092610417
ldc-1.41.0,bv_portable,bv_direct,double,brettel,1,65536,1.0041042438278416,1.0028212466263844,1.0257133710235802,2.3584842679999998,2.7117819785,0.8697175092610417
ldc-1.41.0,bv_portable,bv_split,double,brettel,1,65536,0.9957137948142548,0.9932208894380969,1.026476412142784,2.3584842679999998,2.7117819785,0.8697175092610417
ldc-1.41.0,bv_portable,bv_portable,double,brettel,1,65536,1.0,1.0,1.0,2.3584842679999998,2.7117819785,0.8697175092610417
ldc-1.41.0,bv_portable,default,double,brettel,2,65536,4.239985352387605,4.178817784052424,4.250257882973628,2.3437976835,2.6926832195,0.8704320161118752
ldc-1.41.0,bv_portable,bv_direct,double,brettel,2,65536,1.004984436618503,0.9921522621818413,1.0170475011629303,2.3437976835,2.6926832195,0.8704320161118752
ldc-1.41.0,bv_portable,bv_split,double,brettel,2,65536,1.0165198463043876,0.9999799912866855,1.0137942192914762,2.3437976835,2.6926832195,0.8704320161118752
ldc-1.41.0,bv_portable,bv_portable,double,brettel,2,65536,1.0,1.0,1.0,2.3437976835,2.6926832195,0.8704320161118752
ldc-1.41.0,bv_portable,default,double,lookup,0,65536,1.0015761510406151,0.9955765352074428,1.0102691914333606,4.568243026499999,3.3431510925000003,1.3664482699416012
ldc-1.41.0,bv_portable,bv_direct,double,lookup,0,65536,1.0098744298931401,0.9884794771126286,1.018472061554222,4.568243026499999,3.3431510925000003,1.3664482699416012
ldc-1.41.0,bv_portable,bv_split,double,lookup,0,65536,0.9986117345414395,0.9922231300474379,1.0010034712662848,4.568243026499999,3.3431510925000003,1.3664482699416012
ldc-1.41.0,bv_portable,bv_portable,double,lookup,0,65536,1.0,1.0,1.0,4.568243026499999,3.3431510925000003,1.3664482699416012
ldc-1.41.0,bv_portable,default,double,lookup,1,65536,1.0171491273546378,1.0089661200597337,1.0194884916455964,4.562854767,3.326406479,1.3717069142950042
ldc-1.41.0,bv_portable,bv_direct,double,lookup,1,65536,1.0052356567806577,0.9868047746355416,1.0225386869406303,4.562854767,3.326406479,1.3717069142950042
ldc-1.41.0,bv_portable,bv_split,double,lookup,1,65536,1.0378827462907938,1.0221890904838882,1.0283421170524363,4.562854767,3.326406479,1.3717069142950042
ldc-1.41.0,bv_portable,bv_portable,double,lookup,1,65536,1.0,1.0,1.0,4.562854767,3.326406479,1.3717069142950042
ldc-1.41.0,bv_portable,default,double,lookup,2,65536,1.0164558147090577,0.9935847332676746,1.0263234651006867,4.5870304105,3.3394727705,1.3735792221516483
ldc-1.41.0,bv_portable,bv_direct,double,lookup,2,65536,1.0028067403849186,0.9988225143453926,1.0093335279190139,4.5870304105,3.3394727705,1.3735792221516483
ldc-1.41.0,bv_portable,bv_split,double,lookup,2,65536,1.003908645876635,0.997736385349247,1.0343965499002217,4.5870304105,3.3394727705,1.3735792221516483
ldc-1.41.0,bv_portable,bv_portable,double,lookup,2,65536,1.0,1.0,1.0,4.5870304105,3.3394727705,1.3735792221516483
ldc-1.41.0,bv_portable,default,double,lookupApply,0,65536,0.994411232503346,0.9907580675390341,1.0160546788311358,6.2454700469999995,6.365937233,0.9810762843567609
ldc-1.41.0,bv_portable,bv_direct,double,lookupApply,0,65536,0.9934797712272176,0.9725408515667466,1.0121686389490576,6.2454700469999995,6.365937233,0.9810762843567609
ldc-1.41.0,bv_portable,bv_split,double,lookupApply,0,65536,0.9922047382128771,0.9823332409915638,1.0078558964925184,6.2454700469999995,6.365937233,0.9810762843567609
ldc-1.41.0,bv_portable,bv_portable,double,lookupApply,0,65536,1.0,1.0,1.0,6.2454700469999995,6.365937233,0.9810762843567609
ldc-1.41.0,bv_portable,default,double,lookupApply,1,65536,1.0056023488410102,1.0021236996597311,1.015878399196603,6.187772751000001,6.414765835,0.9646139719143779
ldc-1.41.0,bv_portable,bv_direct,double,lookupApply,1,65536,1.001995884948749,1.001341185248385,1.0172857109784257,6.187772751000001,6.414765835,0.9646139719143779
ldc-1.41.0,bv_portable,bv_split,double,lookupApply,1,65536,1.006789091194923,1.0041161161725978,1.0257445890381027,6.187772751000001,6.414765835,0.9646139719143779
ldc-1.41.0,bv_portable,bv_portable,double,lookupApply,1,65536,1.0,1.0,1.0,6.187772751000001,6.414765835,0.9646139719143779
ldc-1.41.0,bv_portable,default,double,lookupApply,2,65536,1.0112028847359569,1.0047994594068015,1.0201989381845362,6.188774109,6.3649158475,0.9723261481030916
ldc-1.41.0,bv_portable,bv_direct,double,lookupApply,2,65536,1.0068265170542519,0.996866912839332,1.0244858729834536,6.188774109,6.3649158475,0.9723261481030916
ldc-1.41.0,bv_portable,bv_split,double,lookupApply,2,65536,1.002742934658952,0.9986254348523032,1.008367913629493,6.188774109,6.3649158475,0.9723261481030916
ldc-1.41.0,bv_portable,bv_portable,double,lookupApply,2,65536,1.0,1.0,1.0,6.188774109,6.3649158475,0.9723261481030916
ldc-1.41.0,bv_portable,default,double,prepared,0,65536,0.9893372463211548,0.9944516817031489,1.0088443397784834,0.97489357,0.741347313,1.3150294779580594
ldc-1.41.0,bv_portable,bv_direct,double,prepared,0,65536,1.0202983613893362,1.0064167513989886,1.0257147098665098,0.97489357,0.741347313,1.3150294779580594
ldc-1.41.0,bv_portable,bv_split,double,prepared,0,65536,0.9907067742789606,0.9772277709052719,1.0391116354284213,0.97489357,0.741347313,1.3150294779580594
ldc-1.41.0,bv_portable,bv_portable,double,prepared,0,65536,1.0,1.0,1.0,0.97489357,0.741347313,1.3150294779580594
ldc-1.41.0,bv_portable,default,double,prepared,1,65536,1.0078070612859824,1.0085248517878025,1.0236377208085485,0.958919525,0.7469329835,1.2838093191529276
ldc-1.41.0,bv_portable,bv_direct,double,prepared,1,65536,1.0117354550685576,1.0058721070017107,1.0231476954477852,0.958919525,0.7469329835,1.2838093191529276
ldc-1.41.0,bv_portable,bv_split,double,prepared,1,65536,1.0103431129948053,1.0023430877409794,1.04543418703688,0.958919525,0.7469329835,1.2838093191529276
ldc-1.41.0,bv_portable,bv_portable,double,prepared,1,65536,1.0,1.0,1.0,0.958919525,0.7469329835,1.2838093191529276
ldc-1.41.0,bv_portable,default,double,prepared,2,65536,1.0016825026670584,0.991317549932432,1.0110927316404195,0.963592529,0.740969658,1.3004480259028366
ldc-1.41.0,bv_portable,bv_direct,double,prepared,2,65536,1.0009402215902816,0.9831176412229313,0.9996518971717037,0.963592529,0.740969658,1.3004480259028366
ldc-1.41.0,bv_portable,bv_split,double,prepared,2,65536,1.0155384008794033,0.9922190063962374,1.0172062258854018,0.963592529,0.740969658,1.3004480259028366
ldc-1.41.0,bv_portable,bv_portable,double,prepared,2,65536,1.0,1.0,1.0,0.963592529,0.740969658,1.3004480259028366
ldc-1.41.0,bv_portable,default,double,vienot,0,65536,0.9961517814454641,0.9924713298800628,1.15020261042471,0.5328178404999999,0.742983341,0.7171329572246761
ldc-1.41.0,bv_portable,bv_direct,double,vienot,0,65536,1.2843207452622827,1.2552744467487709,1.343358847307212,0.5328178404999999,0.742983341,0.7171329572246761
ldc-1.41.0,bv_portable,bv_split,double,vienot,0,65536,1.2402004658475771,1.2013481575512217,1.2637550639245214,0.5328178404999999,0.742983341,0.7171329572246761
ldc-1.41.0,bv_portable,bv_portable,double,vienot,0,65536,1.0,1.0,1.0,0.5328178404999999,0.742983341,0.7171329572246761
ldc-1.41.0,bv_portable,default,double,vienot,1,65536,0.9958623111651154,0.9689681918614782,1.0088128554700044,0.541639328,0.744482994,0.7275375426507057
ldc-1.41.0,bv_portable,bv_direct,double,vienot,1,65536,1.2450919978247958,1.2217038183316116,1.309369880709679,0.541639328,0.744482994,0.7275375426507057
ldc-1.41.0,bv_portable,bv_split,double,vienot,1,65536,1.1972884934234316,1.1696042851566681,1.4627077976967902,0.541639328,0.744482994,0.7275375426507057
ldc-1.41.0,bv_portable,bv_portable,double,vienot,1,65536,1.0,1.0,1.0,0.541639328,0.744482994,0.7275375426507057
ldc-1.41.0,bv_portable,default,float,brettel,0,65536,5.42523211990762,5.341766222219037,5.688587475146806,1.607465744,1.405792713,1.1434585832854576
ldc-1.41.0,bv_portable,bv_direct,float,brettel,0,65536,0.9836255225977619,0.9810939957699198,1.0174609511401185,1.607465744,1.405792713,1.1434585832854576
ldc-1.41.0,bv_portable,bv_split,float,brettel,0,65536,0.9893506570426798,0.9870299467560599,1.015957283759796,1.607465744,1.405792713,1.1434585832854576
ldc-1.41.0,bv_portable,bv_portable,float,brettel,0,65536,1.0,1.0,1.0,1.607465744,1.405792713,1.1434585832854576
ldc-1.41.0,bv_portable,default,float,brettel,1,65536,6.511860671781334,6.408928037448971,6.447747003475768,1.5578746795,1.3898997305,1.1208540050148603
ldc-1.41.0,bv_portable,bv_direct,float,brettel,1,65536,1.0132227356096521,0.9918781724038326,1.0255144032014194,1.5578746795,1.3898997305,1.1208540050148603
ldc-1.41.0,bv_portable,bv_split,float,brettel,1,65536,0.9982553336697966,0.9915866484193028,1.013005736340813,1.5578746795,1.3898997305,1.1208540050148603
ldc-1.41.0,bv_portable,bv_portable,float,brettel,1,65536,1.0,1.0,1.0,1.5578746795,1.3898997305,1.1208540050148603
ldc-1.41.0,bv_portable,default,float,brettel,2,65536,5.507700330896758,5.312044668348267,5.728994373878641,1.554298401,1.436814785,1.0817667087132599
ldc-1.41.0,bv_portable,bv_direct,float,brettel,2,65536,0.9984967481157436,0.9706198497415512,1.0260123604312756,1.554298401,1.436814785,1.0817667087132599
ldc-1.41.0,bv_portable,bv_split,float,brettel,2,65536,1.000613572335522,0.9722918907724443,1.0318236325900036,1.554298401,1.436814785,1.0817667087132599
ldc-1.41.0,bv_portable,bv_portable,float,brettel,2,65536,1.0,1.0,1.0,1.554298401,1.436814785,1.0817667087132599
ldc-1.41.0,bv_portable,default,float,lookup,0,65536,1.0352114822827148,0.9958207981549265,1.0586516096634064,3.1295776365,2.1910219189999998,1.428364367038539
ldc-1.41.0,bv_portable,bv_direct,float,lookup,0,65536,1.005058508156297,0.9923802834725912,1.0372444606653894,3.1295776365,2.1910219189999998,1.428364367038539
ldc-1.41.0,bv_portable,bv_split,float,lookup,0,65536,0.9962061190425432,1.0004437506820119,1.0949064125174455,3.1295776365,2.1910219189999998,1.428364367038539
ldc-1.41.0,bv_portable,bv_portable,float,lookup,0,65536,1.0,1.0,1.0,3.1295776365,2.1910219189999998,1.428364367038539
ldc-1.41.0,bv_portable,default,float,lookup,1,65536,0.9965405832142382,0.9625068703425691,1.0235137736166613,3.128910065,2.1888337135,1.429487331861676
ldc-1.41.0,bv_portable,bv_direct,float,lookup,1,65536,0.9969520557312664,0.9725931759868922,1.0137768156206945,3.128910065,2.1888337135,1.429487331861676
ldc-1.41.0,bv_portable,bv_split,float,lookup,1,65536,0.9930659269364459,0.9782379417930522,1.006721874914047,3.128910065,2.1888337135,1.429487331861676
ldc-1.41.0,bv_portable,bv_portable,float,lookup,1,65536,1.0,1.0,1.0,3.128910065,2.1888337135,1.429487331861676
ldc-1.41.0,bv_portable,default,float,lookup,2,65536,1.0020844744475401,0.9872237569559792,1.0183263179391795,3.1339645385,2.1925320624999998,1.429381395192254
ldc-1.41.0,bv_portable,bv_direct,float,lookup,2,65536,0.9961657841521873,0.9880255900040394,1.007041498831539,3.1339645385,2.1925320624999998,1.429381395192254
ldc-1.41.0,bv_portable,bv_split,float,lookup,2,65536,1.0009737689953124,0.9945598493402077,1.0160729866307867,3.1339645385,2.1925320624999998,1.429381395192254
ldc-1.41.0,bv_portable,bv_portable,float,lookup,2,65536,1.0,1.0,1.0,3.1339645385,2.1925320624999998,1.429381395192254
ldc-1.41.0,bv_portable,default,float,lookupApply,0,65536,1.0462781128824774,0.9712630024914187,1.0633300103133463,5.3661823275,6.4999437335,0.8255736584061923
ldc-1.41.0,bv_portable,bv_direct,float,lookupApply,0,65536,1.007224290684521,0.983590979262395,1.0196532203451472,5.3661823275,6.4999437335,0.8255736584061923
ldc-1.41.0,bv_portable,bv_split,float,lookupApply,0,65536,1.0088593084615052,0.9820722539969522,1.020877659526839,5.3661823275,6.4999437335,0.8255736584061923
ldc-1.41.0,bv_portable,bv_portable,float,lookupApply,0,65536,1.0,1.0,1.0,5.3661823275,6.4999437335,0.8255736584061923
ldc-1.41.0,bv_portable,default,float,lookupApply,1,65536,1.0069839467121715,0.9481099282211253,1.0309926543208745,5.3733348845,6.491280079,0.8277773904538991
ldc-1.41.0,bv_portable,bv_direct,float,lookupApply,1,65536,1.014660076227006,0.9800815833741802,1.0050868861593913,5.3733348845,6.491280079,0.8277773904538991
ldc-1.41.0,bv_portable,bv_split,float,lookupApply,1,65536,1.0047299156010756,0.9481601848974357,1.0059673087872143,5.3733348845,6.491280079,0.8277773904538991
ldc-1.41.0,bv_portable,bv_portable,float,lookupApply,1,65536,1.0,1.0,1.0,5.3733348845,6.491280079,0.8277773904538991
ldc-1.41.0,bv_portable,default,float,lookupApply,2,65536,1.0079882838058436,1.0003531292338097,1.0246559530581065,5.372285843,6.5043191910000004,0.8259566735952334
ldc-1.41.0,bv_portable,bv_direct,float,lookupApply,2,65536,1.004855101303663,0.9990730359695336,1.0269874123589704,5.372285843,6.5043191910000004,0.8259566735952334
ldc-1.41.0,bv_portable,bv_split,float,lookupApply,2,65536,1.0127546265225784,1.0105034182131767,1.0259125351916158,5.372285843,6.5043191910000004,0.8259566735952334
ldc-1.41.0,bv_portable,bv_portable,float,lookupApply,2,65536,1.0,1.0,1.0,5.372285843,6.5043191910000004,0.8259566735952334
ldc-1.41.0,bv_portable,default,float,prepared,0,65536,1.1716744349850017,1.1258056735124145,1.2364943364559695,1.3298988345,0.4219145775,3.1520570879066154
ldc-1.41.0,bv_portable,bv_direct,float,prepared,0,65536,1.1722122623606224,1.147244338766077,1.1897327908913853,1.3298988345,0.4219145775,3.1520570879066154
ldc-1.41.0,bv_portable,bv_split,float,prepared,0,65536,1.0024740047247556,0.9735291078202974,1.0185012550291095,1.3298988345,0.4219145775,3.1520570879066154
ldc-1.41.0,bv_portable,bv_portable,float,prepared,0,65536,1.0,1.0,1.0,1.3298988345,0.4219145775,3.1520570879066154
ldc-1.41.0,bv_portable,default,float,prepared,1,65536,1.1763203341193795,1.1660357143951994,1.2111127245758984,1.3254165645,0.42137956649999997,3.145422013480571
ldc-1.41.0,bv_portable,bv_direct,float,prepared,1,65536,1.1795941863679642,1.1530245348228474,1.2128571430101494,1.3254165645,0.42137956649999997,3.145422013480571
ldc-1.41.0,bv_portable,bv_split,float,prepared,1,65536,0.9942077998678881,0.9841071428875034,1.1480541459688909,1.3254165645,0.42137956649999997,3.145422013480571
ldc-1.41.0,bv_portable,bv_portable,float,prepared,1,65536,1.0,1.0,1.0,1.3254165645,0.42137956649999997,3.145422013480571
ldc-1.41.0,bv_portable,default,float,prepared,2,65536,1.1828225749872547,1.1550228392354323,1.2074937371853933,1.3163566590000002,0.42175006849999996,3.1211771077637662
ldc-1.41.0,bv_portable,bv_direct,float,prepared,2,65536,1.1829312465232111,1.1574660955745253,1.2256600205215962,1.3163566590000002,0.42175006849999996,3.1211771077637662
ldc-1.41.0,bv_portable,bv_split,float,prepared,2,65536,1.0031514889765145,1.0028681704043059,1.0589025670073402,1.3163566590000002,0.42175006849999996,3.1211771077637662
ldc-1.41.0,bv_portable,bv_portable,float,prepared,2,65536,1.0,1.0,1.0,1.3163566590000002,0.42175006849999996,3.1211771077637662
ldc-1.41.0,bv_portable,default,float,vienot,0,65536,6.222900886073474,6.174862546083628,6.458787062174398,0.61674118,0.4230890275,1.4577101742493193
ldc-1.41.0,bv_portable,bv_direct,float,vienot,0,65536,0.9833771461474325,0.9753489079971346,1.019632779916657,0.61674118,0.4230890275,1.4577101742493193
ldc-1.41.0,bv_portable,bv_split,float,vienot,0,65536,0.984923457681227,0.97421116486105,1.0104125272095408,0.61674118,0.4230890275,1.4577101742493193
ldc-1.41.0,bv_portable,bv_portable,float,vienot,0,65536,1.0,1.0,1.0,0.61674118,0.4230890275,1.4577101742493193
ldc-1.41.0,bv_portable,default,float,vienot,1,65536,6.446925158518639,6.2939852524251245,6.479815643173899,0.600147247,0.421120167,1.425121127006012
ldc-1.41.0,bv_portable,bv_direct,float,vienot,1,65536,1.0059590025912424,0.9909196736365672,1.0205816920535116,0.600147247,0.421120167,1.425121127006012
ldc-1.41.0,bv_portable,bv_split,float,vienot,1,65536,1.0,0.9934031817435127,1.0129601650804956,0.600147247,0.421120167,1.425121127006012
ldc-1.41.0,bv_portable,bv_portable,float,vienot,1,65536,1.0,1.0,1.0,0.600147247,0.421120167,1.425121127006012
ldc-1.41.0,bv_compiler,default,double,brettel,0,65536,4.3547389638429745,4.295895062535536,4.422514472777931,2.3902416225,2.7236962315,0.8775727611825643
ldc-1.41.0,bv_compiler,bv_direct,double,brettel,0,65536,0.9970674487742085,0.9580882639123696,1.0400992397605513,2.3902416225,2.7236962315,0.8775727611825643
ldc-1.41.0,bv_compiler,bv_split,double,brettel,0,65536,0.979871127442891,0.9578935068391355,1.008310305428829,2.3902416225,2.7236962315,0.8775727611825643
ldc-1.41.0,bv_compiler,bv_portable,double,brettel,0,65536,0.9815269219712535,0.971643360620567,0.992637715184871,2.3902416225,2.7236962315,0.8775727611825643
ldc-1.41.0,bv_compiler,default,double,brettel,1,65536,4.330341550141958,4.197389286459931,4.34866956649711,2.3482322695,2.707973957,0.8671546723815113
ldc-1.41.0,bv_compiler,bv_direct,double,brettel,1,65536,1.008487998933872,0.9912782828662181,1.0089648552116735,2.3482322695,2.707973957,0.8671546723815113
ldc-1.41.0,bv_compiler,bv_split,double,brettel,1,65536,1.0000609185904894,0.9777412494401317,1.0136268344256427,2.3482322695,2.707973957,0.8671546723815113
ldc-1.41.0,bv_compiler,bv_portable,double,brettel,1,65536,1.0043658366479151,0.9664281570951946,1.0061263247123622,2.3482322695,2.707973957,0.8671546723815113
ldc-1.41.0,bv_compiler,default,double,brettel,2,65536,4.119875064356466,4.101741360874368,4.191696942267247,2.4121284485,2.7781748774999997,0.8682421211261565
ldc-1.41.0,bv_compiler,bv_direct,double,brettel,2,65536,0.976515241534825,0.9724827025855511,1.0063885373494963,2.4121284485,2.7781748774999997,0.8682421211261565
ldc-1.41.0,bv_compiler,bv_split,double,brettel,2,65536,0.9877238761814637,0.9712947486145806,1.0155121035121868,2.4121284485,2.7781748774999997,0.8682421211261565
ldc-1.41.0,bv_compiler,bv_portable,double,brettel,2,65536,0.9716720040168293,0.9713141833616138,1.0030820100038755,2.4121284485,2.7781748774999997,0.8682421211261565
ldc-1.41.0,bv_compiler,default,double,lookup,0,65536,0.9730952162733817,0.9635792436655355,0.9989887195169491,4.701948165999999,3.3737373350000004,1.3936912388587
ldc-1.41.0,bv_compiler,bv_direct,double,lookup,0,65536,0.9811575243128703,0.9722414354230933,1.0142204800199677,4.701948165999999,3.3737373350000004,1.3936912388587
ldc-1.41.0,bv_compiler,bv_split,double,lookup,0,65536,0.9702150962631433,0.9688317609337437,0.9956108342236756,4.701948165999999,3.3737373350000004,1.3936912388587
ldc-1.41.0,bv_compiler,bv_portable,double,lookup,0,65536,0.9715638848452588,0.9678605406913892,0.9970704143440052,4.701948165999999,3.3737373350000004,1.3936912388587
ldc-1.41.0,bv_compiler,default,double,lookup,1,65536,0.9913829104754153,0.9613696483768924,1.0117891528012852,4.6814441680000005,3.4217023849999997,1.3681622891933662
ldc-1.41.0,bv_compiler,bv_direct,double,lookup,1,65536,0.979771229539098,0.9743019496607916,1.0145145459846507,4.6814441680000005,3.4217023849999997,1.3681622891933662
ldc-1.41.0,bv_compiler,bv_split,double,lookup,1,65536,1.0115913095516382,0.9739688448954184,1.0248522440889267,4.6814441680000005,3.4217023849999997,1.3681622891933662
ldc-1.41.0,bv_compiler,bv_portable,double,lookup,1,65536,0.9746682013617469,0.9528264916566043,0.9966063113572429,4.6814441680000005,3.4217023849999997,1.3681622891933662
ldc-1.41.0,bv_compiler,default,double,lookup,2,65536,0.999867066108262,0.9528087918525371,1.0298206371251766,4.6631336215,3.4395012855,1.3557586505806818
ldc-1.41.0,bv_compiler,bv_direct,double,lookup,2,65536,0.9864407472244681,0.9578316184857882,1.0127728071494382,4.6631336215,3.4395012855,1.3557586505806818
ldc-1.41.0,bv_compiler,bv_split,double,lookup,2,65536,0.9875246694129072,0.9567900633753247,1.0379212307630772,4.6631336215,3.4395012855,1.3557586505806818
ldc-1.41.0,bv_compiler,bv_portable,double,lookup,2,65536,0.9836798133664632,0.9589607810488043,1.0034074754630566,4.6631336215,3.4395012855,1.3557586505806818
ldc-1.41.0,bv_compiler,default,double,lookupApply,0,65536,0.9682275366177537,0.9713099448732053,0.9912800421711717,6.4143657685,6.423711299500001,0.9985451508381566
ldc-1.41.0,bv_compiler,bv_direct,double,lookupApply,0,65536,0.9673206015114696,0.9505210049258488,0.9976692446189239,6.4143657685,6.423711299500001,0.9985451508381566
ldc-1.41.0,bv_compiler,bv_split,double,lookupApply,0,65536,0.9660791412038728,0.960091679331667,0.9832811721578705,6.4143657685,6.423711299500001,0.9985451508381566
ldc-1.41.0,bv_compiler,bv_portable,double,lookupApply,0,65536,0.9736691470995587,0.975616827345882,0.9907602198384933,6.4143657685,6.423711299500001,0.9985451508381566
ldc-1.41.0,bv_compiler,default,double,lookupApply,1,65536,1.0025352632514302,0.9960506117644866,1.006283737769975,6.206703186,6.401340961500001,0.9695942183566502
ldc-1.41.0,bv_compiler,bv_direct,double,lookupApply,1,65536,0.9989397990683938,0.99188382337063,0.9999691928306588,6.206703186,6.401340961500001,0.9695942183566502
ldc-1.41.0,bv_compiler,bv_split,double,lookupApply,1,65536,1.0037183860430214,0.9942473062367327,1.0160567444596578,6.206703186,6.401340961500001,0.9695942183566502
ldc-1.41.0,bv_compiler,bv_portable,double,lookupApply,1,65536,0.9969500015656139,0.9824513033378252,0.9973120764535718,6.206703186,6.401340961500001,0.9695942183566502
ldc-1.41.0,bv_compiler,default,double,lookupApply,2,65536,0.9964543046112513,0.9786194078429663,1.0104806928845296,6.280374526999999,6.530775070000001,0.9616583728093393
ldc-1.41.0,bv_compiler,bv_direct,double,lookupApply,2,65536,0.9921417670573902,0.9827316230564457,1.0069717045076672,6.280374526999999,6.530775070000001,0.9616583728093393
ldc-1.41.0,bv_compiler,bv_split,double,lookupApply,2,65536,0.9881177444626625,0.9672705720317516,1.0048585994216712,6.280374526999999,6.530775070000001,0.9616583728093393
ldc-1.41.0,bv_compiler,bv_portable,double,lookupApply,2,65536,0.9854148160103828,0.9592437035706375,0.9997455019593153,6.280374526999999,6.530775070000001,0.9616583728093393
ldc-1.41.0,bv_compiler,default,double,prepared,0,65536,0.9819885426481514,0.9375909753497607,1.000926242303841,0.9821891785,0.755996227,1.2991985190158892
ldc-1.41.0,bv_compiler,bv_direct,double,prepared,0,65536,1.0127196814763115,0.9488719069150199,1.0173472896069615,0.9821891785,0.755996227,1.2991985190158892
ldc-1.41.0,bv_compiler,bv_split,double,prepared,0,65536,0.983347897881569,0.9213518924245238,1.0309559796032979,0.9821891785,0.755996227,1.2991985190158892
ldc-1.41.0,bv_compiler,bv_portable,double,prepared,0,65536,0.9925720943992258,0.9428220521926156,0.9921513189275751,0.9821891785,0.755996227,1.2991985190158892
ldc-1.41.0,bv_compiler,default,double,prepared,1,65536,1.0022748628416207,0.9989342636825037,1.008679449140787,0.9642124175,0.7420415874999999,1.299404822778885
ldc-1.41.0,bv_compiler,bv_direct,double,prepared,1,65536,1.006181692324036,0.991173441708612,1.0127888393656548,0.9642124175,0.7420415874999999,1.299404822778885
ldc-1.41.0,bv_compiler,bv_split,double,prepared,1,65536,1.0047969932932335,0.9983529529176915,1.0301574067242993,0.9642124175,0.7420415874999999,1.299404822778885
ldc-1.41.0,bv_compiler,bv_portable,double,prepared,1,65536,0.9945106571913652,0.9853871429669998,0.9966214539506161,0.9642124175,0.7420415874999999,1.299404822778885
ldc-1.41.0,bv_compiler,default,double,prepared,2,65536,0.9725184976156624,0.9838489429107203,1.0019767616640376,0.992488861,0.7679152485,1.2924458303682194
ldc-1.41.0,bv_compiler,bv_direct,double,prepared,2,65536,0.9717978280665056,0.9742538934971422,1.0011953385159609,0.992488861,0.7679152485,1.2924458303682194
ldc-1.41.0,bv_compiler,bv_split,double,prepared,2,65536,0.9859709810889253,0.9847436077827942,1.0187767707411755,0.992488861,0.7679152485,1.2924458303682194
ldc-1.41.0,bv_compiler,bv_portable,double,prepared,2,65536,0.9708849810456462,0.9909840416302944,1.001543978807647,0.992488861,0.7679152485,1.2924458303682194
ldc-1.41.0,bv_compiler,default,double,vienot,0,65536,0.9799278109288254,0.9813035568269715,1.1294544169594585,0.541639328,0.7557959555,0.7166475608376023
ldc-1.41.0,bv_compiler,bv_direct,double,vienot,0,65536,1.263403469107029,1.2411494844263538,1.3191263607830372,0.541639328,0.7557959555,0.7166475608376023
ldc-1.41.0,bv_compiler,bv_split,double,vienot,0,65536,1.2200017610242657,1.187830000222785,1.2409585284955893,0.541639328,0.7557959555,0.7166475608376023
ldc-1.41.0,bv_compiler,bv_portable,double,vienot,0,65536,0.9837133549135485,0.9819612707559494,0.98874751066669,0.541639328,0.7557959555,0.7166475608376023
ldc-1.41.0,bv_compiler,default,double,vienot,1,65536,1.03230516440732,0.919058130441186,1.07503913007872,0.522518158,0.7413783075,0.7047928874018209
ldc-1.41.0,bv_compiler,bv_direct,double,vienot,1,65536,1.2906552292485114,1.2172228583093947,1.3019059015273597,0.522518158,0.7413783075,0.7047928874018209
ldc-1.41.0,bv_compiler,bv_split,double,vienot,1,65536,1.2411023905507987,1.2167443378055545,1.448798099004928,0.522518158,0.7413783075,0.7047928874018209
ldc-1.41.0,bv_compiler,bv_portable,double,vienot,1,65536,1.0365942689402194,0.9484915378652313,1.0656477306465935,0.522518158,0.7413783075,0.7047928874018209
ldc-1.41.0,bv_compiler,default,float,brettel,0,65536,5.589718511668448,5.537509126079393,5.692255726497203,1.560163498,1.440989971,1.0827025374210604
ldc-1.41.0,bv_compiler,bv_direct,float,brettel,0,65536,1.013447843464416,1.0055974688357843,1.024688347833573,1.560163498,1.440989971,1.0827025374210604
ldc-1.41.0,bv_compiler,bv_split,float,brettel,0,65536,1.0193465569721976,1.0116816741336787,1.032399646498756,1.560163498,1.440989971,1.0827025374210604
ldc-1.41.0,bv_compiler,bv_portable,float,brettel,0,65536,1.0303187749621354,1.0006448439733806,1.0409338901982577,1.560163498,1.440989971,1.0827025374210604
ldc-1.41.0,bv_compiler,default,float,brettel,1,65536,6.413318059456634,6.307715283959462,6.485616727463043,1.581811905,1.4311470984999999,1.1052755559913536
ldc-1.41.0,bv_compiler,bv_direct,float,brettel,1,65536,0.997889849931304,0.9785259492597979,1.0048687235654254,1.581811905,1.4311470984999999,1.1052755559913536
ldc-1.41.0,bv_compiler,bv_split,float,brettel,1,65536,0.9831489465240812,0.9716240031256969,1.013930017528909,1.581811905,1.4311470984999999,1.1052755559913536
ldc-1.41.0,bv_compiler,bv_portable,float,brettel,1,65536,0.9848672111871608,0.9791266214990497,1.0119659152928477,1.581811905,1.4311470984999999,1.1052755559913536
ldc-1.41.0,bv_compiler,default,float,brettel,2,65536,5.499096394361531,5.418829190507031,5.598021141124207,1.5567302705000001,1.4550628665,1.0698714855149525
ldc-1.41.0,bv_compiler,bv_direct,float,brettel,2,65536,0.9969369314708139,0.9716153293561284,1.0253502949544502,1.5567302705000001,1.4550628665,1.0698714855149525
ldc-1.41.0,bv_compiler,bv_split,float,brettel,2,65536,0.9990504488619435,0.971287010270621,1.0311578172142288,1.5567302705000001,1.4550628665,1.0698714855149525
ldc-1.41.0,bv_compiler,bv_portable,float,brettel,2,65536,0.998437835027632,0.9708393026828136,1.0201023388969297,1.5567302705000001,1.4550628665,1.0698714855149525
ldc-1.41.0,bv_compiler,default,float,lookup,0,65536,1.024117088363173,1.0006683895605457,1.0598517110721652,3.163480759,2.261318684,1.3989539737955838
ldc-1.41.0,bv_compiler,bv_direct,float,lookup,0,65536,0.994287264606056,0.9652882986877187,1.0384202946480794,3.163480759,2.261318684,1.3989539737955838
ldc-1.41.0,bv_compiler,bv_split,float,lookup,0,65536,0.9855297468240426,0.9892612066785437,1.113621632904643,3.163480759,2.261318684,1.3989539737955838
ldc-1.41.0,bv_compiler,bv_portable,float,lookup,0,65536,0.9892829686403034,0.9726999969305408,1.0170929863714717,3.163480759,2.261318684,1.3989539737955838
ldc-1.41.0,bv_compiler,default,float,lookup,1,65536,0.9955847199551852,0.9800199649403296,1.0045702581565485,3.131914139,2.202553749,1.4219467472346348
ldc-1.41.0,bv_compiler,bv_direct,float,lookup,1,65536,0.9959957977954006,0.9653067301533282,1.0235391223716834,3.131914139,2.202553749,1.4219467472346348
ldc-1.41.0,bv_compiler,bv_split,float,lookup,1,65536,0.9921133965033004,0.9642346634591558,1.016416245119016,3.131914139,2.202553749,1.4219467472346348
ldc-1.41.0,bv_compiler,bv_portable,float,lookup,1,65536,0.9990408185324776,0.9745533054881478,1.0181952930803781,3.131914139,2.202553749,1.4219467472346348
ldc-1.41.0,bv_compiler,default,float,lookup,2,65536,0.9799869058623434,0.978949248829656,0.9952575757738099,3.2046318055,2.2832860945,1.4035174186972652
ldc-1.41.0,bv_compiler,bv_direct,float,lookup,2,65536,0.9741987321731961,0.9569498411276721,0.9967727272629637,3.2046318055,2.2832860945,1.4035174186972652
ldc-1.41.0,bv_compiler,bv_split,float,lookup,2,65536,0.9789006932453351,0.9632785825053196,1.0057121212555087,3.2046318055,2.2832860945,1.4035174186972652
ldc-1.41.0,bv_compiler,bv_portable,float,lookup,2,65536,0.977948397416915,0.9685476275202141,0.9916184065992932,3.2046318055,2.2832860945,1.4035174186972652
ldc-1.41.0,bv_compiler,default,float,lookupApply,0,65536,1.0459713955062142,0.9835462873560281,1.0635382724672053,5.36775589,6.660404682499999,0.8059203826013166
ldc-1.41.0,bv_compiler,bv_direct,float,lookupApply,0,65536,1.006929021971601,0.973429535663597,1.0311768943218111,5.36775589,6.660404682499999,0.8059203826013166
ldc-1.41.0,bv_compiler,bv_split,float,lookupApply,0,65536,1.008563560441643,0.9914847085379811,1.0295846934623423,5.36775589,6.660404682499999,0.8059203826013166
ldc-1.41.0,bv_compiler,bv_portable,float,lookupApply,0,65536,0.999706849094436,0.9712081553410807,1.0483797798705934,5.36775589,6.660404682499999,0.8059203826013166
ldc-1.41.0,bv_compiler,default,float,lookupApply,1,65536,0.9984513858308227,1.0025330806668422,1.0112966259361607,5.419254303000001,6.5020008085,0.8334748737520095
ldc-1.41.0,bv_compiler,bv_direct,float,lookupApply,1,65536,1.0060624725585976,0.9858857601805269,1.0363399642154072,5.419254303000001,6.5020008085,0.8334748737520095
ldc-1.41.0,bv_compiler,bv_split,float,lookupApply,1,65536,0.996216453989131,0.9867493632616775,1.0161143018595973,5.419254303000001,6.5020008085,0.8334748737520095
ldc-1.41.0,bv_compiler,bv_portable,float,lookupApply,1,65536,0.9915266167755626,0.9808960536215577,1.0574017324634786,5.419254303000001,6.5020008085,0.8334748737520095
ldc-1.41.0,bv_compiler,default,float,lookupApply,2,65536,0.9740627331273624,0.9786340566877935,0.9870986288722159,5.559396744000001,6.746404648,0.8240532600795161
ldc-1.41.0,bv_compiler,bv_direct,float,lookupApply,2,65536,0.9710350031819927,0.9600505732042364,0.9928035930250724,5.559396744000001,6.746404648,0.8240532600795161
ldc-1.41.0,bv_compiler,bv_split,float,lookupApply,2,65536,0.9786686565178158,0.9657527853517259,1.0062024147302415,5.559396744000001,6.746404648,0.8240532600795161
ldc-1.41.0,bv_compiler,bv_portable,float,lookupApply,2,65536,0.9663433085249868,0.9557145160967578,0.9867501785377072,5.559396744000001,6.746404648,0.8240532600795161
ldc-1.41.0,bv_compiler,default,float,prepared,0,65536,1.1818017432301637,1.169986386696985,1.2358213291299647,1.318502426,0.43502807600000004,3.030844441405662
ldc-1.41.0,bv_compiler,bv_direct,float,prepared,0,65536,1.1823442192892863,1.1689474813069813,1.204668838264653,1.318502426,0.43502807600000004,3.030844441405662
ldc-1.41.0,bv_compiler,bv_split,float,prepared,0,65536,1.0111388376770418,1.0111034511300698,1.0222584149738236,1.318502426,0.43502807600000004,3.030844441405662
ldc-1.41.0,bv_compiler,bv_portable,float,prepared,0,65536,1.0086434490185763,0.9991402165139348,1.0500542888364475,1.318502426,0.43502807600000004,3.030844441405662
ldc-1.41.0,bv_compiler,default,float,prepared,1,65536,1.1494410462528106,1.1578070144974733,1.1842067835893328,1.35641098,0.43090248099999995,3.1478374801931115
ldc-1.41.0,bv_compiler,bv_direct,float,prepared,1,65536,1.1526400899526779,1.1386159309947754,1.2042980248584205,1.35641098,0.43090248099999995,3.1478374801931115
ldc-1.41.0,bv_compiler,bv_split,float,prepared,1,65536,0.9714898404169509,0.9661300437524092,1.1579321622426026,1.35641098,0.43090248099999995,3.1478374801931115
ldc-1.41.0,bv_compiler,bv_portable,float,prepared,1,65536,0.9771496869628703,0.960136594456382,1.0086041379741504,1.35641098,0.43090248099999995,3.1478374801931115
ldc-1.41.0,bv_compiler,default,float,prepared,2,65536,1.1653877728823845,1.1495682819707285,1.1811742709571214,1.3360500334999998,0.4257140155,3.1383745539380765
ldc-1.41.0,bv_compiler,bv_direct,float,prepared,2,65536,1.1654948426001444,1.1291606119840876,1.2134972849713979,1.3360500334999998,0.4257140155,3.1383745539380765
ldc-1.41.0,bv_compiler,bv_split,float,prepared,2,65536,0.9883650382768395,0.9569579963307377,1.048394635215247,1.3360500334999998,0.4257140155,3.1383745539380765
ldc-1.41.0,bv_compiler,bv_portable,float,prepared,2,65536,0.9852600022407771,0.9529790324429055,0.9952775329808073,1.3360500334999998,0.4257140155,3.1383745539380765
ldc-1.41.0,bv_compiler,default,float,vienot,0,65536,6.3671386781360955,6.305733492582105,6.495574522032807,0.6027698515,0.4327692985,1.3928202707290704
ldc-1.41.0,bv_compiler,bv_direct,float,vienot,0,65536,1.0061703981888683,1.0028469746421809,1.0193087009302584,0.6027698515,0.4327692985,1.3928202707290704
ldc-1.41.0,bv_compiler,bv_split,float,vienot,0,65536,1.0077525509750882,1.0074337678122847,1.0150150150050612,0.6027698515,0.4327692985,1.3928202707290704
ldc-1.41.0,bv_compiler,bv_portable,float,vienot,0,65536,1.023178545617755,0.9996821610752599,1.0418839894427108,0.6027698515,0.4327692985,1.3928202707290704
ldc-1.41.0,bv_compiler,default,float,vienot,1,65536,6.371495877410035,6.35656376214172,6.368119355650633,0.607252121,0.43277454400000004,1.4031604432815252
ldc-1.41.0,bv_compiler,bv_direct,float,vienot,1,65536,0.9941892421978054,0.9834885351220064,1.002591283662227,0.607252121,0.43277454400000004,1.4031604432815252
ldc-1.41.0,bv_compiler,bv_split,float,vienot,1,65536,0.9882999601742024,0.9780947920779322,1.005104043926427,0.607252121,0.43277454400000004,1.4031604432815252
ldc-1.41.0,bv_compiler,bv_portable,float,vienot,1,65536,0.9882999601742024,0.9809791068420259,1.0117785632238245,0.607252121,0.43277454400000004,1.4031604432815252
ldc-1.43.0,bv_portable,default,double,brettel,0,1024,1.1842948718276922,1.183640737763274,1.185599999850683,3.80859375,4.110809326,0.9264827064372579
ldc-1.43.0,bv_portable,bv_direct,double,brettel,0,1024,0.9983974357989743,0.9967948718605129,1.0,3.80859375,4.110809326,0.9264827064372579
ldc-1.43.0,bv_portable,bv_split,double,brettel,0,1024,1.0016025642010256,1.0,1.0159999998018192,3.80859375,4.110809326,0.9264827064372579
ldc-1.43.0,bv_portable,bv_portable,double,brettel,0,1024,1.0,1.0,1.0,3.80859375,4.110809326,0.9264827064372579
ldc-1.43.0,bv_portable,default,double,brettel,1,1024,1.1524879616561299,1.150882825120755,1.1837881221235502,3.802490234,4.139251709,0.9186419433571104
ldc-1.43.0,bv_portable,bv_direct,double,brettel,1,1024,1.0,0.9983948637276105,1.00321027307075,3.802490234,4.139251709,0.9186419433571104
ldc-1.43.0,bv_portable,bv_split,double,brettel,1,1024,1.0,0.9991974318638053,1.0,3.802490234,4.139251709,0.9186419433571104
ldc-1.43.0,bv_portable,bv_portable,double,brettel,1,1024,1.0,1.0,1.0,3.802490234,4.139251709,0.9186419433571104
ldc-1.43.0,bv_portable,default,double,brettel,2,1024,1.1749201278233303,1.1733226837664847,1.1775999998842372,3.820800781,4.260040283,0.8968931106701461
ldc-1.43.0,bv_portable,bv_direct,double,brettel,2,1024,0.9984025560740168,0.9976038339801626,1.0,3.820800781,4.260040283,0.8968931106701461
ldc-1.43.0,bv_portable,bv_split,double,brettel,2,1024,1.0,0.9992012780370085,1.0015999998360028,3.820800781,4.260040283,0.8968931106701461
ldc-1.43.0,bv_portable,bv_portable,double,brettel,2,1024,1.0,1.0,1.0,3.820800781,4.260040283,0.8968931106701461
ldc-1.43.0,bv_portable,default,double,lookup,0,1024,1.000729394647283,0.9981785063230427,1.0134938001382081,8.367919922,5.81048584,1.440141177936336
ldc-1.43.0,bv_portable,bv_direct,double,lookup,0,1024,1.0,0.9985422739630025,1.0,8.367919922,5.81048584,1.440141177936336
ldc-1.43.0,bv_portable,bv_split,double,lookup,0,1024,1.0,0.9989071038177003,0.9996353026763585,8.367919922,5.81048584,1.440141177936336
ldc-1.43.0,bv_portable,bv_portable,double,lookup,0,1024,1.0,1.0,1.0,8.367919922,5.81048584,1.440141177936336
ldc-1.43.0,bv_portable,default,double,lookup,1,1024,1.001458789175062,0.9992711369815013,1.0207877461330228,8.367919922,5.812286377,1.4396950492861098
ldc-1.43.0,bv_portable,bv_direct,double,lookup,1,1024,1.000729394647283,1.0,1.011313868650849,8.367919922,5.812286377,1.4396950492861098
ldc-1.43.0,bv_portable,bv_split,double,lookup,1,1024,1.0,0.999270605352717,1.0018248175706237,8.367919922,5.812286377,1.4396950492861098
ldc-1.43.0,bv_portable,bv_portable,double,lookup,1,1024,1.0,1.0,1.0,8.367919922,5.812286377,1.4396950492861098
ldc-1.43.0,bv_portable,default,double,lookup,2,1024,1.0003646973236415,0.9996354356320079,1.0014603870324537,8.367919922,5.812011719,1.4397630848961473
ldc-1.43.0,bv_portable,bv_direct,double,lookup,2,1024,1.000729394647283,1.0003645643679921,1.0025556772320219,8.367919922,5.812011719,1.4397630848961473
ldc-1.43.0,bv_portable,bv_split,double,lookup,2,1024,1.000729394647283,0.9985422739630025,1.0178897407437875,8.367919922,5.812011719,1.4397630848961473
ldc-1.43.0,bv_portable,bv_portable,double,lookup,2,1024,1.0,1.0,1.0,8.367919922,5.812011719,1.4397630848961473
ldc-1.43.0,bv_portable,default,double,lookupApply,0,1024,0.9986716259352739,0.9873883342087363,0.9994683678567744,11.486816406,10.090393066,1.1383913719580763
ldc-1.43.0,bv_portable,bv_direct,double,lookupApply,0,1024,0.9994686504263433,0.9884393064225799,1.007175126234476,11.486816406,10.090393066,1.1383913719580763
ldc-1.43.0,bv_portable,bv_split,double,lookupApply,0,1024,0.9997343252131715,0.9884393064225799,1.000797448127736,11.486816406,10.090393066,1.1383913719580763
ldc-1.43.0,bv_portable,bv_portable,double,lookupApply,0,1024,1.0,1.0,1.0,11.486816406,10.090393066,1.1383913719580763
ldc-1.43.0,bv_portable,default,double,lookupApply,1,1024,1.0,0.9944488501675862,1.0063829786798297,11.480712891,10.08883667,1.1379620135132984
ldc-1.43.0,bv_portable,bv_direct,double,lookupApply,1,1024,1.0010632641993487,1.0010638297654468,1.0079302141267374,11.480712891,10.08883667,1.1379620135132984
ldc-1.43.0,bv_portable,bv_split,double,lookupApply,1,1024,1.0,0.9939201691940435,1.0010643960207266,11.480712891,10.08883667,1.1379620135132984
ldc-1.43.0,bv_portable,bv_portable,double,lookupApply,1,1024,1.0,1.0,1.0,11.480712891,10.08883667,1.1379620135132984
ldc-1.43.0,bv_portable,default,double,lookupApply,2,1024,1.0002658160280615,1.0,1.0002658867485839,11.480712891,10.0882263185,1.1380308617726416
ldc-1.43.0,bv_portable,bv_direct,double,lookupApply,2,1024,1.000531632056123,0.9997341132514163,1.0013283741082541,11.480712891,10.0882263185,1.1380308617726416
ldc-1.43.0,bv_portable,bv_split,double,lookupApply,2,1024,1.0,0.9989373007656304,1.0013294336557932,11.480712891,10.0882263185,1.1380308617726416
ldc-1.43.0,bv_portable,bv_portable,double,lookupApply,2,1024,1.0,1.0,1.0,11.480712891,10.0882263185,1.1380308617726416
ldc-1.43.0,bv_portable,default,double,prepared,0,1024,1.0,1.0,1.0024937657388697,1.226806641,1.2239074705,1.0023687824201413
ldc-1.43.0,bv_portable,bv_direct,double,prepared,0,1024,1.0,1.0,1.004987531069161,1.226806641,1.2239074705,1.0023687824201413
ldc-1.43.0,bv_portable,bv_split,double,prepared,0,1024,1.0,0.9975124376588698,1.0024937657388697,1.226806641,1.2239074705,1.0023687824201413
ldc-1.43.0,bv_portable,bv_portable,double,prepared,0,1024,1.0,1.0,1.0,1.226806641,1.2239074705,1.0023687824201413
ldc-1.43.0,bv_portable,default,double,prepared,1,1024,1.0,1.0,1.0050000003072,1.226806641,1.224243164,1.0020939279674017
ldc-1.43.0,bv_portable,bv_direct,double,prepared,1,1024,1.0,1.0,1.0050000003072,1.226806641,1.224243164,1.0020939279674017
ldc-1.43.0,bv_portable,bv_split,double,prepared,1,1024,1.0,1.0,1.0050000003072,1.226806641,1.224243164,1.0020939279674017
ldc-1.43.0,bv_portable,bv_portable,double,prepared,1,1024,1.0,1.0,1.0,1.226806641,1.224243164,1.0020939279674017
ldc-1.43.0,bv_portable,default,double,prepared,2,1024,1.0,0.9926108373887258,1.0074441687849318,1.232910156,1.223876953,1.0073808097928942
ldc-1.43.0,bv_portable,bv_direct,double,prepared,2,1024,0.995049505456422,0.9926108373887258,0.9975186106760566,1.232910156,1.223876953,1.0073808097928942
ldc-1.43.0,bv_portable,bv_split,double,prepared,2,1024,0.997524752728211,0.9926108373887258,1.0,1.232910156,1.223876953,1.0073808097928942
ldc-1.43.0,bv_portable,bv_portable,double,prepared,2,1024,1.0,1.0,1.0,1.232910156,1.223876953,1.0073808097928942
ldc-1.43.0,bv_portable,default,double,vienot,0,1024,1.0,0.996610169837938,1.0,0.897216797,1.2306518555000001,0.7290581759497456
ldc-1.43.0,bv_portable,bv_direct,double,vienot,0,1024,1.1938775506450978,1.1864406777966607,1.2067796609905916,0.897216797,1.2306518555000001,0.7290581759497456
ldc-1.43.0,bv_portable,bv_split,double,vienot,0,1024,1.1904761898923744,1.1864406777966607,1.1938775506450978,0.897216797,1.2306518555000001,0.7290581759497456
ldc-1.43.0,bv_portable,bv_portable,double,vienot,0,1024,1.0,1.0,1.0,0.897216797,1.2306518555000001,0.7290581759497456
ldc-1.43.0,bv_portable,default,double,vienot,1,1024,1.0,1.0,1.0,0.897216797,1.230041504,0.7294199375243196
ldc-1.43.0,bv_portable,bv_direct,double,vienot,1,1024,1.1972789113978213,1.1904761898923744,1.2142857140468803,0.897216797,1.230041504,0.7294199375243196
ldc-1.43.0,bv_portable,bv_split,double,vienot,1,1024,1.1972789113978213,1.1904761898923744,1.1972789113978213,0.897216797,1.230041504,0.7294199375243196
ldc-1.43.0,bv_portable,bv_portable,double,vienot,1,1024,1.0,1.0,1.0,0.897216797,1.230041504,0.7294199375243196
ldc-1.43.0,bv_portable,default,float,brettel,0,1024,1.4750000001024,1.4481897626854223,1.478696741881394,2.44140625,2.187316895,1.1161648573102618
ldc-1.43.0,bv_portable,bv_direct,float,brettel,0,1024,0.9950000001024,0.9862671660179324,0.9974937343872966,2.44140625,2.187316895,1.1161648573102618
ldc-1.43.0,bv_portable,bv_split,float,brettel,0,1024,1.0025000001536,0.9975031211499545,1.0050125314307201,2.44140625,2.187316895,1.1161648573102618
ldc-1.43.0,bv_portable,bv_portable,float,brettel,0,1024,1.0,1.0,1.0,2.44140625,2.187316895,1.1161648573102618
ldc-1.43.0,bv_portable,default,float,brettel,1,1024,1.5181932245798402,1.5156838140310058,1.5226130652728487,2.4322509764999998,2.135986328,1.1387015659306223
ldc-1.43.0,bv_portable,bv_direct,float,brettel,1,1024,0.9987452949841585,0.9924717690826674,0.9987452947788455,2.4322509764999998,2.135986328,1.1387015659306223
ldc-1.43.0,bv_portable,bv_split,float,brettel,1,1024,1.0012547052214125,0.9987452949841585,1.0025094102367382,2.4322509764999998,2.135986328,1.1387015659306223
ldc-1.43.0,bv_portable,bv_portable,float,brettel,1,1024,1.0,1.0,1.0,2.4322509764999998,2.135986328,1.1387015659306223
ldc-1.43.0,bv_portable,default,float,brettel,2,1024,1.4658227847859746,1.461441213360845,1.479746835444088,2.410888672,2.137817383,1.127733683508925
ldc-1.43.0,bv_portable,bv_direct,float,brettel,2,1024,0.9898734175146516,0.9873737370143291,0.9898734175146516,2.410888672,2.137817383,1.127733683508925
ldc-1.43.0,bv_portable,bv_split,float,brettel,2,1024,1.0025316457250333,0.9987357774193292,1.007594936760315,2.410888672,2.137817383,1.127733683508925
ldc-1.43.0,bv_portable,bv_portable,float,brettel,2,1024,1.0,1.0,1.0,2.410888672,2.137817383,1.127733683508925
ldc-1.43.0,bv_portable,default,float,lookup,0,1024,1.0223813787483422,0.9764957265211601,1.0643248175089053,6.817626953,4.474029541,1.523822516262639
ldc-1.43.0,bv_portable,bv_direct,float,lookup,0,1024,0.9861235452376328,0.9876068376151559,1.0188087774106065,6.817626953,4.474029541,1.523822516262639
ldc-1.43.0,bv_portable,bv_split,float,lookup,0,1024,1.045658012552744,0.9961538461974723,1.0679744525454014,6.817626953,4.474029541,1.523822516262639
ldc-1.43.0,bv_portable,bv_portable,float,lookup,0,1024,1.0,1.0,1.0,6.817626953,4.474029541,1.523822516262639
ldc-1.43.0,bv_portable,default,float,lookup,1,1024,1.035390199579955,0.9777111015506315,1.040164308536042,6.726074219,4.474975586,1.5030415450852026
ldc-1.43.0,bv_portable,bv_direct,float,lookup,1,1024,1.0018148819954316,0.9892841834283499,1.0199818347333054,6.726074219,4.474975586,1.5030415450852026
ldc-1.43.0,bv_portable,bv_split,float,lookup,1,1024,1.06261343010613,1.0017145306823638,1.0858055681987,6.726074219,4.474975586,1.5030415450852026
ldc-1.43.0,bv_portable,bv_portable,float,lookup,1,1024,1.0,1.0,1.0,6.726074219,4.474975586,1.5030415450852026
ldc-1.43.0,bv_portable,default,float,lookup,2,1024,0.9764856776664907,0.5851197982375745,1.0372727271768607,7.138061523499999,4.472808838000001,1.595878961527843
ldc-1.43.0,bv_portable,bv_direct,float,lookup,2,1024,0.94313809314143,0.5762925598969287,1.00181818178081,7.138061523499999,4.472808838000001,1.595878961527843
ldc-1.43.0,bv_portable,bv_split,float,lookup,2,1024,0.9388627618208004,0.5528373266106739,0.997438087087594,7.138061523499999,4.472808838000001,1.595878961527843
ldc-1.43.0,bv_portable,bv_portable,float,lookup,2,1024,1.0,1.0,1.0,7.138061523499999,4.472808838000001,1.595878961527843
ldc-1.43.0,bv_portable,default,float,lookupApply,0,1024,0.9987240829607149,0.9958638244301832,1.0038473870093478,9.567260742,9.950042725,0.9615296141354007
ldc-1.43.0,bv_portable,bv_direct,float,lookupApply,0,1024,1.000956937857856,0.9980897803116844,1.0057710804614923,9.567260742,9.950042725,0.9615296141354007
ldc-1.43.0,bv_portable,bv_split,float,lookupApply,0,1024,1.001594896325237,0.9961819917536383,1.008336005116881,9.567260742,9.950042725,0.9615296141354007
ldc-1.43.0,bv_portable,bv_portable,float,lookupApply,0,1024,1.0,1.0,1.0,9.567260742,9.950042725,0.9615296141354007
ldc-1.43.0,bv_portable,default,float,lookupApply,1,1024,1.000318979285952,0.9958677686014975,1.003188775497143,9.567260742,9.944519043,0.9620636956529784
ldc-1.43.0,bv_portable,bv_direct,float,lookupApply,1,1024,1.002232854897141,0.9971392244444637,1.0035143770033943,9.567260742,9.944519043,0.9620636956529784
ldc-1.43.0,bv_portable,bv_split,float,lookupApply,1,1024,1.001594896325237,0.9984106802353513,1.023915816333061,9.567260742,9.944519043,0.9620636956529784
ldc-1.43.0,bv_portable,bv_portable,float,lookupApply,1,1024,1.0,1.0,1.0,9.567260742,9.944519043,0.9620636956529784
ldc-1.43.0,bv_portable,default,float,lookupApply,2,1024,0.9993614303566962,0.998722452916623,1.0003194888375249,9.558105469,9.941467285,0.9614381051599467
ldc-1.43.0,bv_portable,bv_direct,float,lookupApply,2,1024,1.0044699871892573,1.0012779552454099,1.0063795853532094,9.558105469,9.941467285,0.9614381051599467
ldc-1.43.0,bv_portable,bv_split,float,lookupApply,2,1024,1.0,0.9990418397136314,1.000637958571904,9.558105469,9.941467285,0.9614381051599467
ldc-1.43.0,bv_portable,bv_portable,float,lookupApply,2,1024,1.0,1.0,1.0,9.558105469,9.941467285,0.9614381051599467
ldc-1.43.0,bv_portable,default,float,prepared,0,1024,1.0432900434788734,1.0411255415354406,1.0432900434788734,1.409912109,0.78515625,1.7957089547462686
ldc-1.43.0,bv_portable,bv_direct,float,prepared,0,1024,1.0606060607994963,1.0411255415354406,1.064935065395626,1.409912109,0.78515625,1.7957089547462686
ldc-1.43.0,bv_portable,bv_split,float,prepared,0,1024,1.0,1.0,1.0,1.409912109,0.78515625,1.7957089547462686
ldc-1.43.0,bv_portable,bv_portable,float,prepared,0,1024,1.0,1.0,1.0,1.409912109,0.78515625,1.7957089547462686
ldc-1.43.0,bv_portable,default,float,prepared,1,1024,1.0606060607994963,1.0411255415354406,1.064935065395626,1.409912109,0.78515625,1.7957089547462686
ldc-1.43.0,bv_portable,bv_direct,float,prepared,1,1024,1.0606060607994963,1.0411255415354406,1.0606060607994963,1.409912109,0.78515625,1.7957089547462686
ldc-1.43.0,bv_portable,bv_split,float,prepared,1,1024,1.0,1.0,1.0,1.409912109,0.78515625,1.7957089547462686
ldc-1.43.0,bv_portable,bv_portable,float,prepared,1,1024,1.0,1.0,1.0,1.409912109,0.78515625,1.7957089547462686
ldc-1.43.0,bv_portable,default,float,prepared,2,1024,1.017316017675255,0.6942392910711641,1.0216450222713849,1.409912109,0.785766602,1.7943141200088826
ldc-1.43.0,bv_portable,bv_direct,float,prepared,2,1024,1.017316017675255,0.6942392910711641,1.01948051997332,1.409912109,0.785766602,1.7943141200088826
ldc-1.43.0,bv_portable,bv_split,float,prepared,2,1024,1.0,0.682422451833229,1.0,1.409912109,0.785766602,1.7943141200088826
ldc-1.43.0,bv_portable,bv_portable,float,prepared,2,1024,1.0,1.0,1.0,1.409912109,0.785766602,1.7943141200088826
ldc-1.43.0,bv_portable,default,float,vienot,0,1024,5.999999997364505,6.002688170886289,6.06989247211192,1.1383056645,0.782714844,1.4543044292897045
ldc-1.43.0,bv_portable,bv_direct,float,vienot,0,1024,1.0080428954941743,1.00268817220758,1.0080428954941743,1.1383056645,0.782714844,1.4543044292897045
ldc-1.43.0,bv_portable,bv_split,float,vienot,0,1024,1.0080428954941743,1.0,1.01075268838989,1.1383056645,0.782714844,1.4543044292897045
ldc-1.43.0,bv_portable,bv_portable,float,vienot,0,1024,1.0,1.0,1.0,1.1383056645,0.782714844,1.4543044292897045
ldc-1.43.0,bv_portable,default,float,vienot,1,1024,5.952127656654052,5.954787231284382,6.0161290306029,1.147460938,0.783050537,1.4653727745288552
ldc-1.43.0,bv_portable,bv_direct,float,vienot,1,1024,0.9920212765447532,0.9920212765447532,1.0,1.147460938,0.783050537,1.4653727745288552
ldc-1.43.0,bv_portable,bv_split,float,vienot,1,1024,0.9920212765447532,0.9893617019144229,1.00268817220758,1.147460938,0.783050537,1.4653727745288552
ldc-1.43.0,bv_portable,bv_portable,float,vienot,1,1024,1.0,1.0,1.0,1.147460938,0.783050537,1.4653727745288552
ldc-1.43.0,bv_compiler,default,double,brettel,0,1024,1.1842948718276922,1.1826923076266667,1.1874999999671796,3.80859375,4.158813476500001,0.9157885467864886
ldc-1.43.0,bv_compiler,bv_direct,double,brettel,0,1024,0.9983974357989743,0.9967948718605129,1.0016025642010256,3.80859375,4.158813476500001,0.9157885467864886
ldc-1.43.0,bv_compiler,bv_split,double,brettel,0,1024,1.0016025642010256,1.0,1.0176282050297436,3.80859375,4.158813476500001,0.9157885467864886
ldc-1.43.0,bv_compiler,bv_portable,double,brettel,0,1024,1.0,0.9991987178994872,1.0016025642010256,3.80859375,4.158813476500001,0.9157885467864886
ldc-1.43.0,bv_compiler,default,double,brettel,1,1024,1.1524879616561299,1.150882825120755,1.1837881221235502,3.802490234,4.182678223,0.9091041747105011
ldc-1.43.0,bv_compiler,bv_direct,double,brettel,1,1024,1.0,0.9983948637276105,1.00321027307075,3.802490234,4.182678223,0.9091041747105011
ldc-1.43.0,bv_compiler,bv_split,double,brettel,1,1024,1.0,0.9991974318638053,1.0,3.802490234,4.182678223,0.9091041747105011
ldc-1.43.0,bv_compiler,bv_portable,double,brettel,1,1024,1.0,0.9991974318638053,1.0,3.802490234,4.182678223,0.9091041747105011
ldc-1.43.0,bv_compiler,default,double,brettel,2,1024,1.1749201278233303,1.172248803822125,1.1757188499171844,3.820800781,4.2881469725,0.8910144184662738
ldc-1.43.0,bv_compiler,bv_direct,double,brettel,2,1024,0.9984025560740168,0.9968076616774578,0.9984025560740168,3.820800781,4.2881469725,0.8910144184662738
ldc-1.43.0,bv_compiler,bv_split,double,brettel,2,1024,1.0,0.9976076554861388,1.0,3.820800781,4.2881469725,0.8910144184662738
ldc-1.43.0,bv_compiler,bv_portable,double,brettel,2,1024,1.0,0.9984025560740168,0.9992019153539854,3.820800781,4.2881469725,0.8910144184662738
ldc-1.43.0,bv_compiler,default,double,lookup,0,1024,1.000729394647283,1.0,1.0127551019878098,8.367919922,5.817199707,1.4384790523747442
ldc-1.43.0,bv_compiler,bv_direct,double,lookup,0,1024,1.0,0.9992711369815013,1.0007299270521677,8.367919922,5.817199707,1.4384790523747442
ldc-1.43.0,bv_compiler,bv_split,double,lookup,0,1024,1.0,0.9989067054722519,1.0007299270521677,8.367919922,5.817199707,1.4384790523747442
ldc-1.43.0,bv_compiler,bv_portable,double,lookup,0,1024,1.0,0.9992711369815013,1.0018248175706237,8.367919922,5.817199707,1.4384790523747442
ldc-1.43.0,bv_compiler,default,double,lookup,1,1024,1.001458789175062,0.9996354356320079,1.0215328467234466,8.367919922,5.8162841795,1.4387054799511796
ldc-1.43.0,bv_compiler,bv_direct,double,lookup,1,1024,1.000729394647283,1.0007299270521677,1.010576221728332,8.367919922,5.8162841795,1.4387054799511796
ldc-1.43.0,bv_compiler,bv_split,double,lookup,1,1024,1.0,0.9996354356320079,1.0010940919111726,8.367919922,5.8162841795,1.4387054799511796
ldc-1.43.0,bv_compiler,bv_portable,double,lookup,1,1024,1.0,0.999270605352717,1.0007299270521677,8.367919922,5.8162841795,1.4387054799511796
ldc-1.43.0,bv_compiler,default,double,lookup,2,1024,0.9992714025650291,0.9873964710047873,1.0003646973236415,8.3770751955,5.812927246,1.4411113094980579
ldc-1.43.0,bv_compiler,bv_direct,double,lookup,2,1024,0.9996357013123579,0.9881166727054844,1.001458789175062,8.3770751955,5.812927246,1.4411113094980579
ldc-1.43.0,bv_compiler,bv_split,double,lookup,2,1024,0.9996357013123579,0.986321094297509,1.0167760758119742,8.3770751955,5.812927246,1.4411113094980579
ldc-1.43.0,bv_compiler,bv_portable,double,lookup,2,1024,0.9989071038177003,0.9877565718551359,0.9989059080888273,8.3770751955,5.812927246,1.4411113094980579
ldc-1.43.0,bv_compiler,default,double,lookupApply,0,1024,0.9984063744911041,0.9965544659476303,0.9986716259352739,11.489868164,10.2309875485,1.123045855498531
ldc-1.43.0,bv_compiler,bv_direct,double,lookupApply,0,1024,0.9992031872890687,0.9970845481429367,1.0069075451975147,11.489868164,10.2309875485,1.123045855498531
ldc-1.43.0,bv_compiler,bv_split,double,lookupApply,0,1024,0.9994687915115401,0.9978796713490476,0.9994686504263433,11.489868164,10.2309875485,1.123045855498531
ldc-1.43.0,bv_compiler,bv_portable,double,lookupApply,0,1024,0.9997343957340119,0.9970845481429367,1.0111583421785213,11.489868164,10.2309875485,1.123045855498531
ldc-1.43.0,bv_compiler,default,double,lookupApply,1,1024,1.0,0.9944809460858152,1.0,11.480712891,10.237121582,1.1214786108613397
ldc-1.43.0,bv_compiler,bv_direct,double,lookupApply,1,1024,1.0010632641993487,0.9892247043201943,1.0135566187812266,11.480712891,10.237121582,1.1214786108613397
ldc-1.43.0,bv_compiler,bv_split,double,lookupApply,1,1024,1.0,0.9889618922577487,1.0,11.480712891,10.237121582,1.1214786108613397
ldc-1.43.0,bv_compiler,bv_portable,double,lookupApply,1,1024,1.0,0.9881734559842937,1.0055821371119071,11.480712891,10.237121582,1.1214786108613397
ldc-1.43.0,bv_compiler,default,double,lookupApply,2,1024,1.0002658160280615,1.0,1.0010638297654468,11.480712891,10.23928833,1.1212412934366502
ldc-1.43.0,bv_compiler,bv_direct,double,lookupApply,2,1024,1.000531632056123,0.9994683678567744,1.002393617037617,11.480712891,10.23928833,1.1212412934366502
ldc-1.43.0,bv_compiler,bv_split,double,lookupApply,2,1024,1.0,0.9994683678567744,1.0010632641993487,11.480712891,10.23928833,1.1212412934366502
ldc-1.43.0,bv_compiler,bv_portable,double,lookupApply,2,1024,1.0,0.9997341839283872,1.0010638297654468,11.480712891,10.23928833,1.1212412934366502
ldc-1.43.0,bv_compiler,default,double,prepared,0,1024,1.0,0.9925925929461934,1.0,1.226806641,1.2330932620000001,0.9949017473424487
ldc-1.43.0,bv_compiler,bv_direct,double,prepared,0,1024,1.0,0.9925925929461934,1.002487561933568,1.226806641,1.2330932620000001,0.9949017473424487
ldc-1.43.0,bv_compiler,bv_split,double,prepared,0,1024,1.0,0.9901234569918956,1.0,1.226806641,1.2330932620000001,0.9949017473424487
ldc-1.43.0,bv_compiler,bv_portable,double,prepared,0,1024,1.0,0.9925925929461934,0.9975124376588698,1.226806641,1.2330932620000001,0.9949017473424487
ldc-1.43.0,bv_compiler,default,double,prepared,1,1024,1.0,1.0,1.0,1.226806641,1.232788086,0.9951480347125937
ldc-1.43.0,bv_compiler,bv_direct,double,prepared,1,1024,1.0,1.0,1.0,1.226806641,1.232788086,0.9951480347125937
ldc-1.43.0,bv_compiler,bv_split,double,prepared,1,1024,1.0,1.0,1.0,1.226806641,1.232788086,0.9951480347125937
ldc-1.43.0,bv_compiler,bv_portable,double,prepared,1,1024,1.0,0.9950248753177396,1.0,1.226806641,1.232788086,0.9951480347125937
ldc-1.43.0,bv_compiler,default,double,prepared,2,1024,1.0024813893239433,1.0,1.0049751238671358,1.2298583985,1.232788086,0.9976235270820097
ldc-1.43.0,bv_compiler,bv_direct,double,prepared,2,1024,0.9975186106760566,0.995049505456422,1.0,1.2298583985,1.232788086,0.9976235270820097
ldc-1.43.0,bv_compiler,bv_split,double,prepared,2,1024,1.0,0.997524752728211,1.002487561933568,1.2298583985,1.232788086,0.9976235270820097
ldc-1.43.0,bv_compiler,bv_portable,double,prepared,2,1024,1.0024813893239433,0.997524752728211,1.0074441687849318,1.2298583985,1.232788086,0.9976235270820097
ldc-1.43.0,bv_compiler,default,double,vienot,0,1024,1.0,0.9932432439313952,1.0,0.897216797,1.238586426,0.7243877198764005
ldc-1.43.0,bv_compiler,bv_direct,double,vienot,0,1024,1.1938775506450978,1.1824324326717897,1.2108843532941571,0.897216797,1.238586426,0.7243877198764005
ldc-1.43.0,bv_compiler,bv_split,double,vienot,0,1024,1.1904761898923744,1.1824324326717897,1.1938775506450978,0.897216797,1.238586426,0.7243877198764005
ldc-1.43.0,bv_compiler,bv_portable,double,vienot,0,1024,1.0,0.9966216219656976,1.0034013601954446,0.897216797,1.238586426,0.7243877198764005
ldc-1.43.0,bv_compiler,default,double,vienot,1,1024,1.0,1.0,1.0,0.897216797,1.2349243165,0.7265358573089529
ldc-1.43.0,bv_compiler,bv_direct,double,vienot,1,1024,1.1972789113978213,1.1904761898923744,1.2142857140468803,0.897216797,1.2349243165,0.7265358573089529
ldc-1.43.0,bv_compiler,bv_split,double,vienot,1,1024,1.1972789113978213,1.1904761898923744,1.1972789113978213,0.897216797,1.2349243165,0.7265358573089529
ldc-1.43.0,bv_compiler,bv_portable,double,vienot,1,1024,1.0,1.0,1.0,0.897216797,1.2349243165,0.7265358573089529
ldc-1.43.0,bv_compiler,default,float,brettel,0,1024,1.4731585517995123,1.4481897626854223,1.4750000001024,2.444458008,2.1873474125,1.1175444714592178
ldc-1.43.0,bv_compiler,bv_direct,float,brettel,0,1024,0.9937578027726137,0.9837905235145034,0.9950000001024,2.444458008,2.1873474125,1.1175444714592178
ldc-1.43.0,bv_compiler,bv_split,float,brettel,0,1024,1.0012484395272951,0.9975031211499545,1.0025000001536,2.444458008,2.1873474125,1.1175444714592178
ldc-1.43.0,bv_compiler,bv_portable,float,brettel,0,1024,0.9987515604727051,0.9950124687265497,1.0,2.444458008,2.1873474125,1.1175444714592178
ldc-1.43.0,bv_compiler,default,float,brettel,1,1024,1.5124999999488,1.51,1.5207026350226651,2.44140625,2.137207031,1.1423349327358636
ldc-1.43.0,bv_compiler,bv_direct,float,brettel,1,1024,0.9950000001024,0.9924717690826674,0.9950000001024,2.44140625,2.137207031,1.1423349327358636
ldc-1.43.0,bv_compiler,bv_split,float,brettel,1,1024,0.9975000000512,0.9987500001280001,1.0,2.44140625,2.137207031,1.1423349327358636
ldc-1.43.0,bv_compiler,bv_portable,float,brettel,1,1024,0.9962499999743999,0.9962500001792,1.0012562812782626,2.44140625,2.137207031,1.1423349327358636
ldc-1.43.0,bv_compiler,default,float,brettel,2,1024,1.462121211870462,1.461441213360845,1.4760101007823363,2.416992188,2.139038086,1.1299435030255933
ldc-1.43.0,bv_compiler,bv_direct,float,brettel,2,1024,0.9873737370143291,0.9873737370143291,0.9886219971882237,2.416992188,2.139038086,1.1299435030255933
ldc-1.43.0,bv_compiler,bv_split,float,brettel,2,1024,1.0,0.9987357774193292,1.0050505049460259,2.416992188,2.139038086,1.1299435030255933
ldc-1.43.0,bv_compiler,bv_portable,float,brettel,2,1024,0.9974747473201183,0.9974747473201183,1.0,2.416992188,2.139038086,1.1299435030255933
ldc-1.43.0,bv_compiler,default,float,lookup,0,1024,1.0372388738076317,0.9974348011796037,1.0400546199366503,6.719970703,4.4703674315,1.5032255862568242
ldc-1.43.0,bv_compiler,bv_direct,float,lookup,0,1024,1.0004541326346315,0.941427960641197,1.0518889394447442,6.719970703,4.4703674315,1.5032255862568242
ldc-1.43.0,bv_compiler,bv_split,float,lookup,0,1024,1.060853769320369,1.0008550662501166,1.0609922621949064,6.719970703,4.4703674315,1.5032255862568242
ldc-1.43.0,bv_compiler,bv_portable,float,lookup,0,1024,1.0145322434153474,0.9371526293205674,1.065088757369091,6.719970703,4.4703674315,1.5032255862568242
ldc-1.43.0,bv_compiler,default,float,lookup,1,1024,1.0368014538370465,0.9755993150421918,1.0406021897343065,6.7169189455,4.471923828,1.5020199815219213
ldc-1.43.0,bv_compiler,bv_direct,float,lookup,1,1024,1.0031803725299249,0.9447773972339726,1.0529197079918249,6.7169189455,4.471923828,1.5020199815219213
ldc-1.43.0,bv_compiler,bv_split,float,lookup,1,1024,1.0640617900843181,1.0184075341852055,1.0661496350645254,6.7169189455,4.471923828,1.5020199815219213
ldc-1.43.0,bv_compiler,bv_portable,float,lookup,1,1024,1.0013630168198075,0.9379280821654795,1.0643248175089053,6.7169189455,4.471923828,1.5020199815219213
ldc-1.43.0,bv_compiler,default,float,lookup,2,1024,1.0092797171801016,0.9739650021420745,1.0386363635497045,6.90612793,4.474945068,1.5432877555045776
ldc-1.43.0,bv_compiler,bv_direct,float,lookup,2,1024,0.9748121961013254,0.9406743491846842,1.0027272725967424,6.90612793,4.474945068,1.5432877555045776
ldc-1.43.0,bv_compiler,bv_split,float,lookup,2,1024,0.9703932831722102,0.93435635125246,1.0618181817391052,6.90612793,4.474945068,1.5432877555045776
ldc-1.43.0,bv_compiler,bv_portable,float,lookup,2,1024,1.033583738362634,0.9389671362447845,1.6901108269602503,6.90612793,4.474945068,1.5432877555045776
ldc-1.43.0,bv_compiler,default,float,lookupApply,0,1024,0.9980873445837288,0.9772088667195963,0.9999999999476884,9.573364258,9.979370117,0.9593154824162335
ldc-1.43.0,bv_compiler,bv_direct,float,lookupApply,0,1024,1.0003187759201213,0.9803309397121459,1.0009578543603326,9.573364258,9.979370117,0.9593154824162335
ldc-1.43.0,bv_compiler,bv_split,float,lookupApply,0,1024,1.0009563276559075,0.9775210739932751,1.0025542783639692,9.573364258,9.979370117,0.9593154824162335
ldc-1.43.0,bv_compiler,bv_portable,float,lookupApply,0,1024,0.9993624481597575,0.9812675616354867,1.002873563185621,9.573364258,9.979370117,0.9593154824162335
ldc-1.43.0,bv_compiler,default,float,lookupApply,1,1024,1.0012771391819846,0.9980849026884266,1.0063979526288604,9.558105469,9.946655273,0.9609366371573457
ldc-1.43.0,bv_compiler,bv_direct,float,lookupApply,1,1024,1.003192848007273,0.9996813256655829,1.0057581573240448,9.558105469,9.946655273,0.9609366371573457
ldc-1.43.0,bv_compiler,bv_split,float,lookupApply,1,1024,1.0025542783639692,0.9984040855998363,1.0271912987774812,9.558105469,9.946655273,0.9609366371573457
ldc-1.43.0,bv_compiler,bv_portable,float,lookupApply,1,1024,1.0009578543603326,0.9990424513180658,1.0031989763144302,9.558105469,9.946655273,0.9609366371573457
ldc-1.43.0,bv_compiler,default,float,lookupApply,2,1024,0.9993614303566962,0.998722452916623,0.9993616342294754,9.558105469,9.950378418,0.9605770823458947
ldc-1.43.0,bv_compiler,bv_direct,float,lookupApply,2,1024,1.0044699871892573,1.0003191828591147,1.0067007019716803,9.558105469,9.950378418,0.9605770823458947
ldc-1.43.0,bv_compiler,bv_split,float,lookupApply,2,1024,1.0,0.9990418397136314,1.0009572431462799,9.558105469,9.950378418,0.9605770823458947
ldc-1.43.0,bv_compiler,bv_portable,float,lookupApply,2,1024,1.0,0.9990424513180658,1.000319081013908,9.558105469,9.950378418,0.9605770823458947
ldc-1.43.0,bv_compiler,default,float,prepared,0,1024,1.0432900434788734,1.0411255415354406,1.0432900434788734,1.409912109,0.7851867674999999,1.795639161736128
ldc-1.43.0,bv_compiler,bv_direct,float,prepared,0,1024,1.0606060607994963,1.0411255415354406,1.064935065395626,1.409912109,0.7851867674999999,1.795639161736128
ldc-1.43.0,bv_compiler,bv_split,float,prepared,0,1024,1.0,1.0,1.0,1.409912109,0.7851867674999999,1.795639161736128
ldc-1.43.0,bv_compiler,bv_portable,float,prepared,0,1024,1.0,1.0,1.0,1.409912109,0.7851867674999999,1.795639161736128
ldc-1.43.0,bv_compiler,default,float,prepared,1,1024,1.0606060607994963,1.0411255415354406,1.064935065395626,1.409912109,0.7851867674999999,1.795639161736128
ldc-1.43.0,bv_compiler,bv_direct,float,prepared,1,1024,1.0606060607994963,1.0411255415354406,1.0606060607994963,1.409912109,0.7851867674999999,1.795639161736128
ldc-1.43.0,bv_compiler,bv_split,float,prepared,1,1024,1.0,1.0,1.0,1.409912109,0.7851867674999999,1.795639161736128
ldc-1.43.0,bv_compiler,bv_portable,float,prepared,1,1024,1.0,1.0,1.0,1.409912109,0.7851867674999999,1.795639161736128
ldc-1.43.0,bv_compiler,default,float,prepared,2,1024,1.017316017675255,1.017316017675255,1.0216450222713849,1.409912109,0.785766602,1.7943141200088826
ldc-1.43.0,bv_compiler,bv_direct,float,prepared,2,1024,1.017316017675255,1.017316017675255,1.01948051997332,1.409912109,0.785766602,1.7943141200088826
ldc-1.43.0,bv_compiler,bv_split,float,prepared,2,1024,1.0,1.0,1.0,1.409912109,0.785766602,1.7943141200088826
ldc-1.43.0,bv_compiler,bv_portable,float,prepared,2,1024,1.0,1.0,1.465367965713386,1.409912109,0.785766602,1.7943141200088826
ldc-1.43.0,bv_compiler,default,float,vienot,0,1024,5.999999997364505,6.002688170886289,6.053619300951831,1.1383056645,0.783325195,1.4531712649686954
ldc-1.43.0,bv_compiler,bv_direct,float,vienot,0,1024,1.0080428954941743,1.0,1.0080428954941743,1.1383056645,0.783325195,1.4531712649686954
ldc-1.43.0,bv_compiler,bv_split,float,vienot,0,1024,1.0080428954941743,0.9973190346888589,1.01075268838989,1.1383056645,0.783325195,1.4531712649686954
ldc-1.43.0,bv_compiler,bv_portable,float,vienot,0,1024,1.0,0.9973190346888589,1.0,1.1383056645,0.783325195,1.4531712649686954
ldc-1.43.0,bv_compiler,default,float,vienot,1,1024,5.999999997364505,5.99463806762072,6.01881720281048,1.1383056645,0.783325195,1.4531712649686954
ldc-1.43.0,bv_compiler,bv_direct,float,vienot,1,1024,1.0,0.9973190346888589,1.00268817220758,1.1383056645,0.783325195,1.4531712649686954
ldc-1.43.0,bv_compiler,bv_split,float,vienot,1,1024,1.0,1.0,1.0,1.1383056645,0.783325195,1.4531712649686954
ldc-1.43.0,bv_compiler,bv_portable,float,vienot,1,1024,1.0080428954941743,0.9973190346888589,1.01075268838989,1.1383056645,0.783325195,1.4531712649686954
ldc-1.43.0,bv_portable,default,double,brettel,0,8191,1.2179107424892537,1.2077289885669393,1.8971205464808163,3.86399707,4.10943795,0.9402738566718107
ldc-1.43.0,bv_portable,bv_direct,double,brettel,0,8191,0.9877567140598271,0.9830161053967492,1.0001992230049157,3.86399707,4.10943795,0.9402738566718107
ldc-1.43.0,bv_portable,bv_split,double,brettel,0,8191,0.998913901997343,0.9816495850604451,1.0052652492724525,3.86399707,4.10943795,0.9402738566718107
ldc-1.43.0,bv_portable,bv_portable,double,brettel,0,8191,1.0,1.0,1.0,3.86399707,4.10943795,0.9402738566718107
ldc-1.43.0,bv_portable,default,double,brettel,1,8191,2.384349372530754,2.3886863112901375,2.4101919791842974,3.861326456,4.1660130025,0.9268637552698086
ldc-1.43.0,bv_portable,bv_direct,double,brettel,1,8191,0.9826104139949984,0.988370947002257,0.9986933361134751,3.861326456,4.1660130025,0.9268637552698086
ldc-1.43.0,bv_portable,bv_split,double,brettel,1,8191,0.992095642689684,0.9890608061801878,1.0092703348627152,3.861326456,4.1660130025,0.9268637552698086
ldc-1.43.0,bv_portable,bv_portable,double,brettel,1,8191,1.0,1.0,1.0,3.861326456,4.1660130025,0.9268637552698086
ldc-1.43.0,bv_portable,default,double,brettel,2,8191,2.2950463783414388,2.2553191486807296,2.3367880761732063,3.866286168,4.217342205,0.9167589396507131
ldc-1.43.0,bv_portable,bv_direct,double,brettel,2,8191,0.9900335503308249,0.9792159180367659,0.999802586146844,3.866286168,4.217342205,0.9167589396507131
ldc-1.43.0,bv_portable,bv_split,double,brettel,2,8191,0.9985198342152309,0.9911163754437324,0.9968360688281358,3.866286168,4.217342205,0.9167589396507131
ldc-1.43.0,bv_portable,bv_portable,double,brettel,2,8191,1.0,1.0,1.0,3.866286168,4.217342205,0.9167589396507131
ldc-1.43.0,bv_portable,default,double,lookup,0,8191,0.9993730969220885,0.981235718041955,0.9984762929272945,8.520021975,5.894014772,1.4455379405350428
ldc-1.43.0,bv_portable,bv_direct,double,lookup,0,8191,0.9991939817737382,0.979214273174287,1.0040333422547345,8.520021975,5.894014772,1.4455379405350428
ldc-1.43.0,bv_portable,bv_split,double,lookup,0,8191,1.000268672839896,0.9807083846007193,1.0035403782294392,8.520021975,5.894014772,1.4455379405350428
ldc-1.43.0,bv_portable,bv_portable,double,lookup,0,8191,1.0,1.0,1.0,8.520021975,5.894014772,1.4455379405350428
ldc-1.43.0,bv_portable,default,double,lookup,1,8191,1.0008059099631788,0.9995522722752507,1.0033105175945793,8.5211665245,5.93610365,1.4354814246715522
ldc-1.43.0,bv_portable,bv_direct,double,lookup,1,8191,1.0008059099631788,0.9991500022566605,1.0049267702990183,8.5211665245,5.93610365,1.4354814246715522
ldc-1.43.0,bv_portable,bv_split,double,lookup,1,8191,1.001029773854879,0.9992394756940705,1.0016565927869432,8.5211665245,5.93610365,1.4354814246715522
ldc-1.43.0,bv_portable,bv_portable,double,lookup,1,8191,1.0,1.0,1.0,8.5211665245,5.93610365,1.4354814246715522
ldc-1.43.0,bv_portable,default,double,lookup,2,8191,1.0018274201902095,0.9967486192511124,1.0092198899612355,8.559699670499999,5.9255509095,1.444540735744395
ldc-1.43.0,bv_portable,bv_direct,double,lookup,2,8191,1.0007577108134242,0.9994209869803288,1.0049232421997816,8.559699670499999,5.9255509095,1.444540735744395
ldc-1.43.0,bv_portable,bv_split,double,lookup,2,8191,1.0016937065619214,0.997643816107154,1.0074743767824828,8.559699670499999,5.9255509095,1.444540735744395
ldc-1.43.0,bv_portable,bv_portable,double,lookup,2,8191,1.0,1.0,1.0,8.559699670499999,5.9255509095,1.444540735744395
ldc-1.43.0,bv_portable,default,double,lookupApply,0,8191,0.9983602794014259,0.9921272703862233,0.9998360278971634,11.6335764865,10.2329538515,1.1368737370778517
ldc-1.43.0,bv_portable,bv_direct,double,lookupApply,0,8191,1.000098383201531,0.9963086371541785,1.0009518807719682,11.6335764865,10.2329538515,1.1368737370778517
ldc-1.43.0,bv_portable,bv_split,double,lookupApply,0,8191,0.9989177843963453,0.9955572978411568,0.9997045886947905,11.6335764865,10.2329538515,1.1368737370778517
ldc-1.43.0,bv_portable,bv_portable,double,lookupApply,0,8191,1.0,1.0,1.0,11.6335764865,10.2329538515,1.1368737370778517
ldc-1.43.0,bv_portable,default,double,lookupApply,1,8191,0.998293683348342,0.9901638276483131,1.0018407731066516,11.626709193,10.24813057,1.1345200096333277
ldc-1.43.0,bv_portable,bv_direct,double,lookupApply,1,8191,1.0,0.9915969123521927,1.0029912562713847,11.626709193,10.24813057,1.1345200096333277
ldc-1.43.0,bv_portable,bv_split,double,lookupApply,1,8191,0.9988515176325182,0.9901312575239447,1.0008875155657597,11.626709193,10.24813057,1.1345200096333277
ldc-1.43.0,bv_portable,bv_portable,double,lookupApply,1,8191,1.0,1.0,1.0,11.626709193,10.24813057,1.1345200096333277
ldc-1.43.0,bv_portable,default,double,lookupApply,2,8191,0.9983974883185364,0.9956577099863599,1.001603193288988,11.6656238555,10.2746879195,1.135375005732309
ldc-1.43.0,bv_portable,bv_direct,double,lookupApply,2,8191,0.9996729567962024,0.9984002089626113,1.002519303758215,11.6656238555,10.2746879195,1.135375005732309
ldc-1.43.0,bv_portable,bv_split,double,lookupApply,2,8191,1.0015371030492763,0.9992801989323499,1.0042597810879157,11.6656238555,10.2746879195,1.135375005732309
ldc-1.43.0,bv_portable,bv_portable,double,lookupApply,2,8191,1.0,1.0,1.0,11.6656238555,10.2746879195,1.135375005732309
ldc-1.43.0,bv_portable,default,double,prepared,0,8191,1.000628930325651,0.9993712669768555,1.0009433959006024,1.213221829,1.194752625,1.0154586008965665
ldc-1.43.0,bv_portable,bv_direct,double,prepared,0,8191,1.0003144651628255,0.9993710688500972,1.000314366305574,1.213221829,1.194752625,1.0154586008965665
ldc-1.43.0,bv_portable,bv_split,double,prepared,0,8191,1.000628930325651,1.000314366305574,1.0003144651628255,1.213221829,1.194752625,1.0154586008965665
ldc-1.43.0,bv_portable,bv_portable,double,prepared,0,8191,1.0,1.0,1.0,1.213221829,1.194752625,1.0154586008965665
ldc-1.43.0,bv_portable,default,double,prepared,1,8191,1.0,0.9987429291344351,1.0012578614755538,1.213984861,1.196927268,1.0142511524768771
ldc-1.43.0,bv_portable,bv_direct,double,prepared,1,8191,0.9987429291344351,0.998429648234484,1.0,1.213984861,1.196927268,1.0142511524768771
ldc-1.43.0,bv_portable,bv_split,double,prepared,1,8191,0.9993714649790845,0.9990566036872717,1.0003140705177465,1.213984861,1.196927268,1.0142511524768771
ldc-1.43.0,bv_portable,bv_portable,double,prepared,1,8191,1.0,1.0,1.0,1.213984861,1.196927268,1.0142511524768771
ldc-1.43.0,bv_portable,default,double,prepared,2,8191,0.9996860280915735,0.9987441127777725,1.0021909232446327,1.2151294105,1.197232481,1.0149485833236427
ldc-1.43.0,bv_portable,bv_direct,double,prepared,2,8191,1.0,0.9987441127777725,1.000628141035493,1.2151294105,1.197232481,1.0149485833236427
ldc-1.43.0,bv_portable,bv_split,double,prepared,2,8191,1.0015698583076968,0.9984301412808246,1.003454774048779,1.2151294105,1.197232481,1.0149485833236427
ldc-1.43.0,bv_portable,bv_portable,double,prepared,2,8191,1.0,1.0,1.0,1.2151294105,1.197232481,1.0149485833236427
ldc-1.43.0,bv_portable,default,double,vienot,0,8191,0.9871101868360221,0.9765528583784503,0.9945538331291833,0.9175466975,1.1986097545,0.7655091192568798
ldc-1.43.0,bv_portable,bv_direct,double,vienot,0,8191,1.196257796459455,1.1904566020312584,1.2043279234256428,0.9175466975,1.1986097545,0.7655091192568798
ldc-1.43.0,bv_portable,bv_split,double,vienot,0,8191,1.185862786019128,1.174002468401753,1.1948051951331933,0.9175466975,1.1986097545,0.7655091192568798
ldc-1.43.0,bv_portable,bv_portable,double,vienot,0,8191,1.0,1.0,1.0,0.9175466975,1.1986097545,0.7655091192568798
ldc-1.43.0,bv_portable,default,double,vienot,1,8191,1.007672633856766,1.0068143091839148,1.0081058024213183,0.895037236,1.1986898730000002,0.7466795675514978
ldc-1.43.0,bv_portable,bv_direct,double,vienot,1,8191,1.2139812449099046,1.2115793951335443,1.215017065632609,0.895037236,1.1986898730000002,0.7466795675514978
ldc-1.43.0,bv_portable,bv_split,double,vienot,1,8191,1.2131287295403652,1.2115793951335443,1.2141638228604923,0.895037236,1.1986898730000002,0.7466795675514978
ldc-1.43.0,bv_portable,bv_portable,double,vienot,1,8191,1.0,1.0,1.0,0.895037236,1.1986898730000002,0.7466795675514978
ldc-1.43.0,bv_portable,default,float,brettel,0,8191,1.487110971583553,1.4843725461188129,2.102342399098584,2.42720669,2.1215510925,1.1440717589034448
ldc-1.43.0,bv_portable,bv_direct,float,brettel,0,8191,0.9981138009305669,0.9973299829587701,0.9988990248870872,2.42720669,2.1215510925,1.1440717589034448
ldc-1.43.0,bv_portable,bv_split,float,brettel,0,8191,1.0003143667175705,0.9998429400771811,1.0007864108243845,2.42720669,2.1215510925,1.1440717589034448
ldc-1.43.0,bv_portable,bv_portable,float,brettel,0,8191,1.0,1.0,1.0,2.42720669,2.1215510925,1.1440717589034448
ldc-1.43.0,bv_portable,default,float,brettel,1,8191,2.97628023919824,2.9414074777444994,3.232846600506203,2.428732755,2.0945321085,1.1595586170026955
ldc-1.43.0,bv_portable,bv_direct,float,brettel,1,8191,0.997486648134739,0.9970168001953945,0.9979572595353984,2.428732755,2.0945321085,1.1595586170026955
ldc-1.43.0,bv_portable,bv_split,float,brettel,1,8191,1.0001570845945131,0.9995289681919823,1.000785422766697,2.428732755,2.0945321085,1.1595586170026955
ldc-1.43.0,bv_portable,bv_portable,float,brettel,1,8191,1.0,1.0,1.0,2.428732755,2.0945321085,1.1595586170026955
ldc-1.43.0,bv_portable,default,float,brettel,2,8191,2.741165384281511,2.6947236181007943,2.7729415460672118,2.4291142715,2.0846660970000004,1.1652294221101824
ldc-1.43.0,bv_portable,bv_direct,float,brettel,2,8191,0.997644102392735,0.9974870426757526,0.9978001257802341,2.4291142715,2.0846660970000004,1.1652294221101824
ldc-1.43.0,bv_portable,bv_split,float,brettel,2,8191,1.0003141198456376,0.9995288944291842,1.0014142048261447,2.4291142715,2.0846660970000004,1.1652294221101824
ldc-1.43.0,bv_portable,bv_portable,float,brettel,2,8191,1.0,1.0,1.0,2.4291142715,2.0846660970000004,1.1652294221101824
ldc-1.43.0,bv_portable,default,float,lookup,0,8191,1.0080332258791875,0.9702210938302624,0.9949740324798484,6.981366744000001,4.5374649005,1.5386051235857932
ldc-1.43.0,bv_portable,bv_direct,float,lookup,0,8191,1.022678834933872,0.9876144603576625,1.0408220248900557,6.981366744000001,4.5374649005,1.5386051235857932
ldc-1.43.0,bv_portable,bv_split,float,lookup,0,8191,1.001092955903879,0.9413413730942751,1.058468755250231,6.981366744000001,4.5374649005,1.5386051235857932
ldc-1.43.0,bv_portable,bv_portable,float,lookup,0,8191,1.0,1.0,1.0,6.981366744000001,4.5374649005,1.5386051235857932
ldc-1.43.0,bv_portable,default,float,lookup,1,8191,1.0152905199434143,0.9724063594396597,1.004673659017375,6.861570626,4.5327646195,1.5137716607832343
ldc-1.43.0,bv_portable,bv_direct,float,lookup,1,8191,1.039755351780008,1.0085691188439556,1.0219236607082283,6.861570626,4.5327646195,1.5137716607832343
ldc-1.43.0,bv_portable,bv_split,float,lookup,1,8191,1.0172921879650123,0.9575316626424215,1.0451402551985025,6.861570626,4.5327646195,1.5137716607832343
ldc-1.43.0,bv_portable,bv_portable,float,lookup,1,8191,1.0,1.0,1.0,6.861570626,4.5327646195,1.5137716607832343
ldc-1.43.0,bv_portable,default,float,lookup,2,8191,1.0012048191960838,0.994427476760271,1.008346230297353,6.9664876085,4.5362440485,1.535739156451163
ldc-1.43.0,bv_portable,bv_direct,float,lookup,2,8191,1.0004928805867408,0.999103842243103,1.0108887905846708,6.9664876085,4.5362440485,1.535739156451163
ldc-1.43.0,bv_portable,bv_split,float,lookup,2,8191,1.0388280393508433,1.011496794081246,1.062563011045257,6.9664876085,4.5362440485,1.535739156451163
ldc-1.43.0,bv_portable,bv_portable,float,lookup,2,8191,1.0,1.0,1.0,6.9664876085,4.5362440485,1.535739156451163
ldc-1.43.0,bv_portable,default,float,lookupApply,0,8191,0.9968197880031571,0.9938809132120527,0.9996456414082121,9.717220119499999,10.1046728115,0.9616560873144703
ldc-1.43.0,bv_portable,bv_direct,float,lookupApply,0,8191,1.0037298783041118,1.0006649976455395,1.0031772182031653,9.717220119499999,10.1046728115,0.9616560873144703
ldc-1.43.0,bv_portable,bv_split,float,lookupApply,0,8191,1.0002748331793618,0.9974182444259173,1.003804816825675,9.717220119499999,10.1046728115,0.9616560873144703
ldc-1.43.0,bv_portable,bv_portable,float,lookupApply,0,8191,1.0,1.0,1.0,9.717220119499999,10.1046728115,0.9616560873144703
ldc-1.43.0,bv_portable,default,float,lookupApply,1,8191,0.9961542989177322,0.9915211190302828,1.0023256731064483,9.7221798315,10.049211787,0.9674569545918954
ldc-1.43.0,bv_portable,bv_direct,float,lookupApply,1,8191,0.9973707962161756,0.9924198022780315,0.9993693089758234,9.7221798315,10.049211787,0.9674569545918954
ldc-1.43.0,bv_portable,bv_split,float,lookupApply,1,8191,0.998351842408008,0.9967877149651764,1.0016555638738884,9.7221798315,10.049211787,0.9674569545918954
ldc-1.43.0,bv_portable,bv_portable,float,lookupApply,1,8191,1.0,1.0,1.0,9.7221798315,10.049211787,0.9674569545918954
ldc-1.43.0,bv_portable,default,float,lookupApply,2,8191,0.9952876496439435,0.9918937969683819,1.001618314612123,9.715312538500001,10.0470295145,0.9669835770342606
ldc-1.43.0,bv_portable,bv_direct,float,lookupApply,2,8191,0.9969369722917226,0.9936560150209649,1.0014999013389896,9.715312538500001,10.0470295145,0.9669835770342606
ldc-1.43.0,bv_portable,bv_split,float,lookupApply,2,8191,0.9996465736962764,0.9990993107628597,1.001460430178973,9.715312538500001,10.0470295145,0.9669835770342606
ldc-1.43.0,bv_portable,bv_portable,float,lookupApply,2,8191,1.0,1.0,1.0,9.715312538500001,10.0470295145,0.9669835770342606
ldc-1.43.0,bv_portable,default,float,prepared,0,8191,1.0172323755023793,1.0167058208696529,1.017777777576768,1.461207423,0.767374252,1.9041653002973054
ldc-1.43.0,bv_portable,bv_direct,float,prepared,0,8191,1.016710182699366,1.015931052698647,1.018562091031379,1.461207423,0.767374252,1.9041653002973054
ldc-1.43.0,bv_portable,bv_split,float,prepared,0,8191,1.000522192803013,1.0002610282479703,1.0010457515012345,1.461207423,0.767374252,1.9041653002973054
ldc-1.43.0,bv_portable,bv_portable,float,prepared,0,8191,1.0,1.0,1.0,1.461207423,0.767374252,1.9041653002973054
ldc-1.43.0,bv_portable,default,float,prepared,1,8191,1.0169668491176234,1.0167014613164669,1.0180203707935815,1.4615889389999999,0.7673361005,1.9047571697038903
ldc-1.43.0,bv_portable,bv_direct,float,prepared,1,8191,1.0169668491176234,1.0167014613164669,1.0174980409275758,1.4615889389999999,0.7673361005,1.9047571697038903
ldc-1.43.0,bv_portable,bv_split,float,prepared,1,8191,1.0007830854280981,1.0005219209440182,1.0013054830340813,1.4615889389999999,0.7673361005,1.9047571697038903
ldc-1.43.0,bv_portable,bv_portable,float,prepared,1,8191,1.0,1.0,1.0,1.4615889389999999,0.7673361005,1.9047571697038903
ldc-1.43.0,bv_portable,default,float,prepared,2,8191,1.0172233822604848,1.0156372162990517,1.017754568989758,1.461970455,0.767221646,1.9055385919077679
ldc-1.43.0,bv_portable,bv_direct,float,prepared,2,8191,1.016962421788476,1.0153765958850847,1.017754568989758,1.461970455,0.767221646,1.9055385919077679
ldc-1.43.0,bv_portable,bv_split,float,prepared,2,8191,1.001043841888036,1.0002606204139668,1.0015665797777704,1.461970455,0.767221646,1.9055385919077679
ldc-1.43.0,bv_portable,bv_portable,float,prepared,2,8191,1.0,1.0,1.0,1.461970455,0.767221646,1.9055385919077679
ldc-1.43.0,bv_portable,default,float,vienot,0,8191,6.128111516610854,6.090939263406489,6.127031509325498,1.149508607,0.766992736,1.498721634568388
ldc-1.43.0,bv_portable,bv_direct,float,vienot,0,8191,1.0049784264033788,1.0,1.0059780800487428,1.149508607,0.766992736,1.498721634568388
ldc-1.43.0,bv_portable,bv_split,float,vienot,0,8191,1.0056422169964665,1.0006637901581195,1.0056459647322888,1.149508607,0.766992736,1.498721634568388
ldc-1.43.0,bv_portable,bv_portable,float,vienot,0,8191,1.0,1.0,1.0,1.149508607,0.766992736,1.498721634568388
ldc-1.43.0,bv_portable,default,float,vienot,1,8191,5.932717676276633,5.9291364549361845,5.939313982803709,1.156757417,0.766836314,1.5084802269810085
ldc-1.43.0,bv_portable,bv_direct,float,vienot,1,8191,1.0,1.0,1.0171390907323832,1.156757417,0.766836314,1.5084802269810085
ldc-1.43.0,bv_portable,bv_split,float,vienot,1,8191,1.0,0.9993403690447226,0.9996704023671205,1.156757417,0.766836314,1.5084802269810085
ldc-1.43.0,bv_portable,bv_portable,float,vienot,1,8191,1.0,1.0,1.0,1.156757417,0.766836314,1.5084802269810085
ldc-1.43.0,bv_compiler,default,double,brettel,0,8191,1.2250471744558278,1.2082091035465494,1.9297061157746271,3.8414876085,4.1128410755,0.934022865941395
ldc-1.43.0,bv_compiler,bv_direct,double,brettel,0,8191,0.9935445426284524,0.9924468297016192,0.9999007148005943,3.8414876085,4.1128410755,0.934022865941395
ldc-1.43.0,bv_compiler,bv_split,double,brettel,0,8191,1.0047671068779396,0.9985107226595108,1.0056648777563477,3.8414876085,4.1128410755,0.934022865941395
ldc-1.43.0,bv_compiler,bv_portable,double,brettel,0,8191,1.0058595689467262,0.9981109564966216,1.01717633038884,3.8414876085,4.1128410755,0.934022865941395
ldc-1.43.0,bv_compiler,default,double,brettel,1,8191,2.4192481201977385,2.3905844803684797,2.412221337621468,3.8056250765,4.1548498355,0.9159476821481867
ldc-1.43.0,bv_compiler,bv_direct,double,brettel,1,8191,0.996992481190363,0.99381607819648,0.9981090763467736,3.8056250765,4.1548498355,0.9159476821481867
ldc-1.43.0,bv_compiler,bv_split,double,brettel,1,8191,1.0066165413023707,0.9981922265402832,1.0098743267402401,3.8056250765,4.1548498355,0.9159476821481867
ldc-1.43.0,bv_compiler,bv_portable,double,brettel,1,8191,1.0146365914614026,0.9991965451143902,1.0098527069963483,3.8056250765,4.1548498355,0.9159476821481867
ldc-1.43.0,bv_compiler,default,double,brettel,2,8191,2.29617928701355,2.2608867381891695,2.337249481599155,3.8643785865,4.213218013500001,0.9172035660432836
ldc-1.43.0,bv_compiler,bv_direct,double,brettel,2,8191,0.9905222627182675,0.9816332576292347,1.0,3.8643785865,4.213218013500001,0.9172035660432836
ldc-1.43.0,bv_compiler,bv_split,double,brettel,2,8191,0.9990127357052108,0.9913120741799762,0.9992100325569816,3.8643785865,4.213218013500001,0.9172035660432836
ldc-1.43.0,bv_compiler,bv_portable,double,brettel,2,8191,1.0004936321473947,0.99842053314097,1.0024686481785503,3.8643785865,4.213218013500001,0.9172035660432836
ldc-1.43.0,bv_compiler,default,double,lookup,0,8191,1.0002240846153085,0.9991479438738675,1.0003135919616326,8.5127731655,5.915234709,1.4391268621256665
ldc-1.43.0,bv_compiler,bv_direct,double,lookup,0,8191,1.0000448169465557,0.9982528447432534,1.0047087312945076,8.5127731655,5.915234709,1.4391268621256665
ldc-1.43.0,bv_compiler,bv_split,double,lookup,0,8191,1.001120423135278,0.9997760057333036,1.0042154356641892,8.5127731655,5.915234709,1.4391268621256665
ldc-1.43.0,bv_compiler,bv_portable,double,lookup,0,8191,1.0008515215146785,1.0006726759076112,1.0194427022670427,8.5127731655,5.915234709,1.4391268621256665
ldc-1.43.0,bv_compiler,default,double,lookup,1,8191,1.0003132550996474,0.9992841483923863,1.004928977871391,8.525363204,5.9232160295,1.4393132314506611
ldc-1.43.0,bv_compiler,bv_direct,double,lookup,1,8191,1.0003132550996474,1.0001343182880782,1.0038477026034776,8.525363204,5.9232160295,1.4393132314506611
ldc-1.43.0,bv_compiler,bv_split,double,lookup,1,8191,1.0005370087925232,1.0000894814436223,1.0016565927281686,8.525363204,5.9232160295,1.4393132314506611
ldc-1.43.0,bv_compiler,bv_portable,double,lookup,1,8191,0.9995077418522145,0.998926222559262,1.001613120014621,8.525363204,5.9232160295,1.4393132314506611
ldc-1.43.0,bv_compiler,default,double,lookup,2,8191,0.9985783463866302,0.9909034980091076,1.0001780468037353,8.5875503605,5.91912999,1.4508129361930096
ldc-1.43.0,bv_compiler,bv_direct,double,lookup,2,8191,0.9975121062348268,0.9866848303640405,1.0011573043409496,8.5875503605,5.91912999,1.4508129361930096
ldc-1.43.0,bv_compiler,bv_split,double,lookup,2,8191,0.9984450664113227,0.9891896642531027,0.9988872073308164,8.5875503605,5.91912999,1.4508129361930096
ldc-1.43.0,bv_compiler,bv_portable,double,lookup,2,8191,0.9967568527891137,0.9818509403804642,1.0012463278011525,8.5875503605,5.91912999,1.4508129361930096
ldc-1.43.0,bv_compiler,default,double,lookupApply,0,8191,0.9998357856009833,0.9996379435435214,1.0008863792568157,11.616408253,10.225418905,1.136032504968558
ldc-1.43.0,bv_compiler,bv_direct,double,lookupApply,0,8191,1.001576458196127,0.9990807918196745,1.0038509643946596,11.616408253,10.225418905,1.136032504968558
ldc-1.43.0,bv_compiler,bv_split,double,lookupApply,0,8191,1.0003941145490318,1.000098486598432,1.0030939372387786,11.616408253,10.225418905,1.136032504968558
ldc-1.43.0,bv_compiler,bv_portable,double,lookupApply,0,8191,1.0014779295911511,1.0004925946623644,1.0075702718607606,11.616408253,10.225418905,1.136032504968558
ldc-1.43.0,bv_compiler,default,double,lookupApply,1,8191,1.0024052718042988,0.9992131663635803,1.0028699610776537,11.579019656,10.24567742,1.1301370501278187
ldc-1.43.0,bv_compiler,bv_direct,double,lookupApply,1,8191,1.0041186161192228,1.0003606320654563,1.0043214356327423,11.579019656,10.24567742,1.1301370501278187
ldc-1.43.0,bv_compiler,bv_split,double,lookupApply,1,8191,1.0029654035937496,0.9982624090063599,1.0028369730018976,11.579019656,10.24567742,1.1301370501278187
ldc-1.43.0,bv_compiler,bv_portable,double,lookupApply,1,8191,1.0041186161192228,0.9973772211976127,1.0128323546816675,11.579019656,10.24567742,1.1301370501278187
ldc-1.43.0,bv_compiler,default,double,lookupApply,2,8191,0.9982342554540141,0.9964340628802508,1.001931007387816,11.667531437000001,10.247092846000001,1.1386186904273512
ldc-1.43.0,bv_compiler,bv_direct,double,lookupApply,2,8191,0.9995095153991311,0.9989531193812284,1.0028474176902802,11.667531437000001,10.247092846000001,1.1386186904273512
ldc-1.43.0,bv_compiler,bv_split,double,lookupApply,2,8191,1.0013733568738614,0.9996072527397704,1.004379371245151,11.667531437000001,10.247092846000001,1.1386186904273512
ldc-1.43.0,bv_compiler,bv_portable,double,lookupApply,2,8191,0.9998365051330437,0.9983969640565256,1.0010131381350655,11.667531437000001,10.247092846000001,1.1386186904273512
ldc-1.43.0,bv_compiler,default,double,prepared,0,8191,1.0,0.9990571970567598,1.0015728216487692,1.213984861,1.195824686,1.015186318874839
ldc-1.43.0,bv_compiler,bv_direct,double,prepared,0,8191,0.9996857324895423,0.9981155777167372,1.000314564494656,1.213984861,1.195824686,1.015186318874839
ldc-1.43.0,bv_compiler,bv_split,double,prepared,0,8191,1.0,0.9990577888583687,1.000943692659457,1.213984861,1.195824686,1.015186318874839
ldc-1.43.0,bv_compiler,bv_portable,double,prepared,0,8191,0.9993714649790845,0.9987437187522302,1.0006291285770568,1.213984861,1.195824686,1.015186318874839
ldc-1.43.0,bv_compiler,default,double,prepared,1,8191,1.0012586530816838,1.0,1.001889168112995,1.212458796,1.1944435965,1.0150825033118254
ldc-1.43.0,bv_compiler,bv_direct,double,prepared,1,8191,1.0,1.0,1.0009445840564977,1.212458796,1.1944435965,1.0150825033118254
ldc-1.43.0,bv_compiler,bv_split,double,prepared,1,8191,1.0006293269532271,0.9993708714229433,1.0028337529947822,1.212458796,1.1944435965,1.0150825033118254
ldc-1.43.0,bv_compiler,bv_portable,double,prepared,1,8191,1.0012586530816838,1.000314564494656,1.0025188913675198,1.212458796,1.1944435965,1.0150825033118254
ldc-1.43.0,bv_compiler,default,double,prepared,2,8191,0.9993722532779832,0.9978042660699604,1.0043914682711708,1.215510927,1.1949014165,1.0172478751932252
ldc-1.43.0,bv_compiler,bv_direct,double,prepared,2,8191,0.9996861266389915,0.9978042660699604,1.0021957339300396,1.215510927,1.1949014165,1.0172478751932252
ldc-1.43.0,bv_compiler,bv_split,double,prepared,2,8191,1.001255492209985,0.9974905900291499,1.0047169811515153,1.215510927,1.1949014165,1.0172478751932252
ldc-1.43.0,bv_compiler,bv_portable,double,prepared,2,8191,0.9996861266389915,0.9990589714664769,1.0021957343411312,1.215510927,1.1949014165,1.0172478751932252
ldc-1.43.0,bv_compiler,default,double,vienot,0,8191,0.9991582487134545,0.9895789906579306,1.005487547621499,0.906482725,1.1981519354999999,0.7565674253338467
ldc-1.43.0,bv_compiler,bv_direct,double,vienot,0,8191,1.2108585858599787,1.2063359730637584,1.2216124945243183,0.906482725,1.1981519354999999,0.7565674253338467
ldc-1.43.0,bv_compiler,bv_split,double,vienot,0,8191,1.200336700293985,1.1896623595368123,1.2030392564633379,0.906482725,1.1981519354999999,0.7565674253338467
ldc-1.43.0,bv_compiler,bv_portable,double,vienot,0,8191,1.0122053870359193,1.0046296293180874,1.0143520471148013,0.906482725,1.1981519354999999,0.7565674253338467
ldc-1.43.0,bv_compiler,default,double,vienot,1,8191,1.008532423248264,1.0085251492263054,1.0093936799811984,0.894274203,1.1982625745,0.7463090494778697
ldc-1.43.0,bv_compiler,bv_direct,double,vienot,1,8191,1.215017065632609,1.2131287295403652,1.2169086244138294,0.894274203,1.1982625745,0.7463090494778697
ldc-1.43.0,bv_compiler,bv_split,double,vienot,1,8191,1.2141638228604923,1.2131287295403652,1.2152006827008097,0.894274203,1.1982625745,0.7463090494778697
ldc-1.43.0,bv_compiler,bv_portable,double,vienot,1,8191,1.0008532427721164,1.00085397029692,1.0025619131291197,0.894274203,1.1982625745,0.7463090494778697
ldc-1.43.0,bv_compiler,default,float,brettel,0,8191,1.4866436203084399,1.4850722815211976,2.100031407216418,2.427969723,2.1222454525,1.1440569799029878
ldc-1.43.0,bv_compiler,bv_direct,float,brettel,0,8191,0.9978001257802341,0.997016331727841,0.998270984083354,2.427969723,2.1222454525,1.1440569799029878
ldc-1.43.0,bv_compiler,bv_split,float,brettel,0,8191,1.0,0.9993718593761153,1.0003142675103285,2.427969723,2.1222454525,1.1440569799029878
ldc-1.43.0,bv_compiler,bv_portable,float,brettel,0,8191,0.9996857320778048,0.9989007538052996,1.000471401471426,2.427969723,2.1222454525,1.1440569799029878
ldc-1.43.0,bv_compiler,default,float,brettel,1,8191,2.975345477322556,2.9395604397107875,3.2303106374003328,2.429495788,2.0957911119999997,1.1592261147064167
ldc-1.43.0,bv_compiler,bv_direct,float,brettel,1,8191,0.997173366986714,0.9962347037541862,0.9976437325233835,2.429495788,2.0957911119999997,1.1592261147064167
ldc-1.43.0,bv_compiler,bv_split,float,brettel,1,8191,0.9998429647411268,0.9987449011143219,1.0001569859542456,2.429495788,2.0957911119999997,1.1592261147064167
ldc-1.43.0,bv_compiler,bv_portable,float,brettel,1,8191,0.9996859294822534,0.9992155634277626,0.999685831222711,2.429495788,2.0957911119999997,1.1592261147064167
ldc-1.43.0,bv_compiler,default,float,brettel,2,8191,2.7403046002234888,2.6943005179214805,2.7707646416619234,2.4298773044999997,2.0875770664999997,1.1639701084539578
ldc-1.43.0,bv_compiler,bv_direct,float,brettel,2,8191,0.9973308209891963,0.9968607755802379,0.9973308209891963,2.4298773044999997,2.0875770664999997,1.1639701084539578
ldc-1.43.0,bv_compiler,bv_split,float,brettel,2,8191,1.0,0.9993719577950815,1.000628042205048,2.4298773044999997,2.0875770664999997,1.1639701084539578
ldc-1.43.0,bv_compiler,bv_portable,float,brettel,2,8191,0.9996859787946549,0.9992149476037907,0.9998429893973275,2.4298773044999997,2.0875770664999997,1.1639701084539578
ldc-1.43.0,bv_compiler,default,float,lookup,0,8191,0.9720187595432696,0.9425517702169325,0.9791106187218903,7.2400347945,4.5331499515,1.5971311057346123
ldc-1.43.0,bv_compiler,bv_direct,float,lookup,0,8191,0.9861411181923844,0.9627460048726426,1.0087135356702466,7.2400347945,4.5331499515,1.5971311057346123
ldc-1.43.0,bv_compiler,bv_split,float,lookup,0,8191,0.965326447782999,0.9144956579800677,1.0258158791535257,7.2400347945,4.5331499515,1.5971311057346123
ldc-1.43.0,bv_compiler,bv_portable,float,lookup,0,8191,0.9642725404170018,0.969150836116097,0.996623938400245,7.2400347945,4.5331499515,1.5971311057346123
ldc-1.43.0,bv_compiler,default,float,lookup,1,8191,0.9788260519777847,0.9390548558204427,0.9897740657442721,7.1171865465,4.5321503785,1.5703774041265521
ldc-1.43.0,bv_compiler,bv_direct,float,lookup,1,8191,1.0024122219345848,0.9739773082384204,1.0008030838453792,7.1171865465,4.5321503785,1.5703774041265521
ldc-1.43.0,bv_compiler,bv_split,float,lookup,1,8191,0.9807558294833012,0.9246903300018824,1.0166229221773042,7.1171865465,4.5321503785,1.5703774041265521
ldc-1.43.0,bv_compiler,bv_portable,float,lookup,1,8191,0.964084695710877,0.9657020922421409,0.985169718406198,7.1171865465,4.5321503785,1.5703774041265521
ldc-1.43.0,bv_compiler,default,float,lookup,2,8191,0.9657686212138167,0.9422802474158114,0.9826026068979181,7.222103528,4.5296705225,1.5943993039065458
ldc-1.43.0,bv_compiler,bv_direct,float,lookup,2,8191,0.9650818806429051,0.9428616734563237,0.9885002900678134,7.222103528,4.5296705225,1.5943993039065458
ldc-1.43.0,bv_compiler,bv_split,float,lookup,2,8191,1.002060221851198,0.9856727350882508,1.0044838317797684,7.222103528,4.5296705225,1.5943993039065458
ldc-1.43.0,bv_compiler,bv_portable,float,lookup,2,8191,0.9646064448523923,0.9437073841488696,0.9844912169958792,7.222103528,4.5296705225,1.5943993039065458
ldc-1.43.0,bv_compiler,default,float,lookupApply,0,8191,0.9953738189729884,0.9897656250179457,1.0,9.731336222500001,10.10883897,0.9626561716315479
ldc-1.43.0,bv_compiler,bv_direct,float,lookupApply,0,8191,1.002273885620028,0.9990234374958504,1.0026375875923956,9.731336222500001,10.10883897,0.9626561716315479
ldc-1.43.0,bv_compiler,bv_split,float,lookupApply,0,8191,0.9988238523221983,0.9985901151141037,0.99964843746779,9.731336222500001,10.10883897,0.9626561716315479
ldc-1.43.0,bv_compiler,bv_portable,float,lookupApply,0,8191,0.9985494178109513,0.9958593749619287,1.0011749040031455,9.731336222500001,10.10883897,0.9626561716315479
ldc-1.43.0,bv_compiler,default,float,lookupApply,1,8191,0.9983089507454138,0.9964635153021345,1.0005115089638827,9.701196435,10.101422293,0.9603792568619425
ldc-1.43.0,bv_compiler,bv_direct,float,lookupApply,1,8191,0.9995280792909745,0.9975604957186459,1.0001571771308702,9.701196435,10.101422293,0.9603792568619425
ldc-1.43.0,bv_compiler,bv_split,float,lookupApply,1,8191,1.0005112474562528,0.9998426125987311,1.005273721911342,9.701196435,10.101422293,0.9603792568619425
ldc-1.43.0,bv_compiler,bv_portable,float,lookupApply,1,8191,1.0021629699636114,0.9981900452205889,1.0072415286023768,9.701196435,10.101422293,0.9603792568619425
ldc-1.43.0,bv_compiler,default,float,lookupApply,2,8191,0.9979525140264985,0.9950841592251503,0.9983052183334113,9.68936943,10.0494788485,0.9641663588800179
ldc-1.43.0,bv_compiler,bv_direct,float,lookupApply,2,8191,0.9996062527053425,0.9970919951867685,1.0009045147223639,9.68936943,10.0494788485,0.9641663588800179
ldc-1.43.0,bv_compiler,bv_split,float,lookupApply,2,8191,1.0023231090178384,0.9970526977513511,1.005557307260458,9.68936943,10.0494788485,0.9641663588800179
ldc-1.43.0,bv_compiler,bv_portable,float,lookupApply,2,8191,1.002677481613992,0.9955986953704861,1.0064638183892523,9.68936943,10.0494788485,0.9641663588800179
ldc-1.43.0,bv_compiler,default,float,prepared,0,8191,1.0177638451540083,1.0164490859556767,1.0177684868658607,1.46044439,0.7671873094999999,1.9036347081286022
ldc-1.43.0,bv_compiler,bv_direct,float,prepared,0,8191,1.0172413795228452,1.015931052698647,1.0175071857898634,1.46044439,0.7671873094999999,1.9036347081286022
ldc-1.43.0,bv_compiler,bv_split,float,prepared,0,8191,1.0010449319470494,0.9997389032563107,1.0013065060648887,1.46044439,0.7671873094999999,1.9036347081286022
ldc-1.43.0,bv_compiler,bv_portable,float,prepared,0,8191,1.0005224663158863,0.9986945169659188,1.0010452049888914,1.46044439,0.7671873094999999,1.9036347081286022
ldc-1.43.0,bv_compiler,default,float,prepared,1,8191,1.0161711003364955,1.0135275750903132,1.0172233822604848,1.462733488,0.767297949,1.9063435395680954
ldc-1.43.0,bv_compiler,bv_direct,float,prepared,1,8191,1.0161711003364955,1.0135275750903132,1.0167014613164669,1.462733488,0.767297949,1.9063435395680954
ldc-1.43.0,bv_compiler,bv_split,float,prepared,1,8191,1.0,0.9973985431731851,1.000260960472009,1.462733488,0.767297949,1.9063435395680954
ldc-1.43.0,bv_compiler,bv_portable,float,prepared,1,8191,0.9992175273148596,0.9968782515350729,0.9992171192679814,1.462733488,0.767297949,1.9063435395680954
ldc-1.43.0,bv_compiler,default,float,prepared,2,8191,1.0169579964217252,1.0159019807468337,1.017754568989758,1.4623519715,0.7672597975,1.9059410857506842
ldc-1.43.0,bv_compiler,bv_direct,float,prepared,2,8191,1.0166971040323176,1.0156412923922489,1.017754568989758,1.4623519715,0.7672597975,1.9059410857506842
ldc-1.43.0,bv_compiler,bv_split,float,prepared,2,8191,1.0007826771682238,1.0005213763675218,1.0015665797777704,1.4623519715,0.7672597975,1.9059410857506842
ldc-1.43.0,bv_compiler,bv_portable,float,prepared,2,8191,0.999739107610592,1.0,1.0005220568380342,1.4623519715,0.7672597975,1.9059410857506842
ldc-1.43.0,bv_compiler,default,float,vienot,0,8191,6.09976874872221,6.056765677159206,6.129064367570014,1.154849835,0.767065224,1.5055432039766152
ldc-1.43.0,bv_compiler,bv_direct,float,vienot,0,8191,1.0003303598341857,0.999009900899311,1.0059780800487428,1.154849835,0.767065224,1.5055432039766152
ldc-1.43.0,bv_compiler,bv_split,float,vienot,0,8191,1.0009910803684705,0.9950495049290828,1.0056459647322888,1.154849835,0.767065224,1.5055432039766152
ldc-1.43.0,bv_compiler,bv_portable,float,vienot,0,8191,0.9953749588577462,0.9943894390061327,1.0003317851787479,1.154849835,0.767065224,1.5055432039766152
ldc-1.43.0,bv_compiler,default,float,vienot,1,8191,5.932717676276633,5.9291364549361845,5.939313982803709,1.156757417,0.7671415269999999,1.5078800668289203
ldc-1.43.0,bv_compiler,bv_direct,float,vienot,1,8191,1.0,1.0,1.0171390907323832,1.156757417,0.7671415269999999,1.5078800668289203
ldc-1.43.0,bv_compiler,bv_split,float,vienot,1,8191,1.0,0.9993403690447226,0.9996704023671205,1.156757417,0.7671415269999999,1.5078800668289203
ldc-1.43.0,bv_compiler,bv_portable,float,vienot,1,8191,1.0,1.0,1.0,1.156757417,0.7671415269999999,1.5078800668289203
ldc-1.43.0,bv_portable,default,double,brettel,0,65536,4.105743530151662,4.097604466027103,4.108119758069903,3.8712978365,4.2157611845,0.9182915414500991
ldc-1.43.0,bv_portable,bv_direct,double,brettel,0,65536,0.999950730993053,0.9973929510669497,1.002365668385136,3.8712978365,4.2157611845,0.9182915414500991
ldc-1.43.0,bv_portable,bv_split,double,brettel,0,65536,0.9987929101047351,0.9967042966707318,1.0009729423372138,3.8712978365,4.2157611845,0.9182915414500991
ldc-1.43.0,bv_portable,bv_portable,double,brettel,0,65536,1.0,1.0,1.0,3.8712978365,4.2157611845,0.9182915414500991
ldc-1.43.0,bv_portable,default,double,brettel,1,65536,4.225879109049477,4.2201573256623215,4.234771776838084,3.8741588595,4.229675293,0.9159471096780479
ldc-1.43.0,bv_portable,bv_direct,double,brettel,1,65536,0.998203010446273,0.9965216322714807,0.999741006008545,3.8741588595,4.229675293,0.9159471096780479
ldc-1.43.0,bv_portable,bv_split,double,brettel,1,65536,0.9984984060512297,0.996644542880728,1.0010113093479527,3.8741588595,4.229675293,0.9159471096780479
ldc-1.43.0,bv_portable,bv_portable,double,brettel,1,65536,1.0,1.0,1.0,3.8741588595,4.229675293,0.9159471096780479
ldc-1.43.0,bv_portable,default,double,brettel,2,65536,4.248899707682968,4.247526578007406,4.2549335831917645,3.878688812,4.246678829,0.9133463980164815
ldc-1.43.0,bv_portable,bv_direct,double,brettel,2,65536,0.9971601387649555,0.9970084576850055,0.9980436306785138,3.878688812,4.246678829,0.9133463980164815
ldc-1.43.0,bv_portable,bv_split,double,brettel,2,65536,0.9969757321175886,0.9967922326170586,0.9980805432682719,3.878688812,4.246678829,0.9133463980164815
ldc-1.43.0,bv_portable,bv_portable,double,brettel,2,65536,1.0,1.0,1.0,3.878688812,4.246678829,0.9133463980164815
ldc-1.43.0,bv_portable,default,double,lookup,0,65536,0.9985038547882188,0.995900543605304,1.0017435232774035,8.541440964,5.9185276035,1.443169912555431
ldc-1.43.0,bv_portable,bv_direct,double,lookup,0,65536,1.0006866635881135,0.9986855003932744,1.001491261861132,8.541440964,5.9185276035,1.443169912555431
ldc-1.43.0,bv_portable,bv_split,double,lookup,0,65536,1.0005415152454364,0.9980672400419462,1.002257639126881,8.541440964,5.9185276035,1.443169912555431
ldc-1.43.0,bv_portable,bv_portable,double,lookup,0,65536,1.0,1.0,1.0,8.541440964,5.9185276035,1.443169912555431
ldc-1.43.0,bv_portable,default,double,lookup,1,65536,0.9996875976357927,0.9992141212263214,0.9999832421131296,8.547592163000001,5.9116272925,1.4458949693672691
ldc-1.43.0,bv_portable,bv_direct,double,lookup,1,65536,0.9998995849961446,0.9993367406869587,1.0012177410873961,8.547592163000001,5.9116272925,1.4458949693672691
ldc-1.43.0,bv_portable,bv_split,double,lookup,1,65536,0.9993361449760597,0.9976535110779894,1.0007363770264153,8.547592163000001,5.9116272925,1.4458949693672691
ldc-1.43.0,bv_portable,bv_portable,double,lookup,1,65536,1.0,1.0,1.0,8.547592163000001,5.9116272925,1.4458949693672691
ldc-1.43.0,bv_portable,default,double,lookup,2,65536,1.0001505873106527,0.9979993089511453,1.001612480335997,8.549594879,5.9262065889999995,1.4426758079729174
ldc-1.43.0,bv_portable,bv_direct,double,lookup,2,65536,1.000624658428333,0.9998439572493094,1.0014283562479573,8.549594879,5.9262065889999995,1.4426758079729174
ldc-1.43.0,bv_portable,bv_split,double,lookup,2,65536,0.9998772992738432,0.9982946755446409,1.0031167960762768,8.549594879,5.9262065889999995,1.4426758079729174
ldc-1.43.0,bv_portable,bv_portable,double,lookup,2,65536,1.0,1.0,1.0,8.549594879,5.9262065889999995,1.4426758079729174
ldc-1.43.0,bv_portable,default,double,lookupApply,0,65536,0.9999959123628125,0.9998773312586746,1.0006009615191145,11.6652965545,10.320127487,1.1303442296807353
ldc-1.43.0,bv_portable,bv_direct,double,lookupApply,0,65536,1.0007643916259086,1.0005111199270265,1.0015902995424215,11.6652965545,10.320127487,1.1303442296807353
ldc-1.43.0,bv_portable,bv_split,double,lookupApply,0,65536,1.0006131483641743,1.0003555868191294,1.000875037338737,11.6652965545,10.320127487,1.1303442296807353
ldc-1.43.0,bv_portable,bv_portable,double,lookupApply,0,65536,1.0,1.0,1.0,11.6652965545,10.320127487,1.1303442296807353
ldc-1.43.0,bv_portable,default,double,lookupApply,1,65536,0.9995754096841436,0.9984659259835096,1.0008989351292248,11.6797447205,10.3188290595,1.131886636860902
ldc-1.43.0,bv_portable,bv_direct,double,lookupApply,1,65536,0.9999142654206952,0.999196243152158,1.0013688330746862,11.6797447205,10.3188290595,1.131886636860902
ldc-1.43.0,bv_portable,bv_split,double,lookupApply,1,65536,0.999563161899331,0.9980008078584182,1.0011435012434726,11.6797447205,10.3188290595,1.131886636860902
ldc-1.43.0,bv_portable,bv_portable,double,lookupApply,1,65536,1.0,1.0,1.0,11.6797447205,10.3188290595,1.131886636860902
ldc-1.43.0,bv_portable,default,double,lookupApply,2,65536,0.9987508827538393,0.9972142347222529,1.000106125471606,11.681222915500001,10.32191515,1.131691429908722
ldc-1.43.0,bv_portable,bv_direct,double,lookupApply,2,65536,1.0009470431803267,0.9993351687295426,1.0018456061077643,11.681222915500001,10.32191515,1.131691429908722
ldc-1.43.0,bv_portable,bv_split,double,lookupApply,2,65536,1.000118380413592,0.999037422200986,1.00016735173321,11.681222915500001,10.32191515,1.131691429908722
ldc-1.43.0,bv_portable,bv_portable,double,lookupApply,2,65536,1.0,1.0,1.0,11.681222915500001,10.32191515,1.131691429908722
ldc-1.43.0,bv_portable,default,double,prepared,0,65536,1.002996737688821,1.0012894907801648,1.0088764130168681,1.2570381165,1.2251124385,1.0260593860585474
ldc-1.43.0,bv_portable,bv_direct,double,prepared,0,65536,0.9957893937896354,0.994386923000993,0.9993917274565753,1.2570381165,1.2251124385,1.0260593860585474
ldc-1.43.0,bv_portable,bv_split,double,prepared,0,65536,1.0000379332172782,0.9969279781396702,1.010150547345869,1.2570381165,1.2251124385,1.0260593860585474
ldc-1.43.0,bv_portable,bv_portable,double,prepared,0,65536,1.0,1.0,1.0,1.2570381165,1.2251124385,1.0260593860585474
ldc-1.43.0,bv_portable,default,double,prepared,1,65536,1.000038025932002,0.9949646005299884,1.0016370352383734,1.2539863585,1.230668068,1.0189476684301197
ldc-1.43.0,bv_portable,bv_direct,double,prepared,1,65536,0.9976043810368135,0.9911407261593925,1.0161038567155016,1.2539863585,1.230668068,1.0189476684301197
ldc-1.43.0,bv_portable,bv_split,double,prepared,1,65536,1.001026694183133,0.9962139856026708,1.005970035837515,1.2539863585,1.230668068,1.0189476684301197
ldc-1.43.0,bv_portable,bv_portable,double,prepared,1,65536,1.0,1.0,1.0,1.2539863585,1.230668068,1.0189476684301197
ldc-1.43.0,bv_portable,default,double,prepared,2,65536,0.9947461919334826,0.9876910337100254,1.0048582380309237,1.2615680695,1.2340226175,1.0223216751535755
ldc-1.43.0,bv_portable,bv_direct,double,prepared,2,65536,0.9900971387893865,0.98042610834423,0.9988613508159592,1.2615680695,1.2340226175,1.0223216751535755
ldc-1.43.0,bv_portable,bv_split,double,prepared,2,65536,1.0016252789283202,0.9966498533600646,1.0135119749339305,1.2615680695,1.2340226175,1.0223216751535755
ldc-1.43.0,bv_portable,bv_portable,double,prepared,2,65536,1.0,1.0,1.0,1.2615680695,1.2340226175,1.0223216751535755
ldc-1.43.0,bv_portable,default,double,vienot,0,65536,1.0021783326339435,0.9102866472207721,1.0441315957089794,0.9850502015,1.236879349,0.7963995860197678
ldc-1.43.0,bv_portable,bv_direct,double,vienot,0,65536,1.1540807430614997,1.0841799704298811,1.1776746036553374,0.9850502015,1.236879349,0.7963995860197678
ldc-1.43.0,bv_portable,bv_split,double,vienot,0,65536,1.150934262815843,1.0751088530250588,1.1880085863188308,0.9850502015,1.236879349,0.7963995860197678
ldc-1.43.0,bv_portable,bv_portable,double,vienot,0,65536,1.0,1.0,1.0,0.9850502015,1.236879349,0.7963995860197678
ldc-1.43.0,bv_portable,default,double,vienot,1,65536,1.0137761378346068,0.9976326210799883,1.0396797421112365,0.9691715240000001,1.2310938834999998,0.7872442037033321
ldc-1.43.0,bv_portable,bv_direct,double,vienot,1,65536,1.170528905263213,1.1601604014477824,1.197089480601773,0.9691715240000001,1.2310938834999998,0.7872442037033321
ldc-1.43.0,bv_portable,bv_split,double,vienot,1,65536,1.1629028289527004,1.1499178661990488,1.18273830482211,0.9691715240000001,1.2310938834999998,0.7872442037033321
ldc-1.43.0,bv_portable,bv_portable,double,vienot,1,65536,1.0,1.0,1.0,0.9691715240000001,1.2310938834999998,0.7872442037033321
ldc-1.43.0,bv_portable,default,float,brettel,0,65536,5.325097479763937,5.318370259422802,5.3422054702270865,2.4703025815000004,2.21551466,1.1150016861093577
ldc-1.43.0,bv_portable,bv_direct,float,brettel,0,65536,0.9954638459742062,0.994735928699462,0.9974292066160678,2.4703025815000004,2.21551466,1.1150016861093577
ldc-1.43.0,bv_portable,bv_split,float,brettel,0,65536,1.000231633567598,0.9997686122882976,1.0035952451433836,2.4703025815000004,2.21551466,1.1150016861093577
ldc-1.43.0,bv_portable,bv_portable,float,brettel,0,65536,1.0,1.0,1.0,2.4703025815000004,2.21551466,1.1150016861093577
ldc-1.43.0,bv_portable,default,float,brettel,1,65536,5.7689580085120316,5.7252936456660874,5.7814074715760455,2.4743556975,2.180085659,1.1349809523700005
ldc-1.43.0,bv_portable,bv_direct,float,brettel,1,65536,0.9982655951590403,0.9907028350156586,1.0002896033499098,2.4743556975,2.180085659,1.1349809523700005
ldc-1.43.0,bv_portable,bv_split,float,brettel,1,65536,0.9996145768367243,0.9926923520154058,1.0027222705174073,2.4743556975,2.180085659,1.1349809523700005
ldc-1.43.0,bv_portable,bv_portable,float,brettel,1,65536,1.0,1.0,1.0,2.4743556975,2.180085659,1.1349809523700005
ldc-1.43.0,bv_portable,default,float,brettel,2,65536,5.5154915457195886,5.514179953146901,5.5169555239510375,2.4732112885,2.173544884,1.1378698947999273
ldc-1.43.0,bv_portable,bv_direct,float,brettel,2,65536,0.9991323962048946,0.9981878119863192,0.9999228796177315,2.4732112885,2.173544884,1.1378698947999273
ldc-1.43.0,bv_portable,bv_split,float,brettel,2,65536,1.000192800753505,0.9995758546569812,1.0012724852965995,2.4732112885,2.173544884,1.1378698947999273
ldc-1.43.0,bv_portable,bv_portable,float,brettel,2,65536,1.0,1.0,1.0,2.4732112885,2.173544884,1.1378698947999273
ldc-1.43.0,bv_portable,default,float,lookup,0,65536,1.0296559739079079,0.9857688135718317,1.030160988856155,6.851243973000001,4.5486650465,1.5062098226537333
ldc-1.43.0,bv_portable,bv_direct,float,lookup,0,65536,1.032620875403177,0.9769623236459816,1.0512960018406747,6.851243973000001,4.5486650465,1.5062098226537333
ldc-1.43.0,bv_portable,bv_split,float,lookup,0,65536,1.0461786875123442,1.0235553768884598,1.0321488885992376,6.851243973000001,4.5486650465,1.5062098226537333
ldc-1.43.0,bv_portable,bv_portable,float,lookup,0,65536,1.0,1.0,1.0,6.851243973000001,4.5486650465,1.5062098226537333
ldc-1.43.0,bv_portable,default,float,lookup,1,65536,1.0393672842561927,0.985652679318398,1.0339742623325412,6.8520545955,4.54928112,1.5061840354020595
ldc-1.43.0,bv_portable,bv_direct,float,lookup,1,65536,1.0251708445395733,0.9825537571747612,1.0476545931807444,6.8520545955,4.54928112,1.5061840354020595
ldc-1.43.0,bv_portable,bv_split,float,lookup,1,65536,1.047627663637462,1.0315759178807833,1.0389901217066364,6.8520545955,4.54928112,1.5061840354020595
ldc-1.43.0,bv_portable,bv_portable,float,lookup,1,65536,1.0,1.0,1.0,6.8520545955,4.54928112,1.5061840354020595
ldc-1.43.0,bv_portable,default,float,lookup,2,65536,0.9811848254129247,0.9851271532920415,1.726638772605701,7.009935379,4.556575775,1.538421772213368
ldc-1.43.0,bv_portable,bv_direct,float,lookup,2,65536,0.9804637811055633,0.961141940208689,1.0087529457091795,7.009935379,4.556575775,1.538421772213368
ldc-1.43.0,bv_portable,bv_split,float,lookup,2,65536,1.0360454122383145,0.9805925814918521,1.0482511284397864,7.009935379,4.556575775,1.538421772213368
ldc-1.43.0,bv_portable,bv_portable,float,lookup,2,65536,1.0,1.0,1.0,7.009935379,4.556575775,1.538421772213368
ldc-1.43.0,bv_portable,default,float,lookupApply,0,65536,1.000347734114217,0.9983671553879099,1.001410471757332,9.7360134125,10.0890617375,0.9650068228160646
ldc-1.43.0,bv_portable,bv_direct,float,lookupApply,0,65536,1.0010285093164666,0.9986947020674248,1.003624128840894,9.7360134125,10.0890617375,0.9650068228160646
ldc-1.43.0,bv_portable,bv_split,float,lookupApply,0,65536,1.001645614875533,1.0006807484782598,1.0022292729041387,9.7360134125,10.0890617375,0.9650068228160646
ldc-1.43.0,bv_portable,bv_portable,float,lookupApply,0,65536,1.0,1.0,1.0,9.7360134125,10.0890617375,0.9650068228160646
ldc-1.43.0,bv_portable,default,float,lookupApply,1,65536,1.0005240448330324,0.9998239299126133,1.000822896129366,9.73610878,10.094019413,0.9645423078403188
ldc-1.43.0,bv_portable,bv_direct,float,lookupApply,1,65536,1.0011019634478653,1.00075318885246,1.0013042028767036,9.73610878,10.094019413,0.9645423078403188
ldc-1.43.0,bv_portable,bv_split,float,lookupApply,1,65536,1.001268482386451,0.9990658502457609,1.0055300577846116,9.73610878,10.094019413,0.9645423078403188
ldc-1.43.0,bv_portable,bv_portable,float,lookupApply,1,65536,1.0,1.0,1.0,9.73610878,10.094019413,0.9645423078403188
ldc-1.43.0,bv_portable,default,float,lookupApply,2,65536,1.0011510692475023,1.0009254769802227,1.001475092503442,9.7350120545,10.089488505999999,0.9648667569927654
ldc-1.43.0,bv_portable,bv_direct,float,lookupApply,2,65536,1.0012294399260109,1.0001811779992067,1.0016907205919225,9.7350120545,10.089488505999999,0.9648667569927654
ldc-1.43.0,bv_portable,bv_split,float,lookupApply,2,65536,1.001346995969454,1.0006909901299366,1.0052345765845139,9.7350120545,10.089488505999999,0.9648667569927654
ldc-1.43.0,bv_portable,bv_portable,float,lookupApply,2,65536,1.0,1.0,1.0,9.7350120545,10.089488505999999,0.9648667569927654
ldc-1.43.0,bv_portable,default,float,prepared,0,65536,1.0003188059487373,0.9944950040283506,1.0017556177294344,1.4956951145000001,0.7908420565000001,1.8912690621430046
ldc-1.43.0,bv_portable,bv_direct,float,prepared,0,65536,1.0004144481010806,0.9945904662859483,1.0061957074676837,1.4956951145000001,0.7908420565000001,1.8912690621430046
ldc-1.43.0,bv_portable,bv_split,float,prepared,0,65536,0.9996174320592126,0.9966147163207768,0.9989817348067433,1.4956951145000001,0.7908420565000001,1.8912690621430046
ldc-1.43.0,bv_portable,bv_portable,float,prepared,0,65536,1.0,1.0,1.0,1.4956951145000001,0.7908420565000001,1.8912690621430046
ldc-1.43.0,bv_portable,default,float,prepared,1,65536,1.0010109946281167,1.0002527005890556,1.001738635731596,1.509284973,0.789618969,1.9114092141319874
ldc-1.43.0,bv_portable,bv_direct,float,prepared,1,65536,1.0002211550541953,0.999747235537132,1.0014541320101535,1.509284973,0.789618969,1.9114092141319874
ldc-1.43.0,bv_portable,bv_split,float,prepared,1,65536,0.9992733476317465,0.9991787223403248,0.9999051654261859,1.509284973,0.789618969,1.9114092141319874
ldc-1.43.0,bv_portable,bv_portable,float,prepared,1,65536,1.0,1.0,1.0,1.509284973,0.789618969,1.9114092141319874
ldc-1.43.0,bv_portable,default,float,prepared,2,65536,1.001326846816712,1.0006001831472777,1.002117171564841,1.5093803405,0.7897095679999999,1.9113106915022209
ldc-1.43.0,bv_portable,bv_direct,float,prepared,2,65536,1.0010741136322625,1.0003159959290373,1.0016110180959723,1.5093803405,0.7897095679999999,1.9113106915022209
ldc-1.43.0,bv_portable,bv_split,float,prepared,2,65536,0.9995261263971658,0.9990525816980425,0.999715702981208,1.5093803405,0.7897095679999999,1.9113106915022209
ldc-1.43.0,bv_portable,bv_portable,float,prepared,2,65536,1.0,1.0,1.0,1.5093803405,0.7897095679999999,1.9113106915022209
ldc-1.43.0,bv_portable,default,float,vienot,0,65536,5.950579621485578,5.942367095233707,5.963354617832533,1.1723041534999998,0.7896718975,1.484545869254515
ldc-1.43.0,bv_portable,bv_direct,float,vienot,0,65536,0.9997152735499543,0.9974376703963187,0.999430986849701,1.1723041534999998,0.7896718975,1.484545869254515
ldc-1.43.0,bv_portable,bv_split,float,vienot,0,65536,0.9993898716490388,0.9943433850135392,1.0013818892619464,1.1723041534999998,0.7896718975,1.484545869254515
ldc-1.43.0,bv_portable,bv_portable,float,vienot,0,65536,1.0,1.0,1.0,1.1723041534999998,0.7896718975,1.484545869254515
ldc-1.43.0,bv_portable,default,float,vienot,1,65536,5.817950784961519,5.790002007830418,5.858970712704572,1.1820793155,0.787918568,1.500255690763211
ldc-1.43.0,bv_portable,bv_direct,float,vienot,1,65536,0.9993949170832944,0.9970136002016791,1.0061740929193628,1.1820793155,0.787918568,1.500255690763211
ldc-1.43.0,bv_portable,bv_split,float,vienot,1,65536,0.9993142393328681,0.9883959043290879,1.0069052356308164,1.1820793155,0.787918568,1.500255690763211
ldc-1.43.0,bv_portable,bv_portable,float,vienot,1,65536,1.0,1.0,1.0,1.1820793155,0.787918568,1.500255690763211
ldc-1.43.0,bv_compiler,default,double,brettel,0,65536,4.10857748601753,4.108228683005944,4.110849289472795,3.868627548,4.214932442,0.9178385659164499
ldc-1.43.0,bv_compiler,bv_direct,double,brettel,0,65536,1.0006409388004491,1.0004927262253553,1.0025880237880016,3.868627548,4.214932442,0.9178385659164499
ldc-1.43.0,bv_compiler,bv_split,double,brettel,0,65536,0.99948231873574,0.9999259771785545,1.0011702245591798,3.868627548,4.214932442,0.9178385659164499
ldc-1.43.0,bv_compiler,bv_portable,double,brettel,0,65536,1.0006902418149248,1.0001970904643092,1.003232333319505,3.868627548,4.214932442,0.9178385659164499
ldc-1.43.0,bv_compiler,default,double,brettel,1,65536,4.230044229720364,4.228097402012177,4.235044527172479,3.8703441620000003,4.238319874,0.9131788720673611
ldc-1.43.0,bv_compiler,bv_direct,double,brettel,1,65536,0.9991868615894939,0.9984849416823411,1.0000370031934709,3.8703441620000003,4.238319874,0.9131788720673611
ldc-1.43.0,bv_compiler,bv_split,double,brettel,1,65536,0.9994825483429449,0.9993225682947187,1.0001603473872664,3.8703441620000003,4.238319874,0.9131788720673611
ldc-1.43.0,bv_compiler,bv_portable,double,brettel,1,65536,1.000985622296191,0.9987436102764068,1.00352764135584,3.8703441620000003,4.238319874,0.9131788720673611
ldc-1.43.0,bv_compiler,default,double,brettel,2,65536,4.258165465465659,4.243857516571456,4.262458840755589,3.8702487945,4.249999046,0.9106469795899338
ldc-1.43.0,bv_compiler,bv_direct,double,brettel,2,65536,0.9993346886371597,0.9944131334848926,1.0003329757374981,3.8702487945,4.249999046,0.9106469795899338
ldc-1.43.0,bv_compiler,bv_split,double,brettel,2,65536,0.9991498798463097,0.9947446618750868,1.0003699729985596,3.8702487945,4.249999046,0.9106469795899338
ldc-1.43.0,bv_compiler,bv_portable,double,brettel,2,65536,1.002180742879371,0.9973968884816293,1.0024641162639345,3.8702487945,4.249999046,0.9106469795899338
ldc-1.43.0,bv_compiler,default,double,lookup,0,65536,0.999050433192227,0.9982636465211007,1.0017155342162618,8.5367679595,5.912065505999999,1.4439569302532693
ldc-1.43.0,bv_compiler,bv_direct,double,lookup,0,65536,1.0012344368559618,1.000458220850503,1.0013905875371099,8.5367679595,5.912065505999999,1.4439569302532693
ldc-1.43.0,bv_compiler,bv_split,double,lookup,0,65536,1.0010892090594605,1.0004354841605467,1.0022296357011642,8.5367679595,5.912065505999999,1.4439569302532693
ldc-1.43.0,bv_compiler,bv_portable,double,lookup,0,65536,1.000547397389992,0.9998994755842052,1.002372830229856,8.5367679595,5.912065505999999,1.4439569302532693
ldc-1.43.0,bv_compiler,default,double,lookup,1,65536,1.0007483274417288,1.000022312421245,1.0008822921610512,8.538532257,5.9182491299999995,1.442746337547301
ldc-1.43.0,bv_compiler,bv_direct,double,lookup,1,65536,1.0009605397336616,1.0001450310597926,1.0018333240423694,8.538532257,5.9182491299999995,1.442746337547301
ldc-1.43.0,bv_compiler,bv_split,double,lookup,1,65536,1.0003965018691854,0.9984604400095464,1.0017254954296326,8.538532257,5.9182491299999995,1.442746337547301
ldc-1.43.0,bv_compiler,bv_portable,double,lookup,1,65536,1.0010610612839899,1.00061483424605,1.0009883905751047,8.538532257,5.9182491299999995,1.442746337547301
ldc-1.43.0,bv_compiler,default,double,lookup,2,65536,1.0013065983212912,1.000278947774807,1.0019367189765336,8.53972435,5.9278378485,1.4406136888783017
ldc-1.43.0,bv_compiler,bv_direct,double,lookup,2,65536,1.0017812173878893,0.9999553683185911,1.0021337445075102,8.53972435,5.9278378485,1.4406136888783017
ldc-1.43.0,bv_compiler,bv_split,double,lookup,2,65536,1.001032994408069,1.0004185991777967,1.0019135819071647,8.53972435,5.9278378485,1.4406136888783017
ldc-1.43.0,bv_compiler,bv_portable,double,lookup,2,65536,1.0011558369562596,0.9988005243518816,1.0022901446186667,8.53972435,5.9278378485,1.4406136888783017
ldc-1.43.0,bv_compiler,default,double,lookupApply,0,65536,0.9982820463524367,0.9974854506337562,0.9988897642147351,11.685323715500001,10.336570739999999,1.130483601324437
ldc-1.43.0,bv_compiler,bv_direct,double,lookupApply,0,65536,0.9990492085396603,0.9984290266552365,0.9993428383451614,11.685323715500001,10.336570739999999,1.130483601324437
ldc-1.43.0,bv_compiler,bv_split,double,lookupApply,0,65536,0.9988982244896712,0.9977585054274503,0.999020380199543,11.685323715500001,10.336570739999999,1.130483601324437
ldc-1.43.0,bv_compiler,bv_portable,double,lookupApply,0,65536,0.9982861269839332,0.9968863602922904,0.9986652679935222,11.685323715500001,10.336570739999999,1.130483601324437
ldc-1.43.0,bv_compiler,default,double,lookupApply,1,65536,1.0002165165401908,0.9991638079557242,1.0007892691971754,11.672258377,10.336464882000001,1.1292311743182295
ldc-1.43.0,bv_compiler,bv_direct,double,lookupApply,1,65536,1.0005555896117566,0.9996328913007646,1.001521285750243,11.672258377,10.336464882000001,1.1292311743182295
ldc-1.43.0,bv_compiler,bv_split,double,lookupApply,1,65536,1.000204260899904,0.9990618333099192,1.001884085810294,11.672258377,10.336464882000001,1.1292311743182295
ldc-1.43.0,bv_compiler,bv_portable,double,lookupApply,1,65536,1.0006413791794355,0.9982664311923996,1.0023269128702388,11.672258377,10.336464882000001,1.1292311743182295
ldc-1.43.0,bv_compiler,default,double,lookupApply,2,65536,0.9977326759294649,0.9970840962781188,0.9991681040933948,11.693143845,10.342875004,1.1305506293441425
ldc-1.43.0,bv_compiler,bv_direct,double,lookupApply,2,65536,0.9999265974137173,0.9992047534992956,1.0004566843368778,11.693143845,10.342875004,1.1305506293441425
ldc-1.43.0,bv_compiler,bv_split,double,lookupApply,2,65536,0.9990987794523278,0.9987237304628154,0.9992292729295507,11.693143845,10.342875004,1.1305506293441425
ldc-1.43.0,bv_compiler,bv_portable,double,lookupApply,2,65536,0.9989805197252323,0.9986136369093014,0.9998694980079478,11.693143845,10.342875004,1.1305506293441425
ldc-1.43.0,bv_compiler,default,double,prepared,0,65536,1.0058201460578218,1.004527813966745,1.0107935544382372,1.2535095214999998,1.234800339,1.0151515851665147
ldc-1.43.0,bv_compiler,bv_direct,double,prepared,0,65536,0.9985925136827931,0.9972636059900344,1.001066260437836,1.2535095214999998,1.234800339,1.0151515851665147
ldc-1.43.0,bv_compiler,bv_split,double,prepared,0,65536,1.002853012632661,1.0001521955280348,1.0118431072911807,1.2535095214999998,1.234800339,1.0151515851665147
ldc-1.43.0,bv_compiler,bv_portable,double,prepared,0,65536,1.0028149726344142,1.001675552173643,1.0032341527763935,1.2535095214999998,1.234800339,1.0151515851665147
ldc-1.43.0,bv_compiler,default,double,prepared,1,65536,1.0009896094148427,0.9982167926173386,1.0061211216696295,1.2527942655,1.2272057529999998,1.02085103694914
ldc-1.43.0,bv_compiler,bv_direct,double,prepared,1,65536,0.9985536487914265,0.9982078854193042,1.012634214923244,1.2527942655,1.2272057529999998,1.02085103694914
ldc-1.43.0,bv_compiler,bv_split,double,prepared,1,65536,1.001979218430578,0.9981788518061849,1.0120892151872014,1.2527942655,1.2272057529999998,1.02085103694914
ldc-1.43.0,bv_compiler,bv_portable,double,prepared,1,65536,1.0009515472993677,0.9965853472857852,1.0071303287952826,1.2527942655,1.2272057529999998,1.02085103694914
ldc-1.43.0,bv_compiler,default,double,prepared,2,65536,1.0012173781468243,1.000724638000801,1.0054688389499813,1.2534141540000001,1.232946873,1.016600294342123
ldc-1.43.0,bv_compiler,bv_direct,double,prepared,2,65536,0.9965380812190827,0.9933638444341332,1.0011812222224552,1.2534141540000001,1.232946873,1.016600294342123
ldc-1.43.0,bv_compiler,bv_split,double,prepared,2,65536,1.008141216107569,1.0075064776577503,1.0141278342859752,1.2534141540000001,1.232946873,1.016600294342123
ldc-1.43.0,bv_compiler,bv_portable,double,prepared,2,65536,1.0065053641479782,1.000607648816468,1.013196033826305,1.2534141540000001,1.232946873,1.016600294342123
ldc-1.43.0,bv_compiler,default,double,vienot,0,65536,1.020857987860193,0.9906708127565625,1.0432462095116495,0.967025757,1.2359809875,0.7823953335689964
ldc-1.43.0,bv_compiler,bv_direct,double,vienot,0,65536,1.1755917153921267,1.163784333510691,1.179920034814773,0.967025757,1.2359809875,0.7823953335689964
ldc-1.43.0,bv_compiler,bv_split,double,vienot,0,65536,1.1723865877338777,1.1511408227251645,1.1870011975864536,0.967025757,1.2359809875,0.7823953335689964
ldc-1.43.0,bv_compiler,bv_portable,double,vienot,0,65536,1.0186390531684668,0.9991520358152473,1.088306431585275,0.967025757,1.2359809875,0.7823953335689964
ldc-1.43.0,bv_compiler,default,double,vienot,1,65536,1.0243090077158663,1.0025735651789758,1.0304920652198049,0.9592056275,1.230248451,0.7796844830166748
ldc-1.43.0,bv_compiler,bv_direct,double,vienot,1,65536,1.182690395548164,1.1543653490526127,1.198373091268742,0.9592056275,1.230248451,0.7796844830166748
ldc-1.43.0,bv_compiler,bv_split,double,vienot,1,65536,1.1749850862921465,1.1405263668322712,1.191371402701445,0.9592056275,1.230248451,0.7796844830166748
ldc-1.43.0,bv_compiler,bv_portable,double,vienot,1,65536,1.01038973939923,0.964309993328416,1.0329374194924026,0.9592056275,1.230248451,0.7796844830166748
ldc-1.43.0,bv_compiler,default,float,brettel,0,65536,5.323145200039565,5.319841178356346,5.335035494460876,2.4712085725,2.215380669,1.1154780788149958
ldc-1.43.0,bv_compiler,bv_direct,float,brettel,0,65536,0.9950988904235845,0.9927720596460847,0.9978529565188814,2.4712085725,2.215380669,1.1154780788149958
ldc-1.43.0,bv_compiler,bv_split,float,brettel,0,65536,0.9998649300574162,0.9976292355914026,1.0029014101370284,2.4712085725,2.215380669,1.1154780788149958
ldc-1.43.0,bv_compiler,bv_portable,float,brettel,0,65536,0.9996333814109898,0.996511314161315,1.0031335229074259,2.4712085725,2.215380669,1.1154780788149958
ldc-1.43.0,bv_compiler,default,float,brettel,1,65536,5.773965204529786,5.768551713918632,5.780737824096758,2.4722099305,2.1807813644999996,1.1336349304630169
ldc-1.43.0,bv_compiler,bv_direct,float,brettel,1,65536,0.9991320447857087,0.9981881962053921,1.0001737420454206,2.4722099305,2.1807813644999996,1.1336349304630169
ldc-1.43.0,bv_compiler,bv_split,float,brettel,1,65536,1.000482197318801,0.9997492575398422,1.0026061274425284,2.4722099305,2.1807813644999996,1.1336349304630169
ldc-1.43.0,bv_compiler,bv_portable,float,brettel,1,65536,1.000867955012043,0.9998841722396182,1.0075556069137677,2.4722099305,2.1807813644999996,1.1336349304630169
ldc-1.43.0,bv_compiler,default,float,brettel,2,65536,5.513578106318388,5.510263026034243,5.516200578170408,2.474069595,2.1781826019999997,1.1358412250324275
ldc-1.43.0,bv_compiler,bv_direct,float,brettel,2,65536,0.9987857762748181,0.9969769322133564,0.9999421406481579,2.474069595,2.1781826019999997,1.1358412250324275
ldc-1.43.0,bv_compiler,bv_split,float,brettel,2,65536,0.999845812946907,0.9987099010121057,1.0004238021767566,2.474069595,2.1781826019999997,1.1358412250324275
ldc-1.43.0,bv_compiler,bv_portable,float,brettel,2,65536,0.9996530790800167,0.9987869219014472,1.000366441617915,2.474069595,2.1781826019999997,1.1358412250324275
ldc-1.43.0,bv_compiler,default,float,lookup,0,65536,1.030495110142096,1.0035924209068896,1.0193535312133204,6.845664978,4.548359394,1.5050844458400774
ldc-1.43.0,bv_compiler,bv_direct,float,lookup,0,65536,1.0334624279359526,0.9688316952491717,1.0355565021469013,6.845664978,4.548359394,1.5050844458400774
ldc-1.43.0,bv_compiler,bv_split,float,lookup,0,65536,1.047031289222404,1.0147104292091862,1.0508110903735572,6.845664978,4.548359394,1.5050844458400774
ldc-1.43.0,bv_compiler,bv_portable,float,lookup,0,65536,1.0008149675769893,0.9850284794518237,1.0180809202823895,6.845664978,4.548359394,1.5050844458400774
ldc-1.43.0,bv_compiler,default,float,lookup,1,65536,1.0400331462842742,1.001159695710182,1.0188314888353935,6.847667694,4.549470901499999,1.5051569385227337
ldc-1.43.0,bv_compiler,bv_direct,float,lookup,1,65536,1.0258276117363239,0.9681640479376046,1.0328404402324172,6.847667694,4.549470901499999,1.5051569385227337
ldc-1.43.0,bv_compiler,bv_split,float,lookup,1,65536,1.048298817609066,1.0164682686494169,1.050453748454314,6.847667694,4.549470901499999,1.5051569385227337
ldc-1.43.0,bv_compiler,bv_portable,float,lookup,1,65536,1.0006406417040132,0.9853547868174328,1.015732739044049,6.847667694,4.549470901499999,1.5051569385227337
ldc-1.43.0,bv_compiler,default,float,lookup,2,65536,1.005612180838026,0.9602720306254098,1.754128568432474,6.83965683,4.5491652485,1.5034971157082602
ldc-1.43.0,bv_compiler,bv_direct,float,lookup,2,65536,1.0048731855747213,0.981864626702286,1.0248132896312334,6.83965683,4.5491652485,1.5034971157082602
ldc-1.43.0,bv_compiler,bv_split,float,lookup,2,65536,1.0618385644210748,0.9558518677499543,1.0663669868214056,6.83965683,4.5491652485,1.5034971157082602
ldc-1.43.0,bv_compiler,bv_portable,float,lookup,2,65536,1.0248957737547777,0.9747696299065839,1.044016640687986,6.83965683,4.5491652485,1.5034971157082602
ldc-1.43.0,bv_compiler,default,float,lookupApply,0,65536,1.0003036418055273,0.9997258570726465,1.0013320078854386,9.736442565499999,10.093076706,0.9646654681334192
ldc-1.43.0,bv_compiler,bv_direct,float,lookupApply,0,65536,1.000984387001261,1.0000538495182536,1.0035454915215376,9.736442565499999,10.093076706,0.9646654681334192
ldc-1.43.0,bv_compiler,bv_split,float,lookupApply,0,65536,1.001601465360177,1.0006023417826349,1.0035932306367605,9.736442565499999,10.093076706,0.9646654681334192
ldc-1.43.0,bv_compiler,bv_portable,float,lookupApply,0,65536,0.9999559230183805,0.9997991092567111,1.001360923861932,9.736442565499999,10.093076706,0.9646654681334192
ldc-1.43.0,bv_compiler,default,float,lookupApply,1,65536,1.000230120284315,0.99930474288996,1.0009449898757392,9.738969803,10.0920095445,0.9650178946082744
ldc-1.43.0,bv_compiler,bv_direct,float,lookupApply,1,65536,1.0008078691236497,0.9999069726553911,1.001875290754033,9.738969803,10.0920095445,0.9650178946082744
ldc-1.43.0,bv_compiler,bv_split,float,lookupApply,1,65536,1.000974339143867,0.9997062294002474,1.0049295326663485,9.738969803,10.0920095445,0.9650178946082744
ldc-1.43.0,bv_compiler,bv_portable,float,lookupApply,1,65536,0.9997062294002474,0.9986045896768452,1.0011212573830115,9.738969803,10.0920095445,0.9650178946082744
ldc-1.43.0,bv_compiler,default,float,lookupApply,2,65536,1.0009010376407277,1.0004698695887382,1.0011951059267117,9.737443924,10.0876588825,0.9652828309740381
ldc-1.43.0,bv_compiler,bv_direct,float,lookupApply,2,65536,1.0009793887466192,0.9997259094022927,1.0017632710436202,9.737443924,10.0876588825,0.9652828309740381
ldc-1.43.0,bv_compiler,bv_split,float,lookupApply,2,65536,1.00109691543113,0.9999118571576057,1.0047770077506688,9.737443924,10.0876588825,0.9652828309740381
ldc-1.43.0,bv_compiler,bv_portable,float,lookupApply,2,65536,0.9997502558660177,0.9992214050291093,1.0002008169464416,9.737443924,10.0876588825,0.9652828309740381
ldc-1.43.0,bv_compiler,default,float,prepared,0,65536,1.006737895634408,0.9971921763771009,1.0125024229349833,1.4861583710000001,0.791238308,1.8782689816378306
ldc-1.43.0,bv_compiler,bv_direct,float,prepared,0,65536,1.006834151526641,0.9972878975381224,1.0178329132653439,1.4861583710000001,0.791238308,1.8782689816378306
ldc-1.43.0,bv_compiler,bv_split,float,prepared,0,65536,1.0060320209978482,1.0016910756290835,1.0081411126954842,1.4861583710000001,0.791238308,1.8782689816378306
ldc-1.43.0,bv_compiler,bv_portable,float,prepared,0,65536,1.0064170438939042,1.0027121024618777,1.0115655490391107,1.4861583710000001,0.791238308,1.8782689816378306
ldc-1.43.0,bv_compiler,default,float,prepared,1,65536,1.0015172585805268,1.0006319512563697,1.0016753063217105,1.508522034,0.790072918,1.9093453270347385
ldc-1.43.0,bv_compiler,bv_direct,float,prepared,1,65536,1.0007270195431563,0.9998104144242944,1.0013908205864495,1.508522034,0.790072918,1.9093453270347385
ldc-1.43.0,bv_compiler,bv_split,float,prepared,1,65536,0.9997787327646022,0.9992732557901154,1.0000632308235125,1.508522034,0.790072918,1.9093453270347385
ldc-1.43.0,bv_compiler,bv_portable,float,prepared,1,65536,1.0005057526392087,0.9999367805057862,1.0008852355073334,1.508522034,0.790072918,1.9093453270347385
ldc-1.43.0,bv_compiler,default,float,prepared,2,65536,1.0006629837351673,0.9982666791865712,1.0017373176676239,1.5103816985,0.795338154,1.8990434331659136
ldc-1.43.0,bv_compiler,bv_direct,float,prepared,2,65536,1.0004104181086249,0.9992751567627647,1.000221029358221,1.5103816985,0.795338154,1.8990434331659136
ldc-1.43.0,bv_compiler,bv_split,float,prepared,2,65536,0.9988634571633748,0.9973842617204745,0.9988948532088957,1.5103816985,0.795338154,1.8990434331659136
ldc-1.43.0,bv_compiler,bv_portable,float,prepared,2,65536,0.9993370165958747,0.9976678957289747,0.9998421219342843,1.5103816985,0.795338154,1.8990434331659136
ldc-1.43.0,bv_compiler,default,float,vienot,0,65536,5.954697165952466,5.940435558957564,5.9930921703284,1.1714935305,0.7887306215000001,1.4852897790021964
ldc-1.43.0,bv_compiler,bv_direct,float,vienot,0,65536,1.0004070334044408,0.9991061268779651,1.003844738209005,1.1714935305,0.7887306215000001,1.4852897790021964
ldc-1.43.0,bv_compiler,bv_split,float,vienot,0,65536,1.0000814063394436,0.9993864777491803,1.0030656033342833,1.1714935305,0.7887306215000001,1.4852897790021964
ldc-1.43.0,bv_compiler,bv_portable,float,vienot,0,65536,1.0006919568729107,0.9996749550734264,1.005071781852878,1.1714935305,0.7887306215000001,1.4852897790021964
ldc-1.43.0,bv_compiler,default,float,vienot,1,65536,5.80834440826895,5.8074816769915385,5.821793371680037,1.1840343475,0.7886490820000001,1.501344989202688
ldc-1.43.0,bv_compiler,bv_direct,float,vienot,1,65536,0.9977447546132102,0.9948055084439252,1.0025435018765658,1.1840343475,0.7886490820000001,1.501344989202688
ldc-1.43.0,bv_compiler,bv_split,float,vienot,1,65536,0.9976642100747842,0.9938229238326224,0.9987510074129496,1.1840343475,0.7886490820000001,1.501344989202688
ldc-1.43.0,bv_compiler,bv_portable,float,vienot,1,65536,0.9983488384402633,0.9919016925036067,1.0054907345121167,1.1840343475,0.7886490820000001,1.501344989202688
