variant,block,scalar,mode,deficiency,n,D_min_ns,D_median_ns,D_max_ns,CPP_min_ns,CPP_median_ns,CPP_max_ns,D_over_CPP
default,0,double,brettel,0,1024,2.105712891,2.111816406,3.057861328,2.6015625,2.615661621,2.627807617,0.8073737019517938
default,0,double,brettel,1,1024,2.087402344,2.093505859,2.142333984,2.625366211,2.6324157715,2.643737793,0.7952793330238563
default,0,double,brettel,2,1024,2.032470703,2.05078125,2.270507812,2.630859375,2.63671875,3.159667969,0.7777777777777778
default,0,double,lookup,0,1024,4.516601562,4.534912109,5.059814453,3.270874023,3.2760620119999997,3.85345459,1.384257102701022
default,0,double,lookup,1,1024,4.516601562,4.534912109,5.450439453,3.272094727,3.2825317385000004,3.869934082,1.3815287924899984
default,0,double,lookup,2,1024,4.522705078,4.531860351500001,5.328369141,3.277038574,3.282470703,4.071044922,1.3806247676051233
default,0,double,lookupApply,0,1024,6.091308594,6.109619141,6.707763672,6.239196777,6.2462768555,6.808349609,0.9781217327279258
default,0,double,lookupApply,1,1024,6.085205078,6.115722656,6.781005859,6.24230957,6.24899292,6.987426758,0.9786733213325516
default,0,double,lookupApply,2,1024,6.085205078,6.106567383,17.510986328,6.241638184,6.247802734,6.850524902,0.9773943965561829
default,0,double,prepared,0,1024,0.921630859,0.927734375,0.933837891,0.727966309,0.728637695,1.321594238,1.2732451002277614
default,0,double,prepared,1,1024,0.921630859,0.927734375,0.927734375,0.727416992,0.728637695,0.73046875,1.2732451002277614
default,0,double,prepared,2,1024,0.921630859,0.927734375,0.927734375,0.727416992,0.728637695,0.729858398,1.2732451002277614
default,0,double,vienot,0,1024,0.518798828,0.518798828,0.518798828,0.726135254,0.728942871,0.733520508,0.7117139746332741
default,0,double,vienot,1,1024,0.518798828,0.518798828,1.07421875,0.727416992,0.73046875,1.343566895,0.7102272725561497
default,0,float,brettel,0,1024,1.977539062,1.983642578,2.661132812,1.371643066,1.374755859,1.380859375,1.4429053457120056
default,0,float,brettel,1,1024,2.001953125,2.014160156,2.746582031,1.372314453,1.374145508,1.914489746,1.4657546411744338
default,0,float,brettel,2,1024,1.965332031,1.971435547,2.63671875,1.416320801,1.419372559,1.420593262,1.388948612891987
default,0,float,lookup,0,1024,3.039550781,3.0700683595,3.094482422,2.151672363,2.162658691,2.808166504,1.4195806172634757
default,0,float,lookup,1,1024,3.039550781,3.088378906,3.619384766,2.155334473,2.158691406,2.169433594,1.4306717937617064
default,0,float,lookup,2,1024,3.039550781,3.088378906,4.19921875,2.160888672,2.1694335935,2.907165527,1.4235876660402604
default,0,float,lookupApply,0,1024,5.334472656,5.361938476500001,6.109619141,6.387817383,6.4357604980000005,7.093139648,0.8331476098537687
default,0,float,lookupApply,1,1024,5.340576172,5.361938476500001,5.877685547,6.389587402,6.4293212895,7.167114258,0.8339820387039628
default,0,float,lookupApply,2,1024,5.328369141,5.355834961,6.060791016,6.395080566,6.418334961,7.531433105,0.8344586241671533
default,0,float,prepared,0,1024,1.550292969,1.550292969,1.7578125,0.421142578,0.4217834475,0.422363281,3.6755661659766767
default,0,float,prepared,1,1024,1.550292969,1.5533447265,1.623535156,0.420593262,0.4214782715,0.422973633,3.6854681048486744
default,0,float,prepared,2,1024,1.550292969,1.5533447265,1.5625,0.420593262,0.4214782715,1.383300781,3.6854681048486744
default,0,float,vienot,0,1024,3.771972656,3.784179688,4.541015625,0.421142578,0.421142578,0.422424316,8.985507250231061
default,0,float,vienot,1,1024,3.778076172,3.7841796875,16.009521484,0.420532227,0.4214782715,0.422363281,8.978350589776488
bv_direct,0,double,brettel,0,1024,2.325439453,2.438354492,2.911376953,2.611938477,2.7445983885,2.855895996,0.8884194140085571
bv_direct,0,double,brettel,1,1024,2.325439453,2.392578125,3.192138672,2.627868652,2.6950683595,2.762329102,0.8877615725650391
bv_direct,0,double,brettel,2,1024,2.325439453,2.438354492,2.996826172,2.631530762,2.7635498045,3.381530762,0.8823269578965173
bv_direct,0,double,lookup,0,1024,4.516601562,4.754638672,5.554199219,3.272094727,3.360748291,4.067993164,1.4147559591811154
bv_direct,0,double,lookup,1,1024,4.534912109,4.647827148499999,5.487060547,3.26965332,3.3631896975,3.446350098,1.381969964987382
bv_direct,0,double,lookup,2,1024,4.516601562,4.742431641,5.877685547,3.273986816,3.4038391115,3.45123291,1.3932596358557354
bv_direct,0,double,lookupApply,0,1024,6.079101562,6.405639648499999,9.619140625,6.23614502,6.5659179685,7.29486084,0.9755893508312263
bv_direct,0,double,lookupApply,1,1024,6.091308594,6.411743164,7.037353516,6.231872559,6.561065674,7.379211426,0.9772411194431827
bv_direct,0,double,lookupApply,2,1024,6.085205078,6.393432617,17.687988281,6.247741699,6.572692871,7.337097168,0.9727265129349142
bv_direct,0,double,prepared,0,1024,0.921630859,0.946044922,0.970458984,0.764099121,0.8038024905000001,0.929748535,1.1769619193534957
bv_direct,0,double,prepared,1,1024,0.921630859,0.946044922,0.970458984,0.726806641,0.7463684079999999,1.661376953,1.2675307687996356
bv_direct,0,double,prepared,2,1024,0.921630859,0.946044922,0.970458984,0.728027344,0.7469787594999999,0.766540527,1.266495077628777
bv_direct,0,double,vienot,0,1024,0.640869141,0.662231445,0.677490234,0.764038086,0.819091797,0.897338867,0.808494783399717
bv_direct,0,double,vienot,1,1024,0.640869141,0.662231445,0.677490234,0.729248047,0.763153076,1.3515625,0.8677570278180992
bv_direct,0,float,brettel,0,1024,1.544189453,1.617431641,2.355957031,1.376586914,1.443237305,2.139465332,1.1206969466466223
bv_direct,0,float,brettel,1,1024,1.544189453,1.617431641,2.191162109,1.372314453,1.444396973,1.951171875,1.1197971688078303
bv_direct,0,float,brettel,2,1024,1.544189453,1.617431641,2.154541016,1.418151855,1.4581909180000001,1.499450684,1.1092043031089567
bv_direct,0,float,lookup,0,1024,3.070068359,3.161621094,3.234863281,2.159606934,2.2170715335,2.276367188,1.426034769842937
bv_direct,0,float,lookup,1,1024,3.070068359,3.1585693360000002,4.064941406,2.157775879,2.216766357,2.274536133,1.4248544173480526
bv_direct,0,float,lookup,2,1024,3.033447266,3.137207031,4.040527344,2.163879395,2.2693481445000003,5.057678223,1.382426508071644
bv_direct,0,float,lookupApply,0,1024,5.328369141,5.606079101500001,18.280029297,6.380432129,6.784790039000001,9.903198242,0.8262715676204287
bv_direct,0,float,lookupApply,1,1024,5.334472656,5.603027343500001,6.390380859,6.398132324,6.756347656499999,7.390197754,0.8292982582252947
bv_direct,0,float,lookupApply,2,1024,5.340576172,5.615234375,7.891845703,6.392028809,6.7774353025,7.598693848,0.8285190672242496
bv_direct,0,float,prepared,0,1024,1.550292969,1.58996582,2.380371094,0.421142578,0.442565918,0.655334473,3.5926079151897095
bv_direct,0,float,prepared,1,1024,1.550292969,1.5899658205,1.629638672,0.421142578,0.432800293,1.046508789,3.6736708505416837
bv_direct,0,float,prepared,2,1024,1.550292969,1.5899658205,1.641845703,0.420593262,0.432800293,0.446838379,3.6736708505416837
bv_direct,0,float,vienot,0,1024,0.592041016,0.607299805,0.622558594,0.420593262,0.44223022450000005,0.590454102,1.3732661662522796
bv_direct,0,float,vienot,1,1024,0.592041016,0.604248047,0.622558594,0.420532227,0.4324646,0.444396973,1.3972196730090742
bv_split,0,double,brettel,0,1024,2.325439453,2.362060547,2.404785156,2.61315918,2.669708252,3.059387207,0.8847635486875665
bv_split,0,double,brettel,1,1024,2.325439453,2.398681641,3.381347656,2.627197266,2.6899108885,3.357666016,0.8917327526554604
bv_split,0,double,brettel,2,1024,2.319335938,2.3651123050000002,3.179931641,2.628417969,2.7479248045,3.244628906,0.8606903293448546
bv_split,0,double,lookup,0,1024,4.522705078,4.605102539000001,5.279541016,3.27331543,3.34576416,3.418823242,1.376397832834697
bv_split,0,double,lookup,1,1024,4.522705078,4.675292969,5.291748047,3.269104004,3.3473205564999997,3.751342773,1.396726991061933
bv_split,0,double,lookup,2,1024,4.516601562,4.605102539000001,5.810546875,3.273925781,3.3543395995000003,4.54296875,1.372879042922917
bv_split,0,double,lookupApply,0,1024,6.085205078,6.280517578,7.012939453,6.241699219,6.3920593265,6.870666504,0.9825499509934813
bv_split,0,double,lookupApply,1,1024,6.091308594,6.286621094,6.903076172,6.23614502,6.540588379,7.508789062,0.961170575140393
bv_split,0,double,lookupApply,2,1024,6.091308594,6.298828125,18.438720703,6.239196777,6.5479125975,6.95135498,0.9619597132993039
bv_split,0,double,prepared,0,1024,0.927734375,0.9368896485,0.952148438,0.727416992,0.75793457,1.390014648,1.236108874806964
bv_split,0,double,prepared,1,1024,0.921630859,0.9399414065,0.958251953,0.728637695,0.7442321775,0.760986328,1.2629679754742935
bv_split,0,double,prepared,2,1024,0.921630859,0.952148438,1.513671875,0.728027344,0.7442321780000001,0.760986328,1.27937015644599
bv_split,0,double,vienot,0,1024,0.640869141,0.659179688,1.263427734,0.728637695,0.7442016605,0.758605957,0.885754121479819
bv_split,0,double,vienot,1,1024,0.640869141,0.653076172,0.665283203,0.729858398,0.7591857909999999,1.306884766,0.8602323433105455
bv_split,0,float,brettel,0,1024,1.544189453,1.580810547,2.429199219,1.373474121,1.4068603515,1.433410645,1.1236442517656664
bv_split,0,float,brettel,1,1024,1.544189453,1.5655517575,2.34375,1.37286377,1.401641846,1.429748535,1.1169413655619411
bv_split,0,float,brettel,2,1024,1.544189453,1.5686035155,1.593017578,1.418762207,1.446563721,2.085632324,1.084365308439807
bv_split,0,float,lookup,0,1024,3.070068359,3.1280517574999998,3.173828125,2.151672363,2.22164917,2.575866699,1.4079863732490219
bv_split,0,float,lookup,1,1024,3.076171875,3.125,4.071044922,2.158996582,2.2399902345,2.278808594,1.39509536776956
bv_split,0,float,lookup,2,1024,3.033447266,3.106689453,3.338623047,2.155944824,2.2103881835,2.360717773,1.4054949606547242
bv_split,0,float,lookupApply,0,1024,5.346679688,5.4901123045,17.370605469,6.40612793,6.6741638185,7.451965332,0.8225917813527519
bv_split,0,float,lookupApply,1,1024,5.340576172,5.505371094,6.280517578,6.401245117,6.6555175779999995,7.14453125,0.8271890246670159
bv_split,0,float,lookupApply,2,1024,5.340576172,5.432128906000001,6.329345703,6.395751953,6.626464844,7.458679199,0.8197627292806929
bv_split,0,float,prepared,0,1024,1.245117188,1.3092041015,1.342773438,0.42175293,0.4312438965,0.440124512,3.035878564602479
bv_split,0,float,prepared,1,1024,1.239013672,1.300048828,1.342773438,0.421203613,0.4300537105,0.438903809,3.022991771163895
bv_split,0,float,prepared,2,1024,1.245117188,1.3061523435,1.959228516,0.421203613,0.437347412,1.060546875,2.986532691543628
bv_split,0,float,vienot,0,1024,0.592041016,0.601196289,0.610351562,0.421142578,0.4302978515,0.438293457,1.3971631206250632
bv_split,0,float,vienot,1,1024,0.592041016,0.601196289,0.610351562,0.420532227,0.429412842,0.438293457,1.4000426400848067
bv_portable,0,double,brettel,0,1024,2.319335938,2.374267578,2.429199219,2.614990234,2.6519775389999998,3.272094727,0.8952819332305816
bv_portable,0,double,brettel,1,1024,2.319335938,2.429199219,2.972412109,2.628417969,2.6471252439999997,2.682861328,0.9176744562827343
bv_portable,0,double,brettel,2,1024,2.319335938,2.3773193360000002,3.509521484,2.632141113,2.63671875,3.345458984,0.9016203703940742
bv_portable,0,double,lookup,0,1024,4.516601562,4.623413086,5.352783203,3.272705078,3.3112487794999996,3.344238281,1.3962747573132026
bv_portable,0,double,lookup,1,1024,4.510498047,4.730224609,5.749511719,3.272094727,3.2889404300000002,3.93170166,1.4382214301765266
bv_portable,0,double,lookup,2,1024,4.516601562,4.626464843500001,5.651855469,3.270263672,3.2815856935,4.233032227,1.4098260035274623
bv_portable,0,double,lookupApply,0,1024,6.085205078,6.372070312,7.263183594,6.241638184,6.3291015625,7.093200684,1.0067890756809135
bv_portable,0,double,lookupApply,1,1024,6.085205078,6.372070312,7.049560547,6.244140625,6.3131713865,7.487426758,1.0093295305788703
bv_portable,0,double,lookupApply,2,1024,6.085205078,6.37512207,17.608642578,6.245300293,6.258422851500001,7.360900879,1.0186467455569943
bv_portable,0,double,prepared,0,1024,0.921630859,0.946044922,0.970458984,0.728637695,0.7475585935,1.382080078,1.265512737363777
bv_portable,0,double,prepared,1,1024,0.921630859,0.946044922,1.568603516,0.729248047,0.733215332,0.737182617,1.2902688756104734
bv_portable,0,double,prepared,2,1024,0.927734375,0.970458984,1.672363281,0.728637695,0.73046875,0.731689453,1.328542780235294
bv_portable,0,double,vienot,0,1024,0.518798828,0.537109375,1.654052734,0.729858398,0.7396240235,0.748168945,0.7261924409354992
bv_portable,0,double,vienot,1,1024,0.518798828,0.5310058595,0.543212891,0.729858398,0.7411804200000001,1.356994629,0.7164326595405744
bv_portable,0,float,brettel,0,1024,1.544189453,1.611328125,2.496337891,1.373535156,1.4016418455,1.427307129,1.149600470457701
bv_portable,0,float,brettel,1,1024,1.538085938,1.577758789,2.191162109,1.371704102,1.397369385,1.423034668,1.1290921397995277
bv_portable,0,float,brettel,2,1024,1.538085938,1.577758789,1.617431641,1.417480469,1.4435119625000001,1.467041016,1.0930001482408913
bv_portable,0,float,lookup,0,1024,3.045654297,3.1158447264999998,3.204345703,2.15045166,2.2317504885000004,3.047180176,1.396143853246881
bv_portable,0,float,lookup,1,1024,3.033447266,3.106689453,3.839111328,2.155944824,2.1978149415,3.385864258,1.4135355048954654
bv_portable,0,float,lookup,2,1024,3.076171875,3.131103516,3.216552734,2.157775879,2.219787598,2.295349121,1.4105419450136059
bv_portable,0,float,lookupApply,0,1024,5.334472656,5.575561523499999,17.547607422,6.414611816,6.622497559,7.513061523,0.8419122051502743
bv_portable,0,float,lookupApply,1,1024,5.322265625,5.575561523499999,6.567382812,6.38470459,6.624328612999999,7.502685547,0.8416794892327906
bv_portable,0,float,lookupApply,2,1024,5.322265625,5.5633544925,6.622314453,6.417114258,6.6130371095000005,7.262451172,0.8412707203030705
bv_portable,0,float,prepared,0,1024,1.306152344,1.3397216795,2.014160156,0.421142578,0.4306030275,0.438293457,3.111268602262672
bv_portable,0,float,prepared,1,1024,1.306152344,1.336669922,1.3671875,0.421142578,0.42880249000000004,0.436462402,3.1172158585179854
bv_portable,0,float,prepared,2,1024,1.306152344,1.3671875,1.959228516,0.421203613,0.43490600599999996,0.4609375,3.1436390418577025
bv_portable,0,float,vienot,0,1024,0.592041016,0.604248047,0.622558594,0.420593262,0.42941284150000003,0.437072754,1.4071494575925485
bv_portable,0,float,vienot,1,1024,0.592041016,0.616455078,4.071044922,0.420593262,0.4284973145,0.43762207,1.4386439707780245
bv_compiler,0,double,brettel,0,1024,2.319335938,2.3223876955,2.325439453,2.610107422,2.6150512695000003,2.621154785,0.8880849574869107
bv_compiler,0,double,brettel,1,1024,2.319335938,2.325439453,2.856445312,2.625366211,2.628479004,2.739135742,0.8847091604921186
bv_compiler,0,double,brettel,2,1024,2.319335938,2.325439453,2.899169922,2.627197266,2.630279541,3.22442627,0.8841035398526106
bv_compiler,0,double,lookup,0,1024,4.516601562,4.51965332,5.114746094,3.270324707,3.277038574,3.92010498,1.379188318336835
bv_compiler,0,double,lookup,1,1024,4.516601562,4.51965332,6.597900391,3.267211914,3.2791748045,3.93536377,1.3782898410288147
bv_compiler,0,double,lookup,2,1024,4.510498047,4.516601562,4.528808594,3.265441895,3.2767028810000003,7.080932617,1.3783982637515189
bv_compiler,0,double,lookupApply,0,1024,6.085205078,6.085205078,6.73828125,6.239196777,6.2517395019999995,6.826049805,0.9733619060828234
bv_compiler,0,double,lookupApply,1,1024,6.079101562,6.085205078,6.768798828,6.23614502,6.2483825685,6.860900879,0.9738848432036432
bv_compiler,0,double,lookupApply,2,1024,6.079101562,6.085205078,17.596435547,6.237976074,6.2490234375,6.859069824,0.9737849663809971
bv_compiler,0,double,prepared,0,1024,0.921630859,0.921630859,0.921630859,0.727416992,0.728637695,1.954833984,1.2648684872116038
bv_compiler,0,double,prepared,1,1024,0.915527344,0.921630859,0.927734375,0.727416992,0.728302002,0.729858398,1.2654514974132942
bv_compiler,0,double,prepared,2,1024,0.921630859,0.921630859,1.434326172,0.726806641,0.728637695,0.729248047,1.2648684872116038
bv_compiler,0,double,vienot,0,1024,0.518798828,0.518798828,1.104736328,0.727966309,0.729858398,1.342346191,0.710821207814615
bv_compiler,0,double,vienot,1,1024,0.518798828,0.518798828,0.518798828,0.727355957,0.7295532225,1.336853027,0.7111185476259068
bv_compiler,0,float,brettel,0,1024,1.544189453,1.550292969,2.545166016,1.373474121,1.375976562,1.931640625,1.1266855932099809
bv_compiler,0,float,brettel,1,1024,1.544189453,1.544189453,1.550292969,1.375366211,1.377166748,1.37902832,1.1212799432186116
bv_compiler,0,float,brettel,2,1024,1.544189453,1.544189453,1.550292969,1.41998291,1.423034668,1.959106445,1.0851383228563762
bv_compiler,0,float,lookup,0,1024,3.039550781,3.0609130860000002,3.088378906,2.149841309,2.162658691,2.977478027,1.415347275433764
bv_compiler,0,float,lookup,1,1024,3.039550781,3.076171875,3.723144531,2.151062012,2.1614685055000002,3.279418945,1.423186073344338
bv_compiler,0,float,lookup,2,1024,3.039550781,3.045654297,3.057861328,2.155944824,2.1623535155,2.168151855,1.4084904596627692
bv_compiler,0,float,lookupApply,0,1024,5.322265625,5.352783203,17.498779297,6.412231445,6.455932617,7.378601074,0.8291262503119773
bv_compiler,0,float,lookupApply,1,1024,5.340576172,5.3497314455,6.091308594,6.419494629,6.4421691889999995,7.024719238,0.8304239284237774
bv_compiler,0,float,lookupApply,2,1024,5.322265625,5.346679688,6.005859375,6.416503906,6.4519348144999995,7.072998047,0.8286940029189287
bv_compiler,0,float,prepared,0,1024,1.306152344,1.312255859,1.312255859,0.421142578,0.422088623,0.423583984,3.1089581369739974
bv_compiler,0,float,prepared,1,1024,1.306152344,1.312255859,1.312255859,0.420593262,0.42175293,0.422973633,3.111432703028287
bv_compiler,0,float,prepared,2,1024,1.306152344,1.312255859,1.898193359,0.421142578,0.422088623,0.424865723,3.1089581369739974
bv_compiler,0,float,vienot,0,1024,0.592041016,0.592041016,0.598144531,0.421142578,0.422363281,0.423034668,1.401734105763801
bv_compiler,0,float,vienot,1,1024,0.592041016,0.592041016,0.708007812,0.421142578,0.42239379850000003,0.424255371,1.4016328319744495
default,1,double,brettel,0,1024,2.105712891,2.111816406,3.405761719,2.613220215,2.640716553,2.668823242,0.7997133973356058
default,1,double,brettel,1,1024,2.093505859,2.099609375,2.1484375,2.635192871,2.6553955075,3.495849609,0.7906955363409267
default,1,double,brettel,2,1024,2.044677734,2.053833008,2.307128906,2.638244629,2.6611938475,3.388916016,0.771771289765091
default,1,double,lookup,0,1024,4.528808594,4.541015625,5.395507812,3.280090332,3.2883911135000004,3.972045898,1.380923213895554
default,1,double,lookup,1,1024,4.528808594,4.541015625,5.316162109,3.283752441,3.2914123535,3.295410156,1.3796556424087079
default,1,double,lookup,2,1024,4.534912109,4.553222656,15.948486328,3.284973145,3.294189453,3.303955078,1.3821981768089888
default,1,double,lookupApply,0,1024,6.109619141,6.115722656,7.287597656,6.266174316,6.2744750975,7.015014648,0.9746986896858905
default,1,double,lookupApply,1,1024,6.103515625,6.115722656,7.702636719,6.272888184,6.284545898499999,9.705871582,0.9731367635424074
default,1,double,lookupApply,2,1024,6.115722656,6.12487793,6.927490234,6.278381348,6.283630371,6.943481445,0.9747355538714262
default,1,double,prepared,0,1024,0.921630859,0.927734375,0.933837891,0.729858398,0.731079102,0.73236084,1.268993153356475
default,1,double,prepared,1,1024,0.921630859,0.927734375,0.927734375,0.729858398,0.732910156,1.469482422,1.2658227852419062
default,1,double,prepared,2,1024,0.921630859,0.927734375,0.933837891,0.73046875,0.732299805,1.430969238,1.2668778124282034
default,1,double,vienot,0,1024,0.518798828,0.518798828,0.518798828,0.729248047,0.7335510255,1.4609375,0.7072430000985664
default,1,double,vienot,1,1024,0.518798828,0.518798828,1.135253906,0.729309082,0.735656738,0.740844727,0.7052186178712061
default,1,float,brettel,0,1024,1.947021484,1.983642578,2.941894531,1.377197266,1.3866577150000001,1.390014648,1.4305207092869345
default,1,float,brettel,1,1024,2.008056641,2.014160156,2.722167969,1.376586914,1.382385254,3.858398438,1.4570179696086372
default,1,float,brettel,2,1024,1.965332031,1.965332031,2.569580078,1.421264648,1.427307129,1.981140137,1.3769510367239257
default,1,float,lookup,0,1024,3.045654297,3.076171875,3.118896484,2.163879395,2.1715698244999997,2.986083984,1.4165659516420492
default,1,float,lookup,1,1024,3.051757812,3.094482422,3.668212891,2.164550781,2.1687927245000003,2.181640625,1.4268225760086921
default,1,float,lookup,2,1024,3.057861328,3.100585938,4.211425781,2.161437988,2.1675720215,2.811828613,1.4304419448329737
default,1,float,lookupApply,0,1024,5.340576172,5.352783203,6.256103516,6.424560547,6.477722168,7.233886719,0.8263372624165317
default,1,float,lookupApply,1,1024,5.340576172,5.358886719,6.011962891,6.429382324,6.469177246,7.31451416,0.8283722203335036
default,1,float,lookupApply,2,1024,5.340576172,5.358886719,6.384277344,6.418395996,6.4664001465,7.350585938,0.8287279781008523
default,1,float,prepared,0,1024,1.550292969,1.550292969,1.556396484,0.422363281,0.42453002949999996,0.426086426,3.651786354962671
default,1,float,prepared,1,1024,1.550292969,1.550292969,2.63671875,0.422363281,0.42330932600000004,0.424255371,3.6623170664565037
default,1,float,prepared,2,1024,1.550292969,1.5533447265,1.556396484,0.421813965,0.423583984,0.424865723,3.6671469771623846
default,1,float,vienot,0,1024,3.784179688,3.784179688,4.406738281,0.422363281,0.425140381,0.427307129,8.901012129450013
default,1,float,vienot,1,1024,3.784179688,3.784179688,15.185546875,0.422424316,0.4244995115,0.426086426,8.91445004171695
bv_direct,1,double,brettel,0,1024,2.331542969,2.4078369139999998,3.192138672,2.613220215,2.670654297,3.541137695,0.9015906389324787
bv_direct,1,double,brettel,1,1024,2.331542969,2.410888672,2.44140625,2.629699707,2.7357788085,3.418273926,0.8812440042701646
bv_direct,1,double,brettel,2,1024,2.325439453,2.3834228514999998,3.021240234,2.632141113,2.7348327635,3.265441895,0.8715058863232753
bv_direct,1,double,lookup,0,1024,4.528808594,4.690551758,5.432128906,3.275268555,3.402038574,3.898132324,1.3787473763076736
bv_direct,1,double,lookup,1,1024,4.528808594,4.693603516,5.255126953,3.270935059,3.345184326,4.165222168,1.4030926426145163
bv_direct,1,double,lookup,2,1024,4.522705078,4.6203613279999995,5.407714844,3.270996094,3.346740723,4.363891602,1.380555504717537
bv_direct,1,double,lookupApply,0,1024,6.103515625,6.307983398499999,7.342529297,6.252746582,6.378967285,7.213684082,0.9888721977510502
bv_direct,1,double,lookupApply,1,1024,6.103515625,6.304931641,6.921386719,6.258850098,6.49206543,7.109130859,0.9711749995409396
bv_direct,1,double,lookupApply,2,1024,6.103515625,6.329345703,18.188476562,6.259460449,6.481384277,7.431884766,0.976542268209659
bv_direct,1,double,prepared,0,1024,0.921630859,0.9399414065,0.958251953,0.728637695,0.757995605,1.336853027,1.2400354306803667
bv_direct,1,double,prepared,1,1024,0.927734375,0.9429931645,0.958251953,0.728027344,0.744567871,0.758605957,1.2664972546203246
bv_direct,1,double,prepared,2,1024,0.921630859,0.958251953,2.484130859,0.728027344,0.7432861325,0.759216309,1.2892100512853306
bv_direct,1,double,vienot,0,1024,0.640869141,0.6561279295,0.665283203,0.726806641,0.744842529,0.762878418,0.8808948253544205
bv_direct,1,double,vienot,1,1024,0.640869141,0.6561279295,0.665283203,0.727416992,0.7451782225,0.761657715,0.8804979932166496
bv_direct,1,float,brettel,0,1024,1.544189453,1.5716552735,1.605224609,1.378417969,1.4043884275,1.434692383,1.1191029794355094
bv_direct,1,float,brettel,1,1024,1.538085938,1.5747070315,1.605224609,1.376586914,1.403198242,1.429199219,1.1222270555695295
bv_direct,1,float,brettel,2,1024,1.544189453,1.599121094,2.252197266,1.42364502,1.456970215,2.191467285,1.097566084424039
bv_direct,1,float,lookup,0,1024,3.051757812,3.1341552735000002,3.216552734,2.157226562,2.237579346,3.205566406,1.4006901159070675
bv_direct,1,float,lookup,1,1024,3.039550781,3.121948242,3.198242188,2.158996582,2.2033691405,2.245178223,1.4168975069204934
bv_direct,1,float,lookup,2,1024,3.051757812,3.128051758,3.295898438,2.157836914,2.2054748535,2.248291016,1.4183121394632576
bv_direct,1,float,lookupApply,0,1024,5.340576172,5.551147461,16.857910156,6.437988281,6.671783447,7.384216309,0.8320335192378135
bv_direct,1,float,lookupApply,1,1024,5.340576172,5.541992188,6.164550781,6.434936523,6.659881592,7.288879395,0.8321457538610245
bv_direct,1,float,lookupApply,2,1024,5.346679688,5.541992188,6.134033203,6.422729492,6.6754455565,7.324890137,0.8302055856936267
bv_direct,1,float,prepared,0,1024,1.550292969,1.611328125,2.337646484,0.422363281,0.4306640625,0.588012695,3.741496598639456
bv_direct,1,float,prepared,1,1024,1.550292969,1.5838623045,1.611328125,0.422363281,0.430328369,0.437683105,3.680590029843001
bv_direct,1,float,prepared,2,1024,1.550292969,1.605224609,1.843261719,0.423034668,0.43762207,1.221374512,3.668061368568546
bv_direct,1,float,vienot,0,1024,0.592041016,0.604248047,1.861572266,0.422973633,0.43032836900000004,0.439453125,1.4041557343852455
bv_direct,1,float,vienot,1,1024,0.592041016,0.6072998045,0.616455078,0.422973633,0.4306640625,0.438293457,1.4101473918548753
bv_split,1,double,brettel,0,1024,2.325439453,2.3712158205,2.972412109,2.621765137,2.7015380860000002,3.366882324,0.8777280737918124
bv_split,1,double,brettel,1,1024,2.325439453,2.4078369139999998,2.44140625,2.633972168,2.719543457,3.305786133,0.8853827681268782
bv_split,1,double,brettel,2,1024,2.331542969,2.410888672,2.978515625,2.632751465,2.718322754,3.23059082,0.8869030244669762
bv_split,1,double,lookup,0,1024,4.522705078,4.693603516,5.444335938,3.274597168,3.3396911620000003,3.399902344,1.405400466188376
bv_split,1,double,lookup,1,1024,4.522705078,4.6112060545,5.535888672,3.278259277,3.337585449,6.661132812,1.3815994002135883
bv_split,1,double,lookup,2,1024,4.522705078,4.696655273499999,5.578613281,3.27947998,3.333282471,4.002685547,1.409018081834205
bv_split,1,double,lookupApply,0,1024,6.097412109,6.307983398499999,7.098388672,6.277770996,6.4627075195,7.05291748,0.9760589318744273
bv_split,1,double,lookupApply,1,1024,6.097412109,6.311035156,7.104492188,6.279052734,6.458129883,7.141540527,0.9772233247604383
bv_split,1,double,lookupApply,2,1024,6.103515625,6.314086914,18.054199219,6.271728516,6.447113036999999,7.143371582,0.9793665595381122
bv_split,1,double,prepared,0,1024,0.927734375,0.942993164,0.964355469,0.728637695,0.741149902,0.754272461,1.2723379730002313
bv_split,1,double,prepared,1,1024,0.927734375,0.9399414065,1.690673828,0.728637695,0.7414855954999999,0.754333496,1.2676462121508605
bv_split,1,double,prepared,2,1024,0.927734375,0.942993164,0.958251953,0.728027344,0.740539551,0.755554199,1.2733866310403184
bv_split,1,double,vienot,0,1024,0.640869141,0.653076172,0.665283203,0.728637695,0.7414855954999999,0.757385254,0.8807671733118652
bv_split,1,double,vienot,1,1024,0.640869141,0.653076172,0.665283203,0.727416992,0.7432861325,0.758605957,0.87863360211419
bv_split,1,float,brettel,0,1024,1.550292969,1.577758789,5.572509766,1.375976562,1.4013366695,1.43157959,1.1258955990661028
bv_split,1,float,brettel,1,1024,1.544189453,1.577758789,2.221679688,1.376586914,1.401031494,1.425537109,1.1261408439116787
bv_split,1,float,brettel,2,1024,1.544189453,1.577758789,2.166748047,1.41998291,1.4481201170000002,1.47869873,1.0895220434259043
bv_split,1,float,lookup,0,1024,3.039550781,3.210449219,3.942871094,2.163269043,2.2027282715,3.101013184,1.4574876350108172
bv_split,1,float,lookup,1,1024,3.039550781,3.2073974610000002,3.674316406,2.164550781,2.239135742,3.308837891,1.4324265388819826
bv_split,1,float,lookup,2,1024,3.039550781,3.2012939455,4.089355469,2.159667969,2.2048950195,2.244628906,1.451903114292467
bv_split,1,float,lookupApply,0,1024,5.340576172,5.554199219,17.114257812,6.397033691,6.543121338,7.572509766,0.8488608008448949
bv_split,1,float,lookupApply,1,1024,5.322265625,5.535888672,6.414794922,6.416625977,6.6427612305,7.32611084,0.8333716176011514
bv_split,1,float,lookupApply,2,1024,5.340576172,5.557250976500001,6.268310547,6.408630371,6.6308288575,7.823120117,0.8380929588032277
bv_split,1,float,prepared,0,1024,1.281738281,1.3244628905,1.361083984,0.421203613,0.436462402,0.973754883,3.034540625792551
bv_split,1,float,prepared,1,1024,1.293945312,1.3153076175,1.354980469,0.42175293,0.4296875,0.437072754,3.0610795461818183
bv_split,1,float,prepared,2,1024,1.287841797,1.3153076175,1.354980469,0.422424316,0.4312438965,0.437683105,3.050031845494189
bv_split,1,float,vienot,0,1024,0.592041016,0.616455078,1.232910156,0.421813965,0.42941284199999996,0.438293457,1.4355767171024663
bv_split,1,float,vienot,1,1024,0.592041016,0.6072998045,0.616455078,0.42175293,0.42941284199999996,0.437072754,1.4142562706589945
bv_portable,1,double,brettel,0,1024,2.319335938,2.355957031,3.137207031,2.615661621,2.6489562985,2.685974121,0.8893906752384273
bv_portable,1,double,brettel,1,1024,2.325439453,2.386474609,2.899169922,2.629699707,2.659637451,5.765563965,0.8972932036668031
bv_portable,1,double,brettel,2,1024,2.319335938,2.3529052735000002,2.386474609,2.630310059,2.657806396,3.242797852,0.8852809132527952
bv_portable,1,double,lookup,0,1024,4.522705078,4.58984375,5.303955078,3.278930664,3.324737549,4.083984375,1.3805131028704847
bv_portable,1,double,lookup,1,1024,4.522705078,4.626464844,5.389404297,3.269714355,3.320739746,4.063171387,1.3932030806005837
bv_portable,1,double,lookup,2,1024,4.522705078,4.626464844,5.419921875,3.275268555,3.317718506,4.308837891,1.3944717840386909
bv_portable,1,double,lookupApply,0,1024,6.097412109,6.256103516,7.061767578,6.25213623,6.354858398499999,7.15625,0.9844599397331482
bv_portable,1,double,lookupApply,1,1024,6.097412109,6.234741211,6.903076172,6.25213623,6.3416748045,6.975891113,0.9831379569598679
bv_portable,1,double,lookupApply,2,1024,6.097412109,6.2286376955,17.877197266,6.249084473,6.341369629000001,7.171508789,0.9822227783435834
bv_portable,1,double,prepared,0,1024,0.921630859,0.94909668,1.666259766,0.728027344,0.7353820799999999,1.328918457,1.2906170898262848
bv_portable,1,double,prepared,1,1024,0.927734375,0.946044922,1.043701172,0.727416992,0.7348022465,0.742126465,1.2874823484906153
bv_portable,1,double,prepared,2,1024,0.921630859,0.9368896485,0.946044922,0.728027344,0.7347412105,0.741516113,1.2751287597743914
bv_portable,1,double,vienot,0,1024,0.518798828,0.5249023435,0.537109375,0.727416992,0.737792969,0.748840332,0.7114493706973778
bv_portable,1,double,vienot,1,1024,0.518798828,0.5249023435,0.531005859,0.728027344,0.7356567385,0.744567871,0.7135153068403518
bv_portable,1,float,brettel,0,1024,1.544189453,1.5716552735,2.825927734,1.376037598,1.3900756835,1.408996582,1.130625686180489
bv_portable,1,float,brettel,1,1024,1.544189453,1.5716552735,2.545166016,1.375366211,1.391235352,1.403442383,1.1296832496677385
bv_portable,1,float,brettel,2,1024,1.544189453,1.5686035155,2.166748047,1.425476074,1.4371032714999998,2.022705078,1.0915036842569739
bv_portable,1,float,lookup,0,1024,3.045654297,3.131103516,3.686523438,2.161499023,2.1859436035,2.242736816,1.4323807398263464
bv_portable,1,float,lookup,1,1024,3.045654297,3.0914306639999998,3.137207031,2.160827637,2.184692383,2.211608887,1.4150416269382855
bv_portable,1,float,lookup,2,1024,3.045654297,3.167724609,5.047607422,2.162109375,2.1966247555000002,2.836975098,1.4420872755205547
bv_portable,1,float,lookupApply,0,1024,5.340576172,5.4260253904999995,6.256103516,6.436096191,6.5550231935,7.31640625,0.8277660094140442
bv_portable,1,float,lookupApply,1,1024,5.340576172,5.493164062,6.243896484,6.442260742,6.541259766,7.515075684,0.8397715820050802
bv_portable,1,float,lookupApply,2,1024,5.334472656,5.4260253904999995,6.103515625,6.414733887,6.5400390625,7.162353516,0.8296625354445273
bv_portable,1,float,prepared,0,1024,1.306152344,1.348876953,12.756347656,0.422363281,0.42666625950000003,0.432189941,3.1614333755397404
bv_portable,1,float,prepared,1,1024,1.306152344,1.330566406,1.348876953,0.422973633,0.42941284199999996,0.992736816,3.0985715280494572
bv_portable,1,float,prepared,2,1024,1.312255859,1.342773438,1.995849609,0.422363281,0.427307129,0.430358887,3.142408227876769
bv_portable,1,float,vienot,0,1024,0.592041016,0.6042480465,0.610351562,0.422363281,0.429748535,1.064819336,1.406050276587912
bv_portable,1,float,vienot,1,1024,0.592041016,0.601196289,0.616455078,0.422973633,0.426940918,0.430358887,1.4081486773774163
bv_compiler,1,double,brettel,0,1024,2.325439453,2.3376464845,2.349853516,2.611938477,2.617492676,2.621765137,0.8930861606353546
bv_compiler,1,double,brettel,1,1024,2.325439453,2.34375,3.149414062,2.628479004,2.633361816,3.16394043,0.8900220189112061
bv_compiler,1,double,brettel,2,1024,2.325439453,2.337646484,2.978515625,2.629699707,2.6340026855,3.42010498,0.8874882690395799
bv_compiler,1,double,lookup,0,1024,4.528808594,4.559326172,5.316162109,3.273986816,3.283752441,4.068664551,1.388450029019712
bv_compiler,1,double,lookup,1,1024,4.522705078,4.5471191404999995,5.303955078,3.277648926,3.28503418,3.969604492,1.3841923375360434
bv_compiler,1,double,lookup,2,1024,4.541015625,4.632568359,16.461181641,3.275878906,3.2856140135,4.192138672,1.4099551377506931
bv_compiler,1,double,lookupApply,0,1024,6.091308594,6.140136719,6.726074219,6.252746582,6.2637634275,7.956359863,0.9802631900245087
bv_compiler,1,double,lookupApply,1,1024,6.091308594,6.134033203,7.281494141,6.252746582,6.2609863279999995,7.06817627,0.9797231429124438
bv_compiler,1,double,lookupApply,2,1024,6.097412109,6.127929688,7.153320312,6.256408691,6.263793945,6.874389648,0.9783095902909686
bv_compiler,1,double,prepared,0,1024,0.921630859,0.927734375,0.939941406,0.728637695,0.729248047,0.731140137,1.2721794440403897
bv_compiler,1,double,prepared,1,1024,0.921630859,0.930786133,1.538085938,0.728637695,0.729248047,0.729858398,1.2763642451002684
bv_compiler,1,double,prepared,2,1024,0.921630859,0.924682617,0.933837891,0.728637695,0.729858398,0.731689453,1.2669342704473479
bv_compiler,1,double,vienot,0,1024,0.518798828,0.518798828,0.524902344,0.727416992,0.7301940920000001,1.424316406,0.710494420160277
bv_compiler,1,double,vienot,1,1024,0.518798828,0.518798828,0.714111328,0.72869873,0.73046875,0.732910156,0.7102272725561497
bv_compiler,1,float,brettel,0,1024,1.544189453,1.5563964845,1.568603516,1.377197266,1.379333496,2.017822266,1.1283685120483726
bv_compiler,1,float,brettel,1,1024,1.544189453,1.559448242,1.568603516,1.377197266,1.3790588375000001,1.382080078,1.1308061698273986
bv_compiler,1,float,brettel,2,1024,1.544189453,1.5563964845,1.5625,1.418823242,1.4263916015,1.978088379,1.0911424905077163
bv_compiler,1,float,lookup,0,1024,3.076171875,3.082275391,4.00390625,2.152893066,2.170928955,4.663391113,1.4197956058861447
bv_compiler,1,float,lookup,1,1024,3.082275391,3.088378906,3.814697266,2.16027832,2.162689209,2.796569824,1.4280271493230539
bv_compiler,1,float,lookup,2,1024,3.088378906,3.112792969,3.881835938,2.155395508,2.1660461425,2.170043945,1.4370852531365224
bv_compiler,1,float,lookupApply,0,1024,5.346679688,5.426025391,16.687011719,6.391540527,6.4562988279999995,7.576171875,0.8404235205886291
bv_compiler,1,float,lookupApply,1,1024,5.352783203,5.4016113279999995,6.011962891,6.419616699,6.4569091795,7.308410645,0.836563002179052
bv_compiler,1,float,lookupApply,2,1024,5.346679688,5.389404297,6.213378906,6.403747559,6.460601807,7.173950195,0.8341953981996897
bv_compiler,1,float,prepared,0,1024,1.312255859,1.318359375,2.551269531,0.422363281,0.423034668,0.424804688,3.1164334148614032
bv_compiler,1,float,prepared,1,1024,1.312255859,1.318359375,1.995849609,0.421813965,0.42330932600000004,0.425476074,3.114411363098577
bv_compiler,1,float,prepared,2,1024,1.312255859,1.318359375,1.324462891,0.421203613,0.422973633,0.425476074,3.1168831155014334
bv_compiler,1,float,vienot,0,1024,0.592041016,0.601196289,0.604248047,0.422363281,0.423034668,0.424865723,1.4211513487589627
bv_compiler,1,float,vienot,1,1024,0.592041016,0.598144531,1.391601562,0.421813965,0.423614502,0.425476074,1.4120020163993345
default,2,double,brettel,0,1024,2.099609375,2.166748047,3.271484375,2.615661621,2.6214599610000002,2.627258301,0.8265424912968945
default,2,double,brettel,1,1024,2.105712891,2.191162109,2.233886719,2.632141113,2.635803223,2.642578125,0.831307166589651
default,2,double,brettel,2,1024,2.05078125,2.0874023435,2.264404297,2.632751465,2.6379699705,2.64251709,0.7912911696657239
default,2,double,lookup,0,1024,4.522705078,4.537963867,5.596923828,3.272766113,3.2846984865,3.970275879,1.3815465515787457
default,2,double,lookup,1,1024,4.522705078,4.528808594,5.303955078,3.275817871,3.2828369139999998,3.300292969,1.379541144638171
default,2,double,lookup,2,1024,4.522705078,4.525756836,6.140136719,3.275817871,3.2913818360000002,4.049682617,1.3750324518713786
default,2,double,lookupApply,0,1024,6.097412109,6.106567383,7.769775391,6.251525879,6.2763061525,9.194824219,0.9729556262273169
default,2,double,lookupApply,1,1024,6.097412109,6.109619141,7.043457031,6.247253418,6.27532959,7.005187988,0.9735933473097466
default,2,double,lookupApply,2,1024,6.097412109,6.103515625,6.756591797,6.250305176,6.2768859865,7.03338623,0.9723795586102925
default,2,double,prepared,0,1024,0.921630859,0.927734375,0.933837891,0.728027344,0.729309082,0.73046875,1.2720729768726506
default,2,double,prepared,1,1024,0.921630859,0.927734375,1.049804688,0.728637695,0.729858398,1.480529785,1.2711155719276934
default,2,double,prepared,2,1024,0.921630859,0.924682617,0.933837891,0.728637695,0.729248047,1.822875977,1.2679946429805111
default,2,double,vienot,0,1024,0.518798828,0.518798828,0.518798828,0.728027344,0.73046875,0.73236084,0.7102272725561497
default,2,double,vienot,1,1024,0.518798828,0.518798828,0.518798828,0.728637695,0.731079102,0.733520508,0.7096343290086276
default,2,float,brettel,0,1024,1.977539062,1.983642578,3.100585938,1.375366211,1.377197266,1.384521484,1.4403474556418412
default,2,float,brettel,1,1024,1.989746094,2.0111083985000002,3.479003906,1.375366211,1.3778381345000001,2.936584473,1.4596115088872945
default,2,float,brettel,2,1024,1.959228516,1.965332031,2.581787109,1.419372559,1.4212341305,1.423706055,1.3828348115370566
default,2,float,lookup,0,1024,3.045654297,3.051757812,15.197753906,2.157226562,2.1708984375,2.188354492,1.4057579844750336
default,2,float,lookup,1,1024,3.045654297,3.051757812,3.051757812,2.152893066,2.1676025395,2.181030273,1.4078954773248917
default,2,float,lookup,2,1024,3.039550781,3.076171875,3.094482422,2.162719727,2.1727905275,2.987976074,1.41577010580004
default,2,float,lookupApply,0,1024,5.340576172,5.355834961,6.127929688,6.410461426,6.44039917,7.165405273,0.8315998464734912
default,2,float,lookupApply,1,1024,5.334472656,5.352783203,6.140136719,6.381103516,6.4312438965,7.035766602,0.8323091596499835
default,2,float,lookupApply,2,1024,5.340576172,5.352783203,6.085205078,6.402526855,6.4453125,7.155639648,0.8304924242230304
default,2,float,prepared,0,1024,1.550292969,1.550292969,2.197265625,0.42175293,0.422424316,0.428466797,3.669989889975936
default,2,float,prepared,1,1024,1.550292969,1.550292969,1.556396484,0.42175293,0.422363281,0.42364502,3.670520233978389
default,2,float,prepared,2,1024,1.550292969,1.550292969,1.556396484,0.421813965,0.422973633,0.425476074,3.6652236641899614
default,2,float,vienot,0,1024,3.778076172,3.784179688,3.881835938,0.42175293,0.422424316,0.42364502,8.958243038262976
default,2,float,vienot,1,1024,3.778076172,3.784179688,4.327392578,0.421203613,0.422424316,1.158935547,8.958243038262976
bv_direct,2,double,brettel,0,1024,2.325439453,2.3590087889999998,2.935791016,2.621154785,2.6407165525,3.565002441,0.8933214686622448
bv_direct,2,double,brettel,1,1024,2.325439453,2.362060547,2.508544922,2.634643555,2.6370544435,3.232421875,0.8957192949968005
bv_direct,2,double,brettel,2,1024,2.331542969,2.3590087889999998,2.386474609,2.629699707,2.6364440915,3.561340332,0.8947691311207916
bv_direct,2,double,lookup,0,1024,4.528808594,4.629516601500001,5.432128906,3.283752441,3.289001465,3.302734375,1.407575110794303
bv_direct,2,double,lookup,1,1024,4.528808594,4.635620117,5.285644531,3.278259277,3.284667969,3.292358398,1.4112903224161468
bv_direct,2,double,lookup,2,1024,4.528808594,4.644775391,17.053222656,3.273986816,3.2868041994999997,3.373657227,1.413158530011182
bv_direct,2,double,lookupApply,0,1024,6.097412109,6.237792969,6.970214844,6.24786377,6.2943115235,6.881164551,0.9910206931625506
bv_direct,2,double,lookupApply,1,1024,6.097412109,6.25,8.184814453,6.248474121,6.2686462405,7.088378906,0.9970254757112418
bv_direct,2,double,lookupApply,2,1024,6.103515625,6.256103516,7.940673828,6.247253418,6.2643432615000005,6.949645996,0.9986846593240442
bv_direct,2,double,prepared,0,1024,0.927734375,0.9368896485,0.952148438,0.729858398,0.7335510255,0.736022949,1.2771976535121075
bv_direct,2,double,prepared,1,1024,0.927734375,0.9368896485,0.952148438,0.728637695,0.73046875,0.731750488,1.2825868984812834
bv_direct,2,double,prepared,2,1024,0.927734375,0.9368896485,2.270507812,0.728027344,0.729248047,0.731079102,1.2847338465343878
bv_direct,2,double,vienot,0,1024,0.640869141,0.653076172,0.659179688,0.731689453,0.735351562,0.737792969,0.8881142106012145
bv_direct,2,double,vienot,1,1024,0.640869141,0.653076172,0.659179688,0.729248047,0.732299805,0.733520508,0.8918153023405488
bv_direct,2,float,brettel,0,1024,1.538085938,1.559448242,1.574707031,1.375366211,1.401977539,1.420654297,1.1123204178522863
bv_direct,2,float,brettel,1,1024,1.544189453,1.559448242,1.580810547,1.375976562,1.3946228029999999,1.414550781,1.118186393227933
bv_direct,2,float,brettel,2,1024,1.544189453,1.559448242,1.580810547,1.423034668,1.4365234375,2.050231934,1.085571039978246
bv_direct,2,float,lookup,0,1024,3.039550781,3.149414062,14.74609375,2.165161133,2.2195434570000003,3.080871582,1.4189467892901002
bv_direct,2,float,lookup,1,1024,3.045654297,3.149414062,3.668212891,2.165161133,2.194458008,2.794189453,1.4351671576847964
bv_direct,2,float,lookup,2,1024,3.045654297,3.155517578,4.278564453,2.164550781,2.1782836915,2.199401855,1.448625626824145
bv_direct,2,float,lookupApply,0,1024,5.334472656,5.453491211,6.335449219,6.40435791,6.574859619,7.266845703,0.8294460303366061
bv_direct,2,float,lookupApply,1,1024,5.340576172,5.46875,5.975341797,6.42755127,6.539489746,7.140319824,0.8362655516579198
bv_direct,2,float,lookupApply,2,1024,5.346679688,5.46875,6.079101562,6.427612305,6.510131836,7.257080078,0.840036751599818
bv_direct,2,float,prepared,0,1024,1.550292969,1.5686035155,1.580810547,0.422973633,0.4297180175,0.437072754,3.6503089272955607
bv_direct,2,float,prepared,1,1024,1.342773438,1.5533447265,2.258300781,0.422973633,0.427246094,0.43157959,3.6357142834405876
bv_direct,2,float,prepared,2,1024,1.550292969,1.571655273,1.593017578,0.422424316,0.42666625999999996,0.431518555,3.6835705569969375
bv_direct,2,float,vienot,0,1024,0.592041016,0.5981445315,0.604248047,0.42175293,0.4291381835,0.435241699,1.3938273369701208
bv_direct,2,float,vienot,1,1024,0.592041016,0.601196289,0.610351562,0.421813965,0.4279174805,0.434020996,1.4049351017339429
bv_split,2,double,brettel,0,1024,2.331542969,2.3468017574999998,2.362060547,2.641296387,2.6966247560000003,3.473266602,0.8702737569542655
bv_split,2,double,brettel,1,1024,2.331542969,2.368164062,3.094482422,2.657836914,2.7107238765000004,2.767822266,0.8736279200291316
bv_split,2,double,brettel,2,1024,2.337646484,2.380371094,2.996826172,2.662109375,2.715911865,2.766052246,0.876453733523492
bv_split,2,double,lookup,0,1024,4.534912109,4.608154297,6.268310547,3.30456543,3.4393310545,4.226989746,1.3398402840490502
bv_split,2,double,lookup,1,1024,4.534912109,4.58984375,4.650878906,3.315612793,3.4378051760000004,4.222106934,1.3351087438120721
bv_split,2,double,lookup,2,1024,4.553222656,4.669189453,5.76171875,3.313720703,3.428649902,4.244140625,1.3618157544391944
bv_split,2,double,lookupApply,0,1024,6.127929688,6.207275391,6.878662109,6.318786621,6.5556335445,7.152526855,0.9468612528239527
bv_split,2,double,lookupApply,1,1024,6.121826172,6.22253418,7.989501953,6.327331543,6.548004150500001,10.127624512,0.9502947824987027
bv_split,2,double,lookupApply,2,1024,6.134033203,6.256103516,19.323730469,6.330993652,6.532409668,7.158081055,0.9577022620988503
bv_split,2,double,prepared,0,1024,0.927734375,0.9368896485,1.068115234,0.735351562,0.7509765625,0.768981934,1.247561768613784
bv_split,2,double,prepared,1,1024,0.927734375,0.9368896485,0.946044922,0.735351562,0.7509460450000001,0.765930176,1.2476124679503438
bv_split,2,double,prepared,2,1024,0.933837891,0.946044922,1.07421875,0.737792969,0.7518615725,0.765930176,1.2582700813586267
bv_split,2,double,vienot,0,1024,0.646972656,0.650024414,1.373291016,0.732910156,0.751586914,0.773925781,0.864869254495828
bv_split,2,double,vienot,1,1024,0.640869141,0.650024414,0.653076172,0.735412598,0.7518920895,0.768981934,0.8645182241939254
bv_split,2,float,brettel,0,1024,1.544189453,1.5533447265,2.770996094,1.385742188,1.413604736,1.444458008,1.0988536519023095
bv_split,2,float,brettel,1,1024,1.544189453,1.5533447265,2.276611328,1.386413574,1.4203186035000002,1.456054688,1.0936593540859016
bv_split,2,float,brettel,2,1024,1.550292969,1.559448242,1.5625,1.432189941,1.4692077635,1.505615234,1.0614211827230111
bv_split,2,float,lookup,0,1024,3.045654297,3.073120117,3.698730469,2.180419922,2.232421875,4.49597168,1.3765857391986003
bv_split,2,float,lookup,1,1024,3.051757812,3.076171875,3.753662109,2.182250977,2.2369995114999996,3.185974121,1.3751330115120592
bv_split,2,float,lookup,2,1024,3.051757812,3.0853271485000002,3.759765625,2.177368164,2.2336120604999996,2.282531738,1.3813173751440715
bv_split,2,float,lookupApply,0,1024,5.358886719,5.377197266,17.169189453,6.466125488,6.7546386720000005,7.666625977,0.7960747461281819
bv_split,2,float,lookupApply,1,1024,5.334472656,5.380249023499999,6.036376953,6.480773926,6.6476135255,7.45880127,0.8093504537924118
bv_split,2,float,lookupApply,2,1024,5.358886719,5.407714844,6.475830078,6.456298828,6.772033691500001,7.35369873,0.7985363172052079
bv_split,2,float,prepared,0,1024,1.287841797,1.303100586,1.318359375,0.425415039,0.434020996,0.443786621,3.002390663146628
bv_split,2,float,prepared,1,1024,1.281738281,1.3092041015,1.318359375,0.426025391,0.444091797,1.106384277,2.948048377259263
bv_split,2,float,prepared,2,1024,1.251220703,1.2939453125,1.916503906,0.426025391,0.4364624025,0.445617676,2.9646203317592743
bv_split,2,float,vienot,0,1024,0.592041016,0.598144531,1.513671875,0.424194336,0.433074951,0.442565918,1.3811570713541454
bv_split,2,float,vienot,1,1024,0.592041016,0.598144531,0.701904297,0.425415039,0.435852051,0.446899414,1.3723568115089584
bv_portable,2,double,brettel,0,1024,2.398681641,2.416992188,2.435302734,2.695739746,2.701843262,4.465393066,0.8945715771131952
bv_portable,2,double,brettel,1,1024,2.398681641,2.416992188,3.924560547,2.702453613,2.7146911620000003,4.963562012,0.8903378114729353
bv_portable,2,double,brettel,2,1024,2.392578125,2.416992188,9.869384766,2.700012207,2.801208496,13.536132812,0.8628390894327774
bv_portable,2,double,lookup,0,1024,4.638671875,4.705810547,6.707763672,3.37298584,3.4020690919999996,13.276977539,1.3832201580108296
bv_portable,2,double,lookup,1,1024,4.608154297,4.702758789,13.665771484,3.370544434,3.408203125,16.001403809,1.3798352435346704
bv_portable,2,double,lookup,2,1024,4.620361328,4.6875,6.958007812,3.350402832,3.7391662595,12.834350586,1.253621709944187
bv_portable,2,double,lookupApply,0,1024,6.323242188,6.350708008,16.89453125,6.428222656,6.6140136715,10.290222168,0.9601897309897327
bv_portable,2,double,lookupApply,1,1024,6.274414062,6.341552734,23.834228516,6.417175293,6.5037231445,13.537902832,0.9750649886385243
bv_portable,2,double,lookupApply,2,1024,6.243896484,6.3262939455,14.978027344,6.390319824,8.3212890625,34.927734375,0.7602540781823729
bv_portable,2,double,prepared,0,1024,0.958251953,0.964355469,1.086425781,0.75,0.751586914,2.539855957,1.2830924155765704
bv_portable,2,double,prepared,1,1024,0.958251953,0.964355469,10.607910156,0.749450684,0.7533874515000001,1.742736816,1.2800259243500287
bv_portable,2,double,prepared,2,1024,0.946044922,0.970458984,2.502441406,0.74822998,0.7525024415,10.428405762,1.2896423060974214
bv_portable,2,double,vienot,0,1024,0.524902344,0.5310058595,0.543212891,0.747558594,0.752807617,0.818481445,0.7053672777861917
bv_portable,2,double,vienot,1,1024,0.531005859,0.537109375,2.416992188,0.75,0.7539978025,0.982299805,0.7123487273028226
bv_portable,2,float,brettel,0,1024,1.580810547,1.599121094,1.623535156,1.408996582,1.423339844,4.288085938,1.123499142345375
bv_portable,2,float,brettel,1,1024,1.580810547,1.614379883,12.487792969,1.409606934,1.4196777345,1.599731445,1.1371453138754568
bv_portable,2,float,brettel,2,1024,1.574707031,1.5991210935,1.617431641,1.456054688,1.465545654,2.866882324,1.0911438269667169
bv_portable,2,float,lookup,0,1024,3.149414062,3.1677246095,4.187011719,2.218322754,2.2387695315,9.296875,1.4149400217080808
bv_portable,2,float,lookup,1,1024,3.149414062,3.1616210935,3.875732422,2.220153809,2.230560303,4.903625488,1.4174111720932927
bv_portable,2,float,lookup,2,1024,3.125,3.170776367,3.887939453,2.22442627,2.2320556639999998,4.61517334,1.4205633032098077
bv_portable,2,float,lookupApply,0,1024,5.46875,5.584716797,6.4453125,6.598144531,6.659851074500001,13.901062012,0.8385648169196158
bv_portable,2,float,lookupApply,1,1024,5.462646484,5.578613281,7.061767578,6.612792969,6.741149902,16.041137695,0.8275462439049023
bv_portable,2,float,lookupApply,2,1024,5.438232422,5.5694580075,6.463623047,6.584716797,6.6589660644999995,17.347473145,0.8363848011167471
bv_portable,2,float,prepared,0,1024,1.336669922,1.364135742,1.373291016,0.432189941,0.436462402,3.02154541,3.1254370038498753
bv_portable,2,float,prepared,1,1024,1.336669922,1.354980469,1.3671875,0.432128906,0.434326172,0.436462402,3.1197301851752095
bv_portable,2,float,prepared,2,1024,1.330566406,1.351928711,1.3671875,0.432800293,0.4349365235,0.464599609,3.1083356718833937
bv_portable,2,float,vienot,0,1024,0.604248047,0.61340332,0.622558594,0.433349609,0.435852051,0.503662109,1.4073659137146057
bv_portable,2,float,vienot,1,1024,0.604248047,0.61340332,0.622558594,0.434631348,0.4700622555,0.518371582,1.3049405963206504
bv_compiler,2,double,brettel,0,1024,2.362060547,2.4078369139999998,8.953857422,2.615661621,2.6290893554999997,3.487976074,0.9158444573071872
bv_compiler,2,double,brettel,1,1024,2.355957031,2.362060547,2.368164062,2.63092041,2.641052246,3.466552734,0.8943634305521421
bv_compiler,2,double,brettel,2,1024,2.355957031,2.3590087889999998,2.996826172,2.637084961,2.645904541,3.445739746,0.8915698780684014
bv_compiler,2,double,lookup,0,1024,4.58984375,4.769897461,12.524414062,3.277099609,3.296020508,3.983093262,1.4471686233209569
bv_compiler,2,double,lookup,1,1024,4.58984375,4.672241210999999,5.450439453,3.276428223,3.2956848145,4.022766113,1.4176844795484005
bv_compiler,2,double,lookup,2,1024,4.608154297,4.748535156,5.725097656,3.277038574,3.2868347165,4.675048828,1.444713703479589
bv_compiler,2,double,lookupApply,0,1024,6.25,6.3537597654999995,19.873046875,6.264404297,6.282379150500001,7.848815918,1.0113620355107535
bv_compiler,2,double,lookupApply,1,1024,6.188964844,6.237792969,6.982421875,6.260070801,6.279937744,7.068786621,0.993288982038036
bv_compiler,2,double,lookupApply,2,1024,6.195068359,6.225585938,17.907714844,6.258850098,6.2716979980000005,7.090820312,0.9926475955929789
bv_compiler,2,double,prepared,0,1024,0.939941406,0.9552001955,0.9765625,0.728027344,0.7319946285,0.735961914,1.304927875573885
bv_compiler,2,double,prepared,1,1024,0.939941406,0.939941406,1.690673828,0.72869873,0.7317199704999999,0.735961914,1.2845643742068675
bv_compiler,2,double,prepared,2,1024,0.933837891,0.939941406,0.939941406,0.73046875,0.7607727049999999,0.973815918,1.2355088449184044
bv_compiler,2,double,vienot,0,1024,0.524902344,0.537109375,0.543212891,0.728637695,0.7368774415,1.445068359,0.7288991964615598
bv_compiler,2,double,vienot,1,1024,0.524902344,0.524902344,0.5859375,0.728637695,0.733215332,0.737243652,0.7158911183270238
bv_compiler,2,float,brettel,0,1024,1.556396484,1.580810547,4.498291016,1.383361816,1.3934020995,2.12298584,1.1344970325272572
bv_compiler,2,float,brettel,1,1024,1.5625,1.577758789,13.592529297,1.377807617,1.385131836,1.390625,1.1390675948625009
bv_compiler,2,float,brettel,2,1024,1.5625,1.5716552735,1.580810547,1.420593262,1.4270629879999999,1.432861328,1.1013215861639318
bv_compiler,2,float,lookup,0,1024,3.076171875,3.1158447264999998,4.119873047,2.166992188,2.17767334,3.151733398,1.4308136437487908
bv_compiler,2,float,lookup,1,1024,3.076171875,3.1158447264999998,3.887939453,2.161499023,2.1764526369999997,3.460449219,1.4316161415737714
bv_compiler,2,float,lookup,2,1024,3.094482422,3.1494140625,3.973388672,2.163330078,2.1697387695000003,2.178039551,1.4515176235827496
bv_compiler,2,float,lookupApply,0,1024,5.395507812,5.459594726500001,6.176757812,6.452026367,6.478942871,7.28338623,0.8426675207983942
bv_compiler,2,float,lookupApply,1,1024,5.395507812,5.456542969,16.198730469,6.426330566,6.4719238279999995,7.129333496,0.8431098872630305
bv_compiler,2,float,lookupApply,2,1024,5.444335938,5.477905273499999,6.0546875,6.428161621,6.462402344,7.171508789,0.8476577257041177
bv_compiler,2,float,prepared,0,1024,1.318359375,1.3305664065,1.336669922,0.425415039,0.426361084,0.428527832,3.1207501257314565
bv_compiler,2,float,prepared,1,1024,1.324462891,1.333618164,1.336669922,0.422363281,0.424835205,0.426635742,3.1391423034256305
bv_compiler,2,float,prepared,2,1024,1.324462891,1.330566406,2.392578125,0.422363281,0.424804688,0.426086426,3.132183903770855
bv_compiler,2,float,vienot,0,1024,0.604248047,0.628662109,3.3203125,0.425415039,0.426025391,0.42791748,1.4756446969612664
bv_compiler,2,float,vienot,1,1024,0.598144531,0.604248047,0.610351562,0.422363281,0.42514038099999996,0.426696777,1.4212906465829227
default,0,double,brettel,0,8191,2.863661336,3.5400897325000003,4.945977292,2.648570077,2.7361471435,2.781536137,1.2938228636240738
default,0,double,brettel,1,8191,2.302069344,2.351284947,3.060523746,2.638559089,2.7527621780000002,2.84901111,0.854154770721352
default,0,double,brettel,2,8191,2.260102552,2.299017214,2.904865096,2.628319192,2.7192917535000003,2.880577768,0.8454470584264947
default,0,double,lookup,0,8191,4.687309242,4.8635697715,7.133591747,3.294072763,3.4050291479999997,3.524783299,1.4283489392026785
default,0,double,lookup,1,8191,4.711726285,4.7914631915,6.310279575,3.285130021,3.3959757665,3.548238921,1.4109238466204468
default,0,double,lookup,2,8191,4.715541448,4.803671713,7.018373825,3.32701288,3.4163792575,3.528293249,1.4060709748352638
default,0,double,lookupApply,0,8191,6.344616042,6.4579263825,6.910786229,6.331758943,6.4844493960000005,6.644312355,0.9959097508700798
default,0,double,lookupApply,1,8191,6.387345867,6.4869216215000005,6.568947625,6.28651874,6.4756974115000006,6.72332438,1.0017332820369382
default,0,double,lookupApply,2,8191,6.415578073,6.481198876500001,6.619307777,6.313423269,6.4928541995,6.769564156,0.9982048999343159
default,0,double,prepared,0,8191,0.980496887,0.991179343,1.08121719,0.729031864,0.7539067269999999,0.794515322,1.3147240998155998
default,0,double,prepared,1,8191,0.986601148,1.003387865,1.154468319,0.723446466,0.7532886704999999,0.843265474,1.3320097650400016
default,0,double,prepared,2,8191,0.991942376,0.99461299,1.240691002,0.721233671,0.7567261325000001,0.829210414,1.3143632118453368
default,0,double,vienot,0,8191,0.52878159,0.532215236,0.615004273,0.727727079,0.752067818,0.793599683,0.7076692065023317
default,0,double,vienot,1,8191,0.533359785,0.538319497,0.629501892,0.721844097,0.752754548,0.843730924,0.7151328390247069
default,0,float,brettel,0,8191,2.194481748,2.993376877,3.72588817,1.428404651,1.4708178185,1.550901905,2.0351785512448903
default,0,float,brettel,1,8191,2.183799292,2.2177542425,2.705713588,1.405399219,1.429285954,1.47425528,1.5516518834410933
default,0,float,brettel,2,8191,2.05103162,2.08918325,2.321145159,1.439026065,1.476891558,1.521326761,1.4145813473462892
default,0,float,lookup,0,8191,3.200158711,3.2436515685,5.810493224,2.222469784,2.262963924,2.309424979,1.4333642415149697
default,0,float,lookup,1,8191,3.195580515,3.2417439875,3.60838115,2.212527469,2.2649897755,2.313552985,1.431240009365773
default,0,float,lookup,2,8191,3.152087657,3.202066292,5.696801367,2.201219326,2.277522586,2.3448068,1.4059427167410756
default,0,float,lookupApply,0,8191,5.554114272,5.637284825,5.906635331,6.586764437,6.6725102245,6.717822915,0.8448521823617627
default,0,float,lookupApply,1,8191,5.586161641,5.719692345,6.353009401,6.555052802,6.6359838545,6.76169729,0.8619207747350616
default,0,float,lookupApply,2,8191,5.50070199,5.6075265535,6.434653888,6.509659993,6.676371169499999,6.835894579,0.8399063519891081
default,0,float,prepared,0,8191,1.605420584,1.619918203,1.6924063,0.426947259,0.42958353650000003,0.432219814,3.7709038297839883
default,0,float,prepared,1,8191,1.530643389,1.6439537295,1.710719082,0.425650104,0.4321816625,0.473484617,3.803848872232056
default,0,float,prepared,2,8191,1.587870834,1.6248779144999999,1.696221463,0.421598401,0.42767214,0.433677207,3.7993541372603787
default,0,float,vienot,0,8191,3.909015993,3.9662434380000002,4.060096447,0.426870956,0.432067208,0.520258515,9.179690947524998
default,0,float,vienot,1,8191,3.935722134,4.018892686999999,4.145556098,0.425192284,0.4321816625,0.465312538,9.299081927151407
bv_direct,0,double,brettel,0,8191,2.320382127,2.423010011,2.727078501,2.608755036,2.6132645585,2.697022647,0.9271965990273847
bv_direct,0,double,brettel,1,8191,2.318093029,2.3932517395,2.453149799,2.609136552,2.6263353074999998,2.703897571,0.9112514052054262
bv_direct,0,double,brettel,2,8191,2.321145159,2.3631119524999997,3.878494689,2.623580759,2.628204737,2.740576547,0.8991354133230146
bv_direct,0,double,lookup,0,8191,4.515626908,4.622451471,4.871200098,3.270762117,3.275965999,3.365065316,1.4110193672373337
bv_direct,0,double,lookup,1,8191,4.51333781,4.6041386885,4.662892199,3.26754975,3.2748138200000003,3.543805701,1.4059237995093106
bv_direct,0,double,lookup,2,8191,4.511811745,4.587733488,5.036015139,3.273287755,3.2836421070000004,3.417951105,1.3971478433109272
bv_direct,0,double,lookupApply,0,8191,6.157673056,6.301123184,6.823800513,6.237692284,6.3031833719999995,6.338328653,0.9996731511875172
bv_direct,0,double,lookupApply,1,8191,6.153857893,6.3045568305,6.459070932,6.240294225,6.3082232025,6.343532536,0.9994187948202995
bv_direct,0,double,lookupApply,2,8191,6.152331828,6.253433647,6.401080454,6.247169149,6.307692895000001,6.400309791,0.9913979248984979
bv_direct,0,double,prepared,0,8191,0.94921255,0.991942376,1.114790624,0.718326517,0.7203142165,0.851376511,1.3770967631596092
bv_direct,0,double,prepared,1,8191,0.949975583,0.979352338,1.02856794,0.717945001,0.7201234585,0.805899768,1.3599783848730154
bv_direct,0,double,prepared,2,8191,0.947686485,0.967525333,1.067482603,0.719013246,0.7203104015,0.824243072,1.3432061108449784
bv_direct,0,double,vienot,0,8191,0.647051642,0.665364424,0.729459162,0.717800024,0.718940758,0.757378525,0.9254787916753496
bv_direct,0,double,vienot,1,8191,0.639421316,0.6489592235,0.706568185,0.717563484,0.7185592415,0.719471066,0.9031394852639997
bv_direct,0,float,brettel,0,8191,1.542088878,1.5928305455,1.954889513,1.369178061,1.372047064,1.493819436,1.1609153849696223
bv_direct,0,float,brettel,1,8191,1.537510682,1.585581736,1.63670492,1.369483274,1.371352704,1.436889574,1.1562173111083172
bv_direct,0,float,brettel,2,8191,1.549719204,1.607328165,1.670278354,1.41197656,1.413693383,1.456987853,1.1369708483667706
bv_direct,0,float,lookup,0,8191,3.05594555,3.144075815,4.682731046,2.168210536,2.172029514,2.332888231,1.4475290481711196
bv_direct,0,float,lookup,1,8191,3.080362593,3.2074075205,3.477139543,2.170575937,2.1736356975,2.232862288,1.4755957146770222
bv_direct,0,float,lookup,2,8191,3.091808082,3.2070260040000003,3.337504578,2.169812904,2.175234251,3.847034855,1.4743359261310198
bv_direct,0,float,lookupApply,0,8191,5.34504334,5.473995849,5.622787205,6.399317849,6.437946374,6.756951227,0.8502704948129162
bv_direct,0,float,lookupApply,1,8191,5.358777927,5.585398608,6.394213161,6.380058906,6.440926016000001,6.708887804,0.8671732285272689
bv_direct,0,float,lookupApply,2,8191,5.401507752,5.528934196,6.237791478,6.394808326,6.442795446,6.48734892,0.8581576494769255
bv_direct,0,float,prepared,0,8191,1.545141008,1.5947381269999998,1.645098279,0.414113051,0.4148760835,0.416020632,3.8438902371676478
bv_direct,0,float,prepared,1,8191,1.546667074,1.596264192,1.696984495,0.414639543,0.4148341165,0.457590648,3.847957842686258
bv_direct,0,float,prepared,2,8191,1.472652912,1.613432426,1.661884996,0.414258027,0.414647174,0.456598706,3.8910971234546503
bv_direct,0,float,vienot,0,8191,0.595928458,0.613478208,0.667653522,0.413952814,0.4152537845,0.509095349,1.4773572954637333
bv_direct,0,float,vienot,1,8191,0.592113295,0.603558784,0.656971066,0.414486937,0.41479215,0.415249969,1.4550872864879432
bv_split,0,double,brettel,0,8191,2.315040899,2.3203821265,2.706476621,2.606839824,2.616358656,2.665234709,0.886874634400277
bv_split,0,double,brettel,1,8191,2.316566964,2.337168844,2.430258821,2.622359907,2.629158528,2.680358015,0.8889417732364291
bv_split,0,double,brettel,2,8191,2.315040899,2.328393969,2.396685386,2.617308631,2.6583903065,2.753723599,0.8758661071351601
bv_split,0,double,lookup,0,8191,4.522494201,4.565987059,5.012361128,3.266099988,3.2792088875000003,3.333735197,1.3924050634301044
bv_split,0,double,lookup,1,8191,4.519442071,4.5816292270000005,4.628555732,3.269625198,3.3002228055,3.393877426,1.3882787608656202
bv_split,0,double,lookup,2,8191,4.51638994,4.5743804175000005,4.65144671,3.268167806,3.31577341,3.464641069,1.3795817300736484
bv_split,0,double,lookupApply,0,8191,6.125625687,6.1931540715,6.569710658,6.252441704,6.2896548039999995,6.358281956,0.9846572291314576
bv_split,0,double,lookupApply,1,8191,6.127914785,6.2095592725,6.250763033,6.260926627,6.311664479,6.388536198,0.983822776568729
bv_split,0,double,lookupApply,2,8191,6.125625687,6.2045995605,6.320962031,6.266351789,6.3346660969999995,6.596859358,0.9794674992322647
bv_split,0,double,prepared,0,8191,0.948449518,0.94921255,0.994231474,0.71886064,0.7197381275,0.77808723,1.318830438088748
bv_split,0,double,prepared,1,8191,0.948449518,0.9579874255,1.02551581,0.719478696,0.720199762,0.791615798,1.3301690392671917
bv_split,0,double,prepared,2,8191,0.946923453,0.954553779,2.561500427,0.719623672,0.727879685,0.841212917,1.3114169809533838
bv_split,0,double,vienot,0,8191,0.638658283,0.638658283,0.701989989,0.717410878,0.7195092175,0.759751557,0.8876304395641743
bv_split,0,double,vienot,1,8191,0.638658283,0.644762544,0.745482847,0.717647418,0.719245971,0.758370468,0.8964423437833898
bv_split,0,float,brettel,0,8191,1.535984617,1.5382737149999999,1.934287633,1.369864791,1.3715472775,1.471729642,1.121560838795074
bv_split,0,float,brettel,1,8191,1.538273715,1.53979978,1.690880234,1.371474789,1.3733442194999999,1.461878891,1.1212045444517926
bv_split,0,float,brettel,2,8191,1.538273715,1.5417073614999999,1.731320962,1.412739592,1.414876084,1.454767428,1.0896412618279863
bv_split,0,float,lookup,0,8191,3.060523746,3.0734953,3.910542058,2.167821389,2.1727887315,2.259064827,1.4145394144594035
bv_split,0,float,lookup,1,8191,3.066628006,3.0746398485,3.457300696,2.169660298,2.1770311925000003,2.549764986,1.4123085875353159
bv_split,0,float,lookup,2,8191,3.064338909,3.0765474305,3.465694054,2.172109633,2.176115554,2.259453974,1.4137794405471171
bv_split,0,float,lookupApply,0,8191,5.344280308,5.3965480405,5.525119033,6.384949945,6.4367636735,6.504776584,0.8383946209983532
bv_split,0,float,lookupApply,1,8191,5.348095471,5.396929557,5.742583323,6.389154255,6.446580088,6.498428153,0.8371771518120322
bv_split,0,float,lookupApply,2,8191,5.346569405,5.399981687,5.83262117,6.396334391,6.4455118425,6.617644366,0.8377894291333001
bv_split,0,float,prepared,0,8191,1.30173361,1.30478574,1.390245391,0.414341961,0.415101178,0.53301642,3.1432956810351427
bv_split,0,float,prepared,1,8191,1.303259675,1.3051672564999999,1.386430228,0.414258027,0.41468532550000003,0.453615248,3.1473678383152714
bv_split,0,float,prepared,2,8191,1.304022708,1.305548773,1.409321206,0.414944756,0.4152576,0.415715419,3.1439491366322976
bv_split,0,float,vienot,0,8191,0.592113295,0.592876328,0.708857282,0.414410634,0.4150592115,0.415562813,1.4284138541519875
bv_split,0,float,vienot,1,8191,0.592876328,0.59363936,0.604321817,0.414486937,0.41502487499999996,0.831736052,1.430370553090342
bv_portable,0,double,brettel,0,8191,2.317329996,2.3268679035,2.710291784,2.605855512,2.6240042425,2.674246124,0.886762249013399
bv_portable,0,double,brettel,1,8191,2.32724942,2.3482328165,2.44475644,2.623504456,2.6596111584999997,2.733007264,0.8829233585500466
bv_portable,0,double,brettel,2,8191,2.317329996,2.3222897085,3.852551581,2.623275546,2.6876602370000002,2.785435234,0.8640562808237133
bv_portable,0,double,lookup,0,8191,4.533176657,4.612150531,5.029910878,3.270235624,3.306224057,3.356588023,1.3949903126604708
bv_portable,0,double,lookup,1,8191,4.517152973,4.576287999,4.633133927,3.272746002,3.3334299845000004,3.570244781,1.372846593532524
bv_portable,0,double,lookup,2,8191,4.511048712,4.556830668,4.647631547,3.27106733,3.3606320965,3.511559944,1.3559445179214369
bv_portable,0,double,lookupApply,0,8191,6.146990599,6.2045995605,6.535374191,6.274752777,6.3179633135,6.377769808,0.9820569149621733
bv_portable,0,double,lookupApply,1,8191,6.139360273,6.2259644735,6.258393359,6.26803046,6.3750534125,6.455248138,0.9766136957052516
bv_portable,0,double,lookupApply,2,8191,6.13249298,6.1683555125,6.30570138,6.271471737,6.449521579,6.707819558,0.9564051281857103
bv_portable,0,double,prepared,0,8191,0.948449518,0.952264681,0.996520571,0.719936516,0.7220348555,0.76287999,1.3188624811479062
bv_portable,0,double,prepared,1,8191,0.952264681,0.960658039,1.02856794,0.719631303,0.727421865,0.824784825,1.3206339886415155
bv_portable,0,double,prepared,2,8191,0.94616042,0.94921255,1.060615309,0.720157795,0.7348690634999999,0.806823037,1.2916757517034871
bv_portable,0,double,vienot,0,8191,0.512757905,0.51428397,0.579141741,0.718028934,0.720470639,0.790242339,0.7138166944787878
bv_portable,0,double,vienot,1,8191,0.515047003,0.520388231,0.598980588,0.717639788,0.7251632889999999,1.29260774,0.7176152445852786
bv_portable,0,float,brettel,0,8191,1.535984617,1.5531528505,1.948785252,1.369261995,1.372848248,1.468906422,1.1313361493250782
bv_portable,0,float,brettel,1,8191,1.539036748,1.545904041,1.610761812,1.369635881,1.3719707605,1.455454157,1.1267762298641204
bv_portable,0,float,brettel,2,8191,1.537510682,1.540562813,1.61305091,1.41105329,1.4144602305,1.491599011,1.089152441179222
bv_portable,0,float,lookup,0,8191,3.093334147,3.098293859,4.400408985,2.168973569,2.1757340375,2.283138506,1.424022332509012
bv_portable,0,float,lookup,1,8191,3.0734953,3.1124099625,3.47027225,2.169347455,2.174623825,2.267397143,1.4312406250308605
bv_portable,0,float,lookup,2,8191,3.05899768,3.082651691,3.174978635,2.177153278,2.1802054085,2.223606702,1.4139271827239852
bv_portable,0,float,lookupApply,0,8191,5.312232939,5.404559882999999,5.563270663,6.39045141,6.4650378465,6.744345928,0.835967245872487
bv_portable,0,float,lookupApply,1,8191,5.319100232,5.382050421000001,5.81507142,6.393808754,6.4443672935,6.488951288,0.8351557532154495
bv_portable,0,float,lookupApply,2,8191,5.313759004,5.3770907095,5.99133195,6.403827372,6.443447839,6.471226041,0.8345051971949392
bv_portable,0,float,prepared,0,8191,1.303259675,1.3189018435,1.374221707,0.414189354,0.414723477,0.506722317,3.180195760897327
bv_portable,0,float,prepared,1,8191,1.30478574,1.3127975825,1.49554389,0.414418264,0.41479596500000004,0.454683494,3.164923705321
bv_portable,0,float,prepared,2,8191,1.304022708,1.30478574,1.521486998,0.414944756,0.41548269449999997,0.425421194,3.140409353439389
bv_portable,0,float,vienot,0,8191,0.592876328,0.599743621,0.673757783,0.413952814,0.4144526005,0.454385911,1.4470740930964432
bv_portable,0,float,vienot,1,8191,0.592876328,0.5959284579999999,0.598217556,0.41456324,0.41502106,0.558158345,1.4358993203862955
bv_compiler,0,double,brettel,0,8191,2.339457942,2.379898669,2.843822488,2.638024966,2.705618209,2.752037297,0.8796136354654465
bv_compiler,0,double,brettel,1,8191,2.347088268,2.3901996094999998,2.433310951,2.628395495,2.690445306,2.746924979,0.8884029733552219
bv_compiler,0,double,brettel,2,8191,2.325723355,2.3768465384999997,2.46841045,2.675932426,2.696679282,2.82234312,0.8813975597191538
bv_compiler,0,double,lookup,0,8191,4.585062874,4.6537358075,5.532749359,3.280544195,3.3516550174999997,3.421918874,1.3884889056903067
bv_compiler,0,double,lookup,1,8191,4.549200342,4.6277926990000005,4.955133683,3.336024295,3.3586443965,3.440643694,1.3778751641056624
bv_compiler,0,double,lookup,2,8191,4.524783299,4.6762452695,5.037541204,3.320359236,3.34901874,3.490698633,1.3963031062346338
bv_compiler,0,double,lookupApply,0,8191,6.198113783,6.3114241245,6.64677695,6.304022708,6.4654918509999995,6.861341717,0.9761707647228463
bv_compiler,0,double,lookupApply,1,8191,6.188957392,6.2789952385,6.456018801,6.396410695,6.450475369,6.503013979,0.9734158925210215
bv_compiler,0,double,lookupApply,2,8191,6.148516665,6.3644548895,6.447625443,6.367217068,6.450711909,6.723866134,0.9866282945639451
bv_compiler,0,double,prepared,0,8191,0.961421072,0.975155659,1.019411549,0.727040349,0.7451928944999999,0.791386888,1.3085949506460306
bv_compiler,0,double,prepared,1,8191,0.959895007,0.977444756,1.065956538,0.730252716,0.735750366,0.782673056,1.3285005365529101
bv_compiler,0,double,prepared,2,8191,0.952264681,0.980496887,2.376083506,0.733915273,0.73536885,0.811027347,1.3333402509502545
bv_compiler,0,double,vienot,0,8191,0.518862166,0.5234403615000001,0.527255524,0.72658253,0.7454179895,0.80009309,0.7022105300290717
bv_compiler,0,double,vienot,1,8191,0.518862166,0.5242033939999999,0.638658283,0.723827982,0.7392336100000001,0.801931999,0.7091173708944319
bv_compiler,0,float,brettel,0,8191,1.53674765,1.5531528505,1.94802222,1.372085215,1.42790868,1.469211635,1.0877116108713618
bv_compiler,0,float,brettel,1,8191,1.55734953,1.562690758,1.681723843,1.370101331,1.4285954095000002,1.534550116,1.093865168268273
bv_compiler,0,float,brettel,2,8191,1.55734953,1.5668874375000001,1.619918203,1.411671347,1.471882249,1.51521487,1.0645467316183388
bv_compiler,0,float,lookup,0,8191,3.088755952,3.1528506895,4.507233549,2.167439873,2.2589885240000003,2.565269808,1.3956913264513777
bv_compiler,0,float,lookup,1,8191,3.109357832,3.1448388475,3.522921499,2.167752716,2.237974606,2.298269442,1.4052165020410425
bv_compiler,0,float,lookup,2,8191,3.09409718,3.134537907,3.354291295,2.186393603,2.2458834395,2.302695031,1.3956814729876812
bv_compiler,0,float,lookupApply,0,8191,5.320626297,5.4182944695,7.309852277,6.395571359,6.6036198265,7.173811195,0.8205036952243453
bv_compiler,0,float,lookupApply,1,8191,5.384721035,5.434318154,5.867720669,6.403819741,6.5958254489999995,6.90191979,0.8239026632858975
bv_compiler,0,float,lookupApply,2,8191,5.375564644,5.464839458,5.966151874,6.414601392,6.588641496999999,6.721111586,0.8294334212125977
bv_compiler,0,float,prepared,0,8191,1.304022708,1.3166127455,1.374984739,0.415326273,0.429545385,0.475552436,3.0651306974232773
bv_compiler,0,float,prepared,1,8191,1.32233549,1.323861555,1.40169088,0.414486937,0.4232808875,0.471729642,3.1276194935685586
bv_compiler,0,float,prepared,2,8191,1.31928336,1.326150653,1.376510805,0.414494567,0.433211757,0.474171347,3.0612065152239163
bv_compiler,0,float,vienot,0,8191,0.591350262,0.598980588,0.700463924,0.415402576,0.431914601,0.530956232,1.3868032861431328
bv_compiler,0,float,vienot,1,8191,0.599743621,0.6020327185000001,0.6905445,0.414494567,0.4233953425,0.431990905,1.4219162519483786
default,1,double,brettel,0,8191,2.873580759,3.4222011965,4.665181297,2.612150531,2.6166982055,2.681472042,1.3078318276471184
default,1,double,brettel,1,8191,2.2448419,2.2841380785,2.814064217,2.630341228,2.6334009885,2.693001465,0.8673719226486117
default,1,double,brettel,2,8191,2.136491271,2.2002044925,4.265352216,2.624839763,2.631527744,2.897959651,0.8360939752645831
default,1,double,lookup,0,8191,4.521731168,4.583536809,5.012361128,3.274401782,3.2807463985,3.343715664,1.3971018336240963
default,1,double,lookup,1,8191,4.526309364,4.566750091499999,4.693413503,3.275851544,3.2807425835,3.337214626,1.3919867149796452
default,1,double,lookup,2,8191,4.526309364,4.5785770965,4.756745208,3.272646807,3.28605329,3.391550177,1.3933362281230686
default,1,double,lookupApply,0,8191,6.152331828,6.208033207,6.644487853,6.258561226,6.3076585585,6.360891527,0.9842056524499494
default,1,double,lookupApply,1,8191,6.143175436,6.184379197,6.307990477,6.262460322,6.3150714195,6.481778782,0.9793047118839477
default,1,double,lookupApply,2,8191,6.140886339,6.189720425,6.365980955,6.26544378,6.326616103,6.380295446,0.9783619432930211
default,1,double,prepared,0,8191,0.949975583,0.955316811,1.039250397,0.719554999,0.721393908,0.762048285,1.3242651489094637
default,1,double,prepared,1,8191,0.949975583,0.952264681,1.014833354,0.720096753,0.722122604,0.779475949,1.3187022199903329
default,1,double,prepared,2,8191,0.949975583,0.951120132,1.027041875,0.719554999,0.7216991210000001,0.788563667,1.3178901072819789
default,1,double,vienot,0,8191,0.513520938,0.518862166,0.564644122,0.7188759,0.7198602125,0.759988097,0.7207818365152387
default,1,double,vienot,1,8191,0.513520938,0.5146654865,0.557013796,0.718646991,0.7210123915,0.772219509,0.7138094886681292
default,1,float,brettel,0,8191,2.190666585,3.077691979,3.563362227,1.371795263,1.373779148,1.483976315,2.2403105939412615
default,1,float,brettel,1,8191,2.198296911,2.2101239164999997,2.757599805,1.372024173,1.3735578684999998,1.457537236,1.6090504573451831
default,1,float,brettel,2,8191,1.9686241,2.0186027345,2.287571725,1.414280918,1.415356794,1.470524051,1.4262147488585835
default,1,float,lookup,0,8191,3.101727506,3.139497619,4.453821267,2.173048163,2.176104108,2.290127884,1.442714807374464
default,1,float,lookup,1,8191,3.098675375,3.1356824559999996,3.495452326,2.166936272,2.1738874985,2.273837138,1.442430879318109
default,1,float,lookup,2,8191,3.098675375,3.141786717,3.234495178,2.168698877,2.172018069,2.222881822,1.4464827718705318
default,1,float,lookupApply,0,8191,5.364119155,5.468273105,5.658649738,6.399859602,6.4642442925,6.820618667,0.8459261218429578
default,1,float,lookupApply,1,8191,5.328256623,5.425161763,5.920369918,6.408726041,6.447545324,6.50936241,0.8414305740210413
default,1,float,lookupApply,2,8191,5.356488829,5.4247802465,5.83262117,6.394503113,6.4537297030000005,6.681082896,0.8405651454504368
default,1,float,prepared,0,8191,1.546667074,1.5783329265,1.701562691,0.41502869,0.4155246615,0.483732145,3.7984097521489706
default,1,float,prepared,1,8191,1.545141008,1.580622024,1.642046148,0.41503632,0.415417837,0.415715419,3.8048968609886624
default,1,float,prepared,2,8191,1.305548773,1.572610182,1.61305091,0.415104993,0.41568489799999997,0.456835246,3.783178531542419
default,1,float,vienot,0,8191,3.777011354,3.845302771,3.976162862,0.414952387,0.415181297,0.415646746,9.261743722044397
default,1,float,vienot,1,8191,3.775485289,3.851407032,3.928854841,0.415112624,0.415646746,0.487623611,9.26605842356336
bv_direct,1,double,brettel,0,8191,2.339457942,2.4020266145,2.961329508,2.611082285,2.7256363695,3.519327616,0.8812718532005192
bv_direct,1,double,brettel,1,8191,2.32419729,2.4088939079999996,2.6591686,2.631638384,2.741572305,2.895670553,0.8786541590045714
bv_direct,1,double,brettel,2,8191,2.319619094,2.425299109,2.589732633,2.636529423,2.6771074959999996,2.769121597,0.9059401285244469
bv_direct,1,double,lookup,0,8191,4.528598462,4.7136338665,5.619735075,3.276538274,3.4211978084999997,3.608350629,1.377772970270509
bv_direct,1,double,lookup,1,8191,4.527072397,4.6625106825,7.3548712,3.2914403,3.3406940545,3.5030445,1.3956712606530008
bv_direct,1,double,lookup,2,8191,4.530124527,4.809012941,5.000915639,3.275927848,3.316620376,3.442597058,1.4499738878164572
bv_direct,1,double,lookupApply,0,8191,6.143938469,6.387727384,6.595653766,6.287594616,6.51696603,6.764070321,0.9801688937144881
bv_direct,1,double,lookupApply,1,8191,6.147753632,6.317909901,8.541386888,6.287823526,6.3986769015,6.659145709,0.9873775466798353
bv_direct,1,double,lookupApply,2,8191,6.144701502,6.366362471,6.725369308,6.285305518,6.3814438105,6.525798132,0.9976366885068885
bv_direct,1,double,prepared,0,8191,0.954553779,0.985838115,1.027041875,0.721859358,0.7710291785000001,0.813408009,1.2786002689520781
bv_direct,1,double,prepared,1,8191,0.950738616,0.991942376,1.103345135,0.721622818,0.7568176965,0.858953424,1.3106754514163241
bv_direct,1,double,prepared,2,8191,0.949975583,0.995757539,2.443230375,0.722233244,0.731175986,0.764726529,1.3618575528545873
bv_direct,1,double,vienot,0,8191,0.641710414,0.6642198755,0.711909413,0.720478269,0.7447808570000001,0.810882371,0.8918326367510274
bv_direct,1,double,vienot,1,8191,0.640184349,0.667653522,0.799658161,0.720173056,0.7672445365,0.846874618,0.8701965152410049
bv_direct,1,float,brettel,0,8191,1.57795141,1.612287877,2.023562447,1.372253083,1.456125626,1.500564644,1.107245039996295
bv_direct,1,float,brettel,1,8191,1.569558052,1.595882676,1.689354169,1.373321328,1.4292249115,1.485204798,1.116607094628017
bv_direct,1,float,brettel,2,8191,1.55734953,1.601986937,1.650439507,1.414517458,1.4881424735,1.539769259,1.0765010511609459
bv_direct,1,float,lookup,0,8191,3.165059211,3.228772433,4.922323282,2.167546698,2.2798040530000003,2.334826334,1.4162499749709847
bv_direct,1,float,lookup,1,8191,3.144457331,3.228772433,3.645006715,2.171903614,2.2565697105,2.345829264,1.4308321245190267
bv_direct,1,float,lookup,2,8191,3.084940789,3.1768862165,3.285618362,2.174497925,2.2729253145,2.371581614,1.3977081412368597
bv_direct,1,float,lookupApply,0,8191,5.509095349,5.5880692225,5.634995727,6.428206263,6.781040166,6.897578135,0.8240725737798261
bv_direct,1,float,lookupApply,1,8191,5.447289708,5.5770052495,5.937919668,6.413533146,6.763002075499999,6.854085277,0.824634561285076
bv_direct,1,float,lookupApply,2,8191,5.404559883,5.5728085704999994,6.105786839,6.421247406,6.677179984,6.870597302,0.8346051153112064
bv_direct,1,float,prepared,0,8191,1.584818703,1.61915517,1.690117202,0.4152576,0.4276759555,0.48220608,3.7859392121005038
bv_direct,1,float,prepared,1,8191,1.574136247,1.6027499695,1.723690636,0.415104993,0.4361990295,0.477391344,3.6743547351244166
bv_direct,1,float,prepared,2,8191,1.563453791,1.6058021,1.67790868,0.415333903,0.43967464300000003,0.458132401,3.652250875882328
bv_direct,1,float,vienot,0,8191,0.609663045,0.623397632,0.681388109,0.415104993,0.4278705285,0.452089183,1.4569772640931027
bv_direct,1,float,vienot,1,8191,0.605847882,0.61118911,0.656971066,0.41548651,0.43635163600000004,0.475788976,1.400680230290233
bv_split,1,double,brettel,0,8191,2.320382127,2.3757019899999996,2.787358076,2.613142473,2.62113524,2.713328653,0.9063637593915221
bv_split,1,double,brettel,1,8191,2.319619094,2.3623489195,2.446282505,2.630417531,2.6361097545,2.728085704,0.8961496824884951
bv_split,1,double,brettel,2,8191,2.318856062,2.3249603225,3.767854963,2.629036442,2.6316002320000003,2.719982298,0.8834777768403843
bv_split,1,double,lookup,0,8191,4.524020266,4.5984159445,4.739958491,3.277072397,3.283069833,3.375427298,1.400645182225096
bv_split,1,double,lookup,1,8191,4.524020266,4.569802222,4.733091198,3.27761415,3.284103742,3.598110731,1.3914914329767845
bv_split,1,double,lookup,2,8191,4.521731168,4.569420705500001,5.013887193,3.275927848,3.2883042365,3.416310585,1.3895979133498892
bv_split,1,double,lookupApply,0,8191,6.137071176,6.323251129,6.64677695,6.27201349,6.3314613600000005,6.359205225,0.9987032644545745
bv_split,1,double,lookupApply,1,8191,6.137834208,6.230924184999999,6.372848248,6.285221585,6.332838634,6.378311561,0.9839069878627827
bv_split,1,double,lookupApply,2,8191,6.142412404,6.179037968499999,6.281284336,6.274684105,6.332228208,6.403522158,0.975807846074394
bv_split,1,double,prepared,0,8191,0.950738616,0.977444756,1.040013429,0.721317605,0.722427817,0.773203821,1.35299988870722
bv_split,1,double,prepared,1,8191,0.94921255,0.968288365,1.044591625,0.721012392,0.721928031,0.81180564,1.341253315318352
bv_split,1,double,prepared,2,8191,0.948449518,0.9495940665,1.090373581,0.7188759,0.7227368455000001,0.86773593,1.313886336932299
bv_split,1,double,vienot,0,8191,0.639421316,0.658497131,0.709620315,0.71886827,0.720173056,0.761056342,0.9143595772069539
bv_split,1,double,vienot,1,8191,0.639421316,0.650103772,0.685966304,0.718944573,0.7192955679999999,0.803465694,0.9038061694271416
bv_split,1,float,brettel,0,8191,1.542088878,1.5691765355,1.9686241,1.371871566,1.373740996,1.458910695,1.142265201423748
bv_split,1,float,brettel,1,8191,1.542088878,1.578714443,1.635941887,1.37194787,1.3732488405,1.452340984,1.1496200808188484
bv_split,1,float,brettel,2,8191,1.541325845,1.587107801,1.63670492,1.414357221,1.41818383,1.507210658,1.1191128875020384
bv_split,1,float,lookup,0,8191,3.103253571,3.1932914175000002,4.624740569,2.177328775,2.1816818765,2.274149982,1.4636833407732626
bv_split,1,float,lookup,1,8191,3.105542669,3.191383836,3.630509095,2.177252472,2.1802359295000002,2.288052436,1.4637791226254533
bv_split,1,float,lookup,2,8191,3.100201441,3.1665852765,3.259675253,2.164639543,2.17988875,2.294171957,1.4526361845300593
bv_split,1,float,lookupApply,0,8191,5.35954096,5.465984006999999,5.528171163,6.398860029,6.4502922415,6.51356672,0.8474009862425859
bv_split,1,float,lookupApply,1,8191,5.357251862,5.499175924499999,6.742919058,6.407276279,6.4676779395,6.817558906,0.8502550646368652
bv_split,1,float,lookupApply,2,8191,5.354199731,5.4945977295,5.784550116,6.408184288,6.456667379,6.526713771,0.8509959406257963
bv_split,1,float,prepared,0,8191,1.305548773,1.332254914,1.42229276,0.414952387,0.4154865095,0.485639727,3.2064937935126867
bv_split,1,float,prepared,1,8191,1.305548773,1.33988524,1.42229276,0.415333903,0.415791723,0.455606764,3.222491372200788
bv_split,1,float,prepared,2,8191,1.305548773,1.341411305,2.117415456,0.415417837,0.416028263,0.455072641,3.2243273457601607
bv_split,1,float,vienot,0,8191,0.594402393,0.6008881699999999,0.648577707,0.415341533,0.4155284765,0.415944329,1.4460818066219823
bv_split,1,float,vienot,1,8191,0.595165425,0.60813698,0.682914174,0.414952387,0.4154865095,0.508492553,1.463674430083993
bv_portable,1,double,brettel,0,8191,2.321908192,2.3459437185,2.742339153,2.610624466,2.617812233,2.670461482,0.896146671226897
bv_portable,1,double,brettel,1,8191,2.320382127,2.3684531805000004,2.457727994,2.636682029,2.6621291664999998,2.762010133,0.88968379532609
bv_portable,1,double,brettel,2,8191,2.320382127,2.3879105115,2.492827494,2.636910939,2.6841769935,2.845386705,0.8896248337134851
bv_portable,1,double,lookup,0,8191,4.525546331,4.6075723355000004,5.171071908,3.276767183,3.30710536,3.411495849,1.3932342135903406
bv_portable,1,double,lookup,1,8191,4.522494201,4.6129135635,4.845256989,3.282116042,3.3324380415,3.480657124,1.3842458602542034
bv_portable,1,double,lookup,2,8191,4.525546331,4.662129166,5.016176291,3.279132585,3.3335062874999997,3.444359663,1.3985661834453642
bv_portable,1,double,lookupApply,0,8191,6.145464534,6.2473293860000005,6.594890734,6.282558601,6.324884019000001,6.396113112,0.9877381731005619
bv_portable,1,double,lookupApply,1,8191,6.144701502,6.2873885975,6.414052008,6.293637834,6.343727109,6.472683433,0.9911190203279597
bv_portable,1,double,lookupApply,2,8191,6.145464534,6.2702203635,6.528506898,6.287823526,6.3621429005,6.539624283,0.9855516390565864
bv_portable,1,double,prepared,0,8191,0.950738616,0.962184105,1.067482603,0.721088695,0.722118789,0.762124588,1.3324457411396893
bv_portable,1,double,prepared,1,8191,0.951501648,0.972866561,1.088847516,0.722767367,0.7284977415,0.799421621,1.3354421099464726
bv_portable,1,double,prepared,2,8191,0.952264681,0.981259919,1.12242095,0.723606702,0.73537648,0.809203699,1.3343640239894536
bv_portable,1,double,vienot,0,8191,0.51428397,0.518862166,0.579141741,0.719020877,0.7202112075,0.758462031,0.7204305634191343
bv_portable,1,double,vienot,1,8191,0.51428397,0.520006715,0.630264925,0.720775852,0.725369308,0.796361861,0.7168854668441527
bv_portable,1,float,brettel,0,8191,1.538273715,1.5790959585,1.935813698,1.370498108,1.41994262,1.473431205,1.1120843449998
bv_portable,1,float,brettel,1,8191,1.540562813,1.5550604325,1.643572213,1.37194787,1.4317123975000001,1.4789403,1.086154199136213
bv_portable,1,float,brettel,2,8191,1.541325845,1.559638628,1.61305091,1.413449213,1.469497772,1.526851117,1.061341267552463
bv_portable,1,float,lookup,0,8191,3.065101941,3.0872298865000003,3.171163472,2.173887498,2.2626129290000003,2.321076486,1.3644533923283348
bv_portable,1,float,lookup,1,8191,3.065101941,3.1070687340000003,3.541234282,2.170911671,2.235864821,2.30219143,1.3896496357102444
bv_portable,1,float,lookup,2,8191,3.071206202,3.106305701,3.189476254,2.171903614,2.1836733915,2.232885179,1.4225138764301328
bv_portable,1,float,lookupApply,0,8191,5.322152362,5.3828134535,5.454920034,6.392900745,6.577646197,6.706911549,0.8183494965045472
bv_portable,1,float,lookupApply,1,8191,5.32138933,5.4190575025,5.8356733,6.401080454,6.589187065,6.735105604,0.8224167031597244
bv_portable,1,float,lookupApply,2,8191,5.32444146,5.424780247,5.73876816,6.399401782,6.486360792,6.686279148,0.836336494524124
bv_portable,1,float,prepared,0,8191,1.305548773,1.308600903,1.379562935,0.415112624,0.4301252895,0.484273898,3.0423714553524297
bv_portable,1,float,prepared,1,8191,1.307837871,1.318138811,1.417714565,0.415181297,0.424196527,0.499397204,3.107377658940617
bv_portable,1,float,prepared,2,8191,1.307074838,1.32233549,1.424581858,0.415333903,0.423662404,0.472347699,3.12120093148506
bv_portable,1,float,vienot,0,8191,0.592876328,0.594402393,0.782871444,0.415410206,0.422517855,0.429701807,1.4068101169357683
bv_portable,1,float,vienot,1,8191,0.595165425,0.598217556,0.706568185,0.414952387,0.432608961,0.503830424,1.3828136028832745
bv_compiler,1,double,brettel,0,8191,2.319619094,2.3879105115,2.81787938,2.638368331,2.7634980464999996,2.853329874,0.8640898134609918
bv_compiler,1,double,brettel,1,8191,2.319619094,2.379898669,2.482145037,2.631027958,2.671838756,2.881371322,0.8907343916827293
bv_compiler,1,double,brettel,2,8191,2.320382127,2.3776095715,2.508851178,2.630341228,2.6354955135,2.720821634,0.9021489732465826
bv_compiler,1,double,lookup,0,8191,4.526309364,4.6213069220000005,5.235929679,3.285404712,3.3700746245,3.501747345,1.371277326740395
bv_compiler,1,double,lookup,1,8191,4.525546331,4.6167287265,4.777347088,3.27294439,3.287735777,3.440231657,1.4042274196111593
bv_compiler,1,double,lookup,2,8191,4.523257234,4.6503021605,4.861280674,3.275775241,3.296060463,3.423261812,1.4108667643394501
bv_compiler,1,double,lookupApply,0,8191,6.13554511,6.3366042,6.571236723,6.300970577,6.456900103500001,6.747031803,0.9813694030305977
bv_compiler,1,double,lookupApply,1,8191,6.138597241,6.2706018805,6.438469051,6.263444634,6.328554206,6.384652362,0.9908427227430467
bv_compiler,1,double,lookupApply,2,8191,6.139360273,6.314476254,6.521639604,6.258103406,6.3289738735,6.391000794,0.9977093254309829
bv_compiler,1,double,prepared,0,8191,0.948449518,0.9892717615,1.032383103,0.727811012,0.769266573,0.771906666,1.2859934335142365
bv_compiler,1,double,prepared,1,8191,0.94921255,0.976681724,1.090373581,0.721241301,0.724415517,0.819596203,1.3482341295568907
bv_compiler,1,double,prepared,2,8191,0.949975583,0.9824044685,2.445519473,0.719257417,0.722309547,0.802176169,1.3600878910991328
bv_compiler,1,double,vienot,0,8191,0.513520938,0.5295446225,0.586009034,0.725437981,0.76754975,0.810111708,0.6899156992755192
bv_compiler,1,double,vienot,1,8191,0.513520938,0.528018557,0.644762544,0.719936516,0.732892809,0.833658894,0.7204580949845286
bv_compiler,1,float,brettel,0,8191,1.596264192,1.6386125015,3.585490172,1.372710902,1.4391977475,1.48245025,1.1385596623857974
bv_compiler,1,float,brettel,1,8191,1.555823465,1.607328165,1.693169332,1.373634172,1.4540616224999998,1.50209834,1.105405809580811
bv_compiler,1,float,brettel,2,8191,1.543614943,1.597790258,1.645861311,1.414898974,1.485010225,1.536167745,1.0759456272430719
bv_compiler,1,float,lookup,0,8191,3.189476254,3.259293737,8.031681113,2.178244415,2.2813339335,2.337123062,1.428678936099295
bv_compiler,1,float,lookup,1,8191,3.131485777,3.1959620314999997,3.60532902,2.175879014,2.2829019655,2.336817849,1.3999558806284622
bv_compiler,1,float,lookup,2,8191,3.109357832,3.1738340860000003,12.171895983,2.198953119,2.277434837,2.362791478,1.3936003939330275
bv_compiler,1,float,lookupApply,0,8191,5.338939079,5.535801489500001,5.926474179,6.403140642,6.6524195765,6.897654438,0.8321485777979929
bv_compiler,1,float,lookupApply,1,8191,5.343517275,5.5548773045,5.813545355,6.410397082,6.8034237275,6.903461116,0.816482630950462
bv_compiler,1,float,lookupApply,2,8191,5.339702112,5.5995147115,13.308814553,6.475735563,6.702856031,6.886498901,0.8353923589590523
bv_compiler,1,float,prepared,0,8191,1.343700403,1.355527408,2.16853864,0.415104993,0.4255776155,0.436042608,3.1851473353630837
bv_compiler,1,float,prepared,1,8191,1.309363936,1.3620131855,1.404743011,0.415715419,0.4407428885,0.507653217,3.090266958442371
bv_compiler,1,float,prepared,2,8191,1.307837871,1.3994017825,3.606855085,0.416104566,0.4389879135,0.481206507,3.1877911429103616
bv_compiler,1,float,vienot,0,8191,0.615004273,0.6192009525,1.280368697,0.4152576,0.435355878,0.509942315,1.4222868779091113
bv_compiler,1,float,vienot,1,8191,0.595928458,0.620345501,0.69359663,0.415715419,0.42790868049999997,0.480603711,1.4497146921047328
default,2,double,brettel,0,8191,2.936149432,3.494689293,4.61024295,2.747947442,2.7885255155,2.836215053,1.2532391307071762
default,2,double,brettel,1,8191,2.277652301,2.3138963495000002,2.673666219,2.729077646,2.7626968625,2.844768649,0.8375498524315569
default,2,double,brettel,2,8191,2.141832499,2.2089793675,2.816353315,2.700952265,2.817909901,2.871139055,0.7839070251025744
default,2,double,lookup,0,8191,4.547674277,4.608716884,5.148943963,3.411343243,3.493605787,3.657032108,1.3191862977641673
default,2,double,lookup,1,8191,4.529361494,4.576669515500001,4.708674155,3.372138628,3.5223797460000004,3.688591137,1.2993117850786098
default,2,double,lookup,2,8191,4.57209132,4.6434348675,4.799475034,3.339282444,3.4725537175,3.579004395,1.3371815802587366
default,2,double,lookupApply,0,8191,6.16759248,6.287770113500001,6.565132462,6.565689476,6.6377540895,6.741064888,0.947273735772522
default,2,double,lookupApply,1,8191,6.143938469,6.20154743,6.6643267,6.445176108,6.6596836464999996,6.963298132,0.9312075106239057
default,2,double,lookupApply,2,8191,6.183616164,6.2839549505,6.427023562,6.403369552,6.6045888784999995,6.771792211,0.9514528559008778
default,2,double,prepared,0,8191,0.953027713,0.975918691,1.040013429,0.757775302,0.7666379255,0.810798437,1.272985145319425
default,2,double,prepared,1,8191,0.953027713,0.959131974,1.074349896,0.746841045,0.7583056095,0.854207362,1.2648356572654367
default,2,double,prepared,2,8191,0.950738616,0.967525333,1.129288243,0.738592663,0.7724407885,0.81531559,1.2525559853964134
default,2,double,vienot,0,8191,0.51428397,0.5360303995,0.582193871,0.755783787,0.7610181905,0.826471127,0.7043595096561625
default,2,double,vienot,1,8191,0.51428397,0.5192436819999999,0.645525577,0.748679954,0.7630058905,1.023325906,0.6805238183151352
default,2,float,brettel,0,8191,2.288334758,3.068154072,3.685447442,1.382882127,1.4153186425,1.465640642,2.1678185956629905
default,2,float,brettel,1,8191,2.151751923,2.2475125135000003,2.772097424,1.41994262,1.4387780795,1.534038884,1.5620981063883383
default,2,float,brettel,2,8191,1.983121719,2.0758301795,2.322671225,1.476109449,1.5199761935,1.570336345,1.3656991394845817
default,2,float,lookup,0,8191,3.061286778,3.1959620315,4.441612746,2.243125076,2.2593280735,2.350491393,1.414563059250191
default,2,float,lookup,1,8191,3.060523746,3.181082896,3.653400073,2.264375534,2.338229459,2.641344158,1.3604665204074824
default,2,float,lookup,2,8191,3.067391039,3.1547582715,3.271120742,2.280269503,2.3232549445,2.415906178,1.3579044688868411
default,2,float,lookupApply,0,8191,5.323678428,5.531223294,5.657886705,6.447472836,6.624225522,6.670224942,0.8349992426480676
default,2,float,lookupApply,1,8191,5.346569405,5.632325113,5.826516909,6.663884141,6.8863424795,9.650187706,0.8178979087617132
default,2,float,lookupApply,2,8191,5.354962764,5.56975644,5.731137834,6.704691124,6.835715266499999,7.029628556,0.8148022881081483
default,2,float,prepared,0,8191,1.546667074,1.6042760345,1.715297277,0.417783238,0.428328348,0.48618148,3.7454351130175487
default,2,float,prepared,1,8191,1.305548773,1.6164845565000001,1.666463191,0.429633134,0.439445733,0.471584666,3.6784622880841584
default,2,float,prepared,2,8191,1.543614943,1.595882676,1.679434745,0.432456355,0.446629685,0.473797461,3.5731675022899565
default,2,float,vienot,0,8191,3.780826517,3.9364851665,3.996764742,0.418088451,0.4277942255,0.521021548,9.201819313711143
default,2,float,vienot,1,8191,3.776248321,3.9093975094999998,4.020418752,0.430167257,0.433948083,0.544637407,9.008906048099767
bv_direct,2,double,brettel,0,8191,2.397448419,2.430258821,2.907917226,2.732358686,2.769384843,2.825128189,0.8775446385296765
bv_direct,2,double,brettel,1,8191,2.414998169,2.42415456,2.518007569,2.758568856,2.8082079415,3.723896655,0.863238980338878
bv_direct,2,double,brettel,2,8191,2.40355268,2.433310951,2.516481504,2.75444085,2.7742758820000004,2.935706873,0.8770976840435222
bv_direct,2,double,lookup,0,8191,4.704858992,4.7582712735,5.264924918,3.438400378,3.4835986145,4.247443841,1.3659068681719961
bv_direct,2,double,lookup,1,8191,4.682731046,4.762467953,4.852887315,3.435645831,3.4606694845000003,3.563568246,1.3761695459016319
bv_direct,2,double,lookup,2,8191,4.715541448,4.8109205225,5.287815895,3.410648883,3.46254273,3.601094189,1.3894183834375382
bv_direct,2,double,lookupApply,0,8191,6.348431205,6.4678458065,8.977078501,6.569428336,6.7211993345,7.378937248,0.9623053096045622
bv_direct,2,double,lookupApply,1,8191,6.398791356,6.4415211815,6.552160908,6.573556342,6.6555937919999995,8.743941521,0.9678356857118723
bv_direct,2,double,lookupApply,2,8191,6.379715541,6.4693718715,6.583445245,6.553160481,6.630222958,6.797010438,0.9757397168211488
bv_direct,2,double,prepared,0,8191,0.980496887,0.990416311,1.036198266,0.75257142,0.762925772,0.793233427,1.2981817463101772
bv_direct,2,double,prepared,1,8191,0.986601148,0.988890245,1.090373581,0.754479001,0.7623191615,0.849163716,1.2972128931590552
bv_direct,2,double,prepared,2,8191,0.986601148,0.992705408,2.347088268,0.754402698,0.7579622450000001,0.83426169,1.3097029760367547
bv_direct,2,double,vienot,0,8191,0.660023196,0.669179587,0.734800391,0.754639238,0.7607129779999999,0.795904041,0.8796742087394755
bv_direct,2,double,vienot,1,8191,0.664601392,0.6665089735,0.823312172,0.754868148,0.761628617,0.999023318,0.875110202824745
bv_direct,2,float,brettel,0,8191,1.59550116,1.643572213,2.001434501,1.435912892,1.4443978144999998,1.557494506,1.137894419737091
bv_direct,2,float,brettel,1,8191,1.607709681,1.620681236,1.739714321,1.440033268,1.45096371,1.877685875,1.1169688289447295
bv_direct,2,float,brettel,2,8191,1.600842388,1.6141954585,1.725216701,1.485273471,1.4901339885,1.532428885,1.0832552448017663
bv_direct,2,float,lookup,0,8191,3.232969112,3.2814216825,4.894091076,2.279506471,2.2955911975000003,2.384507386,1.4294451407870934
bv_direct,2,float,lookup,1,8191,3.228390917,3.2722652915,3.663319497,2.279804053,2.2864195455000003,2.351948785,1.4311744744923498
bv_direct,2,float,lookup,2,8191,3.162007081,3.227627884,3.384049567,2.277972775,2.3028857895,2.488585032,1.401557949037837
bv_direct,2,float,lookupApply,0,8191,5.568611891,5.670858258999999,5.89137468,6.75772952,6.786385209500001,6.862043707,0.8356228071258882
bv_direct,2,float,lookupApply,1,8191,5.596844097,5.6586497375,6.123336589,6.72800177,6.7935691615,6.887109327,0.8329420961176448
bv_direct,2,float,lookupApply,2,8191,5.564796728,5.634995727,6.085184959,6.717838176,6.8124465875,7.227780491,0.8271618213256192
bv_direct,2,float,prepared,0,8191,1.603131486,1.649294958,1.737425223,0.434974362,0.4373016115,0.542958735,3.7715272814630367
bv_direct,2,float,prepared,1,8191,1.616866073,1.6248779144999999,1.764131364,0.435821328,0.439445733,0.475628739,3.697562161788017
bv_direct,2,float,prepared,2,8191,1.605420584,1.616866073,1.694695397,0.436508058,0.437919668,0.503448907,3.692152216830782
bv_direct,2,float,vienot,0,8191,0.615004273,0.6245421805,0.724117934,0.434058723,0.4370765165,0.47425528,1.4289081131632932
bv_direct,2,float,vienot,1,8191,0.620345501,0.624160664,0.698174826,0.435813698,0.4396364915,0.520182212,1.419719873276261
bv_split,2,double,brettel,0,8191,2.318093029,2.32419729,2.714869979,2.606649066,2.6173124465,2.680930289,0.888009107627953
bv_split,2,double,brettel,1,8191,2.316566964,2.3276309365,2.434837016,2.629417959,2.6348889025,2.726857221,0.8833886446944795
bv_split,2,double,brettel,2,8191,2.321145159,2.3943962885000003,2.557685264,2.626831278,2.6318672935,2.722965755,0.9097709046400292
bv_split,2,double,lookup,0,8191,4.526309364,4.574761934,4.666707362,3.274630692,3.2848705899999997,3.364805885,1.3926764567002319
bv_split,2,double,lookup,1,8191,4.527835429,4.6495391285,4.765138567,3.275317422,3.2841800450000003,3.376030094,1.4157381948589238
bv_split,2,double,lookup,2,8191,4.53393969,4.624740569,5.059669149,3.274172873,3.2826921315,3.565559761,1.408825556506501
bv_split,2,double,lookupApply,0,8191,6.138597241,6.1885758755,6.578867049,6.263681174,6.323327433,6.36470669,0.9786897707057264
bv_split,2,double,lookupApply,1,8191,6.140886339,6.25305213,6.695611037,6.260705347,6.335928916,6.488806312,0.9869195524288928
bv_split,2,double,lookupApply,2,8191,6.142412404,6.2858625324999995,6.356824564,6.254509523,6.3284473815,6.390001221,0.9932708851898667
bv_split,2,double,prepared,0,8191,0.949975583,0.953027713,1.008729093,0.720249359,0.7214320595,0.86422598,1.3210221259927248
bv_split,2,double,prepared,1,8191,0.949975583,0.957605909,1.052221951,0.720318032,0.722008149,0.792241485,1.3263090040275987
bv_split,2,double,prepared,2,8191,0.950738616,0.978207789,2.491301428,0.719020877,0.720554572,0.801642046,1.3575762711280113
bv_split,2,double,vienot,0,8191,0.639421316,0.640184349,0.706568185,0.718563057,0.7192536015,0.762048285,0.8900676307562431
bv_split,2,double,vienot,1,8191,0.638658283,0.6413288975,0.718776706,0.718341778,0.719142962,0.761132646,0.8917961120225771
bv_split,2,float,brettel,0,8191,1.538273715,1.540562813,1.935050665,1.374244598,1.3965938224999999,1.504005921,1.1030857993072642
bv_split,2,float,brettel,1,8191,1.540562813,1.542851911,1.655780735,1.374091991,1.384289922,1.453722073,1.1145439163285333
bv_split,2,float,brettel,2,8191,1.53979978,1.5424703945,1.610761812,1.413899402,1.4179205835,1.473431205,1.087839765110512
bv_split,2,float,lookup,0,8191,3.065101941,3.0876114025,4.418721768,2.174963374,2.192841228,2.290120254,1.4080414774562056
bv_split,2,float,lookup,1,8191,3.066628006,3.0895189839999997,3.461115859,2.173582285,2.1754555305,2.221042913,1.4201710587436895
bv_split,2,float,lookup,2,8191,3.065864974,3.0799810770000002,3.180319863,2.171979917,2.1765275915,2.215465145,1.4150893786176935
bv_split,2,float,lookupApply,0,8191,5.350384568,5.4144793065000005,5.678488585,6.40237761,6.469055213,6.866240386,0.8369814645605809
bv_split,2,float,lookupApply,1,8191,5.328256623,5.3999816875,5.866194604,6.419492431,6.466117537500001,6.564697534,0.8351196303164942
bv_split,2,float,lookupApply,2,8191,5.354962764,5.412190209,5.828042974,6.409565377,6.446587718,6.470241729,0.839543405868537
bv_split,2,float,prepared,0,8191,1.304022708,1.305548773,1.376510805,0.41549414,0.4218311255,0.424658161,3.0949560003485326
bv_split,2,float,prepared,1,8191,1.30478574,1.305548773,1.372695642,0.415791723,0.417130845,0.460039983,3.1298303365698117
bv_split,2,float,prepared,2,8191,1.305548773,1.3074563545,1.410847271,0.415181297,0.415490325,0.45575937,3.146779301058334
bv_split,2,float,vienot,0,8191,0.594402393,0.595165425,0.683677207,0.415639116,0.4222507935,0.501609999,1.4095069427027613
bv_split,2,float,vienot,1,8191,0.594402393,0.595928458,0.678335979,0.41549414,0.417058357,0.418393664,1.4288850660772159
bv_portable,2,double,brettel,0,8191,2.315803931,2.324960322,2.718685142,2.610395556,2.618876663,2.660068978,0.8877700713620815
bv_portable,2,double,brettel,1,8191,2.318093029,2.320763643,2.405078745,2.625450189,2.635461177,2.72494964,0.880591094740304
bv_portable,2,double,brettel,2,8191,2.315803931,2.320382127,2.680533512,2.625755402,2.666680656,2.833010316,0.8701387328772072
bv_portable,2,double,lookup,0,8191,4.524020266,4.575906483000001,5.055853986,3.275088512,3.2875450190000004,3.424482664,1.3918916567085953
bv_portable,2,double,lookup,1,8191,4.518679038,4.561408863,4.752930045,3.277843059,3.3208285010000003,3.513208094,1.3735755585169254
bv_portable,2,double,lookup,2,8191,4.522494201,4.578958613,4.730039067,3.27646197,3.320859022,3.446801367,1.3788476363089646
bv_portable,2,double,lookupApply,0,8191,6.137071176,6.184379197,6.528506898,6.267038518,6.314537296999999,6.563011232,0.9793875475148691
bv_portable,2,double,lookupApply,1,8191,6.130966915,6.1801825175000005,6.336222683,6.277743865,6.459502045000001,10.166394518,0.9567583498613166
bv_portable,2,double,lookupApply,2,8191,6.13249298,6.197732267499999,6.631516298,6.257645587,6.332266359,9.397158467,0.9787541957535016
bv_portable,2,double,prepared,0,8191,0.949975583,0.950738616,0.998046637,0.720401966,0.721512178,0.761437859,1.317702798358034
bv_portable,2,double,prepared,1,8191,0.94921255,0.949975583,1.020174582,0.720470639,0.7208979365,0.820511842,1.3177670997536555
bv_portable,2,double,prepared,2,8191,0.948449518,0.949975583,1.112501526,0.720325662,0.7581568185,1.058715358,1.2530067128849542
bv_portable,2,double,vienot,0,8191,0.513520938,0.5146654865,0.576089611,0.718715664,0.719100995,0.76029331,0.7157068201525711
bv_portable,2,double,vienot,1,8191,0.512757905,0.513520938,0.51428397,0.718570687,0.7192917535000001,0.720630875,0.7139257964536082
bv_portable,2,float,brettel,0,8191,1.540562813,1.5462855575,1.937339763,1.372558296,1.3743933890000002,1.494757966,1.1250676624871336
bv_portable,2,float,brettel,1,8191,1.53979978,1.549719204,1.645861311,1.370345501,1.3724819925,1.451349042,1.1291362746240186
bv_portable,2,float,brettel,2,8191,1.537510682,1.53979978,1.735899158,1.412983763,1.4139413685,1.489866927,1.0890124684827058
bv_portable,2,float,lookup,0,8191,3.082651691,3.1013459895,4.414906605,2.165326273,2.1764474725,3.064934074,1.4249578860442724
bv_portable,2,float,lookup,1,8191,3.05899768,3.1036350875,3.507660847,2.166325845,2.1768328045,2.558433036,1.4257572198857404
bv_portable,2,float,lookup,2,8191,3.065101941,3.108213283,3.19100232,2.166478452,2.1717090404999997,2.212329081,1.4312291495017149
bv_portable,2,float,lookupApply,0,8191,5.325204493,5.3767091935,5.595318032,6.408573434,6.47050879,6.805335124,0.8309561686724792
bv_portable,2,float,lookupApply,1,8191,5.314522036,5.369078867,5.821175681,6.396952448,6.4484609630000005,6.609624893,0.8326139985659706
bv_portable,2,float,lookupApply,2,8191,5.314522036,5.357633378,5.705194726,6.401469601,6.4460535955000005,6.507378525,0.8311493689317402
bv_portable,2,float,prepared,0,8191,1.307074838,1.321953974,1.396349652,0.41479978,0.4153377185,0.416028263,3.1828411317283236
bv_portable,2,float,prepared,1,8191,1.306311806,1.310508485,1.384904163,0.414723477,0.41537587,0.416104566,3.154994258573566
bv_portable,2,float,prepared,2,8191,1.30478574,1.306311806,1.397112685,0.414723477,0.41502869,0.461878891,3.1475216954278515
bv_portable,2,float,vienot,0,8191,0.59363936,0.599743621,0.703516054,0.414952387,0.4155246615,0.494963985,1.4433406162584648
bv_portable,2,float,vienot,1,8191,0.594402393,0.5959284579999999,0.598217556,0.414883714,0.4152232635,0.415791723,1.4352000727916825
bv_compiler,2,double,brettel,0,8191,2.320382127,2.4279697225,2.761414968,2.621932609,2.6774928275,3.658329264,0.9068071807934656
bv_compiler,2,double,brettel,1,8191,2.341747039,2.427969723,2.495879624,2.62499237,2.700109114,2.789677695,0.8992117060792233
bv_compiler,2,double,brettel,2,8191,2.344036137,2.4180502995,2.58286534,2.625908009,2.7010285675,2.879387437,0.895233145104453
bv_compiler,2,double,lookup,0,8191,4.550726407,4.7227902575,5.226773288,3.275622635,3.3564735690000003,3.482717312,1.4070691040498997
bv_compiler,2,double,lookup,1,8191,4.588115004,4.731946648499999,4.966579172,3.272333964,3.3677054085,3.520998657,1.4050951833722423
bv_compiler,2,double,lookup,2,8191,4.543859114,4.659840067999999,4.766664632,3.273020693,3.3744315405,3.546834941,1.380925946214199
bv_compiler,2,double,lookupApply,0,8191,6.158436088,6.3339335855000005,6.858900012,6.287907459,6.400351758,6.536503479,0.9896227309042849
bv_compiler,2,double,lookupApply,1,8191,6.22634599,6.3999359055,6.498748627,6.278583201,6.410366561,7.04353101,0.9983728457022318
bv_compiler,2,double,lookupApply,2,8191,6.193535588,6.3465236234999995,6.50561592,6.281719265,6.4475834755,6.669385606,0.984325933524705
bv_compiler,2,double,prepared,0,8191,0.953027713,0.9930869245,1.037724332,0.722011964,0.7358762665,0.779704859,1.3495297643221382
bv_compiler,2,double,prepared,1,8191,0.960658039,0.994994506,1.057563179,0.720630875,0.742713039,0.849850446,1.339675559405387
bv_compiler,2,double,prepared,2,8191,0.959131974,0.990416311,1.097240874,0.720783482,0.749671896,0.822114211,1.3211330400466288
bv_compiler,2,double,vienot,0,8191,0.51428397,0.5253479430000001,0.538701013,0.720318032,0.7341937795,0.77527164,0.7155439853464464
bv_compiler,2,double,vienot,1,8191,0.518862166,0.537174948,0.622634599,0.7188759,0.7403857895,0.827844586,0.7255338441365371
bv_compiler,2,float,brettel,0,8191,1.53979978,1.5722286655,1.970150165,1.379517153,1.406948175,1.511186058,1.1174744695198173
bv_compiler,2,float,brettel,1,8191,1.53979978,1.606183616,1.758027103,1.386086864,1.3978146745,1.495444695,1.149067644875408
bv_compiler,2,float,brettel,2,8191,1.53979978,1.6080911974999998,1.744292516,1.425596691,1.4317887009999999,1.48619674,1.1231344376281678
bv_compiler,2,float,lookup,0,8191,3.098675375,3.205881455,4.839915761,2.196587718,2.2180594554999997,2.524043157,1.4453541572344026
bv_compiler,2,float,lookup,1,8191,3.098675375,3.2562416069999998,3.619063606,2.194672506,2.198800513,2.253136064,1.4809172490856153
bv_compiler,2,float,lookup,2,8191,3.103253571,3.195580515,3.260438286,2.173666219,2.2177542425,3.86282963,1.4409083088474806
bv_compiler,2,float,lookupApply,0,8191,5.327493591,5.4820076915,5.757080942,6.43891161,6.5359235745,6.990965694,0.8387502743893964
bv_compiler,2,float,lookupApply,1,8191,5.322915395,5.511765963,6.17369674,6.46817391,6.514982144999999,6.636758332,0.8460139782931057
bv_compiler,2,float,lookupApply,2,8191,5.329019656,5.4972683435,6.151568795,6.429053229,6.5035213955,6.583033207,0.8452756605527185
bv_compiler,2,float,prepared,0,8191,1.306311806,1.3482785985,1.429923086,0.417165181,0.424505555,0.504364546,3.1761153243330353
bv_compiler,2,float,prepared,1,8191,1.30478574,1.3841411305,1.465022586,0.419393236,0.4209154865,0.494124649,3.288406283193384
bv_compiler,2,float,prepared,2,8191,1.305548773,1.364302283,1.454340129,0.418469967,0.420614089,0.461108229,3.243596252906307
bv_compiler,2,float,vienot,0,8191,0.592876328,0.610426077,0.682914174,0.416867599,0.4211443965,0.425428824,1.4494460381595031
bv_compiler,2,float,vienot,1,8191,0.59363936,0.6321725065,0.654681968,0.419614516,0.4223270965,0.458895434,1.4968788688650954
default,0,double,brettel,0,65536,10.11390686,10.454893112,11.16437912,2.650405884,2.7292232514999997,2.817115784,3.8307211058142348
default,0,double,brettel,1,65536,9.948825836,10.3496074675,10.824680328,2.659335136,2.742489815,2.802598,3.773799782552702
default,0,double,brettel,2,65536,9.71660614,10.063695907500001,10.461711884,2.665295601,2.7398295399999997,2.859122276,3.6731102284195396
default,0,double,lookup,0,65536,4.548072815,4.6362400054999995,4.749202728,3.295284271,3.3726024629999998,3.466844559,1.3746772874547355
default,0,double,lookup,1,65536,4.556465149,4.6790599825,4.76026535,3.290555954,3.3718047145,3.458678246,1.3877019515330533
default,0,double,lookup,2,65536,4.550647736,4.6674251555,4.808712006,3.293708801,3.3754053115,3.49072361,1.3827747262226824
default,0,double,lookupApply,0,65536,6.173801422,6.3584327695,7.014846802,6.324227333,6.5416412355,6.651824951,0.9719935014158574
default,0,double,lookupApply,1,65536,6.169223785,6.373786925999999,6.462574005,6.319681168,6.449860096,6.619217873,0.9882054542474218
default,0,double,lookupApply,2,65536,6.19392395,6.3774108885,6.663608551,6.326510429,6.4701461795,6.64582634,0.9856672031160868
default,0,double,prepared,0,65536,0.958251953,0.9790420535,0.996494293,0.741736412,0.7563023565,0.778355598,1.2945114412055914
default,0,double,prepared,1,65536,0.961208344,0.9832859039999999,1.060390472,0.729081154,0.753378868,0.774898529,1.3051678853301736
default,0,double,prepared,2,65536,0.957584381,0.9963035585,1.06306076,0.728613853,0.7576346395,0.78276825,1.3150184885388942
default,0,double,vienot,0,65536,0.51984787,0.609064102,0.640296936,0.734725952,0.7562646865,0.789024353,0.8053583789807169
default,0,double,vienot,1,65536,0.518894196,0.5360126494999999,0.553607941,0.728212357,0.7498645785,0.795232773,0.7148126006594668
default,0,float,brettel,0,65536,8.553409576,8.6990356445,9.146308899,1.382222176,1.437231541,1.452096939,6.052633411069845
default,0,float,brettel,1,65536,9.805679321,10.234594345000001,10.402488708,1.383397102,1.4187021254999999,1.455296516,7.214054424139934
default,0,float,brettel,2,65536,8.343219757,8.6871147155,9.334659576,1.427609444,1.468592167,1.507483482,5.915266954777378
default,0,float,lookup,0,65536,3.117084503,3.2041072845,3.262901306,2.184809685,2.2321243285,2.288294792,1.435451978901721
default,0,float,lookup,1,65536,3.078746796,3.1338691709999997,3.232765198,2.187339783,2.2482137680000003,2.321169853,1.3939373628993803
default,0,float,lookup,2,65536,3.125572205,3.135538101,3.430938721,2.185210228,2.2401762009999997,2.295495987,1.3996836943452557
default,0,float,lookupApply,0,65536,5.383205414,5.4585933685,5.809020996,6.478343964,6.6085758210000005,6.782915115,0.825986342042757
default,0,float,lookupApply,1,65536,5.386829376,5.461072922,5.635070801,6.473807335,6.6280698775,6.781004906,0.8239311025579935
default,0,float,lookupApply,2,65536,5.392360687,5.433988571,5.488777161,6.482718468,6.6979074480000005,6.805627823,0.8112964553761627
default,0,float,prepared,0,65536,1.505851746,1.55749321,1.571750641,0.415376663,0.433075428,0.44912529,3.596355529088111
default,0,float,prepared,1,65536,1.45740509,1.588201523,1.625061035,0.414803505,0.4280347825,0.441456795,3.7104496829063183
default,0,float,prepared,2,65536,1.547145844,1.5665054325,1.642227173,0.414927483,0.42825365049999997,0.442487717,3.657891603891886
default,0,float,vienot,0,65536,3.832149506,3.9193630219999998,4.098415375,0.415042877,0.432007313,0.441179276,9.072446007412841
default,0,float,vienot,1,65536,3.793907166,3.8670539855,3.976631165,0.414860725,0.42832565300000003,0.441532135,9.028303484545203
bv_direct,0,double,brettel,0,65536,2.414131165,2.4588108065,2.531337738,2.652474403,2.718377113,2.785749435,0.9045142393015726
bv_direct,0,double,brettel,1,65536,2.418804169,2.4442195895,2.491378784,2.698905945,2.7560210229999997,2.789121628,0.8868653646333234
bv_direct,0,double,brettel,2,65536,2.404785156,2.4237632755,2.456378937,2.659580231,2.7484412195,2.795395851,0.8818683326037927
bv_direct,0,double,lookup,0,65536,4.611492157,4.742860794,4.930686951,3.387719154,3.439633846,3.45601368,1.3788853716262683
bv_direct,0,double,lookup,1,65536,4.564571381,4.742002487000001,4.795455933,3.295207977,3.382627964,3.450790405,1.4018693564492748
bv_direct,0,double,lookup,2,65536,4.561233521,4.6920299530000005,4.857349396,3.292543411,3.374523163,3.485584259,1.3904275437922073
bv_direct,0,double,lookupApply,0,65536,6.165122986,6.3341140750000005,6.49061203,6.335474014,6.606781482500001,6.678639412,0.9587291621158895
bv_direct,0,double,lookupApply,1,65536,6.178665161,6.395435333,6.464958191,6.315136909,6.445124626,6.60533905,0.9922904061777874
bv_direct,0,double,lookupApply,2,65536,6.266498566,6.4042091370000005,6.488895416,6.312262535,6.465526104,6.668635368,0.9905163221037705
bv_direct,0,double,prepared,0,65536,0.961875916,0.9863376614999999,1.024055481,0.733000755,0.7492022515,0.767542839,1.3165172148444884
bv_direct,0,double,prepared,1,65536,0.989627838,0.996923447,1.097488403,0.729733467,0.7490396500000001,0.769377708,1.330935481185809
bv_direct,0,double,prepared,2,65536,0.988769531,0.9985923765,1.068019867,0.728712082,0.7638077735,0.772472382,1.3073870300169184
bv_direct,0,double,vienot,0,65536,0.643634796,0.7113456730000001,0.774478912,0.731682777,0.7525267600000001,0.783044815,0.945276249046612
bv_direct,0,double,vienot,1,65536,0.680541992,0.724315643,0.783920288,0.731290817,0.7514572145,0.785070419,0.9638814147016216
bv_direct,0,float,brettel,0,65536,1.547431946,1.603078842,1.74703598,1.384667397,1.4357700345,1.452727318,1.1165289729411747
bv_direct,0,float,brettel,1,65536,1.549625397,1.583957672,1.620388031,1.383750916,1.4278287884999998,1.462669373,1.1093470623071136
bv_direct,0,float,brettel,2,65536,1.545238495,1.591157913,1.639461517,1.429866791,1.4670615200000001,1.51612854,1.0845884043090435
bv_direct,0,float,lookup,0,65536,3.120136261,3.2012462614999997,3.268718719,2.187942505,2.2523832319999997,2.297912598,1.4212706860978799
bv_direct,0,float,lookup,1,65536,3.115463257,3.1930446625,3.324222565,2.188027382,2.270483494,2.363014221,1.4063280666597966
bv_direct,0,float,lookup,2,65536,3.114032745,3.1851768490000003,3.296470642,2.188467026,2.24279356,2.29969883,1.4201828049657859
bv_direct,0,float,lookupApply,0,65536,5.383300781,5.5278778074999995,5.663585663,6.471429825,6.662883281499999,6.800002098,0.829652505372347
bv_direct,0,float,lookupApply,1,65536,5.385971069,5.472946167,5.64699173,6.480970383,6.67830801,6.812208176,0.8195108938978093
bv_direct,0,float,lookupApply,2,65536,5.389022827,5.512666702,5.735874176,6.474445343,6.661673069000001,6.795074463,0.8275198504791709
bv_direct,0,float,prepared,0,65536,1.379680634,1.587152481,1.619815826,0.415882111,0.431403637,0.438514709,3.679042884378835
bv_direct,0,float,prepared,1,65536,1.511859894,1.5596866605000002,1.626777649,0.415816307,0.4291896825,0.443424225,3.6340264551909405
bv_direct,0,float,prepared,2,65536,1.549911499,1.6093730925,1.631546021,0.416600227,0.429534912,0.442736626,3.7467806400332835
bv_direct,0,float,vienot,0,65536,0.591850281,0.6131649020000001,0.664710999,0.415223122,0.429481506,0.441446304,1.4276863926243195
bv_direct,0,float,vienot,1,65536,0.595092773,0.6088256835,0.622463226,0.415376663,0.429218769,0.443394661,1.4184507469662866
bv_split,0,double,brettel,0,65536,2.334403992,2.3836612705,2.42805481,2.661172867,2.7271704675,2.819274902,0.8740419049364028
bv_split,0,double,brettel,1,65536,2.326869965,2.4108409885,2.614402771,2.664639473,2.743379116,2.803476334,0.878785208518734
bv_split,0,double,brettel,2,65536,2.328491211,2.3830890655,3.446483612,2.736683846,2.7970376015,2.809484482,0.8520046581504636
bv_split,0,double,lookup,0,65536,4.550266266,4.661512375,4.745674133,3.293914795,3.386197567,3.468167305,1.3766215003012552
bv_split,0,double,lookup,1,65536,4.549121857,4.7403812405,9.360122681,3.325538635,3.4093265534999997,3.487060547,1.3904157217305995
bv_split,0,double,lookup,2,65536,4.5545578,4.6869277955,4.81967926,3.450944901,3.471457005,3.510840416,1.3501327508159646
bv_split,0,double,lookupApply,0,65536,6.171607971,6.3071250915,6.614685059,6.330093384,6.4983730315,6.787336349,0.9705698735555882
bv_split,0,double,lookupApply,1,65536,6.172561646,6.3622474669999995,6.474304199,6.330379486,6.508974552,6.643743515,0.977457726431744
bv_split,0,double,lookupApply,2,65536,6.168365479,6.303453445500001,6.626033783,6.552939415,6.6097912789999995,6.669093132,0.9536539323906844
bv_split,0,double,prepared,0,65536,0.991153717,1.0084152225,1.090717316,0.737452507,0.7653865815,0.777900696,1.3175240419340954
bv_split,0,double,prepared,1,65536,0.966739655,0.9827136995,1.056480408,0.735236168,0.7528471944999999,0.776600838,1.3053295631295603
bv_split,0,double,prepared,2,65536,0.958824158,0.997209549,1.122379303,0.763609886,0.769982815,0.780125618,1.295106240780192
bv_split,0,double,vienot,0,65536,0.660800934,0.6691932675000001,0.715637207,0.738712311,0.7618017195,0.78969574,0.8784349659111003
bv_split,0,double,vienot,1,65536,0.63867569,0.7096290590000001,0.781059265,0.734213829,0.754079342,0.774537086,0.9410535728480413
bv_split,0,float,brettel,0,65536,1.54876709,1.6151428220000001,1.743793488,1.382629395,1.4308233265,1.443479538,1.1288205832867375
bv_split,0,float,brettel,1,65536,1.546001434,1.6000270845,2.020645142,1.383786201,1.392095566,1.411557198,1.1493658363537953
bv_split,0,float,brettel,2,65536,1.54876709,1.6001701355,1.665687561,1.428915024,1.4640831945000001,1.494944572,1.0929502787213365
bv_split,0,float,lookup,0,65536,3.079605103,3.5229206084999998,6.594276428,2.182030678,2.1882247925,2.208779335,1.6099445635451095
bv_split,0,float,lookup,1,65536,3.085041046,3.170824051,3.348827362,2.184800148,2.268866062,2.285996437,1.3975369036129555
bv_split,0,float,lookup,2,65536,3.121948242,3.167963028,3.232288361,2.18625164,2.25047493,2.315970421,1.4076864335476067
bv_split,0,float,lookupApply,0,65536,5.39150238,5.5193424225,7.306289673,6.503388405,6.6022138595,6.757810593,0.8359835867113206
bv_split,0,float,lookupApply,1,65536,5.386734009,5.517435074,7.208442688,6.496520996,6.5313262935,6.747046471,0.8447648802190408
bv_split,0,float,lookupApply,2,65536,5.386257172,5.5068969725,5.830192566,6.489443779,6.636593342,6.802274704,0.8297776718741131
bv_split,0,float,prepared,0,65536,1.311683655,1.3468265535,1.379013062,0.414967537,0.431918621,0.441309929,3.118241464981895
bv_split,0,float,prepared,1,65536,1.311683655,1.552963257,2.235126495,0.415397644,0.422111988,0.429869652,3.6790313972319595
bv_split,0,float,prepared,2,65536,1.312732697,1.3904094695,1.43661499,0.415053368,0.427295208,0.438695908,3.253978615880008
bv_split,0,float,vienot,0,65536,0.592136383,0.612449646,0.638866425,0.414766312,0.430092812,0.437835693,1.4239941447800806
bv_split,0,float,vienot,1,65536,0.59299469,0.6103515625,1.62858963,0.415884972,0.418297291,0.46880722,1.4591334336420552
bv_portable,0,double,brettel,0,65536,2.334308624,2.346611023,2.366256714,2.65220356,2.7095775605,2.764334679,0.8660431268728762
bv_portable,0,double,brettel,1,65536,2.366638184,2.3829460145,2.408027649,2.666119576,2.7082448005,2.785480499,0.8798857525952074
bv_portable,0,double,brettel,2,65536,2.331542969,2.383136749,2.450275421,2.687065125,2.695990562,2.731984138,0.8839558945755687
bv_portable,0,double,lookup,0,65536,4.550457001,4.6568393705,6.134796143,3.294689178,3.373404026,3.441403389,1.3804570500918705
bv_portable,0,double,lookup,1,65536,4.551029205,4.637479782,4.739189148,3.313809395,3.338304043,3.411346436,1.3891723828224114
bv_portable,0,double,lookup,2,65536,4.56867218,4.697561264,4.814147949,3.323390007,3.3834376335,3.463849068,1.3883989518496322
bv_portable,0,double,lookupApply,0,65536,6.168651581,6.2579631805,6.43415451,6.321000099,6.4582071305,6.632863998,0.9689938792680846
bv_portable,0,double,lookupApply,1,65536,6.182193756,6.286764145,6.533241272,6.325966835,6.574272156,6.739779472,0.9562677047469649
bv_portable,0,double,lookupApply,2,65536,6.171512604,6.251144409,6.436443329,6.32106781,6.3501167295,6.605203629,0.9844140943047212
bv_portable,0,double,prepared,0,65536,0.958061218,0.9704589845,0.98657608,0.734137535,0.75206995,0.770298004,1.2903839390205658
bv_portable,0,double,prepared,1,65536,0.964355469,0.974369049,1.04675293,0.729572296,0.7505464555,0.781435013,1.298212844601196
bv_portable,0,double,prepared,2,65536,0.956344604,1.0050296785000001,1.066017151,0.735131264,0.744825363,0.751462936,1.3493494293104518
bv_portable,0,double,vienot,0,65536,0.515937805,0.5295276645,0.5859375,0.73238945,0.7556228635,0.773468971,0.7007830097242684
bv_portable,0,double,vienot,1,65536,0.532817841,0.5531787875,0.575733185,0.731750488,0.7546248435,0.769515038,0.7330513860825469
bv_portable,0,float,brettel,0,65536,1.620197296,1.6284942624999998,1.830863953,1.405819893,1.445567131,1.456116676,1.1265435050210753
bv_portable,0,float,brettel,1,65536,1.545810699,1.596927643,1.654529572,1.383910179,1.418557167,1.460080147,1.12574077390002
bv_portable,0,float,brettel,2,65536,1.543807983,1.5508174895,1.565074921,1.430204391,1.4857535364999999,1.502925873,1.0437918883594057
bv_portable,0,float,lookup,0,65536,3.116512299,3.2175540925,3.304290771,2.182278633,2.2434678075,2.306071281,1.434187770265119
bv_portable,0,float,lookup,1,65536,3.112792969,3.149652481,3.260231018,2.181610107,2.2348580360000003,2.312862396,1.4093300022928166
bv_portable,0,float,lookup,2,65536,3.120231628,3.1761169430000002,3.240776062,2.182059288,2.2310471534999996,2.28563118,1.4235992000516007
bv_portable,0,float,lookupApply,0,65536,5.357933044,5.620098114,7.047367096,6.482996941,6.6475100515,6.842778206,0.845444094173552
bv_portable,0,float,lookupApply,1,65536,5.351543427,5.4951667785,5.663967133,6.482193947,6.6377253535000005,6.828948975,0.8278689589954875
bv_portable,0,float,lookupApply,2,65536,5.347728729,5.3678035735,5.444145203,6.47750473,6.608154774,6.768280029,0.812299916857244
bv_portable,0,float,prepared,0,65536,1.372241974,1.3834476470000001,2.3853302,0.41765213,0.43141937249999995,0.443162918,3.2067351055265845
bv_portable,0,float,prepared,1,65536,1.309680939,1.3526916500000001,1.497459412,0.415512085,0.43434715300000004,0.443201065,3.114309926189386
bv_portable,0,float,prepared,2,65536,1.309299469,1.313066483,1.368618011,0.415254593,0.4273648265,0.44069767,3.072472046316147
bv_portable,0,float,vienot,0,65536,0.621604919,0.6286621095,0.639629364,0.419446945,0.43197345750000005,0.457422256,1.455325781214231
bv_portable,0,float,vienot,1,65536,0.593280792,0.6144046785,0.637054443,0.414891243,0.4280052185,0.440068245,1.435507446972869
bv_compiler,0,double,brettel,0,65536,2.32925415,2.364015579,2.411937714,2.785393715,2.8112916945,2.847753525,0.8409001398271659
bv_compiler,0,double,brettel,1,65536,2.353191376,2.465724945,2.630710602,2.76761055,2.8063206675,2.826482773,0.8786326429319218
bv_compiler,0,double,brettel,2,65536,2.418041229,2.453517914,2.477836609,2.737744331,2.783302784,2.807925224,0.8815131174747532
bv_compiler,0,double,lookup,0,65536,4.746723175,4.811477661,4.906845093,3.419139862,3.4579219820000002,3.472587585,1.3914361532868151
bv_compiler,0,double,lookup,1,65536,4.729270935,4.8670768735,5.00535965,3.298079491,3.4329652785,3.481404305,1.4177471889918505
bv_compiler,0,double,lookup,2,65536,4.801654816,4.89859581,5.02576828,3.444602966,3.4637818335,3.48752594,1.4142333569115648
bv_compiler,0,double,lookupApply,0,65536,6.228542328,6.4143657685,6.53591156,6.630141258,6.660867214,6.726024628,0.9629925897664051
bv_compiler,0,double,lookupApply,1,65536,6.173419952,6.3990592955,6.49061203,6.330771446,6.5995106695,6.706607819,0.9696263277629966
bv_compiler,0,double,lookupApply,2,65536,6.467437744,6.5167427065000005,6.712341309,6.604448318,6.6467313765,6.736159325,0.9804432189843592
bv_compiler,0,double,prepared,0,65536,0.966072083,0.9781360625,0.996112823,0.766239166,0.7748970985,0.784930229,1.2622786488598523
bv_compiler,0,double,prepared,1,65536,0.960826874,0.9843349455,1.056575775,0.752838135,0.7660384179999999,0.783927917,1.2849681195754337
bv_compiler,0,double,prepared,2,65536,0.998306274,1.012659073,1.078987122,0.760354996,0.768206596,0.772953033,1.318211895436524
bv_compiler,0,double,vienot,0,65536,0.514221191,0.539255142,0.590133667,0.766640663,0.7756896015,0.788291931,0.6951944965579122
bv_compiler,0,double,vienot,1,65536,0.515651703,0.5832195284999999,0.647926331,0.759849548,0.7688465115,0.776182175,0.7585643165137778
bv_compiler,0,float,brettel,0,65536,1.54504776,1.5644550320000001,1.788806915,1.461550713,1.470051765,1.535190582,1.0642176481452
bv_compiler,0,float,brettel,1,65536,1.547622681,1.5780448914999998,1.621627808,1.457157135,1.4675016405,1.509259224,1.0753275144294463
bv_compiler,0,float,brettel,2,65536,1.544952393,1.5518188474999999,1.587486267,1.440633774,1.4796504975,1.513805389,1.0487739166255374
bv_compiler,0,float,lookup,0,65536,3.078365326,3.163480759,3.217697144,2.288144112,2.30984354,2.345993996,1.3695649528712235
bv_compiler,0,float,lookup,1,65536,3.095722198,3.11961174,3.146839142,2.182048798,2.29873085,2.316157341,1.3571017851002434
bv_compiler,0,float,lookup,2,65536,3.114509583,3.2029628755,3.244781494,2.28608036,2.302102089,2.338200569,1.3913209543592922
bv_compiler,0,float,lookupApply,0,65536,5.34954071,5.3607463840000005,5.39226532,6.659024239,6.8325109484999995,6.89936924,0.7845938959200485
bv_compiler,0,float,lookupApply,1,65536,5.350780487,5.429935455,5.571269989,6.477705956,6.7739286425,7.03161335,0.8015932469279773
bv_compiler,0,float,lookupApply,2,65536,5.344486237,5.552625656,5.628013611,6.511545181,6.833632946,6.921555519,0.8125437376981413
bv_compiler,0,float,prepared,0,65536,1.311779022,1.317501068,1.327228546,0.435941696,0.4426517485,0.452388763,2.97638283925134
bv_compiler,0,float,prepared,1,65536,1.312923431,1.3411521915,1.366996765,0.437335968,0.4408040045,0.44804287,3.042513629206379
bv_compiler,0,float,prepared,2,65536,1.311588287,1.3262271884999999,1.36013031,0.417346001,0.43318653100000004,0.447957039,3.0615614604600894
bv_compiler,0,float,vienot,0,65536,0.596618652,0.60338974,0.612640381,0.435998917,0.44309616100000004,0.462694168,1.3617579954613959
bv_compiler,0,float,vienot,1,65536,0.593566895,0.607252121,0.618553162,0.436973572,0.44368839299999996,0.452198029,1.368645496660536
default,1,double,brettel,0,65536,9.970188141,10.13507843,10.888385773,2.653761864,2.6640391350000003,2.691364288,3.804402982240724
default,1,double,brettel,1,65536,10.03484726,10.154247284,10.343265533,2.665261269,2.6775870325,2.721412659,3.792312690773386
default,1,double,brettel,2,65536,9.685707092,9.792709350500001,10.410881042,2.670858383,2.6892876625,2.736083031,3.6413766690159726
default,1,double,lookup,0,65536,4.557037354,4.5691013335,4.625797272,3.295888901,3.3057889940000003,5.113654137,1.3821515353196798
default,1,double,lookup,1,65536,4.556465149,4.6203136444999995,4.812812805,3.294093132,3.302904129,3.326796532,1.3988639887948742
default,1,double,lookup,2,65536,4.553413391,4.698038101,4.832363129,3.295535088,3.3107171055,3.34223175,1.4190394259887935
default,1,double,lookupApply,0,65536,6.172466278,6.1852931975,6.359386444,6.32101059,6.335150719,6.379855156,0.9763450739931797
default,1,double,lookupApply,1,65536,6.173992157,6.187725067000001,6.31685257,6.321937561,6.335442543,7.051400185,0.9766839530155298
default,1,double,lookupApply,2,65536,6.173324585,6.247806549,6.405925751,6.323226929,6.339821815500001,6.452329636,0.9854861431160359
default,1,double,prepared,0,65536,0.956726074,0.959777832,0.97026825,0.727638245,0.7358865735,0.787687302,1.3042469676204793
default,1,double,prepared,1,65536,0.957393646,0.964641571,1.012611389,0.726664543,0.7347402569999999,0.741259575,1.3129014802301764
default,1,double,prepared,2,65536,0.956726074,0.9589195255,1.051902771,0.730027199,0.7383079525,0.750523567,1.2988069846098536
default,1,double,vienot,0,65536,0.517368317,0.524520874,0.589847565,0.728593826,0.737705708,0.764420509,0.7110164233675687
default,1,double,vienot,1,65536,0.529766083,0.5567550655,0.591659546,0.730197906,0.7371463775,0.744955063,0.7552842725595569
default,1,float,brettel,0,65536,8.508396149,8.8393211365,9.418010712,1.380243301,1.405520916,1.430511475,6.289000068142708
default,1,float,brettel,1,65536,9.762573242,10.069656372,10.453033447,1.3804245,1.3842840195,1.394474983,7.274270474954364
default,1,float,brettel,2,65536,8.38394165,8.4834575655,8.966827393,1.426719666,1.4318008425,1.438515663,5.92502624225827
default,1,float,lookup,0,65536,3.236103058,3.298997879,5.769252777,2.187138557,2.1940011979999996,2.224339485,1.503644520343603
default,1,float,lookup,1,65536,3.080177307,3.0896663665000004,3.107738495,2.187758446,2.1931362155,2.207960129,1.4087890869084052
default,1,float,lookup,2,65536,3.084087372,3.1322002409999996,3.203582764,2.185962677,2.190481186,2.220261574,1.4299142403134064
default,1,float,lookupApply,0,65536,5.644035339,5.696439743,5.767536163,6.478920937,6.496433258,6.665532112,0.8768565021406397
default,1,float,lookupApply,1,65536,5.374336243,5.3974151615,5.417919159,6.470238686,6.4916477205,6.740862846,0.8314399354197057
default,1,float,lookupApply,2,65536,5.376911163,5.403184891,5.729389191,6.47585392,6.4865951535,6.495119095,0.8329770493052246
default,1,float,prepared,0,65536,1.438808441,1.6240119935,1.647663116,0.415840149,0.42346668249999997,0.433662415,3.8350407732490264
default,1,float,prepared,1,65536,1.499271393,1.556825638,1.563072205,0.415457726,0.41649436949999996,0.432144165,3.7379272134433985
default,1,float,prepared,2,65536,1.463317871,1.5553951265000001,1.603889465,0.415400505,0.416317463,0.423213005,3.7360794699596833
default,1,float,vienot,0,65536,3.796386719,3.87468338,3.918361664,0.415553093,0.4279174805,0.453690529,9.054744329380112
default,1,float,vienot,1,65536,3.795909882,3.8882255555,4.035568237,0.41522789,0.4164795875,0.423862457,9.335933073790802
bv_direct,1,double,brettel,0,65536,2.331256866,2.373456955,2.424240112,2.638116837,2.655939579,2.673714638,0.8936411708182161
bv_direct,1,double,brettel,1,65536,2.328395844,2.355957031,2.402114868,2.67125988,2.732606411,2.802186966,0.8621647894538297
bv_direct,1,double,brettel,2,65536,2.331352234,2.351140976,2.373504639,2.668041229,2.7248797414999997,2.805931091,0.8628421064577834
bv_direct,1,double,lookup,0,65536,4.551792145,4.6387672425,4.682064056,3.30010128,3.383530617,3.440712929,1.3709842669054826
bv_direct,1,double,lookup,1,65536,4.549598694,4.6327590945,4.69493866,3.292211533,3.3694992065,3.454667091,1.3749102791189514
bv_direct,1,double,lookup,2,65536,4.549312592,4.620265960999999,4.83751297,3.30356884,3.365397453,3.545145988,1.3728737914392186
bv_direct,1,double,lookupApply,0,65536,6.178951263,6.286525726,6.640815735,6.335604668,6.371268749,6.60644722,0.9866991918974849
bv_direct,1,double,lookupApply,1,65536,6.177902222,6.191062927,6.227970123,6.3276968,6.386359215,6.560286522,0.9694197771491938
bv_direct,1,double,lookupApply,2,65536,6.17980957,6.2261104585,6.376934052,6.314334869,6.4448370935,6.61113739,0.9660617278874901
bv_direct,1,double,prepared,0,65536,0.954818726,0.9871482845,1.042938232,0.732089996,0.738694191,0.744210243,1.3363422868719974
bv_direct,1,double,prepared,1,65536,0.953769684,0.968408585,1.025676727,0.732022285,0.750881672,0.769482613,1.2896953289865358
bv_direct,1,double,prepared,2,65536,0.956821442,0.9585380555,1.021099091,0.732242584,0.757085323,0.772939682,1.266089866465421
bv_direct,1,double,vienot,0,65536,0.638866425,0.665664673,0.749492645,0.732069969,0.738527775,0.751430511,0.9013400653753341
bv_direct,1,double,vienot,1,65536,0.643062592,0.6742477415,0.705623627,0.731296539,0.7632699009999999,0.790571213,0.8833673915565551
bv_direct,1,float,brettel,0,65536,1.544952393,1.581001282,1.832580566,1.383328438,1.438773632,1.456376076,1.0988533893287251
bv_direct,1,float,brettel,1,65536,1.584243774,1.6041755675,2.059364319,1.383328438,1.3898420335,1.413003922,1.1542143127303828
bv_direct,1,float,brettel,2,65536,1.544284821,1.550102234,1.556491852,1.430148125,1.470884323,1.515668869,1.0538573358633858
bv_direct,1,float,lookup,0,65536,3.122234344,3.2322883605,3.385353088,2.185198784,2.198661327,2.222439766,1.4701165299115666
bv_direct,1,float,lookup,1,65536,3.088855743,3.1220436100000004,3.220367432,2.18745327,2.257577896,2.365525246,1.3829173361112677
bv_direct,1,float,lookup,2,65536,3.083610535,3.1369686125,3.22561264,2.180174828,2.1887044905,2.202582359,1.4332536101222935
bv_direct,1,float,lookupApply,0,65536,5.394554138,5.4624557495,5.64699173,6.478002548,6.5771398545,7.056424141,0.8305214531454206
bv_direct,1,float,lookupApply,1,65536,5.449867249,5.5794239045000005,5.747890472,6.48401165,6.6247434615,7.000548363,0.8422098058475892
bv_direct,1,float,lookupApply,2,65536,5.383968353,5.3962707519999995,5.45835495,6.479426384,6.573004246,6.727861404,0.8209747856596774
bv_direct,1,float,prepared,0,65536,1.509571075,1.562595367,1.62229538,0.416030884,0.4309544565,0.445056915,3.625894438337244
bv_direct,1,float,prepared,1,65536,1.542186737,1.6193389895,1.630973816,0.415802002,0.43308925649999996,0.446852684,3.7390421609315543
bv_direct,1,float,prepared,2,65536,1.40247345,1.558685303,1.603507996,0.416251183,0.432497501,0.45375824,3.603917477895439
bv_direct,1,float,vienot,0,65536,0.594997406,0.6116867065,0.629520416,0.415781975,0.429330826,0.441255569,1.4247444382202363
bv_direct,1,float,vienot,1,65536,0.604534149,0.6124019624999999,0.673294067,0.414665222,0.425085545,0.441866875,1.4406558155253195
bv_split,1,double,brettel,0,65536,2.324581146,2.337837219,2.348709106,2.643321991,2.6521186825000003,2.66537571,0.8814979640338926
bv_split,1,double,brettel,1,65536,2.323913574,2.3334026335,2.363586426,2.661842346,2.6678404804999998,2.707688332,0.8746409879284386
bv_split,1,double,brettel,2,65536,2.326202393,2.372455597,2.418422699,2.659100533,2.722797871,2.780000687,0.87133004703308
bv_split,1,double,lookup,0,65536,4.544067383,4.5536518095,4.6043396,3.28994751,3.3003969195,3.325717926,1.3797285358604274
bv_split,1,double,lookup,1,65536,4.550933838,4.679965973,4.758739471,3.300836563,3.3468875885,3.423922539,1.398303901535413
bv_split,1,double,lookup,2,65536,4.554653168,4.7349929805,4.784202576,3.292297363,3.3094182014999998,3.348372459,1.4307629595902556
bv_split,1,double,lookupApply,0,65536,6.170654297,6.1897754665,6.220436096,6.309024811,6.3233122825,6.356617928,0.9788818248990221
bv_split,1,double,lookupApply,1,65536,6.174945831,6.200027466,6.398105621,6.309607506,6.411708832,6.503896713,0.9669851873273586
bv_split,1,double,lookupApply,2,65536,6.168556213,6.2130451205,6.302833557,6.321393013,6.4477505685,6.626802444,0.96359886358715
bv_split,1,double,prepared,0,65536,0.953769684,0.9567260744999999,0.96282959,0.725709915,0.7321901319999999,0.734257698,1.3066634371138999
bv_split,1,double,prepared,1,65536,0.9557724,0.95872879,1.019859314,0.724228859,0.7314066889999999,0.788728714,1.3108012333204135
bv_split,1,double,prepared,2,65536,0.957202911,0.975370407,1.047325134,0.729740143,0.759095669,0.771737099,1.284911041957216
bv_split,1,double,vienot,0,65536,0.638008118,0.652742386,0.713920593,0.726178169,0.7343387605,0.738411903,0.8888845599755046
bv_split,1,double,vienot,1,65536,0.637626648,0.645494461,0.652694702,0.723522186,0.731965542,0.73875618,0.8818645468422883
bv_split,1,float,brettel,0,65536,1.541233063,1.5786647795,2.368450165,1.42533493,1.443105221,1.510339737,1.093936018335561
bv_split,1,float,brettel,1,65536,1.543903351,1.551103592,1.562976837,1.412278175,1.4318628310000001,1.45174408,1.0832766647882908
bv_split,1,float,brettel,2,65536,1.543426514,1.5527725220000002,1.628112793,1.4420681,1.450826645,1.460120201,1.0702674419106772
bv_split,1,float,lookup,0,65536,3.110313416,3.117609024,3.134727478,2.214024544,2.2358107565000003,2.297883987,1.3943975423395811
bv_split,1,float,lookup,1,65536,3.106403351,3.1401634215,3.183078766,2.212123871,2.2288098335,2.250270844,1.4088969701685408
bv_split,1,float,lookup,2,65536,3.118228912,3.165102005,3.234291077,2.177835464,2.1852655409999997,2.197863579,1.4483832493654831
bv_split,1,float,lookupApply,0,65536,5.377101898,5.406522751000001,5.457496643,6.476198196,6.617494106500001,6.821990967,0.817004543410091
bv_split,1,float,lookupApply,1,65536,5.382919312,5.3977012635,8.564662933,6.707948685,6.780146122,6.864731789,0.796103972742669
bv_split,1,float,lookupApply,2,65536,5.389690399,5.5077552794999995,5.760765076,6.472712517,6.4833288195000005,6.681893349,0.8495258273703851
bv_split,1,float,prepared,0,65536,1.306915283,1.3287067415,1.346874237,0.424617767,0.435348034,0.45142746,3.052056372672169
bv_split,1,float,prepared,1,65536,1.308727264,1.3139247895000001,1.336669922,0.427874565,0.431771755,0.438494682,3.043100374872831
bv_split,1,float,prepared,2,65536,1.30853653,1.3504981995,1.442909241,0.416823387,0.42423105250000004,0.432506561,3.183402515071666
bv_split,1,float,vienot,0,65536,0.592708588,0.6061553955000001,0.621891022,0.425152779,0.43162822749999996,0.443386078,1.4043460480118857
bv_split,1,float,vienot,1,65536,0.592327118,0.5982875825,0.600528717,0.421904564,0.42992305750000004,0.442211151,1.3916154811026853
bv_portable,1,double,brettel,0,65536,2.326393127,2.333021164,2.341651917,2.657247543,2.6643495560000003,2.707554817,0.8756437978440692
bv_portable,1,double,brettel,1,65536,2.32629776,2.3493289945,2.37159729,2.674679756,2.7475357055,6.421966553,0.8550676847609762
bv_portable,1,double,brettel,2,65536,2.324867249,2.343416214,2.367782593,2.672282219,2.7011504175,2.73749733,0.8675622796930004
bv_portable,1,double,lookup,0,65536,4.54788208,4.56032753,4.5835495,3.295039177,3.361085415,6.116013527,1.3568020347379361
bv_portable,1,double,lookup,1,65536,4.544067383,4.550981522000001,4.612636566,3.294762611,3.340044022,3.385737419,1.362551359210798
bv_portable,1,double,lookup,2,65536,4.542541504,4.577541351000001,4.680252075,3.290148735,3.3070878985,3.382098198,1.3841607757314953
bv_portable,1,double,lookupApply,0,65536,6.179237366,6.242990494000001,6.308174133,6.327400208,6.379354477,6.456733704,0.9786241721648102
bv_portable,1,double,lookupApply,1,65536,6.160068512,6.1746120455,6.199645996,6.332233429,6.409163952,7.447039604,0.9634036657110624
bv_portable,1,double,lookupApply,2,65536,6.166934967,6.1814308165,6.256484985,6.335366249,6.392692566,6.588978767,0.966952618584599
bv_portable,1,double,prepared,0,65536,0.95539093,0.9624004365000001,0.980186462,0.730113029,0.7358717914999999,0.751239777,1.307837109149468
bv_portable,1,double,prepared,1,65536,0.953960419,0.9564876554999999,1.011657715,0.726216316,0.8369331360000001,1.369049072,1.142848352344362
bv_portable,1,double,prepared,2,65536,0.95615387,0.9588718414999999,1.047229767,0.729157448,0.7422475815,0.755738258,1.2918490614172515
bv_portable,1,double,vienot,0,65536,0.513362885,0.520515442,0.578689575,0.727667809,0.736201763,0.812386513,0.7070282470920951
bv_portable,1,double,vienot,1,65536,0.527191162,0.551891327,0.58259964,0.726988792,0.851589203,1.455134392,0.6480722454626988
bv_portable,1,float,brettel,0,65536,1.542949677,1.5538692470000002,1.742553711,1.381102562,1.3900289534999999,1.44906044,1.1178682595693143
bv_portable,1,float,brettel,1,65536,1.549530029,1.5642642974999998,1.575469971,1.37696743,1.3838300705,1.395945549,1.13038756047179
bv_portable,1,float,brettel,2,65536,1.565170288,1.59702301,1.627159119,1.429030418,1.4353637694999999,1.442718506,1.11262597254793
bv_portable,1,float,lookup,0,65536,3.085327148,3.1162261965,4.832935333,2.18198967,2.196741581,2.258877754,1.418567492623066
bv_portable,1,float,lookup,1,65536,3.088378906,3.210020065,4.488658905,2.180290222,2.187219143,2.369269371,1.467626175124419
bv_portable,1,float,lookup,2,65536,3.086471558,3.1150341035,3.148365021,2.180098534,2.1839475635,2.296051025,1.426331911791801
bv_portable,1,float,lookupApply,0,65536,5.345535278,5.357170105,5.366611481,6.478242874,6.5040831565,6.639753342,0.8236626094865027
bv_portable,1,float,lookupApply,1,65536,5.349826813,5.692815781,10.060882568,6.475691795,6.4841504095,6.772200584,0.8779586254907649
bv_portable,1,float,lookupApply,2,65536,5.35364151,5.401277542,5.598163605,6.468395233,6.4846377375,6.731291771,0.8329343535668865
bv_portable,1,float,prepared,0,65536,1.308917999,1.3134002685000001,1.326274872,0.414942741,0.41631793949999996,0.426193237,3.154801039987373
bv_portable,1,float,prepared,1,65536,1.320075989,1.3351440430000001,2.251911163,0.415085793,0.4193310735,0.427110672,3.183985464888283
bv_portable,1,float,prepared,2,65536,1.314067841,1.3466358185,1.43289566,0.41476059,0.41648006449999997,0.42374897,3.2333740154326165
bv_portable,1,float,vienot,0,65536,0.591659546,0.5999088285,0.627040863,0.415057182,0.4186000825,0.434493065,1.433131175983464
bv_portable,1,float,vienot,1,65536,0.593757629,0.6000518795,0.604343414,0.41440773,0.4163417815,0.427129745,1.441248287256032
bv_compiler,1,double,brettel,0,65536,2.329158783,2.3592472075,2.399635315,2.640619278,2.6532220840000003,2.682740211,0.8892008029509526
bv_compiler,1,double,brettel,1,65536,2.328300476,2.33502388,2.341365814,2.660381317,2.6669812200000003,2.67632103,0.8755306795898622
bv_compiler,1,double,brettel,2,65536,2.329730988,2.336215973,2.406215668,2.668890953,2.748528957,2.869934082,0.8499877605619127
bv_compiler,1,double,lookup,0,65536,4.547309875,4.573726654,4.665088654,3.28878212,3.2994613645,3.314198494,1.3862040341524355
bv_compiler,1,double,lookup,1,65536,4.546165466,4.566478729,4.633617401,3.297292709,3.4046530725000004,3.547047615,1.3412464153497095
bv_compiler,1,double,lookup,2,65536,4.543781281,4.56199646,4.596805573,3.296214104,3.3843092915,3.474812508,1.3479844975924238
bv_compiler,1,double,lookupApply,0,65536,6.188201904,6.3012123105,6.398963928,6.310705185,6.319153309,6.348872185,0.9971608540539051
bv_compiler,1,double,lookupApply,1,65536,6.169605255,6.191253661999999,6.229782104,6.320400238,6.347242832,6.560001373,0.9754241055323152
bv_compiler,1,double,lookupApply,2,65536,6.175327301,6.183004379,6.213283539,6.316254616,6.4039063455,6.590392113,0.9655051222516351
bv_compiler,1,double,prepared,0,65536,0.963306427,0.970315933,0.979995728,0.728230476,0.735604763,0.737123489,1.3190723902368207
bv_compiler,1,double,prepared,1,65536,0.956916809,0.959730148,1.021766663,0.729816437,0.7374572755,0.742136955,1.3014044065797545
bv_compiler,1,double,prepared,2,65536,0.95615387,0.957393646,1.015663147,0.73329258,0.7595829965,0.772443771,1.260420059969049
bv_compiler,1,double,vienot,0,65536,0.513935089,0.52652359,0.587463379,0.729052544,0.736869335,0.750629425,0.7145413236662916
bv_compiler,1,double,vienot,1,65536,0.513839722,0.5178928375,0.525760651,0.728651047,0.736020565,0.738307953,0.7036390858182068
bv_compiler,1,float,brettel,0,65536,1.54542923,1.5528678894999999,1.745510101,1.383577347,1.3915576935,1.433911324,1.1159205951384437
bv_compiler,1,float,brettel,1,65536,1.545906067,1.596403122,1.653003693,1.379709244,1.3978366855,1.419718742,1.1420526722182667
bv_compiler,1,float,brettel,2,65536,1.543807983,1.565551758,1.597976685,1.427474022,1.4447808265000002,1.756608963,1.0835911781806857
bv_compiler,1,float,lookup,0,65536,3.083133698,3.1126976015,3.213596344,2.182792664,2.2001609799999997,2.234493256,1.4147590243601176
bv_compiler,1,float,lookup,1,65536,3.081607819,3.152656555,3.188323975,2.186048508,2.1948509215,2.234235764,1.4363875578599292
bv_compiler,1,float,lookup,2,65536,3.087520599,3.1471252439999997,3.211688995,2.181292534,2.226465225,2.363100052,1.4135074775308918
bv_compiler,1,float,lookupApply,0,65536,5.349636078,5.3561210635,5.393409729,6.474211693,6.4936294555,6.552970886,0.8248270247332101
bv_compiler,1,float,lookupApply,1,65536,5.345249176,5.3837776185,5.5727005,6.476399422,6.4823350904999995,7.426972389,0.83053059481452
bv_compiler,1,float,lookupApply,2,65536,5.350589752,5.473804474,5.646705627,6.477974892,6.5866012575,6.954953194,0.831051442163303
bv_compiler,1,float,prepared,0,65536,1.309299469,1.314115524,1.326179504,0.416069031,0.4199233055,0.431609154,3.1294179360568974
bv_compiler,1,float,prepared,1,65536,1.310062408,1.3446331025,1.37720108,0.415114403,0.4191970825,0.426785469,3.2076394579869243
bv_compiler,1,float,prepared,2,65536,1.310253143,1.3530254365,1.402378082,0.41755867,0.4251766205,0.433319092,3.1822667834107783
bv_compiler,1,float,vienot,0,65536,0.592708588,0.6000995634999999,0.623512268,0.4148283,0.4164128305,0.428409576,1.4411168906093539
bv_compiler,1,float,vienot,1,65536,0.593471527,0.611686707,0.641441345,0.414293289,0.4230513575,0.431752205,1.445892315804707
default,2,double,brettel,0,65536,10.215950012,10.641193390000002,11.48519516,2.645309448,2.6605100635000003,2.680362701,3.9996816911119346
default,2,double,brettel,1,65536,10.01996994,10.1659297945,11.583614349,2.658977509,2.669999123,2.692435265,3.807465593126339
default,2,double,brettel,2,65536,9.717178345,10.0201129915,10.403442383,2.664832115,2.6772871015,2.702740669,3.7426367108279286
default,2,double,lookup,0,65536,4.555511475,4.6582221985,4.830360413,3.294064522,3.304652214,3.360760689,1.4095952907739175
default,2,double,lookup,1,65536,4.556751251,4.71200943,4.894256592,3.294953346,3.2983055115,3.308486938,1.428615212742096
default,2,double,lookup,2,65536,4.552078247,4.6262264250000005,4.698944092,3.295172691,3.3857274055,3.483981133,1.3663906956847298
default,2,double,lookupApply,0,65536,6.196117401,6.325006484999999,6.502628326,6.312625885,6.3248033525,6.370792389,1.0000321168088047
default,2,double,lookupApply,1,65536,6.204319,6.28452301,6.528282166,6.310209274,6.3191251755,6.348605156,0.9945242158464977
default,2,double,lookupApply,2,65536,6.200027466,6.239318848,6.416511536,6.311489105,6.4052433964999995,6.864494324,0.9740955123437361
default,2,double,prepared,0,65536,0.962638855,0.9828567505000001,1.02853775,0.725614548,0.7346396445000001,0.794010162,1.3378760020076754
default,2,double,prepared,1,65536,0.963878632,0.9808540345000001,1.023483276,0.725394249,0.734578133,0.740179062,1.3352616834566189
default,2,double,prepared,2,65536,0.96282959,0.9909629824999999,1.048660278,0.72856617,0.737504959,0.752405167,1.3436695854135943
default,2,double,vienot,0,65536,0.52280426,0.540590286,0.624465942,0.726272583,0.7338142395,0.753837585,0.7366854673852373
default,2,double,vienot,1,65536,0.518417358,0.5344867705,0.573921204,0.726445198,0.732834816,0.741153717,0.7293413997677752
default,2,float,brettel,0,65536,8.504867554,8.679819107,9.292125702,1.382946968,1.388319492,1.435832024,6.252032876449739
default,2,float,brettel,1,65536,9.777450562,10.023260116500001,10.358810425,1.384636879,1.3974547385,1.421380043,7.172511452684878
default,2,float,brettel,2,65536,8.384799957,8.885717392,9.965705872,1.428897858,1.4440598489999998,1.485650063,6.153288866907622
default,2,float,lookup,0,65536,3.111457825,3.2124996185,3.284931183,2.186574936,2.198943615,2.210519791,1.4609286007090272
default,2,float,lookup,1,65536,3.11794281,3.1943321225,3.30657959,2.190987587,2.2144646645,2.284436226,1.4424850275139716
default,2,float,lookup,2,65536,3.122901917,3.1954288484999998,3.286457062,2.193804741,2.203017235,2.267731667,1.4504783701794326
default,2,float,lookupApply,0,65536,5.385971069,5.447053909499999,5.819988251,6.490507126,6.5236883165,6.582619667,0.834965382347141
default,2,float,lookupApply,1,65536,5.381679535,5.528020859,5.726051331,6.488874435,6.5544667245,6.721483231,0.8433975014834938
default,2,float,lookupApply,2,65536,5.384922028,5.5030345915000005,5.659484863,6.479810715,6.5731153485,6.827951431,0.8372034111276939
default,2,float,prepared,0,65536,1.506996155,1.5573024750000002,1.5625,0.416556358,0.4204344745,0.46936512,3.704031351977061
default,2,float,prepared,1,65536,1.549911499,1.591253281,1.656723022,0.415391922,0.423337936,0.432210922,3.758825150505765
default,2,float,prepared,2,65536,1.550292969,1.5858650205,1.683616638,0.415600777,0.4219431875,0.44054985,3.7584799742737878
default,2,float,vienot,0,65536,3.799343109,3.802108765,3.829860687,0.415830612,0.41783618899999997,0.442316055,9.099520015486261
default,2,float,vienot,1,65536,3.798866272,3.875923157,3.97977829,0.418036461,0.425443649,0.450453758,9.110309123453385
bv_direct,2,double,brettel,0,65536,2.336788177,2.345752716,2.363014221,2.639950752,2.663299084,2.685825348,0.88076954259186
bv_direct,2,double,brettel,1,65536,2.329349518,2.348232269,2.366638184,2.651451111,2.6678314204999998,2.695911407,0.8802026435987844
bv_direct,2,double,brettel,2,65536,2.334594727,2.339029312,2.355575562,2.649578094,2.671126366,2.699369431,0.8756715300978762
bv_direct,2,double,lookup,0,65536,4.545021057,4.557752609,4.575634003,3.29464817,3.303310871,3.331085205,1.3797528561458845
bv_direct,2,double,lookup,1,65536,4.547309875,4.560947418,4.666042328,3.296366692,3.3037118915,3.326386452,1.3805524112846206
bv_direct,2,double,lookup,2,65536,4.558181763,4.5799732209999995,4.655170441,3.295077324,3.3127279285,3.368822098,1.3825382946778266
bv_direct,2,double,lookupApply,0,65536,6.17017746,6.1896324155,6.252193451,6.322530746,6.349741936,6.465826988,0.9747848775408878
bv_direct,2,double,lookupApply,1,65536,6.170749664,6.1945915225,6.250572205,6.317276955,6.3262262345,6.367200851,0.9791922218522423
bv_direct,2,double,lookupApply,2,65536,6.17685318,6.190061569,6.234169006,6.31594944,6.3298077585,6.365214348,0.9779225223211018
bv_direct,2,double,prepared,0,65536,0.966453552,0.994682312,1.024436951,0.728947639,0.7368798255,0.740361214,1.3498568933205244
bv_direct,2,double,prepared,1,65536,0.95911026,0.9638309475,1.021194458,0.728432655,0.7361917495,0.743819237,1.309211829872592
bv_direct,2,double,prepared,2,65536,0.957584381,0.9635448455,1.018238068,0.730723381,0.736144543,0.737103462,1.3089071360541213
bv_direct,2,double,vienot,0,65536,0.659275055,0.683736801,0.733375549,0.729759216,0.7376146315000001,0.753541946,0.9269566678870849
bv_direct,2,double,vienot,1,65536,0.649929047,0.6591796875,0.668239594,0.729501724,0.736879826,0.742079735,0.894555210010594
bv_direct,2,float,brettel,0,65536,1.54800415,1.5762329099999999,1.741504669,1.384197235,1.3925032615,1.443300247,1.1319419879146904
bv_direct,2,float,brettel,1,65536,1.545238495,1.5535831455,1.572704315,1.382000923,1.3906931880000002,1.402984619,1.1171286081686047
bv_direct,2,float,brettel,2,65536,1.545810699,1.552248001,1.561355591,1.427521706,1.4744849205,1.56016922,1.0527391493930167
bv_direct,2,float,lookup,0,65536,3.086280823,3.0989170075,3.133583069,2.184148788,2.1977734565,2.251513481,1.41002567773072
bv_direct,2,float,lookup,1,65536,3.084373474,3.0913352965,3.172683716,2.186746597,2.272315979,2.380501747,1.3604337271176667
bv_direct,2,float,lookup,2,65536,3.089332581,3.100347519,3.158187866,2.183737755,2.1926350594999997,2.267053604,1.4139824616810568
bv_direct,2,float,lookupApply,0,65536,5.373573303,5.391025543,5.434894562,6.479380608,6.494895935,6.524060249,0.8300403265814604
bv_direct,2,float,lookupApply,1,65536,5.373954773,5.3891181945,5.531978607,6.478243828,6.5553646085,6.910378456,0.8220928226497441
bv_direct,2,float,lookupApply,2,65536,5.375766754,5.3949832915,5.414009094,6.488195419,6.5494327545,6.629047394,0.8237329084405366
bv_direct,2,float,prepared,0,65536,1.549434662,1.555919647,1.598072052,0.415162086,0.420018673,0.43083477,3.704405891973284
bv_direct,2,float,prepared,1,65536,1.549434662,1.5581130980000002,1.570701599,0.416136742,0.422979355,0.447397232,3.683662286543513
bv_direct,2,float,prepared,2,65536,1.383686066,1.556158066,1.605606079,0.415754318,0.428953648,0.444149971,3.627800050787772
bv_direct,2,float,vienot,0,65536,0.592517853,0.6046772,0.625228882,0.415677071,0.417201519,0.431599617,1.4493648092398244
bv_direct,2,float,vienot,1,65536,0.592803955,0.59928894,0.60043335,0.415400505,0.4219055175,0.4304533,1.420433995627943
bv_split,2,double,brettel,0,65536,2.328014374,2.345275879,2.390193939,2.644355774,2.7016005515000003,2.773116112,0.8681060853714442
bv_split,2,double,brettel,1,65536,2.339553833,2.3977279665,3.360462189,2.667384148,2.721036434,2.940290451,0.8811818675192351
bv_split,2,double,brettel,2,65536,2.366924286,2.390050888,2.427196503,2.669579506,2.699069977,2.728549004,0.8855090488081852
bv_split,2,double,lookup,0,65536,4.554080963,4.5750141145,5.134391785,3.303636551,3.349105358,3.399942398,1.3660406662249889
bv_split,2,double,lookup,1,65536,4.549407959,4.7408580780000005,4.98714447,3.302042961,3.3749175075,3.884502411,1.4047330245745273
bv_split,2,double,lookup,2,65536,4.551506042,4.5666217805,4.604434967,3.326943398,3.4150795935,3.460734367,1.3371933670863068
bv_split,2,double,lookupApply,0,65536,6.18391037,6.2519550325,6.548786163,6.336294174,6.365908145500001,6.550961494,0.9820994726289676
bv_split,2,double,lookupApply,1,65536,6.177902222,6.3455581665,13.0402565,6.31889534,6.493957996,6.680978775,0.9771480151871312
bv_split,2,double,lookupApply,2,65536,6.180381775,6.2009811405,6.29825592,6.31772995,6.338274002,6.459791183,0.9783390775695909
bv_split,2,double,prepared,0,65536,0.961971283,0.965833664,0.985431671,0.727266312,0.7411117555,0.796035767,1.30322270134332
bv_split,2,double,prepared,1,65536,0.960445404,1.0017395015,1.424884796,0.730179787,0.74657917,0.764143944,1.3417726367854597
bv_split,2,double,prepared,2,65536,0.957107544,0.988054276,1.046466827,0.734745979,0.7411155705,0.744697571,1.3331986471872406
bv_split,2,double,vienot,0,65536,0.639533997,0.654363632,0.706958771,0.728298187,0.7444877624999999,1.115590096,0.878944779162841
bv_split,2,double,vienot,1,65536,0.642585754,0.7845878605,1.40619278,0.730055809,0.739439964,0.751325607,1.0610568791221027
bv_split,2,float,brettel,0,65536,1.550769806,1.585769653,1.751899719,1.385239601,1.391619682,1.41788578,1.1395136713796494
bv_split,2,float,brettel,1,65536,1.548194885,1.574754715,1.597595215,1.384140015,1.406973839,1.436243057,1.1192494638843105
bv_split,2,float,brettel,2,65536,1.544284821,1.5517234800000002,1.56288147,1.433358192,1.4765486715,1.50743866,1.050912516431735
bv_split,2,float,lookup,0,65536,3.079128265,3.175878525,3.321933746,2.207034111,2.236017704,2.276510239,1.4203279872599792
bv_split,2,float,lookup,1,65536,3.081703186,3.087902069,3.115844727,2.181035042,2.272698879,2.335079193,1.35869388484879
bv_split,2,float,lookup,2,65536,3.076839447,3.120851517,3.209686279,2.184006691,2.235864639,2.286644936,1.3958141573345937
bv_split,2,float,lookupApply,0,65536,5.379962921,5.491018295,5.642223358,6.49173069,6.7783846855,10.121588707,0.810077702840638
bv_split,2,float,lookupApply,1,65536,5.381584167,5.3938388825,5.547904968,6.490202904,6.6673989295,6.791384697,0.808986973710975
bv_split,2,float,lookupApply,2,65536,5.390453339,5.427026748499999,5.501842499,6.492781639,6.578839779,6.756856918,0.824921556202562
bv_split,2,float,prepared,0,65536,1.315975189,1.354503632,1.365375519,0.416460991,0.41757392849999997,0.43192482,3.2437456928061064
bv_split,2,float,prepared,1,65536,1.311206818,1.322078705,1.369953156,0.4171772,0.425553799,0.433376312,3.106725185174531
bv_split,2,float,prepared,2,65536,1.311969757,1.3188362125,1.383590698,0.418609619,0.42970418899999996,0.440778732,3.0691723428835367
bv_split,2,float,vienot,0,65536,0.593471527,0.6074428555,0.622081757,0.415668488,0.41730594649999997,0.441876411,1.4556295221640223
bv_split,2,float,vienot,1,65536,0.594806671,0.6074905395000001,0.633811951,0.418428421,0.426490307,0.433795929,1.424394715493499
bv_portable,2,double,brettel,0,65536,2.344703674,2.3789405820000002,2.430915833,2.652513504,2.7007985115,2.873086929,0.880828603789017
bv_portable,2,double,brettel,1,65536,2.326869965,2.335882187,2.360248566,2.673190117,2.711490631,2.73623848,0.8614752934398024
bv_portable,2,double,brettel,2,65536,2.327823639,2.357530594,2.391815186,2.664997101,2.6724305150000003,2.702083588,0.8821672184805148
bv_portable,2,double,lookup,0,65536,4.54750061,4.6108722685,4.886341095,3.293339729,3.3431510925000003,3.394278526,1.3791994860310068
bv_portable,2,double,lookup,1,65536,4.549980164,4.6219348905,4.696369171,3.295386314,3.304060459,3.739323616,1.3988651079038867
bv_portable,2,double,lookup,2,65536,4.546546936,4.5676708225,4.63476181,3.302098274,3.3482789989999997,3.425826073,1.3641846524331411
bv_portable,2,double,lookupApply,0,65536,6.178474426,6.364393234,6.520557404,6.321280479,6.351293087,6.507856369,1.0020625952574622
bv_portable,2,double,lookupApply,1,65536,6.171321869,6.1862945555,6.254196167,6.316303253,6.3546018605,6.436958313,0.9735141069897404
bv_portable,2,double,lookupApply,2,65536,6.168270111,6.2095165255,6.367492676,6.327548981,6.39244318,6.660729408,0.9713839217105095
bv_portable,2,double,prepared,0,65536,0.971698761,0.9883403775,1.000595093,0.735357285,0.7421088220000001,0.754029274,1.3317997956639303
bv_portable,2,double,prepared,1,65536,0.956630707,0.9582042694999999,1.019096375,0.737047195,0.7468037605,0.777601242,1.283073707152282
bv_portable,2,double,prepared,2,65536,0.959587097,0.980091095,1.101970673,0.728069305,0.7367367745,0.750102997,1.3303137958128355
bv_portable,2,double,vienot,0,65536,0.534820557,0.5446910855,0.586414337,0.736416817,0.7790584565,0.802443504,0.6991658725419406
bv_portable,2,double,vienot,1,65536,0.527572632,0.536394119,0.549697876,0.731678963,0.7437520025,0.75431633,0.7212002350205438
bv_portable,2,float,brettel,0,65536,1.572036743,1.606607437,1.804447174,1.381562233,1.392159939,1.431420326,1.1540394117029682
bv_portable,2,float,brettel,1,65536,1.546096802,1.554536819,1.566123962,1.380846024,1.3906788825,1.405965805,1.1178258608525322
bv_portable,2,float,brettel,2,65536,1.544857025,1.5510082244999999,1.556301117,1.429032326,1.436137676,1.447781563,1.0799857495695977
bv_portable,2,float,lookup,0,65536,3.079605103,3.1227111814999997,3.209686279,2.181770325,2.1871590615,2.21313858,1.427747636862944
bv_portable,2,float,lookup,1,65536,3.082084656,3.120946884,3.256320953,2.181962013,2.1880841254999996,2.269145966,1.4263377022978179
bv_portable,2,float,lookup,2,65536,3.101730347,3.1379222870000003,3.269195557,2.187159538,2.2683773040000004,2.34959507,1.3833334875404837
bv_portable,2,float,lookupApply,0,65536,5.343723297,5.3787231445,5.483150482,6.4790411,6.494717597999999,6.643378258,0.8281689023948229
bv_portable,2,float,lookupApply,1,65536,5.342674255,5.361843109,5.389785767,6.481113434,6.4924135204999995,6.523988724,0.8258628462388927
bv_portable,2,float,lookupApply,2,65536,5.353546143,5.370616913,5.476951599,6.479385376,6.5364232065,6.818277359,0.8216446125549689
bv_portable,2,float,prepared,0,65536,1.309871674,1.3298988345,1.356220245,0.414588928,0.424679756,0.440300941,3.131533386536089
bv_portable,2,float,prepared,1,65536,1.310920715,1.3138771055,1.330184937,0.415400505,0.4162607195,0.431074142,3.1563802298669694
bv_portable,2,float,prepared,2,65536,1.309680939,1.3133525845,1.371669769,0.415287018,0.4208498005,0.431771278,3.120715711257656
bv_portable,2,float,vienot,0,65536,0.605487823,0.615739822,0.647068024,0.415410042,0.423781872,0.4347229,1.4529640427847277
bv_portable,2,float,vienot,1,65536,0.593185425,0.599718094,0.71105957,0.41481781,0.41671895999999997,0.422353745,1.4391428074210975
bv_compiler,2,double,brettel,0,65536,2.40945816,2.4483680725,2.483081818,2.642569542,2.710263252,2.785320282,0.9033690991800379
bv_compiler,2,double,brettel,1,65536,2.333068848,2.3654937745,2.423858643,2.660811424,2.7070150375,2.817975998,0.8738384315310623
bv_compiler,2,double,brettel,2,65536,2.374744415,2.4052143095,2.440261841,2.661604881,2.7360696795,2.820526123,0.8790764093184711
bv_compiler,2,double,lookup,0,65536,4.553318024,4.6878814695,4.800891876,3.289729118,3.3796010015,3.471162796,1.3871109244610038
bv_compiler,2,double,lookup,1,65536,4.547309875,4.660129547,4.877853394,3.292757034,3.4217023849999997,3.567831039,1.3619330446239266
bv_compiler,2,double,lookup,2,65536,4.551506042,4.6631336215,4.786682129,3.307571411,3.3556084635,3.444601059,1.3896536715240646
bv_compiler,2,double,lookupApply,0,65536,6.469917297,6.5118312835,6.641864777,6.313954353,6.423711299500001,6.591329575,1.0137179240927061
bv_compiler,2,double,lookupApply,1,65536,6.164836884,6.2452793125,6.737422943,6.317879677,6.375854969000001,6.865527153,0.9795202906692716
bv_compiler,2,double,lookupApply,2,65536,6.170654297,6.280374526999999,6.507015228,6.319647789,6.4090509415,6.633421898,0.9799227037396765
bv_compiler,2,double,prepared,0,65536,1.023578644,1.0482788085,1.079559326,0.724716187,0.755996227,0.770829201,1.386619100811994
bv_compiler,2,double,prepared,1,65536,0.956630707,0.9724140164999999,1.015949249,0.725833893,0.738025665,0.752405167,1.3175883476897785
bv_compiler,2,double,prepared,2,65536,0.955200195,0.9890079494999999,1.053714752,0.726234436,0.7513070104999999,0.776273727,1.3163832303944674
bv_compiler,2,double,vienot,0,65536,0.542545319,0.550889969,0.613117218,0.726205826,0.7503566740000001,0.813867569,0.7341708124795062
bv_compiler,2,double,vienot,1,65536,0.513935089,0.5415439605000001,0.589752197,0.726607323,0.7402129175000001,0.78011322,0.7316056606104825
bv_compiler,2,float,brettel,0,65536,1.54838562,1.5674591064999999,1.77526474,1.382574081,1.440989971,1.761823654,1.087765451561217
bv_compiler,2,float,brettel,1,65536,1.54504776,1.587677002,1.636981964,1.381304741,1.4157218935,1.457407951,1.1214610788245185
bv_compiler,2,float,brettel,2,65536,1.550292969,1.5975952150000001,1.639938354,1.42686367,1.461820602,1.499614716,1.092880489448732
bv_compiler,2,float,lookup,0,65536,3.122997284,3.2103538515,6.084632874,2.181990623,2.24069643,2.30363369,1.43274823332494
bv_compiler,2,float,lookup,1,65536,3.119850159,3.2024383545,3.840351105,2.177453995,2.2810697555,2.328448296,1.4039195192424267
bv_compiler,2,float,lookup,2,65536,3.227424622,3.2398223875,3.274536133,2.182706833,2.2440586089999996,2.292631149,1.4437334098612218
bv_compiler,2,float,lookupApply,0,65536,5.366802216,5.5381774905,12.4958992,6.475828171,6.670633316,6.764559746,0.8302326373144028
bv_compiler,2,float,lookupApply,1,65536,5.352020264,5.466270446499999,5.601787567,6.475895882,6.653045177499999,6.880157471,0.8216193187724675
bv_compiler,2,float,lookupApply,2,65536,5.494213104,5.6194782255,8.868217468,6.482876778,6.648857117,6.827157974,0.8451795739649671
bv_compiler,2,float,prepared,0,65536,1.31444931,1.3310432435,1.382350922,0.413709641,0.43502807600000004,0.865682602,3.059672046316385
bv_compiler,2,float,prepared,1,65536,1.311206818,1.3684272769999999,1.394748688,0.414712906,0.428304672,0.445104599,3.194985640969146
bv_compiler,2,float,prepared,2,65536,1.330471039,1.3781547545000001,1.48897171,0.414836884,0.4275927545,0.447807312,3.223054506878928
bv_compiler,2,float,vienot,0,65536,0.595664978,0.6029605865000001,0.61378479,0.414674759,0.4327692985,0.445180893,1.3932610020856182
bv_compiler,2,float,vienot,1,65536,0.592899323,0.6093502045,0.628185272,0.414503098,0.42755031600000004,0.441914558,1.425212850269534
