compiler,variant,block,scalar,mode,deficiency,n,D_min_ns,D_median_ns,D_max_ns,CPP_min_ns,CPP_median_ns,CPP_max_ns,D_over_CPP
0,default,0,double,brettel,0,1024,25.103759766,25.491333007999998,29.040527344,4.477172852,4.611846924,8.72467041,5.527358871202638
0,default,0,double,brettel,1,1024,22.900390625,23.9990234375,29.754638672,4.477905273,4.573272705,7.140808105,5.247669444960422
0,default,0,double,brettel,2,1024,23.413085938,23.846435547,24.322509766,4.47845459,4.582733154,4.686767578,5.203540059098977
0,default,0,double,lookup,0,1024,41.809082031,42.4102783205,43.011474609,7.601074219,7.75479126,9.881164551,5.468912946665181
0,default,0,double,lookup,1,1024,40.875244141,41.9921875,56.549072266,7.610717773,7.767730713000001,13.898681641,5.405978792457657
0,default,0,double,lookup,2,1024,40.875244141,41.839599609,51.641845703,7.129821777,7.680267334,10.689758301,5.44767490368194
0,default,0,double,lookupApply,0,1024,54.803466797,56.2927246095,61.212158203,11.817871094,12.6296691895,15.310546875,4.457181242427189
0,default,0,double,lookupApply,1,1024,53.723144531,54.962158203,57.684326172,11.814025879,12.244812012,17.181274414,4.488607758872631
0,default,0,double,lookupApply,2,1024,53.570556641,54.9591064455,67.504882812,11.520996094,12.686828613,24.01965332,4.331981468495936
0,default,0,double,prepared,0,1024,24.737548828,25.1037597655,25.482177734,1.134277344,1.2074279785000002,1.28112793,20.791103247985568
0,default,0,double,prepared,1,1024,24.169921875,24.737548828,26.611328125,1.133605957,1.2773742675,1.348999023,19.365936403599896
0,default,0,double,prepared,2,1024,24.176025391,24.6337890625,27.447509766,1.134033203,1.3856506350000002,2.429199219,17.777777774770765
0,default,0,double,vienot,0,1024,23.101806641,23.4558105465,23.895263672,1.26940918,1.2909240725,1.318725586,18.169783216665518
0,default,0,double,vienot,1,1024,22.802734375,23.333740234,32.684326172,1.26953125,1.2899169920000002,1.317260742,18.08933472364088
0,default,0,float,brettel,0,1024,27.502441406,167.611694336,183.874511719,2.203308105,2.2550354004999997,4.449279785,74.32774416704773
0,default,0,float,brettel,1,1024,27.429199219,165.222167969,173.016357422,2.202575684,2.2242431639999998,2.243835449,74.28242138412166
0,default,0,float,brettel,2,1024,27.325439453,166.943359375,171.429443359,2.202941895,2.2301330564999997,2.439147949,74.85802646995562
0,default,0,float,lookup,0,1024,28.698730469,28.8330078125,28.881835938,5.668640137,5.825073242,8.518981934,4.9498103482387075
0,default,0,float,lookup,1,1024,28.698730469,29.3853759765,35.070800781,5.666137695,5.8259887695,9.694763184,5.0438435670074115
0,default,0,float,lookup,2,1024,28.698730469,29.388427734,35.186767578,5.564941406,5.8247680665,7.891418457,5.045424538536001
0,default,0,float,lookupApply,0,1024,38.488769531,38.647460938,47.662353516,12.652587891,12.95413208,19.810119629,2.9834079735583487
0,default,0,float,lookupApply,1,1024,38.500976562,39.404296875,48.260498047,12.651733398,12.9621582035,25.853759766,3.0399487690529945
0,default,0,float,lookupApply,2,1024,38.500976562,39.0258789065,39.569091797,11.819641113,12.954498291,15.487670898,3.0125349534850616
0,default,0,float,prepared,0,1024,19.140625,19.140625,25.836181641,0.785827637,0.798461914,0.966430664,23.971869746563765
0,default,0,float,prepared,1,1024,19.140625,19.515991211,22.247314453,0.785644531,0.7888793945,0.79119873,24.73887814419267
0,default,0,float,prepared,2,1024,19.134521484,19.427490234,19.750976562,0.784667969,0.7974243165,0.809936523,24.362801374392248
0,default,0,float,vienot,0,1024,20.068359375,20.074462891,20.294189453,0.786560059,0.7967834475,0.80847168,25.19437741080835
0,default,0,float,vienot,1,1024,20.532226562,20.910644531000003,21.228027344,0.785583496,0.7879333495,0.791320801,26.53859561125227
0,bv_split,0,double,brettel,0,1024,5.621337891,5.7830810545,6.805419922,4.581604004,4.64944458,4.752624512,1.2438219135628454
0,bv_split,0,double,brettel,1,1024,5.706787109,5.7861328125,6.097412109,4.583190918,4.6169433595000005,4.837341309,1.2532388556585237
0,bv_split,0,double,brettel,2,1024,5.718994141,5.889892578,6.286621094,4.47857666,4.6423339845000005,4.792602539,1.2687352089844022
0,bv_split,0,double,lookup,0,1024,41.448974609,41.687011719,49.670410156,7.756958008,7.7677612305,7.994262695,5.366670071592386
0,bv_split,0,double,lookup,1,1024,41.448974609,41.7694091795,53.039550781,7.583862305,7.7648925779999995,8.560852051,5.379264266687194
0,bv_split,0,double,lookup,2,1024,41.442871094,41.8334960935,44.848632812,7.102172852,7.616241455,12.52746582,5.492669362003571
0,bv_split,0,double,lookupApply,0,1024,54.382324219,54.5288085935,54.724121094,12.518981934,12.624542236,15.054992676,4.319270162367256
0,bv_split,0,double,lookupApply,1,1024,54.217529297,54.592895508,57.299804688,12.522216797,12.625305176000001,15.506469727,4.324085219878727
0,bv_split,0,double,lookupApply,2,1024,54.364013672,54.849243164,62.127685547,12.236328125,12.6173706055,18.734863281,4.347121510411276
0,bv_split,0,double,prepared,0,1024,24.737548828,24.737548828,32.745361328,1.16015625,1.2313842775000001,1.46295166,20.08921932820439
0,bv_split,0,double,prepared,1,1024,24.737548828,24.737548828,24.90234375,1.16027832,1.2317810055,1.307922363,20.082749058107634
0,bv_split,0,double,prepared,2,1024,24.737548828,24.737548828,25.091552734,1.13458252,1.218963623,1.305541992,20.293918835016786
0,bv_split,0,double,vienot,0,1024,5.401611328,5.401611328,5.56640625,1.299316406,1.302246094,1.305358887,4.147919009231446
0,bv_split,0,double,vienot,1,1024,5.401611328,5.401611328,5.560302734,1.298583984,1.3016052244999998,1.47265625,4.1499613141726455
0,bv_split,0,float,brettel,0,1024,5.676269531,5.865478516,8.532714844,2.25378418,2.255859375,4.224304199,2.6001082252744587
0,bv_split,0,float,brettel,1,1024,5.792236328,5.895996094,8.30078125,2.253662109,2.2556152345,3.952270508,2.6139192552966417
0,bv_split,0,float,brettel,2,1024,5.847167969,5.9020996095000005,6.219482422,2.254272461,2.2562561035,2.40411377,2.615881947241899
0,bv_split,0,float,lookup,0,1024,27.1484375,27.780151367000002,45.770263672,5.820678711,5.8255615235,6.05871582,4.768665004212276
0,bv_split,0,float,lookup,1,1024,27.777099609,27.844238281499997,36.236572266,5.82043457,5.8263549805,8.367614746,4.779015074551893
0,bv_split,0,float,lookup,2,1024,27.777099609,27.777099609,28.02734375,5.799621582,5.8215026855000005,8.414001465,4.771465566474142
0,bv_split,0,float,lookupApply,0,1024,36.706542969,37.6220703125,41.320800781,12.952392578,12.962677002,15.850219727,2.902338020664661
0,bv_split,0,float,lookupApply,1,1024,36.712646484,37.564086914,47.271728516,12.954956055,12.974609375,20.308166504,2.895199834407346
0,bv_split,0,float,lookupApply,2,1024,37.554931641,37.689208984,37.817382812,12.934204102,12.9543151855,13.12701416,2.9093941628181326
0,bv_split,0,float,prepared,0,1024,18.701171875,19.134521484,21.624755859,0.803955078,0.808074951,0.812255859,23.679141966126853
0,bv_split,0,float,prepared,1,1024,18.701171875,19.134521484,20.977783203,0.804382324,0.809143066,0.81262207,23.647884148092054
0,bv_split,0,float,prepared,2,1024,19.134521484,19.137573242000002,19.281005859,0.805053711,0.8091735835,0.813110352,23.65076373257556
0,bv_split,0,float,vienot,0,1024,4.58984375,4.644775391,4.937744141,0.804138184,0.8074645995,0.812072754,5.75229600638362
0,bv_split,0,float,vienot,1,1024,4.58984375,4.696655273499999,7.019042969,0.803405762,0.8083190920000001,0.812438965,5.8103975521340265
0,bv_compiler,0,double,brettel,0,1024,5.548095703,5.801391601500001,6.158447266,4.454711914,4.551269531,6.939086914,1.2746754640622933
0,bv_compiler,0,double,brettel,1,1024,5.603027344,5.712890625,6.048583984,4.477783203,4.5261535644999995,4.573181152,1.2621954919532428
0,bv_compiler,0,double,brettel,2,1024,5.6640625,5.746459961,7.965087891,4.477294922,4.530670166,6.05670166,1.2683465691508031
0,bv_compiler,0,double,lookup,0,1024,41.326904297,42.1112060545,52.252197266,6.987731934,7.5850524905,11.090270996,5.551867453421416
0,bv_compiler,0,double,lookup,1,1024,41.076660156,41.4794921875,51.959228516,7.581298828,7.621154785,9.877868652,5.442678092451313
0,bv_compiler,0,double,lookup,2,1024,41.082763672,42.138671875,53.656005859,7.588989258,7.613708495999999,9.218933105,5.534579094686685
0,bv_compiler,0,double,lookupApply,0,1024,52.880859375,53.5583496095,54.235839844,11.583251953,12.2409362795,14.166931152,4.375347472333029
0,bv_compiler,0,double,lookupApply,1,1024,52.691650391,53.002929688,54.974365234,12.240661621,12.391998291,15.043884277,4.277189880383918
0,bv_compiler,0,double,lookupApply,2,1024,52.825927734,53.073120117,62.677001953,12.236328125,12.4061889645,15.216247559,4.277955161642903
0,bv_compiler,0,double,prepared,0,1024,24.176025391,24.737548828,29.272460938,1.133117676,1.307373047,1.351928711,18.92156862554625
0,bv_compiler,0,double,prepared,1,1024,24.176025391,24.319458007999998,25.433349609,1.133605957,1.248474121,1.537353516,19.479344905059506
0,bv_compiler,0,double,prepared,2,1024,24.176025391,24.252319336,26.782226562,1.133178711,1.323699951,1.36529541,18.321613835279198
0,bv_compiler,0,double,vienot,0,1024,5.2734375,5.401611328,5.676269531,1.269165039,1.2918395999999999,1.475891113,4.181332828007441
0,bv_compiler,0,double,vienot,1,1024,5.2734375,5.3405761720000005,7.922363281,1.269897461,1.3560791015,1.445251465,3.9382482674444494
0,bv_compiler,0,float,brettel,0,1024,5.6640625,5.822753906,8.160400391,2.190124512,2.2010192875000003,2.206237793,2.6454806366616173
0,bv_compiler,0,float,brettel,1,1024,5.76171875,5.850219726500001,8.160400391,2.203674316,2.2050170895,4.45111084,2.6531403109563065
0,bv_compiler,0,float,brettel,2,1024,5.743408203,5.865478516,6.176757812,2.203308105,2.20513916,2.206481934,2.6599130895666465
0,bv_compiler,0,float,lookup,0,1024,27.825927734,28.488159179999997,37.817382812,5.65814209,5.6691589355000005,9.317993164,5.025112102892109
0,bv_compiler,0,float,lookup,1,1024,27.819824219,28.466796875,33.856201172,5.658203125,5.6738891605,12.428344727,5.017157732508723
0,bv_compiler,0,float,lookup,2,1024,27.825927734,28.274536132999998,28.735351562,5.535827637,5.5408325195,7.354370117,5.10294004258253
0,bv_compiler,0,float,lookupApply,0,1024,37.451171875,38.568115234000004,41.790771484,11.824951172,12.660614014,17.054138184,3.0463068529971538
0,bv_compiler,0,float,lookupApply,1,1024,37.396240234,38.278198242,47.845458984,12.647827148,12.661254883,17.034423828,3.0232546928184294
0,bv_compiler,0,float,lookupApply,2,1024,37.390136719,37.9486083985,38.482666016,11.813964844,12.6595153805,19.674499512,2.997635158842959
0,bv_compiler,0,float,prepared,0,1024,18.701171875,19.137573242000002,22.845458984,0.766357422,0.780395508,0.794494629,24.522915682902678
0,bv_compiler,0,float,prepared,1,1024,18.701171875,19.137573242000002,28.546142578,0.78515625,0.7909240725,0.793762207,24.196473349848638
0,bv_compiler,0,float,prepared,2,1024,18.701171875,18.9849853515,22.033691406,0.786376953,0.7905578609999999,2.422607422,24.014668992710202
0,bv_compiler,0,float,vienot,0,1024,4.58984375,4.693603516,10.028076172,0.767211914,0.779510498,0.794555664,6.02121912154158
0,bv_compiler,0,float,vienot,1,1024,4.58984375,4.696655273499999,4.876708984,0.785644531,0.7895202635,0.93762207,5.948745701192506
0,default,1,double,brettel,0,1024,25.671386719,26.199340820499998,26.538085938,4.583007812,4.6473693845,4.803771973,5.637456085991479
0,default,1,double,brettel,1,1024,24.505615234,24.771118164,35.15625,4.573059082,4.584991455,7.069396973,5.402653070811448
0,default,1,double,brettel,2,1024,23.913574219,24.459838867000002,25.305175781,4.386169434,4.5200805665,5.236938477,5.411372321166347
0,default,1,double,lookup,0,1024,43.890380859,44.04296875,44.500732422,7.750427246,7.796295166,10.261474609,5.649217713315089
0,default,1,double,lookup,1,1024,41.925048828,43.9727783205,52.770996094,7.104919434,7.534729004,13.735717773,5.8360132523885
0,default,1,double,lookup,2,1024,41.851806641,42.926025391,47.589111328,7.766906738,7.7970886230000005,12.507446289,5.505391495022385
0,default,1,double,lookupApply,0,1024,56.237792969,57.144165039,58.386230469,12.525939941,12.6256103515,15.564697266,4.526051687648583
0,default,1,double,lookupApply,1,1024,55.157470703,56.5032958985,72.485351562,11.781433105,12.5829467775,16.382629395,4.490466096505747
0,default,1,double,lookupApply,2,1024,54.962158203,55.526733398,72.454833984,11.773986816,12.619781494,16.348449707,4.399975817679557
0,default,1,double,prepared,0,1024,25.323486328,25.7873535155,26.586914062,1.159912109,1.2312927245,3.03112793,20.943316729148755
0,default,1,double,prepared,1,1024,25.323486328,25.7232666015,26.232910156,1.159851074,1.211395264,1.26751709,21.234412388704865
0,default,1,double,prepared,2,1024,24.737548828,25.247192382999998,28.887939453,1.158447266,1.302520752,2.251464844,19.383332161298263
0,default,1,double,vienot,0,1024,23.657226562,24.230957031,29.504394531,1.29876709,1.3016052245,1.510742188,18.616210641216583
0,default,1,double,vienot,1,1024,23.889160156,24.475097656,41.033935547,1.298706055,1.30166626,1.491149902,18.80289779962492
0,default,1,float,brettel,0,1024,28.314208984,169.448852539,189.819335938,2.254882812,2.256164551,3.135131836,75.10482888488572
0,default,1,float,brettel,1,1024,28.466796875,169.567871094,193.969726562,2.253601074,2.2558898925,2.610534668,75.16673205449898
0,default,1,float,brettel,2,1024,27.917480469,173.043823242,183.068847656,2.254333496,2.2561950680000002,2.257995605,76.69719063582315
0,default,1,float,lookup,0,1024,29.382324219,29.525756836,37.438964844,5.80267334,5.806060791,6.143798828,5.085333739834072
0,default,1,float,lookup,1,1024,29.382324219,30.102539062,39.215087891,5.803283691,5.808868408,6.122497559,5.182169219144756
0,default,1,float,lookup,2,1024,29.382324219,30.2917480465,35.235595703,5.788024902,5.803039550499999,6.290771484,5.219979595674135
0,default,1,float,lookupApply,0,1024,39.422607422,39.562988281,39.971923828,12.920349121,12.970245361,18.188171387,3.0502883468929007
0,default,1,float,lookupApply,1,1024,39.422607422,40.3900146485,49.670410156,12.924255371,12.955871582,15.975036621,3.1175065600847045
0,default,1,float,lookupApply,2,1024,39.410400391,40.383911133,41.137695312,12.943664551,12.960205078000001,15.938964844,3.115993218467804
0,default,1,float,prepared,0,1024,19.592285156,19.598388672,33.087158203,0.805908203,0.810058594,3.229553223,24.193791433314512
0,default,1,float,prepared,1,1024,19.592285156,20.01953125,20.306396484,0.804077148,0.810028076,0.813964844,24.714614027773525
0,default,1,float,prepared,2,1024,19.592285156,19.909667968999997,23.156738281,0.804260254,0.8099365235,2.523071289,24.581763374447945
0,default,1,float,vienot,0,1024,20.544433594,20.651245117000002,26.214599609,0.804382324,0.8068847655,2.80291748,25.59379728058579
0,default,1,float,vienot,1,1024,21.026611328,21.38671875,22.076416016,0.803405762,0.8067626955,2.390930176,26.509305486349177
0,bv_split,1,double,brettel,0,1024,5.859375,5.908203125,6.353759766,4.690551758,4.7590942384999995,4.926147461,1.241455375521663
0,bv_split,1,double,brettel,1,1024,5.853271484,5.892944336,6.365966797,4.692016602,4.7618103025,9.45904541,1.237542859047985
0,bv_split,1,double,brettel,2,1024,5.932617188,6.115722656,8.502197266,4.690368652,4.7579040525,7.58404541,1.2853816698524103
0,bv_split,1,double,lookup,0,1024,42.437744141,42.7764892575,53.900146484,7.930847168,7.9511413575,11.767272949,5.379918094042011
0,bv_split,1,double,lookup,1,1024,42.413330078,42.764282227,52.349853516,7.936218262,7.949035645,8.592102051,5.379807581300637
0,bv_split,1,double,lookup,2,1024,42.449951172,43.3349609375,46.820068359,7.947570801,7.982330322,13.639831543,5.428860895178073
0,bv_split,1,double,lookupApply,0,1024,55.859375,56.002807617,65.8203125,12.819519043,12.921966553,13.140441895,4.333922966547087
0,bv_split,1,double,lookupApply,1,1024,55.792236328,56.115722656,56.555175781,12.820007324,12.925689697500001,16.974121094,4.341410320785708
0,bv_split,1,double,lookupApply,2,1024,55.773925781,56.12487793,80.902099609,12.822570801,12.9348144535,17.987243652,4.33905551036438
0,bv_split,1,double,prepared,0,1024,25.323486328,25.329589844,25.970458984,1.187438965,1.2707214355,1.360473633,19.933235669415918
0,bv_split,1,double,prepared,1,1024,25.323486328,25.329589844,25.653076172,1.188293457,1.355621338,4.140014648,18.684856260354913
0,bv_split,1,double,prepared,2,1024,25.323486328,25.408935547,29.730224609,1.187561035,1.2727355955,1.356384277,19.964033092842023
0,bv_split,1,double,vienot,0,1024,5.529785156,5.529785156,5.902099609,1.329956055,1.3367309569999999,1.348632812,4.136797406420805
0,bv_split,1,double,vienot,1,1024,5.529785156,5.529785156,5.688476562,1.329833984,1.3416748049999998,4.066101074,4.121553997579913
0,bv_split,1,float,brettel,0,1024,5.95703125,6.0333251955,6.420898438,2.293884277,2.3048095699999998,2.496826172,2.6177109267643317
0,bv_split,1,float,brettel,1,1024,5.950927734,6.002807617,7.055664062,2.296264648,2.3069763185000003,2.450927734,2.6020239431426133
0,bv_split,1,float,brettel,2,1024,6.024169922,6.042480469,9.075927734,2.293395996,2.3025817870000003,2.3125,2.6242196924838264
0,bv_split,1,float,lookup,0,1024,28.436279297,28.515625,31.390380859,5.823730469,5.8986511230000005,6.154846191,4.834262004208381
0,bv_split,1,float,lookup,1,1024,28.436279297,28.747558593500003,38.983154297,5.826416016,5.9625854495,8.012390137,4.8213243796633
0,bv_split,1,float,lookup,2,1024,28.436279297,28.509521484,28.967285156,5.80078125,5.9645690915,6.513671875,4.779812430143262
0,bv_split,1,float,lookupApply,0,1024,38.458251953,38.610839844,41.485595703,12.385681152,12.993286133,15.967407227,2.9715992897237307
0,bv_split,1,float,lookupApply,1,1024,38.446044922,38.6627197265,48.516845703,12.385437012,12.9395141605,14.356750488,2.9879576038893583
0,bv_split,1,float,lookupApply,2,1024,38.452148438,38.626098633,38.824462891,12.379882812,12.907928467,13.450012207,2.9924320336721926
0,bv_split,1,float,prepared,0,1024,19.592285156,19.592285156,22.821044922,0.8046875,0.8158874515000001,0.829345703,24.013465484706007
0,bv_split,1,float,prepared,1,1024,19.592285156,19.805908203,26.684570312,0.805725098,0.8175354005,3.453063965,24.22636156292048
0,bv_split,1,float,prepared,2,1024,19.592285156,19.592285156,20.01953125,0.804504395,0.816345215,0.829040527,23.99999999510011
0,bv_split,1,float,vienot,0,1024,4.809570312,4.809570312,5.224609375,0.803710938,0.8146972655,0.827270508,5.90350614353449
0,bv_split,1,float,vienot,1,1024,4.809570312,4.809570312,5.010986328,0.804748535,0.81652832,0.827880859,5.890267605170143
0,bv_compiler,1,double,brettel,0,1024,5.834960938,5.9875488279999995,6.158447266,4.647460938,4.6920776365000005,7.361206055,1.276097561008462
0,bv_compiler,1,double,brettel,1,1024,5.786132812,5.944824218500001,6.164550781,4.647338867,4.6706542970000005,4.974914551,1.2728033034511697
0,bv_compiler,1,double,brettel,2,1024,5.847167969,6.066894531000001,13.372802734,4.505065918,4.6502075195,7.846801758,1.3046502775541349
0,bv_compiler,1,double,lookup,0,1024,43.072509766,43.3807373045,55.596923828,7.754821777,7.962585449500001,10.459960938,5.448071807784999
0,bv_compiler,1,double,lookup,1,1024,42.999267578,49.609375,181.689453125,7.755859375,7.9856262205,11.187805176,6.212333714373853
0,bv_compiler,1,double,lookup,2,1024,42.028808594,45.324707031,59.466552734,7.761474609,7.9491577145,9.80847168,5.701825106366117
0,bv_compiler,1,double,lookupApply,0,1024,55.389404297,55.6396484375,56.457519531,12.618530273,12.7961425785,13.004394531,4.348157899630268
0,bv_compiler,1,double,lookupApply,1,1024,54.107666016,54.846191406,60.772705078,12.611022949,12.806945801000001,19.987609863,4.2825348258846745
0,bv_compiler,1,double,lookupApply,2,1024,55.438232422,56.359863281,59.417724609,12.619873047,12.827484131,15.058166504,4.393680218617142
0,bv_compiler,1,double,prepared,0,1024,25.323486328,25.4791259765,26.391601562,1.187988281,1.246459961,1.305114746,20.44119087151328
0,bv_compiler,1,double,prepared,1,1024,24.737548828,25.323486328,30.56640625,1.188049316,1.2461853025,1.307006836,20.32080323624263
0,bv_compiler,1,double,prepared,2,1024,24.737548828,25.323486328,32.592773438,1.188842773,1.3003234865,1.457946777,19.474758851093014
0,bv_compiler,1,double,vienot,0,1024,5.529785156,5.529785156,5.786132812,1.301025391,1.330413818,1.537231445,4.156439959645699
0,bv_compiler,1,double,vienot,1,1024,5.529785156,5.529785156,5.908203125,1.301879883,1.3301086425,1.486816406,4.157393598771388
0,bv_compiler,1,float,brettel,0,1024,5.950927734,6.005859375,6.762695312,2.255004883,2.3088684085,4.928283691,2.601213370536704
0,bv_compiler,1,float,brettel,1,1024,5.932617188,6.005859375,6.530761719,2.253540039,2.2823791499999997,4.917114258,2.6314030142625517
0,bv_compiler,1,float,brettel,2,1024,5.987548828,6.024169922,6.402587891,2.255493164,2.309448242,6.069824219,2.6084888210281005
0,bv_compiler,1,float,lookup,0,1024,29.150390625,29.150390625,29.602050781,5.808898926,5.936035156,9.540466309,4.910751007856733
0,bv_compiler,1,float,lookup,1,1024,29.144287109,29.150390625,29.473876953,5.682250977,5.939575195,8.567993164,4.90782415711129
0,bv_compiler,1,float,lookup,2,1024,29.150390625,29.3029785155,29.858398438,5.807983398,5.964477539500001,11.915283203,4.912916231378156
0,bv_compiler,1,float,lookupApply,0,1024,39.233398438,39.3920898435,41.131591797,12.941040039,13.2474060055,17.829772949,2.9735700579528825
0,bv_compiler,1,float,lookupApply,1,1024,39.184570312,39.57824707,49.645996094,12.942993164,13.249847412000001,27.822265625,2.9870719140625828
0,bv_compiler,1,float,lookupApply,2,1024,39.215087891,39.712524414,50.952148438,12.118469238,13.318511962999999,23.153930664,2.9817538569117104
0,bv_compiler,1,float,prepared,0,1024,19.592285156,19.592285156,19.842529297,0.805603027,0.8169555665,0.830993652,23.982069477703963
0,bv_compiler,1,float,prepared,1,1024,19.592285156,19.592285156,20.281982422,0.803649902,0.817504883,1.128845215,23.96595489937887
0,bv_compiler,1,float,prepared,2,1024,19.592285156,19.6228027345,20.983886719,0.788330078,0.8262939455,2.15032959,23.747968675512944
0,bv_compiler,1,float,vienot,0,1024,4.809570312,4.809570312,9.387207031,0.804260254,0.8166809079999999,0.828430176,5.889167072337144
0,bv_compiler,1,float,vienot,1,1024,4.809570312,4.809570312,5.035400391,0.804626465,0.8165893555,0.828430176,5.889827340518156
0,default,2,double,brettel,0,1024,25.592041016,25.75378418,26.3671875,4.491577148,4.7064819335,5.093322754,5.471981948276186
0,default,2,double,brettel,1,1024,23.883056641,24.0631103515,25.9765625,4.681518555,4.6916503904999995,4.987487793,5.128922308496124
0,default,2,double,brettel,2,1024,24.530029297,24.691772461,25.469970703,4.680969238,4.6926574705,4.989196777,5.261788787317798
0,default,2,double,lookup,0,1024,42.846679688,43.1610107425,43.682861328,7.284973145,7.4025268555,10.868286133,5.830578069491477
0,default,2,double,lookup,1,1024,42.846679688,43.1640625,53.881835938,7.298828125,7.4114074705,8.278625488,5.824003426043987
0,default,2,double,lookup,2,1024,42.816162109,43.597412109,53.436279297,7.954040527,7.973297119,8.603759766,5.4679276914326165
0,default,2,double,lookupApply,0,1024,56.091308594,56.234741211,80.615234375,12.053161621,12.926330566,23.925720215,4.350402531010129
0,default,2,double,lookupApply,1,1024,56.15234375,56.5643310545,82.641601562,12.094299316,12.511199951,13.134338379,4.521095600424714
0,default,2,double,lookupApply,2,1024,56.182861328,56.396484375,60.522460938,12.088745117,12.826019287000001,13.206970215,4.397037234472388
0,default,2,double,prepared,0,1024,25.323486328,25.491333007999998,36.022949219,1.18572998,1.2601928715000001,1.344482422,20.228120301662884
0,default,2,double,prepared,1,1024,25.323486328,25.326538086,25.714111328,1.186767578,1.240020752,1.295593262,20.424285678406132
0,default,2,double,prepared,2,1024,25.323486328,25.4699707035,35.266113281,1.186279297,1.2420959475,1.293029785,20.5056386785289
0,default,2,double,vienot,0,1024,23.657226562,23.657226562,23.974609375,1.330078125,1.3321228025,1.337341309,17.75904332363532
0,default,2,double,vienot,1,1024,23.889160156,23.9013671875,24.21875,1.329650879,1.3314514160000002,1.335083008,17.951362625987095
0,default,2,float,brettel,0,1024,28.277587891,169.659423828,195.495605469,2.307983398,2.309844971,2.316162109,73.45056744416463
0,default,2,float,brettel,1,1024,27.947998047,169.107055664,198.449707031,2.307495117,2.3097839354999996,2.567749023,73.21336557282504
0,default,2,float,brettel,2,1024,28.149414062,168.978881836,186.462402344,2.307678223,2.3092346194999998,2.311828613,73.17527652196192
0,default,2,float,lookup,0,1024,29.382324219,29.769897461,44.140625,5.939697266,5.9444274905,6.25390625,5.008034416867954
0,default,2,float,lookup,1,1024,29.382324219,29.620361328,39.758300781,5.941101074,5.9483032225,8.372680664,4.979632042959458
0,default,2,float,lookup,2,1024,29.382324219,29.3853759765,30.847167969,5.803710938,5.938812256,6.281799316,4.948022383905446
0,default,2,float,lookupApply,0,1024,39.410400391,39.6148681645,39.703369141,13.252807617,13.2692565915,14.892211914,2.985462515652643
0,default,2,float,lookupApply,1,1024,39.410400391,39.749145508,50.439453125,13.242553711,13.263336182,13.59576416,2.9969190980731186
0,default,2,float,lookupApply,2,1024,39.410400391,39.596557617,39.886474609,12.388366699,13.201904297,15.577087402,2.9993065186813936
0,default,2,float,prepared,0,1024,19.592285156,19.598388672,19.799804688,0.823364258,0.8270568844999999,0.830444336,23.696542570766788
0,default,2,float,prepared,1,1024,19.598388672,19.598388672,24.426269531,0.823486328,0.8275451659999999,0.831054688,23.68256075584399
0,default,2,float,prepared,2,1024,19.592285156,19.598388672,25.024414062,0.822998047,0.8268127439999999,0.829711914,23.703539663873396
0,default,2,float,vienot,0,1024,20.544433594,20.550537109,20.855712891,0.822265625,0.8256835935,0.827941895,24.88911887165892
0,default,2,float,vienot,1,1024,21.026611328,21.026611328,27.1484375,0.82220459,0.825500488,0.828369141,25.471349361576635
0,bv_split,2,double,brettel,0,1024,5.871582031,5.9906005855,6.317138672,4.691833496,5.028656006,5.196228027,1.1912925796380274
0,bv_split,2,double,brettel,1,1024,5.822753906,5.908203125,6.372070312,4.691894531,4.944488525500001,10.753234863,1.1949068330384174
0,bv_split,2,double,brettel,2,1024,5.920410156,6.005859375,6.597900391,4.689819336,5.1915893555,5.504333496,1.1568440729306446
0,bv_split,2,double,lookup,0,1024,42.596435547,43.017578125,54.931640625,7.938659668,7.9547424315,11.461120605,5.407790195023111
0,bv_split,2,double,lookup,1,1024,42.437744141,42.724609375,52.496337891,7.937866211,7.9513549805,14.524353027,5.373248896543841
0,bv_split,2,double,lookup,2,1024,42.510986328,42.660522461,43.145751953,7.943481445,7.956939697499999,8.398742676,5.361423371651737
0,bv_split,2,double,lookupApply,0,1024,55.615234375,55.773925781,56.665039062,12.09979248,12.880981445,15.286499023,4.329943802741035
0,bv_split,2,double,lookupApply,1,1024,55.517578125,55.7403564455,56.225585938,12.820007324,12.931060791,20.375854492,4.3105787952288654
0,bv_split,2,double,lookupApply,2,1024,55.76171875,56.0607910155,67.419433594,12.816040039,12.9199829105,13.733520508,4.339076251404303
0,bv_split,2,double,prepared,0,1024,25.323486328,25.329589844,25.567626953,1.187072754,1.4727783205,2.235595703,17.19850807920689
0,bv_split,2,double,prepared,1,1024,25.323486328,25.326538086,25.555419922,1.187438965,1.4916381835,1.8125,16.979008962195824
0,bv_split,2,double,prepared,2,1024,25.323486328,25.329589844,28.399658203,1.187683105,1.4920043944999999,1.79675293,16.976886889457486
0,bv_split,2,double,vienot,0,1024,5.529785156,5.529785156,6.713867188,1.330505371,1.5603027345,2.130859375,3.544046314686504
0,bv_split,2,double,vienot,1,1024,5.529785156,5.529785156,5.871582031,1.330200195,1.6551208494999998,1.794372559,3.3410159491800906
0,bv_split,2,float,brettel,0,1024,5.969238281,6.042480469,6.750488281,2.307250977,2.310546875,4.820739746,2.615173288358411
0,bv_split,2,float,brettel,1,1024,5.969238281,5.987548828,6.311035156,2.307189941,2.3097839354999996,2.477233887,2.592254944704979
0,bv_split,2,float,brettel,2,1024,6.018066406,6.0546875,6.372070312,2.309387207,2.3110656735,2.31262207,2.6198682146623993
0,bv_split,2,float,lookup,0,1024,28.436279297,28.591918945499998,32.2265625,5.945922852,5.964477539000001,8.102233887,4.793700497410825
0,bv_split,2,float,lookup,1,1024,28.436279297,30.37109375,40.002441406,5.943481445,5.963409424,6.251525879,5.092907696018693
0,bv_split,2,float,lookup,2,1024,28.436279297,28.576660156499997,28.771972656,5.926269531,5.962982178000001,6.294372559,4.792343713843646
0,bv_split,2,float,lookupApply,0,1024,38.452148438,38.619995117,48.504638672,13.238708496,13.297119140500001,21.739013672,2.904388139185147
0,bv_split,2,float,lookupApply,1,1024,38.452148438,38.635253906,49.609375,13.238952637,13.2748413085,15.708068848,2.910411733604793
0,bv_split,2,float,lookupApply,2,1024,38.452148438,38.641357422,39.74609375,13.245056152,13.268951416,13.594665527,2.9121636073974453
0,bv_split,2,float,prepared,0,1024,19.592285156,19.592285156,19.836425781,0.823730469,0.8278808595,0.831848145,23.665585369171104
0,bv_split,2,float,prepared,1,1024,19.592285156,19.592285156,19.866943359,0.823242188,0.8289489745,1.947692871,23.635091855705042
0,bv_split,2,float,prepared,2,1024,19.592285156,19.592285156,19.921875,0.824768066,0.829284668,0.832336426,23.625524397130178
0,bv_split,2,float,vienot,0,1024,4.809570312,4.809570312,5.029296875,0.823608398,0.8273925785,2.234985352,5.812924163181867
0,bv_split,2,float,vienot,1,1024,4.809570312,4.809570312,5.871582031,0.824523926,0.8267517090000001,1.184875488,5.817430142137147
0,bv_compiler,2,double,brettel,0,1024,5.847167969,5.9356689455,6.298828125,4.690856934,4.759277344,6.254638672,1.2471786190361593
0,bv_compiler,2,double,brettel,1,1024,5.902099609,5.950927734,6.201171875,4.691040039,4.7267456055,4.762756348,1.2589904832355592
0,bv_compiler,2,double,brettel,2,1024,5.926513672,6.057739258,6.372070312,4.691101074,4.758392334,4.88470459,1.2730642689371818
0,bv_compiler,2,double,lookup,0,1024,43.005371094,43.179321289,44.976806641,7.93762207,7.9548950195,8.214050293,5.428018997504509
0,bv_compiler,2,double,lookup,1,1024,42.999267578,43.307495117,53.674316406,7.944335938,7.9606933595000005,8.510437012,5.4401662218679006
0,bv_compiler,2,double,lookup,2,1024,43.017578125,43.286132812,46.533203125,7.93548584,7.9502563475,8.351196289,5.444621018492259
0,bv_compiler,2,double,lookupApply,0,1024,55.395507812,55.535888672,62.005615234,12.815429688,12.936340332,13.09753418,4.293013885435864
0,bv_compiler,2,double,lookupApply,1,1024,55.364990234,55.7678222655,67.425537109,12.82623291,12.9257202145,13.241271973,4.3144847126537655
0,bv_compiler,2,double,lookupApply,2,1024,55.383300781,55.548095703499996,68.542480469,12.821472168,12.931304932,16.481201172,4.295629559089575
0,bv_compiler,2,double,prepared,0,1024,25.323486328,25.3814697265,25.78125,1.188110352,1.2615661624999999,1.336303711,20.119015935083787
0,bv_compiler,2,double,prepared,1,1024,25.323486328,25.408935547,31.842041016,1.187316895,1.3330993654999999,1.359313965,19.06004623854125
0,bv_compiler,2,double,prepared,2,1024,25.323486328,25.329589844,27.282714844,1.18762207,1.2618713375000001,1.641906738,20.073036839225296
0,bv_compiler,2,double,vienot,0,1024,5.529785156,5.529785156,5.706787109,1.32989502,1.3326721195,1.337280273,4.149396595821858
0,bv_compiler,2,double,vienot,1,1024,5.529785156,5.529785156,5.529785156,1.329956055,1.3324890135,1.333862305,4.1499667914522735
0,bv_compiler,2,float,brettel,0,1024,5.950927734,5.9783935545,6.579589844,2.308227539,2.3094787595,2.850036621,2.588633270562885
0,bv_compiler,2,float,brettel,1,1024,5.999755859,6.015014648499999,6.231689453,2.30645752,2.3086242675,2.312133789,2.6054541369842026
0,bv_compiler,2,float,brettel,2,1024,5.999755859,6.021118164,13.342285156,2.307739258,2.3102111815,2.500488281,2.6063063897433567
0,bv_compiler,2,float,lookup,0,1024,29.150390625,29.3029785155,29.870605469,5.924072266,5.9373168945,6.264587402,4.935390688451318
0,bv_compiler,2,float,lookup,1,1024,29.144287109,29.39453125,32.434082031,5.92376709,5.946716308499999,6.713012695,4.942985292233401
0,bv_compiler,2,float,lookup,2,1024,29.150390625,29.3029785155,40.686035156,5.942810059,5.9481811525,6.192443848,4.9263762760796315
0,bv_compiler,2,float,lookupApply,0,1024,39.178466797,39.3646240235,39.611816406,13.250183105,13.29309082,18.301147461,2.961284516635838
0,bv_compiler,2,float,lookupApply,1,1024,39.178466797,39.5080566405,49.584960938,13.254577637,13.271728516,20.946533203,2.976858409428001
0,bv_compiler,2,float,lookupApply,2,1024,39.184570312,39.3768310545,39.758300781,13.243835449,13.263366699,15.622253418,2.9688413166974295
0,bv_compiler,2,float,prepared,0,1024,19.592285156,19.592285156,19.82421875,0.822998047,0.8271179195,1.007751465,23.687414689121603
0,bv_compiler,2,float,prepared,1,1024,19.592285156,19.592285156,19.903564453,0.823547363,0.8280944825000001,0.832519531,23.65948037336428
0,bv_compiler,2,float,prepared,2,1024,19.592285156,19.592285156,26.049804688,0.823852539,0.8277893064999999,0.830200195,23.668202768695707
0,bv_compiler,2,float,vienot,0,1024,4.809570312,4.809570312,5.023193359,0.822265625,0.8255920409999999,0.827758789,5.825601596370041
0,bv_compiler,2,float,vienot,1,1024,4.809570312,4.809570312,4.815673828,0.823669434,0.8257141115,1.155883789,5.824740361119528
0,default,0,double,brettel,0,8191,25.457056525,26.681723843500002,31.317909901,4.593822488,4.7212603775,4.990332377,5.65139850592788
0,default,0,double,brettel,1,8191,26.345989501,27.072778049,29.996337444,4.593593578,4.6478947935,4.87733488,5.8247398557430365
0,default,0,double,brettel,2,8191,27.291386888,28.6423361005,30.036778171,4.593730924,4.744094128,6.142725247,6.037472134342946
0,default,0,double,lookup,0,8191,41.025210597,43.973568551,48.313697961,7.776004151,8.158684074,8.957064156,5.3897869009457615
0,default,0,double,lookup,1,8191,41.944664876,44.033466609499996,48.994323037,7.783443719,8.156078317999999,9.148829508,5.3988528423422135
0,default,0,double,lookup,2,8191,41.911091442,44.354703333,52.522585765,7.773501404,8.172208826999999,9.311912465,5.427504885393699
0,default,0,double,lookupApply,0,8191,53.563362227,56.1225735565,59.169362715,12.540463619,13.155307655,13.898699792,4.266154393977189
0,default,0,double,lookupApply,1,8191,54.81320962,56.2137559515,59.045751435,12.54353864,12.8144495485,14.552939202,4.38674761165064
0,default,0,double,lookupApply,2,8191,54.80710536,57.050039678000005,61.694237578,12.398035954,12.864180197500001,14.842632157,4.434797927433183
0,default,0,double,prepared,0,8191,24.204157002,25.4047887925,29.678152851,1.226300208,1.275233488,1.401576425,19.92167632951935
0,default,0,double,prepared,1,8191,24.768038091,25.402118178,26.808387254,1.227429496,1.304446191,2.063949762,19.473488713648287
0,default,0,double,prepared,2,8191,24.767275058,26.004150897,28.229153949,1.226658833,1.277167776,1.959879746,20.36079470971557
0,default,0,double,vienot,0,8191,22.609418874,23.890169088,25.879776584,1.341411305,1.3911381390000002,1.442673361,17.173110576332203
0,default,0,double,vienot,1,8191,23.373214504,23.9481595655,27.191429618,1.341045049,1.388578165,1.433730619,17.246533302286227
0,default,0,float,brettel,0,8191,32.014558662,169.400866805,179.960474911,2.237707545,2.327573709,2.615858869,72.78002245427493
0,default,0,float,brettel,1,8191,30.34199121,164.749038579,180.644915151,2.238348492,2.2953584730000003,2.548414418,71.77486240904035
0,default,0,float,brettel,2,8191,30.208460505,165.4426352095,179.042546698,2.237409962,2.2924169819999998,2.376724454,72.16952086315509
0,default,0,float,lookup,0,8191,28.082651691,29.4439018435,30.857038213,5.778674765,6.1107808875,6.971462581,4.818353396327697
0,default,0,float,lookup,1,8191,28.081888658,29.338603345,33.028628983,5.779422537,5.9498229765,6.121818154,4.931004411539402
0,default,0,float,lookup,2,8191,28.097912343,29.704095959,32.083231596,5.79729276,6.0853070445,6.973263338,4.881281378537349
0,default,0,float,lookupApply,0,8191,38.560615309,39.420171529499996,41.882096203,13.09832438,13.800234251,15.478253571,2.856485680787883
0,default,0,float,lookupApply,1,8191,37.687706019,39.4560340615,43.951440606,13.103177268,13.797445367,14.540158406,2.8596622789222166
0,default,0,float,lookupApply,2,8191,37.685416921,40.262559517,41.596722012,13.096973813,13.603776248500001,14.243384507,2.959660522308244
0,default,0,float,prepared,0,8191,19.154407276,19.640840557,22.049352948,0.804045599,0.8091464715000001,0.838130265,24.27352926669717
0,default,0,float,prepared,1,8191,18.719478696,19.6354993285,22.712428275,0.804640764,0.805838725,0.826181174,24.366537272703045
0,default,0,float,prepared,2,8191,18.721004761,19.614515932499998,19.981534611,0.804694177,0.8083109509999999,1.686065499,24.2660524495356
0,default,0,float,vienot,0,8191,20.092174338,20.6110365035,29.163105848,0.807937065,0.813160023,0.836329508,25.346839392644366
0,default,0,float,vienot,1,8191,20.087596142,21.066566964,23.399920645,0.808585643,0.8129616345,1.250480711,25.91335933946831
0,bv_split,0,double,brettel,0,8191,8.721462581,9.2094219265,10.912129166,4.595318032,4.7228856365,5.01123184,1.9499565806392989
0,bv_split,0,double,brettel,1,8191,9.011414968,9.233075936999999,11.221157368,4.413670492,4.963977230999999,5.362715175,1.8600157710916785
0,bv_split,0,double,brettel,2,8191,8.764192406,9.120910145,10.426077402,4.59808021,5.066051916499999,6.75678336,1.8003980802670878
0,bv_split,0,double,lookup,0,8191,42.594768649,43.7660236845,49.133958003,7.685890001,8.5046277925,11.238073801,5.146142165456796
0,bv_split,0,double,lookup,1,8191,41.628006348,43.4409717985,48.584574533,8.34106794,8.6020212735,10.382691369,5.050088859036812
0,bv_split,0,double,lookup,2,8191,40.771120742,42.924017214,49.187370284,7.782871444,8.411492034,9.74672659,5.103020610433595
0,bv_split,0,double,lookupApply,0,8191,54.393541692,57.2045537785,63.32560127,12.370154743,13.358091197499999,14.1472424,4.282389821474342
0,bv_split,0,double,lookupApply,1,8191,54.437797583,57.042027835499994,60.104840679,12.301184227,13.620799505499999,15.461253205,4.187861939562854
0,bv_split,0,double,lookupApply,2,8191,53.758698572,58.006882554,68.184592846,12.874717678,13.547700982999999,17.498504456,4.2816772105310354
0,bv_split,0,double,prepared,0,8191,24.773379319,26.012544255999998,28.126144549,1.24344555,1.3042172810000001,1.394693871,19.944946777622093
0,bv_split,0,double,prepared,1,8191,25.195336345,26.0350537175,29.29587352,1.244994506,1.3382561655,1.719448175,19.454461999637243
0,bv_split,0,double,prepared,2,8191,24.771090221,26.058707728,28.719783909,1.240484984,1.385140703,1.951738188,18.81304019985903
0,bv_split,0,double,vienot,0,8191,5.367934318,5.5190147725,5.770815529,1.354298926,1.3941635635,1.683646685,3.958656585920738
0,bv_split,0,double,vienot,1,8191,5.519014772,6.576196435,17.217830546,1.354756745,1.4498306065,1.826265108,4.535837776852727
0,bv_split,0,float,brettel,0,8191,9.025912587,9.41620376,11.86820901,2.163830729,2.4174703945,3.416974423,3.895064767462243
0,bv_split,0,float,brettel,1,8191,9.005310707,9.4612226835,11.984952997,2.213694909,2.3211451595000003,2.823312172,4.076101248893046
0,bv_split,0,float,brettel,2,8191,8.993102185,9.291829447000001,11.02200586,2.213672018,2.28582438,2.344928885,4.064979588239408
0,bv_split,0,float,lookup,0,8191,27.814827249,29.617491759,32.453302405,5.797208827,6.07631089,6.371764742,4.8742554973187024
0,bv_split,0,float,lookup,1,8191,27.811775119,28.5152911735,36.962062019,5.798368636,6.011075418,6.77246368,4.743791949126399
0,bv_split,0,float,lookup,2,8191,27.815590282,29.038731535,30.720455378,5.779628556,6.076402454,6.648692162,4.7789348639809495
0,bv_split,0,float,lookupApply,0,8191,37.611402759,39.706690269999996,100.665364424,13.164540349,13.817784001,14.406246185,2.873593209093904
0,bv_split,0,float,lookupApply,1,8191,37.630478574,39.5643846905,49.94429862,13.139001648,13.7567299475,14.364203089,2.876002134336438
0,bv_split,0,float,lookupApply,2,8191,37.634293737,38.9341197655,41.983579539,12.703378708,13.1682715785,14.100354047,2.9566613608628955
0,bv_split,0,float,prepared,0,8191,19.155170309,20.165806983,24.054602613,0.755295446,0.8086123489999999,0.854955134,24.938781862457066
0,bv_split,0,float,prepared,1,8191,19.152118178,20.3962428275,24.664265657,0.77293676,0.8089557135000001,1.127151752,25.21305244171441
0,bv_split,0,float,prepared,2,8191,19.156696374,19.894167379000002,23.618911,0.772952021,0.8015199609999999,0.8405796,24.82055138611826
0,bv_split,0,float,vienot,0,8191,4.668233427,4.896380173,5.009308998,0.755509095,0.8112066595,1.555586925,6.035922062101858
0,bv_split,0,float,vienot,1,8191,4.66899646,4.8967616895,6.84058723,0.772990172,0.802717922,0.857801245,6.100227184786837
0,bv_compiler,0,double,brettel,0,8191,8.706964962,9.5596538885,11.12196313,4.682456355,4.996390856,7.666600537,1.9133118613048716
0,bv_compiler,0,double,brettel,1,8191,8.995391283,9.3257843975,11.975796606,4.703165059,4.8604909355,6.7954157,1.9186918608131618
0,bv_compiler,0,double,brettel,2,8191,8.999206446,9.575296056500001,12.504578196,4.906017275,5.169255890500001,6.26568795,1.8523548184367058
0,bv_compiler,0,double,lookup,0,8191,43.109815651,45.385178855,52.170827738,8.001625259,8.473476987,9.586703394,5.356145880213034
0,bv_compiler,0,double,lookup,1,8191,43.677511903,46.482419729,51.667226224,7.807662373,8.180831094999998,12.031436943,5.681870116767153
0,bv_compiler,0,double,lookup,2,8191,44.75491393,50.032047369,54.327920889,7.802389818,8.4666859965,10.127426444,5.909283442149913
0,bv_compiler,0,double,lookupApply,0,8191,54.157001587,57.5845440115,63.488890245,12.078386339,13.526229245500001,15.654857466,4.25725033683409
0,bv_compiler,0,double,lookupApply,1,8191,55.410664144,59.179663655,63.894060554,12.736944512,13.935130784,16.423521243,4.246796429277057
0,bv_compiler,0,double,lookupApply,2,8191,58.481107313,60.404330973,64.840984007,12.864431999,13.632588359,17.119574838,4.430877642771492
0,bv_compiler,0,double,prepared,0,8191,24.771090221,26.4337382495,31.060767916,1.271960078,1.970970425,2.725918691,13.411534700983653
0,bv_compiler,0,double,prepared,1,8191,25.363203516,26.4894396285,30.135972409,1.342029361,1.466075571,1.704141741,18.06826343230843
0,bv_compiler,0,double,prepared,2,8191,25.429587352,27.226147601,29.790318642,1.300207545,1.6192162125,2.064865401,16.814399084458277
0,bv_compiler,0,double,vienot,0,8191,5.367934318,5.510621414,6.520876572,1.398478513,1.428068917,2.206110365,3.858792351265776
0,bv_compiler,0,double,vienot,1,8191,5.495360762,5.5754791845,7.46932609,1.379173788,1.499912251,2.11750702,3.7172035769311145
0,bv_compiler,0,float,brettel,0,8191,9.027438652,10.6416341105,13.160786229,2.324151508,2.6008271274999997,3.259003785,4.091634541173479
0,bv_compiler,0,float,brettel,1,8191,9.437187157,10.0403644245,14.547216457,2.320122696,2.3337657185,2.368270052,4.302216090033803
0,bv_compiler,0,float,brettel,2,8191,9.450921743,10.139558661999999,12.387071176,2.322228666,2.3435134599999996,2.952417287,4.326648357291705
0,bv_compiler,0,float,lookup,0,8191,29.929953608,32.1942528385,39.88600293,6.036167745,6.2092273535,8.286968929,5.184904820783029
0,bv_compiler,0,float,lookup,1,8191,29.942925162,31.75398303,35.207850079,6.061187584,6.311187584,8.535679404,5.031380006910598
0,bv_compiler,0,float,lookup,2,8191,30.808967159,32.989332804,39.316780613,5.922414846,6.315979429,8.813774264,5.223153934372955
0,bv_compiler,0,float,lookupApply,0,8191,40.616988158,44.538212672499995,51.290288121,13.202226529,14.140272097499999,16.534260164,3.1497422655943343
0,bv_compiler,0,float,lookupApply,1,8191,41.818001465,46.704843731,56.712397754,13.803633561,14.178587779499999,16.101445184,3.294040595391865
0,bv_compiler,0,float,lookupApply,2,8191,38.862776218,43.7278720545,49.47121841,13.572137102,14.518320413000001,18.067101087,3.0119098360265673
0,bv_compiler,0,float,prepared,0,8191,20.095226468,20.789586131500002,24.437644976,0.810806068,0.907325876,1.123771518,22.913031228815083
0,bv_compiler,0,float,prepared,1,8191,20.10743499,23.618910999500002,27.708765718,0.806906971,0.856507905,2.60017855,27.575823715835995
0,bv_compiler,0,float,prepared,2,8191,19.857160298,20.717861067,23.789830302,0.807906544,0.8127632465,1.240507874,25.49064706877097
0,bv_compiler,0,float,vienot,0,8191,4.668233427,5.150470028,6.810065926,0.812194787,0.8457453305,1.0625,6.089859254623458
0,bv_compiler,0,float,vienot,1,8191,4.923849347,5.8120192895,7.540288121,0.808852704,0.832327402,1.380707484,6.982852271274856
0,default,1,double,brettel,0,8191,26.651202539,26.7374252225,30.131394213,4.701928946,4.723923361000001,4.755974545,5.660004021919609
0,default,1,double,brettel,1,8191,26.97167623,27.020128800000002,30.507569283,4.702585154,4.723343456,5.087367232,5.720551353443649
0,default,1,double,brettel,2,8191,27.798040532,27.9262300085,32.303748016,4.703317666,4.72599881,4.73478513,5.909064121939548
0,default,1,double,lookup,0,8191,42.931266024,43.083872543,48.953119277,7.955942498,7.967620712,8.074143877,5.407369916355526
0,default,1,double,lookup,1,8191,42.95949823,43.0403796855,46.914296179,7.955538091,7.9628364975,8.442459712,5.405156780377557
0,default,1,double,lookup,2,8191,42.960261262,43.595867415499995,90.823769991,7.306899341,7.950769137,8.696709803,5.483226423041341
0,default,1,double,lookupApply,0,8191,56.140123306,56.550634843,65.221737273,12.285641253,12.8752479855,14.892038518,4.39219771973999
0,default,1,double,lookupApply,1,8191,56.099682578,56.5433860335,63.562141375,12.077577524,12.966460902,15.269739653,4.36074164421986
0,default,1,double,lookupApply,2,8191,56.124099622,56.545293615000006,60.103314614,12.842372726,12.876667225999999,15.126503174,4.391298821548036
0,default,1,double,prepared,0,8191,25.360914418,25.526874008500002,29.300451715,1.264871505,1.2705713585,1.295057075,20.090862144599495
0,default,1,double,prepared,1,8191,25.361677451,25.3853314615,30.032963008,1.268923208,1.2708384205,1.300474606,19.975262828072484
0,default,1,double,prepared,2,8191,25.362440483,25.4070778905,30.566322793,1.269365767,1.271464107,1.299330057,19.98253647163317
0,default,1,double,vienot,0,8191,23.689873031,23.7039891345,73.114546453,1.37781559,1.3823518190000001,1.414715847,17.147580528123136
0,default,1,double,vienot,1,8191,23.930228299,24.044683189,27.3829508,1.37757142,1.3837939504999999,1.405857038,17.375912924255847
0,default,1,float,brettel,0,8191,32.348003907,173.4544774755,179.298162618,2.26334544,2.264509065,2.304556831,76.59694551741616
0,default,1,float,brettel,1,8191,30.996673178,171.39161885,216.438011232,2.263131791,2.264795202,2.370154743,75.67643144892179
0,default,1,float,brettel,2,8191,31.658985472,171.1760621415,177.109022097,2.262887621,2.264272525,2.299826029,75.59870123915407
0,default,1,float,lookup,0,8191,29.4194848,29.462596142000002,33.977841533,5.917043096,5.9514978329999995,5.995498108,4.950450620789129
0,default,1,float,lookup,1,8191,28.733518496,29.4423757785,32.977505799,5.770868942,5.949021792,7.409656941,4.949112107488478
0,default,1,float,lookup,2,8191,29.427115126,29.461451593,32.541051154,5.788701013,5.970432487,5.987799109,4.934559038587115
0,default,1,float,lookupApply,0,8191,38.569008668,40.5094005615,43.696587718,13.455553351,13.6763711695,18.150233488,2.961999207204977
0,default,1,float,lookupApply,1,8191,38.565956538,39.493422659000004,45.641557807,12.381142412,13.475407459500001,16.56365981,2.930777624179194
0,default,1,float,lookupApply,2,8191,39.479306556,39.5235624465,42.985441338,12.382882127,13.5238180625,16.011079233,2.9225150962429995
0,default,1,float,prepared,0,8191,19.156696374,19.813285924,20.993315834,0.785755707,0.7958849649999999,1.411579783,24.894660403592372
0,default,1,float,prepared,1,8191,19.153644244,19.630539617,59.410481016,0.785465755,0.7860342145,0.85745025,24.974154120615573
0,default,1,float,prepared,2,8191,19.612226834,19.6305396165,22.374404835,0.785328409,0.7858472715,0.823083262,24.980095151351556
0,default,1,float,vienot,0,8191,20.590434623,20.991789769500002,24.695549994,0.787205469,0.7915585705,1.119284886,26.519566020541244
0,default,1,float,vienot,1,8191,21.063514833,21.1005219145,24.562019289,0.785931205,0.787052863,0.825318948,26.809535809413603
0,bv_split,1,double,brettel,0,8191,8.908405567,8.98127518,9.493651569,4.705698327,4.7273989745,4.819413075,1.8998343969793492
0,bv_split,1,double,brettel,1,8191,8.968685142,9.302893419499998,9.909504334,4.704714015,4.7305121475,4.758713832,1.9665721447130051
0,bv_split,1,double,brettel,2,8191,8.961817849,9.077035770999998,25.346416799,4.706881028,4.729558357,5.123039006,1.9192142449337788
0,bv_split,1,double,lookup,0,8191,41.52270785,42.677939201499996,49.64137468,7.952623306,7.964515169,9.392397143,5.358510630705284
0,bv_split,1,double,lookup,1,8191,42.526095715,42.822915394999995,46.187126114,7.305083323,7.9616003845000005,7.984403614,5.378681838687805
0,bv_split,1,double,lookup,2,8191,42.625289952,42.860685508,46.749481138,7.962847943,7.9779445424999995,9.250289952,5.372397022776122
0,bv_split,1,double,lookupApply,0,8191,54.306555976,54.641145769999994,64.480069589,12.837977658,12.863623184000001,14.339763155,4.247725931366181
0,bv_split,1,double,lookupApply,1,8191,55.668569161,55.9169362715,59.173940911,12.074945062,12.869857159999999,15.082979795,4.344798514570305
0,bv_split,1,double,lookupApply,2,8191,55.693749237,55.9016756195,60.949517763,12.109403614,12.871318368,16.491080149,4.3431196417672195
0,bv_split,1,double,prepared,0,8191,24.771853254,24.92064461,30.226010255,1.269564156,1.2904788795,1.314682273,19.311160380753833
0,bv_split,1,double,prepared,1,8191,25.362440483,25.375030521,28.46722012,1.264879136,1.2889070325,1.315872604,19.68724654390463
0,bv_split,1,double,prepared,2,8191,25.364729581,25.398684531999997,30.026095715,1.265489562,1.283504761,1.311836162,19.788539399114853
0,bv_split,1,double,vienot,0,8191,5.496123794,5.5411427175,7.701287999,1.382370895,1.3883263645000001,1.409450922,3.9912392785939916
0,bv_split,1,double,vienot,1,8191,5.496123794,5.5270266145,6.762757905,1.381424734,1.388395037,1.412396228,3.9808746554169656
0,bv_split,1,float,brettel,0,8191,9.131211085,9.2017916005,9.902637041,2.250518862,2.261285252,2.49017977,4.0692750250599525
0,bv_split,1,float,brettel,1,8191,9.145708705,9.299841289,10.387925772,2.260415395,2.265188164,2.350712672,4.105549126911296
0,bv_split,1,float,brettel,2,8191,9.181571237,9.254822365999999,9.57911122,2.260980039,2.264440392,2.287403858,4.087024060644825
0,bv_split,1,float,lookup,0,8191,28.484769869,28.562217678,33.830576242,5.791386888,5.948632646,6.029399646,4.801476133713838
0,bv_split,1,float,lookup,1,8191,28.477902576,28.633561225500003,30.944786961,5.936866683,5.972588054,6.572999329,4.794163094225685
0,bv_split,1,float,lookup,2,8191,28.476376511,28.538182151,31.406421682,5.921621292,5.9706575815,8.042447503,4.779738539926517
0,bv_split,1,float,lookupApply,0,8191,38.531620071,38.565956538,43.275393725,12.377456965,12.493323464500001,16.028964717,3.086925320358978
0,bv_split,1,float,lookupApply,1,8191,38.530094006,38.652179221,43.601971676,12.855245086,13.4787800635,16.982831767,2.8676318657107966
0,bv_split,1,float,lookupApply,2,8191,38.532383103,38.5621413745,41.921010866,13.449884019,13.472496490000001,16.043241057,2.8622862439135064
0,bv_split,1,float,prepared,0,8191,19.609174704,19.6835703825,23.911915517,0.780719692,0.8065407149999999,1.147074533,24.40493085646644
0,bv_split,1,float,prepared,1,8191,19.610700769,19.649996948000002,50.701989989,0.780361067,0.7868315834999999,0.8054801,24.973574218503654
0,bv_split,1,float,prepared,2,8191,19.611463802,19.693489806000002,22.148547186,0.780551825,0.7875564644999999,0.820359236,25.005813162238354
0,bv_split,1,float,vienot,0,8191,4.779636186,4.802527164,5.85322305,0.782039739,0.8162045235,0.840495666,5.883975187255869
0,bv_split,1,float,vienot,1,8191,4.779636186,4.801001099,5.890611647,0.78182609,0.7869956355000001,0.814697534,6.1004164221950115
0,bv_compiler,1,double,brettel,0,8191,8.924429252,8.982038212500001,12.115431571,4.507813454,4.617537541,4.731572763,1.9452009069220908
0,bv_compiler,1,double,brettel,1,8191,8.7359602,8.9637254305,10.070504212,4.7036534,4.793035038499999,6.084200647,1.8701564579643124
0,bv_compiler,1,double,brettel,2,8191,8.964869979,9.0671163475,9.528751068,4.554854413,4.830343516999999,6.064804358,1.8771162580029817
0,bv_compiler,1,double,lookup,0,8191,42.133133927,43.154453058,48.352612624,7.499908436,8.018965175,8.651400928,5.38154888021446
0,bv_compiler,1,double,lookup,1,8191,43.216640215,43.6473721155,47.389665487,7.961573678,8.0718128125,8.190338481,5.407381604279491
0,bv_compiler,1,double,lookup,2,8191,43.217403247,44.926977780499996,47.758210231,7.969432914,8.164139757000001,8.320084544,5.50296529918896
0,bv_compiler,1,double,lookupApply,0,8191,55.407612013,55.521685386499996,61.926199487,12.079797949,12.862589275000001,15.425848492,4.316524783576282
0,bv_compiler,1,double,lookupApply,1,8191,55.43889635,55.682303747999995,104.208124771,12.842792394,13.15378159,14.865767306,4.233178372851484
0,bv_compiler,1,double,lookupApply,2,8191,55.486204371,56.629990233,59.128921988,12.851780918,13.2225804235,39.496924979,4.282824412423586
0,bv_compiler,1,double,prepared,0,8191,25.360151386,25.3845684285,31.385819802,1.279453058,1.300844677,1.402080027,19.51391190456476
0,bv_compiler,1,double,prepared,1,8191,25.325051886,25.5493834695,31.300360151,1.291829447,1.2983724515000001,1.976338359,19.678007986062077
0,bv_compiler,1,double,prepared,2,8191,25.363966549,25.4326394825,28.527499695,1.29214229,1.3000625685,1.810020144,19.56262729096488
0,bv_compiler,1,double,vienot,0,8191,5.495360762,5.519777805,5.619735075,1.384286107,1.407325876,2.271181785,3.9221746001634665
0,bv_compiler,1,double,vienot,1,8191,5.367934318,5.4965053105,5.712825052,1.3859953,1.414818856,1.913716274,3.8849533897504123
0,bv_compiler,1,float,brettel,0,8191,9.160969357,9.3860639725,12.594616042,2.264711268,2.3039387745,2.558585643,4.0739207466730365
0,bv_compiler,1,float,brettel,1,8191,9.171651813,9.269319985500001,10.412342815,2.213984861,2.294820535,3.467380356,4.039235244816214
0,bv_compiler,1,float,brettel,2,8191,9.192253693,9.2925924795,10.461939934,2.263147052,2.265943566,3.592334575,4.1009814273106215
0,bv_compiler,1,float,lookup,0,8191,29.188285924,29.2596294715,33.325448663,5.846607557,5.9610357405,7.825189232,4.908480798514011
0,bv_compiler,1,float,lookup,1,8191,29.187522891,29.235975461,34.202936149,5.917073617,5.946850964499999,8.308402515,4.916211224314432
0,bv_compiler,1,float,lookup,2,8191,29.189048956,29.2748901235,33.617690148,5.916333476,5.9386140275,6.63014284,4.929582893910342
0,bv_compiler,1,float,lookupApply,0,8191,39.321358808,39.741026736500004,81.413288976,13.447442315,13.489260316,16.017107191,2.9461234942113195
0,bv_compiler,1,float,lookupApply,1,8191,39.323647906,39.3972805515,45.539311439,12.845852155,13.484125107,16.886193688,2.921752819621032
0,bv_compiler,1,float,lookupApply,2,8191,39.325173971,39.3492094985,43.477597363,12.376472653,13.475529544499999,16.493743133,2.9200492172539727
0,bv_compiler,1,float,prepared,0,8191,19.611463802,19.7644518375,22.974911488,0.790120254,0.8119506165,1.177496643,24.34193833449722
0,bv_compiler,1,float,prepared,1,8191,19.609174704,19.6839518985,22.543035038,0.790311012,0.8019396285,1.153873153,24.545428607036346
0,bv_compiler,1,float,prepared,2,8191,19.610700769,19.6507599805,24.198815773,0.786823953,0.7925047304999999,1.198892077,24.795763639293508
0,bv_compiler,1,float,vienot,0,8191,4.778873153,4.8021456475,5.150470028,0.788441582,0.7910015564999999,0.835955622,6.0709686448006375
0,bv_compiler,1,float,vienot,1,8191,4.779636186,4.800238066,4.900958369,0.790288121,0.825841625,1.039822671,5.8125407108172835
0,default,2,double,brettel,0,8191,26.04611769,26.1292882435,31.482724942,4.596722012,4.722542272,6.210413869,5.5328860470812105
0,default,2,double,brettel,1,8191,26.351330729,27.004486632000003,35.66643267,4.594707606,4.6998000855,4.789921865,5.745879854616638
0,default,2,double,brettel,2,8191,27.157093151,27.279941399000002,33.12477109,4.40355268,4.7006852035,5.542638262,5.803396785363996
0,default,2,double,lookup,0,8191,42.92439873,43.081964961500006,46.915822244,7.757935539,7.897467495,9.077150226,5.455162048944907
0,default,2,double,lookup,1,8191,41.914906605,42.0823922595,47.673513613,7.130280186,7.5650637895,9.976849591,5.562728012671703
0,default,2,double,lookup,2,8191,41.921010866,43.0178702235,45.587382493,7.753128434,7.777316567,8.351849591,5.531197020580273
0,default,2,double,lookupApply,0,8191,54.835337566,56.195443169,62.942558906,12.544576364,12.798231290499999,12.88271426,4.390875730673295
0,default,2,double,lookupApply,1,8191,54.780399219,55.958521548,60.899157612,11.797491149,12.8440742885,13.84855329,4.3567578551069825
0,default,2,double,lookupApply,2,8191,54.941399097,56.461741545500004,98.091655476,12.541379258,12.8119696925,14.176787022,4.406952474961922
0,default,2,double,prepared,0,8191,24.772616286,24.8916493715,30.83262117,1.246055121,1.272120315,1.338778843,19.56705594431137
0,default,2,double,prepared,1,8191,24.771853254,25.374649005000002,28.032291539,1.246764742,1.2706591075,1.310798437,19.969674679249092
0,default,2,double,prepared,2,8191,24.772616286,24.904620925,30.203119277,1.245566781,1.2713305765,1.335482542,19.589413945791303
0,default,2,double,vienot,0,8191,23.140489562,23.732602857,29.865095837,1.35908314,1.4894815955,3.132828714,15.933464991242989
0,default,2,double,vienot,1,8191,23.374740569,24.246886827,58.521548041,1.354153949,1.3764802834999998,1.925077829,17.615135587229066
0,default,2,float,brettel,0,8191,31.112654133,173.321328287,223.873000855,2.212466427,2.2625557015,2.461787328,76.604225996334
0,default,2,float,brettel,1,8191,31.887132218,172.266054206,243.03885362,2.161114333,2.2622504880000003,2.533619216,76.14809019592528
0,default,2,float,brettel,2,8191,31.688743743,170.38136369199998,175.53488585,2.212222256,2.299295721,3.262223782,74.10154428413342
0,default,2,float,lookup,0,8191,29.43703455,29.4595440115,32.650927848,5.65659718,6.0728963195,8.562782322,4.8509874797147035
0,default,2,float,lookup,1,8191,28.731992431,29.4377975825,36.884232694,5.779430167,5.972610945,9.436065499,4.928798787261373
0,default,2,float,lookup,2,8191,28.736570626,29.500747772,34.452447809,5.796400012,5.879540044,6.088084483,5.0175264648644005
0,default,2,float,lookupApply,0,8191,38.565193505,39.5147875715,44.488615554,12.84035069,13.460814461,14.895067757,2.9355421015560497
0,default,2,float,lookupApply,1,8191,38.562141375,39.508683311,45.666737883,13.137109327,13.3146479365,14.849339214,2.9673096502006033
0,default,2,float,lookupApply,2,8191,38.564430472,39.504105115,44.982297644,12.832354108,13.3144571785,14.972263765,2.9670083117463233
0,default,2,float,prepared,0,8191,19.155933341,19.625579905000002,26.294866317,0.768900317,0.7852559210000001,1.016908802,24.99259079766939
0,default,2,float,prepared,1,8191,19.609937737,19.629776584,19.951013307,0.768785863,0.7850956840000001,0.836825479,25.00303718903134
0,default,2,float,prepared,2,8191,19.154407276,19.616041997499998,22.784916372,0.76895373,0.7850346415,0.821335917,24.987485851603655
0,default,2,float,vienot,0,8191,20.569832743,20.593105237499998,24.831369796,0.769739653,0.785301703,0.813385118,26.223176594206365
0,default,2,float,vienot,1,8191,21.045202051,21.120360761500002,24.466640215,0.769709132,0.7855267975,0.806670431,26.88687493376062
0,bv_split,2,double,brettel,0,8191,8.918324991,9.0251495545,28.493926261,4.52292913,4.7412174945,5.609167074,1.9035510530722397
0,bv_split,2,double,brettel,1,8191,8.982419729,9.097637651,10.93959834,4.503380234,4.727830088,6.137521365,1.9242733942768544
0,bv_split,2,double,brettel,2,8191,8.966396044,9.0293462335,9.58216335,4.507676108,4.717113295,5.201173544,1.9141677693157888
0,bv_split,2,double,lookup,0,8191,41.628769381,42.7943016725,46.90285069,7.956346905,8.001968624,8.55195489,5.3479716908847506
0,bv_split,2,double,lookup,1,8191,42.717616897,42.915242339,46.949395678,7.676359724,8.0036205895,8.336039556,5.361978601946821
0,bv_split,2,double,lookup,2,8191,42.555853986,42.801550482500005,47.054694177,7.331018801,7.993014436499999,8.48758546,5.354869658066332
0,bv_split,2,double,lookupApply,0,8191,54.356153095,55.8314766205,63.852856794,12.083948846,12.871646472,16.826845013,4.337555163743158
0,bv_split,2,double,lookupApply,1,8191,55.705194726,55.9291447935,60.263551459,12.079630082,12.854550726,14.631951227,4.350921785261312
0,bv_split,2,double,lookupApply,2,8191,55.716640215,55.9817940425,72.286656086,12.077623306,13.197453759999998,15.808371994,4.241863245785678
0,bv_split,2,double,prepared,0,8191,24.824502503,25.391054206,30.588450739,1.265245391,1.2748405264999998,1.307685264,19.917043487556562
0,bv_split,2,double,prepared,1,8191,25.364729581,25.415471249,28.842632157,1.263833781,1.2737264984999999,1.303763277,19.95363312212665
0,bv_split,2,double,prepared,2,8191,25.364729581,25.4135636675,60.374954218,1.264596814,1.2719562629999999,1.384492126,19.97990371741265
0,bv_split,2,double,vienot,0,8191,5.496123794,5.518633256,6.149279697,1.37384019,1.3868956780000001,1.775798132,3.979126435780846
0,bv_split,2,double,vienot,1,8191,5.496123794,5.5193962885,5.54190575,1.374374313,1.3872085214999998,1.413258454,3.9787791113998003
0,bv_split,2,float,brettel,0,8191,8.903064339,9.275424246,10.676352094,2.251068246,2.26182319,2.299642901,4.100861768067733
0,bv_split,2,float,brettel,1,8191,8.989287022,9.157154193499998,11.466090831,2.210192589,2.2465014955,2.291837077,4.076184330098523
0,bv_split,2,float,brettel,2,8191,8.956476621,9.159061775,9.598187035,2.261262361,2.2721126844999997,2.963984861,4.031077260156021
0,bv_split,2,float,lookup,0,8191,27.816353315,27.8545049445,37.099407887,5.763726956,5.8641229705,6.35252869,4.749986500048617
0,bv_split,2,float,lookup,1,8191,27.819405445,28.4950708095,32.988188255,5.930731901,5.967681754,6.509858381,4.774897855503171
0,bv_split,2,float,lookup,2,8191,28.474087413,28.5362745695,30.814308387,5.84853803,5.954797949,6.257203028,4.792148249848201
0,bv_split,2,float,lookupApply,0,8191,37.616743987,37.692284214,41.772219509,12.620002136,13.483289586000001,15.649218655,2.7954813232771274
0,bv_split,2,float,lookupApply,1,8191,37.652606519,38.5461176905,41.772219509,12.845653766,13.507702814,16.187614455,2.8536397506872184
0,bv_split,2,float,lookupApply,2,8191,37.6381089,38.5697717005,42.181204981,13.401843487,13.480222195,16.247642229,2.8612118659888304
0,bv_split,2,float,prepared,0,8191,19.158985472,19.6293950675,22.896319131,0.78347424,0.809825571,0.835688561,24.23904081376556
0,bv_split,2,float,prepared,1,8191,19.155933341,19.179205836,23.921071908,0.783069833,0.7865950435,0.815964168,24.382566346542205
0,bv_split,2,float,prepared,2,8191,19.155170309,19.615278965,23.325906483,0.782650165,0.7889757049999999,0.823006959,24.86170212934504
0,bv_split,2,float,vienot,0,8191,4.667470394,4.789937126,5.005493835,0.784611159,0.8126945729999999,0.842990783,5.8938957944782535
0,bv_split,2,float,vienot,1,8191,4.66899646,4.918889635,8.253723599,0.78346661,0.7896052069999999,0.816650897,6.229555721508813
0,bv_compiler,2,double,brettel,0,8191,8.727566842,9.0419362715,11.366896594,4.597485045,4.7285435235,6.211520266,1.912203245367886
0,bv_compiler,2,double,brettel,1,8191,8.949609327,9.054907825499999,10.832773776,4.595218838,4.670343212000001,4.736791906,1.9388099363306488
0,bv_compiler,2,double,brettel,2,8191,8.941215969,9.024005005500001,11.59504334,4.596073434,4.704050177,5.914876084,1.9183479482472368
0,bv_compiler,2,double,lookup,0,8191,43.112104749,43.170095226499996,47.611707972,7.810523746,8.1530261875,10.336634721,5.294978114100409
0,bv_compiler,2,double,lookup,1,8191,43.093028934,43.1754364545,46.761689659,7.805266451,7.990729154,9.260568001,5.403191075859108
0,bv_compiler,2,double,lookup,2,8191,42.128555732,43.225415089500004,48.014589183,7.330858564,7.97694497,9.411327982,5.418793191135679
0,bv_compiler,2,double,lookupApply,0,8191,54.819313881,55.6037113905,58.71230619,12.090152301,12.567845043,18.937515261,4.42428365405969
0,bv_compiler,2,double,lookupApply,1,8191,54.210413869,55.533130875,62.191734831,12.162960872,12.843154835,17.222187462,4.323947782959201
0,bv_compiler,2,double,lookupApply,2,8191,54.114271762,55.536946037999996,65.864210719,12.418889635,12.8738211145,14.54542333,4.313944208487394
0,bv_compiler,2,double,prepared,0,8191,24.774142351,25.415471248499998,28.593120498,1.23805091,1.2765840554999999,1.667165181,19.90896810828921
0,bv_compiler,2,double,prepared,1,8191,24.774905384,25.3803717495,66.313636919,1.244674032,1.2887658714999999,1.777018984,19.69354737797307
0,bv_compiler,2,double,prepared,2,8191,24.832895861,25.3921987545,31.964198511,1.244162801,1.2783771824999999,2.12828104,19.862837902693872
0,bv_compiler,2,double,vienot,0,8191,5.367934318,5.516344158,6.926809913,1.348576181,1.378651111,1.47307258,4.001261895766173
0,bv_compiler,2,double,vienot,1,8191,5.367934318,5.5201593209999995,17.658863387,1.350041204,1.380787602,2.601651203,3.9978337819693137
0,bv_compiler,2,float,brettel,0,8191,8.957239653,9.154483579499999,9.54401172,2.212237517,2.2588511785,3.392061409,4.052716560804627
0,bv_compiler,2,float,brettel,1,8191,8.986234892,9.2517702355,12.042180442,2.212496948,2.2633034729999997,3.379410328,4.087728555126907
0,bv_compiler,2,float,brettel,2,8191,8.996917348,9.2578744965,10.237608351,2.262773166,2.2637116955,2.309989623,4.089687973474535
0,bv_compiler,2,float,lookup,0,8191,28.506897815,29.221859358,32.465510927,5.930884507,5.9544583995,5.995765169,4.907559579298392
0,bv_compiler,2,float,lookup,1,8191,29.191338054,29.228726651,31.250763033,5.909214382,6.005711299,8.628593884,4.866821796090468
0,bv_compiler,2,float,lookup,2,8191,28.50842388,29.274127090500002,36.923910389,5.813835307,5.9713328655,7.488653705,4.902444353694354
0,bv_compiler,2,float,lookupApply,0,8191,38.413350018,39.332041265,43.659962154,12.382698999,13.4690933645,14.069565682,2.920169917944591
0,bv_compiler,2,float,lookupApply,1,8191,38.413350018,39.3473019165,44.290990111,13.44827402,13.477894945500001,14.559531803,2.9193952079020526
0,bv_compiler,2,float,lookupApply,2,8191,38.416402149,39.365996215500004,46.374832133,13.140100415,13.426848065000001,13.655216091,2.931886621858486
0,bv_compiler,2,float,prepared,0,8191,19.154407276,19.668309729999997,23.775332682,0.786381394,0.7876365830000001,0.82912648,24.971300412540636
0,bv_compiler,2,float,prepared,1,8191,19.153644244,19.608030155500003,21.778476377,0.788777317,0.807235075,1.614256501,24.29035947861904
0,bv_compiler,2,float,prepared,2,8191,19.155170309,19.613371383,52.261628617,0.787083384,0.7887658710000001,0.819535161,24.86589760550124
0,bv_compiler,2,float,vienot,0,8191,4.779636186,4.82045843,6.140886339,0.788037175,0.792672598,1.114622757,6.0812729519886854
0,bv_compiler,2,float,vienot,1,8191,4.668233427,4.734998779,4.870437065,0.78793035,0.7893305155,0.829973446,5.998752976122586
0,default,0,double,brettel,0,65536,26.910972595,27.5670051575,35.866355896,4.80170536,4.902908802000001,5.405245781,5.622581669529491
0,default,0,double,brettel,1,65536,27.417087555,28.4199237825,31.905555725,4.690979958,5.014523983,6.480622292,5.667521758565293
0,default,0,double,brettel,2,65536,29.234409332,29.912805557,32.149219513,4.696853638,4.8138070105,5.747970581,6.213960279619315
0,default,0,double,lookup,0,65536,42.78421402,43.709516525,44.463920593,7.766964912,8.1200075145,9.54331398,5.382940403312111
0,default,0,double,lookup,1,65536,42.950057983,44.0485477445,53.49111557,7.491769791,7.9872684475,9.065139771,5.514845035449774
0,default,0,double,lookup,2,65536,43.286705017,44.4848060605,47.222900391,7.306900978,8.027689457,11.335366249,5.541420890628754
0,default,0,double,lookupApply,0,65536,56.257629395,57.279205321999996,65.988826752,12.921860695,13.366826534,14.071336746,4.285176079475859
0,default,0,double,lookupApply,1,65536,56.277942657,58.397006988499996,66.339588165,12.505958557,13.4382867815,25.072710991,4.345569337669816
0,default,0,double,lookupApply,2,65536,55.97743988,58.334875107,70.451164246,12.297170639,12.983433247,13.592722893,4.493023840244957
0,default,0,double,prepared,0,65536,24.82252121,25.8740901945,26.091861725,1.437952042,1.4672784805,2.269052505,17.63406915480895
0,default,0,double,prepared,1,65536,24.938392639,26.247119904,27.372646332,1.399785042,1.4576630590000001,1.615771294,18.006301073449922
0,default,0,double,prepared,2,65536,25.463008881,26.298189163,26.960754395,1.411661148,1.437969685,2.112395287,18.28841695157155
0,default,0,double,vienot,0,65536,23.583984375,24.395656586,24.797534943,1.432806969,1.474917412,1.729896545,16.540354319174586
0,default,0,double,vienot,1,65536,23.975086212,24.381637573,24.964523315,1.391689301,1.5045704839999998,1.890467644,16.205048438927108
0,default,0,float,brettel,0,65536,32.602310181,172.90015220650002,186.408519745,2.267149925,2.396284103,2.658568382,72.15344457280324
0,default,0,float,brettel,1,65536,32.848453522,171.66762352,180.570793152,2.33453846,2.385330677,3.325183868,71.96806093816066
0,default,0,float,brettel,2,65536,32.212543488,172.4271297455,181.088352203,2.332731247,2.392897606,2.729131699,72.05788050151111
0,default,0,float,lookup,0,65536,28.986740112,29.819822311499998,30.357456207,5.949924469,6.1016592979999995,7.529349327,4.887166073214598
0,default,0,float,lookup,1,65536,29.378795624,29.9525260925,30.659770966,5.937035561,6.0556926725,6.417771339,4.946176715426769
0,default,0,float,lookup,2,65536,29.216098785,30.022239685000002,34.611606598,5.795785904,6.1150112155,7.122868538,4.909596830975755
0,default,0,float,lookupApply,0,65536,38.949584961,40.1216030125,49.537563324,12.756357193,13.645871639,23.526857376,2.940200822190953
0,default,0,float,lookupApply,1,65536,39.010810852,40.283155441000005,48.936271667,13.274832726,13.6526384355,14.96029377,2.9505765959680392
0,default,0,float,lookupApply,2,65536,38.822650909,40.109062195,40.626144409,12.986676216,13.5649352075,14.388337135,2.9568192978042283
0,default,0,float,prepared,0,65536,19.626045227,19.9805259705,29.240036011,0.843402863,0.8817396165,1.408707619,22.660347336792256
0,default,0,float,prepared,1,65536,19.636535645,20.080471039000003,20.541477203,0.859846115,0.863623142,1.234157562,23.25142769159375
0,default,0,float,prepared,2,65536,19.63224411,20.059108734,29.644584656,0.85785675,0.8707995415,0.933141708,23.03527709654863
0,default,0,float,vienot,0,65536,20.596504211,21.210002899,21.778774261,0.844630241,0.863693237,0.976615906,24.55733354202471
0,default,0,float,vienot,1,65536,20.766830444,21.557092666499997,30.539131165,0.859593391,0.871134281,0.91980648,24.74600430343987
0,bv_split,0,double,brettel,0,65536,9.947395325,10.070037842,10.196781158,4.788347244,4.7982039455,5.655639648,2.0987098415114667
0,bv_split,0,double,brettel,1,65536,9.764385223,10.0271701815,10.911083221,4.788807869,4.810702324,5.422123909,2.084346423073339
0,bv_split,0,double,brettel,2,65536,9.780406952,10.064125060999999,10.387992859,4.789096832,4.94203186,5.434091568,2.036434678306586
0,bv_split,0,double,lookup,0,65536,42.991065979,43.640089035,52.808570862,7.961519241,8.163010597500001,17.312498093,5.346077714068532
0,bv_split,0,double,lookup,1,65536,42.690849304,43.630599976,52.018451691,7.966253281,8.23598814,8.487085342,5.2975549787520695
0,bv_split,0,double,lookup,2,65536,42.87519455,43.323659897,44.132041931,7.797981262,8.0391483305,14.873461723,5.389085773256961
0,bv_split,0,double,lookupApply,0,65536,55.622386932,57.1934700015,66.328907013,12.421803474,13.122519492999999,13.637815475,4.358421416863504
0,bv_split,0,double,lookupApply,1,65536,56.77614212,57.371950149499995,62.243366241,12.128083229,13.014225006,13.72815609,4.408403122202787
0,bv_split,0,double,lookupApply,2,65536,55.129051208,57.088947296,66.251468658,12.161575317,13.378098011,14.030140877,4.267344076045729
0,bv_split,0,double,prepared,0,65536,25.496768951,26.034736633,26.542854309,1.421473503,1.4374198914999998,1.984855652,18.11213048250766
0,bv_split,0,double,prepared,1,65536,25.460910797,26.010656357000002,33.579826355,1.421149254,1.4465184215,2.046465874,17.98155901120683
0,bv_split,0,double,prepared,2,65536,25.062561035,25.9311199185,30.267333984,1.422106743,1.4658141135,1.850090027,17.690592333418678
0,bv_split,0,double,vienot,0,65536,5.504703522,5.517196655499999,6.313037872,1.413392067,1.4294567104999998,1.771374702,3.8596458465469565
0,bv_split,0,double,vienot,1,65536,5.505084991,5.5376529695,6.63766861,1.414149284,1.431628227,1.83960247,3.868080319360733
0,bv_split,0,float,brettel,0,65536,10.60628891,10.675382614,11.361312866,2.231427193,2.3901114459999997,2.731659889,4.466479013715413
0,bv_split,0,float,brettel,1,65536,10.384178162,10.451078415000001,11.007499695,2.326462746,2.3360147475,2.891402245,4.473892310048441
0,bv_split,0,float,brettel,2,65536,10.124874115,10.459661484000002,11.557483673,2.327122688,2.3507437705,6.104112625,4.449511518550253
0,bv_split,0,float,lookup,0,65536,28.287410736,28.8410186765,29.514694214,5.865075111,6.000436306,6.464962006,4.806486929568951
0,bv_split,0,float,lookup,1,65536,28.97901535,29.085063934,29.566574097,5.90441227,5.984568596,6.999594688,4.860010118931553
0,bv_split,0,float,lookup,2,65536,28.658103943,29.001235962000003,29.351043701,5.921069145,6.036661148,6.362950325,4.804184838436455
0,bv_split,0,float,lookupApply,0,65536,38.407230377,39.062690735000004,47.44310379,12.954179764,13.5242562295,14.219424248,2.888342994403928
0,bv_split,0,float,lookupApply,1,65536,37.653923035,39.252710342499995,48.059940338,12.410554886,13.337237358,13.922786713,2.9430915330419056
0,bv_split,0,float,lookupApply,2,65536,38.230991364,39.0285968785,48.289871216,13.28983593,13.6565060615,14.286035538,2.8578757042790186
0,bv_split,0,float,prepared,0,65536,19.175052643,19.914150237999998,21.478271484,0.848573685,0.890177727,1.02457428,22.370982371254048
0,bv_split,0,float,prepared,1,65536,19.173240662,19.869709014999998,20.448207855,0.851823807,0.857717514,1.012130737,23.16579607001006
0,bv_split,0,float,prepared,2,65536,19.204616547,19.824266434000002,20.524406433,0.84975338,0.859380722,0.866035461,23.068083710167286
0,bv_split,0,float,vienot,0,65536,4.787445068,4.8045158385,5.420970917,0.845967293,0.8842568395,0.948778152,5.433394036529814
0,bv_split,0,float,vienot,1,65536,4.674625397,4.781389236,5.825901031,0.830968857,0.8592710495,0.864330292,5.564471465415058
0,bv_compiler,0,double,brettel,0,65536,9.717559814,9.9735736845,10.81199646,4.775258064,4.7972455025,5.473528862,2.079020904663405
0,bv_compiler,0,double,brettel,1,65536,9.975719452,10.114192963,10.695552826,4.794276237,4.802845478,5.603484154,2.105875154495237
0,bv_compiler,0,double,brettel,2,65536,9.946060181,10.229682922,12.006282806,4.718492508,4.8011488915000005,5.625824928,2.1306739601662277
0,bv_compiler,0,double,lookup,0,65536,42.767620087,43.9865112305,50.573158264,7.430620193,8.182016849499998,8.625946999,5.375998612516669
0,bv_compiler,0,double,lookup,1,65536,42.71402359,43.9702510835,44.602489471,7.980957031,8.100651741,13.265808105,5.427989313619352
0,bv_compiler,0,double,lookup,2,65536,42.859745026,43.8198566435,53.662204742,7.78925705,8.003855705500001,9.147519112,5.474843407457778
0,bv_compiler,0,double,lookupApply,0,65536,55.49030304,56.4264297485,65.643596649,12.130525589,13.000914096999999,22.133509636,4.340189414952028
0,bv_compiler,0,double,lookupApply,1,65536,56.126213074,56.8254470825,65.925216675,12.354646683,12.971240044,13.589402199,4.380880076981174
0,bv_compiler,0,double,lookupApply,2,65536,54.991722107,56.3544273375,56.890773773,12.797299385,12.9886021615,13.680838585,4.338759986393475
0,bv_compiler,0,double,prepared,0,65536,25.42591095,25.812005997,35.323905945,1.396184921,1.4316692355,1.577104568,18.029308276632307
0,bv_compiler,0,double,prepared,1,65536,24.960708618,25.939798355,26.397800446,1.426744461,1.434785843,2.000947952,18.07921264455911
0,bv_compiler,0,double,prepared,2,65536,25.481796265,25.893831253000002,36.430358887,1.424360275,1.4339294434999998,1.893503189,18.057953527892675
0,bv_compiler,0,double,vienot,0,65536,5.374336243,5.50532341,6.087589264,1.391115189,1.4287090304999999,1.531038284,3.8533552266225426
0,bv_compiler,0,double,vienot,1,65536,5.503082275,5.523252487500001,6.275749207,1.419595718,1.4273862839999998,1.935825348,3.8694868722025646
0,bv_compiler,0,float,brettel,0,65536,10.147666931,10.528612137,11.263084412,2.280068398,2.325197697,2.87237072,4.528050303242666
0,bv_compiler,0,float,brettel,1,65536,10.130882263,10.469293594,11.171531677,2.303044319,2.3264775275,2.783971786,4.500062205737339
0,bv_compiler,0,float,brettel,2,65536,10.417461395,10.734605789,11.189937592,2.302456856,2.3254761695,2.959838867,4.616089353995851
0,bv_compiler,0,float,lookup,0,65536,29.354190826,29.751443863,39.486789703,5.787998199,5.986420154499999,11.545348167,4.969822213470232
0,bv_compiler,0,float,lookup,1,65536,29.069042206,29.958868027,39.545536041,5.939641953,5.9553461075000005,6.706170082,5.030583863005144
0,bv_compiler,0,float,lookup,2,65536,28.571224213,29.6133041385,37.503528595,5.813248634,5.9639983175,6.675912857,4.965344146997238
0,bv_compiler,0,float,lookupApply,0,65536,39.216327667,39.976978302000006,41.072273254,12.787819862,13.314236641,13.842348099,3.0025738147761682
0,bv_compiler,0,float,lookupApply,1,65536,39.275169373,40.009403229,40.942001343,13.249090195,13.48347044,14.122591019,2.9672926867780487
0,bv_compiler,0,float,lookupApply,2,65536,38.514995575,39.911699295,41.460323334,12.129414558,13.3435115815,14.261574745,2.9910941397416884
0,bv_compiler,0,float,prepared,0,65536,19.659900665,20.229291916,20.56350708,0.850358009,0.8535170555,0.897604942,23.70109863141452
0,bv_compiler,0,float,prepared,1,65536,19.184303284,19.8105335235,20.26052475,0.843717575,0.8489999770000001,0.882023811,23.333962379483076
0,bv_compiler,0,float,prepared,2,65536,19.630527496,20.116710663,21.744728088,0.833888054,0.8517918585,0.907448769,23.61693230835218
0,bv_compiler,0,float,vienot,0,65536,4.676628113,4.7891139984999995,5.892848969,0.843899727,0.8522253035,0.871451378,5.619539784645692
0,bv_compiler,0,float,vienot,1,65536,4.675579071,4.791593552,5.644416809,0.824561119,0.85371542,0.877059937,5.612635592314826
0,default,1,double,brettel,0,65536,26.38130188,27.411842346,27.873420715,4.788441658,4.802573204,5.673883438,5.70774065935508
0,default,1,double,brettel,1,65536,27.008342743,27.884197235000002,28.533267975,4.789102554,4.7949461939999996,5.283817291,5.815330580746034
0,default,1,double,brettel,2,65536,27.929878235,28.851270676,37.791347504,4.780374527,4.800532817500001,5.628098488,6.010014257339257
0,default,1,double,lookup,0,65536,43.357563019,43.947267532,52.379894257,7.838973045,7.987050056499999,8.559535027,5.502315275492101
0,default,1,double,lookup,1,65536,42.157840729,43.469619750999996,52.613162994,7.948933601,8.037219047499999,8.604602814,5.408539881032775
0,default,1,double,lookup,2,65536,42.833995819,43.5361385345,45.59211731,7.963842392,8.2619423865,17.202828407,5.269479802429751
0,default,1,double,lookupApply,0,65536,56.211853027,57.560682297,58.024215698,12.126119614,13.2918615345,13.594290733,4.330520758706148
0,default,1,double,lookupApply,1,65536,56.073474884,57.0128917695,65.303993225,12.478835106,13.0406007765,13.286973953,4.371952852988253
0,default,1,double,lookupApply,2,65536,56.763362885,57.364988327000006,66.483688354,12.125414848,13.1473064425,13.522872925,4.363250265587624
0,default,1,double,prepared,0,65536,25.309181213,25.8688926695,32.176017761,1.427012444,1.4330501560000002,1.701807976,18.05163103411992
0,default,1,double,prepared,1,65536,25.371837616,25.891447067500003,35.158252716,1.422974586,1.430303097,1.834640503,18.102070198831434
0,default,1,double,prepared,2,65536,25.381374359,25.7720470425,26.128292084,1.426555634,1.429986,1.840932846,18.02258696413811
0,default,1,double,vienot,0,65536,23.681640625,24.177646637000002,28.990268707,1.418524742,1.42298317,1.625840187,16.990817001019064
0,default,1,double,vienot,1,65536,23.616886139,24.5349884035,24.799823761,1.407419205,1.423322201,1.805760384,17.23783159305895
0,default,1,float,brettel,0,65536,32.47127533,171.82278633099997,181.784820557,2.317722321,2.361114025,2.813313484,72.77191381343812
0,default,1,float,brettel,1,65536,32.383728027,172.068500519,181.997394562,2.263960838,2.322449684,2.606983185,74.08922643380721
0,default,1,float,brettel,2,65536,32.231235504,171.43039703350001,182.280826569,2.263593674,2.2724237445,7.311302185,75.43944981582638
0,default,1,float,lookup,0,65536,29.651355743,29.8577308655,30.301475525,5.666619301,5.935442448,6.946528435,5.030413676331884
0,default,1,float,lookup,1,65536,29.279136658,29.812097549500002,39.185905457,5.791934013,5.9924683575,6.676908493,4.974927821218788
0,default,1,float,lookup,2,65536,29.199123383,30.0172805785,30.743026733,5.941329002,6.108991146,6.563611031,4.913623192620682
0,default,1,float,lookupApply,0,65536,39.564037323,40.1525497435,49.18050766,12.685787201,13.6258111,14.769073486,2.9468007041063413
0,default,1,float,lookupApply,1,65536,38.798427582,40.441083908500005,41.14151001,12.409074783,13.528060436,13.938458443,2.9894221791677396
0,default,1,float,lookupApply,2,65536,39.763736725,40.216064453,48.87046814,12.98989296,13.609527111,21.770026207,2.954993522184549
0,default,1,float,prepared,0,65536,19.624900818,19.9457645415,21.123409271,0.843229294,0.8495020865,0.928528786,23.47935909572366
0,default,1,float,prepared,1,65536,19.439697266,20.120906830000003,20.465564728,0.823779106,0.839404106,0.974271774,23.97046510277614
0,default,1,float,prepared,2,65536,19.623470306,19.974422455,20.308017731,0.807575226,0.837526321,1.166078568,23.849307125238393
0,default,1,float,vienot,0,65536,20.583534241,20.938682556499998,21.220874786,0.844396591,0.868687153,0.923315048,24.103824356315762
0,default,1,float,vienot,1,65536,20.617771149,21.2914943695,22.364616394,0.824881554,0.846456051,0.957323074,25.15369149331062
0,bv_split,1,double,brettel,0,65536,9.952735901,10.0790023805,11.227703094,4.787592888,4.8265399935,5.600992203,2.088245905777969
0,bv_split,1,double,brettel,1,65536,9.968757629,10.006427765000002,10.582923889,4.787974358,4.8122529985,5.4471035,2.0793644407555147
0,bv_split,1,double,brettel,2,65536,9.951782227,10.134410857999999,10.804367065,4.676086426,4.809513569,5.079601288,2.1071592194524484
0,bv_split,1,double,lookup,0,65536,42.442989349,43.522787093999995,52.799129486,7.145849228,7.957693577,8.704013824,5.469271551218464
0,bv_split,1,double,lookup,1,65536,42.928791046,43.5307502745,44.773769379,7.805407524,8.1875200275,17.364721298,5.31671985268924
0,bv_split,1,double,lookup,2,65536,43.072223663,43.401575088499996,44.111442566,7.766647339,7.993007183,8.892119408,5.429943210961831
0,bv_split,1,double,lookupApply,0,65536,56.189632416,56.992959976,57.455348969,12.657250404,13.070166588,13.629234314,4.360538145575472
0,bv_split,1,double,lookupApply,1,65536,56.109046936,57.0301532745,67.194843292,12.502093315,12.996889591,22.700005531,4.387984746288209
0,bv_split,1,double,lookupApply,2,65536,56.257820129,57.227897643999995,65.39440155,12.255789757,13.052522659000001,13.480957031,4.384431970668912
0,bv_split,1,double,prepared,0,65536,25.050449371,26.034641266,36.381244659,1.419646263,1.4363203045,1.628550529,18.125929978454888
0,bv_split,1,double,prepared,1,65536,25.406455994,25.815486908,28.56054306,1.384533882,1.4172797204999998,1.72857666,18.21481429148834
0,bv_split,1,double,prepared,2,65536,25.380706787,25.840139389,26.475429535,1.41967392,1.4471960065,1.582672119,17.855314188914605
0,bv_split,1,double,vienot,0,65536,5.502700806,5.642461776499999,6.182384491,1.412002563,1.4277286525,1.462435722,3.952054731562516
0,bv_split,1,double,vienot,1,65536,5.376052856,5.5106163025,5.776023865,1.378349304,1.464645386,2.104376793,3.762423556701117
0,bv_split,1,float,brettel,0,65536,10.381603241,10.5155467985,10.89258194,2.285306931,2.3247776035,2.882445335,4.5232484959716714
0,bv_split,1,float,brettel,1,65536,10.373401642,10.4903697965,10.867023468,2.317698479,2.3205714225,2.750475883,4.5205976833061685
0,bv_split,1,float,brettel,2,65536,10.374641418,10.5189800265,10.79454422,2.316048622,2.3656096460000002,2.64349556,4.446625437246801
0,bv_split,1,float,lookup,0,65536,28.018569946,29.051399230999998,29.383468628,5.930732727,5.9504613875,12.613336563,4.882209519421068
0,bv_split,1,float,lookup,1,65536,28.75995636,29.0706634525,30.694103241,5.776542664,6.1000151635,6.738670349,4.765670686598778
0,bv_split,1,float,lookup,2,65536,28.744125366,29.2068004605,30.904960632,5.791286469,5.959326744,6.61055088,4.901023507379611
0,bv_split,1,float,lookupApply,0,65536,38.964366913,39.175653457500005,40.157604218,12.413952827,13.411456108,20.02023983,2.9210589172440073
0,bv_split,1,float,lookupApply,1,65536,38.348293304,39.3831729885,42.478752136,13.032233238,13.3185076715,14.043180466,2.9570259641607772
0,bv_split,1,float,lookupApply,2,65536,38.289642334,39.149284363,39.702224731,12.411370277,13.6707611085,14.146406174,2.863723830171997
0,bv_split,1,float,prepared,0,65536,19.626808167,20.054864883,29.182815552,0.842763901,0.8458814625,1.058320045,23.708836015542783
0,bv_split,1,float,prepared,1,65536,19.432830811,20.165061951,30.883216858,0.845110893,0.8481884005,1.206355095,23.774272247902545
0,bv_split,1,float,prepared,2,65536,19.636535645,19.9414730075,26.175689697,0.842740059,0.8504896165,1.064648628,23.447050523161796
0,bv_split,1,float,vienot,0,65536,4.787731171,4.8014640805,5.490779877,0.843829155,0.847058773,0.861252785,5.6683954331702555
0,bv_split,1,float,vienot,1,65536,4.676628113,4.7934532165,5.858230591,0.84444809,0.848083019,0.999117851,5.652103755304643
0,bv_compiler,1,double,brettel,0,65536,9.749698639,10.032844543500001,10.490322113,4.620174408,4.8791747095,5.299870491,2.0562585151881416
0,bv_compiler,1,double,brettel,1,65536,9.984207153,10.007381439,10.754966736,4.801962852,4.815237999,5.369245529,2.07827348120244
0,bv_compiler,1,double,brettel,2,65536,9.941864014,9.996700287,10.734081268,4.792671204,4.8667206765,5.374785423,2.05409370117977
0,bv_compiler,1,double,lookup,0,65536,43.586826324,44.240999222,45.645713806,7.793632507,7.9906134605000005,9.114556313,5.536621116851232
0,bv_compiler,1,double,lookup,1,65536,43.586921692,44.3137168885,51.375102997,7.983413696,8.21116209,9.22175312,5.39676557383609
0,bv_compiler,1,double,lookup,2,65536,43.587970734,44.274282455000005,45.461845398,7.963229179,8.130204201,14.49395752,5.445654421515557
0,bv_compiler,1,double,lookupApply,0,65536,56.096839905,56.795787811,66.311073303,11.841590881,12.9610991475,13.691043854,4.382019392387338
0,bv_compiler,1,double,lookupApply,1,65536,55.037021637,56.3817977905,57.230567932,12.125074387,13.0428328515,13.650588036,4.32281839631302
0,bv_compiler,1,double,lookupApply,2,65536,55.912780762,56.591129303,65.431118011,12.662307739,13.1542768475,13.581134796,4.302108733081384
0,bv_compiler,1,double,prepared,0,65536,24.950504303,25.862741470499998,26.600837708,1.433601379,1.449227333,1.806774139,17.845883031313207
0,bv_compiler,1,double,prepared,1,65536,24.969768524,25.7771492005,34.740638733,1.435438156,1.4481215475,1.770560265,17.800404423924917
0,bv_compiler,1,double,prepared,2,65536,24.305438995,25.960683822500002,27.357196808,1.437337875,1.449481964,1.777117729,17.910318629187167
0,bv_compiler,1,double,vienot,0,65536,5.504417419,5.5146217345,6.295871735,1.425406456,1.440609932,1.676967621,3.8279770338970565
0,bv_compiler,1,double,vienot,1,65536,5.375099182,5.5287361145,12.971973419,1.425065041,1.4410576824999999,1.757994652,3.8365821032982836
0,bv_compiler,1,float,brettel,0,65536,10.14509201,10.443687439,16.68548584,2.271240234,2.3028082850000002,2.490253448,4.5351962241181525
0,bv_compiler,1,float,brettel,1,65536,10.361480713,10.4216098785,11.546993256,2.264369965,2.319783211,2.87970829,4.492493017917613
0,bv_compiler,1,float,brettel,2,65536,10.126781464,10.5229854585,11.824226379,2.302620888,2.322375298,2.523267746,4.531130462661337
0,bv_compiler,1,float,lookup,0,65536,28.632259369,29.633951187,30.073261261,5.908974648,5.9662237165,6.260392189,4.966952731766541
0,bv_compiler,1,float,lookup,1,65536,28.911304474,29.554319382,30.027484894,5.945922852,5.955725193,13.733787537,4.962337653983156
0,bv_compiler,1,float,lookup,2,65536,28.6901474,29.510593414,30.674362183,5.671383858,6.0327067375,6.483912468,4.891766614570994
0,bv_compiler,1,float,lookupApply,0,65536,39.273071289,39.9854660035,49.529361725,12.895395279,13.398735045999999,13.761566162,2.9842717141747714
0,bv_compiler,1,float,lookupApply,1,65536,38.772106171,39.964437485000005,48.676967621,12.705200195,13.3633799555,13.951519966,2.990593518861352
0,bv_compiler,1,float,lookupApply,2,65536,38.690090179,40.0290489195,49.284744263,13.301576614,13.5327744485,19.705459595,2.9579336500311584
0,bv_compiler,1,float,prepared,0,65536,19.303035736,19.750785827999998,20.819854736,0.842107773,0.847018719,0.912759781,23.318003941303683
0,bv_compiler,1,float,prepared,1,65536,19.176101685,20.068073273,20.428848267,0.823377609,0.8267192839999999,0.924356461,24.2743500259273
0,bv_compiler,1,float,prepared,2,65536,19.17181015,19.846868515,20.244216919,0.842089653,0.8474946025000001,0.946125984,23.418283085761598
0,bv_compiler,1,float,vienot,0,65536,4.787254333,4.7933578489999995,5.314922333,0.843390465,0.846447468,1.049485207,5.66291238406776
0,bv_compiler,1,float,vienot,1,65536,4.675674438,4.789638519,5.282115936,0.824755669,0.8370733265,0.964102745,5.7218864433616625
0,default,2,double,brettel,0,65536,26.511192322,27.414417266999997,28.295516968,4.708249092,4.801327705,5.319635391,5.709757581939514
0,default,2,double,brettel,1,65536,27.143192291,27.630233765,28.244590759,4.710133553,4.8039798735,5.235484123,5.751529875763123
0,default,2,double,brettel,2,65536,28.651428223,29.2830944065,38.706111908,4.598609924,4.7828049660000005,5.363721848,6.12257756999661
0,default,2,double,lookup,0,65536,43.071556091,43.5839176175,52.334976196,7.299898148,8.024743080499999,8.73771286,5.431191650659601
0,default,2,double,lookup,1,65536,43.093395233,43.682003021499995,44.387340546,7.948954582,7.9767742155,8.522415161,5.476148859349647
0,default,2,double,lookup,2,65536,43.293571472,43.788766861,51.256847382,7.772016525,7.9702692035,8.583060265,5.49401353241255
0,default,2,double,lookupApply,0,65536,56.546401978,57.2660446165,57.70072937,12.127397537,12.960243225500001,13.676659584,4.4185933566297475
0,default,2,double,lookupApply,1,65536,56.329154968,57.36989975,65.843009949,12.795170784,13.099638939,13.520946503,4.379502367748428
0,default,2,double,lookupApply,2,65536,56.383705139,57.15045929,59.809494019,11.891523361,12.9514050485,13.651723862,4.412684112340307
0,default,2,double,prepared,0,65536,25.237941742,25.9056568145,35.21938324,1.389551163,1.4332818985,1.475301743,18.074362650928293
0,default,2,double,prepared,1,65536,24.924659729,25.659608841,26.532745361,1.417742729,1.4352178575,1.682379723,17.878546247812416
0,default,2,double,prepared,2,65536,25.372695923,25.8366584775,26.313781738,1.353625298,1.4385023115000002,1.941010475,17.96080428300375
0,default,2,double,vienot,0,65536,23.22511673,23.948144913,24.746990204,1.416337967,1.4291353225,1.906388283,16.757086985371885
0,default,2,double,vienot,1,65536,23.417472839,24.114036560000002,25.085639954,1.417085648,1.4325113295,1.867227554,16.833400241530168
0,default,2,float,brettel,0,65536,32.360744476,171.66762352,181.91614151,2.282349586,2.3565158840000002,3.101561546,72.84806552146287
0,default,2,float,brettel,1,65536,32.440471649,171.8228816985,182.839870453,2.302396774,2.3254361155,2.748384476,73.88845496688941
0,default,2,float,brettel,2,65536,32.403945923,171.5879917145,180.805206299,2.318018913,2.3259739875,2.692650795,73.77038291770664
0,default,2,float,lookup,0,65536,28.941917419,29.704761505,30.95998764,5.931292534,5.95292902,6.370087624,4.989940482273716
0,default,2,float,lookup,1,65536,29.354667664,30.157899856500002,38.968753815,5.776502609,5.9534187315,6.713260651,5.065643996605213
0,default,2,float,lookup,2,65536,29.504489899,29.878282546999998,36.211681366,5.949381828,5.9541811945,6.376392365,5.018033810358204
0,default,2,float,lookupApply,0,65536,38.955593109,40.0439739225,49.455070496,13.287804604,13.607472419499999,14.234493256,2.942792951401874
0,default,2,float,lookupApply,1,65536,39.212036133,40.1666641235,40.817928314,13.272670746,13.5199394225,14.178510666,2.970920421185785
0,default,2,float,lookupApply,2,65536,39.70823288,40.1401519775,49.751758575,12.902777672,13.5124149325,19.283621788,2.9706127422830306
0,default,2,float,prepared,0,65536,19.623279572,19.906997680499998,20.093154907,0.849175453,0.856894016,1.160378456,23.23157509422962
0,default,2,float,prepared,1,65536,19.196128845,19.863271713499998,20.504760742,0.843019485,0.8541088105000001,1.088844299,23.256137238382927
0,default,2,float,prepared,2,65536,19.27652359,19.9090480805,21.048545837,0.833496094,0.8470106125,0.854907036,23.505075127379232
0,default,2,float,vienot,0,65536,20.160961151,20.8652973175,21.273326874,0.851186752,0.854159355,0.975031853,24.427874254798745
0,default,2,float,vienot,1,65536,21.077251434,21.414470672500002,21.81558609,0.824786186,0.840420246,0.855252266,25.480669670230675
0,bv_split,2,double,brettel,0,65536,9.955310822,10.030031204,14.978694916,4.784891129,4.7979125975,5.361607552,2.090498940982428
0,bv_split,2,double,brettel,1,65536,9.9650383,9.9992752075,10.647106171,4.794770241,4.8109369275,10.629901886,2.078446539247422
0,bv_split,2,double,brettel,2,65536,9.95016098,9.9918842315,10.769557953,4.730454445,4.798851967,5.364240646,2.082140541156643
0,bv_split,2,double,lookup,0,65536,43.004989624,43.5017585755,53.095436096,7.764792442,7.971184253500001,8.74407196,5.457377121398138
0,bv_split,2,double,lookup,1,65536,42.884254456,43.152999877499994,43.906116486,7.339056969,8.0368237495,8.993076324,5.369409759693275
0,bv_split,2,double,lookup,2,65536,42.036724091,43.222761154500006,43.627929688,7.693390846,8.2065792085,8.602449417,5.26684262179933
0,bv_split,2,double,lookupApply,0,65536,55.745792389,56.856870651,57.493591309,12.124341011,12.7989201545,13.47294426,4.442317786552452
0,bv_split,2,double,lookupApply,1,65536,55.52406311,56.565046310499994,66.609573364,12.196680069,12.962504864,13.629465103,4.363743497415747
0,bv_split,2,double,lookupApply,2,65536,55.795478821,56.829738617000004,59.56401825,12.23355484,13.298462391000001,15.211148262,4.273406725236194
0,bv_split,2,double,prepared,0,65536,25.386047363,25.637435912999997,26.088428497,1.396082878,1.4043917655,1.522764206,18.255188148210483
0,bv_split,2,double,prepared,1,65536,24.870491028,25.544643402,26.486682892,1.428582191,1.4376850125,1.769492149,17.767899908464823
0,bv_split,2,double,prepared,2,65536,25.368785858,25.927114487,34.904670715,1.434057236,1.465751171,1.787349701,17.688619323640985
0,bv_split,2,double,vienot,0,65536,5.504608154,5.5159568785,5.976200104,1.420994759,1.4279227255,1.45240593,3.8629239383864684
0,bv_split,2,double,vienot,1,65536,5.375957489,5.5099010465,6.703853607,1.422615051,1.4266524315,3.029582024,3.862118708694045
0,bv_split,2,float,brettel,0,65536,10.137939453,10.447311401499999,16.833972931,2.322545052,2.3398265835,6.472184181,4.464993891073979
0,bv_split,2,float,brettel,1,65536,10.369873047,10.3887557985,19.861316681,2.255457878,2.2957701685,3.263213158,4.52517239793553
0,bv_split,2,float,brettel,2,65536,10.133075714,10.467338562,18.574142456,2.258951187,2.2732629775,3.060080528,4.604543629840556
0,bv_split,2,float,lookup,0,65536,28.525161743,28.788852692,29.274082184,5.653647423,5.9254899025,7.136013985,4.858476373380336
0,bv_split,2,float,lookup,1,65536,28.731822968,29.0922164915,29.735660553,5.672020912,5.950959682500001,6.327372551,4.88865965216527
0,bv_split,2,float,lookup,2,65536,28.198337555,28.804540634,29.719257355,5.930403709,5.98270607,6.254811287,4.814634096506767
0,bv_split,2,float,lookupApply,0,65536,38.383769989,38.9449596405,40.173339844,12.646942139,13.357418537000001,14.056855202,2.9156052520644318
0,bv_split,2,float,lookupApply,1,65536,38.216781616,38.992214202499994,39.947605133,12.642292976,13.3330116275,14.20140934,2.924486627018056
0,bv_split,2,float,lookupApply,2,65536,38.477230072,39.0464782715,39.848327637,12.676440239,13.449174881000001,15.089300156,2.9032619931697057
0,bv_split,2,float,prepared,0,65536,19.180965424,19.733572006,20.313262939,0.823470116,0.838508129,0.854658127,23.534145136474876
0,bv_split,2,float,prepared,1,65536,19.498348236,19.8538780215,20.246315002,0.829730034,0.843020439,1.038422585,23.55088572354294
0,bv_split,2,float,prepared,2,65536,19.170188904,19.962882995500003,20.400810242,0.830065727,0.8330221175,1.142804146,23.964409318939847
0,bv_split,2,float,vienot,0,65536,4.675865173,4.915094376,12.191009521,0.831173897,0.8540768625,2.312152863,5.754861876966021
0,bv_split,2,float,vienot,1,65536,4.786586761,4.827451706,12.089824677,0.812159538,0.838728905,0.855340004,5.755675853331894
0,bv_compiler,2,double,brettel,0,65536,9.952354431,10.1648807525,10.710144043,4.72790432,4.809516907,5.368513107,2.1134930906897424
0,bv_compiler,2,double,brettel,1,65536,9.965133667,10.013628006000001,10.645771027,4.789850235,4.805862426999999,5.572623253,2.083627685582936
0,bv_compiler,2,double,brettel,2,65536,9.944248199,9.995222092,10.604000092,4.689954758,4.775732517,5.547735214,2.092919160865977
0,bv_compiler,2,double,lookup,0,65536,42.319965363,43.9037799835,44.726276398,7.293692589,7.961770058,8.770106316,5.5143240339358215
0,bv_compiler,2,double,lookup,1,65536,43.594074249,44.1074848175,52.823829651,7.764560699,7.9676465985,8.988968849,5.535823441993993
0,bv_compiler,2,double,lookup,2,65536,42.958545685,44.063282013,44.803237915,7.958436966,7.9922275545,8.708974838,5.513266697241408
0,bv_compiler,2,double,lookupApply,0,65536,55.582332611,56.594657898,65.888690948,12.145711899,12.960207462,13.82972908,4.3668018481909705
0,bv_compiler,2,double,lookupApply,1,65536,55.715942383,56.916618346999996,57.414340973,12.420285225,12.9670186045,13.59804821,4.389337293558596
0,bv_compiler,2,double,lookupApply,2,65536,54.680919647,56.3328266145,66.790008545,12.180089951,13.013288498,13.873957634,4.328869418606814
0,bv_compiler,2,double,prepared,0,65536,24.886894226,25.874519348,26.437664032,1.420184135,1.4341683385,1.543992996,18.04147996675357
0,bv_compiler,2,double,prepared,1,65536,25.203227997,25.988674164000003,34.9193573,1.42454052,1.4353909495,1.610256195,18.1056416532742
0,bv_compiler,2,double,prepared,2,65536,24.812412262,25.839090347,26.132678986,1.400212288,1.4222650525,1.595816612,18.167563283356426
0,bv_compiler,2,double,vienot,0,65536,5.502223969,5.5177688595,6.241607666,1.414536476,1.426320553,1.736198425,3.8685335129570975
0,bv_compiler,2,double,vienot,1,65536,5.378723145,5.505371094,6.3580513,1.417425156,1.4258513449999999,1.432442665,3.861111548062537
0,bv_compiler,2,float,brettel,0,65536,10.377693176,10.5461120605,11.15732193,2.280008316,2.321098328,2.785041809,4.543586944714735
0,bv_compiler,2,float,brettel,1,65536,10.130882263,10.44883728,10.847091675,2.317649841,2.3275780675,2.700053215,4.489145788876961
0,bv_compiler,2,float,brettel,2,65536,10.367488861,10.4077339175,11.672306061,2.317807198,2.3259773255000002,2.595217705,4.474563790196329
0,bv_compiler,2,float,lookup,0,65536,28.675937653,29.76770401,32.717418671,5.790369987,5.9671602245,6.489269257,4.988588020107051
0,bv_compiler,2,float,lookup,1,65536,29.260921478,29.876995086500003,30.196094513,5.801838875,5.965391159,6.887162209,5.008388266614253
0,bv_compiler,2,float,lookup,2,65536,29.344177246,29.676485061500003,29.868507385,5.824817657,6.008348942,6.56391716,4.939207983420082
0,bv_compiler,2,float,lookupApply,0,65536,39.354896545,40.099668503000004,48.983860016,12.645429611,13.361849785,14.869721413,3.001056676150921
0,bv_compiler,2,float,lookupApply,1,65536,39.40410614,39.9215221405,49.107170105,12.985786438,13.5156946185,14.761514664,2.953715903425064
0,bv_compiler,2,float,lookupApply,2,65536,39.482879639,40.0601387025,49.655437469,12.797822952,13.5307946205,22.946044922,2.960664160980345
0,bv_compiler,2,float,prepared,0,65536,19.624710083,19.9979782105,20.657253265,0.846207619,0.8509335515,0.927472115,23.50122189358754
0,bv_compiler,2,float,prepared,1,65536,19.27690506,19.6895599365,20.671749115,0.846004486,0.848321438,0.942712784,23.210022822151053
0,bv_compiler,2,float,prepared,2,65536,19.630813599,19.9602603915,20.388507843,0.845982552,0.852921009,1.377516747,23.402237933970273
0,bv_compiler,2,float,vienot,0,65536,4.675960541,4.790878296000001,5.660438538,0.847094536,0.8533926009999999,1.026407242,5.613920592217557
0,bv_compiler,2,float,vienot,1,65536,4.673862457,4.787397385,4.965019226,0.848930359,0.8551793095,1.584634781,5.598121156367851
1,default,0,double,brettel,0,1024,8.917236328,9.191894531,9.436035156,4.591125488,4.7586669925,4.911865234,1.9316112149656794
1,default,0,double,brettel,1,1024,6.665039062,6.7565917965,7.446289062,4.690856934,4.7583618165,7.328979492,1.419940739493785
1,default,0,double,brettel,2,1024,5.834960938,5.902099609,6.311035156,4.491699219,4.710266113,4.762878418,1.2530289090696223
1,default,0,double,lookup,0,1024,10.113525391,10.125732422,10.986328125,7.278015137,7.94241333,15.665588379,1.2748936628308163
1,default,0,double,lookup,1,1024,9.875488281,10.125732422,19.183349609,7.272705078,7.7072143555,10.926147461,1.3137992476846196
1,default,0,double,lookup,2,1024,9.875488281,10.113525391,10.400390625,7.289367676,7.3113098144999995,10.268798828,1.3832713491285193
1,default,0,double,lookupApply,0,1024,13.256835938,13.265991211,13.610839844,12.073303223,12.928863525499999,14.293945312,1.0260755854399015
1,default,0,double,lookupApply,1,1024,12.799072266,13.262939453,13.824462891,12.059631348,12.920715332,15.820068359,1.0264864686053745
1,default,0,double,lookupApply,2,1024,12.817382812,13.1591796875,13.513183594,12.055969238,12.593231201,14.871337891,1.0449406889675035
1,default,0,double,prepared,0,1024,1.812744141,1.818847656,1.983642578,1.290710449,1.328308105,1.35760498,1.3692965127243577
1,default,0,double,prepared,1,1024,1.818847656,1.818847656,1.824951172,1.187561035,1.2719116215,1.362609863,1.430011036344635
1,default,0,double,prepared,2,1024,1.812744141,1.8310546875,2.899169922,1.185668945,1.2708740235,3.953430176,1.4407837863089346
1,default,0,double,vienot,0,1024,0.982666016,0.982666016,0.988769531,1.33013916,1.336090088,1.346313477,0.7354788609134567
1,default,0,double,vienot,1,1024,0.982666016,0.988769531,1.190185547,1.329711914,1.3353881835,1.349304199,0.7404360344184518
1,default,0,float,brettel,0,1024,7.336425781,7.571411133,12.976074219,2.29510498,2.306060791,2.310852051,3.2832660624339973
1,default,0,float,brettel,1,1024,4.852294922,4.867553711,14.831542969,2.293884277,2.3036804195,5.526611328,2.1129466004909108
1,default,0,float,brettel,2,1024,4.498291016,4.531860351500001,4.852294922,2.295349121,2.7142944335,7.362976074,1.669627397664558
1,default,0,float,lookup,0,1024,7.983398438,8.0169677735,8.312988281,5.810546875,5.9650573730000005,8.40045166,1.3439883763377842
1,default,0,float,lookup,1,1024,7.977294922,8.020019531,8.239746094,5.810546875,5.889312744,7.289855957,1.3617920935122276
1,default,0,float,lookup,2,1024,7.977294922,8.0078125,8.245849609,5.79876709,5.9648132325,6.172241211,1.3425085057765889
1,default,0,float,lookupApply,0,1024,13.372802734,13.461303711,23.742675781,12.381103516,12.9279785155,14.383911133,1.0412535644966125
1,default,0,float,lookupApply,1,1024,13.37890625,13.464355469,14.312744141,12.383789062,13.262786864999999,20.312744141,1.0151980579988005
1,default,0,float,lookupApply,2,1024,13.372802734,13.464355469,13.641357422,12.378479004,13.247253418,14.448608398,1.0163884576032196
1,default,0,float,prepared,0,1024,2.410888672,2.410888672,2.416992188,0.805236816,0.816192627,1.19354248,2.9538231444965013
1,default,0,float,prepared,1,1024,2.410888672,2.410888672,2.618408203,0.804077148,0.8250427245,1.180847168,2.9221379698379484
1,default,0,float,prepared,2,1024,2.410888672,2.410888672,2.575683594,0.804016113,0.8169860840000001,1.994812012,2.9509543910419898
1,default,0,float,vienot,0,1024,5.053710938,5.065917969,7.916259766,0.803588867,0.8156433105,0.827758789,6.210947731422607
1,default,0,float,vienot,1,1024,5.053710938,5.059814453,5.328369141,0.805053711,0.8174133299999999,0.836303711,6.190031734618276
1,bv_split,0,double,brettel,0,1024,3.985595703,4.00390625,6.787109375,4.680603027,4.6903381345,14.352905273,0.8536498084325908
1,bv_split,0,double,brettel,1,1024,3.985595703,3.997802734,4.205322266,4.691589355,4.7267456055,42.301757812,0.8457833502501577
1,bv_split,0,double,brettel,2,1024,3.985595703,4.010009766,5.633544922,4.691040039,4.759613037,69.923950195,0.8425075179068595
1,bv_split,0,double,lookup,0,1024,10.162353516,10.168457031,10.400390625,7.943664551,7.960418701,45.755981445,1.2773771597871635
1,bv_split,0,double,lookup,1,1024,10.162353516,10.174560547,18.713378906,7.940490723,7.959686279,67.571411133,1.2782615030750009
1,bv_split,0,double,lookup,2,1024,10.168457031,10.186767578,12.915039062,7.284179688,7.983215332,10.688598633,1.2760231503674038
1,bv_split,0,double,lookupApply,0,1024,13.262939453,13.275146484,13.470458984,12.092468262,12.8337402345,13.428955078,1.0343942016461734
1,bv_split,0,double,lookupApply,1,1024,13.262939453,13.28125,14.483642578,12.810791016,12.970184326,69.305297852,1.023983134409003
1,bv_split,0,double,lookupApply,2,1024,13.262939453,13.284301758,19.281005859,12.825561523,12.9765625,15.857116699,1.0237150060349187
1,bv_split,0,double,prepared,0,1024,1.812744141,1.818847656,2.032470703,1.187683105,1.240661621,1.294189453,1.4660304028216569
1,bv_split,0,double,prepared,1,1024,1.812744141,1.818847656,1.824951172,1.188232422,1.332702637,1.51965332,1.3647813139278722
1,bv_split,0,double,prepared,2,1024,1.818847656,1.824951172,26.550292969,1.187927246,1.2746276855,1.362121582,1.4317523405151236
1,bv_split,0,double,vienot,0,1024,0.982666016,0.982666016,0.988769531,1.329406738,1.331451416,1.333007812,0.738041211411352
1,bv_split,0,double,vienot,1,1024,0.982666016,0.988769531,0.994873047,1.330505371,1.332733154,1.3359375,0.7419111080356601
1,bv_split,0,float,brettel,0,1024,2.209472656,2.276611328,2.606201172,2.294128418,2.3023681639999998,2.67376709,0.9888128943047704
1,bv_split,0,float,brettel,1,1024,2.203369141,2.239990234,3.656005859,2.292724609,2.3082580564999997,2.456481934,0.9704245275749134
1,bv_split,0,float,brettel,2,1024,2.203369141,2.2735595699999998,2.459716797,2.293273926,2.30178833,2.311462402,0.9877361616478435
1,bv_split,0,float,lookup,0,1024,7.507324219,7.5866699220000005,8.093261719,5.81451416,5.9603881835,8.691955566,1.2728482924991358
1,bv_split,0,float,lookup,1,1024,7.556152344,8.2916259765,12.145996094,5.81439209,5.9602050779999995,6.498840332,1.3911645434996225
1,bv_split,0,float,lookup,2,1024,7.977294922,8.0169677735,8.685302734,5.816589355,5.938110351500001,6.20111084,1.3500873676884209
1,bv_split,0,float,lookupApply,0,1024,13.177490234,13.372802734,13.665771484,12.377990723,12.8984680175,15.737487793,1.036774500340385
1,bv_split,0,float,lookupApply,1,1024,13.330078125,13.565063476999999,29.724121094,12.38293457,12.915740967000001,13.444519043,1.0502737327776261
1,bv_split,0,float,lookupApply,2,1024,13.360595703,13.540649414,14.404296875,12.382507324,12.8986206055,13.468994141,1.0497749975083568
1,bv_split,0,float,prepared,0,1024,2.410888672,2.416992188,2.416992188,0.803222656,0.816558838,0.829345703,2.9599730913695654
1,bv_split,0,float,prepared,1,1024,2.410888672,2.4139404300000002,2.416992188,0.803222656,0.8164672855,0.830566406,2.9565672414194974
1,bv_split,0,float,prepared,2,1024,2.410888672,2.423095703,5.218505859,0.803833008,0.8170166015,0.829406738,2.9657851487366624
1,bv_split,0,float,vienot,0,1024,0.903320312,0.909423828,0.915527344,0.804504395,0.8153686525,0.826904297,1.1153529452127178
1,bv_split,0,float,vienot,1,1024,0.909423828,0.909423828,0.915527344,0.804016113,0.815704346,1.028076172,1.1148939348669353
1,bv_compiler,0,double,brettel,0,1024,3.936767578,3.9703369139999998,4.016113281,4.491271973,4.6814270019999995,7.266601562,0.8481039888700159
1,bv_compiler,0,double,brettel,1,1024,3.985595703,4.010009766,4.223632812,4.492553711,4.730133057,4.950256348,0.8477583437247481
1,bv_compiler,0,double,brettel,2,1024,3.942871094,4.00390625,6.768798828,4.690551758,4.7294006345,4.938842773,0.8465990850494525
1,bv_compiler,0,double,lookup,0,1024,10.107421875,10.113525391,11.03515625,7.297973633,7.3205566404999995,10.956726074,1.3815240954558392
1,bv_compiler,0,double,lookup,1,1024,9.875488281,10.119628906,13.006591797,7.308044434,7.7302246095000005,11.470153809,1.3090989482457678
1,bv_compiler,0,double,lookup,2,1024,10.119628906,10.125732422,13.067626953,7.311279297,7.938079834,8.475219727,1.2755896430557365
1,bv_compiler,0,double,lookupApply,0,1024,12.805175781,13.2598876955,15.887451172,12.057617188,12.480133057,19.061645508,1.062479673488949
1,bv_compiler,0,double,lookupApply,1,1024,13.256835938,13.262939453,14.910888672,12.066772461,12.107971191499999,15.148132324,1.0953890823849008
1,bv_compiler,0,double,lookupApply,2,1024,12.805175781,13.262939453,16.180419922,12.100646973,12.580718994000001,13.387817383,1.0542274618267335
1,bv_compiler,0,double,prepared,0,1024,1.818847656,1.818847656,2.056884766,1.187194824,1.249053955,1.311279297,1.4561802144087523
1,bv_compiler,0,double,prepared,1,1024,1.818847656,1.818847656,1.977539062,1.186889648,1.2806701660000002,1.381530762,1.4202311448239044
1,bv_compiler,0,double,prepared,2,1024,1.818847656,1.818847656,11.877441406,1.189208984,1.3712158200000002,1.551269531,1.3264488561691183
1,bv_compiler,0,double,vienot,0,1024,0.964355469,0.982666016,1.220703125,1.331176758,1.336425781,1.349243164,0.7352941180652067
1,bv_compiler,0,double,vienot,1,1024,0.982666016,0.982666016,0.988769531,1.331237793,1.3551940915,1.379516602,0.7251109063738123
1,bv_compiler,0,float,brettel,0,1024,2.276611328,2.282714844,4.968261719,2.295349121,2.3058471679999997,2.618896484,0.9899679717194511
1,bv_compiler,0,float,brettel,1,1024,2.276611328,2.2827148435,2.288818359,2.306884766,2.3106994629999997,3.184143066,0.9878891132541888
1,bv_compiler,0,float,brettel,2,1024,2.276611328,2.288818359,3.442382812,2.295410156,2.3020935060000003,2.69519043,0.9942334457894951
1,bv_compiler,0,float,lookup,0,1024,8.068847656,8.432006836,9.020996094,5.930236816,5.9353332519999995,11.638305664,1.4206458977107492
1,bv_compiler,0,float,lookup,1,1024,8.038330078,8.538818359499999,8.776855469,5.804382324,5.9339904785,6.16015625,1.4389673172610902
1,bv_compiler,0,float,lookup,2,1024,7.513427734,8.123779297,11.926269531,5.821533203,5.932922363,17.329406738,1.3692711281143728
1,bv_compiler,0,float,lookupApply,0,1024,13.342285156,13.366699219,16.583251953,12.386047363,13.266265869,16.992492676,1.0075705817290068
1,bv_compiler,0,float,lookupApply,1,1024,13.336181641,13.363647461,22.314453125,13.247375488,13.2767944335,16.939697266,1.0065417166722754
1,bv_compiler,0,float,lookupApply,2,1024,13.116455078,13.3544921875,20.483398438,12.381164551,12.9109191895,13.66784668,1.0343564227681592
1,bv_compiler,0,float,prepared,0,1024,2.410888672,2.416992188,6.622314453,0.805603027,0.8237609859999999,1.10925293,2.9340940261523873
1,bv_compiler,0,float,prepared,1,1024,2.410888672,2.416992188,2.416992188,0.823059082,0.827972412,2.26965332,2.9191699541795844
1,bv_compiler,0,float,prepared,2,1024,2.410888672,2.410888672,2.416992188,0.807373047,0.8173828125,0.828979492,2.9495221029008363
1,bv_compiler,0,float,vienot,0,1024,0.903320312,0.909423828,1.062011719,0.803710938,0.81463623,0.828735352,1.1163557358601643
1,bv_compiler,0,float,vienot,1,1024,0.903320312,0.909423828,2.130126953,0.823791504,0.8289489745,2.305480957,1.0970805875579257
1,default,1,double,brettel,0,1024,9.051513672,9.127807617,11.102294922,4.691345215,4.7273254394999995,5.184570312,1.9308608501397
1,default,1,double,brettel,1,1024,6.634521484,6.80847168,9.674072266,4.691162109,4.757904052500001,5.09552002,1.4309812902642596
1,default,1,double,brettel,2,1024,6.274414062,6.372070312,21.270751953,4.692565918,4.7588500975,8.03894043,1.338993702564299
1,default,1,double,lookup,0,1024,10.119628906,10.1348876955,13.134765625,7.938781738,7.961730957,8.597045898,1.2729502855895107
1,default,1,double,lookup,1,1024,10.119628906,10.125732422,10.369873047,7.941955566,7.961395264,8.159729004,1.271854001243569
1,default,1,double,lookup,2,1024,9.893798828,10.107421875,13.96484375,7.932861328,8.158355712999999,10.954162598,1.2389042878939742
1,default,1,double,lookupApply,0,1024,12.799072266,13.2629394535,13.787841797,12.809936523,12.930114746,22.967651367,1.0257402748574185
1,default,1,double,lookupApply,1,1024,13.262939453,13.394165039,18.286132812,12.818725586,12.9266662595,13.950561523,1.0361654559741131
1,default,1,double,lookupApply,2,1024,12.817382812,13.2720947265,19.104003906,12.806762695,12.94909668,20.935852051,1.0249436740246811
1,default,1,double,prepared,0,1024,1.818847656,1.818847656,1.818847656,1.187927246,1.2714233400000001,3.30267334,1.4305602223725102
1,default,1,double,prepared,1,1024,1.818847656,1.818847656,2.008056641,1.187194824,1.272003174,1.362915039,1.4299081112198546
1,default,1,double,prepared,2,1024,1.818847656,1.818847656,2.099609375,1.188537598,1.272216797,1.367797852,1.4296680096419132
1,default,1,double,vienot,0,1024,0.982666016,0.982666016,0.988769531,1.329833984,1.340942383,1.641235352,0.7328174785567949
1,default,1,double,vienot,1,1024,0.982666016,0.988769531,0.988769531,1.329467773,1.335479736,1.349853516,0.7403852745542521
1,default,1,float,brettel,0,1024,7.513427734,7.6416015625,8.477783203,2.308532715,2.309753418,2.316833496,3.308405781737867
1,default,1,float,brettel,1,1024,4.907226562,4.974365234,5.261230469,2.307678223,2.3092041014999998,2.527832031,2.1541470633837783
1,default,1,float,brettel,2,1024,4.553222656,4.602050781,4.968261719,2.307312012,2.309295654,2.31640625,1.992837414745336
1,default,1,float,lookup,0,1024,7.977294922,8.020019531,8.331298828,5.924804688,5.9474487305,6.149108887,1.3484806501771662
1,default,1,float,lookup,1,1024,7.720947266,8.013916016,8.508300781,5.923156738,5.962524414500001,6.158691406,1.344047497149246
1,default,1,float,lookup,2,1024,7.995605469,8.013916016,9.820556641,5.943969727,5.9624328615,6.1640625,1.3440681349632668
1,default,1,float,lookupApply,0,1024,13.37890625,13.5528564455,14.001464844,13.249389648,13.2641296385,13.517700195,1.0217674898292572
1,default,1,float,lookupApply,1,1024,13.37890625,13.549804688,14.422607422,13.251281738,13.267059326,13.828979492,1.0213118336967026
1,default,1,float,lookupApply,2,1024,13.18359375,13.467407226999999,13.800048828,13.257446289,13.2821655275,17.841064453,1.0139466489192945
1,default,1,float,prepared,0,1024,2.410888672,2.4230957035,2.435302734,0.82232666,0.8271789549999999,1.154663086,2.929348829359422
1,default,1,float,prepared,1,1024,2.410888672,2.4261474610000002,12.957763672,0.822570801,0.8268737795000001,0.829345703,2.934120685828326
1,default,1,float,prepared,2,1024,2.410888672,2.4200439455,2.606201172,0.823364258,0.8261413575000001,0.987854004,2.9293339735748547
1,default,1,float,vienot,0,1024,5.059814453,5.065917969,5.523681641,0.822021484,0.825500488,0.828125,6.136783736219911
1,default,1,float,vienot,1,1024,5.053710938,5.072021484,5.383300781,0.822692871,0.825317383,0.827697754,6.145540598652337
1,bv_split,1,double,brettel,0,1024,4.00390625,4.016113281,7.135009766,4.691040039,4.768157959,8.77746582,0.8422777339872939
1,bv_split,1,double,brettel,1,1024,3.942871094,3.9764404295,4.632568359,4.691955566,4.759124756,6.595092773,0.8355402796463275
1,bv_split,1,double,brettel,2,1024,3.997802734,4.00390625,4.205322266,4.691040039,4.7592468265,7.369934082,0.8412898922799754
1,bv_split,1,double,lookup,0,1024,9.912109375,10.168457031,11.81640625,7.944580078,7.961242676,12.297851562,1.2772449534359605
1,bv_split,1,double,lookup,1,1024,9.918212891,10.162353516,14.123535156,7.945068359,7.960510254000001,11.864257812,1.2765957447129241
1,bv_split,1,double,lookup,2,1024,10.15625,10.1654052735,10.632324219,7.301147461,7.718994141,9.360717773,1.3169339278942718
1,bv_split,1,double,lookupApply,0,1024,13.244628906,13.256835938,15.91796875,12.822875977,12.9462280275,21.343383789,1.0239921550771558
1,bv_split,1,double,lookupApply,1,1024,13.250732422,13.360595703000001,20.892333984,12.813232422,12.9365234375,17.362731934,1.032781007010795
1,bv_split,1,double,lookupApply,2,1024,13.244628906,13.25378418,13.507080078,12.065185547,12.933685303,16.851074219,1.024749239640596
1,bv_split,1,double,prepared,0,1024,1.812744141,1.818847656,1.818847656,1.187072754,1.2615966799999998,1.341125488,1.4417029505816394
1,bv_split,1,double,prepared,1,1024,1.818847656,1.818847656,2.178955078,1.187316895,1.2608337404999999,1.338256836,1.4425753353322481
1,bv_split,1,double,prepared,2,1024,1.818847656,1.818847656,11.907958984,1.18762207,1.261383057,1.680053711,1.4419471118676996
1,bv_split,1,double,vienot,0,1024,0.964355469,0.982666016,1.312255859,1.330444336,1.33291626,1.93927002,0.7372301212680833
1,bv_split,1,double,vienot,1,1024,0.958251953,0.9765625,0.988769531,1.331115723,1.3342285155,6.534729004,0.7319304666742449
1,bv_split,1,float,brettel,0,1024,2.221679688,2.3376464845,4.760742188,2.308227539,2.309661865,2.315124512,1.0121163274694325
1,bv_split,1,float,brettel,1,1024,2.221679688,2.340698242,3.887939453,2.307678223,2.309753418,2.602355957,1.0133974578233529
1,bv_split,1,float,brettel,2,1024,2.276611328,2.2857666014999998,3.051757812,2.308166504,2.3095703125,2.471740723,0.9896934460617335
1,bv_split,1,float,lookup,0,1024,7.806396484,8.1115722655,8.404541016,5.926818848,5.945037842,6.428710938,1.3644273562388538
1,bv_split,1,float,lookup,1,1024,7.995605469,8.1939697265,8.59375,5.92779541,5.9436035154999995,6.278015137,1.3786198398213128
1,bv_split,1,float,lookup,2,1024,7.989501953,8.020019531,13.537597656,5.924987793,5.929626465,11.734985352,1.3525336845986302
1,bv_split,1,float,lookupApply,0,1024,12.976074219,13.616943359,15.612792969,13.249389648,13.2702941895,13.471984863,1.0261221917577594
1,bv_split,1,float,lookupApply,1,1024,12.982177734,13.623046875,24.078369141,13.254821777,13.272827148,13.624328613,1.0263862192353475
1,bv_split,1,float,lookupApply,2,1024,13.293457031,13.3819580075,16.925048828,13.255371094,13.2706298825,22.996459961,1.008389061106045
1,bv_split,1,float,prepared,0,1024,2.355957031,2.4139404295,2.648925781,0.823181152,0.8266906734999999,0.830322266,2.9200044307745543
1,bv_split,1,float,prepared,1,1024,2.355957031,2.4139404295,2.471923828,0.824157715,0.8275451659999999,0.829589844,2.9169893423073905
1,bv_split,1,float,prepared,2,1024,2.410888672,2.410888672,2.593994141,0.824707031,0.8278198245,0.830810547,2.9123350282848897
1,bv_split,1,float,vienot,0,1024,0.885009766,0.909423828,0.927734375,0.822570801,0.825012207,1.498840332,1.1023156024647767
1,bv_split,1,float,vienot,1,1024,0.885009766,0.909423828,0.933837891,0.822631836,0.8255004885,0.827941895,1.1016635855085868
1,bv_compiler,1,double,brettel,0,1024,3.985595703,4.016113281,7.702636719,4.689086914,4.7582092285,4.870300293,0.8440388154738748
1,bv_compiler,1,double,brettel,1,1024,3.991699219,4.010009766,4.19921875,4.69152832,4.758361816500001,8.099365234,0.8427290568983152
1,bv_compiler,1,double,brettel,2,1024,3.985595703,4.006958008,4.187011719,4.689331055,4.758819580000001,4.849975586,0.8420067078903628
1,bv_compiler,1,double,lookup,0,1024,10.101318359,10.113525391,10.363769531,7.953857422,7.975769043,17.903259277,1.2680313755920778
1,bv_compiler,1,double,lookup,1,1024,9.887695312,10.110473633,18.347167969,7.950500488,7.969909668,8.782958984,1.268580705951359
1,bv_compiler,1,double,lookup,2,1024,9.875488281,10.095214844000001,10.473632812,7.942260742,7.9897155765,15.805358887,1.2635261852991195
1,bv_compiler,1,double,lookupApply,0,1024,13.000488281,13.2598876955,21.270751953,12.797973633,12.928863525499999,16.872070312,1.0256035009842213
1,bv_compiler,1,double,lookupApply,1,1024,13.256835938,13.363647461,21.392822266,12.101318359,12.990905761499999,20.513244629,1.0286925104641018
1,bv_compiler,1,double,lookupApply,2,1024,12.817382812,13.1927490235,14.221191406,12.82220459,12.9535522465,16.585083008,1.0184657283537517
1,bv_compiler,1,double,prepared,0,1024,1.818847656,1.818847656,2.978515625,1.188415527,1.333465576,1.338745117,1.3640004577066036
1,bv_compiler,1,double,prepared,1,1024,1.818847656,1.824951172,2.001953125,1.188781738,1.26272583,1.348144531,1.4452473598326567
1,bv_compiler,1,double,prepared,2,1024,1.818847656,1.82800293,1.843261719,1.187866211,1.264190674,4.196716309,1.445986723043964
1,bv_compiler,1,double,vienot,0,1024,0.982666016,0.988769531,3.924560547,1.33013916,1.3333740230000002,1.706054688,0.7415545180453841
1,bv_compiler,1,double,vienot,1,1024,0.982666016,0.988769531,0.988769531,1.33001709,1.3322753905,1.345825195,0.7421660251706045
1,bv_compiler,1,float,brettel,0,1024,2.209472656,2.249145508,2.282714844,2.307189941,2.3103637695,2.316589355,0.9735027607737942
1,bv_compiler,1,float,brettel,1,1024,2.276611328,2.276611328,12.713623047,2.294372559,2.2952880860000002,2.455566406,0.9918630005035454
1,bv_compiler,1,float,brettel,2,1024,2.276611328,2.276611328,2.282714844,2.293212891,2.3020019530000004,2.311340332,0.9889701983237195
1,bv_compiler,1,float,lookup,0,1024,7.989501953,8.07800293,8.477783203,5.799255371,5.804534911999999,5.810058594,1.3916710042177451
1,bv_compiler,1,float,lookup,1,1024,7.989501953,8.090209961,10.125732422,5.800598145,5.9267578125,6.348449707,1.3650313066508484
1,bv_compiler,1,float,lookup,2,1024,8.013916016,8.352661133,14.959716797,5.938232422,5.945922852,6.223266602,1.4047711921103143
1,bv_compiler,1,float,lookupApply,0,1024,13.0859375,13.3209228515,15.490722656,12.386230469,13.1260375975,16.129760742,1.0148472265565596
1,bv_compiler,1,float,lookupApply,1,1024,13.305664062,13.354492188,14.2578125,12.3828125,12.6001586915,13.630371094,1.0598669838189314
1,bv_compiler,1,float,lookupApply,2,1024,13.305664062,13.3697509765,18.951416016,12.389770508,13.258087158,13.573364258,1.0084223174255287
1,bv_compiler,1,float,prepared,0,1024,2.410888672,2.410888672,2.416992188,0.824523926,0.8286437984999999,0.994812012,2.90943910563762
1,bv_compiler,1,float,prepared,1,1024,2.410888672,2.410888672,2.416992188,0.803344727,0.808288574,0.810852051,2.9827078466161767
1,bv_compiler,1,float,prepared,2,1024,2.410888672,2.416992188,5.389404297,0.805480957,0.817199707,0.831054688,2.9576518044444184
1,bv_compiler,1,float,vienot,0,1024,0.903320312,0.903320312,1.300048828,0.822937012,0.827056885,0.829345703,1.0922106186202658
1,bv_compiler,1,float,vienot,1,1024,0.903320312,0.909423828,0.909423828,0.804260254,0.8060607909999999,0.812438965,1.1282323097142186
1,default,2,double,brettel,0,1024,9.075927734,9.2834472655,15.637207031,4.691162109,4.7585754394999995,5.119262695,1.9508879040647182
1,default,2,double,brettel,1,1024,6.420898438,6.689453125,9.222412109,4.70111084,4.7609863279999995,8.066467285,1.4050561510035071
1,default,2,double,brettel,2,1024,5.76171875,6.2225341795,9.197998047,4.682373047,4.6916503904999995,5.196105957,1.3262996305308357
1,default,2,double,lookup,0,1024,10.113525391,10.119628906,12.866210938,7.948913574,8.1396484375,13.012207031,1.2432513496993403
1,default,2,double,lookup,1,1024,10.113525391,10.119628906,20.495605469,7.279907227,7.696838379,8.60369873,1.3147773680177988
1,default,2,double,lookup,2,1024,10.119628906,10.137939453,12.072753906,7.274902344,7.784301758,8.649597168,1.3023569445494767
1,default,2,double,lookupApply,0,1024,13.269042969,13.5528564455,17.962646484,12.096679688,12.8904418945,15.02557373,1.051388040566913
1,default,2,double,lookupApply,1,1024,13.262939453,13.2720947265,16.149902344,12.102722168,13.049102783,17.623901367,1.017088680134431
1,default,2,double,lookupApply,2,1024,13.262939453,13.269042969,16.595458984,12.097351074,12.82913208,13.18963623,1.0342899961008116
1,default,2,double,prepared,0,1024,1.818847656,1.818847656,4.754638672,1.188232422,1.2720336915,1.358337402,1.4298738061373117
1,default,2,double,prepared,1,1024,1.812744141,1.818847656,2.075195312,1.189086914,1.2759704589999998,3.885559082,1.425462198729477
1,default,2,double,prepared,2,1024,1.818847656,1.818847656,4.443359375,1.188354492,1.25088501,1.310546875,1.454048646725729
1,default,2,double,vienot,0,1024,0.982666016,0.982666016,0.994873047,1.330871582,1.3367309569999999,1.349914551,0.7351262502406459
1,default,2,double,vienot,1,1024,0.982666016,0.982666016,0.982666016,1.331665039,1.342803955,3.004821777,0.7318015502866165
1,default,2,float,brettel,0,1024,7.409667969,7.568359375,7.696533203,2.294677734,2.2969970705,2.628479004,3.2948929157112743
1,default,2,float,brettel,1,1024,4.705810547,5.032348633,5.346679688,2.307739258,2.3090820315,2.31048584,2.1793719600905392
1,default,2,float,brettel,2,1024,4.547119141,4.574584961,4.8828125,2.307128906,2.3101806639999998,2.506774902,1.9801849406354484
1,default,2,float,lookup,0,1024,7.989501953,8.020019531,8.233642578,5.833374023,5.9519958495,6.37121582,1.347450457592931
1,default,2,float,lookup,1,1024,7.995605469,8.020019531,8.59375,5.945678711,5.9672851565,6.359924316,1.343998036069051
1,default,2,float,lookup,2,1024,7.543945312,8.026123047,8.69140625,5.941711426,5.9479980470000005,6.583862305,1.3493822599770602
1,default,2,float,lookupApply,0,1024,13.330078125,13.555908203,13.861083984,12.38293457,12.4440612795,13.450561523,1.0893475930829453
1,default,2,float,lookupApply,1,1024,13.549804688,13.555908203,22.210693359,12.389465332,13.258392334,15.593139648,1.0224398148361507
1,default,2,float,lookupApply,2,1024,13.549804688,13.555908203,14.172363281,13.246582031,13.2628173825,21.374633789,1.022098684770155
1,default,2,float,prepared,0,1024,2.416992188,2.416992188,2.655029297,0.805053711,0.808532715,0.812194824,2.989356080662735
1,default,2,float,prepared,1,1024,2.423095703,2.429199219,2.435302734,0.804626465,0.8180847165,0.83190918,2.969373672439216
1,default,2,float,prepared,2,1024,2.423095703,2.435302734,3.491210938,0.82409668,0.8288574215,0.833251953,2.938144330773782
1,default,2,float,vienot,0,1024,5.053710938,5.059814453,5.059814453,0.804138184,0.8172912594999999,0.83026123,6.19095627683022
1,default,2,float,vienot,1,1024,5.053710938,5.059814453,5.401611328,0.805114746,0.8274536135,0.831115723,6.114922178655759
1,bv_split,2,double,brettel,0,1024,3.936767578,4.006958008,4.351806641,4.690612793,4.7259521485,4.950866699,0.8478625855896136
1,bv_split,2,double,brettel,1,1024,3.942871094,4.000854492,7.666015625,4.690429688,4.7277526860000005,4.76373291,0.846248684675804
1,bv_split,2,double,brettel,2,1024,3.991699219,4.013061523499999,6.372070312,4.691772461,4.7595214845000005,7.772644043,0.8431649140715206
1,bv_split,2,double,lookup,0,1024,10.003662109,10.241699219,11.682128906,7.939941406,7.978607177500001,9.638671875,1.2836450010826463
1,bv_split,2,double,lookup,1,1024,10.229492188,10.552978515500001,15.954589844,7.953430176,7.979003906,8.157470703,1.3225934765571978
1,bv_split,2,double,lookup,2,1024,10.095214844,10.235595703,10.748291016,7.810546875,7.983673096,14.031005859,1.2820659839051105
1,bv_split,2,double,lookupApply,0,1024,12.933349609,13.226318359499999,13.714599609,12.817382812,12.9307250975,15.340087891,1.0228597591992075
1,bv_split,2,double,lookupApply,1,1024,12.927246094,13.278198242,18.804931641,12.811218262,12.928527832,15.858459473,1.0270464212587695
1,bv_split,2,double,lookupApply,2,1024,12.823486328,13.57421875,21.441650391,12.063476562,12.8351745605,16.952331543,1.0575795978478075
1,bv_split,2,double,prepared,0,1024,1.818847656,1.818847656,1.824951172,1.187927246,1.3532104495000001,1.357421875,1.3440981457629513
1,bv_split,2,double,prepared,1,1024,1.812744141,1.818847656,1.818847656,1.188415527,1.2728271484999998,1.364013672,1.4289824491436045
1,bv_split,2,double,prepared,2,1024,1.812744141,1.818847656,1.843261719,1.187927246,1.2737731935,1.357788086,1.4279211285662843
1,bv_split,2,double,vienot,0,1024,0.964355469,0.973510742,0.982666016,1.33013916,1.336456299,1.344726562,0.7284269173099239
1,bv_split,2,double,vienot,1,1024,0.958251953,0.9735107425,0.994873047,1.329772949,1.3365783690000002,1.526855469,0.7283603902914876
1,bv_split,2,float,brettel,0,1024,2.276611328,2.276611328,2.813720703,2.308227539,2.3098449705,5.097106934,0.985612176174401
1,bv_split,2,float,brettel,1,1024,2.276611328,2.276611328,2.490234375,2.308044434,2.309295654,2.543457031,0.9858466255962564
1,bv_split,2,float,brettel,2,1024,2.276611328,2.276611328,2.276611328,2.293029785,2.3029785155,2.311462402,0.9885508321842614
1,bv_split,2,float,lookup,0,1024,7.995605469,8.020019531,10.791015625,5.926574707,5.94128418,6.119018555,1.3498798051097431
1,bv_split,2,float,lookup,1,1024,7.989501953,8.0169677735,8.251953125,5.799743652,5.924438476500001,8.735351562,1.3532029753199848
1,bv_split,2,float,lookup,2,1024,8.001708984,8.0291748045,10.876464844,5.940185547,5.9454956055,6.140441895,1.3504634999767642
1,bv_split,2,float,lookupApply,0,1024,13.287353516,13.540649414,14.056396484,13.251953125,13.266845703000001,13.75970459,1.0206381921618404
1,bv_split,2,float,lookupApply,1,1024,13.287353516,13.540649414,23.156738281,12.387573242,13.257171631,22.744873047,1.0213829760140638
1,bv_split,2,float,lookupApply,2,1024,13.287353516,13.543701172,14.093017578,12.383483887,13.2565917965,16.20098877,1.021657857457435
1,bv_split,2,float,prepared,0,1024,2.410888672,2.4230957035,2.593994141,0.823608398,0.8266601565,0.831176758,2.9311872411501665
1,bv_split,2,float,prepared,1,1024,2.410888672,2.429199219,4.937744141,0.824645996,0.8290710450000001,0.830993652,2.9300253984868085
1,bv_split,2,float,prepared,2,1024,2.410888672,2.429199219,2.624511719,0.806518555,0.8164978025,1.522155762,2.975144833901742
1,bv_split,2,float,vienot,0,1024,0.903320312,0.909423828,0.909423828,0.823059082,0.8255310055,0.828125,1.1016228608508636
1,bv_split,2,float,vienot,1,1024,0.903320312,0.909423828,0.909423828,0.824768066,0.8259887695,3.452697754,1.101012340095745
1,bv_compiler,2,double,brettel,0,1024,3.894042969,4.006958008,8.190917969,4.494934082,4.7593688965,8.619018555,0.8419095252201785
1,bv_compiler,2,double,brettel,1,1024,3.887939453,3.985595703,4.193115234,4.49206543,4.6276245115000005,5.600036621,0.861261689036241
1,bv_compiler,2,double,brettel,2,1024,3.900146484,3.997802734,13.928222656,4.488464355,4.6288757325,4.76361084,0.8636660314578881
1,bv_compiler,2,double,lookup,0,1024,9.869384766,9.881591797,10.076904297,7.279663086,7.7404174805,8.182495117,1.276622588108993
1,bv_compiler,2,double,lookup,1,1024,9.86328125,9.881591797,12.609863281,7.2734375,7.7662963865000005,8.275024414,1.2723686175790272
1,bv_compiler,2,double,lookup,2,1024,9.869384766,9.881591797,12.603759766,7.298034668,7.7116088865000005,68.14642334,1.281391722847717
1,bv_compiler,2,double,lookupApply,0,1024,12.811279297,12.957763672,15.588378906,12.814697266,12.930480957,13.283752441,1.0021099536119908
1,bv_compiler,2,double,lookupApply,1,1024,12.811279297,12.957763672,15.747070312,12.05291748,12.780609131,15.697265625,1.0138611970043199
1,bv_compiler,2,double,lookupApply,2,1024,12.805175781,12.957763672,15.72265625,12.058898926,12.677368164,16.343505859,1.02211780113764
1,bv_compiler,2,double,prepared,0,1024,1.776123047,1.818847656,2.166748047,1.188232422,1.3313903805,1.871459961,1.3661264814884246
1,bv_compiler,2,double,prepared,1,1024,1.776123047,1.806640625,1.843261719,1.185913086,1.259460449,1.337524414,1.434456021572139
1,bv_compiler,2,double,prepared,2,1024,1.776123047,1.8035888675,1.843261719,1.186584473,1.331573486,1.543762207,1.354479408356138
1,bv_compiler,2,double,vienot,0,1024,0.958251953,0.9674072265,1.727294922,1.333740234,1.3350219724999999,1.336486816,0.7246376811974157
1,bv_compiler,2,double,vienot,1,1024,0.958251953,1.159667969,1.3671875,1.32989502,1.332519531,1.509094238,0.8702821549862897
1,bv_compiler,2,float,brettel,0,1024,2.221679688,2.282714844,5.865478516,2.254455566,2.284301758,2.565368652,0.9993052958110976
1,bv_compiler,2,float,brettel,1,1024,2.221679688,2.252197266,2.288818359,2.239746094,2.2753601075,2.311828613,0.989820142568356
1,bv_compiler,2,float,brettel,2,1024,2.221679688,2.2552490235000002,2.282714844,2.30657959,2.309448242,2.536254883,0.976531529256935
1,bv_compiler,2,float,lookup,0,1024,7.409667969,8.050537109499999,12.170410156,5.680908203,5.9391784665,7.739990234,1.3554967500823794
1,bv_compiler,2,float,lookup,1,1024,7.855224609,8.432006836,21.77734375,5.938171387,5.9454956055,6.119689941,1.4182176550933454
1,bv_compiler,2,float,lookup,2,1024,7.690429688,8.120727539,14.196777344,5.800109863,5.939819336,9.898010254,1.3671674304607166
1,bv_compiler,2,float,lookupApply,0,1024,13.122558594,13.311767578,16.247558594,12.946716309,13.253692627,19.013977051,1.0043817940127637
1,bv_compiler,2,float,lookupApply,1,1024,13.122558594,13.314819336,20.513916016,12.952758789,13.2598876955,15.126342773,1.0041426927408021
1,bv_compiler,2,float,lookupApply,2,1024,13.110351562,13.415527344,19.903564453,13.082824707,13.2716674805,28.352294922,1.010839622354265
1,bv_compiler,2,float,prepared,0,1024,2.355957031,2.3864746095,2.416992188,0.804748535,0.816253662,0.829040527,2.923692377260048
1,bv_compiler,2,float,prepared,1,1024,2.355957031,2.416992188,13.952636719,0.786010742,0.8068847655,0.830444336,2.9954614231714602
1,bv_compiler,2,float,prepared,2,1024,2.355957031,2.416992188,5.877685547,0.822814941,0.826385498,0.830383301,2.9247756571836647
1,bv_compiler,2,float,vienot,0,1024,0.885009766,0.894165039,0.909423828,0.803649902,0.8236083985,3.454284668,1.085667704006542
1,bv_compiler,2,float,vienot,1,1024,0.885009766,0.8972167965,1.202392578,0.78527832,0.806854248,0.828857422,1.11199364535043
1,default,0,double,brettel,0,8191,9.878219998,9.944985349500001,12.947900134,4.704805579,4.7277766755,5.659237273,2.103522656016369
1,default,0,double,brettel,1,8191,9.891954584,10.0346416795,11.2570199,4.701806861,4.7262773165,4.758813026,2.1231597317550253
1,default,0,double,brettel,2,8191,9.500518862,9.5504974975,11.417256745,4.704195153,4.7293370775,4.769251312,2.0194156899783806
1,default,0,double,lookup,0,8191,10.049139299,10.158634477,11.898730314,7.967365096,7.996543462,10.479688072,1.2703781984396598
1,default,0,double,lookup,1,8191,10.13765108,10.1540562815,13.238615554,7.965648272,7.9884553165,10.149890123,1.271091328573497
1,default,0,double,lookup,2,8191,10.139177146,10.3371841045,13.335520693,7.826204065,7.9913014285,9.077035771,1.2935545226255258
1,default,0,double,lookupApply,0,8191,13.221065804,13.3061439385,16.988920767,12.415112624,12.871039860500002,14.276545904,1.0338048893264087
1,default,0,double,lookupApply,1,8191,12.825051886,13.301565743000001,14.267946527,12.525706568,12.8658436085,14.086314247,1.0338665809844085
1,default,0,double,lookupApply,2,8191,13.279056281,13.304236357,14.374008058,12.704279087,12.8771631975,15.268831644,1.0331651585795631
1,default,0,double,prepared,0,8191,1.832041265,1.835856428,2.121230619,1.257348004,1.2893267000000002,1.320649188,1.4238876989051725
1,default,0,double,prepared,1,8191,1.832041265,1.834330363,1.867140764,1.257515871,1.286850659,1.433661946,1.4254415228146533
1,default,0,double,prepared,2,8191,1.826700037,1.832041265,1.910633622,1.258393359,1.293023593,1.3759309,1.4168660764722798
1,default,0,double,vienot,0,8191,1.112501526,1.1395891835,1.188041753,1.374030949,1.3914738739999999,1.412113906,0.8189799354436174
1,default,0,double,vienot,1,8191,1.126236113,1.142259797,1.480283238,1.374168294,1.3915578075,1.412472531,0.8208496915066175
1,default,0,float,brettel,0,8191,8.10722134,8.1365980955,10.588603345,2.263162312,2.265027927,3.573251129,3.592272747946564
1,default,0,float,brettel,1,8191,7.967586375,7.990477353,10.197930656,2.258446771,2.2640359845,2.335535954,3.529306692872487
1,default,0,float,brettel,2,8191,7.814979856,7.843593578,9.106794042,2.262200891,2.2634331884999996,2.314804358,3.465352376138847
1,default,0,float,lookup,0,8191,8.02176169,8.048086313999999,12.187156635,5.917737456,5.9459849225,5.978741912,1.3535329165645054
1,default,0,float,lookup,1,8191,7.841685997,8.047704798,9.904163106,5.917623001,5.9693031985000005,7.988516359,1.3481816102124402
1,default,0,float,lookup,2,8191,7.906543768,8.029392016,8.55969967,5.91783665,5.9901263584999995,7.852414235,1.3404378364416767
1,default,0,float,lookupApply,0,8191,13.470577463,13.494994506,15.732969112,12.859731718,13.496295476499999,15.63763582,0.9999036053632447
1,default,0,float,lookupApply,1,8191,13.473629593,13.52551581,15.543737028,13.448281651,13.4737211575,15.218357038,1.0038441238240388
1,default,0,float,lookupApply,2,8191,13.274478086,13.499191185499999,17.323892077,13.317482603,13.477639329999999,15.483816079,1.0015990823743166
1,default,0,float,prepared,0,8191,2.404315712,2.429114272,3.632035161,0.785542058,0.7880028385,0.810119338,3.082621220786377
1,default,0,float,prepared,1,8191,2.40355268,2.405078745,2.464595288,0.78582438,0.7934356305,1.205499939,3.0312209995968917
1,default,0,float,prepared,2,8191,2.40355268,2.4264436575,3.486295935,0.785465755,0.787968502,0.833262117,3.0793663088578636
1,default,0,float,vienot,0,8191,5.28628983,5.3515291175,5.422872665,0.785862532,0.7890558235,1.117445977,6.782193297506282
1,default,0,float,vienot,1,8191,5.342754242,5.4163868885,6.379715541,0.786167745,0.789536534,1.053656452,6.860210585897979
1,bv_split,0,double,brettel,0,8191,3.886888048,4.021181785,4.844493957,4.59550879,6.1570549995,14.047353803,0.6531014885081505
1,bv_split,0,double,brettel,1,8191,3.905963863,3.9700586005000003,4.193627152,4.50445611,4.703664846000001,6.374313271,0.8440351790532313
1,bv_split,0,double,brettel,2,8191,3.845684288,4.0166035895,4.268404346,4.59409718,4.691006135,4.729764376,0.8562349896606988
1,bv_split,0,double,lookup,0,8191,9.74087413,10.212046759,13.951287999,7.787304664,7.9927511905,10.340625382,1.2776635373233942
1,bv_split,0,double,lookup,1,8191,9.966731779,10.205942497999999,13.7429801,7.780544195,7.988554511,8.053221524,1.2775706148023052
1,bv_split,0,double,lookup,2,8191,10.010987669,10.2101391775,11.120437065,7.325799658,7.976990752,8.899226285,1.2799487294052714
1,bv_split,0,double,lookupApply,0,8191,12.989103895,13.182532657500001,16.42580271,12.541562386,12.849861891,17.212893725,1.0258890538530225
1,bv_split,0,double,lookupApply,1,8191,12.986814797,13.24929801,15.916096936,12.076761079,12.551512331000001,35.824601697,1.05559375321463
1,bv_split,0,double,lookupApply,2,8191,12.842601636,13.3343761445,17.056830668,12.082720364,12.8561149435,15.006859663,1.0372010675932706
1,bv_split,0,double,prepared,0,8191,1.790074472,1.825937004,1.864851666,1.234342571,1.273219082,8.375137346,1.4341106175786957
1,bv_split,0,double,prepared,1,8191,1.790837505,1.8320412645,1.866377732,1.235410817,1.2616019105,1.291043523,1.4521547956232268
1,bv_split,0,double,prepared,2,8191,1.789311439,1.840434623,3.465694054,1.234884324,1.2724331585000002,2.304793371,1.4463900211226692
1,bv_split,0,double,vienot,0,8191,1.108686363,1.140352216,1.679434745,1.346660969,1.3777163959999998,2.121970761,0.8277118711157445
1,bv_split,0,double,vienot,1,8191,1.106397265,1.126236113,1.436027347,1.347530827,1.3768198325,1.403835002,0.8179981769691714
1,bv_split,0,float,brettel,0,8191,2.263154682,2.5985075085,2.637040654,2.211031925,2.27680915,3.592502442,1.141293510920755
1,bv_split,0,float,brettel,1,8191,2.217372726,2.2902423389999997,3.802954462,2.261918569,2.2644823585,2.300917165,1.0113756596086105
1,bv_split,0,float,brettel,2,8191,2.180747162,2.233014894,2.997955073,2.261392077,2.2644518375000002,2.291112196,0.9861171949081031
1,bv_split,0,float,lookup,0,8191,7.847790258,8.026339885,9.099163716,5.917523807,5.9425894275,5.973446466,1.350646882629517
1,bv_split,0,float,lookup,1,8191,7.566231229,7.853894518,12.276431449,5.918859114,5.947469021,7.331865767,1.3205439978364875
1,bv_split,0,float,lookup,2,8191,7.834818703,7.842449029,9.613447686,5.818466915,5.962206995,7.084864485,1.31536007313681
1,bv_split,0,float,lookupApply,0,8191,13.200463924,13.8505676965,20.89793676,13.448922598,13.487459559000001,14.444703028,1.0269219074141878
1,bv_split,0,float,lookupApply,1,8191,13.1905445,13.5884659995,17.220882676,13.448457148,13.4720234095,14.547735319,1.0086432888706154
1,bv_split,0,float,lookupApply,2,8191,13.1905445,13.60181907,17.684043462,13.013139421,13.471569405499999,13.493514223,1.0096684848349462
1,bv_split,0,float,prepared,0,8191,2.366164083,2.420339397,2.836192162,0.784695092,0.7880715110000001,0.952791173,3.071217983668489
1,bv_split,0,float,prepared,1,8191,2.347088268,2.418050299,2.460017092,0.784702723,0.7868125075,0.813034123,3.0732230054184795
1,bv_split,0,float,prepared,2,8191,2.346325235,2.408893908,2.492064461,0.784824808,0.787648028,0.814438103,3.0583380169397185
1,bv_split,0,float,vienot,0,8191,0.899615432,0.940819192,0.98736418,0.785397082,0.789277103,1.226147601,1.1920011215630057
1,bv_split,0,float,vienot,1,8191,0.882828714,0.90800879,0.978970822,0.784985045,0.787995208,0.81295782,1.1523024261842973
1,bv_compiler,0,double,brettel,0,8191,3.991423514,4.031482725,5.134446344,4.503479429,4.623454859,4.739538823,0.8719632499822791
1,bv_compiler,0,double,brettel,1,8191,3.992949579,4.0173666215,4.044835795,4.486448541,4.7034206755,4.737905933,0.8541372117587442
1,bv_compiler,0,double,brettel,2,8191,3.987608351,4.0375869855,5.789891344,4.486807166,4.5092098035,4.742522281,0.8954089877046901
1,bv_compiler,0,double,lookup,0,8191,9.891191552,10.137269564,10.27575998,7.952539372,7.9935943415,8.034779026,1.2681741318008564
1,bv_compiler,0,double,lookup,1,8191,9.891954584,10.140321694499999,10.243712611,7.590892443,7.992758820500001,8.17275821,1.2686885620133919
1,bv_compiler,0,double,lookup,2,8191,10.063636919,10.1914448785,11.923910389,7.600956843,7.959830149,13.158397937,1.2803595915649482
1,bv_compiler,0,double,lookupApply,0,8191,12.826577951,13.346966182500001,17.252930045,12.108747406,12.8618338725,14.840846661,1.0377187510590746
1,bv_compiler,0,double,lookupApply,1,8191,12.81436943,13.2763856675,14.783756562,12.257065682,12.8583429985,17.732045843,1.0325113950567943
1,bv_compiler,0,double,lookupApply,2,8191,12.81742156,13.110426077500001,15.149249176,11.971485472,12.29962001,19.399226285,1.0659212290168956
1,bv_compiler,0,double,prepared,0,8191,1.828989134,1.832804297,2.804144793,1.268602735,1.270266146,1.671506837,1.4428506205344467
1,bv_compiler,0,double,prepared,1,8191,1.832804297,1.845012819,3.364973752,1.21838756,1.265592571,1.325448663,1.4578252601010249
1,bv_compiler,0,double,prepared,2,8191,1.835093395,1.8766786715000001,4.96581614,1.209109083,1.240168325,2.205866195,1.5132451246083876
1,bv_compiler,0,double,vienot,0,8191,1.12242095,1.13272189,1.182700525,1.376106397,1.3839618175,1.477376084,0.8184632521482119
1,bv_compiler,0,double,vienot,1,8191,1.136918569,1.141496765,1.477231107,1.378662556,1.3810737395000001,1.478383287,0.8265284700969437
1,bv_compiler,0,float,brettel,0,8191,2.187614455,2.266969845,2.636277622,2.249671896,2.273505219,2.646364913,0.9971254193984765
1,bv_compiler,0,float,brettel,1,8191,2.260865584,2.26544378,2.34479917,2.262925772,2.2785221585,2.98220608,0.9942601486445013
1,bv_compiler,0,float,brettel,2,8191,2.184562325,2.238356123,2.342510072,2.260423025,2.263570535,2.379410328,0.9888607791936999
1,bv_compiler,0,float,lookup,0,8191,7.83100354,8.0446526675,9.296026126,5.934852277,5.9745337875,7.925962947,1.3464904465568728
1,bv_compiler,0,float,lookup,1,8191,7.570809425,8.032444146,8.40098889,5.800901905,5.9523371685,5.984891955,1.3494605427441186
1,bv_compiler,0,float,lookup,2,8191,7.576150653,8.031299597,11.492796972,5.935020144,5.9581972595,5.988836833,1.3479412055709565
1,bv_compiler,0,float,lookupApply,0,8191,13.535435234,13.596859358,17.518465389,13.448373215,13.480367171000001,17.57233549,1.0086416182528475
1,bv_compiler,0,float,lookupApply,1,8191,13.532383103,13.5835062875,17.277347088,12.377075449,13.084555457,14.591777561,1.038132807196982
1,bv_compiler,0,float,lookupApply,2,8191,13.301184227,13.5911366135,16.198418996,13.45224179,13.477265444,16.29236357,1.0084491301275582
1,bv_compiler,0,float,prepared,0,8191,2.411183006,2.4199578805,2.555396167,0.781505616,0.813304999,0.942337627,2.975461706832568
1,bv_compiler,0,float,prepared,1,8191,2.416524234,2.419576364,2.492064461,0.784214382,0.7888078375,1.542416982,3.067383777104015
1,bv_compiler,0,float,prepared,2,8191,2.405841778,2.408893908,2.62101697,0.781322488,0.7872779575,0.834391405,3.0597756294986835
1,bv_compiler,0,float,vienot,0,8191,0.902667562,0.905719692,1.384141131,0.784275424,0.8308700095,1.371772372,1.0900859119286819
1,bv_compiler,0,float,vienot,1,8191,0.903430595,0.905338176,0.940056159,0.782169454,0.7870490475,0.836772067,1.1502944814884615
1,default,1,double,brettel,0,8191,9.918660725,9.9545232575,12.138322549,4.505539617,4.735086528,6.534244903,2.1022896199754513
1,default,1,double,brettel,1,8191,9.887376389,9.970928458,10.918233427,4.702783543,4.7311683554999995,6.208246856,2.1074981291690373
1,default,1,double,brettel,2,8191,9.513490416,9.6733457455,11.803351239,4.504662129,4.71945199,4.873031376,2.0496756331024786
1,default,1,double,lookup,0,8191,10.026248321,10.1620681235,13.490416311,7.968067086,7.9784557745,8.662632768,1.2736885947251921
1,default,1,double,lookup,1,8191,10.139940178,10.162068124,10.265077524,7.95529392,8.003963954,9.229909352,1.2696294214220545
1,default,1,double,lookup,2,8191,10.07279331,10.194115493,12.780795996,7.295942193,7.935580973,10.081736052,1.284608591064023
1,default,1,double,lookupApply,0,8191,13.281345379,13.309959101499999,16.227414235,12.718189171,12.8741644795,14.997611708,1.033850322690372
1,default,1,double,lookupApply,1,8191,13.250824075,13.3034733245,15.462092541,12.409298315,12.860006409,14.438797155,1.0344841908624278
1,default,1,double,lookupApply,2,8191,13.066170187,13.3179709435,14.218349408,12.111517214,12.880947839000001,37.303854841,1.0339278685048947
1,default,1,double,prepared,0,8191,1.83356733,1.837382493,1.869429862,1.265588756,1.2811965875,1.324098095,1.4341144137647808
1,default,1,double,prepared,1,8191,1.834330363,1.83661946,1.878586253,1.266069466,1.2818413505000001,1.312171896,1.432797794581678
1,default,1,double,prepared,2,8191,1.835093395,1.8400531070000001,1.914448785,1.266290746,1.28745727,5.969501587,1.4292148950310406
1,default,1,double,vienot,0,8191,1.116316689,1.123183982,1.710719082,1.380821939,1.3898295385,2.054282139,0.8081451364260237
1,default,1,double,vienot,1,8191,1.126999145,1.1334849225,1.500122085,1.38037938,1.3977269259999998,2.199334636,0.8109487636070626
1,default,1,float,brettel,0,8191,8.117903797,8.269365767,9.368514223,2.266275485,2.2891931695,2.662052863,3.612349485039821
1,default,1,float,brettel,1,8191,7.717311684,7.9195153215000005,12.631241607,2.264917287,2.265897784,2.307502136,3.495089397863148
1,default,1,float,brettel,2,8191,7.837107801,7.868773654,8.02481382,2.265260652,2.2873962275000004,2.997558296,3.4400571092137113
1,default,1,float,lookup,0,8191,7.383866439,8.029392015500001,9.891191552,5.917050726,5.981389635,8.40005799,1.342395748392004
1,default,1,float,lookup,1,8191,7.565468197,8.0049749725,8.38038701,5.916745513,5.9618025885,7.979428641,1.3427105063728828
1,default,1,float,lookup,2,8191,7.715785618,8.016801978,9.687461848,5.779887987,5.872489623,6.538792577,1.3651453629822787
1,default,1,float,lookupApply,0,8191,13.179862044,13.4316628005,13.796392382,13.453943352,13.5042539065,14.142977048,0.994624574855997
1,default,1,float,lookupApply,1,8191,13.16689049,13.464091686,17.065224026,13.292661152,13.4750869855,15.28136827,0.9991840275679235
1,default,1,float,lookupApply,2,8191,13.388932975,13.458368941500002,15.596386278,12.397768893,13.4922208825,15.137857099,0.9974910030531812
1,default,1,float,prepared,0,8191,2.348614333,2.4046972285,2.80338176,0.791585277,0.8170171530000001,1.295224942,2.943264066941811
1,default,1,float,prepared,1,8191,2.349377365,2.3882920280000004,2.446282505,0.788243194,0.789513643,1.025477658,3.0250167925217224
1,default,1,float,prepared,2,8191,2.40355268,2.4172872665,3.492400195,0.787640398,0.7885026245,0.912571725,3.0656680033662966
1,default,1,float,vienot,0,8191,5.343517275,5.974926749,8.743590526,0.790455988,0.8241476925,1.157886705,7.249825247796832
1,default,1,float,vienot,1,8191,5.207697473,5.353818215,6.021853254,0.788464473,0.790280491,0.828752594,6.774579754873388
1,bv_split,1,double,brettel,0,8191,3.985319253,4.017748138,4.334788182,4.70037236,4.735578684,16.327112074,0.8484175654339101
1,bv_split,1,double,brettel,1,8191,3.979214992,4.0063026495,4.080698327,4.701356672,4.7245757535,4.739950861,0.847970877921071
1,bv_split,1,double,brettel,2,8191,3.885361983,3.9807410575,4.331736052,4.592945001,4.703897570500001,4.902690453,0.8462644004973237
1,bv_split,1,double,lookup,0,8191,10.126205592,10.2387528995,11.479825418,7.961070077,7.96699121,7.978100964,1.285146754856279
1,bv_split,1,double,lookup,1,8191,9.975125137,10.2063240145,13.182914174,7.150897326,7.3049955744999995,7.971714382,1.3971704582721236
1,bv_split,1,double,lookup,2,8191,9.965968746,10.245620193,13.933738249,7.803290197,7.99929801,8.355527408,1.2808149140326877
1,bv_split,1,double,lookupApply,0,8191,12.833445245,13.3122481995,13.917714565,12.162144427,12.9016756195,33.656246185,1.0318231981727588
1,bv_split,1,double,lookupApply,1,8191,12.99673422,13.3122481995,13.627762178,11.813743743,12.660557318999999,15.104993285,1.0514741068722144
1,bv_split,1,double,lookupApply,2,8191,12.987577829,13.309577585,15.93212062,11.800657734,12.8854497315,16.29399646,1.032915254208254
1,bv_split,1,double,prepared,0,8191,1.827463069,1.8331858135,2.749206446,1.263963497,1.268980436,8.278102491,1.444613140986202
1,bv_split,1,double,prepared,1,8191,1.834330363,1.835856428,1.879349286,1.263551459,1.269522189,1.350766085,1.4461003075858805
1,bv_split,1,double,prepared,2,8191,1.790074472,1.835856428,1.857984373,1.242529911,1.2604268405,1.589747894,1.4565354917955669
1,bv_split,1,double,vienot,0,8191,1.104108168,1.131577341,1.40169088,1.377418813,1.3791661579999999,1.460703821,0.8204793414021693
1,bv_split,1,double,vienot,1,8191,1.114790624,1.1460749605,1.575662312,1.377235686,1.3789029115,1.469440545,0.8311498590232689
1,bv_split,1,float,brettel,0,8191,2.210505433,2.213557563,2.784305946,2.209635576,2.2119780855,2.259232694,1.0007140565769408
1,bv_split,1,float,brettel,1,8191,2.212031498,2.2616286170000004,2.290623855,2.209399036,2.2112226835,2.239370956,1.022795503083487
1,bv_split,1,float,brettel,2,8191,2.261628617,2.2665883285,2.292149921,2.210703821,2.2531932915,2.284099927,1.005944912516175
1,bv_split,1,float,lookup,0,8191,7.850079355,8.008408619499999,9.432608961,5.781627701,5.815704737,6.121673178,1.3770315003356057
1,bv_split,1,float,lookup,1,8191,7.927145648,8.065636063500001,9.383774875,5.812858625,5.9193207480000005,6.178229154,1.362594866349351
1,bv_split,1,float,lookup,2,8191,8.038548407,8.3349865705,9.940025638,5.940018008,7.321606794,17.458429984,1.1384094782760605
1,bv_split,1,float,lookupApply,0,8191,13.180625076,13.8864302285,17.127792699,13.141084727,13.278487821999999,17.580576242,1.045784009041508
1,bv_split,1,float,lookupApply,1,8191,13.180625076,13.552221951,18.523379319,12.529887987,13.4761781225,20.406963435,1.005642833436064
1,bv_split,1,float,lookupApply,2,8191,13.481259919,13.527804908,16.086253205,13.137132218,13.320828501000001,13.509347149,1.0155378028464568
1,bv_split,1,float,prepared,0,8191,2.346325235,2.347088268,2.852215847,0.76778629,0.7692551275,0.802260103,3.051118132455997
1,bv_split,1,float,prepared,1,8191,2.349377365,2.3890550605,2.434073984,0.767587901,0.7692551274999999,0.813354597,3.1056732351777536
1,bv_split,1,float,prepared,2,8191,2.402789647,2.405841778,2.428732755,0.768617995,0.785931205,0.809814125,3.0611353292684185
1,bv_split,1,float,vienot,0,8191,0.879013551,0.883591747,0.90800879,0.768007569,0.7694115495,0.798048163,1.148399380765989
1,bv_split,1,float,vienot,1,8191,0.881302649,0.904193627,0.931662801,0.767679465,0.7690414784999999,0.838923819,1.1757410390446192
1,bv_compiler,1,double,brettel,0,8191,3.979214992,4.0181296545,4.330973019,4.507241179,4.8187110855,5.701036198,0.8338598399457828
1,bv_compiler,1,double,brettel,1,8191,3.993712611,4.036442437,4.880356489,4.614905079,4.707170980000001,5.433333842,0.8575092033304469
1,bv_compiler,1,double,brettel,2,8191,3.976925894,4.0154590405,4.432456355,4.708201074,4.7841533389999995,4.934241851,0.8393249036911775
1,bv_compiler,1,double,lookup,0,8191,9.889665487,10.13765108,10.223873764,7.808066781,7.990305671,8.533420828,1.2687438375222078
1,bv_compiler,1,double,lookup,1,8191,9.898058845,10.146044439,10.850323526,7.992728299,8.0767229275,8.175192284,1.2562080598870462
1,bv_compiler,1,double,lookup,2,8191,9.905689171,9.9278171165,12.307715786,7.769182639,8.0726101815,9.65684135,1.2298150032379338
1,bv_compiler,1,double,lookupApply,0,8191,12.812843365,13.325219752999999,15.626907581,12.842128556,13.105420583499999,14.295118117,1.0167716227113484
1,bv_compiler,1,double,lookupApply,1,8191,12.815132462,13.28744964,14.705164205,12.614958491,13.185775546,15.806487303,1.0077108922145155
1,bv_compiler,1,double,lookupApply,2,8191,12.975369308,13.308433036,15.468959834,11.798795935,13.1730977595,17.637658711,1.010273610578985
1,bv_compiler,1,double,prepared,0,8191,1.827463069,1.8339488465,2.628647296,1.279582774,1.301840435,1.331247711,1.4087355079733717
1,bv_compiler,1,double,prepared,1,8191,1.829752167,1.838527042,1.951837382,1.279529361,1.3090091255,1.360708399,1.4045181245759006
1,bv_compiler,1,double,prepared,2,8191,1.83356733,1.8587474055,3.936485167,1.279819314,1.3032138935000002,1.363821572,1.4262796113292049
1,bv_compiler,1,double,vienot,0,8191,1.141496765,1.147601026,1.185752655,1.378166585,1.390470486,1.529590404,0.82533289095645
1,bv_compiler,1,double,vienot,1,8191,1.119368819,1.136537053,1.47799414,1.390092785,1.415192742,1.858457453,0.8030970052841043
1,bv_compiler,1,float,brettel,0,8191,2.213557563,2.5832468564999997,2.895708705,2.210383348,2.2639253449999996,3.062927298,1.1410477214742256
1,bv_compiler,1,float,brettel,1,8191,2.264680747,2.26849591,2.299017214,2.210230741,2.2649668845,2.966953058,1.0015580914335438
1,bv_compiler,1,float,brettel,2,8191,2.260102552,2.263154682,2.28909779,2.209948419,2.263429374,2.292012575,0.9998786390230879
1,bv_compiler,1,float,lookup,0,8191,8.016420461,8.037785374,9.32959956,5.793981199,6.224972531000001,8.436775119,1.2912161995851865
1,bv_compiler,1,float,lookup,1,8191,8.00726407,8.0358777925,8.371993652,5.792462764,5.966361708,7.605298498,1.3468639994999108
1,bv_compiler,1,float,lookup,2,8191,8.02481382,8.044271151499998,8.082804297,5.78792272,5.8788685755,6.440605543,1.3683366192304833
1,bv_compiler,1,float,lookupApply,0,8191,13.533909169,13.5800726405,16.529575143,13.144129227,13.476056037,14.607847027,1.0077186235508677
1,bv_compiler,1,float,lookupApply,1,8191,13.324075204,13.5877029665,16.570778904,13.138429374,13.4672391955,16.012231413,1.0089449492395035
1,bv_compiler,1,float,lookupApply,2,8191,13.536961299,13.586558418,17.602398974,12.385094921,13.471599927,15.225850018,1.0085333955597655
1,bv_compiler,1,float,prepared,0,8191,2.363874985,2.420339397,2.807959956,0.768228849,0.787564095,1.137010133,3.073196724388508
1,bv_compiler,1,float,prepared,1,8191,2.415761201,2.418813332,2.464595288,0.76802283,0.7866446405,0.832918752,3.07484880398165
1,bv_compiler,1,float,prepared,2,8191,2.405841778,2.418050299,2.488249298,0.768457759,0.786678977,0.808837444,3.073744652769588
1,bv_compiler,1,float,vienot,0,8191,0.880539617,0.931281284,0.981259919,0.768694299,0.787243621,1.012559517,1.1829645349390516
1,bv_compiler,1,float,vienot,1,8191,0.90495666,0.905719692,0.938530094,0.768816384,0.7870414175,0.811683555,1.1507903801009303
1,default,2,double,brettel,0,8191,9.898058845,10.035023196000001,11.748412892,4.70387468,4.730638047499999,4.80126816,2.121283238167674
1,default,2,double,brettel,1,8191,9.903400073,10.005646441,10.482541814,4.50561592,4.737203943000001,9.4295492,2.1121417953273873
1,default,2,double,brettel,2,8191,9.458552069,9.519976193,10.112471005,4.703714443,4.729878830500001,6.59199121,2.012731516843875
1,default,2,double,lookup,0,8191,9.890428519,10.140703211,10.585551215,7.322999329,7.985513826,8.060134599,1.2698873775639745
1,default,2,double,lookup,1,8191,9.888139421,10.142229276,15.651324625,7.320206629,8.0065124835,9.610311623,1.2667474505162308
1,default,2,double,lookup,2,8191,10.139177146,10.2170064705,29.27527164,7.32864577,7.993002991,10.714366378,1.2782437942290519
1,default,2,double,lookupApply,0,8191,13.281345379,13.309577585,15.324746673,12.075631791,12.337496948,16.728314614,1.0787907499468585
1,default,2,double,lookupApply,1,8191,12.918141863,13.303854840500001,15.957300696,12.078439751,12.835246002000002,13.739622757,1.0365095330800034
1,default,2,double,lookupApply,2,8191,13.078378708,13.311866683,16.550177024,12.635636674,12.8594570265,12.880905872,1.0351810854507855
1,default,2,double,prepared,0,8191,1.83356733,1.8560767915,2.971248932,1.2741042,1.280059669,3.119986876,1.449992399924601
1,default,2,double,prepared,1,8191,1.83356733,1.835856428,1.863325601,1.273722683,1.316635637,2.377182273,1.394354198237458
1,default,2,double,prepared,2,8191,1.83356733,1.8514985959999999,3.124618484,1.274356,1.2926764130000001,2.416142718,1.432298584069546
1,default,2,double,vienot,0,8191,1.098003907,1.127762178,1.18117446,1.37968502,1.3848202295,1.460284153,0.8143744249079804
1,default,2,double,vienot,1,8191,1.133103406,1.145311928,2.447045538,1.377090709,1.385136888,1.417310157,0.826858296766406
1,default,2,float,brettel,0,8191,8.111799536,8.136216579,8.464320596,2.262605298,2.2641542545,2.635918996,3.5934904005896646
1,default,2,float,brettel,1,8191,7.743254792,7.946984495000001,9.592845806,2.262124588,2.304160054,3.317391039,3.4489724275898763
1,default,2,float,brettel,2,8191,7.703577097,7.8722073004999995,14.27786595,2.262231413,2.2634942315,2.310508485,3.477900314896384
1,default,2,float,lookup,0,8191,7.811927726,8.012223782,9.258637529,5.917790868,5.955312996,7.359411244,1.345390878259726
1,default,2,float,lookup,1,8191,7.816505921,8.106076791500001,9.827096814,5.914998169,5.9374885545,5.970226468,1.365236617653172
1,default,2,float,lookup,2,8191,7.818031986,8.0381668905,13.20809425,5.931426261,5.954836101,5.979276035,1.3498552695934225
1,default,2,float,lookupApply,0,8191,13.393511171,13.5930441945,17.632920278,13.34247192,13.480626602000001,13.781772677,1.008339196375584
1,default,2,float,lookupApply,1,8191,13.082956904,13.2668477595,13.905506043,12.377044927,13.466239622500002,13.551596264,0.9851932039983271
1,default,2,float,lookupApply,2,8191,13.082193871,13.4724850445,15.715419363,13.453088756,13.4774256805,15.91362471,0.9996334139681329
1,default,2,float,prepared,0,8191,2.40355268,2.4241545595,2.440178244,0.784359358,0.786137224,0.829637712,3.0836277503378975
1,default,2,float,prepared,1,8191,2.351666463,2.4668843855,6.13249298,0.785305518,0.7869307775000001,0.853863997,3.134817516398385
1,default,2,float,prepared,2,8191,2.351666463,2.398974484,3.216182395,0.784756135,0.7873924125,0.882042791,3.0467330468465748
1,default,2,float,vienot,0,8191,5.319863265,5.335886949000001,5.746398486,0.784496704,0.7876938105,5.50070199,6.774062304251153
1,default,2,float,vienot,1,8191,5.22143206,5.368315834000001,6.973354902,0.78603803,1.105309944,1.906490355,4.856842067820933
1,bv_split,2,double,brettel,0,8191,3.982267122,4.0196557195,4.414906605,4.703050604,4.724652057,4.739515932,0.8507834378077674
1,bv_split,2,double,brettel,1,8191,3.900622635,3.9631913075,4.039494567,4.593509645,4.6594928885,4.750885118,0.8505627977845984
1,bv_split,2,double,brettel,2,8191,3.88765108,4.0078287145000004,6.008118667,4.594402393,4.721149737499999,4.931662801,0.8489094685275275
1,bv_split,2,double,lookup,0,8191,9.95528629,10.2044164325,13.968837749,7.78745727,7.9208010315,10.499793981,1.2883061185249267
1,bv_split,2,double,lookup,1,8191,9.95528629,10.2028903675,14.161884996,7.781543768,7.9586016665,8.460932731,1.281995354843156
1,bv_split,2,double,lookup,2,8191,9.969020877,10.1914448785,12.905170309,7.784687462,7.8139192405,9.425314369,1.3042680074906772
1,bv_split,2,double,lookupApply,0,8191,13.034122818,13.309959101499999,13.802496643,12.075799658,12.863069985500001,14.669095654,1.0347420263206029
1,bv_split,2,double,lookupApply,1,8191,12.967738982,13.2702814065,13.945183738,12.537052863,12.8587702965,15.757569283,1.0320023688510875
1,bv_split,2,double,lookupApply,2,8191,12.892198755,13.203134537499999,15.618514223,11.797246978,12.864439629,18.694710658,1.0263279954873812
1,bv_split,2,double,prepared,0,8191,1.8305152,1.8335673300000002,1.927420339,1.257180137,1.2786480585,2.073563973,1.4339890619714262
1,bv_split,2,double,prepared,1,8191,1.791600537,1.830896716,2.918599683,1.245482847,1.2583056094999998,1.295759065,1.4550493156646778
1,bv_split,2,double,prepared,2,8191,1.790074472,1.8301336830000001,2.36234892,1.243353986,1.263223355,1.547369064,1.4487807526326175
1,bv_split,2,double,vienot,0,8191,1.135392504,1.1434043465000001,2.136491271,1.37546545,1.3795514894999998,1.40449884,0.8288232481372709
1,bv_split,2,double,vienot,1,8191,1.098003907,1.123947015,1.426870956,1.345012819,1.3727795755,1.395899463,0.818738153640311
1,bv_split,2,float,brettel,0,8191,2.259339519,2.3604413380000002,3.007874496,2.187767061,2.2174566595,2.580904346,1.06448138586494
1,bv_split,2,float,brettel,1,8191,2.213557563,2.2532352585,3.045263094,2.215533818,2.2950189229999998,4.490378159,0.9817937603558489
1,bv_split,2,float,brettel,2,8191,2.211268465,2.251327677,2.802618728,2.210116286,2.2689232085,3.904536992,0.9922449858884239
1,bv_split,2,float,lookup,0,8191,7.559363936,7.912648028,8.789372482,5.812660237,5.936191399,7.262063545,1.3329502868342402
1,bv_split,2,float,lookup,1,8191,7.561653034,8.0187095595,8.523837138,5.812393175,5.927084605499999,7.366888963,1.3528927108715625
1,bv_split,2,float,lookup,2,8191,7.537235991,8.0419820535,8.168263948,5.916829447,5.9380455685,5.971035283,1.354314641194556
1,bv_split,2,float,lookupApply,0,8191,13.146288609,13.3545965085,14.202325723,13.146853254,13.511510347,14.783840496,0.988386654454597
1,bv_split,2,float,lookupApply,1,8191,13.134080088,13.314918813,24.890123306,12.379028812,13.1443276155,13.567902271,1.012978312964357
1,bv_split,2,float,lookupApply,2,8191,13.259217434,13.337428275,16.814186302,13.074281223,13.459200647,15.165402576,0.9909524811172837
1,bv_split,2,float,prepared,0,8191,2.361585887,2.6175833235,4.22262239,0.77622543,0.792241485,1.099301062,3.3040220350238285
1,bv_split,2,float,prepared,1,8191,2.363874985,2.42720669,9.312812843,0.765520083,0.7945992555000001,1.048712001,3.05462995742764
1,bv_split,2,float,prepared,2,8191,2.359296789,2.3943962885000003,2.428732755,0.765397998,0.794812904,0.802733183,3.012528201857176
1,bv_split,2,float,vienot,0,8191,0.903430595,0.90800879,0.941582224,0.775347943,0.791802741,1.123443414,1.1467613623732076
1,bv_split,2,float,vienot,1,8191,0.886643877,0.9118239535,7.943932365,0.766229703,0.7954157,1.454057807,1.1463489512464993
1,bv_compiler,2,double,brettel,0,8191,3.847210353,3.941063362,4.379044073,4.705438896,4.7289288549999995,4.891603589,0.8333945133966285
1,bv_compiler,2,double,brettel,1,8191,3.844158222,3.9361036504999998,4.0402576,4.508149188,4.7417058359999995,4.791287694,0.8301028757659947
1,bv_compiler,2,double,brettel,2,8191,3.90520083,4.029193627,5.158863387,4.705072641,4.729047124999999,5.123428153,0.8520096164192908
1,bv_compiler,2,double,lookup,0,8191,9.667623001,10.142610792,14.781467464,7.444367293,7.998016115,10.985235319,1.26814082969624
1,bv_compiler,2,double,lookup,1,8191,9.89958491,10.0315895495,11.45693444,7.324616958,7.9948075635,9.944619094,1.2547631034046214
1,bv_compiler,2,double,lookup,2,8191,9.891954584,10.141466243,10.523745574,7.95926932,7.976349805,9.293752289,1.2714420118138237
1,bv_compiler,2,double,lookupApply,0,8191,12.519838848,13.313011232000001,16.590617751,12.838183677,12.867392565,15.179060859,1.0346316213443358
1,bv_compiler,2,double,lookupApply,1,8191,12.975369308,13.2973690635,18.164753998,12.077913258,12.864866927,18.471783055,1.033618858162636
1,bv_compiler,2,double,lookupApply,2,8191,12.840312538,13.3076700035,17.98010011,12.080141314,12.8601704615,19.53113936,1.0347973258472505
1,bv_compiler,2,double,prepared,0,8191,1.787785374,1.8228848735,1.861036503,1.26943444,1.27176169,1.665631486,1.433354132172357
1,bv_compiler,2,double,prepared,1,8191,1.787022342,1.8225033575,1.867140764,1.269113967,1.278068154,1.498428153,1.4259829194523534
1,bv_compiler,2,double,prepared,2,8191,1.832804297,1.838145526,2.331064583,1.269457331,1.271773135,1.355634233,1.4453407415309176
1,bv_compiler,2,double,vienot,0,8191,1.102582102,1.124328531,1.221615187,1.378441277,1.383236937,1.405826517,0.8128242536947233
1,bv_compiler,2,double,vienot,1,8191,1.078928092,1.114027591,1.492491759,1.38060829,1.3838893300000001,1.406574289,0.8049976012171435
1,bv_compiler,2,float,brettel,0,8191,2.26849591,2.3016878285,4.042546698,2.24391863,2.2662640400000003,3.81811592,1.0156309184961518
1,bv_compiler,2,float,brettel,1,8191,2.26544378,2.270785008,2.568367721,2.263147052,2.2757370894999998,4.082033634,0.9978239659041247
1,bv_compiler,2,float,brettel,2,8191,2.262391649,2.266206812,2.687400806,2.211817849,2.2576150655,2.30780735,1.0038056737976708
1,bv_compiler,2,float,lookup,0,8191,8.029392016,8.0423635695,8.828287144,5.930068063,5.9565262180000005,6.002426444,1.3501768103020881
1,bv_compiler,2,float,lookup,1,8191,8.031681113,8.048849347,8.856519351,5.767114821,5.9568924735,6.420385179,1.3511825809860325
1,bv_compiler,2,float,lookup,2,8191,7.394548895,7.7310462705,13.601056037,5.936187584,6.246787633,9.275698938,1.2376035051454422
1,bv_compiler,2,float,lookupApply,0,8191,13.533146136,13.561378342,16.394518374,12.404887987,13.501590922999998,15.425894274,1.0044281758602354
1,bv_compiler,2,float,lookupApply,1,8191,13.534672201,13.556800147,14.255738005,13.451196435,13.4744078865,16.278277988,1.0061147221602627
1,bv_compiler,2,float,lookupApply,2,8191,12.992156025,13.556418630500001,19.077340984,13.381531559,13.47308021,16.945046392,1.0061855506833655
1,bv_compiler,2,float,prepared,0,8191,2.416524234,2.417287267,2.46230619,0.789670065,0.8038433949999999,0.829187523,3.0071619447715934
1,bv_compiler,2,float,prepared,1,8191,2.417287267,2.421102429,2.448571603,0.78697656,0.966598248,1.588031071,2.5047660018105056
1,bv_compiler,2,float,prepared,2,8191,2.417287267,2.42415456,2.44780857,0.785427603,0.790707789,0.835993774,3.0658033140988823
1,bv_compiler,2,float,vienot,0,8191,0.901904529,0.90495666,1.331491881,0.808639055,0.9748771515000001,1.6228864,0.9282776384774055
1,bv_compiler,2,float,vienot,1,8191,0.903430595,0.9045751435,0.952264681,0.786137224,0.790875656,0.829294347,1.1437640501859119
1,default,0,double,brettel,0,65536,9.757137299,10.281467438,17.642879486,4.683080673,4.795350075,5.780611038,2.1440493972695
1,default,0,double,brettel,1,65536,10.132217407,10.3677749635,11.096286774,4.68329525,4.797508716499999,6.001196861,2.161074752786226
1,default,0,double,brettel,2,65536,9.950733185,9.9878311155,10.712337494,4.683740616,4.809951782000001,5.90942955,2.07649298125542
1,default,0,double,lookup,0,65536,9.902381897,10.136985779,10.996341705,7.950378418,8.0181622505,10.023766518,1.2642530123867066
1,default,0,double,lookup,1,65536,9.898948669,10.1952552795,10.943031311,7.774422646,7.9915394785,8.987401009,1.2757561051820812
1,default,0,double,lookup,2,65536,9.933185577,10.2455615995,17.992115021,7.352874756,8.0622148515,8.747778893,1.270812275313375
1,default,0,double,lookupApply,0,65536,12.839889526,13.443565369,14.253234863,12.275770187,12.973518371499999,14.007606506,1.0362312661870192
1,default,0,double,lookupApply,1,65536,12.616825104,13.500928878500002,14.038944244,12.466162682,13.104549885,17.662313461,1.0302474329128781
1,default,0,double,lookupApply,2,65536,12.851238251,13.4141921995,14.06583786,12.193475723,13.0259599685,13.637786865,1.029804500546512
1,default,0,double,prepared,0,65536,1.840019226,1.8535137175,2.262401581,1.401612282,1.435003757,1.83590889,1.2916438082189634
1,default,0,double,prepared,1,65536,1.798343658,1.8547058105,2.5141716,1.399568558,1.43073082,1.769678116,1.2963345617311859
1,default,0,double,prepared,2,65536,1.841259003,1.852798462,2.012348175,1.432378769,1.4433932305,1.666522026,1.2836408144703435
1,default,0,double,vienot,0,65536,1.186466217,1.1988639835,1.816368103,1.391153336,1.414765358,1.430870056,0.8473942175081163
1,default,0,double,vienot,1,65536,1.161193848,1.1871337890000002,1.357078552,1.40909481,1.687288284,4.534052849,0.7035749612305138
1,default,0,float,brettel,0,65536,8.162403107,8.258342743,13.89465332,2.270598412,2.2828402519999997,6.132593155,3.6175736500899935
1,default,0,float,brettel,1,65536,8.049583435,8.2973480225,8.925151825,2.271131516,2.3285460474999997,2.877734184,3.563317131481378
1,default,0,float,brettel,2,65536,8.076667786,8.15114975,9.04302597,2.272179604,2.3281230925000003,2.609303474,3.50116786189646
1,default,0,float,lookup,0,65536,7.571029663,8.0205440525,8.685684204,5.78800106,5.9788675305,6.176382065,1.3414821471766676
1,default,0,float,lookup,1,65536,7.388973236,7.977628708,9.066295624,5.943669319,5.9681663515,6.291657448,1.336696773875104
1,default,0,float,lookup,2,65536,7.529830933,8.0121040345,8.455848694,5.675516129,5.849438190500001,7.544260979,1.3697219756099581
1,default,0,float,lookupApply,0,65536,13.098907471,13.81611824,14.501476288,13.291697502,13.3992962835,14.230706215,1.031107749816181
1,default,0,float,lookupApply,1,65536,13.131523132,13.4583950045,14.11895752,12.968951225,13.388294697,14.258770943,1.005235939982387
1,default,0,float,lookupApply,2,65536,13.325023651,13.5959148405,14.184188843,12.118512154,13.281514168000001,14.481018066,1.0236720503794292
1,default,0,float,prepared,0,65536,2.366924286,2.4199485779999996,4.788684845,0.830471992,0.8597950935,1.025659561,2.8145643029306253
1,default,0,float,prepared,1,65536,2.362728119,2.4237155909999997,2.734470367,0.830176353,0.846076965,1.033823967,2.8646514339271723
1,default,0,float,prepared,2,65536,2.419376373,2.4292945865,2.73141861,0.830022812,0.842232227,0.867642403,2.884352448911932
1,default,0,float,vienot,0,65536,5.220413208,5.3527355195,6.011772156,0.831361771,0.8391618725000001,0.848971367,6.378668639404848
1,default,0,float,vienot,1,65536,5.198574066,5.2927017215,6.157302856,0.851011276,0.854130268,0.878603935,6.196597778806265
1,bv_split,0,double,brettel,0,65536,3.95860672,4.024267197,4.703903198,4.68593502,4.8264770509999995,5.203309059,0.8337897713957245
1,bv_split,0,double,brettel,1,65536,3.773593903,3.9677619935,4.642009735,4.795410156,4.804259777,5.122478485,0.8258841481668695
1,bv_split,0,double,brettel,2,65536,3.955364227,4.0273189545,4.928684235,4.683609009,4.8019180294999995,5.351686478,0.8386896506268237
1,bv_split,0,double,lookup,0,65536,9.742832184,10.1814270015,11.154079437,7.953541756,7.9731025695,8.536354065,1.2769717826593174
1,bv_split,0,double,lookup,1,65536,9.975528717,10.2306842805,17.031669617,7.769165039,7.9676709175,8.856485367,1.284024451616039
1,bv_split,0,double,lookup,2,65536,10.122108459,10.568141937499998,11.385822296,7.133923531,7.984074116,8.751972198,1.3236527847758268
1,bv_split,0,double,lookupApply,0,65536,12.997817993,13.3434295655,14.200210571,12.418165207,13.045542717,21.410143852,1.0228343776079025
1,bv_split,0,double,lookupApply,1,65536,13.003635406,13.147878646999999,14.165496826,12.340871811,13.0661387445,13.831864357,1.006255857533612
1,bv_split,0,double,lookupApply,2,65536,13.254070282,13.5399341585,22.088623047,11.84040451,12.9807963375,13.928889275,1.0430742310766186
1,bv_split,0,double,prepared,0,65536,1.801681519,1.808166504,2.106189728,1.434390068,1.436870575,1.782507896,1.2584059660349018
1,bv_split,0,double,prepared,1,65536,1.802921295,1.820230484,1.98802948,1.404758453,1.437693119,1.708423615,1.2660772037819013
1,bv_split,0,double,prepared,2,65536,1.842308044,1.853179932,2.001476288,1.400466919,1.440577984,2.057822227,1.2864141702723677
1,bv_split,0,double,vienot,0,65536,1.147270203,1.1873722075000002,1.225566864,1.431554794,1.5022149085,4.380369186,0.7904143413711835
1,bv_split,0,double,vienot,1,65536,1.119232178,1.1545658109999999,1.786708832,1.42701149,1.433502674,1.532012939,0.805415875352598
1,bv_split,0,float,brettel,0,65536,2.23197937,2.285909653,2.456855774,2.279444695,2.3182320595,2.407621384,0.9860573032938853
1,bv_split,0,float,brettel,1,65536,2.245521545,2.2883415224999997,2.767467499,2.271866798,2.3202595715000003,2.769108772,0.9862437593655238
1,bv_split,0,float,brettel,2,65536,2.156734467,2.285194397,2.656364441,2.271353722,2.307487488,2.66294384,0.9903388030852023
1,bv_split,0,float,lookup,0,65536,7.534599304,8.016490936,8.521175385,5.8020401,5.9685754775,7.408076286,1.3431162873318963
1,bv_split,0,float,lookup,1,65536,7.583618164,8.02989006,14.564037323,5.824607849,5.9723877905,6.707290649,1.3445024572538262
1,bv_split,0,float,lookup,2,65536,7.36913681,8.0329418185,8.327198029,5.78649807,5.9637989995,6.589284897,1.3469504621422477
1,bv_split,0,float,lookupApply,0,65536,13.419437408,13.5994434355,14.204978943,12.899720192,13.438589096000001,14.611595154,1.0119695853746935
1,bv_split,0,float,lookupApply,1,65536,13.107681274,13.745737076000001,22.498607635,12.883918762,13.3079571725,13.847660065,1.0328961010187683
1,bv_split,0,float,lookupApply,2,65536,13.276290894,13.479471207,14.619064331,12.49530983,13.342809677,13.877643585,1.0102423352583356
1,bv_split,0,float,prepared,0,65536,2.378940582,2.42023468,2.747631073,0.843067169,0.853143692,1.040454865,2.836842964080663
1,bv_split,0,float,prepared,1,65536,2.42099762,2.435874939,2.755260468,0.829848289,0.8461241724999999,1.06362915,2.878862249973127
1,bv_split,0,float,prepared,2,65536,2.377319336,2.449131012,2.839946747,0.82951355,0.845044613,0.927735329,2.8982268797682993
1,bv_split,0,float,vienot,0,65536,0.903129578,0.9268760684999999,1.314544678,0.836688042,0.9043788909999999,1.193863869,1.0248758321582718
1,bv_split,0,float,vienot,1,65536,0.921916962,0.925350189,1.016235352,0.833166122,0.844311237,1.05154705,1.09598232079434
1,bv_compiler,0,double,brettel,0,65536,3.961181641,4.014444351,4.737186432,4.688910484,4.810858249500001,6.446351051,0.8344549231765926
1,bv_compiler,0,double,brettel,1,65536,3.996276855,4.0235042575,9.238052368,4.688702583,4.8844208715,5.262823105,0.8237423357550241
1,bv_compiler,0,double,brettel,2,65536,3.872489929,4.010152817,5.115604401,4.68970108,4.806406497999999,5.220702171,0.834334927490771
1,bv_compiler,0,double,lookup,0,65536,10.074901581,10.173034668,10.971927643,7.783758163,8.0217294695,8.590658188,1.2681847108755828
1,bv_compiler,0,double,lookup,1,65536,9.930229187,10.1722240445,11.401939392,7.371696472,7.9859972,8.632458687,1.273757527049972
1,bv_compiler,0,double,lookup,2,65536,9.896373749,10.185623168500001,10.81943512,7.799557686,8.030325413,17.434575081,1.268394821461515
1,bv_compiler,0,double,lookupApply,0,65536,12.919330597,13.5778427125,14.068317413,12.310377121,12.9580631255,14.113183975,1.0478296471469062
1,bv_compiler,0,double,lookupApply,1,65536,12.91217804,13.6167526245,21.8791008,12.199949265,12.9561815265,13.461021423,1.050985014114606
1,bv_compiler,0,double,lookupApply,2,65536,12.882137299,13.338136673000001,14.22586441,12.514300346,13.0132050515,13.694753647,1.0249693768917094
1,bv_compiler,0,double,prepared,0,65536,1.839542389,1.849460602,2.296257019,1.40267849,1.4325098994999999,1.73610878,1.2910630513935937
1,bv_compiler,0,double,prepared,1,65536,1.848697662,1.852560043,2.406406403,1.369626045,1.423324108,1.456822395,1.3015728691641046
1,bv_compiler,0,double,prepared,2,65536,1.802921295,1.8403053285,1.895427704,1.398708344,1.443242073,1.854910851,1.2751189581624676
1,bv_compiler,0,double,vienot,0,65536,1.17149353,1.189661026,1.231098175,1.397514343,1.4234170915,1.907687187,0.8357782361221564
1,bv_compiler,0,double,vienot,1,65536,1.174449921,1.1920928955,1.545906067,1.397148132,1.4338607785,2.132318497,0.8313867799264866
1,bv_compiler,0,float,brettel,0,65536,2.206134796,2.2864341735,2.941703796,2.280563354,2.3255295755,2.813944817,0.9831886025394476
1,bv_compiler,0,float,brettel,1,65536,2.154350281,2.2883892059999997,5.784702301,2.271038055,2.327102661,2.957290649,0.9833640966302001
1,bv_compiler,0,float,brettel,2,65536,2.230834961,2.285242081,2.558898926,2.325318336,2.3301949505,2.459403038,0.9807085370731086
1,bv_compiler,0,float,lookup,0,65536,7.598304749,7.91387558,9.666347504,5.825775146,5.9258961679999995,6.833629608,1.3354732104040472
1,bv_compiler,0,float,lookup,1,65536,7.532024384,8.023548126,8.464717865,5.794575691,5.9764404295,14.432954788,1.3425295910916097
1,bv_compiler,0,float,lookup,2,65536,7.546520233,8.0361366275,8.527374268,5.794007301,6.0011548994999995,6.68915081,1.339098350580744
1,bv_compiler,0,float,lookupApply,0,65536,13.280773163,13.5984897615,22.946643829,12.439356804,13.3284449575,14.113790512,1.0202607884761563
1,bv_compiler,0,float,lookupApply,1,65536,13.279819489,13.6311531065,14.042949677,12.937669754,13.329657077499999,13.760630608,1.0226184385124892
1,bv_compiler,0,float,lookupApply,2,65536,13.391113281,13.698863982999999,14.116477966,13.121077538,13.375280857,22.349145889,1.024192622903365
1,bv_compiler,0,float,prepared,0,65536,2.425479889,2.440404892,3.018665314,0.842977524,0.8518929485,1.184677124,2.8646849305385467
1,bv_compiler,0,float,prepared,1,65536,2.37865448,2.427339554,3.33442688,0.829789162,0.84702158,1.118000984,2.8657351964987714
1,bv_compiler,0,float,prepared,2,65536,2.427482605,2.442550659,2.806472778,0.849633217,0.8525228499999999,0.900465012,2.8650852689754887
1,bv_compiler,0,float,vienot,0,65536,0.925254822,0.925588608,1.017951965,0.834450722,0.8532762524999999,1.002027512,1.0847467104447515
1,bv_compiler,0,float,vienot,1,65536,0.904083252,0.9263038635,0.947284698,0.830982208,0.8444318774999999,0.854201317,1.0969551105086035
1,default,1,double,brettel,0,65536,10.01291275,10.237836838,10.99615097,4.699627876,4.8810863495,6.089416504,2.097450465929316
1,default,1,double,brettel,1,65536,10.408592224,10.7284545895,11.328125,4.697125435,4.814901352,5.76816082,2.228177444392219
1,default,1,double,brettel,2,65536,9.942531586,10.2023124695,10.854911804,4.69740963,4.9309506415,5.303048134,2.069035610219868
1,default,1,double,lookup,0,65536,9.905719757,10.499238968,18.225669861,7.767234802,7.979699135,9.433642387,1.3157437129363652
1,default,1,double,lookup,1,65536,9.994029999,10.299682617,10.802650452,7.766122818,8.3182754515,14.666833878,1.238199273040748
1,default,1,double,lookup,2,65536,10.015773773,10.2156162265,11.094760895,7.911543846,8.3586707115,10.111656189,1.2221579936682017
1,default,1,double,lookupApply,0,65536,12.988090515,13.330173492499998,13.93661499,12.079567909,13.257938862,22.286626816,1.0054484057629076
1,default,1,double,lookupApply,1,65536,13.132953644,13.6536598205,14.255237579,12.663948059,13.079310416999999,13.864501953,1.0439128199567373
1,default,1,double,lookupApply,2,65536,13.102149963,13.7337207795,22.691631317,13.051814079,13.3561401365,14.254970551,1.028270191772557
1,default,1,double,prepared,0,65536,1.802062988,1.8474578855,2.064228058,1.412792206,1.4307127,2.432602882,1.2912850256379216
1,default,1,double,prepared,1,65536,1.844978333,1.8659114835000001,2.442359924,1.411888123,1.4451551435,1.919679642,1.2911495986382309
1,default,1,double,prepared,2,65536,1.844787598,1.852798462,2.554512024,1.442905426,1.489013672,1.744949341,1.2443125921814906
1,default,1,double,vienot,0,65536,1.146411896,1.179265976,1.298999786,1.407999992,1.438794613,1.658704758,0.8196207890583754
1,default,1,double,vienot,1,65536,1.177692413,1.1921882629999998,1.780128479,1.402636528,1.406270504,1.459992409,0.8477659594003685
1,default,1,float,brettel,0,65536,7.974243164,8.1722259525,14.196777344,2.279522896,2.322640419,2.824864388,3.518506732961492
1,default,1,float,brettel,1,65536,8.05644989,8.851957321,9.474563599,2.37399292,2.3946928979999997,2.620869637,3.696489570079312
1,default,1,float,brettel,2,65536,7.925796509,8.2667827605,9.939098358,2.31744194,2.321727276,2.741298676,3.5606174962730637
1,default,1,float,lookup,0,65536,7.601547241,8.1933021545,17.236042023,5.943655014,6.126092434,14.87023735,1.3374434425812647
1,default,1,float,lookup,1,65536,7.819080353,8.059263228999999,9.259414673,5.805387497,6.00404644,6.85749054,1.3423052785381187
1,default,1,float,lookup,2,65536,7.862663269,8.4055900575,15.688419342,5.888695717,6.0054011345,6.275280952,1.399671707059055
1,default,1,float,lookupApply,0,65536,13.280105591,13.711166382,14.430046082,13.294958115,13.6476922035,14.246756554,1.0046509092932006
1,default,1,float,lookupApply,1,65536,13.289356232,14.331483841,14.792537689,12.985506058,13.834974766,17.997663498,1.0358879639029188
1,default,1,float,lookupApply,2,65536,13.290786743,13.91620636,14.604949951,12.819377899,13.346669674000001,14.073303223,1.042672569255946
1,default,1,float,prepared,0,65536,2.367401123,2.3934841154999997,3.194904327,0.845991135,0.8665976525,1.064584732,2.7619323784170993
1,default,1,float,prepared,1,65536,2.436447144,2.4901866915,2.813339233,0.825889587,0.8687133785000001,1.153287888,2.866522783152924
1,default,1,float,prepared,2,65536,2.377510071,2.4817466735,3.14617157,0.843344688,0.8469877245,1.164204597,2.9300857635983366
1,default,1,float,vienot,0,65536,5.180835724,5.3315162659999995,6.111240387,0.844593048,0.8475317955,0.857728004,6.290638645426488
1,default,1,float,vienot,1,65536,5.170726776,5.514383316,5.824947357,0.865919113,0.869391918,1.179796219,6.342804898262235
1,bv_split,1,double,brettel,0,65536,3.905391693,4.113006592,7.055664062,4.690572739,4.7950286865,5.235411644,0.8577647519773601
1,bv_split,1,double,brettel,1,65536,3.962135315,4.017829895,4.622364044,4.787748337,4.958785534,6.00576973,0.8102447398564989
1,bv_split,1,double,brettel,2,65536,4.020309448,4.125881195,4.861164093,4.692399025,4.8025670055,5.379356384,0.8590991422451689
1,bv_split,1,double,lookup,0,65536,9.983158112,10.590839385999999,11.717987061,7.897612572,7.9735178945000005,13.227546692,1.328251786241727
1,bv_split,1,double,lookup,1,65536,9.978961945,10.70728302,11.936473846,7.950720787,7.974122047,8.740602493,1.3427538426036836
1,bv_split,1,double,lookup,2,65536,9.964561462,10.42470932,19.213485718,7.648852348,7.988448143,8.881941795,1.3049730227184126
1,bv_split,1,double,lookupApply,0,65536,12.842655182,13.3513927455,14.155769348,12.00666523,13.0064530375,13.657405853,1.0265206591686047
1,bv_split,1,double,lookupApply,1,65536,12.969398499,13.537645340000001,14.34545517,12.627216339,13.3311915395,22.885766029,1.0154865227079126
1,bv_split,1,double,lookupApply,2,65536,13.317871094,13.6960029605,14.406299591,12.095934868,12.9875969885,16.782221794,1.0545448070668704
1,bv_split,1,double,prepared,0,65536,1.800823212,1.8428325655,2.425193787,1.405489922,1.419474125,1.584264755,1.2982501991714712
1,bv_split,1,double,prepared,1,65536,1.842403412,1.847267151,2.444839478,1.418652534,1.4473028185,2.450972557,1.2763515191067805
1,bv_split,1,double,prepared,2,65536,1.840686798,1.9041061405000002,2.472496033,1.406813622,1.457230568,2.074415207,1.3066608554014358
1,bv_split,1,double,vienot,0,65536,1.177692413,1.1919021609999998,1.233673096,1.39961338,1.411705017,1.605045319,0.8442997273841946
1,bv_split,1,double,vienot,1,65536,1.178646088,1.191997528,1.276779175,1.416620255,1.4324741365,1.502293587,0.8321249910399342
1,bv_split,1,float,brettel,0,65536,2.230739594,2.2856712339999996,2.900314331,2.317324638,2.3210620879999997,2.529051781,0.9847523018953381
1,bv_split,1,float,brettel,1,65536,2.205276489,2.287578583,2.673339844,2.333678246,2.3774228094999996,2.870166779,0.9622094033333117
1,bv_split,1,float,brettel,2,65536,2.284145355,2.2904396055,2.923202515,2.302395821,2.333706856,2.413208008,0.9814598605695659
1,bv_split,1,float,lookup,0,65536,7.669734955,8.0253601075,8.518409729,5.950117111,6.030358790999999,6.565290451,1.3308263049749935
1,bv_split,1,float,lookup,1,65536,7.75270462,8.069562912,8.377361298,5.949970245,5.9898252485,6.549648285,1.3472117427834507
1,bv_split,1,float,lookup,2,65536,8.025741577,8.289194107,9.742736816,5.774458885,5.9371123315,6.407504082,1.396165954789296
1,bv_split,1,float,lookupApply,0,65536,13.175773621,13.4523391725,14.041900635,13.292505264,13.430676460499999,22.254765511,1.0016129278419976
1,bv_split,1,float,lookupApply,1,65536,13.098430634,13.5351181035,14.377880096,12.668203354,13.5944814685,15.196240425,0.995633274785982
1,bv_split,1,float,lookupApply,2,65536,13.491725922,13.89708519,18.438529968,13.175536156,13.4459490775,14.085619926,1.0335518236682093
1,bv_split,1,float,prepared,0,65536,2.362823486,2.393722534,2.530574799,0.845221519,0.9186387065,1.031612396,2.605727928795911
1,bv_split,1,float,prepared,1,65536,2.419376373,2.4247646335,2.94752121,0.859487534,0.866229534,1.066742897,2.7992172262969737
1,bv_split,1,float,prepared,2,65536,2.419376373,2.4247646334999997,2.79083252,0.845916748,0.8574852945,1.211872101,2.8277623523723294
1,bv_split,1,float,vienot,0,65536,0.901031494,0.925207138,1.027774811,0.84414196,0.9167494775,0.947096825,1.0092257052854443
1,bv_split,1,float,vienot,1,65536,0.92458725,0.926065445,1.384353638,0.860518456,0.8661494255,0.870178223,1.069175153542834
1,bv_compiler,1,double,brettel,0,65536,3.873443604,4.098558426,4.827594757,4.696265221,4.826010227,5.251508713,0.8492643474043762
1,bv_compiler,1,double,brettel,1,65536,3.870868683,4.0338516235,4.820919037,4.689864159,4.809499264,5.659495354,0.8387259051465363
1,bv_compiler,1,double,brettel,2,65536,3.928089142,4.015827179,4.787731171,4.801268578,4.824411392,5.544293404,0.832397333622746
1,bv_compiler,1,double,lookup,0,65536,9.665489197,10.1288318635,10.919857025,7.766280174,7.9049859045,9.329332352,1.2813219385671581
1,bv_compiler,1,double,lookup,1,65536,9.667873383,10.2023124695,15.774917603,7.814963341,8.196337223,9.680041313,1.244740448315251
1,bv_compiler,1,double,lookup,2,65536,9.666347504,10.487937927,11.140537262,7.803990364,7.9806480405,8.547818184,1.3141712143896167
1,bv_compiler,1,double,lookupApply,0,65536,12.830543518,13.431358337,14.254570007,12.337726593,13.111590862,20.912574768,1.024388152312375
1,bv_compiler,1,double,lookupApply,1,65536,13.008022308,13.3168697355,13.918876648,12.081930161,12.842043877,13.511642456,1.036974321459095
1,bv_compiler,1,double,lookupApply,2,65536,12.985992432,13.597774505499999,20.738792419,12.302296638,13.0072169305,13.998978615,1.0454023007500728
1,bv_compiler,1,double,prepared,0,65536,1.799488068,1.8533706665,2.626609802,1.43663311,1.446694851,2.001984596,1.2811068382657844
1,bv_compiler,1,double,prepared,1,65536,1.798820496,1.8465995789999998,2.347183228,1.405905724,1.44800806,1.989412308,1.2752688538211587
1,bv_compiler,1,double,prepared,2,65536,1.80015564,1.856374741,2.789783478,1.408201218,1.4433517455,1.545779228,1.2861554688853216
1,bv_compiler,1,double,vienot,0,65536,1.142978668,1.172924042,1.933383942,1.427968025,1.4380626675000001,1.695492744,0.8156279058680174
1,bv_compiler,1,double,vienot,1,65536,1.145362854,1.1720657345,1.365375519,1.394451141,1.423605442,1.496658325,0.8233079896445072
1,bv_compiler,1,float,brettel,0,65536,2.233409882,2.3064136505,2.943325043,2.279519081,2.355100632,2.576525688,0.9793270058873645
1,bv_compiler,1,float,brettel,1,65536,2.272891998,2.2892951965000004,2.630996704,2.274348259,2.3355708125000003,2.463517189,0.9801865926083969
1,bv_compiler,1,float,brettel,2,65536,2.164554596,2.2864818575,6.178379059,2.324587822,2.332148552,2.33959198,0.980418616789725
1,bv_compiler,1,float,lookup,0,65536,7.545185089,8.0259799955,8.854389191,5.795741081,6.0190057755,8.171253204,1.3334394906496465
1,bv_compiler,1,float,lookup,1,65536,7.634449005,8.0268859865,8.330917358,5.776482582,5.968434334,7.06029129,1.344889721040198
1,bv_compiler,1,float,lookup,2,65536,7.501316071,8.193635940499998,9.058666229,5.806506157,5.9325985905,10.920791626,1.3811209060428675
1,bv_compiler,1,float,lookupApply,0,65536,13.163757324,13.751077652,14.172554016,13.086564064,13.6957945825,14.58067131,1.0040364996106643
1,bv_compiler,1,float,lookupApply,1,65536,13.089466095,13.5800361635,22.943687439,12.687174797,13.324037075,13.687432289,1.0192133275417203
1,bv_compiler,1,float,lookupApply,2,65536,13.057422638,13.6197090145,14.17131424,12.698242188,13.3653650285,13.84845829,1.0190300815172382
1,bv_compiler,1,float,prepared,0,65536,2.423191071,2.439546585,2.992725372,0.8595047,0.867470741,1.116431236,2.812252298201721
1,bv_compiler,1,float,prepared,1,65536,2.367687225,2.43601799,3.054046631,0.852359772,0.8593444825000001,0.964271545,2.834739780853832
1,bv_compiler,1,float,prepared,2,65536,2.369308472,2.4247169495,2.867698669,0.849755287,0.8610963825,1.05795002,2.8158484912692106
1,bv_compiler,1,float,vienot,0,65536,0.900745392,0.920152664,0.941467285,0.860518456,0.9038257595000001,1.109051704,1.0180642168342624
1,bv_compiler,1,float,vienot,1,65536,0.922966003,0.927066803,0.951957703,0.834173203,0.8606824875,1.194750786,1.0771298550442505
1,default,2,double,brettel,0,65536,9.982967377,10.0110054015,11.35263443,4.687912941,4.795701504,11.128369331,2.0874955192999436
1,default,2,double,brettel,1,65536,10.395050049,10.6372356415,11.614608765,4.690049171,4.7989339829999995,5.576451302,2.2165830326447318
1,default,2,double,brettel,2,65536,9.724330902,9.9814414975,19.325637817,4.690156937,4.7961978915,5.949872971,2.0811154425444958
1,default,2,double,lookup,0,65536,9.992408752,10.193157196000001,12.407684326,7.130417824,7.9208226205,8.712948799,1.2868811339896613
1,default,2,double,lookup,1,65536,9.664154053,10.14714241,10.842895508,7.767458916,8.011922836,9.048741341,1.266505259437324
1,default,2,double,lookup,2,65536,9.902095795,10.287237167,10.870265961,7.598105431,7.9693117145,9.271735191,1.2908564171586592
1,default,2,double,lookupApply,0,65536,13.193798065,13.394641876,14.373397827,11.837599754,12.847560405500001,21.190120697,1.042582517865866
1,default,2,double,lookupApply,1,65536,12.715530396,13.4496688845,14.447021484,12.128300667,12.98406744,13.478740692,1.0358594444038098
1,default,2,double,lookupApply,2,65536,13.007259369,13.411808014,20.077419281,11.842533112,12.618798733,14.209241867,1.062843484374322
1,default,2,double,prepared,0,65536,1.835536957,1.8410682674999999,2.180767059,1.404022217,1.429640293,1.45773983,1.287784260498595
1,default,2,double,prepared,1,65536,1.840400696,1.8481731415,2.102088928,1.433374405,1.443490982,1.895492554,1.2803496277748136
1,default,2,double,prepared,2,65536,1.797485352,1.8017292025,2.447509766,1.400046349,1.4199786185,1.532483101,1.2688424875039763
1,default,2,double,vienot,0,65536,1.173686981,1.1916160585,1.936912537,1.396923065,1.4285202030000002,3.733009338,0.83416115221718
1,default,2,double,vienot,1,65536,1.183700562,1.1921882629999998,1.986312866,1.391600609,1.426328182,1.534276962,0.8358442874825002
1,default,2,float,brettel,0,65536,7.978153229,8.213663101,9.813690186,2.279965401,2.3186116214999997,2.683432579,3.5424919916886566
1,default,2,float,brettel,1,65536,8.235168457,8.302450180000001,9.625339508,2.263363838,2.323656559,2.507372856,3.573010885727886
1,default,2,float,brettel,2,65536,7.925987244,8.138036728,9.080314636,2.263760567,2.2933983805000002,2.802674294,3.5484618796258887
1,default,2,float,lookup,0,65536,7.558917999,8.111381530500001,9.206104279,5.819998741,5.9716415405,6.806700706,1.3583168841411808
1,default,2,float,lookup,1,65536,7.367897034,7.962846756,9.470939636,5.819387436,5.9339928625,6.966132164,1.3419036625947744
1,default,2,float,lookup,2,65536,7.539844513,8.0354213715,9.551048279,5.663147926,5.9564695355,6.780361176,1.349024170040599
1,default,2,float,lookupApply,0,65536,13.293457031,13.706302643,14.566326141,12.909150124,13.427077293,13.787492752,1.0207956909688434
1,default,2,float,lookupApply,1,65536,13.495254517,13.711786270000001,14.673995972,12.414073944,13.3848133085,13.774600029,1.0244286531282703
1,default,2,float,lookupApply,2,65536,13.330364227,13.7134075165,22.670555115,12.751929283,13.374047756,13.999170303,1.025374498931915
1,default,2,float,prepared,0,65536,2.418994904,2.4353504185,3.256320953,0.843304634,0.846726894,0.858645439,2.8761935350786203
1,default,2,float,prepared,1,65536,2.419281006,2.4385929105,3.894424438,0.825393677,0.846335888,1.199255943,2.8813535442325473
1,default,2,float,prepared,2,65536,2.418804169,2.425003052,6.803226471,0.825819969,0.8459739685000001,1.178994179,2.8665220707674766
1,default,2,float,vienot,0,65536,5.138397217,5.3351402285,6.249237061,0.844186783,0.8499870300000001,0.947731018,6.276731338477012
1,default,2,float,vienot,1,65536,5.334377289,5.392551422,5.696678162,0.824427605,0.8472080230000001,0.956102371,6.3650854047684104
1,bv_split,2,double,brettel,0,65536,3.936004639,4.033136368,4.809570312,4.675789833,4.789021014999999,5.343661308,0.842163013143512
1,bv_split,2,double,brettel,1,65536,3.957557678,4.030323029,9.009170532,4.676015854,4.797021389,5.503246307,0.8401719946969366
1,bv_split,2,double,brettel,2,65536,3.957462311,4.027986525999999,4.681682587,4.674590111,4.677799225,5.69011879,0.8610858081451752
1,bv_split,2,double,lookup,0,65536,9.971237183,10.217475891,11.077976227,7.766001701,7.97390604,10.058853149,1.281363968893719
1,bv_split,2,double,lookup,1,65536,9.961509705,10.2474212645,11.036968231,7.151245117,7.972425937500001,8.789348602,1.2853579757071276
1,bv_split,2,double,lookup,2,65536,9.952926636,10.234642029,11.158275604,7.590698242,7.9296188355,14.100750923,1.2906852449427548
1,bv_split,2,double,lookupApply,0,65536,13.30909729,13.489580153999999,14.183616638,12.481351852,13.249070167500001,13.773485184,1.0181529709979171
1,bv_split,2,double,lookupApply,1,65536,12.967967987,13.6177062985,19.563293457,12.126364708,12.949761391,13.684494972,1.0515797077129327
1,bv_split,2,double,lookupApply,2,65536,13.292884827,13.407182693500001,13.978004456,12.048041344,12.9974484445,13.956136703,1.0315242065201946
1,bv_split,2,double,prepared,0,65536,1.842975616,1.853322983,2.495002747,1.389938354,1.4256854055,1.587224007,1.2999522726754884
1,bv_split,2,double,prepared,1,65536,1.843929291,1.8610477445,2.280902863,1.391726494,1.4209122655000002,1.938523293,1.3097555631593636
1,bv_split,2,double,prepared,2,65536,1.84469223,1.860809326,2.361869812,1.386113167,1.3939619065,3.258371353,1.334906870354997
1,bv_split,2,double,vienot,0,65536,1.146697998,1.193094254,1.429748535,1.383784294,1.4118280410000001,1.52263546,0.8450705180461846
1,bv_split,2,double,vienot,1,65536,1.163673401,1.1887073515,1.518726349,1.384243011,1.401538372,1.586280823,0.8481447067365773
1,bv_split,2,float,brettel,0,65536,2.205181122,2.287006378,2.905464172,2.219655037,2.2798280715,3.376179695,1.0031486174724031
1,bv_split,2,float,brettel,1,65536,2.205085754,2.250289917,7.099342346,2.270849228,2.3326869009999998,2.367841721,0.9646772209486506
1,bv_split,2,float,brettel,2,65536,2.231407166,2.2848129275,2.451515198,2.271481514,2.3339223860000002,3.184386253,0.9789584011899527
1,bv_split,2,float,lookup,0,65536,7.535076141,8.0072402955,9.531974792,5.792579651,5.9326024055,6.418767929,1.3497011510625834
1,bv_split,2,float,lookup,1,65536,7.534980774,8.017396927,8.930492401,5.789481163,5.825153351,13.113476753,1.3763409208143265
1,bv_split,2,float,lookup,2,65536,7.371234894,7.916975021000001,9.008216858,5.781371117,5.871594429,6.802798271,1.3483518176762683
1,bv_split,2,float,lookupApply,0,65536,13.376998901,13.747835159000001,21.485424042,12.688530922,13.377425194,14.282094002,1.0276891823073797
1,bv_split,2,float,lookupApply,1,65536,13.050365448,13.590669632000001,14.31350708,12.79139328,13.281175613,14.161480904,1.023303209596676
1,bv_split,2,float,lookupApply,2,65536,13.111305237,13.633251190500001,14.3699646,12.409780502,13.390835762,22.000685692,1.0181030842890268
1,bv_split,2,float,prepared,0,65536,2.422237396,2.443408966,3.130722046,0.792471886,0.84449482,0.856230736,2.893338014790902
1,bv_split,2,float,prepared,1,65536,2.378082275,2.4235725405000004,3.078651428,0.829553604,0.8447694775000001,0.859857559,2.8689158463351325
1,bv_split,2,float,prepared,2,65536,2.377986908,2.422761917,3.236675262,0.828986168,0.850820541,0.867842674,2.8475592680830677
1,bv_split,2,float,vienot,0,65536,0.924682617,0.9270191194999999,1.192474365,0.811754227,0.8536138535,1.109224319,1.085993527048586
1,bv_split,2,float,vienot,1,65536,0.90303421,0.9277820585000001,1.292705536,0.830539703,0.8467798234999999,1.257415771,1.095659146276293
1,bv_compiler,2,double,brettel,0,65536,3.911018372,4.0211677555000005,5.255126953,4.795001984,4.8046183585,6.100679398,0.836938015771019
1,bv_compiler,2,double,brettel,1,65536,3.923416138,4.003095627,4.759597778,4.680888176,4.7422924040000005,6.172230721,0.8441266978019941
1,bv_compiler,2,double,brettel,2,65536,4.005908966,4.0309906005,4.525947571,4.684501648,4.765408039,5.067212105,0.8458857179721981
1,bv_compiler,2,double,lookup,0,65536,9.927558899,10.192871094000001,17.978000641,7.235106468,7.9885287285,9.238724709,1.275938466320557
1,bv_compiler,2,double,lookup,1,65536,9.742355347,10.391426086,11.143779755,7.955914497,8.035676479500001,8.990244865,1.29316133028872
1,bv_compiler,2,double,lookup,2,65536,10.058879852,10.224962234500001,10.582828522,7.951874733,8.0003290175,17.348578453,1.2780677159819072
1,bv_compiler,2,double,lookupApply,0,65536,12.984752655,13.2967948915,14.945793152,12.510278702,13.0591754915,14.508317947,1.018195589771702
1,bv_compiler,2,double,lookupApply,1,65536,12.829113007,13.3883476255,22.979354858,12.15141201,12.9341716765,14.263210297,1.0351144209586447
1,bv_compiler,2,double,lookupApply,2,65536,13.023090363,13.3228302,14.459228516,11.845813751,13.3035125735,21.752124786,1.0014520696239637
1,bv_compiler,2,double,prepared,0,65536,1.841449738,1.8530845645,2.641010284,1.432435989,1.440812111,2.62381649,1.2861389423037686
1,bv_compiler,2,double,prepared,1,65536,1.797199249,1.8498897555,2.002620697,1.394737244,1.4055848119999999,2.719921112,1.3160997043414269
1,bv_compiler,2,double,prepared,2,65536,1.842784882,1.8496990205000001,2.943611145,1.359189034,1.4017581940000001,2.308221817,1.3195564173745076
1,bv_compiler,2,double,vienot,0,65536,1.173591614,1.1882305145,1.202487946,1.420810699,1.4266963005000002,1.865980148,0.8328545564207132
1,bv_compiler,2,double,vienot,1,65536,1.159191132,1.1945247650000002,1.888847351,1.392776489,1.3964333535,1.539881706,0.855411224607362
1,bv_compiler,2,float,brettel,0,65536,2.233219147,2.2964477535,2.507591248,2.226934433,2.342427254,3.527053833,0.9803710017369871
1,bv_compiler,2,float,brettel,1,65536,2.154541016,2.289056778,2.995014191,2.339820862,2.3755931854999996,2.83614254,0.9635727160575324
1,bv_compiler,2,float,brettel,2,65536,2.232551575,2.28433609,3.71723175,2.28571701,2.319479942,3.214024544,0.9848483915020637
1,bv_compiler,2,float,lookup,0,65536,7.840633392,8.105134964000001,15.614414215,5.923780441,5.9690470695,6.799489021,1.3578607891056438
1,bv_compiler,2,float,lookup,1,65536,7.35616684,8.0206394195,8.582687378,5.781921387,5.9645600315,7.397963524,1.3447160188080003
1,bv_compiler,2,float,lookup,2,65536,7.416725159,8.044719696000001,9.524822235,5.824654579,5.96913147,7.355248451,1.3477203067869439
1,bv_compiler,2,float,lookupApply,0,65536,13.179588318,13.613414764,23.157310486,12.98928833,13.5686039925,15.200544357,1.0033025336670427
1,bv_compiler,2,float,lookupApply,1,65536,13.015556335,13.4915828705,14.014720917,12.983968735,13.577472686499998,22.673148155,0.9936740939950188
1,bv_compiler,2,float,lookupApply,2,65536,12.866687775,13.562965392999999,14.691352844,12.923344612,13.42880106,14.312229156,1.0099907901234482
1,bv_compiler,2,float,prepared,0,65536,2.366161346,2.4224758150000003,3.026485443,0.823547363,0.8460931775,0.872675896,2.8631312477401467
1,bv_compiler,2,float,prepared,1,65536,2.422714233,2.4259090425,2.63299942,0.845238686,0.8613910675,1.009778023,2.816269095453558
1,bv_compiler,2,float,prepared,2,65536,2.366638184,2.420473099,3.549957275,0.842831612,0.845902443,3.145584106,2.8614092783746696
1,bv_compiler,2,float,vienot,0,65536,0.901126862,0.926589966,1.497268677,0.827609062,0.8654150965,1.061652184,1.07068847047782
1,bv_compiler,2,float,vienot,1,65536,0.898838043,0.91252327,0.925922394,0.863759995,0.8671245575,1.218900681,1.0523554685510104
