variant,scalar,mode,deficiency,n,block,reverse,samples,min_ns,median_ns,max_ns
index,double,brettel,0,1024,0,0,9,5.2734375,5.279541016,5.865478516
index,double,brettel,0,1024,0,1,9,5.2734375,5.279541016,5.444335938
index,double,brettel,0,1024,1,0,9,5.279541016,5.279541016,5.908203125
index,double,brettel,0,1024,1,1,9,5.2734375,5.279541016,5.914306641
index,double,brettel,0,1024,2,0,9,5.2734375,5.279541016,5.853271484
index,double,brettel,0,1024,2,1,9,5.2734375,5.279541016,5.865478516
index,double,brettel,0,65536,0,0,9,13.629722595,13.66109848,13.745117188
index,double,brettel,0,65536,0,1,9,13.616752625,13.638114929,13.677883148
index,double,brettel,0,65536,1,0,9,13.626098633,13.678073883,14.067173004
index,double,brettel,0,65536,1,1,9,13.62247467,13.659286499,13.68522644
index,double,brettel,0,65536,2,0,9,13.626480103,13.645648956,13.727283478
index,double,brettel,0,65536,2,1,9,13.607311249,13.625240326,13.697528839
index,double,brettel,0,8191,0,0,9,5.309180808,5.451867904,6.323251129
index,double,brettel,0,8191,0,1,9,5.250427298,5.358014894,6.165303382
index,double,brettel,0,8191,1,0,9,5.309943841,5.395403492,5.531223294
index,double,brettel,0,8191,1,1,9,5.253479429,5.337413014,5.390825296
index,double,brettel,0,8191,2,0,9,5.266450983,5.345806373,5.399218655
index,double,brettel,0,8191,2,1,9,5.257294592,5.335123916,5.358777927
index,double,brettel,1,1024,0,0,9,5.2734375,5.279541016,5.908203125
index,double,brettel,1,1024,0,1,9,5.2734375,5.279541016,7.446289062
index,double,brettel,1,1024,1,0,9,5.2734375,5.279541016,5.926513672
index,double,brettel,1,1024,1,1,9,5.2734375,5.279541016,5.285644531
index,double,brettel,1,1024,2,0,9,5.2734375,5.2734375,5.279541016
index,double,brettel,1,1024,2,1,9,5.2734375,5.279541016,5.285644531
index,double,brettel,1,65536,0,0,9,13.667964935,13.687610626,13.736629486
index,double,brettel,1,65536,0,1,9,13.656139374,13.668823242,13.702201843
index,double,brettel,1,65536,1,0,9,13.640213013,13.672637939,13.726234436
index,double,brettel,1,65536,1,1,9,13.658809662,13.686275482,13.706493378
index,double,brettel,1,65536,2,0,9,13.663959503,13.684368134,14.109706879
index,double,brettel,1,65536,2,1,9,13.645553589,13.695907593,13.726711273
index,double,brettel,1,8191,0,0,9,5.250427298,5.333597851,5.471706751
index,double,brettel,1,8191,0,1,9,5.261109755,5.356488829,9.239561714
index,double,brettel,1,8191,1,0,9,5.260346722,5.342754242,5.509095349
index,double,brettel,1,8191,1,1,9,5.261109755,5.344280308,5.575479184
index,double,brettel,1,8191,2,0,9,5.255005494,5.338939079,5.393114394
index,double,brettel,1,8191,2,1,9,5.266450983,5.345806373,5.415242339
index,double,brettel,2,1024,0,0,9,5.279541016,5.285644531,5.291748047
index,double,brettel,2,1024,0,1,9,5.279541016,5.279541016,5.297851562
index,double,brettel,2,1024,1,0,9,5.279541016,5.285644531,6.097412109
index,double,brettel,2,1024,1,1,9,5.279541016,5.285644531,6.604003906
index,double,brettel,2,1024,2,0,9,5.279541016,5.279541016,6.072998047
index,double,brettel,2,1024,2,1,9,5.279541016,5.285644531,5.291748047
index,double,brettel,2,65536,0,0,9,13.689994812,13.716983795,13.800239563
index,double,brettel,2,65536,0,1,9,13.677501678,13.695335388,13.957977295
index,double,brettel,2,65536,1,0,9,13.68637085,13.720798492,13.855075836
index,double,brettel,2,65536,1,1,9,13.655757904,13.714504242,13.752937317
index,double,brettel,2,65536,2,0,9,13.712978363,13.733482361,14.002323151
index,double,brettel,2,65536,2,1,9,13.69228363,13.72051239,13.770961761
index,double,brettel,2,8191,0,0,9,5.263398852,5.336649982,5.467128556
index,double,brettel,2,8191,0,1,9,5.26263582,5.341228177,6.01193383
index,double,brettel,2,8191,1,0,9,5.26263582,5.348095471,5.863142473
index,double,brettel,2,8191,1,1,9,5.273318276,5.345806373,5.945549994
index,double,brettel,2,8191,2,0,9,5.255005494,5.335886949,5.393877426
index,double,brettel,2,8191,2,1,9,5.299261384,5.356488829,5.992858015
index,double,lookup,0,1024,0,0,9,45.715332031,46.246337891,48.712158203
index,double,lookup,0,1024,0,1,9,45.715332031,46.246337891,47.064208984
index,double,lookup,0,1024,1,0,9,45.727539062,46.276855469,46.533203125
index,double,lookup,0,1024,1,1,9,45.703125,46.276855469,47.955322266
index,double,lookup,0,1024,2,0,9,45.721435547,46.228027344,46.551513672
index,double,lookup,0,1024,2,1,9,45.806884766,46.240234375,47.210693359
index,double,lookup,0,65536,0,0,9,46.332550049,46.430778503,46.523571014
index,double,lookup,0,65536,0,1,9,46.366214752,46.43201828,46.743392944
index,double,lookup,0,65536,1,0,9,46.36182785,46.417331696,46.787548065
index,double,lookup,0,65536,1,1,9,46.32730484,46.382808685,46.436309814
index,double,lookup,0,65536,2,0,9,46.332168579,46.455574036,47.064208984
index,double,lookup,0,65536,2,1,9,46.339511871,46.392822266,46.480941772
index,double,lookup,0,8191,0,0,9,46.302344036,46.416798926,46.62663289
index,double,lookup,0,8191,0,1,9,46.301581004,46.416798926,47.658252961
index,double,lookup,0,8191,1,0,9,46.258851178,46.398486143,46.637315346
index,double,lookup,0,8191,1,1,9,46.297765841,46.354993285,50.782108412
index,double,lookup,0,8191,2,0,9,46.25045782,46.289372482,46.498443414
index,double,lookup,0,8191,2,1,9,46.293187645,46.33591747,49.517000366
index,double,lookup,1,1024,0,0,9,45.727539062,47.485351562,60.443115234
index,double,lookup,1,1024,0,1,9,45.794677734,47.125244141,62.445068359
index,double,lookup,1,1024,1,0,9,45.721435547,46.490478516,65.228271484
index,double,lookup,1,1024,1,1,9,45.715332031,47.009277344,48.406982422
index,double,lookup,1,1024,2,0,9,45.794677734,46.435546875,67.327880859
index,double,lookup,1,1024,2,1,9,45.727539062,46.234130859,47.540283203
index,double,lookup,1,65536,0,0,9,46.356964111,46.531295776,55.410289764
index,double,lookup,1,65536,0,1,9,46.384334564,46.436023712,46.729946136
index,double,lookup,1,65536,1,0,9,46.36926651,46.433353424,46.870613098
index,double,lookup,1,65536,1,1,9,46.374416351,46.411514282,46.574401855
index,double,lookup,1,65536,2,0,9,46.391201019,46.452903748,46.58498764
index,double,lookup,1,65536,2,1,9,46.355628967,46.409988403,46.530151367
index,double,lookup,1,8191,0,0,9,46.273348797,46.485471859,46.755585399
index,double,lookup,1,8191,0,1,9,46.324471981,46.448846295,46.697594921
index,double,lookup,1,8191,1,0,9,46.25656208,46.286320352,46.387040654
index,double,lookup,1,8191,1,1,9,46.264955439,46.358808448,46.715907704
index,double,lookup,1,8191,2,0,9,46.255799048,46.285557319,46.411457697
index,double,lookup,1,8191,2,1,9,46.272585765,46.340495666,46.464106947
index,double,lookup,2,1024,0,0,9,45.727539062,46.234130859,46.380615234
index,double,lookup,2,1024,0,1,9,45.733642578,47.045898438,58.3984375
index,double,lookup,2,1024,1,0,9,45.739746094,46.307373047,48.669433594
index,double,lookup,2,1024,1,1,9,45.721435547,47.045898438,48.4375
index,double,lookup,2,1024,2,0,9,45.721435547,46.270751953,47.436523438
index,double,lookup,2,1024,2,1,9,45.739746094,47.106933594,51.086425781
index,double,lookup,2,65536,0,0,9,46.371269226,46.451187134,46.553325653
index,double,lookup,2,65536,0,1,9,46.372413635,46.401882172,46.540355682
index,double,lookup,2,65536,1,0,9,46.363449097,46.44203186,46.578407288
index,double,lookup,2,65536,1,1,9,46.368503571,46.432876587,46.74654007
index,double,lookup,2,65536,2,0,9,46.323299408,46.415710449,46.541976929
index,double,lookup,2,65536,2,1,9,46.352100372,46.479988098,46.633338928
index,double,lookup,2,8191,0,0,9,46.297765841,46.438163838,46.82959956
index,double,lookup,2,8191,0,1,9,46.396960078,46.632737151,47.69335246
index,double,lookup,2,8191,1,0,9,46.259614211,46.329050177,46.67088878
index,double,lookup,2,8191,1,1,9,46.29166158,46.406116469,47.352276889
index,double,lookup,2,8191,2,0,9,46.25656208,46.31531559,46.380173361
index,double,lookup,2,8191,2,1,9,46.219936516,46.351178122,47.054694177
index,double,lookupApply,0,1024,0,0,9,53.082275391,53.564453125,53.643798828
index,double,lookupApply,0,1024,0,1,9,53.143310547,53.576660156,53.674316406
index,double,lookupApply,0,1024,1,0,9,53.082275391,53.631591797,54.034423828
index,double,lookupApply,0,1024,1,1,9,52.972412109,53.576660156,53.900146484
index,double,lookupApply,0,1024,2,0,9,53.082275391,53.533935547,53.918457031
index,double,lookupApply,0,1024,2,1,9,53.039550781,53.674316406,53.735351562
index,double,lookupApply,0,65536,0,0,9,53.805160522,53.864192963,54.126930237
index,double,lookupApply,0,65536,0,1,9,53.67193222,53.79486084,53.894138336
index,double,lookupApply,0,65536,1,0,9,53.787136078,53.810405731,53.995132446
index,double,lookupApply,0,65536,1,1,9,53.73506546,53.764533997,54.060745239
index,double,lookupApply,0,65536,2,0,9,53.749084473,53.826999664,53.868198395
index,double,lookupApply,0,65536,2,1,9,53.741455078,53.777980804,54.100704193
index,double,lookupApply,0,8191,0,0,9,53.635850324,53.680869247,54.147845196
index,double,lookupApply,0,8191,0,1,9,53.612196313,53.677054084,54.211176901
index,double,lookupApply,0,8191,1,0,9,53.628219998,53.658741301,53.766328898
index,double,lookupApply,0,8191,1,1,9,53.648058845,53.667897693,53.88765108
index,double,lookupApply,0,8191,2,0,9,53.602276889,53.644243682,53.798376267
index,double,lookupApply,0,8191,2,1,9,53.596172628,53.624404835,53.740385789
index,double,lookupApply,1,1024,0,0,9,52.935791016,54.205322266,57.940673828
index,double,lookupApply,1,1024,0,1,9,53.082275391,53.704833984,54.888916016
index,double,lookupApply,1,1024,1,0,9,53.460693359,53.80859375,54.278564453
index,double,lookupApply,1,1024,1,1,9,52.935791016,54.309082031,54.742431641
index,double,lookupApply,1,1024,2,0,9,53.082275391,53.564453125,53.778076172
index,double,lookupApply,1,1024,2,1,9,52.923583984,53.570556641,53.607177734
index,double,lookupApply,1,65536,0,0,9,53.778648376,53.899669647,56.051158905
index,double,lookupApply,1,65536,0,1,9,53.731536865,53.802871704,53.841972351
index,double,lookupApply,1,65536,1,0,9,53.713321686,53.820610046,53.870105743
index,double,lookupApply,1,65536,1,1,9,53.743362427,53.830909729,53.980255127
index,double,lookupApply,1,65536,2,0,9,53.70092392,53.786277771,54.244041443
index,double,lookupApply,1,65536,2,1,9,53.779029846,53.880405426,54.462146759
index,double,lookupApply,1,8191,0,0,9,53.623641802,53.720546942,54.041783665
index,double,lookupApply,1,8191,0,1,9,53.623641802,53.653400073,53.841106092
index,double,lookupApply,1,8191,1,0,9,53.580148944,53.623641802,53.828897571
index,double,lookupApply,1,8191,1,1,9,53.623641802,53.837290929,54.067726773
index,double,lookupApply,1,8191,2,0,9,53.580911977,53.690025638,54.082987425
index,double,lookupApply,1,8191,2,1,9,53.606855085,53.683158345,54.003632035
index,double,lookupApply,2,1024,0,0,9,52.990722656,53.582763672,54.644775391
index,double,lookupApply,2,1024,0,1,9,53.546142578,54.559326172,65.673828125
index,double,lookupApply,2,1024,1,0,9,53.045654297,53.723144531,54.138183594
index,double,lookupApply,2,1024,1,1,9,52.984619141,54.217529297,55.090332031
index,double,lookupApply,2,1024,2,0,9,52.972412109,53.588867188,54.241943359
index,double,lookupApply,2,1024,2,1,9,52.966308594,53.692626953,55.798339844
index,double,lookupApply,2,65536,0,0,9,53.829860687,53.904628754,54.092788696
index,double,lookupApply,2,65536,0,1,9,53.783321381,53.824615479,53.994083405
index,double,lookupApply,2,65536,1,0,9,53.796577454,53.862953186,54.149723053
index,double,lookupApply,2,65536,1,1,9,53.857803345,53.93705368,59.438991547
index,double,lookupApply,2,65536,2,0,9,53.753566742,53.907012939,62.781620026
index,double,lookupApply,2,65536,2,1,9,53.796386719,53.861045837,53.957366943
index,double,lookupApply,2,8191,0,0,9,53.609144183,53.735044561,54.439323648
index,double,lookupApply,2,8191,0,1,9,53.661793432,53.710627518,53.998290807
index,double,lookupApply,2,8191,1,0,9,53.616011476,53.665608595,54.330973019
index,double,lookupApply,2,8191,1,1,9,53.626693932,53.7289403,54.794133805
index,double,lookupApply,2,8191,2,0,9,53.569466488,53.625167867,54.155475522
index,double,lookupApply,2,8191,2,1,9,53.654926138,53.738096691,55.228299353
index,double,prepared,0,1024,0,0,9,24.078369141,24.084472656,24.890136719
index,double,prepared,0,1024,0,1,9,24.084472656,24.090576172,24.835205078
index,double,prepared,0,1024,1,0,9,24.084472656,24.133300781,24.761962891
index,double,prepared,0,1024,1,1,9,24.084472656,24.084472656,24.810791016
index,double,prepared,0,1024,2,0,9,24.084472656,24.084472656,24.633789062
index,double,prepared,0,1024,2,1,9,24.084472656,24.084472656,24.859619141
index,double,prepared,0,65536,0,0,9,24.385261536,24.417972565,24.872303009
index,double,prepared,0,65536,0,1,9,24.331378937,24.396800995,24.468612671
index,double,prepared,0,65536,1,0,9,24.381446838,24.444484711,31.37845993
index,double,prepared,0,65536,1,1,9,24.373626709,24.406337738,24.473762512
index,double,prepared,0,65536,2,0,9,24.3516922,24.404335022,24.46346283
index,double,prepared,0,65536,2,1,9,24.348449707,24.370956421,24.411010742
index,double,prepared,0,8191,0,0,9,24.302588207,24.360578684,24.52386766
index,double,prepared,0,8191,0,1,9,24.302588207,24.36515688,24.689445733
index,double,prepared,0,8191,1,0,9,24.313270663,24.362867782,24.793981199
index,double,prepared,0,8191,1,1,9,24.28885362,24.310981565,24.934379197
index,double,prepared,0,8191,2,0,9,24.30640337,24.338450739,24.539891344
index,double,prepared,0,8191,2,1,9,24.301062141,24.365919912,24.758881699
index,double,prepared,1,1024,0,0,9,24.078369141,24.084472656,24.645996094
index,double,prepared,1,1024,0,1,9,24.078369141,24.084472656,25.78125
index,double,prepared,1,1024,1,0,9,24.084472656,24.133300781,24.652099609
index,double,prepared,1,1024,1,1,9,24.084472656,24.127197266,24.969482422
index,double,prepared,1,1024,2,0,9,24.078369141,24.090576172,24.688720703
index,double,prepared,1,1024,2,1,9,24.078369141,24.127197266,25.225830078
index,double,prepared,1,65536,0,0,9,24.367713928,24.385261536,24.548530579
index,double,prepared,1,65536,0,1,9,24.392127991,24.468040466,28.165912628
index,double,prepared,1,65536,1,0,9,24.369812012,24.408149719,24.570178986
index,double,prepared,1,65536,1,1,9,24.390602112,24.413776398,24.45602417
index,double,prepared,1,65536,2,0,9,24.365615845,24.388694763,24.463272095
index,double,prepared,1,65536,2,1,9,24.364471436,24.392986298,31.270313263
index,double,prepared,1,8191,0,0,9,24.294194848,24.346081065,24.716914907
index,double,prepared,1,8191,0,1,9,24.315559761,24.395678183,24.571938713
index,double,prepared,1,8191,1,0,9,24.287327555,24.308692467,24.594066659
index,double,prepared,1,8191,1,1,9,24.304114272,24.398730314,24.942009523
index,double,prepared,1,8191,2,0,9,24.298010011,24.33310951,24.571175681
index,double,prepared,1,8191,2,1,9,24.285038457,24.412464901,24.587962398
index,double,prepared,2,1024,0,0,9,24.078369141,24.090576172,25.78125
index,double,prepared,2,1024,0,1,9,24.084472656,24.639892578,34.594726562
index,double,prepared,2,1024,1,0,9,24.084472656,24.090576172,25.598144531
index,double,prepared,2,1024,1,1,9,24.084472656,24.084472656,25.622558594
index,double,prepared,2,1024,2,0,9,24.084472656,24.084472656,25.396728516
index,double,prepared,2,1024,2,1,9,24.078369141,24.084472656,25.622558594
index,double,prepared,2,65536,0,0,9,24.389076233,24.454307556,24.668693542
index,double,prepared,2,65536,0,1,9,24.379634857,24.419498444,24.467658997
index,double,prepared,2,65536,1,0,9,24.415874481,24.473285675,28.761577606
index,double,prepared,2,65536,1,1,9,24.390697479,24.44524765,29.708003998
index,double,prepared,2,65536,2,0,9,24.364185333,24.396514893,24.623298645
index,double,prepared,2,65536,2,1,9,24.372768402,24.416255951,24.526309967
index,double,prepared,2,8191,0,0,9,24.303351239,24.354474423,24.77948358
index,double,prepared,2,8191,0,1,9,24.320900989,24.417043096,26.77481382
index,double,prepared,2,8191,1,0,9,24.28885362,24.305640337,24.361341717
index,double,prepared,2,8191,1,1,9,24.298010011,24.359052619,26.919026981
index,double,prepared,2,8191,2,0,9,24.298773044,24.354474423,24.745910145
index,double,prepared,2,8191,2,1,9,24.290379685,24.359052619,26.735899158
index,double,vienot,0,1024,0,0,9,2.215576172,2.856445312,4.473876953
index,double,vienot,0,1024,0,1,9,2.197265625,2.557373047,2.575683594
index,double,vienot,0,1024,1,0,9,2.612304688,2.667236328,4.290771484
index,double,vienot,0,1024,1,1,9,2.34375,2.34375,2.362060547
index,double,vienot,0,1024,2,0,9,2.740478516,2.746582031,2.758789062
index,double,vienot,0,1024,2,1,9,2.490234375,2.557373047,2.563476562
index,double,vienot,0,65536,0,0,9,2.219963074,2.229976654,2.279567719
index,double,vienot,0,65536,0,1,9,2.205944061,2.219676971,2.223396301
index,double,vienot,0,65536,1,0,9,2.22158432,2.239322662,2.326202393
index,double,vienot,0,65536,1,1,9,2.219104767,2.229690552,2.33259201
index,double,vienot,0,65536,2,0,9,2.221107483,2.243423462,2.298736572
index,double,vienot,0,65536,2,1,9,2.215480804,2.236175537,2.311897278
index,double,vienot,0,8191,0,0,9,2.183036259,2.18608839,3.269594677
index,double,vienot,0,8191,0,1,9,2.180747162,2.184562325,2.363874985
index,double,vienot,0,8191,1,0,9,2.176931999,2.178458064,2.873580759
index,double,vienot,0,8191,1,1,9,2.204401172,2.205927237,2.295202051
index,double,vienot,0,8191,2,0,9,2.179221096,2.187614455,2.483671102
index,double,vienot,0,8191,2,1,9,2.183036259,2.183036259,2.26544378
index,double,vienot,1,1024,0,0,9,2.392578125,2.410888672,2.410888672
index,double,vienot,1,1024,0,1,9,2.307128906,2.34375,2.349853516
index,double,vienot,1,1024,1,0,9,2.490234375,2.496337891,2.5390625
index,double,vienot,1,1024,1,1,9,2.34375,2.404785156,2.410888672
index,double,vienot,1,1024,2,0,9,2.197265625,2.203369141,2.941894531
index,double,vienot,1,1024,2,1,9,2.197265625,2.197265625,2.740478516
index,double,vienot,1,65536,0,0,9,2.219867706,2.230262756,2.314472198
index,double,vienot,1,65536,0,1,9,2.219390869,2.234458923,2.262115479
index,double,vienot,1,65536,1,0,9,2.217674255,2.251815796,2.348899841
index,double,vienot,1,65536,1,1,9,2.220344543,2.229690552,2.239227295
index,double,vienot,1,65536,2,0,9,2.213382721,2.219390869,2.313327789
index,double,vienot,1,65536,2,1,9,2.220916748,2.233219147,2.273845673
index,double,vienot,1,8191,0,0,9,2.180747162,2.183036259,2.260102552
index,double,vienot,1,8191,0,1,9,2.179221096,2.682059578,4.693413503
index,double,vienot,1,8191,1,0,9,2.179984129,2.182273227,2.263917715
index,double,vienot,1,8191,1,1,9,2.183799292,2.185325357,2.409656941
index,double,vienot,1,8191,2,0,9,2.179221096,2.204401172,2.272311073
index,double,vienot,1,8191,2,1,9,2.180747162,2.18914052,2.374557441
index,float,brettel,0,1024,0,0,9,4.339599609,4.345703125,6.903076172
index,float,brettel,0,1024,0,1,9,4.345703125,4.351806641,4.364013672
index,float,brettel,0,1024,1,0,9,4.345703125,4.345703125,6.091308594
index,float,brettel,0,1024,1,1,9,4.345703125,4.345703125,4.98046875
index,float,brettel,0,1024,2,0,9,4.339599609,4.339599609,4.357910156
index,float,brettel,0,1024,2,1,9,4.345703125,4.345703125,4.956054688
index,float,brettel,0,65536,0,0,9,12.892150879,12.922859192,13.105297089
index,float,brettel,0,65536,0,1,9,12.865066528,12.894916534,12.987995148
index,float,brettel,0,65536,1,0,9,13.041496277,13.048171997,13.273334503
index,float,brettel,0,65536,1,1,9,12.899494171,12.915039062,13.219165802
index,float,brettel,0,65536,2,0,9,12.881946564,12.922859192,13.158035278
index,float,brettel,0,65536,2,1,9,12.882137299,12.909603119,12.937259674
index,float,brettel,0,8191,0,0,9,4.329446954,4.485868636,4.937583934
index,float,brettel,0,8191,0,1,9,4.326394824,4.396593822,4.498077158
index,float,brettel,0,8191,1,0,9,4.330209987,4.472897082,5.017702356
index,float,brettel,0,8191,1,1,9,4.330209987,4.401172018,4.549200342
index,float,brettel,0,8191,2,0,9,4.327157856,4.479764376,4.512574777
index,float,brettel,0,8191,2,1,9,4.336314247,4.402698083,4.536228788
index,float,brettel,1,1024,0,0,9,4.339599609,4.345703125,4.968261719
index,float,brettel,1,1024,0,1,9,4.345703125,4.345703125,6.365966797
index,float,brettel,1,1024,1,0,9,4.339599609,4.345703125,4.8828125
index,float,brettel,1,1024,1,1,9,4.345703125,4.345703125,5.218505859
index,float,brettel,1,1024,2,0,9,4.339599609,4.339599609,4.345703125
index,float,brettel,1,1024,2,1,9,4.339599609,4.345703125,5.395507812
index,float,brettel,1,65536,0,0,9,12.907981873,12.917423248,13.003349304
index,float,brettel,1,65536,0,1,9,12.90435791,12.931919098,12.98160553
index,float,brettel,1,65536,1,0,9,12.909412384,12.931728363,12.966537476
index,float,brettel,1,65536,1,1,9,12.888526917,12.909412384,12.947177887
index,float,brettel,1,65536,2,0,9,12.891483307,12.910366058,12.969112396
index,float,brettel,1,65536,2,1,9,12.895488739,12.931537628,12.978076935
index,float,brettel,1,8191,0,0,9,4.328683921,4.572854352,9.386827005
index,float,brettel,1,8191,0,1,9,4.327920889,4.404987181,5.113844463
index,float,brettel,1,8191,1,0,9,4.328683921,4.402698083,4.605664754
index,float,brettel,1,8191,1,1,9,4.331736052,4.403461116,5.529697229
index,float,brettel,1,8191,2,0,9,4.348522769,4.41643267,4.517916005
index,float,brettel,1,8191,2,1,9,4.340892443,4.415669637,5.169545843
index,float,brettel,2,1024,0,0,9,4.345703125,4.351806641,5.627441406
index,float,brettel,2,1024,0,1,9,4.345703125,4.351806641,4.370117188
index,float,brettel,2,1024,1,0,9,4.351806641,4.351806641,4.913330078
index,float,brettel,2,1024,1,1,9,4.345703125,4.345703125,4.357910156
index,float,brettel,2,1024,2,0,9,4.345703125,4.345703125,4.357910156
index,float,brettel,2,1024,2,1,9,4.345703125,4.345703125,4.895019531
index,float,brettel,2,65536,0,0,9,12.88022995,12.91179657,12.944316864
index,float,brettel,2,65536,0,1,9,12.877082825,12.926483154,12.959289551
index,float,brettel,2,65536,1,0,9,12.905788422,12.927150726,12.991428375
index,float,brettel,2,65536,1,1,9,12.882518768,12.921142578,12.979507446
index,float,brettel,2,65536,2,0,9,12.879180908,12.899017334,12.933444977
index,float,brettel,2,65536,2,1,9,12.874889374,12.911987305,12.96081543
index,float,brettel,2,8191,0,0,9,4.329446954,4.39888292,4.452295202
index,float,brettel,2,8191,0,1,9,4.345470639,4.430167257,4.541570016
index,float,brettel,2,8191,1,0,9,4.361494323,4.427878159,4.489683799
index,float,brettel,2,8191,1,1,9,4.350048834,4.421010866,4.442375778
index,float,brettel,2,8191,2,0,9,4.33402515,4.406513246,4.414906605
index,float,brettel,2,8191,2,1,9,4.330209987,4.401172018,4.409565377
index,float,lookup,0,1024,0,0,9,28.881835938,29.504394531,32.275390625
index,float,lookup,0,1024,0,1,9,28.997802734,29.217529297,30.535888672
index,float,lookup,0,1024,1,0,9,28.979492188,29.510498047,30.889892578
index,float,lookup,0,1024,1,1,9,28.955078125,29.180908203,29.742431641
index,float,lookup,0,1024,2,0,9,28.894042969,29.937744141,36.511230469
index,float,lookup,0,1024,2,1,9,28.869628906,29.425048828,29.675292969
index,float,lookup,0,65536,0,0,9,29.288768768,29.351997375,29.416656494
index,float,lookup,0,65536,0,1,9,29.339313507,29.367733002,29.438400269
index,float,lookup,0,65536,1,0,9,29.334640503,29.378223419,30.126571655
index,float,lookup,0,65536,1,1,9,29.328346252,29.356956482,30.878829956
index,float,lookup,0,65536,2,0,9,29.271316528,29.308223724,30.703449249
index,float,lookup,0,65536,2,1,9,29.297828674,29.354667664,29.461956024
index,float,lookup,0,8191,0,0,9,29.118086925,29.276797705,35.441338054
index,float,lookup,0,8191,0,1,9,29.176840435,29.289006226,29.565224026
index,float,lookup,0,8191,1,0,9,29.225674521,29.314949335,31.797857404
index,float,lookup,0,8191,1,1,9,29.203546576,29.276797705,29.491972897
index,float,lookup,0,8191,2,0,9,29.160053717,29.309608106,31.777255524
index,float,lookup,0,8191,2,1,9,29.231015749,29.269930411,29.483579539
index,float,lookup,1,1024,0,0,9,28.863525391,29.437255859,30.737304688
index,float,lookup,1,1024,0,1,9,28.961181641,29.382324219,29.522705078
index,float,lookup,1,1024,1,0,9,28.918457031,29.034423828,29.699707031
index,float,lookup,1,1024,1,1,9,28.948974609,29.016113281,29.498291016
index,float,lookup,1,1024,2,0,9,28.875732422,30.004882812,30.46875
index,float,lookup,1,1024,2,1,9,28.887939453,29.034423828,29.443359375
index,float,lookup,1,65536,0,0,9,29.28314209,29.33511734,29.434394836
index,float,lookup,1,65536,0,1,9,29.3176651,29.340362549,29.37412262
index,float,lookup,1,65536,1,0,9,29.259681702,29.333400726,29.506969452
index,float,lookup,1,65536,1,1,9,29.289340973,29.352283478,29.50553894
index,float,lookup,1,65536,2,0,9,29.276847839,29.31842804,29.742622375
index,float,lookup,1,65536,2,1,9,29.279327393,29.350471497,29.430103302
index,float,lookup,1,8191,0,0,9,29.068489806,29.191338054,30.1100293
index,float,lookup,1,8191,0,1,9,29.171499206,29.248565499,29.94826639
index,float,lookup,1,8191,1,0,9,29.142503968,29.214229032,29.340892443
index,float,lookup,1,8191,1,1,9,29.153949457,29.256195825,29.369124649
index,float,lookup,1,8191,2,0,9,29.186759858,29.25772189,29.623214504
index,float,lookup,1,8191,2,1,9,29.218807227,29.279086803,30.20693444
index,float,lookup,2,1024,0,0,9,28.918457031,29.4921875,31.652832031
index,float,lookup,2,1024,0,1,9,28.948974609,29.077148438,29.510498047
index,float,lookup,2,1024,1,0,9,28.912353516,29.028320312,29.632568359
index,float,lookup,2,1024,1,1,9,28.997802734,29.266357422,30.505371094
index,float,lookup,2,1024,2,0,9,28.900146484,29.010009766,30.383300781
index,float,lookup,2,1024,2,1,9,28.924560547,29.425048828,29.565429688
index,float,lookup,2,65536,0,0,9,29.319667816,29.396057129,29.58984375
index,float,lookup,2,65536,0,1,9,29.32100296,29.360675812,29.401874542
index,float,lookup,2,65536,1,0,9,29.330539703,29.3800354,29.529380798
index,float,lookup,2,65536,1,1,9,29.290962219,29.306793213,29.438400269
index,float,lookup,2,65536,2,0,9,29.303646088,29.360103607,29.51002121
index,float,lookup,2,65536,2,1,9,29.245185852,29.342651367,29.42943573
index,float,lookup,2,8191,0,0,9,29.153949457,29.204309608,30.375564644
index,float,lookup,2,8191,0,1,9,29.179892565,29.306555976,29.411091442
index,float,lookup,2,8191,1,0,9,29.243224271,29.468318887,29.941399097
index,float,lookup,2,8191,1,1,9,29.141740935,29.204309608,30.589213771
index,float,lookup,2,8191,2,0,9,29.168447076,29.20202051,31.049322427
index,float,lookup,2,8191,2,1,9,29.14021487,29.226437553,29.565987059
index,float,lookupApply,0,1024,0,0,9,38.806152344,39.385986328,41.479492188
index,float,lookupApply,0,1024,0,1,9,38.836669922,39.343261719,42.828369141
index,float,lookupApply,0,1024,1,0,9,38.763427734,39.776611328,40.093994141
index,float,lookupApply,0,1024,1,1,9,38.781738281,39.312744141,39.886474609
index,float,lookupApply,0,1024,2,0,9,38.806152344,39.855957031,40.386962891
index,float,lookupApply,0,1024,2,1,9,38.836669922,39.367675781,40.161132812
index,float,lookupApply,0,65536,0,0,9,39.383125305,39.416694641,39.526557922
index,float,lookupApply,0,65536,0,1,9,39.425086975,39.461231232,39.564990997
index,float,lookupApply,0,65536,1,0,9,39.373397827,39.460086823,39.684677124
index,float,lookupApply,0,65536,1,1,9,39.350128174,39.3907547,40.573883057
index,float,lookupApply,0,65536,2,0,9,39.338684082,39.400100708,39.425563812
index,float,lookupApply,0,65536,2,1,9,39.258098602,39.305877686,39.370155334
index,float,lookupApply,0,8191,0,0,9,39.196984495,39.303809059,39.50982786
index,float,lookupApply,0,8191,0,1,9,39.181723843,39.402240264,39.679221096
index,float,lookupApply,0,8191,1,0,9,39.202325723,39.351880112,39.741026737
index,float,lookupApply,0,8191,1,1,9,39.138230985,39.190880234,40.026400928
index,float,lookupApply,0,8191,2,0,9,39.168752289,39.256501038,39.997405689
index,float,lookupApply,0,8191,2,1,9,39.199273593,39.316780613,39.956964962
index,float,lookupApply,1,1024,0,0,9,38.873291016,39.392089844,41.784667969
index,float,lookupApply,1,1024,0,1,9,38.812255859,39.739990234,59.1796875
index,float,lookupApply,1,1024,1,0,9,38.781738281,39.312744141,39.526367188
index,float,lookupApply,1,1024,1,1,9,38.781738281,39.654541016,48.913574219
index,float,lookupApply,1,1024,2,0,9,38.830566406,39.801025391,40.997314453
index,float,lookupApply,1,1024,2,1,9,38.842773438,39.373779297,57.696533203
index,float,lookupApply,1,65536,0,0,9,39.322566986,39.431190491,39.472007751
index,float,lookupApply,1,65536,0,1,9,39.327907562,39.380931854,39.391326904
index,float,lookupApply,1,65536,1,0,9,39.364337921,39.43195343,39.585971832
index,float,lookupApply,1,65536,1,1,9,39.273357391,39.338779449,39.454841614
index,float,lookupApply,1,65536,2,0,9,39.307117462,39.385128021,39.448165894
index,float,lookupApply,1,65536,2,1,9,39.281177521,39.304256439,39.608860016
index,float,lookupApply,1,8191,0,0,9,39.215297277,39.308387254,40.232419729
index,float,lookupApply,1,8191,0,1,9,39.218349408,39.287785374,39.5716335
index,float,lookupApply,1,8191,1,0,9,39.232083995,39.299230863,39.974514711
index,float,lookupApply,1,8191,1,1,9,39.142809181,39.248870712,39.464045904
index,float,lookupApply,1,8191,2,0,9,39.131363692,39.153491637,39.866164083
index,float,lookupApply,1,8191,2,1,9,39.241240386,39.298467831,39.485410817
index,float,lookupApply,2,1024,0,0,9,38.800048828,39.447021484,40.374755859
index,float,lookupApply,2,1024,0,1,9,38.781738281,39.215087891,39.422607422
index,float,lookupApply,2,1024,1,0,9,38.763427734,39.263916016,39.483642578
index,float,lookupApply,2,1024,1,1,9,38.812255859,39.294433594,39.996337891
index,float,lookupApply,2,1024,2,0,9,38.830566406,39.379882812,39.666748047
index,float,lookupApply,2,1024,2,1,9,38.842773438,39.343261719,39.532470703
index,float,lookupApply,2,65536,0,0,9,39.348316193,39.592647552,56.746578217
index,float,lookupApply,2,65536,0,1,9,39.334583282,39.378929138,39.542961121
index,float,lookupApply,2,65536,1,0,9,39.409065247,39.46390152,39.905548096
index,float,lookupApply,2,65536,1,1,9,39.270591736,39.345741272,39.503765106
index,float,lookupApply,2,65536,2,0,9,39.345264435,39.379024506,39.461040497
index,float,lookupApply,2,65536,2,1,9,39.282798767,39.302062988,39.329719543
index,float,lookupApply,2,8191,0,0,9,39.178671713,39.241240386,39.419026981
index,float,lookupApply,2,8191,0,1,9,39.237425223,39.377060188,40.173666219
index,float,lookupApply,2,8191,1,0,9,39.203088756,39.272524722,42.258271273
index,float,lookupApply,2,8191,1,1,9,39.15425467,39.226742766,39.325173971
index,float,lookupApply,2,8191,2,0,9,39.118392138,39.179434745,39.39232084
index,float,lookupApply,2,8191,2,1,9,39.232083995,39.25726407,40.642168233
index,float,prepared,0,1024,0,0,9,13.28125,13.287353516,14.385986328
index,float,prepared,0,1024,0,1,9,13.28125,13.287353516,13.842773438
index,float,prepared,0,1024,1,0,9,13.28125,13.287353516,19.018554688
index,float,prepared,0,1024,1,1,9,13.28125,13.287353516,13.812255859
index,float,prepared,0,1024,2,0,9,13.28125,13.287353516,14.593505859
index,float,prepared,0,1024,2,1,9,13.28125,13.287353516,13.806152344
index,float,prepared,0,65536,0,0,9,13.449764252,13.465023041,13.605499268
index,float,prepared,0,65536,0,1,9,13.448524475,13.464832306,13.528347015
index,float,prepared,0,65536,1,0,9,13.463783264,13.498783112,13.539409637
index,float,prepared,0,65536,1,1,9,13.447189331,13.453578949,13.490009308
index,float,prepared,0,65536,2,0,9,13.430023193,13.439464569,13.530349731
index,float,prepared,0,65536,2,1,9,13.425159454,13.429832458,13.471317291
index,float,prepared,0,8191,0,0,9,13.40800879,13.453790746,13.78113173
index,float,prepared,0,8191,0,1,9,13.336283726,13.406482725,14.405292394
index,float,prepared,0,8191,1,0,9,13.437767061,13.580454157,13.854382859
index,float,prepared,0,8191,1,1,9,13.339335856,13.402667562,13.42555854
index,float,prepared,0,8191,2,0,9,13.447686485,13.610212428,13.887193261
index,float,prepared,0,8191,2,1,9,13.341624954,13.407245758,13.443871322
index,float,prepared,1,1024,0,0,9,13.28125,13.287353516,14.801025391
index,float,prepared,1,1024,0,1,9,13.28125,13.287353516,14.904785156
index,float,prepared,1,1024,1,0,9,13.28125,13.28125,14.117431641
index,float,prepared,1,1024,1,1,9,13.28125,13.28125,14.044189453
index,float,prepared,1,1024,2,0,9,13.28125,13.287353516,14.721679688
index,float,prepared,1,1024,2,1,9,13.28125,13.287353516,14.093017578
index,float,prepared,1,65536,0,0,9,13.433170319,13.473129272,13.620090485
index,float,prepared,1,65536,0,1,9,13.446712494,13.460063934,13.592243195
index,float,prepared,1,65536,1,0,9,13.458061218,13.488197327,13.532352448
index,float,prepared,1,65536,1,1,9,13.430786133,13.467216492,13.505363464
index,float,prepared,1,65536,2,0,9,13.432979584,13.453197479,13.770961761
index,float,prepared,1,65536,2,1,9,13.43421936,13.454532623,13.523864746
index,float,prepared,1,8191,0,0,9,13.378250519,13.44616042,13.485075082
index,float,prepared,1,8191,0,1,9,13.34620315,13.415639116,13.42555854
index,float,prepared,1,8191,1,0,9,13.401141497,13.423269442,13.520937614
index,float,prepared,1,8191,1,1,9,13.34620315,13.401904529,13.427847638
index,float,prepared,1,8191,2,0,9,13.340861922,13.411823953,13.454553779
index,float,prepared,1,8191,2,1,9,13.346966182,13.427084605,13.52856794
index,float,prepared,2,1024,0,0,9,13.28125,13.287353516,13.873291016
index,float,prepared,2,1024,0,1,9,13.28125,13.287353516,17.102050781
index,float,prepared,2,1024,1,0,9,13.28125,13.287353516,13.824462891
index,float,prepared,2,1024,1,1,9,13.28125,13.287353516,13.854980469
index,float,prepared,2,1024,2,0,9,13.28125,13.287353516,15.264892578
index,float,prepared,2,1024,2,1,9,13.28125,13.287353516,13.793945312
index,float,prepared,2,65536,0,0,9,13.425636292,13.437461853,13.510608673
index,float,prepared,2,65536,0,1,9,13.4308815,13.472366333,13.53302002
index,float,prepared,2,65536,1,0,9,13.442707062,13.458538055,13.55676651
index,float,prepared,2,65536,1,1,9,13.441944122,13.465118408,13.532161713
index,float,prepared,2,65536,2,0,9,13.441371918,13.46282959,13.500785828
index,float,prepared,2,65536,2,1,9,13.426971436,13.44165802,13.525772095
index,float,prepared,2,8191,0,0,9,13.340098889,13.411823953,14.040562813
index,float,prepared,2,8191,0,1,9,13.337046759,13.404193627,13.424795507
index,float,prepared,2,8191,1,0,9,13.350018313,13.406482725,14.124496398
index,float,prepared,2,8191,1,1,9,13.337046759,13.400378464,13.424032475
index,float,prepared,2,8191,2,0,9,13.340098889,13.406482725,13.971126847
index,float,prepared,2,8191,2,1,9,13.339335856,13.40495666,13.423269442
index,float,vienot,0,1024,0,0,9,2.331542969,2.416992188,2.416992188
index,float,vienot,0,1024,0,1,9,2.191162109,2.197265625,2.862548828
index,float,vienot,0,1024,1,0,9,2.191162109,2.191162109,2.197265625
index,float,vienot,0,1024,1,1,9,2.191162109,2.221679688,2.270507812
index,float,vienot,0,1024,2,0,9,2.191162109,2.197265625,4.022216797
index,float,vienot,0,1024,2,1,9,2.191162109,2.197265625,2.197265625
index,float,vienot,0,65536,0,0,9,2.199935913,2.208518982,2.222728729
index,float,vienot,0,65536,0,1,9,2.199268341,2.209091187,2.256011963
index,float,vienot,0,65536,1,0,9,2.202796936,2.209281921,2.230072021
index,float,vienot,0,65536,1,1,9,2.201080322,2.212619781,2.23236084
index,float,vienot,0,65536,2,0,9,2.198028564,2.205944061,2.239227295
index,float,vienot,0,65536,2,1,9,2.200126648,2.208709717,2.235603333
index,float,vienot,0,8191,0,0,9,2.166249542,2.167012575,2.417287267
index,float,vienot,0,8191,0,1,9,2.169301673,2.205164205,4.080698327
index,float,vienot,0,8191,1,0,9,2.16548651,2.166249542,2.338694909
index,float,vienot,0,8191,1,1,9,2.170827738,2.172353803,3.354291295
index,float,vienot,0,8191,2,0,9,2.167012575,2.167775607,2.342510072
index,float,vienot,0,8191,2,1,9,2.173879868,2.176931999,2.965907704
index,float,vienot,1,1024,0,0,9,2.191162109,2.203369141,2.215576172
index,float,vienot,1,1024,0,1,9,2.197265625,2.203369141,2.203369141
index,float,vienot,1,1024,1,0,9,2.191162109,2.197265625,2.197265625
index,float,vienot,1,1024,1,1,9,2.191162109,2.197265625,2.197265625
index,float,vienot,1,1024,2,0,9,2.191162109,2.209472656,3.674316406
index,float,vienot,1,1024,2,1,9,2.191162109,2.197265625,2.197265625
index,float,vienot,1,65536,0,0,9,2.199459076,2.210998535,2.280807495
index,float,vienot,1,65536,0,1,9,2.195453644,2.206325531,2.229213715
index,float,vienot,1,65536,1,0,9,2.202129364,2.213668823,2.322387695
index,float,vienot,1,65536,1,1,9,2.20041275,2.212333679,2.226543427
index,float,vienot,1,65536,2,0,9,2.198886871,2.204704285,2.229404449
index,float,vienot,1,65536,2,1,9,2.200317383,2.210998535,2.232170105
index,float,vienot,1,8191,0,0,9,2.17159077,2.173116836,2.253998291
index,float,vienot,1,8191,0,1,9,2.16853864,2.170064705,2.271548041
index,float,vienot,1,8191,1,0,9,2.176931999,2.259339519,2.534031254
index,float,vienot,1,8191,1,1,9,2.170064705,2.17159077,2.257050421
index,float,vienot,1,8191,2,0,9,2.17159077,2.172353803,2.257050421
index,float,vienot,1,8191,2,1,9,2.170064705,2.17159077,2.447045538
lookup,double,lookup,0,1024,0,0,9,46.081542969,46.588134766,47.650146484
lookup,double,lookup,0,1024,0,1,9,46.057128906,46.600341797,48.101806641
lookup,double,lookup,0,1024,1,0,9,46.130371094,47.174072266,48.394775391
lookup,double,lookup,0,1024,1,1,9,46.063232422,46.618652344,48.510742188
lookup,double,lookup,0,1024,2,0,9,45.953369141,47.357177734,47.631835938
lookup,double,lookup,0,1024,2,1,9,45.983886719,47.180175781,48.217773438
lookup,double,lookup,0,65536,0,0,9,46.558952332,46.628284454,46.735191345
lookup,double,lookup,0,65536,0,1,9,46.610927582,46.6755867,46.782588959
lookup,double,lookup,0,65536,1,0,9,46.61283493,46.714115143,48.433685303
lookup,double,lookup,0,65536,1,1,9,46.582794189,46.660423279,46.753311157
lookup,double,lookup,0,65536,2,0,9,46.59576416,46.64850235,46.758651733
lookup,double,lookup,0,65536,2,1,9,46.621608734,46.664142609,46.811485291
lookup,double,lookup,0,8191,0,0,9,46.504547674,46.675466976,49.497924551
lookup,double,lookup,0,8191,0,1,9,46.564827249,46.641893542,46.755585399
lookup,double,lookup,0,8191,1,0,9,46.476315468,46.627395922,49.032474667
lookup,double,lookup,0,8191,1,1,9,46.509888902,46.58848126,46.837992919
lookup,double,lookup,0,8191,2,0,9,46.478604566,46.741087779,49.48876816
lookup,double,lookup,0,8191,2,1,9,46.538121109,46.578561836,47.038670492
lookup,double,lookup,1,1024,0,0,9,46.063232422,46.545410156,46.588134766
lookup,double,lookup,1,1024,0,1,9,45.928955078,47.290039062,48.706054688
lookup,double,lookup,1,1024,1,0,9,46.020507812,46.58203125,46.844482422
lookup,double,lookup,1,1024,1,1,9,46.063232422,47.229003906,50.012207031
lookup,double,lookup,1,1024,2,0,9,46.063232422,46.618652344,47.436523438
lookup,double,lookup,1,1024,2,1,9,46.051025391,47.210693359,51.196289062
lookup,double,lookup,1,65536,0,0,9,46.574306488,46.670246124,46.749401093
lookup,double,lookup,1,65536,0,1,9,46.60615921,46.669197083,46.706295013
lookup,double,lookup,1,65536,1,0,9,46.637153625,46.696567535,46.892738342
lookup,double,lookup,1,65536,1,1,9,46.593379974,46.661376953,46.824932098
lookup,double,lookup,1,65536,2,0,9,46.618270874,46.64850235,46.713447571
lookup,double,lookup,1,65536,2,1,9,46.623802185,46.700668335,46.890544891
lookup,double,lookup,1,8191,0,0,9,46.551092663,46.662495422,47.49649005
lookup,double,lookup,1,8191,0,1,9,46.562538152,46.755585399,47.44078867
lookup,double,lookup,1,8191,1,0,9,46.538884141,46.593059455,47.808570382
lookup,double,lookup,1,8191,1,1,9,46.543462337,46.72353803,48.494536687
lookup,double,lookup,1,8191,2,0,9,46.557959956,46.645708705,47.619338298
lookup,double,lookup,1,8191,2,1,9,46.510651935,46.661732389,49.169057502
lookup,double,lookup,2,1024,0,0,9,46.002197266,46.527099609,46.600341797
lookup,double,lookup,2,1024,0,1,9,46.044921875,47.222900391,50.48828125
lookup,double,lookup,2,1024,1,0,9,46.063232422,46.539306641,46.734619141
lookup,double,lookup,2,1024,1,1,9,46.014404297,47.174072266,50.921630859
lookup,double,lookup,2,1024,2,0,9,46.057128906,46.539306641,46.728515625
lookup,double,lookup,2,1024,2,1,9,45.971679688,47.064208984,47.961425781
lookup,double,lookup,2,65536,0,0,9,46.587181091,46.647262573,49.35874939
lookup,double,lookup,2,65536,0,1,9,46.621990204,46.693229675,47.401332855
lookup,double,lookup,2,65536,1,0,9,46.651172638,46.694564819,46.7877388
lookup,double,lookup,2,65536,1,1,9,46.654224396,46.715450287,46.794509888
lookup,double,lookup,2,65536,2,0,9,46.576976776,46.652889252,46.690559387
lookup,double,lookup,2,65536,2,1,9,46.582889557,46.705913544,46.76733017
lookup,double,lookup,2,8191,0,0,9,46.548040532,46.687675497,47.062324503
lookup,double,lookup,2,8191,0,1,9,46.566353315,46.972286656,47.848248077
lookup,double,lookup,2,8191,1,0,9,46.522860457,46.652575998,47.073006959
lookup,double,lookup,2,8191,1,1,9,46.485471859,46.619002564,47.146258088
lookup,double,lookup,2,8191,2,0,9,46.523623489,46.631211085,46.813575876
lookup,double,lookup,2,8191,2,1,9,46.464106947,46.913533146,47.176016359
lookup,float,lookup,0,1024,0,0,9,28.729248047,29.870605469,31.707763672
lookup,float,lookup,0,1024,0,1,9,28.735351562,28.918457031,29.595947266
lookup,float,lookup,0,1024,1,0,9,28.729248047,28.784179688,31.115722656
lookup,float,lookup,0,1024,1,1,9,28.765869141,29.241943359,29.669189453
lookup,float,lookup,0,1024,2,0,9,28.668212891,28.826904297,30.340576172
lookup,float,lookup,0,1024,2,1,9,28.778076172,28.845214844,30.364990234
lookup,float,lookup,0,65536,0,0,9,29.242897034,29.285144806,29.36706543
lookup,float,lookup,0,65536,0,1,9,29.154205322,29.227542877,29.348468781
lookup,float,lookup,0,65536,1,0,9,29.172134399,29.201316833,29.434871674
lookup,float,lookup,0,65536,1,1,9,29.1929245,29.215240479,29.298019409
lookup,float,lookup,0,65536,2,0,9,29.211521149,29.262828827,29.382610321
lookup,float,lookup,0,65536,2,1,9,29.216003418,29.265880585,29.34923172
lookup,float,lookup,0,8191,0,0,9,29.151660359,29.481290441,29.717067513
lookup,float,lookup,0,8191,0,1,9,28.992949579,29.026523013,29.201257478
lookup,float,lookup,0,8191,1,0,9,29.090617751,29.452295202,29.806342327
lookup,float,lookup,0,8191,1,1,9,28.969295568,29.086802588,29.247802466
lookup,float,lookup,0,8191,2,0,9,29.301214748,29.470607984,30.158863387
lookup,float,lookup,0,8191,2,1,9,28.949456721,29.044835795,29.929190575
lookup,float,lookup,1,1024,0,0,9,28.753662109,28.863525391,30.749511719
lookup,float,lookup,1,1024,0,1,9,28.674316406,29.260253906,30.236816406
lookup,float,lookup,1,1024,1,0,9,28.802490234,28.826904297,31.549072266
lookup,float,lookup,1,1024,1,1,9,28.723144531,28.839111328,29.388427734
lookup,float,lookup,1,1024,2,0,9,28.765869141,28.973388672,33.843994141
lookup,float,lookup,1,1024,2,1,9,28.680419922,29.39453125,30.328369141
lookup,float,lookup,1,65536,0,0,9,29.226016998,29.273700714,29.337501526
lookup,float,lookup,1,65536,0,1,9,29.166126251,29.196929932,29.296684265
lookup,float,lookup,1,65536,1,0,9,29.142475128,29.184436798,29.311752319
lookup,float,lookup,1,65536,1,1,9,29.181480408,29.207134247,32.030963898
lookup,float,lookup,1,65536,2,0,9,29.187011719,29.287242889,29.311752319
lookup,float,lookup,1,65536,2,1,9,29.234886169,29.261016846,29.413509369
lookup,float,lookup,1,8191,0,0,9,29.068489806,29.179129532,29.547674277
lookup,float,lookup,1,8191,0,1,9,28.957087047,29.053229154,30.376327677
lookup,float,lookup,1,8191,1,0,9,28.996001709,29.047887926,29.145556098
lookup,float,lookup,1,8191,1,1,9,29.055518252,29.090617751,31.844402393
lookup,float,lookup,1,8191,2,0,9,29.070015871,29.153186424,29.326394824
lookup,float,lookup,1,8191,2,1,9,28.953271884,29.024996948,29.131821511
lookup,float,lookup,2,1024,0,0,9,28.723144531,28.778076172,31.469726562
lookup,float,lookup,2,1024,0,1,9,28.735351562,28.961181641,30.230712891
lookup,float,lookup,2,1024,1,0,9,28.759765625,29.779052734,30.114746094
lookup,float,lookup,2,1024,1,1,9,28.735351562,29.302978516,30.322265625
lookup,float,lookup,2,1024,2,0,9,28.692626953,29.956054688,30.902099609
lookup,float,lookup,2,1024,2,1,9,28.741455078,28.826904297,30.816650391
lookup,float,lookup,2,65536,0,0,9,29.206085205,29.251003265,29.357624054
lookup,float,lookup,2,65536,0,1,9,29.156684875,29.18138504,29.507160187
lookup,float,lookup,2,65536,1,0,9,29.159545898,29.228878021,45.332622528
lookup,float,lookup,2,65536,1,1,9,29.20331955,29.247951508,29.374504089
lookup,float,lookup,2,65536,2,0,9,29.166221619,29.209899902,29.431343079
lookup,float,lookup,2,65536,2,1,9,29.197883606,29.27942276,29.33883667
lookup,float,lookup,2,8191,0,0,9,29.008210231,29.094432914,29.317238432
lookup,float,lookup,2,8191,0,1,9,28.975399829,29.101300208,29.345470639
lookup,float,lookup,2,8191,1,0,9,29.041020632,29.152423392,30.590739836
lookup,float,lookup,2,8191,1,1,9,29.030338176,29.146319131,29.437797583
lookup,float,lookup,2,8191,2,0,9,28.988371383,29.093669882,29.223385423
lookup,float,lookup,2,8191,2,1,9,28.98150409,29.049413991,29.398119888
oldindex,double,brettel,0,1024,0,0,9,5.328369141,5.340576172,5.889892578
oldindex,double,brettel,0,1024,0,1,9,5.2734375,5.279541016,5.932617188
oldindex,double,brettel,0,1024,1,0,9,5.2734375,5.279541016,6.744384766
oldindex,double,brettel,0,1024,1,1,9,5.2734375,5.279541016,6.854248047
oldindex,double,brettel,0,1024,2,0,9,5.2734375,5.2734375,5.285644531
oldindex,double,brettel,0,1024,2,1,9,5.2734375,5.279541016,5.834960938
oldindex,double,brettel,0,65536,0,0,9,13.624477386,13.671207428,13.748073578
oldindex,double,brettel,0,65536,0,1,9,13.638019562,13.648319244,13.748264313
oldindex,double,brettel,0,65536,1,0,9,13.626098633,13.661003113,13.73128891
oldindex,double,brettel,0,65536,1,1,9,13.632202148,13.704967499,13.900375366
oldindex,double,brettel,0,65536,2,0,9,13.625526428,13.656425476,13.70677948
oldindex,double,brettel,0,65536,2,1,9,13.617324829,13.638019562,13.714599609
oldindex,double,brettel,0,8191,0,0,9,5.26263582,5.34199121,5.451867904
oldindex,double,brettel,0,8191,0,1,9,5.258820657,5.336649982,5.398455622
oldindex,double,brettel,0,8191,1,0,9,5.260346722,5.341228177,5.463313393
oldindex,double,brettel,0,8191,1,1,9,5.258057624,5.349621536,5.375564644
oldindex,double,brettel,0,8191,2,0,9,5.297735319,5.370986449,5.41829447
oldindex,double,brettel,0,8191,2,1,9,5.264161885,5.350384568,5.4213466
oldindex,double,brettel,1,1024,0,0,9,5.2734375,5.279541016,5.908203125
oldindex,double,brettel,1,1024,0,1,9,5.2734375,5.279541016,9.283447266
oldindex,double,brettel,1,1024,1,0,9,5.2734375,5.279541016,7.739257812
oldindex,double,brettel,1,1024,1,1,9,5.2734375,5.279541016,6.030273438
oldindex,double,brettel,1,1024,2,0,9,5.2734375,5.279541016,5.908203125
oldindex,double,brettel,1,1024,2,1,9,5.2734375,5.279541016,5.291748047
oldindex,double,brettel,1,65536,0,0,9,13.642597198,13.746166229,13.788986206
oldindex,double,brettel,1,65536,0,1,9,13.645172119,13.678359985,13.736534119
oldindex,double,brettel,1,65536,1,0,9,13.648986816,13.68560791,13.728141785
oldindex,double,brettel,1,65536,1,1,9,13.677215576,13.698005676,13.717842102
oldindex,double,brettel,1,65536,2,0,9,13.650894165,13.677787781,13.710212708
oldindex,double,brettel,1,65536,2,1,9,13.662242889,13.691520691,13.738632202
oldindex,double,brettel,1,8191,0,0,9,5.253479429,5.335886949,5.345806373
oldindex,double,brettel,1,8191,0,1,9,5.255005494,5.353436699,5.81507142
oldindex,double,brettel,1,8191,1,0,9,5.252716396,5.331308754,5.336649982
oldindex,double,brettel,1,8191,1,1,9,5.254242461,5.339702112,5.358777927
oldindex,double,brettel,1,8191,2,0,9,5.259583689,5.340465145,5.41829447
oldindex,double,brettel,1,8191,2,1,9,5.258057624,5.344280308,5.437370284
oldindex,double,brettel,2,1024,0,0,9,5.279541016,5.285644531,5.535888672
oldindex,double,brettel,2,1024,0,1,9,5.279541016,5.285644531,5.938720703
oldindex,double,brettel,2,1024,1,0,9,5.285644531,5.285644531,7.000732422
oldindex,double,brettel,2,1024,1,1,9,5.279541016,5.285644531,5.419921875
oldindex,double,brettel,2,1024,2,0,9,5.279541016,5.285644531,6.365966797
oldindex,double,brettel,2,1024,2,1,9,5.279541016,5.285644531,6.286621094
oldindex,double,brettel,2,65536,0,0,9,13.684940338,13.754940033,13.822937012
oldindex,double,brettel,2,65536,0,1,9,13.692188263,13.720607758,13.736152649
oldindex,double,brettel,2,65536,1,0,9,13.678741455,13.708591461,13.757896423
oldindex,double,brettel,2,65536,1,1,9,13.663387299,13.709259033,13.784122467
oldindex,double,brettel,2,65536,2,0,9,13.697719574,13.704109192,13.744831085
oldindex,double,brettel,2,65536,2,1,9,13.686466217,13.723659515,13.73872757
oldindex,double,brettel,2,8191,0,0,9,5.258820657,5.338939079,5.396166524
oldindex,double,brettel,2,8191,0,1,9,5.267977048,5.350384568,6.087474057
oldindex,double,brettel,2,8191,1,0,9,5.253479429,5.332834819,5.339702112
oldindex,double,brettel,2,8191,1,1,9,5.264161885,5.358014894,6.012696862
oldindex,double,brettel,2,8191,2,0,9,5.267214015,5.352673666,5.495360762
oldindex,double,brettel,2,8191,2,1,9,5.255005494,5.339702112,5.924948114
oldindex,double,lookup,0,1024,0,0,9,45.770263672,46.252441406,46.417236328
oldindex,double,lookup,0,1024,0,1,9,45.721435547,46.264648438,46.697998047
oldindex,double,lookup,0,1024,1,0,9,45.764160156,46.435546875,47.186279297
oldindex,double,lookup,0,1024,1,1,9,45.782470703,46.270751953,46.545410156
oldindex,double,lookup,0,1024,2,0,9,45.703125,46.362304688,48.498535156
oldindex,double,lookup,0,1024,2,1,9,45.764160156,46.240234375,47.058105469
oldindex,double,lookup,0,65536,0,0,9,46.385002136,46.437931061,46.565246582
oldindex,double,lookup,0,65536,0,1,9,46.326065063,46.43497467,46.750164032
oldindex,double,lookup,0,65536,1,0,9,46.350383759,46.436786652,46.558380127
oldindex,double,lookup,0,65536,1,1,9,46.341705322,46.453475952,46.632671356
oldindex,double,lookup,0,65536,2,0,9,46.375179291,46.449375153,46.755981445
oldindex,double,lookup,0,65536,2,1,9,46.35219574,46.396541595,46.534633636
oldindex,double,lookup,0,8191,0,0,9,46.273348797,46.419851056,46.551092663
oldindex,double,lookup,0,8191,0,1,9,46.304633134,46.364912709,46.997466732
oldindex,double,lookup,0,8191,1,0,9,46.296239775,46.333628373,46.540410206
oldindex,double,lookup,0,8191,1,1,9,46.255036015,46.375595165,46.72659016
oldindex,double,lookup,0,8191,2,0,9,46.283268221,46.405353437,46.689201563
oldindex,double,lookup,0,8191,2,1,9,46.37101697,46.396960078,46.828836528
oldindex,double,lookup,1,1024,0,0,9,45.733642578,46.38671875,62.59765625
oldindex,double,lookup,1,1024,0,1,9,45.727539062,46.575927734,47.36328125
oldindex,double,lookup,1,1024,1,0,9,45.703125,46.429443359,65.045166016
oldindex,double,lookup,1,1024,1,1,9,45.721435547,46.2890625,48.309326172
oldindex,double,lookup,1,1024,2,0,9,45.733642578,46.301269531,65.374755859
oldindex,double,lookup,1,1024,2,1,9,45.727539062,46.252441406,46.496582031
oldindex,double,lookup,1,65536,0,0,9,46.378326416,46.481609344,46.802330017
oldindex,double,lookup,1,65536,0,1,9,46.346664429,46.385574341,46.954727173
oldindex,double,lookup,1,65536,1,0,9,46.333503723,46.445083618,46.586418152
oldindex,double,lookup,1,65536,1,1,9,46.367454529,46.416568756,46.530914307
oldindex,double,lookup,1,65536,2,0,9,46.34103775,46.369075775,46.431255341
oldindex,double,lookup,1,65536,2,1,9,46.366119385,46.443462372,46.54712677
oldindex,double,lookup,1,8191,0,0,9,46.33591747,46.393144915,46.656391161
oldindex,double,lookup,1,8191,0,1,9,46.320656818,46.430533512,47.115736784
oldindex,double,lookup,1,8191,1,0,9,46.306922232,46.440452936,46.619765596
oldindex,double,lookup,1,8191,1,1,9,46.283268221,46.393144915,47.691063362
oldindex,double,lookup,1,8191,2,0,9,46.303107069,46.421377121,46.889116103
oldindex,double,lookup,1,8191,2,1,9,46.345073862,46.793737028,47.460627518
oldindex,double,lookup,2,1024,0,0,9,45.721435547,46.276855469,47.265625
oldindex,double,lookup,2,1024,0,1,9,45.739746094,47.052001953,49.468994141
oldindex,double,lookup,2,1024,1,0,9,45.715332031,46.240234375,47.338867188
oldindex,double,lookup,2,1024,1,1,9,45.758056641,46.966552734,50.964355469
oldindex,double,lookup,2,1024,2,0,9,45.739746094,46.264648438,50.524902344
oldindex,double,lookup,2,1024,2,1,9,45.721435547,46.832275391,47.509765625
oldindex,double,lookup,2,65536,0,0,9,46.386623383,46.494960785,46.538257599
oldindex,double,lookup,2,65536,0,1,9,46.350193024,46.376800537,49.036598206
oldindex,double,lookup,2,65536,1,0,9,46.342086792,46.444988251,46.630096436
oldindex,double,lookup,2,65536,1,1,9,46.386623383,46.491241455,46.967697144
oldindex,double,lookup,2,65536,2,0,9,46.365642548,46.419525146,47.543811798
oldindex,double,lookup,2,65536,2,1,9,46.371650696,46.439743042,46.593475342
oldindex,double,lookup,2,8191,0,0,9,46.279453058,46.41222073,47.188987914
oldindex,double,lookup,2,8191,0,1,9,46.239012331,46.59153339,47.407978269
oldindex,double,lookup,2,8191,1,0,9,46.290135515,46.371780002,46.644945672
oldindex,double,lookup,2,8191,1,1,9,46.269533634,46.469448175,47.219509217
oldindex,double,lookup,2,8191,2,0,9,46.268007569,46.56787938,47.278262727
oldindex,double,lookup,2,8191,2,1,9,46.300054938,46.41527286,47.402637041
oldindex,double,lookupApply,0,1024,0,0,9,52.966308594,53.576660156,54.290771484
oldindex,double,lookupApply,0,1024,0,1,9,52.947998047,53.643798828,56.805419922
oldindex,double,lookupApply,0,1024,1,0,9,52.978515625,54.486083984,59.497070312
oldindex,double,lookupApply,0,1024,1,1,9,53.088378906,53.637695312,56.237792969
oldindex,double,lookupApply,0,1024,2,0,9,52.917480469,53.564453125,54.376220703
oldindex,double,lookupApply,0,1024,2,1,9,53.509521484,53.985595703,54.486083984
oldindex,double,lookupApply,0,65536,0,0,9,53.740787506,53.863048553,54.168224335
oldindex,double,lookupApply,0,65536,0,1,9,53.759860992,53.821754456,53.964710236
oldindex,double,lookupApply,0,65536,1,0,9,53.802585602,53.850460052,53.984928131
oldindex,double,lookupApply,0,65536,1,1,9,53.766727448,53.84311676,53.890514374
oldindex,double,lookupApply,0,65536,2,0,9,53.768348694,53.817844391,53.955364227
oldindex,double,lookupApply,0,65536,2,1,9,53.719615936,53.807640076,53.893566132
oldindex,double,lookupApply,0,8191,0,0,9,53.577096814,53.726651203,54.646868514
oldindex,double,lookupApply,0,8191,0,1,9,53.6259309,53.693077768,53.979214992
oldindex,double,lookupApply,0,8191,1,0,9,53.616774509,53.70528629,54.097485045
oldindex,double,lookupApply,0,8191,1,1,9,53.594646563,53.668660725,54.263063118
oldindex,double,lookupApply,0,8191,2,0,9,53.589305335,53.654163106,54.947503357
oldindex,double,lookupApply,0,8191,2,1,9,53.604565987,53.870101331,54.066200708
oldindex,double,lookupApply,1,1024,0,0,9,53.22265625,53.558349609,53.625488281
oldindex,double,lookupApply,1,1024,0,1,9,52.990722656,53.778076172,54.370117188
oldindex,double,lookupApply,1,1024,1,0,9,53.082275391,53.759765625,54.681396484
oldindex,double,lookupApply,1,1024,1,1,9,52.972412109,53.674316406,54.577636719
oldindex,double,lookupApply,1,1024,2,0,9,53.02734375,53.607177734,54.016113281
oldindex,double,lookupApply,1,1024,2,1,9,52.990722656,53.631591797,53.967285156
oldindex,double,lookupApply,1,65536,0,0,9,53.822422028,53.864574432,54.087162018
oldindex,double,lookupApply,1,65536,0,1,9,53.746509552,53.832817078,54.170608521
oldindex,double,lookupApply,1,65536,1,0,9,53.804302216,53.970527649,54.174423218
oldindex,double,lookupApply,1,65536,1,1,9,53.76329422,53.867816925,54.029750824
oldindex,double,lookupApply,1,65536,2,0,9,53.804016113,53.866767883,54.311275482
oldindex,double,lookupApply,1,65536,2,1,9,53.775215149,53.809642792,53.971576691
oldindex,double,lookupApply,1,8191,0,0,9,53.619063606,53.773959224,54.145556098
oldindex,double,lookupApply,1,8191,0,1,9,53.6259309,53.737333659,54.612532047
oldindex,double,lookupApply,1,8191,1,0,9,53.612959346,53.709101453,54.053992187
oldindex,double,lookupApply,1,8191,1,1,9,53.593883531,53.657978269,54.055518252
oldindex,double,lookupApply,1,8191,2,0,9,53.591594433,53.625167867,53.934196069
oldindex,double,lookupApply,1,8191,2,1,9,53.633561226,53.672475888,54.12266512
oldindex,double,lookupApply,2,1024,0,0,9,52.9296875,53.674316406,54.681396484
oldindex,double,lookupApply,2,1024,0,1,9,53.179931641,54.376220703,58.416748047
oldindex,double,lookupApply,2,1024,1,0,9,53.002929688,53.961181641,57.678222656
oldindex,double,lookupApply,2,1024,1,1,9,53.802490234,54.309082031,54.553222656
oldindex,double,lookupApply,2,1024,2,0,9,53.405761719,53.796386719,55.822753906
oldindex,double,lookupApply,2,1024,2,1,9,53.22265625,54.321289062,55.047607422
oldindex,double,lookupApply,2,65536,0,0,9,53.826713562,53.898048401,54.206752777
oldindex,double,lookupApply,2,65536,0,1,9,53.780555725,53.886222839,54.108333588
oldindex,double,lookupApply,2,65536,1,0,9,53.833580017,53.878688812,55.190181732
oldindex,double,lookupApply,2,65536,1,1,9,53.809928894,53.98015976,59.205055237
oldindex,double,lookupApply,2,65536,2,0,9,53.812885284,53.872013092,53.960514069
oldindex,double,lookupApply,2,65536,2,1,9,53.744983673,53.815746307,53.997898102
oldindex,double,lookupApply,2,8191,0,0,9,53.588542303,53.674764986,54.778110121
oldindex,double,lookupApply,2,8191,0,1,9,53.674764986,53.776248321,54.034153339
oldindex,double,lookupApply,2,8191,1,0,9,53.623641802,53.712916616,53.963191308
oldindex,double,lookupApply,2,8191,1,1,9,53.623641802,53.669423758,54.128769381
oldindex,double,lookupApply,2,8191,2,0,9,53.615248443,53.671712856,54.747588817
oldindex,double,lookupApply,2,8191,2,1,9,53.651874008,53.680106214,53.804480527
oldindex,double,prepared,0,1024,0,0,9,24.084472656,24.249267578,24.871826172
oldindex,double,prepared,0,1024,0,1,9,24.084472656,24.603271484,25.915527344
oldindex,double,prepared,0,1024,1,0,9,24.078369141,24.090576172,27.258300781
oldindex,double,prepared,0,1024,1,1,9,24.084472656,24.084472656,24.749755859
oldindex,double,prepared,0,1024,2,0,9,24.084472656,24.249267578,24.688720703
oldindex,double,prepared,0,1024,2,1,9,24.084472656,24.212646484,25.506591797
oldindex,double,prepared,0,65536,0,0,9,24.373722076,24.398326874,24.478721619
oldindex,double,prepared,0,65536,0,1,9,24.3683815,24.445152283,24.508476257
oldindex,double,prepared,0,65536,1,0,9,24.37543869,24.429893494,24.485588074
oldindex,double,prepared,0,65536,1,1,9,24.394035339,24.44858551,24.572849274
oldindex,double,prepared,0,65536,2,0,9,24.366283417,24.419689178,24.49836731
oldindex,double,prepared,0,65536,2,1,9,24.349975586,24.372196198,24.413776398
oldindex,double,prepared,0,8191,0,0,9,24.303351239,24.440697107,24.60627518
oldindex,double,prepared,0,8191,0,1,9,24.303351239,24.33005738,24.619246734
oldindex,double,prepared,0,8191,1,0,9,24.320900989,24.36515688,24.726071298
oldindex,double,prepared,0,8191,1,1,9,24.301825174,24.360578684,25.244170431
oldindex,double,prepared,0,8191,2,0,9,24.288090587,24.338450739,24.549810768
oldindex,double,prepared,0,8191,2,1,9,24.298773044,24.337687706,24.517763399
oldindex,double,prepared,1,1024,0,0,9,24.084472656,24.084472656,24.597167969
oldindex,double,prepared,1,1024,0,1,9,24.084472656,24.084472656,24.932861328
oldindex,double,prepared,1,1024,1,0,9,24.078369141,24.084472656,25.646972656
oldindex,double,prepared,1,1024,1,1,9,24.084472656,24.084472656,24.908447266
oldindex,double,prepared,1,1024,2,0,9,24.078369141,24.084472656,24.652099609
oldindex,double,prepared,1,1024,2,1,9,24.078369141,24.084472656,24.841308594
oldindex,double,prepared,1,65536,0,0,9,24.376106262,24.406242371,24.458408356
oldindex,double,prepared,1,65536,0,1,9,24.360275269,24.386119843,24.451637268
oldindex,double,prepared,1,65536,1,0,9,24.378490448,24.400234222,24.439239502
oldindex,double,prepared,1,65536,1,1,9,24.365997314,24.409103394,24.517917633
oldindex,double,prepared,1,65536,2,0,9,24.365901947,24.411964417,25.241851807
oldindex,double,prepared,1,65536,2,1,9,24.361610413,24.42111969,24.591732025
oldindex,double,prepared,1,8191,0,0,9,24.298010011,24.344554999,24.445275302
oldindex,double,prepared,1,8191,0,1,9,24.308692467,24.349896228,24.687156635
oldindex,double,prepared,1,8191,1,0,9,24.314796728,24.326242217,24.412464901
oldindex,double,prepared,1,8191,1,1,9,24.300299109,24.345318032,24.455194726
oldindex,double,prepared,1,8191,2,0,9,24.292668783,24.310981565,24.4475644
oldindex,double,prepared,1,8191,2,1,9,24.310218533,24.326242217,24.500976682
oldindex,double,prepared,2,1024,0,0,9,24.084472656,24.084472656,25.988769531
oldindex,double,prepared,2,1024,0,1,9,24.078369141,24.084472656,26.85546875
oldindex,double,prepared,2,1024,1,0,9,24.084472656,24.084472656,25.665283203
oldindex,double,prepared,2,1024,1,1,9,24.084472656,24.084472656,25.347900391
oldindex,double,prepared,2,1024,2,0,9,24.084472656,24.084472656,24.926757812
oldindex,double,prepared,2,1024,2,1,9,24.078369141,24.084472656,24.835205078
oldindex,double,prepared,2,65536,0,0,9,24.402332306,24.454593658,24.530220032
oldindex,double,prepared,2,65536,0,1,9,24.367523193,24.405574799,24.468612671
oldindex,double,prepared,2,65536,1,0,9,24.389076233,24.407672882,24.497127533
oldindex,double,prepared,2,65536,1,1,9,24.393939972,24.413204193,24.54662323
oldindex,double,prepared,2,65536,2,0,9,24.390888214,24.40032959,24.465560913
oldindex,double,prepared,2,65536,2,1,9,24.384498596,24.421596527,24.477291107
oldindex,double,prepared,2,8191,0,0,9,24.297246978,24.349133195,24.58872543
oldindex,double,prepared,2,8191,0,1,9,24.332346478,24.418569161,26.722927603
oldindex,double,prepared,2,8191,1,0,9,24.304877304,24.369735075,24.578806007
oldindex,double,prepared,2,8191,1,1,9,24.298010011,24.399493346,26.814491515
oldindex,double,prepared,2,8191,2,0,9,24.355237456,24.598644854,36.388261507
oldindex,double,prepared,2,8191,2,1,9,24.37126114,24.481137834,26.88926871
oldindex,double,vienot,0,1024,0,0,9,2.203369141,2.600097656,2.813720703
oldindex,double,vienot,0,1024,0,1,9,2.203369141,2.24609375,2.252197266
oldindex,double,vienot,0,1024,1,0,9,2.197265625,2.203369141,2.319335938
oldindex,double,vienot,0,1024,1,1,9,2.496337891,2.526855469,2.526855469
oldindex,double,vienot,0,1024,2,0,9,2.209472656,2.83203125,3.381347656
oldindex,double,vienot,0,1024,2,1,9,2.203369141,2.447509766,2.551269531
oldindex,double,vienot,0,65536,0,0,9,2.219200134,2.231121063,2.268886566
oldindex,double,vienot,0,65536,0,1,9,2.213096619,2.226257324,2.326011658
oldindex,double,vienot,0,65536,1,0,9,2.212238312,2.221298218,2.243041992
oldindex,double,vienot,0,65536,1,1,9,2.213191986,2.236938477,2.254295349
oldindex,double,vienot,0,65536,2,0,9,2.21786499,2.227497101,2.255725861
oldindex,double,vienot,0,65536,2,1,9,2.21786499,2.225780487,2.254962921
oldindex,double,vienot,0,8191,0,0,9,2.179984129,2.190666585,2.730893664
oldindex,double,vienot,0,8191,0,1,9,2.179984129,2.187614455,2.367690148
oldindex,double,vienot,0,8191,1,0,9,2.180747162,2.183799292,2.897997802
oldindex,double,vienot,0,8191,1,1,9,2.181510194,2.183036259,2.257813454
oldindex,double,vienot,0,8191,2,0,9,2.184562325,2.188377487,2.95598828
oldindex,double,vienot,0,8191,2,1,9,2.208216335,2.225003052,2.339457942
oldindex,double,vienot,1,1024,0,0,9,2.197265625,2.203369141,2.337646484
oldindex,double,vienot,1,1024,0,1,9,2.197265625,2.532958984,3.271484375
oldindex,double,vienot,1,1024,1,0,9,2.44140625,2.447509766,2.526855469
oldindex,double,vienot,1,1024,1,1,9,2.197265625,2.203369141,2.575683594
oldindex,double,vienot,1,1024,2,0,9,2.301025391,2.34375,2.423095703
oldindex,double,vienot,1,1024,2,1,9,2.337646484,2.349853516,2.856445312
oldindex,double,vienot,1,65536,0,0,9,2.219867706,2.240276337,2.283000946
oldindex,double,vienot,1,65536,0,1,9,2.22530365,2.240562439,2.302837372
oldindex,double,vienot,1,65536,1,0,9,2.215862274,2.231502533,2.250385284
oldindex,double,vienot,1,65536,1,1,9,2.217292786,2.240180969,2.313041687
oldindex,double,vienot,1,65536,2,0,9,2.214241028,2.223110199,2.28433609
oldindex,double,vienot,1,65536,2,1,9,2.218723297,2.236270905,2.265834808
oldindex,double,vienot,1,8191,0,0,9,2.182273227,2.190666585,2.313514833
oldindex,double,vienot,1,8191,0,1,9,2.181510194,2.184562325,2.261628617
oldindex,double,vienot,1,8191,1,0,9,2.176931999,2.18608839,2.26544378
oldindex,double,vienot,1,8191,1,1,9,2.179984129,2.180747162,2.266969845
oldindex,double,vienot,1,8191,2,0,9,2.177695031,2.179221096,2.260865584
oldindex,double,vienot,1,8191,2,1,9,2.178458064,2.181510194,2.451623733
oldindex,float,brettel,0,1024,0,0,9,4.339599609,4.345703125,6.219482422
oldindex,float,brettel,0,1024,0,1,9,4.351806641,4.351806641,4.968261719
oldindex,float,brettel,0,1024,1,0,9,4.339599609,4.345703125,4.406738281
oldindex,float,brettel,0,1024,1,1,9,4.345703125,4.351806641,4.632568359
oldindex,float,brettel,0,1024,2,0,9,4.339599609,4.345703125,6.304931641
oldindex,float,brettel,0,1024,2,1,9,4.345703125,4.345703125,4.528808594
oldindex,float,brettel,0,65536,0,0,9,12.888431549,12.917423248,13.048171997
oldindex,float,brettel,0,65536,0,1,9,12.882328033,12.920951843,12.955093384
oldindex,float,brettel,0,65536,1,0,9,12.874126434,12.926483154,13.473796844
oldindex,float,brettel,0,65536,1,1,9,12.888145447,12.924289703,12.975025177
oldindex,float,brettel,0,65536,2,0,9,12.892150879,12.902927399,13.056468964
oldindex,float,brettel,0,65536,2,1,9,12.874603271,12.884902954,12.931537628
oldindex,float,brettel,0,8191,0,0,9,4.33402515,4.486631669,4.923849347
oldindex,float,brettel,0,8191,0,1,9,4.341655476,4.41338054,4.550726407
oldindex,float,brettel,0,8191,1,0,9,4.339366378,4.499603223,5.004730802
oldindex,float,brettel,0,8191,1,1,9,4.333262117,4.400408985,4.569039189
oldindex,float,brettel,0,8191,2,0,9,4.335551215,4.476712245,4.992522281
oldindex,float,brettel,0,8191,2,1,9,4.349285801,4.427878159,4.553778537
oldindex,float,brettel,1,1024,0,0,9,4.339599609,4.339599609,4.351806641
oldindex,float,brettel,1,1024,0,1,9,4.339599609,4.345703125,5.401611328
oldindex,float,brettel,1,1024,1,0,9,4.339599609,4.339599609,4.351806641
oldindex,float,brettel,1,1024,1,1,9,4.351806641,4.357910156,5.535888672
oldindex,float,brettel,1,1024,2,0,9,4.345703125,4.345703125,5.645751953
oldindex,float,brettel,1,1024,2,1,9,4.339599609,4.339599609,4.357910156
oldindex,float,brettel,1,65536,0,0,9,12.895488739,12.913513184,12.96453476
oldindex,float,brettel,1,65536,0,1,9,12.891387939,12.910366058,12.976455688
oldindex,float,brettel,1,65536,1,0,9,12.890911102,12.915992737,12.975120544
oldindex,float,brettel,1,65536,1,1,9,12.889862061,12.933254242,12.977790833
oldindex,float,brettel,1,65536,2,0,9,12.905025482,12.933063507,12.968921661
oldindex,float,brettel,1,65536,2,1,9,12.879085541,12.899494171,12.950611115
oldindex,float,brettel,1,8191,0,0,9,4.328683921,4.396593822,4.402698083
oldindex,float,brettel,1,8191,0,1,9,4.330209987,4.415669637,5.047460628
oldindex,float,brettel,1,8191,1,0,9,4.331736052,4.407276279,4.604138689
oldindex,float,brettel,1,8191,1,1,9,4.353100964,4.424062996,5.071877671
oldindex,float,brettel,1,8191,2,0,9,4.33402515,4.404987181,4.47518618
oldindex,float,brettel,1,8191,2,1,9,4.33707728,4.428641192,5.060432182
oldindex,float,brettel,2,1024,0,0,9,4.345703125,4.345703125,4.876708984
oldindex,float,brettel,2,1024,0,1,9,4.345703125,4.351806641,4.888916016
oldindex,float,brettel,2,1024,1,0,9,4.345703125,4.351806641,4.351806641
oldindex,float,brettel,2,1024,1,1,9,4.345703125,4.345703125,4.357910156
oldindex,float,brettel,2,1024,2,0,9,4.345703125,4.345703125,5.133056641
oldindex,float,brettel,2,1024,2,1,9,4.345703125,4.351806641,4.8828125
oldindex,float,brettel,2,65536,0,0,9,12.907886505,12.920570374,13.040447235
oldindex,float,brettel,2,65536,0,1,9,12.893486023,12.915325165,12.964725494
oldindex,float,brettel,2,65536,1,0,9,12.889575958,12.932300568,12.959194183
oldindex,float,brettel,2,65536,1,1,9,12.903690338,12.935256958,12.965106964
oldindex,float,brettel,2,65536,2,0,9,12.902355194,12.942504883,12.973594666
oldindex,float,brettel,2,65536,2,1,9,12.891101837,12.915325165,12.968921661
oldindex,float,brettel,2,8191,0,0,9,4.337840313,4.406513246,4.482053473
oldindex,float,brettel,2,8191,0,1,9,4.353863997,4.425589061,4.553015505
oldindex,float,brettel,2,8191,1,0,9,4.330209987,4.397356855,4.466029789
oldindex,float,brettel,2,8191,1,1,9,4.33402515,4.408039311,4.555304603
oldindex,float,brettel,2,8191,2,0,9,4.342418508,4.41338054,4.425589061
oldindex,float,brettel,2,8191,2,1,9,4.333262117,4.402698083,4.479764376
oldindex,float,lookup,0,1024,0,0,9,28.900146484,29.180908203,31.500244141
oldindex,float,lookup,0,1024,0,1,9,29.052734375,29.602050781,29.888916016
oldindex,float,lookup,0,1024,1,0,9,28.967285156,30.004882812,31.103515625
oldindex,float,lookup,0,1024,1,1,9,28.936767578,29.486083984,30.584716797
oldindex,float,lookup,0,1024,2,0,9,28.912353516,28.955078125,30.389404297
oldindex,float,lookup,0,1024,2,1,9,29.00390625,29.235839844,30.139160156
oldindex,float,lookup,0,65536,0,0,9,29.344749451,29.435443878,29.725456238
oldindex,float,lookup,0,65536,0,1,9,29.33921814,29.405784607,29.457950592
oldindex,float,lookup,0,65536,1,0,9,29.362487793,29.388237,29.537963867
oldindex,float,lookup,0,65536,1,1,9,29.315567017,29.375553131,29.8371315
oldindex,float,lookup,0,65536,2,0,9,29.24079895,29.272842407,29.490566254
oldindex,float,lookup,0,65536,2,1,9,29.287242889,29.322910309,29.440689087
oldindex,float,lookup,0,8191,0,0,9,29.164631913,29.437797583,31.792516176
oldindex,float,lookup,0,8191,0,1,9,29.231015749,29.324105726,31.001251373
oldindex,float,lookup,0,8191,1,0,9,29.233304847,29.367598584,31.883317055
oldindex,float,lookup,0,8191,1,1,9,29.168447076,29.318001465,29.426352094
oldindex,float,lookup,0,8191,2,0,9,29.159290685,29.284428031,31.680350385
oldindex,float,lookup,0,8191,2,1,9,29.130295446,29.199731413,29.345470639
oldindex,float,lookup,1,1024,0,0,9,28.881835938,29.113769531,29.443359375
oldindex,float,lookup,1,1024,0,1,9,28.845214844,28.924560547,29.479980469
oldindex,float,lookup,1,1024,1,0,9,28.973388672,29.4921875,29.748535156
oldindex,float,lookup,1,1024,1,1,9,28.948974609,29.058837891,29.547119141
oldindex,float,lookup,1,1024,2,0,9,28.894042969,28.973388672,29.772949219
oldindex,float,lookup,1,1024,2,1,9,28.912353516,29.486083984,30.511474609
oldindex,float,lookup,1,65536,0,0,9,29.343032837,29.446220398,29.550075531
oldindex,float,lookup,1,65536,0,1,9,29.323196411,29.36258316,29.508972168
oldindex,float,lookup,1,65536,1,0,9,29.333782196,29.474639893,29.912471771
oldindex,float,lookup,1,65536,1,1,9,29.332923889,29.387378693,29.509353638
oldindex,float,lookup,1,65536,2,0,9,29.226970673,29.274749756,29.489135742
oldindex,float,lookup,1,65536,2,1,9,29.268169403,29.330253601,29.892158508
oldindex,float,lookup,1,8191,0,0,9,29.154712489,29.254669759,29.607953852
oldindex,float,lookup,1,8191,0,1,9,29.227963619,29.340892443,30.068062508
oldindex,float,lookup,1,8191,1,0,9,29.15776462,29.271456477,29.382096203
oldindex,float,lookup,1,8191,1,1,9,29.212702967,29.264589183,30.016939324
oldindex,float,lookup,1,8191,2,0,9,29.130295446,29.217281162,29.306555976
oldindex,float,lookup,1,8191,2,1,9,29.123428153,29.186759858,29.541570016
oldindex,float,lookup,2,1024,0,0,9,28.961181641,29.431152344,29.510498047
oldindex,float,lookup,2,1024,0,1,9,28.955078125,29.516601562,30.609130859
oldindex,float,lookup,2,1024,1,0,9,28.991699219,29.205322266,32.232666016
oldindex,float,lookup,2,1024,1,1,9,28.973388672,29.467773438,29.748535156
oldindex,float,lookup,2,1024,2,0,9,28.936767578,29.040527344,29.742431641
oldindex,float,lookup,2,1024,2,1,9,28.924560547,29.406738281,29.577636719
oldindex,float,lookup,2,65536,0,0,9,29.320907593,29.386806488,29.432964325
oldindex,float,lookup,2,65536,0,1,9,29.29353714,29.345226288,29.471111298
oldindex,float,lookup,2,65536,1,0,9,29.297924042,29.334640503,29.486465454
oldindex,float,lookup,2,65536,1,1,9,29.384613037,29.424381256,29.504585266
oldindex,float,lookup,2,65536,2,0,9,29.30021286,29.346847534,29.416942596
oldindex,float,lookup,2,65536,2,1,9,29.307842255,29.338359833,29.654788971
oldindex,float,lookup,2,8191,0,0,9,29.231778782,29.268404346,29.887223782
oldindex,float,lookup,2,8191,0,1,9,29.174551337,29.264589183,29.373702845
oldindex,float,lookup,2,8191,1,0,9,29.202783543,29.255432792,29.369887682
oldindex,float,lookup,2,8191,1,1,9,29.151660359,29.243224271,29.35767916
oldindex,float,lookup,2,8191,2,0,9,29.22262239,29.266878281,30.118422659
oldindex,float,lookup,2,8191,2,1,9,29.230252716,29.259247955,29.369887682
oldindex,float,lookupApply,0,1024,0,0,9,38.830566406,39.349365234,41.241455078
oldindex,float,lookupApply,0,1024,0,1,9,38.836669922,39.508056641,39.923095703
oldindex,float,lookupApply,0,1024,1,0,9,38.830566406,39.898681641,43.670654297
oldindex,float,lookupApply,0,1024,1,1,9,38.854980469,39.422607422,40.374755859
oldindex,float,lookupApply,0,1024,2,0,9,38.903808594,39.953613281,44.165039062
oldindex,float,lookupApply,0,1024,2,1,9,38.775634766,39.245605469,41.827392578
oldindex,float,lookupApply,0,65536,0,0,9,39.414405823,39.44644928,39.547252655
oldindex,float,lookupApply,0,65536,0,1,9,39.314937592,39.376068115,39.49174881
oldindex,float,lookupApply,0,65536,1,0,9,39.289855957,39.329051971,39.5860672
oldindex,float,lookupApply,0,65536,1,1,9,39.442539215,39.487934113,39.585018158
oldindex,float,lookupApply,0,65536,2,0,9,39.334583282,39.393234253,39.41078186
oldindex,float,lookupApply,0,65536,2,1,9,39.341068268,39.391231537,39.463710785
oldindex,float,lookupApply,0,8191,0,0,9,39.23361006,39.54797949,39.725003052
oldindex,float,lookupApply,0,8191,0,1,9,39.180960811,39.266420461,39.893633256
oldindex,float,lookupApply,0,8191,1,0,9,39.151202539,39.242003418,40.557471615
oldindex,float,lookupApply,0,8191,1,1,9,39.229031864,39.338908558,40.046239775
oldindex,float,lookupApply,0,8191,2,0,9,39.168752289,39.265657429,39.480832621
oldindex,float,lookupApply,0,8191,2,1,9,39.191643267,39.214534245,40.008851178
oldindex,float,lookupApply,1,1024,0,0,9,38.824462891,39.318847656,39.593505859
oldindex,float,lookupApply,1,1024,0,1,9,38.800048828,39.544677734,59.112548828
oldindex,float,lookupApply,1,1024,1,0,9,38.806152344,39.288330078,40.197753906
oldindex,float,lookupApply,1,1024,1,1,9,38.8671875,39.483642578,58.624267578
oldindex,float,lookupApply,1,1024,2,0,9,38.885498047,39.794921875,41.802978516
oldindex,float,lookupApply,1,1024,2,1,9,38.818359375,39.294433594,45.581054688
oldindex,float,lookupApply,1,65536,0,0,9,39.363002777,39.457035065,39.611625671
oldindex,float,lookupApply,1,65536,0,1,9,39.269733429,39.328289032,39.482593536
oldindex,float,lookupApply,1,65536,1,0,9,39.319896698,39.376449585,39.450836182
oldindex,float,lookupApply,1,65536,1,1,9,39.410209656,39.442253113,39.554309845
oldindex,float,lookupApply,1,65536,2,0,9,39.341068268,39.400577545,39.45350647
oldindex,float,lookupApply,1,65536,2,1,9,39.321804047,39.355754852,39.489555359
oldindex,float,lookupApply,1,8191,0,0,9,39.248870712,39.2954157,39.873031376
oldindex,float,lookupApply,1,8191,0,1,9,39.176382615,39.299230863,39.590709315
oldindex,float,lookupApply,1,8191,1,0,9,39.268709559,39.402240264,40.037083384
oldindex,float,lookupApply,1,8191,1,1,9,39.218349408,39.37171896,39.481595654
oldindex,float,lookupApply,1,8191,2,0,9,39.17790868,39.307624222,39.894396289
oldindex,float,lookupApply,1,8191,2,1,9,39.17485655,39.245818581,39.379349286
oldindex,float,lookupApply,2,1024,0,0,9,38.781738281,39.312744141,40.52734375
oldindex,float,lookupApply,2,1024,0,1,9,38.793945312,39.263916016,39.434814453
oldindex,float,lookupApply,2,1024,1,0,9,38.763427734,39.367675781,40.771484375
oldindex,float,lookupApply,2,1024,1,1,9,38.873291016,39.312744141,39.385986328
oldindex,float,lookupApply,2,1024,2,0,9,38.891601562,39.428710938,39.672851562
oldindex,float,lookupApply,2,1024,2,1,9,38.800048828,39.300537109,39.84375
oldindex,float,lookupApply,2,65536,0,0,9,39.477825165,39.505290985,39.900398254
oldindex,float,lookupApply,2,65536,0,1,9,39.305496216,39.346122742,39.388751984
oldindex,float,lookupApply,2,65536,1,0,9,39.333248138,39.43605423,39.546585083
oldindex,float,lookupApply,2,65536,1,1,9,39.43529129,39.490318298,39.647769928
oldindex,float,lookupApply,2,65536,2,0,9,39.363193512,39.40782547,39.466381073
oldindex,float,lookupApply,2,65536,2,1,9,39.328956604,39.374923706,39.465904236
oldindex,float,lookupApply,2,8191,0,0,9,39.222164571,39.348064949,39.542638262
oldindex,float,lookupApply,2,8191,0,1,9,39.283970211,39.388505677,39.558661946
oldindex,float,lookupApply,2,8191,1,0,9,39.213771212,39.353406178,39.710505433
oldindex,float,lookupApply,2,8191,1,1,9,39.282444146,39.379349286,40.59409718
oldindex,float,lookupApply,2,8191,2,0,9,39.194695397,39.256501038,39.329752167
oldindex,float,lookupApply,2,8191,2,1,9,39.185539006,39.306861189,39.705927237
oldindex,float,prepared,0,1024,0,0,9,13.28125,13.287353516,15.789794922
oldindex,float,prepared,0,1024,0,1,9,13.28125,13.287353516,13.806152344
oldindex,float,prepared,0,1024,1,0,9,13.28125,13.287353516,14.532470703
oldindex,float,prepared,0,1024,1,1,9,13.28125,13.287353516,13.800048828
oldindex,float,prepared,0,1024,2,0,9,13.28125,13.287353516,14.685058594
oldindex,float,prepared,0,1024,2,1,9,13.28125,13.287353516,13.824462891
oldindex,float,prepared,0,65536,0,0,9,13.437652588,13.467025757,13.5597229
oldindex,float,prepared,0,65536,0,1,9,13.45243454,13.471126556,13.615989685
oldindex,float,prepared,0,65536,1,0,9,13.433551788,13.472366333,13.544273376
oldindex,float,prepared,0,65536,1,1,9,13.449573517,13.471508026,13.525867462
oldindex,float,prepared,0,65536,2,0,9,13.440608978,13.465213776,13.522052765
oldindex,float,prepared,0,65536,2,1,9,13.432693481,13.447761536,13.487243652
oldindex,float,prepared,0,8191,0,0,9,13.350781345,13.533909169,13.975705042
oldindex,float,prepared,0,8191,0,1,9,13.339335856,13.420217312,13.864302283
oldindex,float,prepared,0,8191,1,0,9,13.343914052,13.426321572,13.687278721
oldindex,float,prepared,0,8191,1,1,9,13.356885606,13.424032475,13.448449518
oldindex,float,prepared,0,8191,2,0,9,13.382828714,13.598003907,13.987913564
oldindex,float,prepared,0,8191,2,1,9,13.339335856,13.405719692,13.437767061
oldindex,float,prepared,1,1024,0,0,9,13.28125,13.287353516,14.874267578
oldindex,float,prepared,1,1024,0,1,9,13.28125,13.287353516,14.074707031
oldindex,float,prepared,1,1024,1,0,9,13.28125,13.287353516,14.093017578
oldindex,float,prepared,1,1024,1,1,9,13.28125,13.287353516,15.032958984
oldindex,float,prepared,1,1024,2,0,9,13.28125,13.287353516,14.819335938
oldindex,float,prepared,1,1024,2,1,9,13.28125,13.287353516,13.812255859
oldindex,float,prepared,1,65536,0,0,9,13.438606262,13.463115692,13.541412354
oldindex,float,prepared,1,65536,0,1,9,13.428020477,13.454055786,13.496685028
oldindex,float,prepared,1,65536,1,0,9,13.439178467,13.469791412,13.589191437
oldindex,float,prepared,1,65536,1,1,9,13.448429108,13.471412659,14.924526215
oldindex,float,prepared,1,65536,2,0,9,13.451766968,13.47284317,13.594913483
oldindex,float,prepared,1,65536,2,1,9,13.430213928,13.447475433,13.564872742
oldindex,float,prepared,1,8191,0,0,9,13.366041997,13.440819192,13.456079844
oldindex,float,prepared,1,8191,0,1,9,13.365278965,13.417165181,13.575112929
oldindex,float,prepared,1,8191,1,0,9,13.342387987,13.427084605,13.993254792
oldindex,float,prepared,1,8191,1,1,9,13.337046759,13.40800879,13.423269442
oldindex,float,prepared,1,8191,2,0,9,13.338572824,13.409534855,13.441582224
oldindex,float,prepared,1,8191,2,1,9,13.364515932,13.427084605,13.438530094
oldindex,float,prepared,2,1024,0,0,9,13.28125,13.287353516,13.806152344
oldindex,float,prepared,2,1024,0,1,9,13.28125,13.287353516,13.842773438
oldindex,float,prepared,2,1024,1,0,9,13.28125,13.28125,13.861083984
oldindex,float,prepared,2,1024,1,1,9,13.28125,13.287353516,13.800048828
oldindex,float,prepared,2,1024,2,0,9,13.28125,13.287353516,14.84375
oldindex,float,prepared,2,1024,2,1,9,13.28125,13.28125,13.793945312
oldindex,float,prepared,2,65536,0,0,9,13.432216644,13.472366333,13.511753082
oldindex,float,prepared,2,65536,0,1,9,13.435649872,13.456535339,13.497638702
oldindex,float,prepared,2,65536,1,0,9,13.438510895,13.49105835,13.577842712
oldindex,float,prepared,2,65536,1,1,9,13.444900513,13.460731506,13.56048584
oldindex,float,prepared,2,65536,2,0,9,13.438510895,13.470840454,13.549232483
oldindex,float,prepared,2,65536,2,1,9,13.430118561,13.432312012,13.48400116
oldindex,float,prepared,2,8191,0,0,9,13.342387987,13.424032475,14.186302039
oldindex,float,prepared,2,8191,0,1,9,13.338572824,13.412586986,13.455316811
oldindex,float,prepared,2,8191,1,0,9,13.378250519,13.449975583,14.235136125
oldindex,float,prepared,2,8191,1,1,9,13.362226834,13.424795507,13.46371017
oldindex,float,prepared,2,8191,2,0,9,13.337809791,13.467525333,14.003174216
oldindex,float,prepared,2,8191,2,1,9,13.343914052,13.409534855,13.543828592
oldindex,float,vienot,0,1024,0,0,9,2.722167969,2.722167969,3.369140625
oldindex,float,vienot,0,1024,0,1,9,2.191162109,2.197265625,2.24609375
oldindex,float,vienot,0,1024,1,0,9,2.191162109,2.197265625,2.239990234
oldindex,float,vienot,0,1024,1,1,9,2.282714844,2.288818359,3.375244141
oldindex,float,vienot,0,1024,2,0,9,2.362060547,2.386474609,2.410888672
oldindex,float,vienot,0,1024,2,1,9,2.191162109,2.197265625,2.752685547
oldindex,float,vienot,0,65536,0,0,9,2.197265625,2.21157074,2.238082886
oldindex,float,vienot,0,65536,0,1,9,2.201938629,2.2108078,2.260494232
oldindex,float,vienot,0,65536,1,0,9,2.203369141,2.213287354,2.262496948
oldindex,float,vienot,0,65536,1,1,9,2.228355408,2.236652374,2.30255127
oldindex,float,vienot,0,65536,2,0,9,2.198982239,2.209758759,2.218914032
oldindex,float,vienot,0,65536,2,1,9,2.199077606,2.207946777,2.224636078
oldindex,float,vienot,0,8191,0,0,9,2.167012575,2.167775607,2.377609571
oldindex,float,vienot,0,8191,0,1,9,2.170827738,2.17159077,2.274600171
oldindex,float,vienot,0,8191,1,0,9,2.166249542,2.167775607,2.459254059
oldindex,float,vienot,0,8191,1,1,9,2.169301673,2.170064705,2.833140032
oldindex,float,vienot,0,8191,2,0,9,2.166249542,2.170064705,2.333353681
oldindex,float,vienot,0,8191,2,1,9,2.170827738,2.174642901,2.851452814
oldindex,float,vienot,1,1024,0,0,9,2.203369141,2.209472656,3.698730469
oldindex,float,vienot,1,1024,0,1,9,2.197265625,2.203369141,2.209472656
oldindex,float,vienot,1,1024,1,0,9,2.191162109,2.221679688,3.704833984
oldindex,float,vienot,1,1024,1,1,9,2.197265625,2.203369141,2.209472656
oldindex,float,vienot,1,1024,2,0,9,2.368164062,2.368164062,2.380371094
oldindex,float,vienot,1,1024,2,1,9,2.239990234,2.264404297,2.270507812
oldindex,float,vienot,1,65536,0,0,9,2.199172974,2.209854126,2.2564888
oldindex,float,vienot,1,65536,0,1,9,2.201366425,2.217388153,2.29883194
oldindex,float,vienot,1,65536,1,0,9,2.201747894,2.212429047,2.253913879
oldindex,float,vienot,1,65536,1,1,9,2.200889587,2.210426331,2.281856537
oldindex,float,vienot,1,65536,2,0,9,2.199840546,2.207756042,2.238559723
oldindex,float,vienot,1,65536,2,1,9,2.202320099,2.214717865,2.260494232
oldindex,float,vienot,1,8191,0,0,9,2.169301673,2.172353803,2.269258943
oldindex,float,vienot,1,8191,0,1,9,2.169301673,2.174642901,2.246367965
oldindex,float,vienot,1,8191,1,0,9,2.169301673,2.176168966,2.252472226
oldindex,float,vienot,1,8191,1,1,9,2.170064705,2.176931999,2.646960078
oldindex,float,vienot,1,8191,2,0,9,2.172353803,2.176931999,2.357007691
oldindex,float,vienot,1,8191,2,1,9,2.172353803,2.179984129,2.308173605
oldreference,double,brettel,0,1024,0,0,9,5.2734375,5.279541016,5.853271484
oldreference,double,brettel,0,1024,0,1,9,5.2734375,5.2734375,6.207275391
oldreference,double,brettel,0,1024,1,0,9,5.2734375,5.279541016,5.822753906
oldreference,double,brettel,0,1024,1,1,9,5.2734375,5.279541016,6.091308594
oldreference,double,brettel,0,1024,2,0,9,5.2734375,5.279541016,5.841064453
oldreference,double,brettel,0,1024,2,1,9,5.2734375,5.279541016,5.865478516
oldreference,double,brettel,0,65536,0,0,9,13.629627228,13.699531555,13.767242432
oldreference,double,brettel,0,65536,0,1,9,13.641357422,13.66519928,13.938999176
oldreference,double,brettel,0,65536,1,0,9,13.619613647,13.667106628,13.719463348
oldreference,double,brettel,0,65536,1,1,9,13.609695435,13.642978668,13.675022125
oldreference,double,brettel,0,65536,2,0,9,13.627719879,13.647556305,13.697814941
oldreference,double,brettel,0,65536,2,1,9,13.614368439,13.65404129,13.705348969
oldreference,double,brettel,0,8191,0,0,9,5.258057624,5.336649982,5.36259309
oldreference,double,brettel,0,8191,0,1,9,5.267214015,5.350384568,5.403033818
oldreference,double,brettel,0,8191,1,0,9,5.257294592,5.338939079,5.461024295
oldreference,double,brettel,0,8191,1,1,9,5.251190331,5.335123916,5.36564522
oldreference,double,brettel,0,8191,2,0,9,5.254242461,5.331308754,5.427450861
oldreference,double,brettel,0,8191,2,1,9,5.260346722,5.347332438,5.812782322
oldreference,double,brettel,1,1024,0,0,9,5.2734375,5.279541016,5.322265625
oldreference,double,brettel,1,1024,0,1,9,5.2734375,5.279541016,5.853271484
oldreference,double,brettel,1,1024,1,0,9,5.2734375,5.279541016,5.902099609
oldreference,double,brettel,1,1024,1,1,9,5.2734375,5.2734375,5.847167969
oldreference,double,brettel,1,1024,2,0,9,5.2734375,5.2734375,5.480957031
oldreference,double,brettel,1,1024,2,1,9,5.2734375,5.2734375,5.816650391
oldreference,double,brettel,1,65536,0,0,9,13.662910461,13.706874847,14.028930664
oldreference,double,brettel,1,65536,0,1,9,13.673496246,13.716506958,14.108657837
oldreference,double,brettel,1,65536,1,0,9,13.665866852,13.699817657,13.798332214
oldreference,double,brettel,1,65536,1,1,9,13.682842255,13.706493378,13.920116425
oldreference,double,brettel,1,65536,2,0,9,13.631916046,13.681125641,13.741207123
oldreference,double,brettel,1,65536,2,1,9,13.643074036,13.685512543,13.713550568
oldreference,double,brettel,1,8191,0,0,9,5.252716396,5.335123916,5.415242339
oldreference,double,brettel,1,8191,0,1,9,5.264161885,5.337413014,5.401507752
oldreference,double,brettel,1,8191,1,0,9,5.258057624,5.336649982,5.786076181
oldreference,double,brettel,1,8191,1,1,9,5.269503113,5.343517275,5.63881089
oldreference,double,brettel,1,8191,2,0,9,5.258820657,5.343517275,5.548010011
oldreference,double,brettel,1,8191,2,1,9,5.251190331,5.340465145,5.376327677
oldreference,double,brettel,2,1024,0,0,9,5.279541016,5.285644531,6.93359375
oldreference,double,brettel,2,1024,0,1,9,5.279541016,5.285644531,5.944824219
oldreference,double,brettel,2,1024,1,0,9,5.285644531,5.291748047,6.103515625
oldreference,double,brettel,2,1024,1,1,9,5.279541016,5.285644531,6.658935547
oldreference,double,brettel,2,1024,2,0,9,5.279541016,5.285644531,6.097412109
oldreference,double,brettel,2,1024,2,1,9,5.279541016,5.285644531,6.628417969
oldreference,double,brettel,2,65536,0,0,9,13.679409027,13.724517822,13.766670227
oldreference,double,brettel,2,65536,0,1,9,13.692569733,13.71383667,13.756275177
oldreference,double,brettel,2,65536,1,0,9,13.693141937,13.772392273,16.37172699
oldreference,double,brettel,2,65536,1,1,9,13.668632507,13.692760468,13.750076294
oldreference,double,brettel,2,65536,2,0,9,13.672924042,13.697624207,13.72461319
oldreference,double,brettel,2,65536,2,1,9,13.682174683,13.70973587,13.831520081
oldreference,double,brettel,2,8191,0,0,9,5.260346722,5.343517275,5.391588329
oldreference,double,brettel,2,8191,0,1,9,5.308417776,5.378616775,5.941734831
oldreference,double,brettel,2,8191,1,0,9,5.254242461,5.336649982,5.407612013
oldreference,double,brettel,2,8191,1,1,9,5.275607374,5.357251862,6.421682334
oldreference,double,brettel,2,8191,2,0,9,5.263398852,5.335886949,5.406848981
oldreference,double,brettel,2,8191,2,1,9,5.294683189,5.370986449,6.481961909
oldreference,double,lookup,0,1024,0,0,9,45.727539062,46.276855469,46.429443359
oldreference,double,lookup,0,1024,0,1,9,45.739746094,46.264648438,47.961425781
oldreference,double,lookup,0,1024,1,0,9,45.758056641,46.295166016,46.545410156
oldreference,double,lookup,0,1024,1,1,9,45.776367188,46.282958984,47.552490234
oldreference,double,lookup,0,1024,2,0,9,45.727539062,46.252441406,46.569824219
oldreference,double,lookup,0,1024,2,1,9,45.739746094,46.240234375,46.295166016
oldreference,double,lookup,0,65536,0,0,9,46.426582336,46.529769897,46.63772583
oldreference,double,lookup,0,65536,0,1,9,46.401500702,46.43573761,51.195430756
oldreference,double,lookup,0,65536,1,0,9,46.364498138,46.419239044,46.918678284
oldreference,double,lookup,0,65536,1,1,9,46.361637115,46.393299103,46.474838257
oldreference,double,lookup,0,65536,2,0,9,46.358299255,46.424388885,46.627044678
oldreference,double,lookup,0,65536,2,1,9,46.381282806,46.432304382,46.563148499
oldreference,double,lookup,0,8191,0,0,9,46.309974362,46.39467098,46.835703821
oldreference,double,lookup,0,8191,0,1,9,46.275637895,46.478604566,46.761689659
oldreference,double,lookup,0,8191,1,0,9,46.283268221,46.316078623,47.12336711
oldreference,double,lookup,0,8191,1,1,9,46.319893786,46.422903186,46.616713466
oldreference,double,lookup,0,8191,2,0,9,46.264192406,46.334391405,46.456476621
oldreference,double,lookup,0,8191,2,1,9,46.274874863,46.430533512,46.72964229
oldreference,double,lookup,1,1024,0,0,9,45.861816406,46.618652344,64.770507812
oldreference,double,lookup,1,1024,0,1,9,45.764160156,46.282958984,46.997070312
oldreference,double,lookup,1,1024,1,0,9,45.709228516,46.313476562,64.459228516
oldreference,double,lookup,1,1024,1,1,9,45.733642578,46.240234375,46.331787109
oldreference,double,lookup,1,1024,2,0,9,45.739746094,46.2890625,66.735839844
oldreference,double,lookup,1,1024,2,1,9,45.745849609,46.325683594,47.131347656
oldreference,double,lookup,1,65536,0,0,9,46.382808685,46.575450897,55.28459549
oldreference,double,lookup,1,65536,0,1,9,46.421051025,46.500110626,46.644687653
oldreference,double,lookup,1,65536,1,0,9,46.357250214,46.430110931,46.955299377
oldreference,double,lookup,1,65536,1,1,9,46.333217621,46.424865723,46.571159363
oldreference,double,lookup,1,65536,2,0,9,46.35887146,46.455097198,46.528148651
oldreference,double,lookup,1,65536,2,1,9,46.353530884,46.435546875,46.457290649
oldreference,double,lookup,1,8191,0,0,9,46.284031254,46.393907948,46.644182639
oldreference,double,lookup,1,8191,0,1,9,46.268007569,46.361097546,46.538884141
oldreference,double,lookup,1,8191,1,0,9,46.264192406,46.385514589,46.664021487
oldreference,double,lookup,1,8191,1,1,9,46.273348797,46.31531559,46.55032963
oldreference,double,lookup,1,8191,2,0,9,46.265718471,46.50912587,46.731931388
oldreference,double,lookup,1,8191,2,1,9,46.321419851,46.428244415,46.534305946
oldreference,double,lookup,2,1024,0,0,9,45.751953125,46.258544922,46.38671875
oldreference,double,lookup,2,1024,0,1,9,45.715332031,46.923828125,51.690673828
oldreference,double,lookup,2,1024,1,0,9,45.751953125,46.258544922,46.948242188
oldreference,double,lookup,2,1024,1,1,9,45.739746094,46.936035156,48.638916016
oldreference,double,lookup,2,1024,2,0,9,45.751953125,46.38671875,48.126220703
oldreference,double,lookup,2,1024,2,1,9,45.751953125,46.917724609,47.467041016
oldreference,double,lookup,2,65536,0,0,9,46.434402466,46.483230591,46.654224396
oldreference,double,lookup,2,65536,0,1,9,46.413135529,46.478366852,46.575164795
oldreference,double,lookup,2,65536,1,0,9,46.341705322,46.370601654,46.649646759
oldreference,double,lookup,2,65536,1,1,9,46.358394623,46.403884888,46.560192108
oldreference,double,lookup,2,65536,2,0,9,46.328258514,46.364784241,46.504592896
oldreference,double,lookup,2,65536,2,1,9,46.364307404,46.512794495,49.308490753
oldreference,double,lookup,2,8191,0,0,9,46.261140276,46.336680503,46.751770236
oldreference,double,lookup,2,8191,0,1,9,46.293187645,46.599926749,47.128708338
oldreference,double,lookup,2,8191,1,0,9,46.270296667,46.399249176,46.728116225
oldreference,double,lookup,2,8191,1,1,9,46.261140276,46.462580881,47.379746063
oldreference,double,lookup,2,8191,2,0,9,46.267244537,46.301581004,46.579324869
oldreference,double,lookup,2,8191,2,1,9,46.30921133,46.45037236,46.910481016
oldreference,double,lookupApply,0,1024,0,0,9,53.076171875,53.570556641,54.754638672
oldreference,double,lookupApply,0,1024,0,1,9,52.960205078,53.527832031,53.747558594
oldreference,double,lookupApply,0,1024,1,0,9,52.984619141,53.576660156,54.449462891
oldreference,double,lookupApply,0,1024,1,1,9,52.966308594,53.625488281,54.681396484
oldreference,double,lookupApply,0,1024,2,0,9,52.807617188,53.570556641,54.266357422
oldreference,double,lookupApply,0,1024,2,1,9,53.082275391,53.607177734,54.644775391
oldreference,double,lookupApply,0,65536,0,0,9,53.839492798,53.894424438,54.330348969
oldreference,double,lookupApply,0,65536,0,1,9,53.819561005,53.89175415,54.460144043
oldreference,double,lookupApply,0,65536,1,0,9,53.81937027,53.993034363,55.131912231
oldreference,double,lookupApply,0,65536,1,1,9,53.760528564,53.807735443,53.973865509
oldreference,double,lookupApply,0,65536,2,0,9,53.767585754,53.815746307,61.352825165
oldreference,double,lookupApply,0,65536,2,1,9,53.776168823,53.815937042,53.888607025
oldreference,double,lookupApply,0,8191,0,0,9,53.619826639,53.699945062,53.979214992
oldreference,double,lookupApply,0,8191,0,1,9,53.609907215,53.66713466,55.116896594
oldreference,double,lookupApply,0,8191,1,0,9,53.60532902,53.634324258,53.957087047
oldreference,double,lookupApply,0,8191,1,1,9,53.594646563,53.741148822,54.254669759
oldreference,double,lookupApply,0,8191,2,0,9,53.597698694,53.632798193,54.115797827
oldreference,double,lookupApply,0,8191,2,1,9,53.572518618,53.653400073,53.990660481
oldreference,double,lookupApply,1,1024,0,0,9,53.082275391,53.558349609,53.631591797
oldreference,double,lookupApply,1,1024,0,1,9,53.125,53.576660156,53.833007812
oldreference,double,lookupApply,1,1024,1,0,9,53.088378906,53.631591797,60.339355469
oldreference,double,lookupApply,1,1024,1,1,9,53.491210938,53.594970703,54.528808594
oldreference,double,lookupApply,1,1024,2,0,9,52.941894531,53.527832031,53.637695312
oldreference,double,lookupApply,1,1024,2,1,9,53.240966797,53.637695312,54.425048828
oldreference,double,lookupApply,1,65536,0,0,9,53.816699982,53.940582275,61.64560318
oldreference,double,lookupApply,1,65536,0,1,9,53.797531128,53.932857513,54.172134399
oldreference,double,lookupApply,1,65536,1,0,9,53.764057159,53.788661957,53.936672211
oldreference,double,lookupApply,1,65536,1,1,9,53.789806366,53.867912292,53.941822052
oldreference,double,lookupApply,1,65536,2,0,9,53.729057312,53.811168671,54.191207886
oldreference,double,lookupApply,1,65536,2,1,9,53.723907471,53.803920746,53.969097137
oldreference,double,lookupApply,1,8191,0,0,9,53.558020999,53.706812355,54.062385545
oldreference,double,lookupApply,1,8191,0,1,9,53.410755707,53.620589672,53.882309852
oldreference,double,lookupApply,1,8191,1,0,9,53.599224759,53.675528019,53.779300452
oldreference,double,lookupApply,1,8191,1,1,9,53.607618117,53.780826517,54.18141863
oldreference,double,lookupApply,1,8191,2,0,9,53.633561226,53.848736418,54.276034672
oldreference,double,lookupApply,1,8191,2,1,9,53.551153705,53.630509095,54.095958979
oldreference,double,lookupApply,2,1024,0,0,9,52.984619141,53.594970703,54.632568359
oldreference,double,lookupApply,2,1024,0,1,9,53.082275391,53.973388672,56.170654297
oldreference,double,lookupApply,2,1024,1,0,9,53.094482422,53.631591797,53.833007812
oldreference,double,lookupApply,2,1024,1,1,9,52.917480469,54.217529297,56.481933594
oldreference,double,lookupApply,2,1024,2,0,9,52.954101562,53.723144531,54.1015625
oldreference,double,lookupApply,2,1024,2,1,9,52.966308594,54.327392578,60.461425781
oldreference,double,lookupApply,2,65536,0,0,9,53.804016113,53.887367249,54.111766815
oldreference,double,lookupApply,2,65536,0,1,9,53.854942322,53.91740799,54.310703278
oldreference,double,lookupApply,2,65536,1,0,9,53.765106201,53.831100464,53.949069977
oldreference,double,lookupApply,2,65536,1,1,9,53.811836243,53.888320923,53.999996185
oldreference,double,lookupApply,2,65536,2,0,9,53.738117218,53.834056854,53.950595856
oldreference,double,lookupApply,2,65536,2,1,9,53.755378723,53.862094879,54.416561127
oldreference,double,lookupApply,2,8191,0,0,9,53.569466488,53.758698572,54.350811867
oldreference,double,lookupApply,2,8191,0,1,9,53.501556586,53.636613356,54.042546698
oldreference,double,lookupApply,2,8191,1,0,9,53.598461726,53.677054084,53.951745819
oldreference,double,lookupApply,2,8191,1,1,9,53.577096814,53.741148822,65.584940789
oldreference,double,lookupApply,2,8191,2,0,9,53.648058845,53.889940178,54.352337932
oldreference,double,lookupApply,2,8191,2,1,9,53.513002075,53.635087291,54.577432548
oldreference,double,prepared,0,1024,0,0,9,24.078369141,24.084472656,24.792480469
oldreference,double,prepared,0,1024,0,1,9,24.078369141,24.084472656,24.670410156
oldreference,double,prepared,0,1024,1,0,9,24.078369141,24.084472656,24.713134766
oldreference,double,prepared,0,1024,1,1,9,24.084472656,24.084472656,24.603271484
oldreference,double,prepared,0,1024,2,0,9,24.084472656,24.090576172,24.676513672
oldreference,double,prepared,0,1024,2,1,9,24.084472656,24.206542969,24.90234375
oldreference,double,prepared,0,65536,0,0,9,24.377822876,24.450016022,24.565410614
oldreference,double,prepared,0,65536,0,1,9,24.379634857,24.426555634,24.456310272
oldreference,double,prepared,0,65536,1,0,9,24.38955307,24.512672424,24.595546722
oldreference,double,prepared,0,65536,1,1,9,24.340820312,24.392223358,24.492168427
oldreference,double,prepared,0,65536,2,0,9,24.386024475,24.398326874,24.915790558
oldreference,double,prepared,0,65536,2,1,9,24.374103546,24.405574799,24.488925934
oldreference,double,prepared,0,8191,0,0,9,24.323953119,24.361341717,25.805762422
oldreference,double,prepared,0,8191,0,1,9,24.305640337,24.563545355,25.048071054
oldreference,double,prepared,0,8191,1,0,9,24.308692467,24.372024173,24.780246612
oldreference,double,prepared,0,8191,1,1,9,24.291142718,24.323953119,24.483426932
oldreference,double,prepared,0,8191,2,0,9,24.29190575,24.374313271,24.488005128
oldreference,double,prepared,0,8191,2,1,9,24.298773044,24.34760713,24.822976438
oldreference,double,prepared,1,1024,0,0,9,24.084472656,24.084472656,24.768066406
oldreference,double,prepared,1,1024,0,1,9,24.084472656,24.133300781,24.725341797
oldreference,double,prepared,1,1024,1,0,9,24.078369141,24.584960938,25.445556641
oldreference,double,prepared,1,1024,1,1,9,24.078369141,24.090576172,24.694824219
oldreference,double,prepared,1,1024,2,0,9,24.084472656,24.084472656,24.639892578
oldreference,double,prepared,1,1024,2,1,9,24.078369141,24.090576172,24.676513672
oldreference,double,prepared,1,65536,0,0,9,24.369239807,24.404621124,24.545001984
oldreference,double,prepared,1,65536,0,1,9,24.39289093,24.472904205,24.723339081
oldreference,double,prepared,1,65536,1,0,9,24.388408661,24.418449402,24.526119232
oldreference,double,prepared,1,65536,1,1,9,24.366283417,24.383163452,24.544334412
oldreference,double,prepared,1,65536,2,0,9,24.373245239,24.411201477,24.536323547
oldreference,double,prepared,1,65536,2,1,9,24.386882782,24.414634705,24.492549896
oldreference,double,prepared,1,8191,0,0,9,24.298773044,24.319374924,24.446801367
oldreference,double,prepared,1,8191,0,1,9,24.290379685,24.319374924,24.422384324
oldreference,double,prepared,1,8191,1,0,9,24.290379685,24.318611891,24.380417531
oldreference,double,prepared,1,8191,1,1,9,24.311744598,24.339976804,24.74743621
oldreference,double,prepared,1,8191,2,0,9,24.292668783,24.323190087,24.48571603
oldreference,double,prepared,1,8191,2,1,9,24.321664021,24.415517031,24.50631791
oldreference,double,prepared,2,1024,0,0,9,24.084472656,24.090576172,25.964355469
oldreference,double,prepared,2,1024,0,1,9,24.084472656,24.084472656,25.915527344
oldreference,double,prepared,2,1024,1,0,9,24.084472656,24.084472656,25.421142578
oldreference,double,prepared,2,1024,1,1,9,24.078369141,25.109863281,25.604248047
oldreference,double,prepared,2,1024,2,0,9,24.084472656,24.084472656,24.957275391
oldreference,double,prepared,2,1024,2,1,9,24.084472656,24.084472656,25.915527344
oldreference,double,prepared,2,65536,0,0,9,24.376964569,24.438381195,24.512290955
oldreference,double,prepared,2,65536,0,1,9,24.412345886,24.436092377,24.54957962
oldreference,double,prepared,2,65536,1,0,9,24.376678467,24.4181633,24.514007568
oldreference,double,prepared,2,65536,1,1,9,24.356460571,24.406909943,24.432754517
oldreference,double,prepared,2,65536,2,0,9,24.34720993,24.383449554,24.488544464
oldreference,double,prepared,2,65536,2,1,9,24.384689331,24.439334869,24.724578857
oldreference,double,prepared,2,8191,0,0,9,24.324716152,24.379654499,24.713099744
oldreference,double,prepared,2,8191,0,1,9,24.283512392,24.318611891,27.028903675
oldreference,double,prepared,2,8191,1,0,9,24.292668783,24.310218533,24.415517031
oldreference,double,prepared,2,8191,1,1,9,24.314033696,24.373550238,25.313606397
oldreference,double,prepared,2,8191,2,0,9,24.291142718,24.337687706,24.545995605
oldreference,double,prepared,2,8191,2,1,9,24.279697229,24.40636064,27.052557685
oldreference,double,vienot,0,1024,0,0,9,2.075195312,2.526855469,2.600097656
oldreference,double,vienot,0,1024,0,1,9,2.056884766,2.062988281,2.716064453
oldreference,double,vienot,0,1024,1,0,9,2.062988281,2.209472656,2.63671875
oldreference,double,vienot,0,1024,1,1,9,2.203369141,2.313232422,3.002929688
oldreference,double,vienot,0,1024,2,0,9,2.209472656,2.282714844,2.294921875
oldreference,double,vienot,0,1024,2,1,9,2.056884766,2.062988281,2.075195312
oldreference,double,vienot,0,65536,0,0,9,2.141666412,2.149581909,2.283191681
oldreference,double,vienot,0,65536,0,1,9,2.150726318,2.17962265,2.207756042
oldreference,double,vienot,0,65536,1,0,9,2.163791656,2.17924118,2.21529007
oldreference,double,vienot,0,65536,1,1,9,2.14548111,2.161884308,2.195930481
oldreference,double,vienot,0,65536,2,0,9,2.154922485,2.162265778,2.308559418
oldreference,double,vienot,0,65536,2,1,9,2.148914337,2.162456512,2.285957336
oldreference,double,vienot,0,8191,0,0,9,2.122756684,2.141069466,2.831613967
oldreference,double,vienot,0,8191,0,1,9,2.151751923,2.160908314,2.260865584
oldreference,double,vienot,0,8191,1,0,9,2.134965206,2.190666585,3.01474179
oldreference,double,vienot,0,8191,1,1,9,2.121993652,2.163197412,2.260865584
oldreference,double,vienot,0,8191,2,0,9,2.16853864,2.173879868,2.872817727
oldreference,double,vienot,0,8191,2,1,9,2.121230619,2.125808815,2.297491149
oldreference,double,vienot,1,1024,0,0,9,2.1484375,2.154541016,2.154541016
oldreference,double,vienot,1,1024,0,1,9,2.056884766,2.062988281,2.069091797
oldreference,double,vienot,1,1024,1,0,9,2.355957031,2.362060547,2.447509766
oldreference,double,vienot,1,1024,1,1,9,2.075195312,2.081298828,2.185058594
oldreference,double,vienot,1,1024,2,0,9,2.099609375,2.209472656,2.252197266
oldreference,double,vienot,1,1024,2,1,9,2.056884766,2.270507812,2.819824219
oldreference,double,vienot,1,65536,0,0,9,2.153396606,2.191257477,2.223682404
oldreference,double,vienot,1,65536,0,1,9,2.150440216,2.16960907,2.212810516
oldreference,double,vienot,1,65536,1,0,9,2.145385742,2.177619934,2.206897736
oldreference,double,vienot,1,65536,1,1,9,2.15549469,2.17294693,2.192592621
oldreference,double,vienot,1,65536,2,0,9,2.143096924,2.182579041,3.132629395
oldreference,double,vienot,1,65536,2,1,9,2.146625519,2.156639099,2.171516418
oldreference,double,vienot,1,8191,0,0,9,2.11283726,2.114363326,2.216609694
oldreference,double,vienot,1,8191,0,1,9,2.114363326,2.149462825,2.241026737
oldreference,double,vienot,1,8191,1,0,9,2.110548163,2.113600293,2.319619094
oldreference,double,vienot,1,8191,1,1,9,2.111311195,2.118941521,2.196770846
oldreference,double,vienot,1,8191,2,0,9,2.11283726,2.115126358,2.215083628
oldreference,double,vienot,1,8191,2,1,9,2.113600293,2.116652423,2.201349042
oldreference,float,brettel,0,1024,0,0,9,4.498291016,4.498291016,4.516601562
oldreference,float,brettel,0,1024,0,1,9,4.504394531,4.504394531,5.181884766
oldreference,float,brettel,0,1024,1,0,9,4.498291016,4.504394531,6.292724609
oldreference,float,brettel,0,1024,1,1,9,4.498291016,4.504394531,5.084228516
oldreference,float,brettel,0,1024,2,0,9,4.498291016,4.498291016,6.744384766
oldreference,float,brettel,0,1024,2,1,9,4.498291016,4.498291016,4.504394531
oldreference,float,brettel,0,65536,0,0,9,12.978076935,13.001060486,13.15870285
oldreference,float,brettel,0,65536,0,1,9,12.97416687,13.00163269,13.055324554
oldreference,float,brettel,0,65536,1,0,9,12.985038757,12.993240356,13.167572021
oldreference,float,brettel,0,65536,1,1,9,12.979412079,13.003730774,13.041114807
oldreference,float,brettel,0,65536,2,0,9,12.986850739,13.004493713,13.274288177
oldreference,float,brettel,0,65536,2,1,9,12.969684601,12.997913361,13.038730621
oldreference,float,brettel,0,8191,0,0,9,4.477475278,4.566750092,5.131394213
oldreference,float,brettel,0,8191,0,1,9,4.484342571,4.555304603,4.6957026
oldreference,float,brettel,0,8191,1,0,9,4.47518618,4.588878037,5.155811256
oldreference,float,brettel,0,8191,1,1,9,4.490446832,4.55454157,4.658314003
oldreference,float,brettel,0,8191,2,0,9,4.477475278,4.627792699,5.007782932
oldreference,float,brettel,0,8191,2,1,9,4.481290441,4.553778537,4.683494079
oldreference,float,brettel,1,1024,0,0,9,4.4921875,4.4921875,5.126953125
oldreference,float,brettel,1,1024,0,1,9,4.4921875,4.498291016,4.504394531
oldreference,float,brettel,1,1024,1,0,9,4.4921875,4.4921875,5.792236328
oldreference,float,brettel,1,1024,1,1,9,4.4921875,4.498291016,5.255126953
oldreference,float,brettel,1,1024,2,0,9,4.4921875,4.4921875,6.036376953
oldreference,float,brettel,1,1024,2,1,9,4.4921875,4.498291016,5.810546875
oldreference,float,brettel,1,65536,0,0,9,13.000965118,13.015556335,13.074493408
oldreference,float,brettel,1,65536,0,1,9,13.007640839,13.027381897,13.057327271
oldreference,float,brettel,1,65536,1,0,9,13.008880615,13.022232056,13.075256348
oldreference,float,brettel,1,65536,1,1,9,12.975120544,13.007450104,13.063907623
oldreference,float,brettel,1,65536,2,0,9,13.007164001,13.021183014,13.070583344
oldreference,float,brettel,1,65536,2,1,9,13.00535202,13.02614212,13.090419769
oldreference,float,brettel,1,8191,0,0,9,4.485105604,4.556067635,4.637712123
oldreference,float,brettel,1,8191,0,1,9,4.490446832,4.569039189,5.240507874
oldreference,float,brettel,1,8191,1,0,9,4.490446832,4.559882798,4.643816384
oldreference,float,brettel,1,8191,1,1,9,4.485105604,4.55454157,5.663990966
oldreference,float,brettel,1,8191,2,0,9,4.487394702,4.55454157,4.622451471
oldreference,float,brettel,1,8191,2,1,9,4.486631669,4.565224026,5.288578928
oldreference,float,brettel,2,1024,0,0,9,4.504394531,4.504394531,4.516601562
oldreference,float,brettel,2,1024,0,1,9,4.504394531,4.504394531,5.102539062
oldreference,float,brettel,2,1024,1,0,9,4.498291016,4.504394531,5.065917969
oldreference,float,brettel,2,1024,1,1,9,4.498291016,4.504394531,5.035400391
oldreference,float,brettel,2,1024,2,0,9,4.498291016,4.504394531,5.816650391
oldreference,float,brettel,2,1024,2,1,9,4.498291016,4.498291016,4.516601562
oldreference,float,brettel,2,65536,0,0,9,12.961196899,13.008880615,13.090229034
oldreference,float,brettel,2,65536,0,1,9,13.005924225,13.01984787,13.523006439
oldreference,float,brettel,2,65536,1,0,9,12.996196747,13.012599945,13.056182861
oldreference,float,brettel,2,65536,1,1,9,12.984275818,12.997531891,13.056468964
oldreference,float,brettel,2,65536,2,0,9,12.970352173,13.01279068,13.069725037
oldreference,float,brettel,2,65536,2,1,9,12.989616394,13.001251221,13.078022003
oldreference,float,brettel,2,8191,0,0,9,4.499603223,4.569039189,4.572854352
oldreference,float,brettel,2,8191,0,1,9,4.510285679,4.581247711,4.743010621
oldreference,float,brettel,2,8191,1,0,9,4.481290441,4.548437309,4.578195581
oldreference,float,brettel,2,8191,1,1,9,4.482816506,4.550726407,4.563697961
oldreference,float,brettel,2,8191,2,0,9,4.484342571,4.552252472,4.559119766
oldreference,float,brettel,2,8191,2,1,9,4.488157734,4.559882798,4.63084483
oldreference,float,lookup,0,1024,0,0,9,28.784179688,29.895019531,31.225585938
oldreference,float,lookup,0,1024,0,1,9,28.717041016,28.826904297,29.583740234
oldreference,float,lookup,0,1024,1,0,9,28.765869141,28.826904297,30.065917969
oldreference,float,lookup,0,1024,1,1,9,28.674316406,28.90625,30.444335938
oldreference,float,lookup,0,1024,2,0,9,28.863525391,28.967285156,31.756591797
oldreference,float,lookup,0,1024,2,1,9,28.759765625,29.254150391,30.426025391
oldreference,float,lookup,0,65536,0,0,9,29.238605499,29.287338257,29.561805725
oldreference,float,lookup,0,65536,0,1,9,29.242324829,29.293060303,29.57239151
oldreference,float,lookup,0,65536,1,0,9,29.144001007,29.218196869,31.809043884
oldreference,float,lookup,0,65536,1,1,9,29.185295105,29.222679138,29.294395447
oldreference,float,lookup,0,65536,2,0,9,29.162597656,29.257011414,29.33511734
oldreference,float,lookup,0,65536,2,1,9,29.151535034,29.216480255,29.333400726
oldreference,float,lookup,0,8191,0,0,9,29.101300208,29.165394946,31.547582713
oldreference,float,lookup,0,8191,0,1,9,29.013551459,29.090617751,29.474423147
oldreference,float,lookup,0,8191,1,0,9,29.002869003,29.189048956,31.704767428
oldreference,float,lookup,0,8191,1,1,9,29.071541936,29.131821511,29.514100842
oldreference,float,lookup,0,8191,2,0,9,29.153949457,29.210413869,32.029056281
oldreference,float,lookup,0,8191,2,1,9,28.979978025,29.047887926,29.96886827
oldreference,float,lookup,1,1024,0,0,9,28.784179688,29.431152344,30.926513672
oldreference,float,lookup,1,1024,0,1,9,28.747558594,28.826904297,29.425048828
oldreference,float,lookup,1,1024,1,0,9,28.723144531,28.759765625,30.310058594
oldreference,float,lookup,1,1024,1,1,9,28.7109375,28.790283203,29.302978516
oldreference,float,lookup,1,1024,2,0,9,28.747558594,28.820800781,30.004882812
oldreference,float,lookup,1,1024,2,1,9,28.912353516,29.071044922,29.516601562
oldreference,float,lookup,1,65536,0,0,9,29.226016998,29.30431366,29.375648499
oldreference,float,lookup,1,65536,0,1,9,29.218673706,29.317760468,29.604148865
oldreference,float,lookup,1,65536,1,0,9,29.17098999,29.243278503,29.462718964
oldreference,float,lookup,1,65536,1,1,9,29.157161713,29.217624664,29.269313812
oldreference,float,lookup,1,65536,2,0,9,29.201507568,29.226875305,29.306602478
oldreference,float,lookup,1,65536,2,1,9,29.174232483,29.193878174,29.276561737
oldreference,float,lookup,1,8191,0,0,9,28.942589427,29.211176901,29.665181297
oldreference,float,lookup,1,8191,0,1,9,29.024996948,29.124954218,29.802527164
oldreference,float,lookup,1,8191,1,0,9,28.973110731,29.073068001,29.459925528
oldreference,float,lookup,1,8191,1,1,9,29.080698327,29.101300208,30.01007203
oldreference,float,lookup,1,8191,2,0,9,28.98150409,29.080698327,29.35462703
oldreference,float,lookup,1,8191,2,1,9,28.977688927,29.094432914,29.229489684
oldreference,float,lookup,2,1024,0,0,9,28.704833984,28.814697266,29.528808594
oldreference,float,lookup,2,1024,0,1,9,28.796386719,28.887939453,29.425048828
oldreference,float,lookup,2,1024,1,0,9,28.753662109,28.778076172,29.345703125
oldreference,float,lookup,2,1024,1,1,9,28.741455078,28.826904297,30.627441406
oldreference,float,lookup,2,1024,2,0,9,28.698730469,29.254150391,29.766845703
oldreference,float,lookup,2,1024,2,1,9,28.729248047,29.266357422,29.461669922
oldreference,float,lookup,2,65536,0,0,9,29.194450378,29.272556305,29.368400574
oldreference,float,lookup,2,65536,0,1,9,29.211997986,29.750347137,48.017215729
oldreference,float,lookup,2,65536,1,0,9,29.240036011,29.284381866,30.421161652
oldreference,float,lookup,2,65536,1,1,9,29.13312912,29.189586639,29.34589386
oldreference,float,lookup,2,65536,2,0,9,29.137706757,29.20665741,29.736804962
oldreference,float,lookup,2,65536,2,1,9,29.23784256,29.257011414,29.395389557
oldreference,float,lookup,2,8191,0,0,9,29.041020632,29.308845074,32.560890001
oldreference,float,lookup,2,8191,0,1,9,29.105115371,29.147082163,29.184470761
oldreference,float,lookup,2,8191,1,0,9,28.994475644,29.100537175,29.812446588
oldreference,float,lookup,2,8191,1,1,9,28.978451959,29.086802588,29.325631791
oldreference,float,lookup,2,8191,2,0,9,28.98455622,29.095195947,29.905536565
oldreference,float,lookup,2,8191,2,1,9,29.027286046,29.176840435,29.37828104
oldreference,float,lookupApply,0,1024,0,0,9,38.781738281,40.032958984,40.502929688
oldreference,float,lookupApply,0,1024,0,1,9,38.879394531,39.440917969,41.217041016
oldreference,float,lookupApply,0,1024,1,0,9,38.909912109,39.733886719,45.092773438
oldreference,float,lookupApply,0,1024,1,1,9,38.818359375,39.483642578,40.472412109
oldreference,float,lookupApply,0,1024,2,0,9,38.812255859,40.014648438,43.45703125
oldreference,float,lookupApply,0,1024,2,1,9,38.842773438,39.343261719,40.423583984
oldreference,float,lookupApply,0,65536,0,0,9,39.377880096,39.386749268,39.426136017
oldreference,float,lookupApply,0,65536,0,1,9,39.414787292,39.488124847,39.543056488
oldreference,float,lookupApply,0,65536,1,0,9,39.389801025,39.431476593,39.505672455
oldreference,float,lookupApply,0,65536,1,1,9,39.313411713,39.384174347,39.444351196
oldreference,float,lookupApply,0,65536,2,0,9,39.394855499,39.426040649,39.542579651
oldreference,float,lookupApply,0,65536,2,1,9,39.385128021,39.413833618,39.462947845
oldreference,float,lookupApply,0,8191,0,0,9,39.23666219,39.283970211,39.699822976
oldreference,float,lookupApply,0,8191,0,1,9,39.242003418,39.273287755,40.00045782
oldreference,float,lookupApply,0,8191,1,0,9,39.171804419,39.256501038,39.348064949
oldreference,float,lookupApply,0,8191,1,1,9,39.121444268,39.203851789,39.846325235
oldreference,float,lookupApply,0,8191,2,0,9,39.180197778,39.285496276,39.480069589
oldreference,float,lookupApply,0,8191,2,1,9,39.259553168,39.277102918,39.520510316
oldreference,float,lookupApply,1,1024,0,0,9,38.836669922,39.581298828,40.832519531
oldreference,float,lookupApply,1,1024,0,1,9,38.854980469,39.544677734,62.023925781
oldreference,float,lookupApply,1,1024,1,0,9,38.879394531,39.343261719,39.660644531
oldreference,float,lookupApply,1,1024,1,1,9,38.775634766,39.465332031,59.240722656
oldreference,float,lookupApply,1,1024,2,0,9,38.739013672,39.801025391,41.668701172
oldreference,float,lookupApply,1,1024,2,1,9,38.830566406,39.361572266,59.063720703
oldreference,float,lookupApply,1,65536,0,0,9,39.353084564,39.405822754,39.537906647
oldreference,float,lookupApply,1,65536,0,1,9,39.412879944,39.467048645,39.793872833
oldreference,float,lookupApply,1,65536,1,0,9,39.347839355,39.405441284,39.76354599
oldreference,float,lookupApply,1,65536,1,1,9,39.29643631,39.334964752,39.643669128
oldreference,float,lookupApply,1,65536,2,0,9,39.337444305,39.419174194,39.784908295
oldreference,float,lookupApply,1,65536,2,1,9,39.388370514,39.442443848,39.72864151
oldreference,float,lookupApply,1,8191,0,0,9,39.230557929,39.406055427,42.025546331
oldreference,float,lookupApply,1,8191,0,1,9,39.207666952,39.263368331,39.745604932
oldreference,float,lookupApply,1,8191,1,0,9,39.169515322,39.296178733,39.931021853
oldreference,float,lookupApply,1,8191,1,1,9,39.106183616,39.153491637,39.248870712
oldreference,float,lookupApply,1,8191,2,0,9,39.155017702,39.301519961,40.385026248
oldreference,float,lookupApply,1,8191,2,1,9,39.190880234,39.219875473,39.564003174
oldreference,float,lookupApply,2,1024,0,0,9,38.861083984,39.440917969,40.13671875
oldreference,float,lookupApply,2,1024,0,1,9,38.903808594,39.385986328,42.041015625
oldreference,float,lookupApply,2,1024,1,0,9,38.854980469,39.343261719,39.6484375
oldreference,float,lookupApply,2,1024,1,1,9,38.854980469,39.428710938,39.703369141
oldreference,float,lookupApply,2,1024,2,0,9,38.775634766,39.300537109,39.611816406
oldreference,float,lookupApply,2,1024,2,1,9,38.848876953,39.324951172,39.471435547
oldreference,float,lookupApply,2,65536,0,0,9,39.327430725,39.37292099,39.472007751
oldreference,float,lookupApply,2,65536,0,1,9,39.437866211,39.444351196,40.067863464
oldreference,float,lookupApply,2,65536,1,0,9,39.384269714,39.405632019,39.51253891
oldreference,float,lookupApply,2,65536,1,1,9,39.26897049,39.323139191,39.44196701
oldreference,float,lookupApply,2,65536,2,0,9,39.326572418,39.38741684,40.357303619
oldreference,float,lookupApply,2,65536,2,1,9,39.365577698,39.447975159,39.533901215
oldreference,float,lookupApply,2,8191,0,0,9,39.231320962,39.298467831,41.203760225
oldreference,float,lookupApply,2,8191,0,1,9,39.254974973,39.364088634,39.82419729
oldreference,float,lookupApply,2,8191,1,0,9,39.238951288,39.306098157,39.696770846
oldreference,float,lookupApply,2,8191,1,1,9,39.123733366,39.225979734,39.412159687
oldreference,float,lookupApply,2,8191,2,0,9,39.176382615,39.309150287,39.580026859
oldreference,float,lookupApply,2,8191,2,1,9,39.202325723,39.27786595,39.481595654
oldreference,float,prepared,0,1024,0,0,9,13.28125,13.287353516,18.054199219
oldreference,float,prepared,0,1024,0,1,9,13.28125,13.287353516,13.854980469
oldreference,float,prepared,0,1024,1,0,9,13.28125,13.28125,14.569091797
oldreference,float,prepared,0,1024,1,1,9,13.28125,13.287353516,13.842773438
oldreference,float,prepared,0,1024,2,0,9,13.28125,13.287353516,14.422607422
oldreference,float,prepared,0,1024,2,1,9,13.28125,13.287353516,13.793945312
oldreference,float,prepared,0,65536,0,0,9,13.442611694,13.492393494,13.590240479
oldreference,float,prepared,0,65536,0,1,9,13.433933258,13.449001312,13.482666016
oldreference,float,prepared,0,65536,1,0,9,13.454627991,13.480567932,13.578796387
oldreference,float,prepared,0,65536,1,1,9,13.433933258,13.474655151,13.54970932
oldreference,float,prepared,0,65536,2,0,9,13.433074951,13.468265533,13.627052307
oldreference,float,prepared,0,65536,2,1,9,13.422584534,13.454723358,13.547897339
oldreference,float,prepared,0,8191,0,0,9,13.407245758,13.559089244,14.030643389
oldreference,float,prepared,0,8191,0,1,9,13.343914052,13.413350018,13.849804664
oldreference,float,prepared,0,8191,1,0,9,13.344677085,13.432425833,13.762055915
oldreference,float,prepared,0,8191,1,1,9,13.338572824,13.405719692,13.781894763
oldreference,float,prepared,0,8191,2,0,9,13.343914052,13.558326212,13.802496643
oldreference,float,prepared,0,8191,2,1,9,13.343914052,13.409534855,13.462184105
oldreference,float,prepared,1,1024,0,0,9,13.28125,13.287353516,14.94140625
oldreference,float,prepared,1,1024,0,1,9,13.28125,13.287353516,14.099121094
oldreference,float,prepared,1,1024,1,0,9,13.28125,13.287353516,15.032958984
oldreference,float,prepared,1,1024,1,1,9,13.28125,13.287353516,14.94140625
oldreference,float,prepared,1,1024,2,0,9,13.28125,13.287353516,14.587402344
oldreference,float,prepared,1,1024,2,1,9,13.28125,13.287353516,15.020751953
oldreference,float,prepared,1,65536,0,0,9,13.436508179,13.46540451,13.529491425
oldreference,float,prepared,1,65536,0,1,9,13.441371918,13.484096527,13.68970871
oldreference,float,prepared,1,65536,1,0,9,13.432693481,13.451766968,13.482570648
oldreference,float,prepared,1,65536,1,1,9,13.433265686,13.454818726,13.534450531
oldreference,float,prepared,1,65536,2,0,9,13.442707062,13.480854034,13.653278351
oldreference,float,prepared,1,65536,2,1,9,13.428020477,13.453006744,13.566112518
oldreference,float,prepared,1,8191,0,0,9,13.355359541,13.417928214,13.879562935
oldreference,float,prepared,1,8191,0,1,9,13.351544378,13.651416188,18.492094982
oldreference,float,prepared,1,8191,1,0,9,13.340098889,13.404193627,13.470577463
oldreference,float,prepared,1,8191,1,1,9,13.337046759,13.402667562,13.54306556
oldreference,float,prepared,1,8191,2,0,9,13.354596508,13.402667562,13.509492126
oldreference,float,prepared,1,8191,2,1,9,13.338572824,13.406482725,13.553748016
oldreference,float,prepared,2,1024,0,0,9,13.28125,13.287353516,13.848876953
oldreference,float,prepared,2,1024,0,1,9,13.28125,13.287353516,13.812255859
oldreference,float,prepared,2,1024,1,0,9,13.28125,13.287353516,14.0625
oldreference,float,prepared,2,1024,1,1,9,13.28125,13.287353516,13.793945312
oldreference,float,prepared,2,1024,2,0,9,13.28125,13.287353516,15.954589844
oldreference,float,prepared,2,1024,2,1,9,13.28125,13.287353516,13.793945312
oldreference,float,prepared,2,65536,0,0,9,13.435459137,13.489627838,13.562202454
oldreference,float,prepared,2,65536,0,1,9,13.45872879,13.488674164,17.343902588
oldreference,float,prepared,2,65536,1,0,9,13.432216644,13.455677032,13.499164581
oldreference,float,prepared,2,65536,1,1,9,13.434886932,13.44871521,13.532447815
oldreference,float,prepared,2,65536,2,0,9,13.454437256,13.489246368,13.591861725
oldreference,float,prepared,2,65536,2,1,9,13.437843323,13.469982147,13.564109802
oldreference,float,prepared,2,8191,0,0,9,13.345440117,13.416402149,14.19851056
oldreference,float,prepared,2,8191,0,1,9,13.34620315,13.407245758,13.430136735
oldreference,float,prepared,2,8191,1,0,9,13.344677085,13.423269442,14.163411061
oldreference,float,prepared,2,8191,1,1,9,13.348492248,13.402667562,13.420980344
oldreference,float,prepared,2,8191,2,0,9,13.353833476,13.496520571,13.959681358
oldreference,float,prepared,2,8191,2,1,9,13.340098889,13.411823953,13.583506287
oldreference,float,vienot,0,1024,0,0,9,2.24609375,2.24609375,2.258300781
oldreference,float,vienot,0,1024,0,1,9,2.05078125,2.056884766,2.062988281
oldreference,float,vienot,0,1024,1,0,9,2.087402344,2.093505859,2.093505859
oldreference,float,vienot,0,1024,1,1,9,2.044677734,2.05078125,2.05078125
oldreference,float,vienot,0,1024,2,0,9,2.038574219,2.044677734,2.099609375
oldreference,float,vienot,0,1024,2,1,9,2.05078125,2.05078125,2.661132812
oldreference,float,vienot,0,65536,0,0,9,2.05488205,2.056503296,2.08940506
oldreference,float,vienot,0,65536,0,1,9,2.097511292,2.105236053,2.122402191
oldreference,float,vienot,0,65536,1,0,9,2.097606659,2.101612091,2.129650116
oldreference,float,vienot,0,65536,1,1,9,2.099609375,2.108669281,2.123451233
oldreference,float,vienot,0,65536,2,0,9,2.098274231,2.10018158,2.120494843
oldreference,float,vienot,0,65536,2,1,9,2.096939087,2.108955383,2.181816101
oldreference,float,vienot,0,8191,0,0,9,2.016695153,2.017458186,2.138017336
oldreference,float,vienot,0,8191,0,1,9,2.067818337,2.0716335,3.248229764
oldreference,float,vienot,0,8191,1,0,9,2.019747284,2.021273349,2.225003052
oldreference,float,vienot,0,8191,1,1,9,2.066292272,2.06858137,2.156330118
oldreference,float,vienot,0,8191,2,0,9,2.015169088,2.015932121,2.495879624
oldreference,float,vienot,0,8191,2,1,9,2.069344402,2.075448663,2.250183128
oldreference,float,vienot,1,1024,0,0,9,2.1484375,2.215576172,2.233886719
oldreference,float,vienot,1,1024,0,1,9,2.05078125,2.099609375,2.685546875
oldreference,float,vienot,1,1024,1,0,9,2.087402344,2.136230469,2.142333984
oldreference,float,vienot,1,1024,1,1,9,2.087402344,2.093505859,2.734375
oldreference,float,vienot,1,1024,2,0,9,2.093505859,2.142333984,3.393554688
oldreference,float,vienot,1,1024,2,1,9,2.044677734,2.05078125,2.062988281
oldreference,float,vienot,1,65536,0,0,9,2.098464966,2.107524872,2.130889893
oldreference,float,vienot,1,65536,0,1,9,2.100753784,2.116584778,2.16293335
oldreference,float,vienot,1,65536,1,0,9,2.096748352,2.100372314,2.107048035
oldreference,float,vienot,1,65536,1,1,9,2.097511292,2.104473114,2.126502991
oldreference,float,vienot,1,65536,2,0,9,2.098751068,2.104473114,2.112865448
oldreference,float,vienot,1,65536,2,1,9,2.097797394,2.104759216,2.157878876
oldreference,float,vienot,1,8191,0,0,9,2.069344402,2.076211696,2.475277744
oldreference,float,vienot,1,8191,0,1,9,2.066292272,2.0716335,2.144884629
oldreference,float,vienot,1,8191,1,0,9,2.064766207,2.067818337,2.154041021
oldreference,float,vienot,1,8191,1,1,9,2.06858137,2.070107435,2.143358564
oldreference,float,vienot,1,8191,2,0,9,2.065529239,2.0716335,2.156330118
oldreference,float,vienot,1,8191,2,1,9,2.066292272,2.070870468,2.170827738
prepared,double,prepared,0,1024,0,0,9,24.084472656,24.249267578,26.245117188
prepared,double,prepared,0,1024,0,1,9,24.078369141,24.084472656,29.162597656
prepared,double,prepared,0,1024,1,0,9,24.084472656,24.133300781,25.402832031
prepared,double,prepared,0,1024,1,1,9,24.084472656,24.084472656,25.335693359
prepared,double,prepared,0,1024,2,0,9,24.084472656,24.084472656,25.323486328
prepared,double,prepared,0,1024,2,1,9,24.108886719,24.334716797,26.519775391
prepared,double,prepared,0,65536,0,0,9,24.361991882,24.445343018,24.573421478
prepared,double,prepared,0,65536,0,1,9,24.370765686,24.442863464,24.541664124
prepared,double,prepared,0,65536,1,0,9,24.354076385,24.40738678,24.493217468
prepared,double,prepared,0,65536,1,1,9,24.368190765,24.419116974,24.625492096
prepared,double,prepared,0,65536,2,0,9,24.371147156,24.412155151,24.446392059
prepared,double,prepared,0,65536,2,1,9,24.359607697,24.377346039,24.42855835
prepared,double,prepared,0,8191,0,0,9,24.329294347,24.363630814,25.980496887
prepared,double,prepared,0,8191,0,1,9,24.296483946,24.355237456,26.794652668
prepared,double,prepared,0,8191,1,0,9,24.281986326,24.304877304,24.491057258
prepared,double,prepared,0,8191,1,1,9,24.307929435,24.399493346,26.787785374
prepared,double,prepared,0,8191,2,0,9,24.280460261,24.317848859,24.622298865
prepared,double,prepared,0,8191,2,1,9,24.307166402,24.410175803,26.69851056
prepared,double,prepared,1,1024,0,0,9,24.084472656,24.084472656,25.476074219
prepared,double,prepared,1,1024,0,1,9,24.078369141,24.133300781,27.642822266
prepared,double,prepared,1,1024,1,0,9,24.084472656,24.084472656,27.032470703
prepared,double,prepared,1,1024,1,1,9,24.084472656,24.084472656,25.476074219
prepared,double,prepared,1,1024,2,0,9,24.084472656,24.243164062,29.711914062
prepared,double,prepared,1,1024,2,1,9,24.084472656,24.127197266,26.867675781
prepared,double,prepared,1,65536,0,0,9,24.376392365,24.515151978,25.226020813
prepared,double,prepared,1,65536,0,1,9,24.433612823,24.479103088,24.592113495
prepared,double,prepared,1,65536,1,0,9,24.355983734,24.398231506,24.447441101
prepared,double,prepared,1,65536,1,1,9,24.35541153,24.38659668,24.435710907
prepared,double,prepared,1,65536,2,0,9,24.356079102,24.402236938,24.458503723
prepared,double,prepared,1,65536,2,1,9,24.352264404,24.384593964,24.455165863
prepared,double,prepared,1,8191,0,0,9,24.293431815,24.43001465,26.788548407
prepared,double,prepared,1,8191,0,1,9,24.307166402,24.375076303,24.681052375
prepared,double,prepared,1,8191,1,0,9,24.289616652,24.34760713,26.901477231
prepared,double,prepared,1,8191,1,1,9,24.278934196,24.314033696,24.827554633
prepared,double,prepared,1,8191,2,0,9,24.292668783,24.381180564,26.707666952
prepared,double,prepared,1,8191,2,1,9,24.277408131,24.319374924,24.665791723
prepared,double,prepared,2,1024,0,0,9,24.084472656,24.084472656,29.437255859
prepared,double,prepared,2,1024,0,1,9,24.084472656,24.090576172,29.937744141
prepared,double,prepared,2,1024,1,0,9,24.078369141,24.090576172,26.348876953
prepared,double,prepared,2,1024,1,1,9,24.084472656,24.255371094,29.357910156
prepared,double,prepared,2,1024,2,0,9,24.084472656,24.127197266,25.708007812
prepared,double,prepared,2,1024,2,1,9,24.078369141,24.090576172,28.698730469
prepared,double,prepared,2,65536,0,0,9,24.386310577,24.453735352,24.530696869
prepared,double,prepared,2,65536,0,1,9,24.402999878,24.421977997,24.619197845
prepared,double,prepared,2,65536,1,0,9,24.356746674,24.377822876,24.585533142
prepared,double,prepared,2,65536,1,1,9,24.360752106,24.39661026,24.482154846
prepared,double,prepared,2,65536,2,0,9,24.357414246,24.402999878,24.520111084
prepared,double,prepared,2,65536,2,1,9,24.373626709,24.440765381,24.548149109
prepared,double,prepared,2,8191,0,0,9,24.296483946,24.340739836,24.913777317
prepared,double,prepared,2,8191,0,1,9,24.333872543,24.646715908,25.123611281
prepared,double,prepared,2,8191,1,0,9,24.313270663,24.337687706,25.125137346
prepared,double,prepared,2,8191,1,1,9,24.336924673,24.540654377,25.194573312
prepared,double,prepared,2,8191,2,0,9,24.28885362,24.314033696,24.991606641
prepared,double,prepared,2,8191,2,1,9,24.330820413,24.422384324,25.17931266
prepared,float,prepared,0,1024,0,0,9,13.28125,13.287353516,17.730712891
prepared,float,prepared,0,1024,0,1,9,13.28125,13.287353516,13.940429688
prepared,float,prepared,0,1024,1,0,9,13.28125,13.287353516,15.240478516
prepared,float,prepared,0,1024,1,1,9,13.28125,13.287353516,14.074707031
prepared,float,prepared,0,1024,2,0,9,13.28125,13.287353516,19.866943359
prepared,float,prepared,0,1024,2,1,9,13.28125,13.287353516,15.600585938
prepared,float,prepared,0,65536,0,0,9,13.44537735,13.507652283,13.694667816
prepared,float,prepared,0,65536,0,1,9,13.446044922,13.461112976,13.494110107
prepared,float,prepared,0,65536,1,0,9,13.433361053,13.489055634,13.585281372
prepared,float,prepared,0,65536,1,1,9,13.439941406,13.451194763,13.523578644
prepared,float,prepared,0,65536,2,0,9,13.432025909,13.473320007,13.59796524
prepared,float,prepared,0,65536,2,1,9,13.432979584,13.478279114,13.533878326
prepared,float,prepared,0,8191,0,0,9,13.511781223,13.688041753,14.110761812
prepared,float,prepared,0,8191,0,1,9,13.394274203,13.440056159,13.588084483
prepared,float,prepared,0,8191,1,0,9,13.39045904,13.507203028,13.752899524
prepared,float,prepared,0,8191,1,1,9,13.337046759,13.421743377,13.78113173
prepared,float,prepared,0,8191,2,0,9,13.44616042,13.617079722,14.084818703
prepared,float,prepared,0,8191,2,1,9,13.372909291,13.446923453,13.827676718
prepared,float,prepared,1,1024,0,0,9,13.28125,13.287353516,14.611816406
prepared,float,prepared,1,1024,0,1,9,13.28125,13.287353516,14.630126953
prepared,float,prepared,1,1024,1,0,9,13.28125,13.287353516,14.587402344
prepared,float,prepared,1,1024,1,1,9,13.28125,13.287353516,15.667724609
prepared,float,prepared,1,1024,2,0,9,13.28125,13.287353516,14.727783203
prepared,float,prepared,1,1024,2,1,9,13.28125,13.287353516,14.587402344
prepared,float,prepared,1,65536,0,0,9,13.443851471,13.482093811,13.607311249
prepared,float,prepared,1,65536,0,1,9,13.44833374,13.461112976,13.501930237
prepared,float,prepared,1,65536,1,0,9,13.430500031,13.469696045,13.559532166
prepared,float,prepared,1,65536,1,1,9,13.443756104,13.471031189,13.921070099
prepared,float,prepared,1,65536,2,0,9,13.429641724,13.457584381,13.49029541
prepared,float,prepared,1,65536,2,1,9,13.430118561,13.475322723,13.718700409
prepared,float,prepared,1,8191,0,0,9,13.360700769,13.550695886,14.225979734
prepared,float,prepared,1,8191,0,1,9,13.337809791,13.414113051,14.108472714
prepared,float,prepared,1,8191,1,0,9,13.340861922,13.405719692,13.457605909
prepared,float,prepared,1,8191,1,1,9,13.338572824,13.410297888,14.130600659
prepared,float,prepared,1,8191,2,0,9,13.40800879,13.565193505,13.729245513
prepared,float,prepared,1,8191,2,1,9,13.340098889,13.418691246,14.17485655
prepared,float,prepared,2,1024,0,0,9,13.28125,13.287353516,15.093994141
prepared,float,prepared,2,1024,0,1,9,13.28125,13.287353516,14.733886719
prepared,float,prepared,2,1024,1,0,9,13.28125,13.287353516,17.834472656
prepared,float,prepared,2,1024,1,1,9,13.28125,13.287353516,14.562988281
prepared,float,prepared,2,1024,2,0,9,13.28125,13.287353516,14.703369141
prepared,float,prepared,2,1024,2,1,9,13.28125,13.287353516,14.569091797
prepared,float,prepared,2,65536,0,0,9,13.445472717,13.464355469,13.516235352
prepared,float,prepared,2,65536,0,1,9,13.452243805,13.475418091,13.523864746
prepared,float,prepared,2,65536,1,0,9,13.44165802,13.462257385,13.51556778
prepared,float,prepared,2,65536,1,1,9,13.449573517,13.468551636,13.625621796
prepared,float,prepared,2,65536,2,0,9,13.429355621,13.517093658,13.796615601
prepared,float,prepared,2,65536,2,1,9,13.426589966,13.446903229,13.496017456
prepared,float,prepared,2,8191,0,0,9,13.343151019,13.412586986,13.52246368
prepared,float,prepared,2,8191,0,1,9,13.340098889,13.416402149,13.642259797
prepared,float,prepared,2,8191,1,0,9,13.344677085,13.414876084,13.519411549
prepared,float,prepared,2,8191,1,1,9,13.364515932,13.431662801,13.565193505
prepared,float,prepared,2,8191,2,0,9,13.337046759,13.411060921,13.453027713
prepared,float,prepared,2,8191,2,1,9,13.341624954,13.418691246,13.890245391
reference,double,brettel,0,1024,0,0,9,5.2734375,5.279541016,6.958007812
reference,double,brettel,0,1024,0,1,9,5.2734375,5.279541016,5.285644531
reference,double,brettel,0,1024,1,0,9,5.328369141,5.334472656,5.920410156
reference,double,brettel,0,1024,1,1,9,5.2734375,5.2734375,6.097412109
reference,double,brettel,0,1024,2,0,9,5.2734375,5.279541016,5.285644531
reference,double,brettel,0,1024,2,1,9,5.2734375,5.279541016,5.828857422
reference,double,brettel,0,65536,0,0,9,13.632011414,13.659858704,13.790512085
reference,double,brettel,0,65536,0,1,9,13.620376587,13.680553436,13.720607758
reference,double,brettel,0,65536,1,0,9,13.627719879,13.670444489,13.704299927
reference,double,brettel,0,65536,1,1,9,13.640403748,13.655185699,13.753700256
reference,double,brettel,0,65536,2,0,9,13.631153107,13.644695282,13.729858398
reference,double,brettel,0,65536,2,1,9,13.61618042,13.632774353,13.688373566
reference,double,brettel,0,8191,0,0,9,5.255768526,5.339702112,5.525119033
reference,double,brettel,0,8191,0,1,9,5.253479429,5.332071786,5.814308387
reference,double,brettel,0,8191,1,0,9,5.257294592,5.344280308,5.531986326
reference,double,brettel,0,8191,1,1,9,5.255768526,5.339702112,5.397692589
reference,double,brettel,0,8191,2,0,9,5.258057624,5.342754242,5.40074472
reference,double,brettel,0,8191,2,1,9,5.264924918,5.367171286,9.231931388
reference,double,brettel,1,1024,0,0,9,5.364990234,5.37109375,5.377197266
reference,double,brettel,1,1024,0,1,9,5.2734375,5.279541016,5.853271484
reference,double,brettel,1,1024,1,0,9,5.2734375,5.2734375,5.889892578
reference,double,brettel,1,1024,1,1,9,5.2734375,5.279541016,5.322265625
reference,double,brettel,1,1024,2,0,9,5.2734375,5.279541016,5.908203125
reference,double,brettel,1,1024,2,1,9,5.2734375,5.279541016,5.810546875
reference,double,brettel,1,65536,0,0,9,13.653945923,13.694858551,13.764858246
reference,double,brettel,1,65536,0,1,9,13.66815567,13.709259033,13.72127533
reference,double,brettel,1,65536,1,0,9,13.679981232,13.698673248,13.739967346
reference,double,brettel,1,65536,1,1,9,13.67225647,13.710308075,13.740348816
reference,double,brettel,1,65536,2,0,9,13.650131226,13.691329956,13.807487488
reference,double,brettel,1,65536,2,1,9,13.658046722,13.686656952,13.869380951
reference,double,brettel,1,8191,0,0,9,5.267977048,5.345806373,5.40074472
reference,double,brettel,1,8191,0,1,9,5.252716396,5.370986449,5.647204249
reference,double,brettel,1,8191,1,0,9,5.257294592,5.338176047,5.488493468
reference,double,brettel,1,8191,1,1,9,5.253479429,5.351910634,5.482389208
reference,double,brettel,1,8191,2,0,9,5.256531559,5.341228177,5.434318154
reference,double,brettel,1,8191,2,1,9,5.251190331,5.332071786,5.5594555
reference,double,brettel,2,1024,0,0,9,5.285644531,5.291748047,6.982421875
reference,double,brettel,2,1024,0,1,9,5.279541016,5.285644531,5.950927734
reference,double,brettel,2,1024,1,0,9,5.279541016,5.285644531,6.085205078
reference,double,brettel,2,1024,1,1,9,5.279541016,5.285644531,5.316162109
reference,double,brettel,2,1024,2,0,9,5.279541016,5.285644531,6.127929688
reference,double,brettel,2,1024,2,1,9,5.279541016,5.285644531,5.908203125
reference,double,brettel,2,65536,0,0,9,13.672542572,13.700675964,13.748645782
reference,double,brettel,2,65536,0,1,9,13.704586029,13.720798492,14.922618866
reference,double,brettel,2,65536,1,0,9,13.682079315,13.699150085,13.731479645
reference,double,brettel,2,65536,1,1,9,13.68598938,13.741874695,13.81072998
reference,double,brettel,2,65536,2,0,9,13.68637085,13.716506958,13.75837326
reference,double,brettel,2,65536,2,1,9,13.675403595,13.704395294,13.743114471
reference,double,brettel,2,8191,0,0,9,5.261872787,5.348858503,5.729611769
reference,double,brettel,2,8191,0,1,9,5.273318276,5.354962764,6.327066292
reference,double,brettel,2,8191,1,0,9,5.256531559,5.339702112,5.506806251
reference,double,brettel,2,8191,1,1,9,5.305365645,5.360303992,5.95318032
reference,double,brettel,2,8191,2,0,9,5.267214015,5.350384568,5.519777805
reference,double,brettel,2,8191,2,1,9,5.293157124,5.380905872,6.031009645
reference,double,lookup,0,1024,0,0,9,45.727539062,46.240234375,46.429443359
reference,double,lookup,0,1024,0,1,9,45.758056641,46.466064453,52.239990234
reference,double,lookup,0,1024,1,0,9,45.739746094,46.234130859,46.484375
reference,double,lookup,0,1024,1,1,9,45.739746094,46.307373047,47.259521484
reference,double,lookup,0,1024,2,0,9,45.745849609,46.221923828,46.405029297
reference,double,lookup,0,1024,2,1,9,46.197509766,46.649169922,46.850585938
reference,double,lookup,0,65536,0,0,9,46.370315552,46.45614624,46.557426453
reference,double,lookup,0,65536,0,1,9,46.356773376,46.457481384,47.802734375
reference,double,lookup,0,65536,1,0,9,46.37336731,46.449947357,46.951770782
reference,double,lookup,0,65536,1,1,9,46.350193024,46.426391602,46.487140656
reference,double,lookup,0,65536,2,0,9,46.324443817,46.387004852,46.593666077
reference,double,lookup,0,65536,2,1,9,46.309566498,46.414852142,47.092628479
reference,double,lookup,0,8191,0,0,9,46.338969601,46.465633012,46.809760713
reference,double,lookup,0,8191,0,1,9,46.307685264,46.465633012,46.80594555
reference,double,lookup,0,8191,1,0,9,46.281742156,46.35346722,46.843334147
reference,double,lookup,0,8191,1,1,9,46.29166158,46.326761079,46.718959834
reference,double,lookup,0,8191,2,0,9,46.289372482,46.333628373,46.704462215
reference,double,lookup,0,8191,2,1,9,46.27716396,46.339732633,46.485471859
reference,double,lookup,1,1024,0,0,9,45.727539062,46.600341797,64.520263672
reference,double,lookup,1,1024,0,1,9,45.782470703,46.313476562,47.351074219
reference,double,lookup,1,1024,1,0,9,45.727539062,46.282958984,66.052246094
reference,double,lookup,1,1024,1,1,9,45.751953125,46.270751953,47.186279297
reference,double,lookup,1,1024,2,0,9,45.739746094,46.337890625,65.447998047
reference,double,lookup,1,1024,2,1,9,46.09375,46.661376953,46.899414062
reference,double,lookup,1,65536,0,0,9,46.322822571,46.439647675,46.757793427
reference,double,lookup,1,65536,0,1,9,46.362113953,46.421718597,46.856784821
reference,double,lookup,1,65536,1,0,9,46.298313141,46.352672577,47.051620483
reference,double,lookup,1,65536,1,1,9,46.367835999,46.468734741,46.533107758
reference,double,lookup,1,65536,2,0,9,46.349525452,46.431732178,46.563243866
reference,double,lookup,1,65536,2,1,9,46.307277679,46.383094788,46.491718292
reference,double,lookup,1,8191,0,0,9,46.278690026,46.354993285,46.625869857
reference,double,lookup,1,8191,0,1,9,46.351941155,46.459528751,46.743376877
reference,double,lookup,1,8191,1,0,9,46.325235014,46.390092785,46.915059211
reference,double,lookup,1,8191,1,1,9,46.300054938,46.403064339,58.892381883
reference,double,lookup,1,8191,2,0,9,46.258088146,46.419851056,46.577798804
reference,double,lookup,1,8191,2,1,9,46.308448297,46.412983763,46.941765352
reference,double,lookup,2,1024,0,0,9,45.721435547,46.258544922,46.380615234
reference,double,lookup,2,1024,0,1,9,45.806884766,47.003173828,50.335693359
reference,double,lookup,2,1024,1,0,9,45.721435547,46.258544922,47.241210938
reference,double,lookup,2,1024,1,1,9,45.843505859,47.009277344,50.598144531
reference,double,lookup,2,1024,2,0,9,45.721435547,46.264648438,46.893310547
reference,double,lookup,2,1024,2,1,9,45.874023438,47.454833984,51.263427734
reference,double,lookup,2,65536,0,0,9,46.377849579,46.454715729,46.589183807
reference,double,lookup,2,65536,0,1,9,46.384906769,46.461963654,46.928405762
reference,double,lookup,2,65536,1,0,9,46.287631989,46.384239197,46.51632309
reference,double,lookup,2,65536,1,1,9,46.323204041,46.379947662,46.615505219
reference,double,lookup,2,65536,2,0,9,46.359062195,46.400260925,51.954269409
reference,double,lookup,2,65536,2,1,9,46.354484558,46.461868286,48.49653244
reference,double,lookup,2,8191,0,0,9,46.313026492,46.512941033,46.580850934
reference,double,lookup,2,8191,0,1,9,46.27411183,46.67088878,47.545324136
reference,double,lookup,2,8191,1,0,9,46.308448297,46.426718349,46.986784275
reference,double,lookup,2,8191,1,1,9,46.186363081,46.419851056,47.310310096
reference,double,lookup,2,8191,2,0,9,46.280216091,46.367201807,46.819680137
reference,double,lookup,2,8191,2,1,9,46.276400928,46.430533512,47.327859846
reference,double,lookupApply,0,1024,0,0,9,53.088378906,53.637695312,54.370117188
reference,double,lookupApply,0,1024,0,1,9,53.588867188,77.825927734,81.561279297
reference,double,lookupApply,0,1024,1,0,9,52.923583984,53.594970703,54.602050781
reference,double,lookupApply,0,1024,1,1,9,53.082275391,53.582763672,53.735351562
reference,double,lookupApply,0,1024,2,0,9,52.9296875,53.515625,54.846191406
reference,double,lookupApply,0,1024,2,1,9,53.002929688,53.656005859,55.554199219
reference,double,lookupApply,0,65536,0,0,9,53.780555725,53.844165802,53.974819183
reference,double,lookupApply,0,65536,0,1,9,53.764057159,53.879547119,54.5170784
reference,double,lookupApply,0,65536,1,0,9,53.810596466,53.875541687,55.082702637
reference,double,lookupApply,0,65536,1,1,9,53.746128082,53.844547272,53.905963898
reference,double,lookupApply,0,65536,2,0,9,53.757762909,53.850650787,54.024887085
reference,double,lookupApply,0,65536,2,1,9,53.726959229,53.779220581,61.889648438
reference,double,lookupApply,0,8191,0,0,9,53.610670248,53.675528019,53.931143938
reference,double,lookupApply,0,8191,0,1,9,53.625167867,53.675528019,54.080698327
reference,double,lookupApply,0,8191,1,0,9,53.609907215,53.828897571,54.83075937
reference,double,lookupApply,0,8191,1,1,9,53.640428519,53.706812355,56.298834086
reference,double,lookupApply,0,8191,2,0,9,53.596172628,53.657215236,54.63389696
reference,double,lookupApply,0,8191,2,1,9,53.598461726,53.719020877,54.079172262
reference,double,lookupApply,1,1024,0,0,9,53.131103516,53.570556641,53.643798828
reference,double,lookupApply,1,1024,0,1,9,53.088378906,53.564453125,53.857421875
reference,double,lookupApply,1,1024,1,0,9,52.947998047,53.527832031,53.735351562
reference,double,lookupApply,1,1024,1,1,9,52.941894531,53.521728516,53.643798828
reference,double,lookupApply,1,1024,2,0,9,52.923583984,53.576660156,53.619384766
reference,double,lookupApply,1,1024,2,1,9,53.265380859,53.723144531,53.839111328
reference,double,lookupApply,1,65536,0,0,9,53.775787354,53.86095047,75.298309326
reference,double,lookupApply,1,65536,0,1,9,53.775882721,53.849124908,53.984642029
reference,double,lookupApply,1,65536,1,0,9,53.802871704,53.847980499,53.955173492
reference,double,lookupApply,1,65536,1,1,9,53.705883026,53.793621063,54.199790955
reference,double,lookupApply,1,65536,2,0,9,53.755092621,53.905010223,54.092121124
reference,double,lookupApply,1,65536,2,1,9,53.744316101,53.782844543,53.911685944
reference,double,lookupApply,1,8191,0,0,9,53.607618117,53.735807594,54.231778782
reference,double,lookupApply,1,8191,0,1,9,53.651874008,53.807532658,54.013551459
reference,double,lookupApply,1,8191,1,0,9,53.575570748,53.62898303,53.973110731
reference,double,lookupApply,1,8191,1,1,9,53.631272128,53.824319375,54.093669882
reference,double,lookupApply,1,8191,2,0,9,53.55267977,53.68773654,54.175314369
reference,double,lookupApply,1,8191,2,1,9,53.60838115,53.636613356,53.783115615
reference,double,lookupApply,2,1024,0,0,9,52.996826172,53.61328125,54.467773438
reference,double,lookupApply,2,1024,0,1,9,53.082275391,54.376220703,55.169677734
reference,double,lookupApply,2,1024,1,0,9,53.021240234,53.594970703,53.90625
reference,double,lookupApply,2,1024,1,1,9,53.100585938,54.302978516,55.816650391
reference,double,lookupApply,2,1024,2,0,9,53.082275391,53.594970703,53.80859375
reference,double,lookupApply,2,1024,2,1,9,52.954101562,54.119873047,55.413818359
reference,double,lookupApply,2,65536,0,0,9,53.7733078,53.866863251,54.00686264
reference,double,lookupApply,2,65536,0,1,9,53.798675537,53.847122192,54.024600983
reference,double,lookupApply,2,65536,1,0,9,53.764438629,53.847980499,53.952026367
reference,double,lookupApply,2,65536,1,1,9,53.791046143,53.895568848,54.468154907
reference,double,lookupApply,2,65536,2,0,9,53.810691833,53.902626038,54.474830627
reference,double,lookupApply,2,65536,2,1,9,53.773403168,53.869438171,53.988552094
reference,double,lookupApply,2,8191,0,0,9,53.606092052,53.68773654,53.888414113
reference,double,lookupApply,2,8191,0,1,9,53.653400073,53.821267245,54.001342937
reference,double,lookupApply,2,8191,1,0,9,53.643480649,53.868575266,54.082224393
reference,double,lookupApply,2,8191,1,1,9,53.612959346,53.876968624,54.013551459
reference,double,lookupApply,2,8191,2,0,9,53.364973752,53.679343182,54.124954218
reference,double,lookupApply,2,8191,2,1,9,53.622115737,53.701471127,54.128769381
reference,double,prepared,0,1024,0,0,9,24.084472656,24.133300781,24.603271484
reference,double,prepared,0,1024,0,1,9,24.084472656,24.133300781,43.402099609
reference,double,prepared,0,1024,1,0,9,24.078369141,24.084472656,24.737548828
reference,double,prepared,0,1024,1,1,9,24.078369141,24.084472656,25.286865234
reference,double,prepared,0,1024,2,0,9,24.078369141,24.237060547,24.621582031
reference,double,prepared,0,1024,2,1,9,24.078369141,24.084472656,24.859619141
reference,double,prepared,0,65536,0,0,9,24.35798645,24.43857193,24.573326111
reference,double,prepared,0,65536,0,1,9,24.37915802,24.427223206,24.523067474
reference,double,prepared,0,65536,1,0,9,24.370384216,24.419784546,24.482822418
reference,double,prepared,0,65536,1,1,9,24.402141571,24.44152832,24.476623535
reference,double,prepared,0,65536,2,0,9,24.372768402,24.46641922,24.689674377
reference,double,prepared,0,65536,2,1,9,24.387359619,24.455833435,24.541854858
reference,double,prepared,0,8191,0,0,9,24.304877304,24.340739836,24.68257844
reference,double,prepared,0,8191,0,1,9,24.307166402,24.440697107,24.564308387
reference,double,prepared,0,8191,1,0,9,24.291142718,24.358289586,24.465877182
reference,double,prepared,0,8191,1,1,9,24.287327555,24.307929435,24.482663899
reference,double,prepared,0,8191,2,0,9,24.288090587,24.316322793,24.579569039
reference,double,prepared,0,8191,2,1,9,24.294194848,24.364393847,24.471981443
reference,double,prepared,1,1024,0,0,9,24.084472656,24.084472656,24.633789062
reference,double,prepared,1,1024,0,1,9,24.078369141,24.133300781,24.822998047
reference,double,prepared,1,1024,1,0,9,24.084472656,24.084472656,24.768066406
reference,double,prepared,1,1024,1,1,9,24.078369141,24.084472656,24.725341797
reference,double,prepared,1,1024,2,0,9,24.078369141,24.084472656,25.030517578
reference,double,prepared,1,1024,2,1,9,24.084472656,24.127197266,24.688720703
reference,double,prepared,1,65536,0,0,9,24.37505722,24.407863617,24.465560913
reference,double,prepared,1,65536,0,1,9,24.38287735,24.42483902,24.495887756
reference,double,prepared,1,65536,1,0,9,24.387741089,24.415206909,24.491119385
reference,double,prepared,1,65536,1,1,9,24.390220642,24.407672882,24.42855835
reference,double,prepared,1,65536,2,0,9,24.365329742,24.422836304,24.464321136
reference,double,prepared,1,65536,2,1,9,24.357891083,24.377059937,24.434757233
reference,double,prepared,1,8191,0,0,9,24.290379685,24.323953119,24.494872421
reference,double,prepared,1,8191,0,1,9,24.303351239,24.325479184,24.515474301
reference,double,prepared,1,8191,1,0,9,24.296483946,24.33005738,24.717677939
reference,double,prepared,1,8191,1,1,9,24.294957881,24.348370162,24.426199487
reference,double,prepared,1,8191,2,0,9,24.293431815,24.34760713,24.537602246
reference,double,prepared,1,8191,2,1,9,24.296483946,24.313270663,24.418569161
reference,double,prepared,2,1024,0,0,9,24.084472656,24.084472656,26.000976562
reference,double,prepared,2,1024,0,1,9,24.084472656,24.139404297,25.909423828
reference,double,prepared,2,1024,1,0,9,24.084472656,24.291992188,25.054931641
reference,double,prepared,2,1024,1,1,9,24.078369141,24.243164062,25.9765625
reference,double,prepared,2,1024,2,0,9,24.084472656,24.102783203,25.329589844
reference,double,prepared,2,1024,2,1,9,24.084472656,24.084472656,26.159667969
reference,double,prepared,2,65536,0,0,9,24.381542206,24.444484711,24.67546463
reference,double,prepared,2,65536,0,1,9,24.388790131,24.455356598,24.508666992
reference,double,prepared,2,65536,1,0,9,24.369335175,24.419784546,24.527359009
reference,double,prepared,2,65536,1,1,9,24.361228943,24.4181633,24.53327179
reference,double,prepared,2,65536,2,0,9,24.385261536,24.424552917,24.837589264
reference,double,prepared,2,65536,2,1,9,24.353599548,24.395370483,24.433135986
reference,double,prepared,2,8191,0,0,9,24.301062141,24.336924673,24.58872543
reference,double,prepared,2,8191,0,1,9,24.319374924,24.413990966,26.960230741
reference,double,prepared,2,8191,1,0,9,24.29190575,24.337687706,24.8618911
reference,double,prepared,2,8191,1,1,9,24.377365401,24.435355878,26.803809059
reference,double,prepared,2,8191,2,0,9,24.290379685,24.319374924,24.47121841
reference,double,prepared,2,8191,2,1,9,24.304877304,24.421621292,27.047216457
reference,double,vienot,0,1024,0,0,9,2.056884766,2.069091797,2.258300781
reference,double,vienot,0,1024,0,1,9,2.203369141,2.209472656,2.288818359
reference,double,vienot,0,1024,1,0,9,2.447509766,2.453613281,2.526855469
reference,double,vienot,0,1024,1,1,9,2.142333984,2.221679688,2.227783203
reference,double,vienot,0,1024,2,0,9,2.215576172,2.294921875,2.789306641
reference,double,vienot,0,1024,2,1,9,2.203369141,2.288818359,3.515625
reference,double,vienot,0,65536,0,0,9,2.149677277,2.165126801,2.192020416
reference,double,vienot,0,65536,0,1,9,2.146053314,2.157974243,2.176952362
reference,double,vienot,0,65536,1,0,9,2.146911621,2.153491974,2.209472656
reference,double,vienot,0,65536,1,1,9,2.161884308,2.195644379,2.259922028
reference,double,vienot,0,65536,2,0,9,2.147102356,2.171134949,2.215480804
reference,double,vienot,0,65536,2,1,9,2.14881897,2.162265778,2.175235748
reference,double,vienot,0,8191,0,0,9,2.142595532,2.161671347,3.156665853
reference,double,vienot,0,8191,0,1,9,2.113600293,2.123519717,2.370742278
reference,double,vienot,0,8191,1,0,9,2.115889391,2.132676108,3.007874496
reference,double,vienot,0,8191,1,1,9,2.118941521,2.120467586,2.430258821
reference,double,vienot,0,8191,2,0,9,2.121993652,2.144121597,3.081888658
reference,double,vienot,0,8191,2,1,9,2.502746917,2.520296667,2.718685142
reference,double,vienot,1,1024,0,0,9,2.203369141,2.209472656,2.368164062
reference,double,vienot,1,1024,0,1,9,2.209472656,2.34375,2.349853516
reference,double,vienot,1,1024,1,0,9,2.075195312,2.081298828,2.178955078
reference,double,vienot,1,1024,1,1,9,2.069091797,2.075195312,2.655029297
reference,double,vienot,1,1024,2,0,9,2.142333984,2.209472656,2.215576172
reference,double,vienot,1,1024,2,1,9,2.062988281,2.062988281,2.069091797
reference,double,vienot,1,65536,0,0,9,2.150154114,2.163505554,2.20117569
reference,double,vienot,1,65536,0,1,9,2.145004272,2.1525383,2.188491821
reference,double,vienot,1,65536,1,0,9,2.155399323,2.168560028,2.212810516
reference,double,vienot,1,65536,1,1,9,2.146625519,2.183055878,2.197933197
reference,double,vienot,1,65536,2,0,9,2.150249481,2.164936066,2.210998535
reference,double,vienot,1,65536,2,1,9,2.151489258,2.180194855,2.327251434
reference,double,vienot,1,8191,0,0,9,2.10978513,2.117415456,2.322671225
reference,double,vienot,1,8191,0,1,9,2.111311195,2.138017336,2.305121475
reference,double,vienot,1,8191,1,0,9,2.112074228,2.114363326,2.234159443
reference,double,vienot,1,8191,1,1,9,2.113600293,2.119704554,2.20669027
reference,double,vienot,1,8191,2,0,9,2.112074228,2.16853864,2.357770724
reference,double,vienot,1,8191,2,1,9,2.141069466,2.14793676,2.223476987
reference,float,brettel,0,1024,0,0,9,4.498291016,4.498291016,4.547119141
reference,float,brettel,0,1024,0,1,9,4.498291016,4.498291016,6.34765625
reference,float,brettel,0,1024,1,0,9,4.498291016,4.498291016,6.237792969
reference,float,brettel,0,1024,1,1,9,4.498291016,4.504394531,5.126953125
reference,float,brettel,0,1024,2,0,9,4.498291016,4.498291016,6.536865234
reference,float,brettel,0,1024,2,1,9,4.498291016,4.504394531,5.450439453
reference,float,brettel,0,65536,0,0,9,12.968158722,13.148212433,14.045143127
reference,float,brettel,0,65536,0,1,9,12.983226776,13.014507294,13.260555267
reference,float,brettel,0,65536,1,0,9,12.978363037,13.004875183,13.259029388
reference,float,brettel,0,65536,1,1,9,12.990379333,13.006210327,13.034629822
reference,float,brettel,0,65536,2,0,9,12.948513031,12.998104095,13.164520264
reference,float,brettel,0,65536,2,1,9,12.981414795,12.99123764,13.067913055
reference,float,brettel,0,8191,0,0,9,4.47823831,4.639238188,5.235166646
reference,float,brettel,0,8191,0,1,9,4.482053473,4.553015505,4.596508363
reference,float,brettel,0,8191,1,0,9,4.481290441,4.629318764,5.174887071
reference,float,brettel,0,8191,1,1,9,4.480527408,4.547674277,4.732328165
reference,float,brettel,0,8191,2,0,9,4.476712245,4.620162373,5.126052985
reference,float,brettel,0,8191,2,1,9,4.483579539,4.553015505,4.704095959
reference,float,brettel,1,1024,0,0,9,4.4921875,4.4921875,4.510498047
reference,float,brettel,1,1024,0,1,9,4.4921875,4.498291016,5.072021484
reference,float,brettel,1,1024,1,0,9,4.4921875,4.4921875,5.841064453
reference,float,brettel,1,1024,1,1,9,4.4921875,4.498291016,5.657958984
reference,float,brettel,1,1024,2,0,9,4.4921875,4.498291016,5.865478516
reference,float,brettel,1,1024,2,1,9,4.4921875,4.4921875,4.510498047
reference,float,brettel,1,65536,0,0,9,12.993049622,13.026714325,13.075637817
reference,float,brettel,1,65536,0,1,9,12.985515594,13.025569916,13.083267212
reference,float,brettel,1,65536,1,0,9,12.996959686,13.023662567,13.059997559
reference,float,brettel,1,65536,1,1,9,13.008022308,13.048267365,13.103866577
reference,float,brettel,1,65536,2,0,9,12.992954254,13.021278381,13.058757782
reference,float,brettel,1,65536,2,1,9,13.003540039,13.026618958,13.238334656
reference,float,brettel,1,8191,0,0,9,4.485868636,4.559882798,4.564460994
reference,float,brettel,1,8191,0,1,9,4.491972897,4.560645831,5.203119277
reference,float,brettel,1,8191,1,0,9,4.486631669,4.555304603,4.626266634
reference,float,brettel,1,8191,1,1,9,4.49273593,4.57514345,5.32138933
reference,float,brettel,1,8191,2,0,9,4.487394702,4.556830668,4.63084483
reference,float,brettel,1,8191,2,1,9,4.487394702,4.578195581,5.036015139
reference,float,brettel,2,1024,0,0,9,4.498291016,4.504394531,4.510498047
reference,float,brettel,2,1024,0,1,9,4.498291016,5.902099609,7.287597656
reference,float,brettel,2,1024,1,0,9,4.498291016,4.504394531,5.328369141
reference,float,brettel,2,1024,1,1,9,4.498291016,4.504394531,5.078125
reference,float,brettel,2,1024,2,0,9,4.504394531,4.504394531,5.2734375
reference,float,brettel,2,1024,2,1,9,4.504394531,4.504394531,5.035400391
reference,float,brettel,2,65536,0,0,9,12.987804413,13.023376465,13.094329834
reference,float,brettel,2,65536,0,1,9,12.991714478,13.014602661,13.11340332
reference,float,brettel,2,65536,1,0,9,12.998867035,13.014507294,13.046646118
reference,float,brettel,2,65536,1,1,9,12.981700897,13.022041321,13.09967041
reference,float,brettel,2,65536,2,0,9,12.976169586,13.003158569,13.055419922
reference,float,brettel,2,65536,2,1,9,12.983226776,12.998771667,13.034057617
reference,float,brettel,2,8191,0,0,9,4.481290441,4.553015505,4.569802222
reference,float,brettel,2,8191,0,1,9,4.498077158,4.5926932,5.158863387
reference,float,brettel,2,8191,1,0,9,4.485868636,4.578958613,4.79260774
reference,float,brettel,2,8191,1,1,9,4.485105604,4.553778537,4.640001221
reference,float,brettel,2,8191,2,0,9,4.482053473,4.559119766,4.615584178
reference,float,brettel,2,8191,2,1,9,4.485105604,4.553015505,4.678152851
reference,float,lookup,0,1024,0,0,9,28.704833984,29.382324219,30.255126953
reference,float,lookup,0,1024,0,1,9,28.680419922,29.345703125,30.291748047
reference,float,lookup,0,1024,1,0,9,28.778076172,28.833007812,30.017089844
reference,float,lookup,0,1024,1,1,9,28.698730469,29.327392578,30.377197266
reference,float,lookup,0,1024,2,0,9,28.753662109,28.863525391,30.108642578
reference,float,lookup,0,1024,2,1,9,28.7109375,28.997802734,29.565429688
reference,float,lookup,0,65536,0,0,9,29.102706909,29.17175293,29.257297516
reference,float,lookup,0,65536,0,1,9,29.142379761,29.194641113,29.2760849
reference,float,lookup,0,65536,1,0,9,29.187679291,29.262542725,29.330253601
reference,float,lookup,0,65536,1,1,9,29.203510284,29.290771484,29.40864563
reference,float,lookup,0,65536,2,0,9,29.220485687,29.246807098,29.318618774
reference,float,lookup,0,65536,2,1,9,29.207515717,29.241085052,29.395580292
reference,float,lookup,0,8191,0,0,9,29.032627274,29.250091564,34.308234648
reference,float,lookup,0,8191,0,1,9,28.905963863,29.076883164,29.424062996
reference,float,lookup,0,8191,1,0,9,28.986082285,29.090617751,31.668141863
reference,float,lookup,0,8191,1,1,9,28.965480405,29.052466121,29.174551337
reference,float,lookup,0,8191,2,0,9,28.98150409,29.196679282,31.891710414
reference,float,lookup,0,8191,2,1,9,29.105878403,29.271456477,29.652972775
reference,float,lookup,1,1024,0,0,9,28.698730469,29.266357422,32.360839844
reference,float,lookup,1,1024,0,1,9,31.359863281,33.758544922,36.645507812
reference,float,lookup,1,1024,1,0,9,28.753662109,29.040527344,29.705810547
reference,float,lookup,1,1024,1,1,9,28.741455078,28.875732422,30.401611328
reference,float,lookup,1,1024,2,0,9,28.790283203,29.309082031,30.145263672
reference,float,lookup,1,1024,2,1,9,28.759765625,29.223632812,29.382324219
reference,float,lookup,1,65536,0,0,9,29.132270813,29.193878174,29.371833801
reference,float,lookup,1,65536,0,1,9,29.179954529,29.191017151,29.292201996
reference,float,lookup,1,65536,1,0,9,29.176616669,29.249858856,29.318809509
reference,float,lookup,1,65536,1,1,9,29.19511795,29.219341278,29.477405548
reference,float,lookup,1,65536,2,0,9,29.198169708,29.280853271,30.54561615
reference,float,lookup,1,65536,2,1,9,29.147815704,29.54750061,35.366916656
reference,float,lookup,1,8191,0,0,9,29.008210231,29.064674643,29.314186302
reference,float,lookup,1,8191,0,1,9,28.979978025,29.033390306,29.880356489
reference,float,lookup,1,8191,1,0,9,28.947930656,29.054755219,29.173025272
reference,float,lookup,1,8191,1,1,9,29.011262361,29.085276523,29.829996337
reference,float,lookup,1,8191,2,0,9,28.987608351,29.071541936,29.875778293
reference,float,lookup,1,8191,2,1,9,29.134110609,29.289006226,30.101635942
reference,float,lookup,2,1024,0,0,9,28.735351562,29.296875,30.139160156
reference,float,lookup,2,1024,0,1,9,28.759765625,29.290771484,32.159423828
reference,float,lookup,2,1024,1,0,9,28.735351562,29.260253906,29.351806641
reference,float,lookup,2,1024,1,1,9,28.717041016,29.260253906,29.467773438
reference,float,lookup,2,1024,2,0,9,28.717041016,28.802490234,29.345703125
reference,float,lookup,2,1024,2,1,9,28.741455078,28.967285156,29.528808594
reference,float,lookup,2,65536,0,0,9,29.188156128,29.233264923,29.522037506
reference,float,lookup,2,65536,0,1,9,29.175949097,29.254055023,29.375076294
reference,float,lookup,2,65536,1,0,9,29.163551331,29.234981537,29.313468933
reference,float,lookup,2,65536,1,1,9,29.268360138,29.349136353,29.415893555
reference,float,lookup,2,65536,2,0,9,29.161739349,29.194927216,29.301357269
reference,float,lookup,2,65536,2,1,9,29.128360748,29.190349579,29.211711884
reference,float,lookup,2,8191,0,0,9,28.977688927,29.082224393,29.581247711
reference,float,lookup,2,8191,0,1,9,29.034916372,29.097485045,30.181754365
reference,float,lookup,2,8191,1,0,9,29.012025394,29.088328653,30.190910756
reference,float,lookup,2,8191,1,1,9,28.982267122,29.065437675,29.448480039
reference,float,lookup,2,8191,2,0,9,29.069252838,29.140977903,30.20388231
reference,float,lookup,2,8191,2,1,9,28.967769503,29.101300208,29.256195825
reference,float,lookupApply,0,1024,0,0,9,38.787841797,39.807128906,43.469238281
reference,float,lookupApply,0,1024,0,1,9,38.793945312,39.416503906,40.368652344
reference,float,lookupApply,0,1024,1,0,9,38.848876953,39.678955078,41.461181641
reference,float,lookupApply,0,1024,1,1,9,38.818359375,39.331054688,40.405273438
reference,float,lookupApply,0,1024,2,0,9,38.830566406,40.100097656,42.193603516
reference,float,lookupApply,0,1024,2,1,9,38.854980469,39.331054688,39.910888672
reference,float,lookupApply,0,65536,0,0,9,39.31646347,39.425182343,40.767002106
reference,float,lookupApply,0,65536,0,1,9,39.407062531,39.449310303,39.48802948
reference,float,lookupApply,0,65536,1,0,9,39.280700684,39.333629608,39.42117691
reference,float,lookupApply,0,65536,1,1,9,39.468860626,39.497566223,40.036010742
reference,float,lookupApply,0,65536,2,0,9,39.328289032,39.34879303,39.414787292
reference,float,lookupApply,0,65536,2,1,9,39.328956604,39.393138885,39.470291138
reference,float,lookupApply,0,8191,0,0,9,39.185539006,39.238951288,39.367903797
reference,float,lookupApply,0,8191,0,1,9,39.176382615,39.322121841,40.389604444
reference,float,lookupApply,0,8191,1,0,9,39.146624344,39.261842266,39.348064949
reference,float,lookupApply,0,8191,1,1,9,39.184012941,39.312202417,39.913472104
reference,float,lookupApply,0,8191,2,0,9,39.162648028,39.261079233,39.631913075
reference,float,lookupApply,0,8191,2,1,9,39.207666952,39.35722134,40.077524112
reference,float,lookupApply,1,1024,0,0,9,38.763427734,39.2578125,40.270996094
reference,float,lookupApply,1,1024,0,1,9,38.879394531,43.585205078,68.188476562
reference,float,lookupApply,1,1024,1,0,9,38.842773438,39.392089844,41.070556641
reference,float,lookupApply,1,1024,1,1,9,38.800048828,39.471435547,58.935546875
reference,float,lookupApply,1,1024,2,0,9,38.873291016,39.837646484,42.492675781
reference,float,lookupApply,1,1024,2,1,9,38.854980469,39.495849609,57.440185547
reference,float,lookupApply,1,65536,0,0,9,39.334964752,39.427947998,39.551448822
reference,float,lookupApply,1,65536,0,1,9,39.35918808,39.433097839,39.619159698
reference,float,lookupApply,1,65536,1,0,9,39.309883118,39.354038239,39.470005035
reference,float,lookupApply,1,65536,1,1,9,39.489173889,39.536857605,39.641857147
reference,float,lookupApply,1,65536,2,0,9,39.273452759,39.346408844,39.448642731
reference,float,lookupApply,1,65536,2,1,9,39.266872406,39.339447021,39.398860931
reference,float,lookupApply,1,8191,0,0,9,39.255738005,39.329752167,40.155353437
reference,float,lookupApply,1,8191,0,1,9,39.199273593,39.25115981,39.373245025
reference,float,lookupApply,1,8191,1,0,9,39.188591137,39.394609938,40.251495544
reference,float,lookupApply,1,8191,1,1,9,39.167989257,39.370192895,39.505249664
reference,float,lookupApply,1,8191,2,0,9,39.206903919,39.29236357,40.369002564
reference,float,lookupApply,1,8191,2,1,9,39.17790868,39.27481382,39.403766329
reference,float,lookupApply,2,1024,0,0,9,38.757324219,39.263916016,40.301513672
reference,float,lookupApply,2,1024,0,1,9,38.800048828,57.507324219,71.075439453
reference,float,lookupApply,2,1024,1,0,9,38.885498047,39.465332031,39.617919922
reference,float,lookupApply,2,1024,1,1,9,38.812255859,39.288330078,39.770507812
reference,float,lookupApply,2,1024,2,0,9,38.836669922,39.312744141,39.605712891
reference,float,lookupApply,2,1024,2,1,9,38.848876953,39.349365234,39.916992188
reference,float,lookupApply,2,65536,0,0,9,39.369297028,39.488983154,39.532756805
reference,float,lookupApply,2,65536,0,1,9,39.404296875,39.472961426,39.563083649
reference,float,lookupApply,2,65536,1,0,9,39.31646347,39.371871948,39.552688599
reference,float,lookupApply,2,65536,1,1,9,39.408683777,39.436912537,39.548015594
reference,float,lookupApply,2,65536,2,0,9,39.295196533,39.328289032,39.761829376
reference,float,lookupApply,2,65536,2,1,9,39.27526474,39.303207397,39.758682251
reference,float,lookupApply,2,8191,0,0,9,39.221401538,39.299993896,40.254547674
reference,float,lookupApply,2,8191,0,1,9,39.217586375,39.401477231,41.428854841
reference,float,lookupApply,2,8191,1,0,9,39.169515322,39.305335124,39.463282871
reference,float,lookupApply,2,8191,1,1,9,39.171041387,39.356458308,39.500671469
reference,float,lookupApply,2,8191,2,0,9,39.185539006,39.296941765,39.404529361
reference,float,lookupApply,2,8191,2,1,9,39.172567452,39.272524722,39.444970089
reference,float,prepared,0,1024,0,0,9,13.28125,13.287353516,14.947509766
reference,float,prepared,0,1024,0,1,9,13.28125,13.287353516,15.856933594
reference,float,prepared,0,1024,1,0,9,13.28125,13.287353516,17.700195312
reference,float,prepared,0,1024,1,1,9,13.28125,13.287353516,13.800048828
reference,float,prepared,0,1024,2,0,9,13.28125,13.287353516,14.6484375
reference,float,prepared,0,1024,2,1,9,13.28125,13.287353516,13.787841797
reference,float,prepared,0,65536,0,0,9,13.435077667,13.489818573,16.58782959
reference,float,prepared,0,65536,0,1,9,13.433551788,13.461208344,13.642883301
reference,float,prepared,0,65536,1,0,9,13.434410095,13.471508026,13.558673859
reference,float,prepared,0,65536,1,1,9,13.461971283,13.480567932,13.54970932
reference,float,prepared,0,65536,2,0,9,13.435745239,13.461017609,13.56344223
reference,float,prepared,0,65536,2,1,9,13.446331024,13.474178314,13.552284241
reference,float,prepared,0,8191,0,0,9,13.423269442,13.498046637,13.674307166
reference,float,prepared,0,8191,0,1,9,13.346966182,13.420217312,13.839122207
reference,float,prepared,0,8191,1,0,9,13.438530094,13.541539495,13.703302405
reference,float,prepared,0,8191,1,1,9,13.336283726,13.400378464,13.438530094
reference,float,prepared,0,8191,2,0,9,13.400378464,13.553748016,13.755188622
reference,float,prepared,0,8191,2,1,9,13.341624954,13.410297888,13.442345257
reference,float,prepared,1,1024,0,0,9,13.28125,13.287353516,15.032958984
reference,float,prepared,1,1024,0,1,9,13.28125,13.287353516,15.0390625
reference,float,prepared,1,1024,1,0,9,13.28125,13.28125,14.562988281
reference,float,prepared,1,1024,1,1,9,13.28125,13.287353516,14.984130859
reference,float,prepared,1,1024,2,0,9,13.28125,13.287353516,15.942382812
reference,float,prepared,1,1024,2,1,9,13.28125,13.287353516,13.793945312
reference,float,prepared,1,65536,0,0,9,13.4308815,13.471698761,13.524723053
reference,float,prepared,1,65536,0,1,9,13.435649872,13.473320007,13.610076904
reference,float,prepared,1,65536,1,0,9,13.445568085,13.469314575,13.519573212
reference,float,prepared,1,65536,1,1,9,13.456058502,13.484954834,13.593196869
reference,float,prepared,1,65536,2,0,9,13.430595398,13.471412659,13.550853729
reference,float,prepared,1,65536,2,1,9,13.425827026,13.451766968,13.510322571
reference,float,prepared,1,8191,0,0,9,13.370620193,13.437767061,13.482785985
reference,float,prepared,1,8191,0,1,9,13.367568063,13.438530094,13.684989623
reference,float,prepared,1,8191,1,0,9,13.364515932,13.441582224,14.023776096
reference,float,prepared,1,8191,1,1,9,13.336283726,13.400378464,13.419454279
reference,float,prepared,1,8191,2,0,9,13.374435356,13.442345257,13.893297522
reference,float,prepared,1,8191,2,1,9,13.343151019,13.408771823,13.544591625
reference,float,prepared,2,1024,0,0,9,13.28125,13.287353516,15.002441406
reference,float,prepared,2,1024,0,1,9,13.836669922,15.667724609,30.401611328
reference,float,prepared,2,1024,1,0,9,13.28125,13.287353516,14.831542969
reference,float,prepared,2,1024,1,1,9,13.28125,13.287353516,13.842773438
reference,float,prepared,2,1024,2,0,9,13.28125,13.287353516,14.050292969
reference,float,prepared,2,1024,2,1,9,13.28125,13.287353516,13.812255859
reference,float,prepared,2,65536,0,0,9,13.444900513,13.465690613,13.533401489
reference,float,prepared,2,65536,0,1,9,13.463687897,13.481235504,13.626003265
reference,float,prepared,2,65536,1,0,9,13.437843323,13.449954987,13.506603241
reference,float,prepared,2,65536,1,1,9,13.443565369,13.464832306,13.482093811
reference,float,prepared,2,65536,2,0,9,13.42792511,13.454151154,13.521003723
reference,float,prepared,2,65536,2,1,9,13.434505463,13.491153717,13.547897339
reference,float,prepared,2,8191,0,0,9,13.346966182,13.420980344,14.314491515
reference,float,prepared,2,8191,0,1,9,13.339335856,13.406482725,13.481259919
reference,float,prepared,2,8191,1,0,9,13.344677085,13.426321572,14.560951044
reference,float,prepared,2,8191,1,1,9,13.336283726,13.403430595,13.56671957
reference,float,prepared,2,8191,2,0,9,13.336283726,13.399615432,14.506012697
reference,float,prepared,2,8191,2,1,9,13.339335856,13.405719692,13.971889879
reference,float,vienot,0,1024,0,0,9,2.429199219,2.490234375,2.496337891
reference,float,vienot,0,1024,0,1,9,2.099609375,2.142333984,2.1484375
reference,float,vienot,0,1024,1,0,9,2.093505859,2.154541016,2.227783203
reference,float,vienot,0,1024,1,1,9,2.05078125,2.056884766,2.062988281
reference,float,vienot,0,1024,2,0,9,2.038574219,2.038574219,2.087402344
reference,float,vienot,0,1024,2,1,9,2.069091797,2.075195312,2.075195312
reference,float,vienot,0,65536,0,0,9,2.093601227,2.103900909,2.113723755
reference,float,vienot,0,65536,0,1,9,2.099323273,2.137565613,2.301216125
reference,float,vienot,0,65536,1,0,9,2.097320557,2.102184296,2.132606506
reference,float,vienot,0,65536,1,1,9,2.098464966,2.102375031,2.188968658
reference,float,vienot,0,65536,2,0,9,2.097702026,2.108860016,2.116584778
reference,float,vienot,0,65536,2,1,9,2.099323273,2.111148834,2.206325531
reference,float,vienot,0,8191,0,0,9,2.016695153,2.022799414,2.527926993
reference,float,vienot,0,8191,0,1,9,2.070107435,2.0716335,2.269258943
reference,float,vienot,0,8191,1,0,9,2.015932121,2.017458186,2.194481748
reference,float,vienot,0,8191,1,1,9,2.067818337,2.069344402,2.767519228
reference,float,vienot,0,8191,2,0,9,2.017458186,2.020510316,2.259339519
reference,float,vienot,0,8191,2,1,9,2.069344402,2.070870468,2.225766085
reference,float,vienot,1,1024,0,0,9,2.307128906,2.349853516,2.368164062
reference,float,vienot,1,1024,0,1,9,2.24609375,2.24609375,2.252197266
reference,float,vienot,1,1024,1,0,9,2.093505859,2.1484375,2.24609375
reference,float,vienot,1,1024,1,1,9,2.087402344,2.093505859,2.099609375
reference,float,vienot,1,1024,2,0,9,2.044677734,2.044677734,2.05078125
reference,float,vienot,1,1024,2,1,9,2.288818359,2.294921875,3.454589844
reference,float,vienot,1,65536,0,0,9,2.095890045,2.107334137,2.133464813
reference,float,vienot,1,65536,0,1,9,2.102375031,2.115440369,2.144813538
reference,float,vienot,1,65536,1,0,9,2.096748352,2.10351944,2.136516571
reference,float,vienot,1,65536,1,1,9,2.099132538,2.10723877,2.142524719
reference,float,vienot,1,65536,2,0,9,2.102088928,2.107524872,2.125644684
reference,float,vienot,1,65536,2,1,9,2.098274231,2.113437653,2.177429199
reference,float,vienot,1,8191,0,0,9,2.0716335,2.078500794,2.163960444
reference,float,vienot,1,8191,0,1,9,2.06858137,2.0716335,2.144121597
reference,float,vienot,1,8191,1,0,9,2.06858137,2.069344402,2.161671347
reference,float,vienot,1,8191,1,1,9,2.067818337,2.070870468,2.184562325
reference,float,vienot,1,8191,2,0,9,2.070107435,2.072396533,2.155567086
reference,float,vienot,1,8191,2,1,9,2.069344402,2.070107435,2.167012575
