variant,block,scalar,mode,deficiency,n,D_min_ns,D_median_ns,D_max_ns,CPP_min_ns,CPP_median_ns,CPP_max_ns,D_over_CPP
default,0,double,brettel,0,1024,4.467773438,4.489135742,4.534912109,4.10559082,4.14163208,4.770874023,1.0839050053910149
default,0,double,brettel,1,1024,4.382324219,4.434204101500001,6.176757812,4.13861084,4.152069092,4.758666992,1.0679504611432418
default,0,double,brettel,2,1024,4.437255859,4.528808593999999,5.590820312,4.163635254,4.23336792,5.305297852,1.0697885654124764
default,0,double,lookup,0,1024,8.367919922,8.380126953,10.382080078,5.806091309,5.8159484865,6.406005859,1.4408874102740044
default,0,double,lookup,1,1024,8.380126953,8.392333984,24.798583984,5.791503906,5.8141174315,7.12878418,1.4434407427912648
default,0,double,lookup,2,1024,8.374023438,8.392333984,10.656738281,5.803771973,5.821746826,7.669372559,1.4415491148669886
default,0,double,lookupApply,0,1024,11.395263672,11.407470703,12.872314453,10.073181152,10.089691162,13.064025879,1.1306065289652323
default,0,double,lookupApply,1,1024,11.395263672,11.4044189455,12.902832031,10.080505371,10.089996337999999,11.826904297,1.1302698795389792
default,0,double,lookupApply,2,1024,11.267089844,11.444091797,13.220214844,10.071350098,10.08694458,11.80859375,1.134544926487541
default,0,double,prepared,0,1024,1.885986328,1.910400391,1.947021484,1.206481934,1.250518799,1.961669922,1.5276862631155057
default,0,double,prepared,1,1024,1.885986328,1.892089844,1.898193359,1.207092285,1.2526550295,1.909729004,1.5104636148351487
default,0,double,prepared,2,1024,1.873779297,1.934814453,3.051757812,1.205871582,1.2514038085,1.265808105,1.5461152026692109
default,0,double,vienot,0,1024,0.891113281,0.897216797,1.458740234,1.209533691,1.2395019535,1.274353027,0.723852668780808
default,0,double,vienot,1,1024,0.891113281,0.897216797,0.903320312,1.211364746,1.2596740725,1.315307617,0.7122610654511189
default,0,float,brettel,0,1024,3.662109375,3.7353515625,3.796386719,2.180541992,2.186431885,2.235046387,1.7084234766819637
default,0,float,brettel,1,1024,3.875732422,3.912353516,5.76171875,2.130432129,2.1337890625,2.137756348,1.8335240276356979
default,0,float,brettel,2,1024,3.753662109,3.759765625,5.493164062,2.133483887,2.1399230955,3.360229492,1.7569629641861118
default,0,float,lookup,0,1024,6.677246094,6.701660156,8.551025391,4.463928223,4.468200684,6.424377441,1.49985657090061
default,0,float,lookup,1,1024,6.677246094,6.695556641,8.734130859,4.465148926,4.468811035,4.997192383,1.4982859173413225
default,0,float,lookup,2,1024,6.701660156,6.930541992,8.154296875,4.458374023,4.4685058595000005,5.521240234,1.5509752498736764
default,0,float,lookupApply,0,1024,9.497070312,9.5520019535,10.83984375,9.933776855,9.940185546999999,11.146362305,0.9609480535685619
default,0,float,lookupApply,1,1024,9.509277344,9.594726562,11.096191406,9.930664062,9.934692383,10.559326172,0.9657799348088784
default,0,float,lookupApply,2,1024,9.539794922,9.558105469,11.212158203,9.934326172,9.940765381,11.699768066,0.9615059910043358
default,0,float,prepared,0,1024,2.136230469,2.166748047,2.807617188,0.779663086,0.784851074,0.787597656,2.760712342479384
default,0,float,prepared,1,1024,2.130126953,2.1484375,2.172851562,0.780883789,0.784545898,0.790649414,2.738447177503438
default,0,float,prepared,2,1024,2.130126953,2.136230469,2.1484375,0.779602051,0.78515625,0.787597656,2.720771144597015
default,0,float,vienot,0,1024,6.787109375,6.832885742,7.867431641,0.779052734,0.7805786135,2.154296875,8.753616386391043
default,0,float,vienot,1,1024,6.787109375,6.829833984,7.727050781,0.779663086,0.7821044925,1.917053223,8.73263617521031
bv_direct,0,double,brettel,0,1024,3.753662109,3.765869141,3.820800781,4.093322754,4.1447143555,5.278442383,0.9085955793317155
bv_direct,0,double,brettel,1,1024,3.753662109,3.765869141,5.236816406,4.108032227,4.1630859375,4.169189453,0.9045859724100399
bv_direct,0,double,brettel,2,1024,3.759765625,3.771972656,20.739746094,4.224853516,4.2853698730000005,5.294311523,0.8801976883641567
bv_direct,0,double,lookup,0,1024,8.380126953,8.3984375,9.051513672,5.800048828,5.8119812015,7.563598633,1.4450214494555604
bv_direct,0,double,lookup,1,1024,8.367919922,8.386230469,10.516357422,5.798828125,5.818084717,6.800476074,1.441407417890646
bv_direct,0,double,lookup,2,1024,8.380126953,8.3984375,10.25390625,5.807373047,5.817779541,7.450439453,1.4435812565280566
bv_direct,0,double,lookupApply,0,1024,11.389160156,11.4044189455,13.433837891,10.107421875,10.206481933500001,11.264404297,1.1173702182402436
bv_direct,0,double,lookupApply,1,1024,11.383056641,11.419677734,15.069580078,10.109863281,10.196105957,13.411315918,1.1200038310861191
bv_direct,0,double,lookupApply,2,1024,11.273193359,11.444091797,12.365722656,10.108032227,10.207397461,11.750549316,1.1211566749237611
bv_direct,0,double,prepared,0,1024,1.892089844,1.901245117,1.953125,1.215026855,1.2223815915,1.227294922,1.5553613783294609
bv_direct,0,double,prepared,1,1024,1.892089844,1.898193359,1.904296875,1.215026855,1.2214660645,2.532836914,1.554028731675828
bv_direct,0,double,prepared,2,1024,1.898193359,1.922607422,1.989746094,1.216247559,1.221801758,1.273132324,1.5735837744636803
bv_direct,0,double,vienot,0,1024,1.068115234,1.07421875,2.471923828,1.221191406,1.225128174,1.277404785,0.8768215218598018
bv_direct,0,double,vienot,1,1024,1.068115234,1.07421875,1.092529297,1.221801758,1.224853516,2.77130127,0.877018138061172
bv_direct,0,float,brettel,0,1024,2.34375,2.4078369139999998,2.44140625,2.18182373,2.1922302250000003,3.114379883,1.098350386077721
bv_direct,0,float,brettel,1,1024,2.374267578,2.410888672,2.44140625,2.130493164,2.13961792,2.175109863,1.1267846700405275
bv_direct,0,float,brettel,2,1024,2.374267578,2.386474609,3.729248047,2.132324219,2.145751953,3.417053223,1.1121856865437978
bv_direct,0,float,lookup,0,1024,6.671142578,6.918334961,8.337402344,4.468200684,4.474914550499999,5.115783691,1.5460261604832182
bv_direct,0,float,lookup,1,1024,6.671142578,6.927490234,8.129882812,4.468811035,4.473999023499999,4.517150879,1.5483888569516586
bv_direct,0,float,lookup,2,1024,6.677246094,6.93359375,7.727050781,4.469421387,4.474975586,5.58782959,1.549414877634597
bv_direct,0,float,lookupApply,0,1024,9.521484375,9.59777832,11.285400391,9.936218262,9.9686279295,11.995056152,0.9627983297076871
bv_direct,0,float,lookupApply,1,1024,9.552001953,9.558105469,11.328125,9.934387207,9.9664611815,11.595825195,0.9590270101831129
bv_direct,0,float,lookupApply,2,1024,9.497070312,9.588623047,12.084960938,9.937438965,9.965209961,11.822692871,0.9622098364737105
bv_direct,0,float,prepared,0,1024,2.142333984,2.160644531,2.197265625,0.782104492,0.78515625,0.842651367,2.751865671323383
bv_direct,0,float,prepared,1,1024,2.130126953,2.160644531,3.466796875,0.781494141,0.78515625,0.791931152,2.751865671323383
bv_direct,0,float,prepared,2,1024,2.130126953,2.142333984,2.178955078,0.782104492,0.785217285,0.835266113,2.7283326856463685
bv_direct,0,float,vienot,0,1024,1.116943359,1.153564453,2.709960938,0.780212402,0.782714844,0.787658691,1.4737991260071208
bv_direct,0,float,vienot,1,1024,1.116943359,1.1383056645,1.397705078,0.779663086,0.783935547,1.356323242,1.4520398632975882
bv_split,0,double,brettel,0,1024,3.778076172,3.784179688,4.382324219,4.104370117,4.146850586,5.367675781,0.9125430515330363
bv_split,0,double,brettel,1,1024,3.778076172,3.784179688,5.249023438,4.13494873,4.161193848,4.838745117,0.9093975974752523
bv_split,0,double,brettel,2,1024,3.778076172,3.80859375,5.267333984,4.2578125,4.2633361815,4.769042969,0.8933364829465538
bv_split,0,double,lookup,0,1024,8.380126953,8.386230469,9.710693359,5.798828125,5.8098144535,7.198547363,1.4434592595203952
bv_split,0,double,lookup,1,1024,8.386230469,8.401489258,11.920166016,5.795166016,5.814086914000001,6.365112305,1.445022990242832
bv_split,0,double,lookup,2,1024,8.374023438,8.3892822265,10.107421875,5.803710938,5.8156433105000005,8.434387207,1.4425372703572379
bv_split,0,double,lookupApply,0,1024,11.389160156,11.517333984499999,12.982177734,10.075012207,10.095489502,11.938232422,1.1408395781322263
bv_split,0,double,lookupApply,1,1024,11.395263672,11.499023438,12.463378906,10.079345703,10.0964355465,13.92010498,1.1389191150718747
bv_split,0,double,lookupApply,2,1024,11.260986328,11.45324707,28.039550781,10.071960449,10.089416504,12.295959473,1.1351743745992944
bv_split,0,double,prepared,0,1024,1.892089844,1.904296875,3.314208984,1.207092285,1.230041504,1.260864258,1.5481566018767445
bv_split,0,double,prepared,1,1024,1.892089844,1.898193359,3.332519531,1.205322266,1.232208252,1.25970459,1.5404809665241554
bv_split,0,double,prepared,2,1024,1.892089844,1.919555664,1.977539062,1.206481934,1.2459411619999998,1.865112305,1.5406471208629997
bv_split,0,double,vienot,0,1024,1.068115234,1.07421875,2.502441406,1.208312988,1.2348937985,1.295715332,0.8698875573792916
bv_split,0,double,vienot,1,1024,1.068115234,1.07421875,1.116943359,1.210754395,1.2321472165,2.479003906,0.8718266255970558
bv_split,0,float,brettel,0,1024,2.34375,2.438354492,4.278564453,2.181213379,2.1851806639999998,2.922912598,1.1158594491388931
bv_split,0,float,brettel,1,1024,2.380371094,2.4139404300000002,2.484130859,2.127990723,2.1329040525,2.729125977,1.1317623158766072
bv_split,0,float,brettel,2,1024,2.386474609,2.392578125,2.404785156,2.133544922,2.1387023925,2.141418457,1.1187054979646964
bv_split,0,float,lookup,0,1024,6.683349609,6.719970703,9.143066406,4.463928223,4.4685058595000005,5.882629395,1.5038518274992092
bv_split,0,float,lookup,1,1024,6.677246094,6.692504883,8.270263672,4.462097168,4.4672851565,5.801269531,1.4981145479961706
bv_split,0,float,lookup,2,1024,6.689453125,6.698608398499999,8.129882812,4.465148926,4.467895508,5.162231445,1.4992759760172976
bv_split,0,float,lookupApply,0,1024,9.503173828,9.533691406,11.151123047,9.934387207,9.9487609865,13.612487793,0.9582792690403128
bv_split,0,float,lookupApply,1,1024,9.539794922,9.573364258,11.065673828,9.926391602,9.9425964355,11.496765137,0.9628636061118141
bv_split,0,float,lookupApply,2,1024,9.497070312,9.552001953,13.604736328,9.93560791,9.94934082,11.405639648,0.9600637997844765
bv_split,0,float,prepared,0,1024,2.124023438,2.1636962889999998,2.368164062,0.779052734,0.784851074,0.78704834,2.7568240149977803
bv_split,0,float,prepared,1,1024,2.124023438,2.1545410155,2.215576172,0.782714844,0.7845764159999999,0.790039062,2.7461200356805016
bv_split,0,float,prepared,2,1024,2.130126953,2.136230469,3.149414062,0.782714844,0.783935547,0.790710449,2.7250077856209267
bv_split,0,float,vienot,0,1024,1.110839844,1.141357422,1.165771484,0.779602051,0.782714844,0.788269043,1.4582033683776667
bv_split,0,float,vienot,1,1024,1.123046875,1.153564453,2.044677734,0.779663086,0.780883789,0.787597656,1.4772549632221907
bv_portable,0,double,brettel,0,1024,3.771972656,3.784179688,4.962158203,4.090881348,4.1547851565,5.673461914,0.9108003291288835
bv_portable,0,double,brettel,1,1024,3.771972656,3.7963867185,5.017089844,4.093383789,4.182617188,5.541381836,0.9076581833479521
bv_portable,0,double,brettel,2,1024,3.802490234,3.80859375,4.443359375,4.226074219,4.288116455000001,5.197692871,0.8881740479690399
bv_portable,0,double,lookup,0,1024,8.374023438,8.383178711,10.125732422,5.801330566,5.82723999,6.845092773,1.4386190933248315
bv_portable,0,double,lookup,1,1024,8.380126953,8.392333984,9.698486328,5.802429199,5.8449707029999995,6.815124512,1.4358213942274403
bv_portable,0,double,lookup,2,1024,8.380126953,8.972167969,10.168457031,5.795166016,5.843444824,7.585021973,1.5354244352834159
bv_portable,0,double,lookupApply,0,1024,11.389160156,11.410522461,12.799072266,10.078674316,10.488372803,15.281921387,1.0879211366072186
bv_portable,0,double,lookupApply,1,1024,11.401367188,11.566162109,12.945556641,10.075683594,10.490814209,12.724060059,1.1025037598204215
bv_portable,0,double,lookupApply,2,1024,11.260986328,11.45324707,28.460693359,10.083618164,10.4954223635,11.764587402,1.0912611873373514
bv_portable,0,double,prepared,0,1024,1.885986328,1.892089844,1.904296875,1.221740723,1.4201965335,1.698791504,1.3322732448424188
bv_portable,0,double,prepared,1,1024,1.885986328,1.892089844,2.612304688,1.216918945,1.2251281735,1.234619141,1.5444015450192405
bv_portable,0,double,prepared,2,1024,1.892089844,1.922607422,2.624511719,1.215637207,1.2221069335,1.229064941,1.573190830767838
bv_portable,0,double,vienot,0,1024,0.897216797,0.903320312,0.952148438,1.221740723,1.2260437015,6.587036133,0.7367766017596559
bv_portable,0,double,vienot,1,1024,0.897216797,0.903320312,0.909423828,1.221740723,1.2254333495,2.707092285,0.7371435683291725
bv_portable,0,float,brettel,0,1024,2.362060547,2.4475097655,2.484130859,2.180603027,2.1860961915,3.606628418,1.119580087562675
bv_portable,0,float,brettel,1,1024,2.410888672,2.465820312,3.015136719,2.129821777,2.1359863284999996,3.334472656,1.1544176472944125
bv_portable,0,float,brettel,2,1024,2.404785156,2.416992188,2.453613281,2.129882812,2.170166016,3.171203613,1.1137360783369672
bv_portable,0,float,lookup,0,1024,6.689453125,6.707763672,7.623291016,4.457214355,4.4678955075,5.660583496,1.5013251005400778
bv_portable,0,float,lookup,1,1024,6.701660156,6.719970703,7.32421875,4.45715332,4.4657592775,6.164489746,1.5047767435332837
bv_portable,0,float,lookup,2,1024,6.689453125,7.00378418,8.337402344,4.45904541,4.4636230470000005,5.741943359,1.569080566672681
bv_portable,0,float,lookupApply,0,1024,9.521484375,9.567260742,10.314941406,9.932556152,9.9425964355,12.077697754,0.962249730647835
bv_portable,0,float,lookupApply,1,1024,9.509277344,9.59777832,11.413574219,9.926391602,9.939544678,11.080871582,0.9656154915469659
bv_portable,0,float,lookupApply,2,1024,9.558105469,9.747314453,13.305664062,9.930725098,9.936828613500001,10.516540527,0.9809281041395309
bv_portable,0,float,prepared,0,1024,2.087402344,2.142333984,3.778076172,0.779052734,0.78515625,0.790100098,2.728544775641791
bv_portable,0,float,prepared,1,1024,2.081298828,2.1453857425000002,2.172851562,0.779052734,0.78515625,0.833496094,2.7324315924378113
bv_portable,0,float,prepared,2,1024,2.081298828,2.093505859,2.679443359,0.779052734,0.782409668,1.387512207,2.6757157338705073
bv_portable,0,float,vienot,0,1024,1.116943359,1.1444091795,1.177978516,0.779052734,0.7817993165,0.786376953,1.4638145050105067
bv_portable,0,float,vienot,1,1024,1.116943359,1.1352539065,17.462158203,0.779602051,0.7812194825000001,0.788208008,1.4531817650873804
bv_compiler,0,double,brettel,0,1024,3.778076172,3.802490234,4.840087891,4.14654541,4.153869629,5.362243652,0.9154091422256334
bv_compiler,0,double,brettel,1,1024,3.778076172,3.796386719,5.230712891,4.152709961,4.167297362999999,4.801452637,0.9109949178829455
bv_compiler,0,double,brettel,2,1024,3.771972656,3.80859375,5.584716797,4.254821777,4.2869262695,5.375671387,0.8884206330061771
bv_compiler,0,double,lookup,0,1024,8.380126953,8.3984375,9.893798828,5.803100586,5.8143920895,7.051208496,1.4444222836582408
bv_compiler,0,double,lookup,1,1024,8.374023438,8.386230469,10.461425781,5.801269531,5.8199157715,7.117797852,1.4409539241215803
bv_compiler,0,double,lookup,2,1024,8.477783203,8.499145508,9.899902344,5.798217773,5.817779541,7.587463379,1.4608916422671987
bv_compiler,0,double,lookupApply,0,1024,11.376953125,11.407470703,12.939453125,10.078063965,10.2171936035,13.978210449,1.1164974596441295
bv_compiler,0,double,lookupApply,1,1024,11.395263672,11.42578125,13.500976562,10.084777832,10.21661377,11.989013672,1.1183530577959784
bv_compiler,0,double,lookupApply,2,1024,11.389160156,11.4501953125,13.128662109,10.082946777,10.221801758000002,12.054443359,1.120173877715698
bv_compiler,0,double,prepared,0,1024,1.879882812,1.889038086,2.978515625,1.221130371,1.2358398435,1.246276855,1.5285460295972404
bv_compiler,0,double,prepared,1,1024,1.879882812,1.889038086,1.904296875,1.221801758,1.236755371,1.290283203,1.5274144995000793
bv_compiler,0,double,prepared,2,1024,1.898193359,1.910400391,2.825927734,1.22479248,1.2373657224999999,1.244995117,1.5439254185417282
bv_compiler,0,double,vienot,0,1024,0.897216797,0.903320312,0.964355469,1.224182129,1.2416381835,2.690612793,0.727522980530181
bv_compiler,0,double,vienot,1,1024,0.897216797,0.903320312,0.909423828,1.225463867,1.2422485349999999,3.301452637,0.7271655281122952
bv_compiler,0,float,brettel,0,1024,2.368164062,2.447509766,4.144287109,2.178710938,2.224609375,4.158203125,1.1001975418718175
bv_compiler,0,float,brettel,1,1024,2.404785156,2.453613281,20.440673828,2.128601074,2.1457214355,2.732177734,1.1434910610511073
bv_compiler,0,float,brettel,2,1024,2.410888672,2.4200439455,2.471923828,2.134155273,2.151275635,2.205688477,1.124934390613316
bv_compiler,0,float,lookup,0,1024,6.689453125,6.8786621095000005,12.432861328,4.463928223,4.4703063965,5.782958984,1.5387451103766867
bv_compiler,0,float,lookup,1,1024,6.689453125,6.851196289,8.020019531,4.465148926,4.467864990000001,5.991455078,1.5334385225011016
bv_compiler,0,float,lookup,2,1024,6.671142578,6.692504883,7.861328125,4.46697998,4.471862793,5.91809082,1.4965809982980844
bv_compiler,0,float,lookupApply,0,1024,9.539794922,9.579467773000001,11.199951172,9.934997559,9.967376709,11.4765625,0.9610821435443753
bv_compiler,0,float,lookupApply,1,1024,9.558105469,9.591674805,16.632080078,9.931274414,9.9765625,11.511413574,0.9614208105246672
bv_compiler,0,float,lookupApply,2,1024,9.533691406,9.5703125,10.913085938,9.93560791,9.974121094,11.034423828,0.9595143682140662
bv_compiler,0,float,prepared,0,1024,2.081298828,2.1148681639999998,2.154541016,0.780273438,0.7860717775,0.794921875,2.6904262747176415
bv_compiler,0,float,prepared,1,1024,2.087402344,2.166748047,3.350830078,0.779663086,0.786682129,0.79309082,2.754286600808241
bv_compiler,0,float,prepared,2,1024,2.081298828,2.087402344,4.974365234,0.781494141,0.7857971195,1.909729004,2.656413840417495
bv_compiler,0,float,vienot,0,1024,1.116943359,1.141357422,1.159667969,0.779052734,0.7836608885,0.788146973,1.4564430083842317
bv_compiler,0,float,vienot,1,1024,1.116943359,1.153564453,2.288818359,0.781494141,0.785461426,1.883422852,1.4686455818391775
bv_vienot_index,0,double,brettel,0,1024,3.771972656,3.784179688,5.078125,4.104980469,4.146850586,5.022827148,0.9125430515330363
bv_vienot_index,0,double,brettel,1,1024,3.784179688,3.790283203,5.187988281,4.135498047,4.1505432125,5.495544434,0.9132017205808095
bv_vienot_index,0,double,brettel,2,1024,3.778076172,3.796386719,5.200195312,4.255432129,4.2642822265,5.338989258,0.8902756706410506
bv_vienot_index,0,double,lookup,0,1024,8.386230469,8.3984375,9.637451172,5.791442871,5.8082885740000005,7.034057617,1.445940123842063
bv_vienot_index,0,double,lookup,1,1024,8.380126953,8.395385742,10.064697266,5.795166016,5.811065674,7.002258301,1.444723947891834
bv_vienot_index,0,double,lookup,2,1024,8.374023438,8.392333984,10.906982422,5.801269531,5.8122863769999995,7.088500977,1.4438954723926882
bv_vienot_index,0,double,lookupApply,0,1024,11.383056641,11.401367188,12.658691406,10.06829834,10.0878601075,11.407531738,1.1302067104918962
bv_vienot_index,0,double,lookupApply,1,1024,11.383056641,11.4044189455,13.629150391,10.062133789,10.0903015135,12.090515137,1.130235695161519
bv_vienot_index,0,double,lookupApply,2,1024,11.267089844,11.4349365235,28.875732422,10.06036377,10.078369140500001,11.861816406,1.134601874974853
bv_vienot_index,0,double,prepared,0,1024,1.892089844,1.901245117,1.910400391,1.206420898,1.224243164,1.244384766,1.5529963106251006
bv_vienot_index,0,double,prepared,1,1024,1.892089844,1.919555664,2.728271484,1.206481934,1.236450195,2.705871582,1.5524730973899035
bv_vienot_index,0,double,prepared,2,1024,1.885986328,1.995849609,2.893066406,1.206481934,1.237060547,1.635742188,1.613380698172084
bv_vienot_index,0,double,vienot,0,1024,1.049804688,1.055908203,1.055908203,1.210754395,1.229400635,1.251098633,0.8588804763387812
bv_vienot_index,0,double,vienot,1,1024,1.049804688,1.055908203,1.062011719,1.211364746,1.2303466795,1.24987793,0.858220061543231
bv_vienot_index,0,float,brettel,0,1024,2.337646484,2.44140625,4.321289062,2.18182373,2.190979004,2.236877441,1.1142992450145817
bv_vienot_index,0,float,brettel,1,1024,2.386474609,2.4475097655,2.471923828,2.130493164,2.1438903810000003,2.184265137,1.1416207597136467
bv_vienot_index,0,float,brettel,2,1024,2.386474609,2.4139404300000002,3.521728516,2.133483887,2.138092041,3.132080078,1.1290161432297292
bv_vienot_index,0,float,lookup,0,1024,6.994628906,7.012939453,8.642578125,4.461486816,4.4734191894999995,6.24395752,1.5676911006821712
bv_vienot_index,0,float,lookup,1,1024,7.000732422,7.025146484,8.935546875,4.460266113,4.4721679685,5.650878906,1.570859264115764
bv_vienot_index,0,float,lookup,2,1024,6.866455078,7.006835938,7.678222656,4.45904541,4.4660644529999995,6.041564941,1.5689061391161254
bv_vienot_index,0,float,lookupApply,0,1024,9.509277344,9.5489501955,11.151123047,9.92767334,9.944732666,11.157348633,0.9602017989027358
bv_vienot_index,0,float,lookupApply,1,1024,9.527587891,9.619140625,11.370849609,9.928894043,9.94140625,11.033874512,0.9675834970530451
bv_vienot_index,0,float,lookupApply,2,1024,9.515380859,9.594726562,11.920166016,9.930664062,9.9392700195,13.48651123,0.9653351345899613
bv_vienot_index,0,float,prepared,0,1024,2.130126953,2.1514892574999998,2.221679688,0.779052734,0.785766602,0.790039062,2.7380767419025522
bv_vienot_index,0,float,prepared,1,1024,2.136230469,2.1636962889999998,2.191162109,0.780273438,0.783630371,0.790649414,2.761118467420911
bv_vienot_index,0,float,prepared,2,1024,2.130126953,2.136230469,2.142333984,0.779663086,0.783630371,0.830383301,2.7260690091349202
bv_vienot_index,0,float,vienot,0,1024,1.055908203,1.0650634765,2.105712891,0.780883789,0.782409668,2.245422363,1.3612606286199418
bv_vienot_index,0,float,vienot,1,1024,1.055908203,1.080322266,18.359375,0.779052734,0.783630371,1.950073242,1.3786120420797219
bv_vienot_static,0,double,brettel,0,1024,3.778076172,3.7872314455,5.096435547,4.10559082,4.1575622555,7.769104004,0.9109259736255078
bv_vienot_static,0,double,brettel,1,1024,3.778076172,3.784179688,5.609130859,4.133117676,4.162475585999999,4.231567383,0.909117569536659
bv_vienot_static,0,double,brettel,2,1024,3.778076172,3.7994384764999998,20.166015625,4.256591797,4.277709960499999,5.288818359,0.8881945039714434
bv_vienot_static,0,double,lookup,0,1024,8.386230469,8.392333984,10.3515625,5.792114258,5.8135070805,9.036743164,1.4435922873733225
bv_vienot_static,0,double,lookup,1,1024,8.380126953,8.392333984,10.760498047,5.800048828,5.8095703125,7.113586426,1.4445705159885696
bv_vienot_static,0,double,lookup,2,1024,8.380126953,8.3984375,10.760498047,5.791442871,5.8061828615,6.328979492,1.446464519002473
bv_vienot_static,0,double,lookupApply,0,1024,11.389160156,11.416625976999999,12.591552734,10.067687988,10.092132568,13.624816895,1.1312401913149341
bv_vienot_static,0,double,lookupApply,1,1024,11.383056641,11.410522461,12.628173828,10.073181152,10.093048096,11.499816895,1.1305328531548493
bv_vienot_static,0,double,lookupApply,2,1024,11.267089844,11.437988281,13.519287109,10.080566406,10.0988464355,11.658203125,1.1326034467454202
bv_vienot_static,0,double,prepared,0,1024,1.879882812,1.8920898435,1.904296875,1.205871582,1.240753174,1.331848145,1.5249526522670012
bv_vienot_static,0,double,prepared,1,1024,1.885986328,1.8981933595,1.916503906,1.206481934,1.2404174805000001,2.754821777,1.5302858830519357
bv_vienot_static,0,double,prepared,2,1024,1.885986328,1.9317626955,2.972412109,1.205871582,1.2401123045000002,1.422973633,1.5577320606288685
bv_vienot_static,0,double,vienot,0,1024,0.897216797,0.897216797,0.903320312,1.210205078,1.244995117,1.321472168,0.7206588883352223
bv_vienot_static,0,double,vienot,1,1024,0.897216797,0.903320312,0.909423828,1.210205078,1.266082764,1.924987793,0.7134765101343722
bv_vienot_static,0,float,brettel,0,1024,2.374267578,2.447509766,4.534912109,2.182434082,2.188537598,2.192871094,1.118331148725369
bv_vienot_static,0,float,brettel,1,1024,2.398681641,2.4353027345,2.453613281,2.128662109,2.1365661625,3.366271973,1.1398208851395681
bv_vienot_static,0,float,brettel,2,1024,2.404785156,2.416992188,2.990722656,2.130493164,2.1402282715,2.737060547,1.1293151390370277
bv_vienot_static,0,float,lookup,0,1024,6.683349609,6.884765625,8.514404297,4.457824707,4.472167969,5.668579102,1.5394693742997916
bv_vienot_static,0,float,lookup,1,1024,6.689453125,6.860351562,7.983398438,4.460205078,4.463317871,4.509155273,1.5370519779858178
bv_vienot_static,0,float,lookup,2,1024,6.683349609,6.701660156,8.154296875,4.458984375,4.4685058595000005,5.134155273,1.4997541385678919
bv_vienot_static,0,float,lookupApply,0,1024,9.533691406,9.619140625,11.328125,9.932495117,9.948150635000001,11.99017334,0.9669275202928206
bv_vienot_static,0,float,lookupApply,1,1024,9.545898438,9.585571289,11.560058594,9.934936523,9.945068359499999,11.304748535,0.9638517245427891
bv_vienot_static,0,float,lookupApply,2,1024,9.509277344,9.619140625,13.360595703,9.936218262,9.9450683595,11.632507324,0.9672272001842341
bv_vienot_static,0,float,prepared,0,1024,2.081298828,2.1179199215,4.119873047,0.781494141,0.784545898,0.788818359,2.699548779617735
bv_vienot_static,0,float,prepared,1,1024,2.075195312,2.145385742,3.277587891,0.780883789,0.7845153805,1.263305664,2.734663711287175
bv_vienot_static,0,float,prepared,2,1024,2.081298828,2.087402344,2.093505859,0.780212402,0.782989502,0.834106445,2.665939120087973
bv_vienot_static,0,float,vienot,0,1024,0.915527344,0.921630859,0.933837891,0.780273438,0.781494141,2.090698242,1.179318961778371
bv_vienot_static,0,float,vienot,1,1024,0.915527344,0.924682617,17.517089844,0.779602051,0.7817993165,0.78704834,1.1827621200024419
default,1,double,brettel,0,1024,4.461669922,4.483032226500001,5.096435547,4.108032227,4.1419677735,5.315124512,1.0823435795860377
default,1,double,brettel,1,1024,4.376220703,4.385375976500001,5.041503906,4.13494873,4.160644531,5.295593262,1.054013613473965
default,1,double,brettel,2,1024,4.461669922,4.592895508,8.172607422,4.253601074,4.263977051,5.572570801,1.0771388900704473
default,1,double,lookup,0,1024,8.374023438,8.413696289,11.938476562,5.806152344,5.817504883,7.386291504,1.4462723209028376
default,1,double,lookup,1,1024,8.374023438,8.392333984,10.095214844,5.804321289,5.8208618165,6.812072754,1.4417682893984571
default,1,double,lookup,2,1024,8.380126953,8.392333984,10.424804688,5.805541992,5.816253661999999,7.755615234,1.4429105867288086
default,1,double,lookupApply,0,1024,11.370849609,11.437988281,13.677978516,10.085388184,10.25112915,11.610534668,1.11577838047236
default,1,double,lookupApply,1,1024,11.376953125,11.4044189455,12.615966797,10.078063965,10.2388916015,11.532836914,1.113833351241774
default,1,double,lookupApply,2,1024,11.260986328,11.4654541015,15.466308594,10.081115723,10.250488280999999,11.815917969,1.118527604460758
default,1,double,prepared,0,1024,1.879882812,1.889038086,1.898193359,1.205871582,1.2358398435,1.258483887,1.5285460295972404
default,1,double,prepared,1,1024,1.885986328,1.898193359,3.149414062,1.20526123,1.226043701,2.575622559,1.548226508934203
default,1,double,prepared,2,1024,1.873779297,1.904296875,1.977539062,1.205871582,1.237335205,2.301086426,1.5390307067194455
default,1,double,vienot,0,1024,0.891113281,0.897216797,0.903320312,1.212585449,1.230316162,1.247497559,0.7292571005012938
default,1,double,vienot,1,1024,0.891113281,0.897216797,0.909423828,1.212585449,1.230041504,1.296386719,0.7294199375243196
default,1,float,brettel,0,1024,3.662109375,3.7322998045,5.2734375,2.180603027,2.187927246,4.003417969,1.7058610204354117
default,1,float,brettel,1,1024,3.875732422,3.918457031,22.16796875,2.128601074,2.1362609865,3.25012207,1.8342595103138162
default,1,float,brettel,2,1024,3.753662109,3.759765625,5.279541016,2.130432129,2.137817383,3.29473877,1.7586935417860246
default,1,float,lookup,0,1024,6.689453125,6.918334961,7.928466797,4.463928223,4.469421387,6.085632324,1.5479263112498283
default,1,float,lookup,1,1024,6.677246094,6.903076172,8.264160156,4.464538574,4.4694213865000005,5.872253418,1.5445122701678822
default,1,float,lookup,2,1024,6.689453125,6.909179688,8.392333984,4.468200684,4.477386474999999,6.333862305,1.5431278328503015
default,1,float,lookupApply,0,1024,9.527587891,9.545898438,11.383056641,9.928283691,9.9395751955,11.579956055,0.9603929997251561
default,1,float,lookupApply,1,1024,9.527587891,9.567260742,11.206054688,9.931945801,9.9417114255,14.442993164,0.9623353900074436
default,1,float,lookupApply,2,1024,9.539794922,9.552001953,11.260986328,9.933776855,9.941101074,11.718078613,0.9608595548819383
default,1,float,prepared,0,1024,2.130126953,2.1484375,2.172851562,0.778991699,0.785461426,0.788208008,2.735255263827558
default,1,float,prepared,1,1024,2.130126953,2.154541016,3.22265625,0.779052734,0.783325195,0.828552246,2.750506468772526
default,1,float,prepared,2,1024,2.124023438,2.136230469,2.142333984,0.779052734,0.784545898,0.791320801,2.722887818859006
default,1,float,vienot,0,1024,6.787109375,6.817626953,8.044433594,0.779052734,0.781494141,0.78704834,8.723836296809806
default,1,float,vienot,1,1024,6.787109375,6.826782226500001,8.319091797,0.779663086,0.7820739745,0.787597656,8.72907480505861
bv_direct,1,double,brettel,0,1024,3.753662109,3.765869141,4.39453125,4.090942383,4.1062011715,6.04284668,0.9171175458079964
bv_direct,1,double,brettel,1,1024,3.729248047,3.759765625,4.4921875,4.10559082,4.133697509999999,5.071166992,0.9095405785993278
bv_direct,1,double,brettel,2,1024,3.759765625,3.778076172,5.078125,4.226623535,4.253295898499999,5.534667969,0.8882702408107571
bv_direct,1,double,lookup,0,1024,8.374023438,8.392333984,11.206054688,5.798828125,5.813812256,7.397888184,1.4435165111048953
bv_direct,1,double,lookup,1,1024,8.380126953,8.3984375,9.460449219,5.803100586,5.812316895,7.69140625,1.4449379914616647
bv_direct,1,double,lookup,2,1024,8.386230469,8.3984375,9.820556641,5.803100586,5.819610596,6.335144043,1.4431270548879176
bv_direct,1,double,lookupApply,0,1024,11.395263672,11.407470703,12.939453125,10.074401855,10.15234375,12.410339355,1.1236292804801846
bv_direct,1,double,lookupApply,1,1024,11.389160156,11.413574219,12.847900391,10.070739746,10.1532592775,11.544433594,1.124129100523701
bv_direct,1,double,lookupApply,2,1024,11.267089844,11.4471435545,30.718994141,10.062805176,10.1471862795,10.803283691,1.1281101222736256
bv_direct,1,double,prepared,0,1024,1.885986328,1.898193359,2.520751953,1.205871582,1.2144165035,1.223022461,1.5630497061999125
bv_direct,1,double,prepared,1,1024,1.885986328,1.892089844,3.271484375,1.206420898,1.216583252,1.917663574,1.5552489654033148
bv_direct,1,double,prepared,2,1024,1.904296875,1.9287109375,2.105712891,1.207092285,1.2144470215,1.224853516,1.5881392134485959
bv_direct,1,double,vienot,0,1024,1.068115234,1.07421875,1.776123047,1.211364746,1.221130371,1.228515625,0.8796921078298199
bv_direct,1,double,vienot,1,1024,1.068115234,1.07421875,1.080322266,1.210754395,1.221801758,1.27130127,0.8792087120241319
bv_direct,1,float,brettel,0,1024,2.325439453,2.429199219,3.668212891,2.181152344,2.1897583005000003,2.241760254,1.1093458206987168
bv_direct,1,float,brettel,1,1024,2.374267578,2.435302734,19.866943359,2.130493164,2.137786865,2.18182373,1.1391700332109582
bv_direct,1,float,brettel,2,1024,2.374267578,2.380371094,2.392578125,2.132873535,2.1399536135000004,3.311279297,1.11234705228343
bv_direct,1,float,lookup,0,1024,6.658935547,6.768798828,7.702636719,4.468811035,4.491760254000001,7.931091309,1.5069368009951671
bv_direct,1,float,lookup,1,1024,6.677246094,6.698608398499999,7.354736328,4.47064209,4.482299805,5.82635498,1.4944579099835555
bv_direct,1,float,lookup,2,1024,6.677246094,6.927490234,7.629394531,4.468811035,4.47467041,5.06628418,1.5481565342820414
bv_direct,1,float,lookupApply,0,1024,9.515380859,9.5703125,11.584472656,9.933166504,9.941711426,11.842895508,0.9626423550145802
bv_direct,1,float,lookupApply,1,1024,9.539794922,9.567260742,11.547851562,9.926391602,9.940490722500002,14.167114258,0.9624535658330019
bv_direct,1,float,lookupApply,2,1024,9.527587891,9.5733642575,11.169433594,9.932495117,9.942626953000001,11.461303711,0.9628606506866293
bv_direct,1,float,prepared,0,1024,2.130126953,2.1575927735000002,2.380371094,0.780273438,0.784545898,0.791320801,2.750116696805418
bv_direct,1,float,prepared,1,1024,2.130126953,2.1545410155,2.172851562,0.779663086,0.7839660645,0.788208008,2.748258008940896
bv_direct,1,float,prepared,2,1024,2.124023438,2.136230469,2.142333984,0.782104492,0.7842407225,0.788208008,2.7239473897633517
bv_direct,1,float,vienot,0,1024,1.116943359,1.1444091795,1.159667969,0.779052734,0.782409668,0.786987305,1.4626725950681887
bv_direct,1,float,vienot,1,1024,1.116943359,1.1505126955,1.843261719,0.779663086,0.781494141,1.353820801,1.4721961882245256
bv_split,1,double,brettel,0,1024,3.778076172,3.814697266,4.888916016,4.103088379,4.203125,4.99041748,0.9075859666319702
bv_split,1,double,brettel,1,1024,3.771972656,3.7994384764999998,4.376220703,4.13494873,4.221160889,5.416687012,0.900093262590636
bv_split,1,double,brettel,2,1024,3.771972656,3.80859375,4.827880859,4.213256836,4.2575683595000005,4.750732422,0.8945467056334647
bv_split,1,double,lookup,0,1024,8.367919922,8.386230469,11.175537109,5.799438477,5.8128967285,6.368103027,1.4426938685979442
bv_split,1,double,lookup,1,1024,8.374023438,8.3892822265,24.206542969,5.799438477,5.81350708,6.421936035,1.4430673449012126
bv_split,1,double,lookup,2,1024,8.374023438,8.392333984,9.851074219,5.803100586,5.817779541,7.749511719,1.4425321421783315
bv_split,1,double,lookupApply,0,1024,11.389160156,11.4471435545,13.232421875,10.06036377,10.084503174,11.261352539,1.1351222124668647
bv_split,1,double,lookupApply,1,1024,11.376953125,11.441040039,13.110351562,10.052978516,10.078369140500001,11.5078125,1.135207480446821
bv_split,1,double,lookupApply,2,1024,11.254882812,11.45324707,13.57421875,10.059753418,10.0719604495,12.05871582,1.1371417836106148
bv_split,1,double,prepared,0,1024,1.910400391,1.9287109375,1.983642578,1.206481934,1.283508301,1.810058594,1.502686765638612
bv_split,1,double,prepared,1,1024,1.879882812,1.934814453,2.551269531,1.20526123,1.2483825685,1.895690918,1.549856992416023
bv_split,1,double,prepared,2,1024,1.873779297,1.9317626955,2.471923828,1.206481934,1.243774414,1.294555664,1.5531455493503985
bv_split,1,double,vienot,0,1024,1.068115234,1.089477539,1.110839844,1.210754395,1.2881164555,1.867553711,0.84579118164988
bv_split,1,double,vienot,1,1024,1.068115234,1.089477539,1.104736328,1.210754395,1.284454346,1.393615723,0.8482026180166002
bv_split,1,float,brettel,0,1024,2.349853516,2.423095703,2.453613281,2.18182373,2.2099609375,3.942932129,1.0964427750207688
bv_split,1,float,brettel,1,1024,2.435302734,2.44140625,2.490234375,2.129821777,2.1564636229999996,6.158996582,1.1321342145357396
bv_split,1,float,brettel,2,1024,2.386474609,2.444458008,3.601074219,2.132324219,2.1484680175,2.162902832,1.1377679295614647
bv_split,1,float,lookup,0,1024,6.860351562,7.012939453,24.969482422,4.473144531,4.47857666,5.792053223,1.5658857680466725
bv_split,1,float,lookup,1,1024,6.866455078,6.994628906,8.209228516,4.473754883,4.4795532225,7.06640625,1.5614568146812549
bv_split,1,float,lookup,2,1024,6.854248047,6.878662109,8.312988281,4.46270752,4.4850463865000005,5.952270508,1.533688063897129
bv_split,1,float,lookupApply,0,1024,9.539794922,9.59777832,12.152099609,9.92767334,9.971069336,11.000183105,0.9625625894855376
bv_split,1,float,lookupApply,1,1024,9.515380859,9.5703125,11.370849609,9.934387207,9.974121094,11.501037598,0.9595143682140662
bv_split,1,float,lookupApply,2,1024,9.552001953,9.588623047,11.444091797,9.933776855,9.9756469725,11.619689941,0.9612031253143868
bv_split,1,float,prepared,0,1024,2.136230469,2.1575927735000002,2.728271484,0.782104492,0.785766602,0.790649414,2.7458443359749722
bv_split,1,float,prepared,1,1024,2.154541016,2.172851562,3.796386719,0.782043457,0.7857666015,1.361755371,2.7652633210066515
bv_split,1,float,prepared,2,1024,2.130126953,2.1545410155,2.172851562,0.779663086,0.785766602,1.784362793,2.7419605389387622
bv_split,1,float,vienot,0,1024,1.116943359,1.153564453,3.216552734,0.782104492,0.784545898,0.790039062,1.4703594218524612
bv_split,1,float,vienot,1,1024,1.153564453,1.153564453,1.159667969,0.779052734,0.783905029,0.788879395,1.4715614906458265
bv_portable,1,double,brettel,0,1024,3.771972656,3.7811279300000002,4.364013672,4.08605957,4.142578125,4.686462402,0.9127475248279114
bv_portable,1,double,brettel,1,1024,3.778076172,3.790283203,3.869628906,4.100708008,4.1658325195,5.560974121,0.9098501164552157
bv_portable,1,double,brettel,2,1024,3.765869141,3.80859375,4.516601562,4.223022461,4.2758789065,5.391540527,0.8907159985775898
bv_portable,1,double,lookup,0,1024,8.374023438,8.395385742,9.814453125,5.796936035,5.824493408,7.177124023,1.4413932944741346
bv_portable,1,double,lookup,1,1024,8.367919922,8.444213867,10.25390625,5.784118652,5.811340332,7.236999512,1.4530578807271273
bv_portable,1,double,lookup,2,1024,8.374023438,8.3984375,10.217285156,5.799438477,5.815979004000001,7.370361328,1.444028166921491
bv_portable,1,double,lookupApply,0,1024,11.389160156,11.4166259765,13.049316406,10.083557129,10.389038086,11.520568848,1.098910782884197
bv_portable,1,double,lookupApply,1,1024,11.376953125,11.413574219,12.664794922,10.080566406,10.392700195,11.754821777,1.098229911846312
bv_portable,1,double,lookupApply,2,1024,11.273193359,11.441040039,29.077148438,10.081726074,10.3847351075,12.65246582,1.1017170799799336
bv_portable,1,double,prepared,0,1024,1.892089844,1.898193359,3.381347656,1.214416504,1.221191406,1.227233887,1.554378248711652
bv_portable,1,double,prepared,1,1024,1.892089844,1.898193359,3.41796875,1.215698242,1.2214660645,1.227905273,1.554028731675828
bv_portable,1,double,prepared,2,1024,1.892089844,1.934814453,1.977539062,1.215637207,1.221740723,1.22845459,1.5836538936420474
bv_portable,1,double,vienot,0,1024,0.897216797,0.903320312,2.34375,1.222351074,1.2266235355,1.355712891,0.7364283220212189
bv_portable,1,double,vienot,1,1024,0.897216797,0.903320312,1.092529297,1.222961426,1.2257690430000001,1.904174805,0.7369416915515951
bv_portable,1,float,brettel,0,1024,2.368164062,2.44140625,3.61328125,2.179382324,2.187316895,3.831604004,1.1161648573102618
bv_portable,1,float,brettel,1,1024,2.398681641,2.4291992185,2.453613281,2.127380371,2.132598877,6.155334473,1.1390792917968886
bv_portable,1,float,brettel,2,1024,2.404785156,2.4139404300000002,2.429199219,2.130493164,2.135650635,2.15246582,1.1303067975816186
bv_portable,1,float,lookup,0,1024,7.006835938,7.03125,8.819580078,4.460876465,4.471862793,6.327758789,1.5723313360611868
bv_portable,1,float,lookup,1,1024,6.994628906,7.019042969,8.239746094,4.46270752,4.46697998,5.743774414,1.5713173106721647
bv_portable,1,float,lookup,2,1024,6.93359375,7.000732422,7.702636719,4.462036133,4.467895508,5.836120605,1.5668970792769936
bv_portable,1,float,lookupApply,0,1024,9.527587891,9.5672607425,11.407470703,9.946594238,9.954528808500001,11.311462402,0.9610962936116756
bv_portable,1,float,lookupApply,1,1024,9.515380859,9.567260742,12.048339844,9.936218262,9.948120117,11.241088867,0.9617154426644726
bv_portable,1,float,lookupApply,2,1024,9.527587891,9.594726562,11.535644531,9.93927002,9.949371337999999,11.682678223,0.9643550568219832
bv_portable,1,float,prepared,0,1024,2.087402344,2.1270751955,2.185058594,0.779602051,0.7845153805,0.788208008,2.711323765436361
bv_portable,1,float,prepared,1,1024,2.081298828,2.145385742,19.299316406,0.779724121,0.783630371,0.790649414,2.7377521614715468
bv_portable,1,float,prepared,2,1024,2.081298828,2.081298828,3.338623047,0.779663086,0.7839355465,1.814331055,2.6549361580710005
bv_portable,1,float,vienot,0,1024,1.116943359,1.141357422,1.159667969,0.779052734,0.781494141,1.34954834,1.4604810991154955
bv_portable,1,float,vienot,1,1024,1.116943359,1.141357422,1.159667969,0.779052734,0.780273438,0.786376953,1.462765956669667
bv_compiler,1,double,brettel,0,1024,3.778076172,3.796386719,4.388427734,4.140441895,4.164306641,4.725036621,0.911649176269198
bv_compiler,1,double,brettel,1,1024,3.778076172,3.7872314455,4.351806641,4.157531738,4.177734375,5.394592285,0.906527583027583
bv_compiler,1,double,brettel,2,1024,3.784179688,3.814697266,20.562744141,4.158752441,4.2293701175,5.601257324,0.9019539931527404
bv_compiler,1,double,lookup,0,1024,8.380126953,8.392333984,9.637451172,5.802490234,5.812286377,7.890136719,1.443895472392688
bv_compiler,1,double,lookup,1,1024,8.380126953,8.392333984,9.381103516,5.806152344,5.8131713865000005,7.561096191,1.4436756506938055
bv_compiler,1,double,lookup,2,1024,8.380126953,8.3984375,10.021972656,5.795715332,5.815612793,7.444396973,1.4441190978376062
bv_compiler,1,double,lookupApply,0,1024,11.389160156,11.407470703,13.372802734,10.086669922,10.23248291,11.606262207,1.1148291967193718
bv_compiler,1,double,lookupApply,1,1024,11.383056641,11.407470703,12.664794922,10.079284668,10.2284851075,11.516967773,1.1152649276123512
bv_compiler,1,double,lookupApply,2,1024,11.267089844,11.45324707,13.391113281,10.085998535,10.227233887,11.405029297,1.1198772998198863
bv_compiler,1,double,prepared,0,1024,1.885986328,1.892089844,1.904296875,1.224853516,1.23336792,1.835144043,1.5340838798531422
bv_compiler,1,double,prepared,1,1024,1.885986328,1.892089844,3.179931641,1.224243164,1.2355346680000001,1.242553711,1.5313935683106221
bv_compiler,1,double,prepared,2,1024,1.885986328,1.916503906,1.947021484,1.226013184,1.2346191405,1.81060791,1.5523037373483843
bv_compiler,1,double,vienot,0,1024,0.897216797,0.903320312,0.909423828,1.228515625,1.2419433595,1.283569336,0.7273442102574404
bv_compiler,1,double,vienot,1,1024,0.897216797,0.903320312,0.952148438,1.228515625,1.2428588865,2.402587891,0.7268084267746835
bv_compiler,1,float,brettel,0,1024,2.368164062,2.4383544925000002,4.418945312,2.181213379,2.1842651364999996,2.43371582,1.1163271581613694
bv_compiler,1,float,brettel,1,1024,2.410888672,2.447509766,2.496337891,2.12677002,2.1353759764999998,3.577270508,1.1461727550253726
bv_compiler,1,float,brettel,2,1024,2.404785156,2.416992188,2.465820312,2.132873535,2.1369018554999997,2.139648438,1.1310730915316014
bv_compiler,1,float,lookup,0,1024,6.689453125,6.8603515625,8.093261719,4.460266113,4.4682006835,6.287414551,1.535372300495285
bv_compiler,1,float,lookup,1,1024,6.689453125,6.881713867,8.068847656,4.459655762,4.467285156,5.507141113,1.5404689037495596
bv_compiler,1,float,lookup,2,1024,6.866455078,7.025146484,9.722900391,4.465148926,4.468811035,5.856933594,1.572039280466018
bv_compiler,1,float,lookupApply,0,1024,9.515380859,9.573364258,11.798095703,9.933776855,9.939544678,13.671264648,0.963159235974813
bv_compiler,1,float,lookupApply,1,1024,9.509277344,9.5489501955,11.260986328,9.931945801,9.9392700195,11.288818359,0.9607295281007331
bv_compiler,1,float,lookupApply,2,1024,9.545898438,9.5703125,11.401367188,9.930114746,9.9407958985,11.937011719,0.9627310124578754
bv_compiler,1,float,prepared,0,1024,2.081298828,2.142333984,2.154541016,0.779052734,0.7857971195,0.789428711,2.7263194669931594
bv_compiler,1,float,prepared,1,1024,2.087402344,2.1179199215,18.835449219,0.781494141,0.78515625,5.111450195,2.697450248278607
bv_compiler,1,float,prepared,2,1024,2.087402344,2.093505859,3.430175781,0.779052734,0.78515625,1.294494629,2.6663557209154227
bv_compiler,1,float,vienot,0,1024,1.116943359,1.138305664,1.202392578,0.778991699,0.782104492,2.407470703,1.4554393634655152
bv_compiler,1,float,vienot,1,1024,1.116943359,1.153564453,2.801513672,0.779052734,0.782104492,0.78704834,1.4749492744250854
bv_vienot_index,1,double,brettel,0,1024,3.784179688,3.796386719,4.852294922,4.087219238,4.100402832,4.122741699,0.9258570132116228
bv_vienot_index,1,double,brettel,1,1024,3.771972656,3.784179688,5.529785156,4.095825195,4.137664795,5.35546875,0.9145689357370961
bv_vienot_index,1,double,brettel,2,1024,3.778076172,3.811645508,5.487060547,4.22845459,4.252319336,5.751159668,0.8963685948349951
bv_vienot_index,1,double,lookup,0,1024,8.380126953,8.404541016,10.534667969,5.807373047,5.828186035,7.494506836,1.4420509169625364
bv_vienot_index,1,double,lookup,1,1024,8.386230469,8.3984375,10.467529297,5.796936035,5.841888428,7.020568848,1.4376237416220645
bv_vienot_index,1,double,lookup,2,1024,8.386230469,8.3984375,10.44921875,5.799438477,5.841003418,7.858947754,1.4378415657348962
bv_vienot_index,1,double,lookupApply,0,1024,11.370849609,11.413574219,12.774658203,10.061584473,10.0817260745,11.573181152,1.1321051707473664
bv_vienot_index,1,double,lookupApply,1,1024,11.370849609,11.395263672,12.976074219,10.070678711,10.08782959,11.482055664,1.1296050919908531
bv_vienot_index,1,double,lookupApply,2,1024,11.254882812,11.4166259765,28.833007812,10.067687988,10.084777832,10.821044922,1.1320651943639168
bv_vienot_index,1,double,prepared,0,1024,1.892089844,1.898193359,1.910400391,1.206542969,1.2156372069999999,1.255981445,1.5614801423234161
bv_vienot_index,1,double,prepared,1,1024,1.892089844,1.898193359,3.192138672,1.205871582,1.215332031,1.223632812,1.5618722378592522
bv_vienot_index,1,double,prepared,2,1024,1.892089844,1.919555664,3.076171875,1.206420898,1.2147216799999998,1.795349121,1.580243191181045
bv_vienot_index,1,double,vienot,0,1024,1.049804688,1.049804688,1.062011719,1.211364746,1.2208862305000001,1.822265625,0.8598710197346271
bv_vienot_index,1,double,vienot,1,1024,1.049804688,1.055908203,1.055908203,1.211364746,1.2205505369999998,1.231567383,0.8651081384924254
bv_vienot_index,1,float,brettel,0,1024,2.331542969,2.444458008,4.339599609,2.181213379,2.184875488,2.189147949,1.1188088389593394
bv_vienot_index,1,float,brettel,1,1024,2.386474609,2.423095703,2.453613281,2.129821777,2.1347351075,2.186706543,1.135080270374951
bv_vienot_index,1,float,brettel,2,1024,2.386474609,2.392578125,2.966308594,2.130432129,2.1365356445000003,2.186706543,1.1198400228702572
bv_vienot_index,1,float,lookup,0,1024,6.671142578,6.704711914,8.538818359,4.463928223,4.4697265625,8.11151123,1.5000273104513873
bv_vienot_index,1,float,lookup,1,1024,6.683349609,6.707763672,8.349609375,4.467590332,4.474304199,5.512084961,1.4991747037448135
bv_vienot_index,1,float,lookup,2,1024,6.701660156,7.028198242,8.801269531,4.461486816,4.4657287595,5.867919922,1.573807685262753
bv_vienot_index,1,float,lookupApply,0,1024,9.509277344,9.64050293,11.810302734,9.933776855,9.93927002,11.096252441,0.9699407411813126
bv_vienot_index,1,float,lookupApply,1,1024,9.509277344,9.515380859,12.036132812,9.930725098,9.942626953000001,11.412353516,0.9570288520307918
bv_vienot_index,1,float,lookupApply,2,1024,9.515380859,9.5703125,11.23046875,9.936218262,9.942626953,11.993286133,0.9625537139470308
bv_vienot_index,1,float,prepared,0,1024,2.136230469,2.157592773,2.178955078,0.779052734,0.783935547,0.788208008,2.752257862596962
bv_vienot_index,1,float,prepared,1,1024,2.130126953,2.151489258,2.166748047,0.781494141,0.7842407225,0.788208008,2.743404156751118
bv_vienot_index,1,float,prepared,2,1024,2.130126953,2.136230469,3.515625,0.779663086,0.7848205564999999,0.790039062,2.721934907677205
bv_vienot_index,1,float,vienot,0,1024,1.055908203,1.0650634765,1.812744141,0.778991699,0.7809143064999999,2.462463379,1.3638672868903319
bv_vienot_index,1,float,vienot,1,1024,1.062011719,1.068115234,19.445800781,0.779052734,0.782104492,0.788208008,1.3656937722843305
bv_vienot_static,1,double,brettel,0,1024,3.771972656,3.784179688,4.412841797,4.092102051,4.103149414,4.795959473,0.9222622201103204
bv_vienot_static,1,double,brettel,1,1024,3.771972656,3.784179688,5.084228516,4.106262207,4.1224060055,4.840576172,0.9179541469111125
bv_vienot_static,1,double,brettel,2,1024,3.778076172,3.814697266,4.895019531,4.227294922,4.256652832,5.169616699,0.8961729829885267
bv_vienot_static,1,double,lookup,0,1024,8.380126953,8.480834961,9.973144531,5.806152344,5.81350708,7.808166504,1.45881562442339
bv_vienot_static,1,double,lookup,1,1024,8.374023438,8.386230469,10.858154297,5.795166016,5.812561035,9.223205566,1.4427771886613832
bv_vienot_static,1,double,lookup,2,1024,8.392333984,8.401489258,9.887695312,5.804870605,5.8201904295,7.649230957,1.4435076239802267
bv_vienot_static,1,double,lookupApply,0,1024,11.389160156,11.401367188,12.957763672,10.065246582,10.083251953000001,11.658203125,1.1307232271041119
bv_vienot_static,1,double,lookupApply,1,1024,11.389160156,11.538696289,12.811279297,10.071960449,10.086639404,11.608642578,1.1439584411458357
bv_vienot_static,1,double,lookupApply,2,1024,11.273193359,11.462402344,13.275146484,10.061584473,10.088134765500001,11.578735352,1.1362261320298574
bv_vienot_static,1,double,prepared,0,1024,1.892089844,1.904296875,3.088378906,1.205871582,1.21383667,1.264587402,1.5688246384911075
bv_vienot_static,1,double,prepared,1,1024,1.892089844,1.8951416015,1.904296875,1.20526123,1.215332031,1.223571777,1.559361189501966
bv_vienot_static,1,double,prepared,2,1024,1.885986328,1.922607422,1.995849609,1.205871582,1.2153320315,1.222412109,1.5819606265351691
bv_vienot_static,1,double,vienot,0,1024,0.897216797,0.897216797,0.903320312,1.211364746,1.2202758784999999,1.229675293,0.7352573404162395
bv_vienot_static,1,double,vienot,1,1024,0.897216797,0.903320312,0.909423828,1.210754395,1.221191406,1.848571777,0.7397041180946535
bv_vienot_static,1,float,brettel,0,1024,2.368164062,2.4322509764999998,2.917480469,2.180603027,2.186431885,2.19342041,1.1124293389546867
bv_vienot_static,1,float,brettel,1,1024,2.410888672,2.447509766,19.812011719,2.129821777,2.1335144045,2.778076172,1.1471728340983882
bv_vienot_static,1,float,brettel,2,1024,2.398681641,2.416992188,2.581787109,2.13470459,2.1393127439999997,3.951538086,1.129798433996521
bv_vienot_static,1,float,lookup,0,1024,6.677246094,6.719970703,8.386230469,4.465759277,4.472503662499999,5.713256836,1.502507590847613
bv_vienot_static,1,float,lookup,1,1024,6.677246094,6.7169189455,7.32421875,4.472473145,4.477355957,5.748046875,1.500197663533679
bv_vienot_static,1,float,lookup,2,1024,6.695556641,6.732177734,8.276367188,4.461486816,4.471282959,6.137634277,1.5056478857928617
bv_vienot_static,1,float,lookupApply,0,1024,9.503173828,9.552001953,11.590576172,9.925231934,9.937713623,11.50592041,0.9611870813919106
bv_vienot_static,1,float,lookupApply,1,1024,9.527587891,9.5916748045,11.944580078,9.928222656,9.9392700195,11.696105957,0.9650280941841757
bv_vienot_static,1,float,lookupApply,2,1024,9.521484375,9.576416016,11.627197266,9.928833008,9.941986084,14.7890625,0.963229674140429
bv_vienot_static,1,float,prepared,0,1024,2.081298828,2.1484375,4.846191406,0.781494141,0.7842407225,0.789428711,2.739512803098541
bv_vienot_static,1,float,prepared,1,1024,2.087402344,2.1209716795,2.160644531,0.779663086,0.783935547,0.791320801,2.7055434437392596
bv_vienot_static,1,float,prepared,2,1024,2.075195312,2.087402344,3.344726562,0.779602051,0.7842407225,0.791320801,2.6616857351474756
bv_vienot_static,1,float,vienot,0,1024,0.915527344,0.921630859,0.964355469,0.780883789,0.7824401855,0.788208008,1.1778930531425267
bv_vienot_static,1,float,vienot,1,1024,0.915527344,0.921630859,0.927734375,0.780273438,0.782714844,0.786987305,1.17747972465947
default,2,double,brettel,0,1024,4.461669922,4.479980469,4.711914062,4.085388184,4.098266601500001,4.167358398,1.0931403211690252
default,2,double,brettel,1,1024,4.382324219,4.425048828,5.560302734,4.093383789,4.1386108395,7.86328125,1.0692111434508798
default,2,double,brettel,2,1024,4.449462891,4.537963867,21.533203125,4.22479248,4.257202148,4.265808105,1.065949820854032
default,2,double,lookup,0,1024,8.374023438,8.401489258,9.753417969,5.80065918,5.8079833985,7.681640625,1.4465415414530647
default,2,double,lookup,1,1024,8.380126953,8.392333984,10.772705078,5.797607422,5.817474365000001,6.923950195,1.442607815255925
default,2,double,lookup,2,1024,8.380126953,8.4075927735,9.967041016,5.795166016,5.810119629000001,7.532409668,1.4470601829840564
default,2,double,lookupApply,0,1024,11.376953125,11.389160156,12.408447266,10.070739746,10.1890258785,11.496154785,1.1177869495878325
default,2,double,lookupApply,1,1024,11.383056641,11.437988281,14.239501953,10.074401855,10.1972961425,11.531555176,1.1216687366103921
default,2,double,lookupApply,2,1024,11.254882812,11.4349365235,13.18359375,10.072570801,10.193664551,11.471069336,1.1217689640746742
default,2,double,prepared,0,1024,1.885986328,1.898193359,1.940917969,1.20526123,1.2205505369999998,1.800292969,1.5551943991320372
default,2,double,prepared,1,1024,1.898193359,1.904296875,1.947021484,1.205871582,1.2162475585,1.287231445,1.5657148593568995
default,2,double,prepared,2,1024,1.885986328,1.934814453,1.947021484,1.206481934,1.2291259765,2.617858887,1.5741384447096989
default,2,double,vienot,0,1024,0.891113281,0.903320312,2.154541016,1.211975098,1.2224121095,1.237670898,0.7389654478876871
default,2,double,vienot,1,1024,0.891113281,0.9002685545,0.903320312,1.211975098,1.2236328125,1.23828125,0.7357342376759777
default,2,float,brettel,0,1024,3.656005859,3.7353515625,3.778076172,2.18182373,2.186401367,2.222167969,1.708447323020723
default,2,float,brettel,1,1024,3.869628906,3.918457031,7.434082031,2.129821777,2.1343994139999998,2.178771973,1.8358593079148964
default,2,float,brettel,2,1024,3.753662109,3.759765625,4.58984375,2.132873535,2.1383972165,2.189147949,1.758216666197199
default,2,float,lookup,0,1024,6.665039062,6.921386719,8.319091797,4.46270752,4.4685058595000005,5.873413086,1.548926405519912
default,2,float,lookup,1,1024,6.665039062,6.924438476500001,7.818603516,4.462097168,4.4700317384999995,6.876281738,1.5490803827767947
default,2,float,lookup,2,1024,6.665039062,6.915283203,7.305908203,4.455993652,4.46484375,5.864257812,1.5488298337427822
default,2,float,lookupApply,0,1024,9.503173828,9.5611572265,10.864257812,9.93560791,9.9490356445,11.760314941,0.9610134658413426
default,2,float,lookupApply,1,1024,9.515380859,9.5703125,11.169433594,9.936767578,9.948120116999998,14.595825195,0.9620222099696629
default,2,float,lookupApply,2,1024,9.497070312,9.533691406,10.168457031,9.936218262,9.9466247555,11.139648438,0.95848507813953
default,2,float,prepared,0,1024,2.130126953,2.172851562,3.381347656,0.780273438,0.78515625,1.784362793,2.767412934686567
default,2,float,prepared,1,1024,2.136230469,2.1697998045,20.495605469,0.779052734,0.7842407225,3.128417969,2.7667522767539023
default,2,float,prepared,2,1024,2.136230469,2.142333984,2.1484375,0.782104492,0.784545898,0.790039062,2.7306674975439105
default,2,float,vienot,0,1024,6.811523438,6.823730469,8.166503906,0.780273438,0.782714844,2.448425293,8.718028693729488
default,2,float,vienot,1,1024,6.787109375,6.820678711,7.653808594,0.779663086,0.782104492,0.788208008,8.720930234728788
bv_direct,2,double,brettel,0,1024,3.753662109,3.765869141,4.803466797,4.190612793,4.226074219,4.252380371,0.8911034084704512
bv_direct,2,double,brettel,1,1024,3.747558594,3.756713867,4.547119141,4.198547363,4.2658081055,5.486328125,0.8806570230283887
bv_direct,2,double,brettel,2,1024,3.759765625,3.7689208985000002,24.011230469,4.30859375,4.3190002445,8.542053223,0.8726373431674392
bv_direct,2,double,lookup,0,1024,8.386230469,8.538818359,9.881591797,5.793273926,5.809539795,7.22479248,1.469792558499894
bv_direct,2,double,lookup,1,1024,8.374023438,8.392333984,9.393310547,5.794555664,5.8153381345,7.007141113,1.4431377488115005
bv_direct,2,double,lookup,2,1024,8.380126953,8.3892822265,10.003662109,5.798217773,5.8171691889999995,7.463867188,1.442158884146562
bv_direct,2,double,lookupApply,0,1024,11.364746094,11.395263672,14.233398438,10.070739746,10.340393066,11.805541992,1.1020145558555694
bv_direct,2,double,lookupApply,1,1024,11.376953125,11.401367188,12.615966797,10.070129395,10.343139648000001,11.510192871,1.102312022849331
bv_direct,2,double,lookupApply,2,1024,11.254882812,11.444091797,12.774658203,10.077514648,10.338256836,11.560974121,1.106965320995823
bv_direct,2,double,prepared,0,1024,1.892089844,1.898193359,1.898193359,1.241333008,1.2767944335,2.299255371,1.4866867439236842
bv_direct,2,double,prepared,1,1024,1.885986328,1.904296875,3.033447266,1.234558105,1.263366699,1.467590332,1.507319194424959
bv_direct,2,double,prepared,2,1024,1.885986328,1.9134521485,1.977539062,1.235839844,1.278625488,2.225830078,1.4964914796849411
bv_direct,2,double,vienot,0,1024,1.068115234,1.07421875,1.080322266,1.241333008,1.2703552249999999,1.933532715,0.8456050157151911
bv_direct,2,double,vienot,1,1024,1.068115234,1.07421875,1.080322266,1.237060547,1.2749328615,1.348388672,0.8425688774984956
bv_direct,2,float,brettel,0,1024,2.337646484,2.4230957035,4.357910156,2.179992676,2.186096191,4.074401855,1.1084122068716418
bv_direct,2,float,brettel,1,1024,2.374267578,2.429199219,2.490234375,2.129211426,2.1334838864999996,3.51184082,1.1386067803798248
bv_direct,2,float,brettel,2,1024,2.374267578,2.386474609,2.392578125,2.131713867,2.136535645,2.186096191,1.116983287681119
bv_direct,2,float,lookup,0,1024,6.671142578,6.689453125,8.203125,4.461486816,4.468811035,8.222229004,1.496920114233472
bv_direct,2,float,lookup,1,1024,6.671142578,6.698608398499999,7.824707031,4.46270752,4.467285156,5.546264648,1.4994808176735963
bv_direct,2,float,lookup,2,1024,6.671142578,6.936645508,8.135986328,4.463928223,4.4685058595000005,6.848144531,1.5523411462587116
bv_direct,2,float,lookupApply,0,1024,9.515380859,9.5611572265,11.608886719,9.928222656,9.938629150499999,12.565002441,0.9620197193914809
bv_direct,2,float,lookupApply,1,1024,9.521484375,9.5611572265,13.049316406,9.930725098,9.9398803715,11.411743164,0.9618986214274884
bv_direct,2,float,lookupApply,2,1024,9.552001953,9.613037109,10.925292969,9.930664062,9.9404907225,11.205078125,0.9670586067990771
bv_direct,2,float,prepared,0,1024,2.136230469,2.1636962889999998,2.740478516,0.780883789,0.78515625,0.831054688,2.755752487482587
bv_direct,2,float,prepared,1,1024,2.136230469,2.1514892574999998,19.464111328,0.778442383,0.784545898,0.790039062,2.74233701684589
bv_direct,2,float,prepared,2,1024,2.130126953,2.142333984,2.276611328,0.779052734,0.78515625,1.715881348,2.728544775641791
bv_direct,2,float,vienot,0,1024,1.116943359,1.1383056645,1.159667969,0.779052734,0.782409668,0.78704834,1.4548716753586945
bv_direct,2,float,vienot,1,1024,1.123046875,1.153564453,2.703857422,0.779052734,0.782409668,0.788269043,1.4743739759105328
bv_split,2,double,brettel,0,1024,3.771972656,3.7902832035,5.065917969,4.08605957,4.1034545895,4.613098145,0.9236810401651941
bv_split,2,double,brettel,1,1024,3.771972656,3.778076172,5.041503906,4.108032227,4.136779785,5.337768555,0.9132891689568146
bv_split,2,double,brettel,2,1024,3.778076172,3.7933349610000002,22.412109375,4.216918945,4.256347656,4.759338379,0.8912183091183096
bv_split,2,double,lookup,0,1024,8.392333984,8.3984375,9.796142578,5.800048828,5.819580078,6.886657715,1.4431346226764645
bv_split,2,double,lookup,1,1024,8.392333984,8.404541016,9.838867188,5.792663574,5.8092041015,6.884216309,1.4467629074746842
bv_split,2,double,lookup,2,1024,8.386230469,8.392333984,10.046386719,5.800048828,5.825073242,7.348999023,1.4407259162836805
bv_split,2,double,lookupApply,0,1024,11.383056641,11.4044189455,13.848876953,10.077453613,10.2385864255,13.141052246,1.1138665506691825
bv_split,2,double,lookupApply,1,1024,11.376953125,11.407470703,12.762451172,10.069519043,10.245941162000001,11.668579102,1.1133648459067735
bv_split,2,double,lookupApply,2,1024,11.267089844,11.431884765500001,12.451171875,10.074401855,10.249267578,12.179199219,1.1153855315513943
bv_split,2,double,prepared,0,1024,1.892089844,1.898193359,1.953125,1.205871582,1.2147216795000002,1.265808105,1.5626570193275287
bv_split,2,double,prepared,1,1024,1.898193359,1.910400391,1.922607422,1.205871582,1.2147216799999998,1.224853516,1.5727062605814366
bv_split,2,double,prepared,2,1024,1.885986328,1.947021484,2.984619141,1.206481934,1.2141113285,1.225463867,1.6036597619144939
bv_split,2,double,vienot,0,1024,1.068115234,1.07421875,2.465820312,1.210754395,1.224822998,2.526062012,0.8770399900672015
bv_split,2,double,vienot,1,1024,1.068115234,1.071166992,1.080322266,1.211425781,1.220550537,1.231567383,0.877609701137676
bv_split,2,float,brettel,0,1024,2.34375,2.44140625,3.594970703,2.18182373,2.185455322,3.328369141,1.117115607637208
bv_split,2,float,brettel,1,1024,2.386474609,2.4200439455,2.447509766,2.127990723,2.135345459,3.248840332,1.133326663983132
bv_split,2,float,brettel,2,1024,2.386474609,2.398681641,2.960205078,2.135375977,2.1399536135000004,2.14453125,1.1209035681277395
bv_split,2,float,lookup,0,1024,6.677246094,6.695556641,8.49609375,4.466369629,4.4783020019999995,5.666748047,1.4951105660158202
bv_split,2,float,lookup,1,1024,6.671142578,6.683349609,7.928466797,4.462097168,4.4816589355000005,5.622070312,1.491266895849665
bv_split,2,float,lookup,2,1024,6.677246094,6.689453125,8.184814453,4.46270752,4.467285156,5.054626465,1.4974314133530096
bv_split,2,float,lookupApply,0,1024,9.527587891,9.558105468499999,10.504150391,9.93560791,9.9429321285,11.883850098,0.9612964611417842
bv_split,2,float,lookupApply,1,1024,9.521484375,9.585571289,10.980224609,9.93371582,9.9429321285,11.417236328,0.9640588073134205
bv_split,2,float,lookupApply,2,1024,9.521484375,9.545898438,11.590576172,9.934997559,9.9411010745,11.250915527,0.9602455871298061
bv_split,2,float,prepared,0,1024,2.130126953,2.1453857425000002,2.325439453,0.779052734,0.7842102049999999,1.851623535,2.7357279066522735
bv_split,2,float,prepared,1,1024,2.142333984,2.1575927735000002,2.899169922,0.779052734,0.7839660645,0.790649414,2.752150725906836
bv_split,2,float,prepared,2,1024,2.130126953,2.136230469,2.142333984,0.780273438,0.785766602,1.137390137,2.718657758630469
bv_split,2,float,vienot,0,1024,1.116943359,1.141357422,1.202392578,0.779663086,0.782409668,0.788208008,1.4587721352134417
bv_split,2,float,vienot,1,1024,1.116943359,1.141357422,18.865966797,0.779602051,0.7830200195,0.828552246,1.4576350458176248
bv_portable,2,double,brettel,0,1024,3.778076172,3.80859375,5.560302734,4.122070312,4.1431884765,6.987609863,0.919242214444791
bv_portable,2,double,brettel,1,1024,3.771972656,3.799438477,3.820800781,4.127624512,4.1633911134999995,5.087036133,0.9125826455939089
bv_portable,2,double,brettel,2,1024,3.778076172,3.80859375,3.857421875,4.242553711,4.2783203125,4.782531738,0.8902077151335311
bv_portable,2,double,lookup,0,1024,8.374023438,8.392333984,10.333251953,5.800048828,5.81350708,7.068237305,1.443592287497481
bv_portable,2,double,lookup,1,1024,8.367919922,8.3892822265,10.192871094,5.79699707,5.8171386715,6.494750977,1.4421664499080527
bv_portable,2,double,lookup,2,1024,8.386230469,8.3984375,9.832763672,5.793945312,5.815368652,7.502502441,1.4441797248935613
bv_portable,2,double,lookupApply,0,1024,11.437988281,11.5234375,12.609863281,10.099487305,10.194854736,11.395874023,1.1303189499413384
bv_portable,2,double,lookupApply,1,1024,11.407470703,11.602783203,12.219238281,10.09576416,10.185699462999999,11.468017578,1.1391248333163195
bv_portable,2,double,lookupApply,2,1024,11.260986328,11.441040039,12.768554688,10.093383789,10.199737549,11.063171387,1.121699453935626
bv_portable,2,double,prepared,0,1024,1.898193359,1.910400391,1.922607422,1.219909668,1.2333984375,1.80267334,1.5488915284117182
bv_portable,2,double,prepared,1,1024,1.892089844,1.904296875,1.916503906,1.22052002,1.2309265135,1.249328613,1.5470435108147502
bv_portable,2,double,prepared,2,1024,1.892089844,1.916503906,2.789306641,1.219909668,1.231567383,1.251098633,1.556150262222396
bv_portable,2,double,vienot,0,1024,0.897216797,0.909423828,0.915527344,1.221740723,1.2315063475,2.113952637,0.7384645883849169
bv_portable,2,double,vienot,1,1024,0.897216797,0.909423828,1.623535156,1.222961426,1.2340087895,2.590942383,0.7369670586937095
bv_portable,2,float,brettel,0,1024,2.398681641,2.4322509764999998,2.459716797,2.179382324,2.187927246,3.034851074,1.1116690378743972
bv_portable,2,float,brettel,1,1024,2.416992188,2.447509766,3.424072266,2.128601074,2.1332092285,2.183654785,1.147336948153466
bv_portable,2,float,brettel,2,1024,2.410888672,2.447509766,2.532958984,2.130432129,2.137512207,3.438415527,1.1450272695448518
bv_portable,2,float,lookup,0,1024,6.683349609,6.866455078,8.471679688,4.463928223,4.473083496,5.773132324,1.5350607884114489
bv_portable,2,float,lookup,1,1024,6.689453125,6.875610351500001,8.251953125,4.463256836,4.471862793,5.069885254,1.5375271267854396
bv_portable,2,float,lookup,2,1024,6.689453125,6.698608398499999,8.129882812,4.471252441,4.479522705,5.091918945,1.4953844058035641
bv_portable,2,float,lookupApply,0,1024,9.545898438,9.585571289,10.241699219,9.930053711,9.939880371,14.942565918,0.964354794144836
bv_portable,2,float,lookupApply,1,1024,9.515380859,9.567260742,10.900878906,9.928283691,9.940185546999999,10.788024902,0.9624831143003614
bv_portable,2,float,lookupApply,2,1024,9.552001953,9.6466064455,10.333251953,9.922119141,9.936218262,12.328369141,0.9708529131643988
bv_portable,2,float,prepared,0,1024,2.075195312,2.151489258,3.021240234,0.780273438,0.784545898,0.790100098,2.742337017483201
bv_portable,2,float,prepared,1,1024,2.136230469,2.1484375,2.154541016,0.780273438,0.78515625,0.788879395,2.736318407960199
bv_portable,2,float,prepared,2,1024,2.075195312,2.1118164065,2.777099609,0.779663086,0.784545898,0.790039062,2.6917691009328304
bv_portable,2,float,vienot,0,1024,1.116943359,1.141357422,1.159667969,0.779663086,0.7832946775,0.786987305,1.457123934050988
bv_portable,2,float,vienot,1,1024,1.147460938,1.153564453,18.75,0.780273438,0.782714844,0.786987305,1.4737991260071208
bv_compiler,2,double,brettel,0,1024,3.778076172,3.784179688,4.943847656,4.085388184,4.175262451,5.182373047,0.9063333700360959
bv_compiler,2,double,brettel,1,1024,3.778076172,3.796386719,4.534912109,4.104370117,4.1863098144999995,4.731750488,0.9068575636352966
bv_compiler,2,double,brettel,2,1024,3.80859375,3.814697266,3.863525391,4.223571777,4.296386718999999,5.452087402,0.8878849869659512
bv_compiler,2,double,lookup,0,1024,8.374023438,8.383178711,9.045410156,5.796386719,5.818725585499999,7.86932373,1.4407241908589916
bv_compiler,2,double,lookup,1,1024,8.380126953,8.3892822265,10.321044922,5.798828125,5.811370849499999,6.861633301,1.443597809150624
bv_compiler,2,double,lookup,2,1024,8.422851562,8.493041992,11.627197266,5.798217773,5.862396240500001,7.018737793,1.448732164046904
bv_compiler,2,double,lookupApply,0,1024,11.395263672,11.437988281,12.707519531,10.101318359,10.241027832,12.388305664,1.116878937215645
bv_compiler,2,double,lookupApply,1,1024,11.395263672,11.413574219,12.750244141,10.086608887,10.239501953,11.227111816,1.1146610715432324
bv_compiler,2,double,lookupApply,2,1024,11.285400391,11.45324707,12.408447266,10.095214844,10.241363525,11.342651367,1.1183322457055345
bv_compiler,2,double,prepared,0,1024,1.885986328,1.898193359,2.514648438,1.215637207,1.2266540529999999,1.245605469,1.5474561506217925
bv_compiler,2,double,prepared,1,1024,1.885986328,1.892089844,1.910400391,1.216247559,1.2291259765,1.27130127,1.53937829008205
bv_compiler,2,double,prepared,2,1024,1.892089844,1.9104003905,19.62890625,1.215698242,1.2254333495,1.242553711,1.55895903378138
bv_compiler,2,double,vienot,0,1024,0.897216797,0.897216797,0.946044922,1.223571777,1.2364196779999999,1.304931641,0.725657163958531
bv_compiler,2,double,vienot,1,1024,0.897216797,0.903320312,1.5625,1.222351074,1.2330932620000001,2.268066406,0.7325644700506034
bv_compiler,2,float,brettel,0,1024,2.362060547,2.4444580074999998,2.478027344,2.211181641,2.2194213864999996,2.822692871,1.1013942743675549
bv_compiler,2,float,brettel,1,1024,2.410888672,2.465820312,2.996826172,2.15612793,2.1625671385,4.937866211,1.1402283277597303
bv_compiler,2,float,brettel,2,1024,2.404785156,2.416992188,2.429199219,2.151855469,2.157043457,2.211181641,1.1205115873564897
bv_compiler,2,float,lookup,0,1024,6.683349609,6.713867188,7.543945312,4.461486816,4.4682312015,5.170837402,1.5025782877453011
bv_compiler,2,float,lookup,1,1024,6.683349609,6.701660156,10.443115234,4.461486816,4.471252441,5.088867188,1.4988328761194185
bv_compiler,2,float,lookup,2,1024,6.695556641,7.006835938,9.167480469,4.461486816,4.4712524415,5.061950684,1.5670857393257294
bv_compiler,2,float,lookupApply,0,1024,9.545898438,9.7564697265,11.596679688,9.972290039,9.9915771485,14.072387695,0.9764694383573573
bv_compiler,2,float,lookupApply,1,1024,9.552001953,9.735107422,11.242675781,9.972900391,9.9973449705,11.150634766,0.9737692808166762
bv_compiler,2,float,lookupApply,2,1024,9.497070312,9.509277344,10.754394531,9.979064941,9.998840332,11.244812012,0.9510380232362329
bv_compiler,2,float,prepared,0,1024,2.087402344,2.160644531,4.113769531,0.785766602,0.7885131835,0.811401367,2.7401501664302863
bv_compiler,2,float,prepared,1,1024,2.081298828,2.1331787110000002,2.178955078,0.782104492,0.7872924805,0.792541504,2.709512365271473
bv_compiler,2,float,prepared,2,1024,2.081298828,2.087402344,2.691650391,0.784545898,0.787597656,1.356872559,2.6503409806999225
bv_compiler,2,float,vienot,0,1024,1.116943359,1.1444091795,1.843261719,0.782104492,0.7860717775,0.791870117,1.4558583735694544
bv_compiler,2,float,vienot,1,1024,1.116943359,1.1505126955,20.5078125,0.784545898,0.785766602,0.792480469,1.4641913929296781
bv_vienot_index,2,double,brettel,0,1024,3.778076172,3.784179688,4.748535156,4.086669922,4.1049804685,5.165344238,0.9218508387648374
bv_vienot_index,2,double,brettel,1,1024,3.771972656,3.778076172,4.418945312,4.098876953,4.139831543,5.258850098,0.9126159199372041
bv_vienot_index,2,double,brettel,2,1024,3.771972656,3.7994384764999998,21.301269531,4.226013184,4.247467041,4.307373047,0.8945186483673058
bv_vienot_index,2,double,lookup,0,1024,8.367919922,8.392333984,9.753417969,5.79888916,5.811340332,7.215698242,1.4441305283374686
bv_vienot_index,2,double,lookup,1,1024,8.367919922,8.386230469,9.869384766,5.795166016,5.812561035,6.542419434,1.4427771886613832
bv_vienot_index,2,double,lookup,2,1024,8.374023438,8.386230469,10.028076172,5.801269531,5.80859375,7.44744873,1.44376260932347
bv_vienot_index,2,double,lookupApply,0,1024,11.383056641,11.4044189455,12.762451172,10.067077637,10.0869750975,12.287963867,1.130608416821265
bv_vienot_index,2,double,lookupApply,1,1024,11.389160156,11.5142822265,13.659667969,10.07623291,10.0881652835,11.328613281,1.1413653427479553
bv_vienot_index,2,double,lookupApply,2,1024,11.260986328,11.444091797,13.031005859,10.071960449,10.087219238500001,12.061157227,1.1345140346827407
bv_vienot_index,2,double,prepared,0,1024,1.885986328,1.8981933595,1.916503906,1.205871582,1.214111328,1.751953125,1.5634425902498457
bv_vienot_index,2,double,prepared,1,1024,1.885986328,1.898193359,3.234863281,1.206481934,1.21685791,1.260925293,1.5599137281360975
bv_vienot_index,2,double,prepared,2,1024,1.885986328,1.9134521485,1.983642578,1.205871582,1.2171936035,2.249633789,1.572019556295672
bv_vienot_index,2,double,vienot,0,1024,1.049804688,1.055908203,1.678466797,1.210754395,1.2186889645,1.229736328,0.8664296089964306
bv_vienot_index,2,double,vienot,1,1024,1.049804688,1.055908203,2.239990234,1.212585449,1.2199401855,1.229675293,0.8655409630327322
bv_vienot_index,2,float,brettel,0,1024,2.34375,2.44140625,3.863525391,2.179931641,2.18548584,2.894226074,1.1171000082983835
bv_vienot_index,2,float,brettel,1,1024,2.386474609,2.438354492,3.173828125,2.128662109,2.133483887,3.378479004,1.1428980114908176
bv_vienot_index,2,float,brettel,2,1024,2.392578125,2.4017333985000002,3.002929688,2.131652832,2.138092041,2.186706543,1.1233068326547313
bv_vienot_index,2,float,lookup,0,1024,6.695556641,7.000732422,7.598876953,4.459655762,4.467895508,7.850402832,1.5668970792769936
bv_vienot_index,2,float,lookup,1,1024,6.701660156,6.985473633,8.270263672,4.461425781,4.4666748045,5.549316406,1.5639091580972961
bv_vienot_index,2,float,lookup,2,1024,6.982421875,7.006835938,8.416748047,4.464538574,4.477050781,5.532836914,1.5650561677200685
bv_vienot_index,2,float,lookupApply,0,1024,9.521484375,9.564208984,11.279296875,9.924560547,9.941711426,13.649230957,0.9620284249035093
bv_vienot_index,2,float,lookupApply,1,1024,9.521484375,9.5428466795,28.173828125,9.927062988,9.9414367675,10.98614502,0.9599061888817672
bv_vienot_index,2,float,lookupApply,2,1024,9.533691406,9.631347656500001,12.261962891,9.928283691,9.940155029500001,11.233764648,0.9689333443911554
bv_vienot_index,2,float,prepared,0,1024,2.130126953,2.154541016,3.033447266,0.779663086,0.783630371,0.790649414,2.749435315084285
bv_vienot_index,2,float,prepared,1,1024,2.142333984,2.154541016,3.625488281,0.781494141,0.7854919435000001,2.025268555,2.742919305320666
bv_vienot_index,2,float,prepared,2,1024,2.136230469,2.142333984,2.1484375,0.780883789,0.7848815920000001,0.837097168,2.7294995905573485
bv_vienot_index,2,float,vienot,0,1024,1.055908203,1.0650634765,1.07421875,0.779663086,0.782104492,2.145141602,1.3617917904759969
bv_vienot_index,2,float,vienot,1,1024,1.062011719,1.0650634765,1.086425781,0.779663086,0.782409668,0.788208008,1.3612606286199418
bv_vienot_static,2,double,brettel,0,1024,3.778076172,3.784179688,5.853271484,4.07989502,4.107147217,6.475097656,0.9213645111957038
bv_vienot_static,2,double,brettel,1,1024,3.778076172,3.784179688,5.084228516,4.103759766,4.141082764,5.43371582,0.913814068363305
bv_vienot_static,2,double,brettel,2,1024,3.778076172,3.80859375,20.892333984,4.222961426,4.255065918,4.885253906,0.8950727963787094
bv_vienot_static,2,double,lookup,0,1024,8.380126953,8.5052490235,9.112548828,5.800048828,5.81439209,7.02734375,1.4627924797379805
bv_vienot_static,2,double,lookup,1,1024,8.380126953,8.3984375,10.089111328,5.79876709,5.820220947,6.884216309,1.4429757180144385
bv_vienot_static,2,double,lookup,2,1024,8.392333984,8.410644531,9.210205078,5.799438477,5.817779541,8.228942871,1.4456794850556198
bv_vienot_static,2,double,lookupApply,0,1024,11.383056641,11.575317383,12.799072266,10.056030273,10.09487915,10.839416504,1.1466523978149852
bv_vienot_static,2,double,lookupApply,1,1024,11.383056641,11.401367188,12.567138672,10.060974121,10.087249756,10.881591797,1.1302750961646755
bv_vienot_static,2,double,lookupApply,2,1024,11.267089844,11.441040039,12.573242188,10.057312012,10.0811157225,11.598876953,1.134898195193295
bv_vienot_static,2,double,prepared,0,1024,1.879882812,1.892089844,2.593994141,1.205871582,1.2138366695,1.221801758,1.5587680711436935
bv_vienot_static,2,double,prepared,1,1024,1.885986328,1.892089844,2.081298828,1.206481934,1.214416504,1.223632812,1.558023822772422
bv_vienot_static,2,double,prepared,2,1024,1.892089844,1.9104003905,1.965332031,1.206542969,1.21383667,1.807617188,1.5738529224858562
bv_vienot_static,2,double,vienot,0,1024,0.897216797,0.897216797,0.903320312,1.209533691,1.2205200194999999,2.06072998,0.735110266661218
bv_vienot_static,2,double,vienot,1,1024,0.897216797,0.903320312,0.946044922,1.211364746,1.2208251950000002,1.250488281,0.739926007179103
bv_vienot_static,2,float,brettel,0,1024,2.362060547,2.438354492,3.717041016,2.175109863,2.1833496095,3.620056152,1.1167952587118641
bv_vienot_static,2,float,brettel,1,1024,2.410888672,2.432250977,2.453613281,2.129272461,2.1325988770000004,3.314941406,1.1405102962548355
bv_vienot_static,2,float,brettel,2,1024,2.410888672,2.416992188,3.570556641,2.132324219,2.1365661625,2.140258789,1.1312508034723685
bv_vienot_static,2,float,lookup,0,1024,6.689453125,6.890869141,7.556152344,4.460876465,4.474029541,5.096191406,1.5401930357973914
bv_vienot_static,2,float,lookup,1,1024,6.671142578,6.890869141,7.482910156,4.465148926,4.480102539,5.276550293,1.5381052288455221
bv_vienot_static,2,float,lookup,2,1024,6.701660156,6.707763672,7.434082031,4.470031738,4.4767761235000005,5.150634766,1.498346910132237
bv_vienot_static,2,float,lookupApply,0,1024,9.527587891,9.5947265625,11.120605469,9.931335449,9.938354492,13.7109375,0.9654240619232684
bv_vienot_static,2,float,lookupApply,1,1024,9.552001953,9.5886230465,29.278564453,9.931945801,9.9404907225,11.175048828,0.9646025849404438
bv_vienot_static,2,float,lookupApply,2,1024,9.539794922,9.576416016,13.366699219,9.929504395,9.9407958985,11.1953125,0.9633449991106867
bv_vienot_static,2,float,prepared,0,1024,2.075195312,2.1362304685,2.1484375,0.782104492,0.784606934,0.942321777,2.72267599982745
bv_vienot_static,2,float,prepared,1,1024,2.081298828,2.1179199215,3.698730469,0.779602051,0.7845764159999999,0.789489746,2.6994437741294535
bv_vienot_static,2,float,prepared,2,1024,2.075195312,2.087402344,2.136230469,0.779052734,0.78515625,0.790100098,2.658582089870647
bv_vienot_static,2,float,vienot,0,1024,0.915527344,0.921630859,0.927734375,0.779663086,0.782714844,0.788208008,1.17747972465947
bv_vienot_static,2,float,vienot,1,1024,0.915527344,0.927734375,2.136230469,0.779663086,0.7817993165,0.788879395,1.1866656255896075
default,0,double,brettel,0,8191,4.515626908,4.602612623500001,5.48315224,4.01404743,4.108919088,4.188575876,1.1201516809960606
default,0,double,brettel,1,8191,8.196496154,8.7939506775,10.638200464,4.058616164,4.158149951,4.799078257,2.1148709837616915
default,0,double,brettel,2,8191,8.130112318,8.4444817485,10.471859358,4.14209193,4.2383027105,4.765283543,1.9924206280923689
default,0,double,lookup,0,8191,8.516969845,8.5497802465,8.783268221,5.823686058,5.9288014285,6.759545538,1.4420756622748137
default,0,double,lookup,1,8191,8.506287389,8.55664754,8.714595288,5.822923025,5.976082743,6.151797705,1.4318154396410774
default,0,double,lookup,2,8191,8.493315834,8.6276095715,9.128921988,5.827272311,5.95915105,6.069916677,1.4477917238731515
default,0,double,lookupApply,0,8191,11.532474667,11.614882188,12.40004273,10.147265291,10.3359708825,11.17883195,1.1237340275082766
default,0,double,lookupApply,1,8191,11.521792211,11.6007660845,11.875839336,10.150782871,10.247333201,10.460772494,1.132076595632503
default,0,double,lookupApply,2,8191,11.51568795,11.58169027,11.828531315,10.211329508,10.279289005999999,10.536610304,1.1267014929962365
default,0,double,prepared,0,8191,1.896136003,1.911396655,2.032718838,1.164891344,1.1985258215,1.434898059,1.5947897164266478
default,0,double,prepared,1,8191,1.897662068,1.9113966549999999,2.077737761,1.165120254,1.198754731,1.367163655,1.5944851816397128
default,0,double,prepared,2,8191,1.896136003,1.9194084975,3.538182151,1.164586131,1.1991743984999998,1.36915517,1.6006083017623731
default,0,double,vienot,0,8191,0.894274203,0.898852399,1.123183982,1.174215602,1.199868758,1.325502075,0.7491255964512745
default,0,double,vienot,1,8191,0.891985106,0.89770785,1.989989012,1.172308021,1.200166341,1.415097363,0.7479861910241656
default,0,float,brettel,0,8191,3.664845562,5.721981443,9.299841289,2.115118728,2.1221538879999997,2.622031803,2.696308441793831
default,0,float,brettel,1,8191,6.942833598,7.169072763,9.22659016,2.092410878,2.0978741915,2.298055793,3.4173034741773742
default,0,float,brettel,2,8191,6.500274692,6.9004852885,8.687126114,2.081026431,2.0886720185,2.164960017,3.303766808469838
default,0,float,lookup,0,8191,6.707056525,6.8939995115,8.880936394,4.467372726,4.5375106825,4.679434745,1.519335158391663
default,0,float,lookup,1,8191,6.686454645,6.9672506405,7.367842754,4.468517275,4.5345348555000005,4.550314369,1.5364862907712187
default,0,float,lookup,2,8191,6.688743743,6.7669545845,7.163350018,4.473034428,4.5396929555,4.568207484,1.4906194429518835
default,0,float,lookupApply,0,8191,9.668386033,9.683265169,9.857618117,10.030300024,10.125438744,15.303496215,0.9563304281247055
default,0,float,lookupApply,1,8191,9.665333903,9.781696374,16.480741057,10.029231779,10.076898425,10.648524295,0.9707050683107387
default,0,float,lookupApply,2,8191,9.634049567,9.698525821,10.278049078,10.029239409,10.058543676,10.174330057,0.9642077554567852
default,0,float,prepared,0,8191,2.12733488,2.153277988,2.337931876,0.76591686,0.767214015,0.902682823,2.8066197252666196
default,0,float,prepared,1,8191,2.154804053,2.155567086,2.316566964,0.766450983,0.7671415269999999,0.849858076,2.8098688574839725
default,0,float,prepared,2,8191,2.154804053,2.161671347,2.366164083,0.766450983,0.7670995604999999,0.853062813,2.817980166213379
default,0,float,vienot,0,8191,6.788701013,6.9588572825,7.303748016,0.76614577,0.766985106,0.906429313,9.073001845879391
default,0,float,vienot,1,8191,6.794805274,6.8653857894999994,6.941307533,0.766222073,0.766832499,0.962764009,8.952914487131041
bv_direct,0,double,brettel,0,8191,3.74649005,3.825463924,4.430167257,3.999908436,4.1149928275,4.25186943,0.9296404840452909
bv_direct,0,double,brettel,1,8191,3.732755463,3.8315681845,4.57209132,4.055174887,4.1493598155,4.3085246,0.9234118887899563
bv_direct,0,double,brettel,2,8191,3.74343792,3.834620315,3.987608351,4.072602552,4.2183875595,4.361952143,0.909025133635306
bv_direct,0,double,lookup,0,8191,8.510865584,8.550543279500001,8.909931632,5.812904407,5.8927099865,6.457193871,1.4510375190852778
bv_direct,0,double,lookup,1,8191,8.499420095,8.5574105725,8.839732633,5.810767916,5.927733183000001,6.160969357,1.4436227657887144
bv_direct,0,double,lookup,2,8191,8.516206812,8.5890764255,9.263215725,5.814590709,5.9637750275000005,6.033535283,1.4402079867020938
bv_direct,0,double,lookupApply,0,8191,11.537052863,11.628616775,12.174948114,10.159573007,10.2515794775,10.611448541,1.1343244034270328
bv_direct,0,double,lookupApply,1,8191,11.525607374,11.601529117,11.682792089,10.167745086,10.2575006105,10.377212795,1.1310288497691336
bv_direct,0,double,lookupApply,2,8191,11.421834941,11.569481748000001,12.042180442,10.227917837,10.262239043000001,10.82419729,1.127383770688102
bv_direct,0,double,prepared,0,8191,1.920553046,1.923605176,2.090709315,1.166264803,1.2022723115,1.276957942,1.5999746127398027
bv_direct,0,double,prepared,1,8191,1.918263948,1.9300909535000002,2.025088512,1.16595959,1.2031917655,1.279407276,1.604142422548852
bv_direct,0,double,prepared,2,8191,1.922842144,1.927420339,2.916310585,1.166264803,1.202501221,1.349438408,1.6028427292549088
bv_direct,0,double,vienot,0,8191,1.075112929,1.0953332924999999,1.302496643,1.171232145,1.2129738429999999,1.281925284,0.9030147672359988
bv_direct,0,double,vienot,1,8191,1.078165059,1.089610548,1.687065071,1.171239775,1.2107190815000002,1.323899707,0.8999697490932786
bv_direct,0,float,brettel,0,8191,2.36540105,2.4237730435,3.013978757,2.114279392,2.120738463,2.596119216,1.142891066384172
bv_direct,0,float,brettel,1,8191,2.421102429,2.424917592,2.588206568,2.091113722,2.092876328,2.171232145,1.1586530745069423
bv_direct,0,float,brettel,2,8191,2.421102429,2.4279697230000004,2.525637895,2.078806007,2.086989531,2.252418813,1.1633837577693151
bv_direct,0,float,lookup,0,8191,6.956568185,7.031726895,9.549352948,4.459956049,4.543820962,5.072602552,1.547536083355038
bv_direct,0,float,lookup,1,8191,6.942070565,7.006928336,7.623458674,4.461947564,4.5378540475,4.62103223,1.5441061485572163
bv_direct,0,float,lookup,2,8191,6.987089488,7.0065468195000005,7.156482725,4.467372726,4.536137224000001,4.551390245,1.5446064511517519
bv_direct,0,float,lookupApply,0,8191,9.635575632,9.740492613499999,9.992674887,10.034588268,10.078806006499999,10.304511049,0.9664331873456226
bv_direct,0,float,lookupApply,1,8191,9.65846661,9.700051886499999,10.31391161,10.039860823,10.0684898055,10.912342815,0.9634068339823179
bv_direct,0,float,lookupApply,2,8191,9.670675131,9.714931022,10.370376022,10.038792577,10.066269381,10.249702417,0.9650974610650548
bv_direct,0,float,prepared,0,8191,2.129623978,2.154041021,2.288334758,0.766450983,0.7671033755000001,0.912770114,2.808019218525782
bv_direct,0,float,prepared,1,8191,2.152514955,2.157856184,2.270021975,0.766450983,0.767374252,0.865217922,2.811999722920075
bv_direct,0,float,prepared,2,8191,2.152514955,2.158619216,2.470699548,0.766450983,0.767065224,0.835711452,2.814127336843001
bv_direct,0,float,vienot,0,8191,1.12547308,1.1563759005,1.303259675,0.765756623,0.7671796790000001,0.868659199,1.5073077821968743
bv_direct,0,float,vienot,1,8191,1.151416188,1.156757417,1.325387621,0.76614577,0.7667943475,0.864683799,1.5085627857996176
bv_split,0,double,brettel,0,8191,3.78769381,3.87429801,4.385911366,4.001816018,4.110716029500001,4.547483518,0.942487387159955
bv_split,0,double,brettel,1,8191,3.78158955,3.852170065,3.965480405,4.056395739,4.141565437500001,4.328470272,0.9301241579138998
bv_split,0,double,brettel,2,8191,3.780826517,3.8586558415,3.98455622,4.072297339,4.2171667075000006,4.341548651,0.914987741565348
bv_split,0,double,lookup,0,8191,8.507813454,8.56694848,8.999206446,5.805411427,5.8942818335,6.091022158,1.4534338061865262
bv_split,0,double,lookup,1,8191,8.490263704,8.5444390185,8.841258699,5.80571664,5.9011643875,6.112646502,1.4479242497631575
bv_split,0,double,lookup,2,8191,8.499420095,8.6394365765,9.196068856,5.815040899,5.939159596,6.065491088,1.454656410027881
bv_split,0,double,lookupApply,0,8191,11.553076547,11.655322915500001,12.333658894,10.181136308,10.254631608,10.491652423,1.1365910898649223
bv_split,0,double,lookupApply,1,8191,11.534000733,11.6606641435,12.367995361,10.177687401,10.260789281000001,10.434859907,1.1364295498292865
bv_split,0,double,lookupApply,2,8191,11.452356245,11.6003845685,11.704920034,10.232732572,10.265829111,10.777186851,1.1299997733324825
bv_split,0,double,prepared,0,8191,1.913685753,1.930853986,2.133439141,1.168561531,1.1969158224999998,1.272990172,1.613191128150535
bv_split,0,double,prepared,1,8191,1.893846905,1.9094890735,2.055609816,1.168103711,1.198220608,1.285679404,1.593603932991278
bv_split,0,double,prepared,2,8191,1.907581492,1.9110151385,3.938774264,1.167943475,1.1976483335,1.491156452,1.5956396256280516
bv_split,0,double,vienot,0,8191,1.080454157,1.0911366135,1.190330851,1.17275821,1.2008988525,1.293622574,0.90859993015107
bv_split,0,double,vienot,1,8191,1.086558418,1.091899646,1.704614821,1.173605176,1.200624161,1.400721829,0.9094433391133464
bv_split,0,float,brettel,0,8191,2.363111952,2.4329294345,3.029239409,2.115576547,2.1223446465,2.698327433,1.1463404110695175
bv_split,0,float,brettel,1,8191,2.421865462,2.4294957879999997,2.595836894,2.091037419,2.0975346420000003,2.206774203,1.158262533239248
bv_split,0,float,brettel,2,8191,2.421865462,2.424536076,2.517244537,2.078966243,2.0820908620000003,2.232160298,1.1644717914332787
bv_split,0,float,lookup,0,8191,6.687980711,6.815025638,9.237272616,4.47097424,4.541756959000001,4.757874496,1.5005262719959647
bv_split,0,float,lookup,1,8191,6.758179709,6.8104474425,7.362501526,4.469974667,4.5433249905,4.567742034,1.4990007223213189
bv_split,0,float,lookup,2,8191,6.722317177,6.8115919915,6.842113295,4.463168417,4.532737914,4.624320901,1.5027544324725766
bv_split,0,float,lookupApply,0,8191,9.681357588,9.7172201195,10.13459895,10.03863234,10.069214687,10.461688133,0.9650425004886978
bv_split,0,float,lookupApply,1,8191,9.634812599,9.69967037,10.456598706,10.028926566,10.062679313,10.194435966,0.9639252199430595
bv_split,0,float,lookupApply,2,8191,9.645495056,9.7031040165,10.352826273,10.030605237,10.0620688865,10.425459346,0.9643249440995565
bv_split,0,float,prepared,0,8191,2.128860945,2.153277988,2.32724942,0.766450983,0.7671415269999999,0.929053229,2.806884925680735
bv_split,0,float,prepared,1,8191,2.152514955,2.158619216,2.294439018,0.766298376,0.767214015,0.956499512,2.8135815741061507
bv_split,0,float,prepared,2,8191,2.152514955,2.1593822485,2.685874741,0.76638231,0.767137712,0.835711452,2.81485607436804
bv_split,0,float,vienot,0,8191,1.12547308,1.1556128675,1.285709926,0.76614577,0.7668706505,1.004738432,1.5069201914906247
bv_split,0,float,vienot,1,8191,1.14302283,1.156757417,1.246795263,0.765993163,0.7667981625,0.959711879,1.5085552803473234
bv_portable,0,double,brettel,0,8191,3.785404712,3.8674307165,4.406513246,3.99860365,4.113390459,4.262116958,0.9402051069667248
bv_portable,0,double,brettel,1,8191,3.780826517,3.8395800270000002,3.931143938,4.078950983,4.154899432500001,4.833857282,0.924109016205412
bv_portable,0,double,brettel,2,8191,3.779300452,3.8266084725000002,3.909779026,4.053725125,4.1990103465,4.279697229,0.9113119894285548
bv_portable,0,double,lookup,0,8191,8.4948419,8.531467463999999,8.895434013,5.810455073,5.897990172,6.024897754,1.446504184510533
bv_portable,0,double,lookup,1,8191,8.485685508,8.560462702999999,8.621505311,5.810920523,5.9088824625,6.070076914,1.448744793508405
bv_portable,0,double,lookup,2,8191,8.494078867,8.618071663999999,9.173177878,5.806250763,5.9596088695,6.070382127,1.446080078863135
bv_portable,0,double,lookupApply,0,8191,11.514924918,11.6175528015,12.372573556,10.189155781,10.2652225005,10.37920431,1.1317390150027562
bv_portable,0,double,lookupApply,1,8191,11.518740081,11.6007660845,11.811744598,10.195580515,10.2702279945,10.448617385,1.1295529262556332
bv_portable,0,double,lookupApply,2,8191,11.427176169,11.5996215355,12.064308387,10.254372177,10.283375046,10.544629777,1.1279975186757378
bv_portable,0,double,prepared,0,8191,1.898425101,1.921697595,2.04797949,1.177359297,1.2035732815,1.315491088,1.596660232109016
bv_portable,0,double,prepared,1,8191,1.896899036,1.9438255405,2.08613112,1.177962093,1.2052557684999998,1.28277225,1.6127909040578057
bv_portable,0,double,prepared,2,8191,1.899951166,1.921697595,3.868575266,1.177351666,1.207468563,1.359602002,1.591509422179466
bv_portable,0,double,vienot,0,8191,0.898089366,0.90495666,1.145311928,1.170011293,1.2128632035,1.416859968,0.7461325047940578
bv_portable,0,double,vienot,1,8191,0.901141497,0.9072457575,1.530643389,1.169782383,1.2133172079999999,1.369307777,0.7477399574637864
bv_portable,0,float,brettel,0,8191,2.350140398,2.431784886,3.039158833,2.115271334,2.1194374920000003,2.703149799,1.1473727794185873
bv_portable,0,float,brettel,1,8191,2.426443658,2.4325479185,2.582102307,2.091418935,2.0924948115,2.179793371,1.1625108483572457
bv_portable,0,float,brettel,2,8191,2.426443658,2.4302588204999998,2.513429374,2.077737761,2.083544439,2.159527225,1.1664060410760453
bv_portable,0,float,lookup,0,8191,6.951226956,7.084757660499999,8.937400806,4.466235808,4.5343402820000005,4.920095226,1.5624671330081703
bv_portable,0,float,lookup,1,8191,6.869582469,6.9920492005,7.664662434,4.465381211,4.532810402,4.562095593,1.5425417302728825
bv_portable,0,float,lookup,2,8191,6.704767428,6.944741179499999,7.412861677,4.463855146,4.534607343499999,4.694344402,1.5314978019992704
bv_portable,0,float,lookupApply,0,8191,9.643205958,9.7542272005,9.854565987,10.031681113,10.079271456499999,10.553267306,0.9677512152140341
bv_portable,0,float,lookupApply,1,8191,9.653888414,9.751556586500001,10.289494567,10.032367843,10.052511903,10.236173849,0.9700616801647175
bv_portable,0,float,lookupApply,2,8191,9.656940545,9.682883653,10.240660481,10.028232206,10.0532711205,10.190224026,0.9631575172836302
bv_portable,0,float,prepared,0,8191,2.078500794,2.147173727,2.508088146,0.766450983,0.767366622,0.918958308,2.79810675294136
bv_portable,0,float,prepared,1,8191,2.146410695,2.1490813085,2.296728116,0.76638231,0.7671758635,0.975003052,2.8012890013190566
bv_portable,0,float,prepared,2,8191,2.146410695,2.148699792,2.2448419,0.766527286,0.7672178304999999,0.835177329,2.800638497413024
bv_portable,0,float,vienot,0,8191,1.124710048,1.1556128675,1.310126969,0.765993163,0.7670232575,0.830744109,1.5066203745458135
bv_portable,0,float,vienot,1,8191,1.147601026,1.157520449,1.247558296,0.76637468,0.766988921,0.935477964,1.509174927182553
bv_compiler,0,double,brettel,0,8191,3.783878647,3.878113173,4.377518008,4.004189049,4.114805885,4.229848309,0.942477793943371
bv_compiler,0,double,brettel,1,8191,3.778537419,3.8185966305,3.96090221,4.054945977,4.1424009585,4.488928397,0.9218317272412828
bv_compiler,0,double,brettel,2,8191,3.780826517,3.8620894884999997,3.991423514,4.058310951,4.165448358,4.316086253,0.9271725770126568
bv_compiler,0,double,lookup,0,8191,8.491789769,8.5417684045,8.740538396,5.806945123,5.9059791235,6.038342388,1.446291669151377
bv_compiler,0,double,lookup,1,8191,8.493315834,8.5581736055,8.641344158,5.816811134,5.8972309545,6.108526126,1.4512189994813607
bv_compiler,0,double,lookup,2,8191,8.479581248,8.610441338000001,9.251770236,5.808707728,5.92895785,6.08918325,1.452268940991038
bv_compiler,0,double,lookupApply,0,8191,11.532474667,11.622894030000001,12.831156147,10.167294897,10.2405307655,10.334940789,1.134989415700711
bv_compiler,0,double,lookupApply,1,8191,11.517214015,11.5778751065,11.785801489,10.172948968,10.2724865705,10.634682884,1.1270761978651544
bv_compiler,0,double,lookupApply,2,8191,11.501190331,11.627853742,11.756806251,10.178221524,10.311664479000001,10.540883287,1.1276408154745972
bv_compiler,0,double,prepared,0,8191,1.909107557,1.931998535,2.00982786,1.166341106,1.2004410330000002,1.362661763,1.6094072777333992
bv_compiler,0,double,prepared,1,8191,1.888505677,1.919026981,2.044164327,1.166264803,1.200166341,1.278339031,1.5989675059550765
bv_compiler,0,double,prepared,2,8191,1.893083873,1.9232236600000001,3.96090221,1.166577646,1.2004410325000001,1.416249542,1.6020975690865515
bv_compiler,0,double,vienot,0,8191,0.905719692,0.906482725,1.144548895,1.171461055,1.2024630694999998,1.274211024,0.7538549399084062
bv_compiler,0,double,vienot,1,8191,0.901141497,0.9068642415,1.577188377,1.170926932,1.201734373,1.402179221,0.7546295270194455
bv_compiler,0,float,brettel,0,8191,2.378372604,2.4310218535,3.045263094,2.117568063,2.123870712,2.678297827,1.1446185682417376
bv_compiler,0,float,brettel,1,8191,2.411946038,2.471081065,3.087229886,2.094173483,2.096046728,2.351109449,1.1789246069708803
bv_compiler,0,float,brettel,2,8191,2.426443658,2.4344555,2.513429374,2.081018801,2.0966914909999996,2.159305946,1.1610938044294283
bv_compiler,0,float,lookup,0,8191,6.696374069,6.979077646,9.205225247,4.475781345,4.540192742,4.797926077,1.5371765126706156
bv_compiler,0,float,lookup,1,8191,6.710108656,7.0794164330000005,7.393785863,4.470585093,4.543977384,4.677756074,1.5579779199446828
bv_compiler,0,float,lookup,2,8191,6.709345623,6.863096691499999,7.013032597,4.46324472,4.5351490965,4.549322427,1.5133122518059203
bv_compiler,0,float,lookupApply,0,8191,9.632523501,9.717601636000001,10.027011354,10.033283482,10.1205438895,10.273096997,0.9601857115685206
bv_compiler,0,float,lookupApply,1,8191,9.652362349,9.7134049565,10.439048956,10.038708644,10.0468120495,10.200242644,0.9668146381800192
bv_compiler,0,float,lookupApply,2,8191,9.641679893,9.729047125000001,10.320015871,10.028003296,10.049490294,10.127235686,0.9681134903736045
bv_compiler,0,float,prepared,0,8191,2.076974728,2.148699792,2.30664754,0.765832926,0.767137712,0.974003479,2.8009309911230122
bv_compiler,0,float,prepared,1,8191,2.145647662,2.149462825,2.239500671,0.76637468,0.766985106,0.851231535,2.802483135832888
bv_compiler,0,float,prepared,2,8191,2.145647662,2.1498443415,2.234922476,0.766298376,0.7670270725,0.834948419,2.8028271994271754
bv_compiler,0,float,vienot,0,8191,1.124710048,1.155994384,1.2780796,0.766298376,0.766874466,0.924085887,1.5074101893490348
bv_compiler,0,float,vienot,1,8191,1.144548895,1.156757417,1.342174338,0.765840557,0.766756196,0.855817361,1.5086378473816726
bv_vienot_index,0,double,brettel,0,8191,3.792272006,3.8720089125,4.450006104,4.001587108,4.118586711000001,4.200883592,0.9401304826625513
bv_vienot_index,0,double,brettel,1,8191,3.78158955,3.8605634235,3.953271884,4.050657734,4.1488638445,4.352475278,0.930510994863765
bv_vienot_index,0,double,brettel,2,8191,3.78158955,3.857511293,3.998290807,4.060294836,4.1607099255,4.260430656,0.9271281492992896
bv_vienot_index,0,double,lookup,0,8191,8.488737639,8.546728116,8.770296667,5.814583079,5.8953538944999995,6.121062752,1.4497396202072905
bv_vienot_index,0,double,lookup,1,8191,8.507050421,8.529559883000001,8.722988646,5.832705103,5.913243194,6.042630631,1.4424503784411749
bv_vienot_index,0,double,lookup,2,8191,8.475003052,8.590984006500001,9.659229642,5.827966671,5.9479497315,6.146746429,1.444360560245263
bv_vienot_index,0,double,lookupApply,0,8191,11.543920156,11.640825296,15.146960078,10.158123245,10.2619719815,10.535618362,1.134365336115296
bv_vienot_index,0,double,lookupApply,1,8191,11.539341961,11.6209864485,11.783512392,10.153384813,10.2871635025,10.531864241,1.1296589624220372
bv_vienot_index,0,double,lookupApply,2,8191,11.419545843,11.5633774875,11.870498108,10.252838481,10.310249054,10.485303992,1.1215420138676313
bv_vienot_index,0,double,prepared,0,8191,1.927420339,1.9773989745000002,2.275363204,1.164738738,1.2010514589999999,1.278033818,1.6463898858641663
bv_vienot_index,0,double,prepared,1,8191,1.919790013,1.9278018554999998,2.132676108,1.164433525,1.186637773,1.272219509,1.6245916819470738
bv_vienot_index,0,double,prepared,2,8191,1.922842144,1.936195214,2.704950555,1.164883714,1.2010514589999999,1.32069497,1.6120834785980642
bv_vienot_index,0,double,vienot,0,8191,1.044591625,1.057181663,1.317757295,1.170621719,1.203344372,1.280475522,0.8785362591117016
bv_vienot_index,0,double,vienot,1,8191,1.050695886,1.059852277,1.697747528,1.170850629,1.203302405,1.29797949,0.8807863032568276
bv_vienot_index,0,float,brettel,0,8191,2.36845318,2.4249175925,3.096386278,2.115195031,2.1254387435,2.689460994,1.140902131343876
bv_vienot_index,0,float,brettel,1,8191,2.421102429,2.4275882065000003,2.512666341,2.091266329,2.0928305455,2.272219509,1.159954498810138
bv_vienot_index,0,float,brettel,2,8191,2.421102429,2.42720669,2.566078623,2.078958613,2.0875618055,2.332682212,1.1626993191795105
bv_vienot_index,0,float,lookup,0,8191,6.683402515,7.001968624,9.379959712,4.464084056,4.5536450065,4.982396838,1.537662381236393
bv_vienot_index,0,float,lookup,1,8191,6.724606275,7.04775058,7.378525211,4.462176474,4.53510713,4.992941948,1.5540427994255561
bv_vienot_index,0,float,lookup,2,8191,6.752075449,6.921468685000001,7.850842388,4.468440972,4.5450036625,4.665448358,1.522874171061243
bv_vienot_index,0,float,lookupApply,0,8191,9.65846661,9.708826761000001,10.054480527,10.033520022,10.113745269,10.402293676,0.9599635449351162
bv_vienot_index,0,float,lookupApply,1,8191,9.656940545,9.703485533,10.307044317,10.025332682,10.077199823,10.1673712,0.9629148675659837
bv_vienot_index,0,float,lookupApply,2,8191,9.652362349,9.6973812725,10.271944817,10.028926566,10.056182090499998,10.462527469,0.9643203737988242
bv_vienot_index,0,float,prepared,0,8191,2.128860945,2.1536595045,2.709528751,0.766298376,0.766985106,0.947404163,2.807954792931794
bv_vienot_index,0,float,prepared,1,8191,2.154804053,2.163197412,2.237211574,0.766222073,0.767023257,0.932952326,2.8202500931467847
bv_vienot_index,0,float,prepared,2,8191,2.151751923,2.156330118,2.238737639,0.766298376,0.766946954,0.869803748,2.81157661133367
bv_vienot_index,0,float,vienot,0,8191,1.059089244,1.077783543,1.223904285,0.766069466,0.766756196,0.900767611,1.40564047427665
bv_vienot_index,0,float,vienot,1,8191,1.069771701,1.078928092,1.282657795,0.765993163,0.7670232575,0.84550116,1.406643255533878
bv_vienot_static,0,double,brettel,0,8191,3.780826517,3.8205042120000003,4.466029789,4.003731229,4.102688927,5.123817299,0.9312195684291519
bv_vienot_static,0,double,brettel,1,8191,3.780063484,3.8605634235,3.962428275,4.058463558,4.145342449,4.3569848,0.9313014475875935
bv_vienot_static,0,double,brettel,2,8191,3.78158955,3.8350018314999996,4.109693566,4.074594067,4.1819641985,4.384888902,0.9170336352653496
bv_vienot_static,0,double,lookup,0,8191,8.473476987,8.526507752499999,8.672628495,5.816650897,5.89302283,6.092624527,1.4468818462900812
bv_vienot_static,0,double,lookup,1,8191,8.48034428,8.548254181499999,8.986234892,5.807250336,5.890653614,6.405597607,1.4511554645114122
bv_vienot_static,0,double,lookup,2,8191,8.486448541,8.5471096325,8.964869979,5.814430472,5.9280307655,6.148661641,1.4418126306365573
bv_vienot_static,0,double,lookupApply,0,8191,11.527133439,11.614882187500001,12.232938591,10.171499206,10.2146143635,10.411160115,1.1370847468313237
bv_vienot_static,0,double,lookupApply,1,8191,11.527133439,11.608777926999998,12.06812355,10.171567879,10.214343487,10.60136125,1.1365172849116267
bv_vienot_static,0,double,lookupApply,2,8191,11.344768649,11.5263704065,11.630905872,10.177229581,10.2484434135,10.449761934,1.1246947405999843
bv_vienot_static,0,double,prepared,0,8191,1.920553046,1.9262757905,2.037297033,1.167104139,1.19837703,1.271227567,1.6074037988695427
bv_vienot_static,0,double,prepared,1,8191,1.921316079,1.928183372,2.138780369,1.166722622,1.198682243,1.280017702,1.608585914457398
bv_vienot_static,0,double,prepared,2,8191,1.917500916,1.924368209,2.426443658,1.167027835,1.1987966975,1.277263155,1.605249841789792
bv_vienot_static,0,double,vienot,0,8191,0.899615432,0.904193627,1.00491393,1.171087169,1.2004753695,1.291028263,0.7531963170361407
bv_vienot_static,0,double,vienot,1,8191,0.900378464,0.9041936269999999,1.568795019,1.171079539,1.1995940665,1.357007691,0.7537496660333806
bv_vienot_static,0,float,brettel,0,8191,2.350140398,2.433310951,3.049841289,2.115271334,2.11844555,2.730588451,1.1486303959995574
bv_vienot_static,0,float,brettel,1,8191,2.424917592,2.432166402,2.531742156,2.091571542,2.097996276,2.275431876,1.1592806097049526
bv_vienot_static,0,float,brettel,2,8191,2.426443658,2.4314033695,2.513429374,2.079416433,2.0889352645,2.160832011,1.1639438573420666
bv_vienot_static,0,float,lookup,0,8191,7.023715053,7.120620192500001,9.307471615,4.478078073,4.547800177,4.739302283,1.5657284654923396
bv_vienot_static,0,float,lookup,1,8191,7.009980466,7.101544378,7.750885118,4.477002198,4.549555152,4.567360518,1.560931594570985
bv_vienot_static,0,float,lookup,2,8191,6.949700891,7.034779026,7.233549017,4.465236235,4.5410282625,4.580896716,1.5491599301624033
bv_vienot_static,0,float,lookupApply,0,8191,9.624130143,9.716075571000001,10.313148578,10.02808723,10.108663472,10.51848828,0.9611632237943791
bv_vienot_static,0,float,lookupApply,1,8191,9.66151874,9.727139543,10.35206324,10.026400928,10.081484251,10.1713466,0.9648519306108273
bv_vienot_static,0,float,lookupApply,2,8191,9.647021121,9.7195092175,10.339091686,10.025111403,10.051439842499999,10.736280674,0.9669768082781024
bv_vienot_static,0,float,prepared,0,8191,2.077737761,2.145647662,2.289860823,0.766450983,0.7672140155,0.945641558,2.79667422472941
bv_vienot_static,0,float,prepared,1,8191,2.144884629,2.146792211,2.235685508,0.76614577,0.767137712,0.924009584,2.798444369790023
bv_vienot_static,0,float,prepared,2,8191,2.146410695,2.1479367595000003,2.329538518,0.766679893,0.7671796790000001,0.834254059,2.799783177651138
bv_vienot_static,0,float,vienot,0,8191,0.913350018,0.923269442,1.062141375,0.766069466,0.766985106,0.892893114,1.2037644991765981
bv_vienot_static,0,float,vienot,1,8191,0.919454279,0.924032475,1.170492003,0.76614577,0.7668324995,1.021937187,1.2049991042404953
default,1,double,brettel,0,8191,5.255005494,7.1595348555000005,11.016664632,4.0030445,4.1241682945,4.236967403,1.735994834412546
default,1,double,brettel,1,8191,8.256775729,8.576104871,10.655750214,4.054259248,4.1510384875,4.420285985,2.0660142990302734
default,1,double,brettel,2,8191,8.032444146,8.357114516,10.973171774,4.057929435,4.167626816,4.271975339,2.005245403431054
default,1,double,lookup,0,8191,8.506287389,8.567329996,8.876358198,5.833857282,5.92299475,6.426695458,1.4464524041659836
default,1,double,lookup,1,8191,8.486448541,8.5162068125,8.709254059,5.821702173,5.9118621045,5.988730009,1.4405286628755467
default,1,double,lookup,2,8191,8.491789769,8.618071664,8.867964839,5.822159993,5.950360914499999,6.126259004,1.4483275532076134
default,1,double,lookupApply,0,8191,11.543157124,11.647311073000001,12.242858015,10.175322,10.288235563499999,10.564285496,1.1320999603004476
default,1,double,lookupApply,1,8191,11.534000733,11.604962764,11.773592968,10.172269869,10.2707239655,10.490202661,1.1299069863995752
default,1,double,lookupApply,2,8191,11.485166646,11.5645220365,11.661427176,10.189918813,10.299623825,10.35979276,1.1228101368546828
default,1,double,prepared,0,8191,1.896136003,1.910252106,2.019747284,1.162899829,1.200742431,1.451486387,1.5908924817532326
default,1,double,prepared,1,8191,1.89537297,1.9171193995,2.080789891,1.162983763,1.200742431,1.32092388,1.596611687906613
default,1,double,prepared,2,8191,1.89537297,1.9171193995,3.892992309,1.163136369,1.2006279755,1.33497894,1.5967638924135663
default,1,double,vienot,0,8191,0.891985106,0.89770785,1.112501526,1.16994262,1.203531315,1.282001587,0.7458948835078711
default,1,double,vienot,1,8191,0.891985106,0.897326334,1.521486998,1.16947717,1.2030811255,1.349209498,0.7458568794577934
default,1,float,brettel,0,8191,3.661030399,3.8216487609999996,4.543096081,2.116492187,2.1245612565,2.763230985,1.7987943389760295
default,1,float,brettel,1,8191,7.145800269,7.8889940175,9.524172873,2.091426566,2.094402393,2.301344463,3.7667040697942897
default,1,float,brettel,2,8191,6.684165548,7.152286046,8.69170431,2.081026431,2.0883248385,2.235746551,3.4248915274777545
default,1,float,lookup,0,8191,6.70247833,6.9393999515,9.281528507,4.466228177,4.5361028875,4.688377487,1.5298153775618035
default,1,float,lookup,1,8191,6.736814797,6.970684288,7.495269198,4.465617751,4.5375144975,4.823541082,1.536234053211419
default,1,float,lookup,2,8191,6.678061287,6.768862166,6.953516054,4.461108229,4.5359884325,4.558730619,1.4922573694195593
default,1,float,lookupApply,0,8191,9.612684654,9.717601636000001,10.097973385,10.033359785,10.0783863385,10.498077158,0.9642021360977421
default,1,float,lookupApply,1,8191,9.637101697,9.695092174500001,10.332224393,10.030612868,10.050138872,10.293965938,0.9646724585578444
default,1,float,lookupApply,2,8191,9.62336711,9.692040043999999,10.29330973,10.031910023,10.048498352,10.123412892,0.9645262112294567
default,1,float,prepared,0,8191,2.12733488,2.154804053,2.233396411,0.766679893,0.76744674,0.990897021,2.807757125921207
default,1,float,prepared,1,8191,2.152514955,2.155948602,2.22729215,0.76637468,0.7675955315,0.852002198,2.808703950877546
default,1,float,prepared,2,8191,2.151751923,2.155948602,2.229581248,0.766298376,0.76744674,0.836100598,2.8092484984690924
default,1,float,vienot,0,8191,6.794805274,6.9073525825,7.132065682,0.765840557,0.7667981625,0.950532597,9.008045298361028
default,1,float,vienot,1,8191,6.794805274,6.87149005,7.094677085,0.76637468,0.7670270724999999,0.836474484,8.958601718715737
bv_direct,1,double,brettel,0,8191,3.740385789,3.828134538,4.43398242,4.004952082,4.11270373,4.302176169,0.9308072716436592
bv_direct,1,double,brettel,1,8191,3.742674887,3.7689995115,3.897570504,4.056250763,4.1648760835,4.449945062,0.904948775410547
bv_direct,1,double,brettel,2,8191,3.741911854,3.8067696255,3.969295568,4.0634309,4.201993804,4.314323648,0.9059436550992116
bv_direct,1,double,lookup,0,8191,8.505524356,8.568474545499999,8.790135515,5.810691613,5.906860426,6.102330302,1.450597090086042
bv_direct,1,double,lookup,1,8191,8.503998291,8.517351361,8.665761201,5.813980283,5.895319558,6.011750702,1.444764999963722
bv_direct,1,double,lookup,2,8191,8.517732878,8.5955622025,9.173177878,5.822236296,5.9271990599999995,6.289547979,1.4501895609525894
bv_direct,1,double,lookupApply,0,8191,11.546209254,11.628998290999998,12.502289098,10.164845562,10.244353559,10.439827249,1.1351617477887166
bv_direct,1,double,lookupApply,1,8191,11.528659504,11.632050420999999,13.24624588,10.175245696,10.247447656,10.446931083,1.1351168419181237
bv_direct,1,double,lookupApply,2,8191,11.479062386,11.571770846,11.783512392,10.177458491,10.262242858,10.915784092,1.1276064117873752
bv_direct,1,double,prepared,0,8191,1.906055427,1.924368209,2.00982786,1.165585704,1.195927695,1.273676901,1.6091007985227737
bv_direct,1,double,prepared,1,8191,1.896136003,1.922079111,2.153277988,1.16573068,1.1966907275,1.305167257,1.606161948806443
bv_direct,1,double,prepared,2,8191,1.905292394,1.9289464045,3.989134416,1.164960017,1.1957712735000001,1.337504578,1.6131399434391913
bv_direct,1,double,vienot,0,8191,1.091136613,1.119368819,1.227719448,1.171163472,1.199365157,1.308227017,0.9333010988912696
bv_direct,1,double,vienot,1,8191,1.08732145,1.089610548,1.745818581,1.171079539,1.199521579,1.301344463,0.908370943112479
bv_direct,1,float,brettel,0,8191,2.329538518,2.4275882065,3.113936027,2.115042425,2.1270411125,2.709337993,1.1412982063363855
bv_direct,1,float,brettel,1,8191,2.414998169,2.4279697225,2.623306068,2.091808082,2.095783482,2.203493163,1.1585021751307036
bv_direct,1,float,brettel,2,8191,2.421865462,2.424536076,2.511140276,2.078958613,2.0816330425,2.173063423,1.164727897039999
bv_direct,1,float,lookup,0,8191,6.704004395,6.9760255155,8.71230619,4.471348126,4.5433593275,4.623855451,1.535433368273467
bv_direct,1,float,lookup,1,8191,6.70553046,6.998153461,7.6661885,4.470661397,4.5442787815,4.650080881,1.539992108206445
bv_direct,1,float,lookup,2,8191,6.698663167,6.906208033,7.066444879,4.45996368,4.532818032,4.566605115,1.5236014294517792
bv_direct,1,float,lookupApply,0,8191,9.653125382,9.698525821,9.841594433,10.029002869,10.0491850815,10.470478269,0.9651057018398892
bv_direct,1,float,lookupApply,1,8191,9.64091686,9.6847912345,10.279575143,10.028697656,10.051787022,10.938720852,0.9634894982656549
bv_direct,1,float,lookupApply,2,8191,9.647021121,9.682883653000001,10.235319253,10.022738371,10.040852765499999,10.316750092,0.9643487340308419
bv_direct,1,float,prepared,0,8191,2.13038701,2.1574746675,2.301306312,0.766069466,0.767214015,0.942123978,2.8120897498203288
bv_direct,1,float,prepared,1,8191,2.151751923,2.158619216,2.273074106,0.766298376,0.7669126175000001,0.930808204,2.8146873147513443
bv_direct,1,float,prepared,2,8191,2.15098889,2.1586192165,2.341747039,0.766298376,0.766946954,0.834879746,2.814561300806731
bv_direct,1,float,vienot,0,8191,1.124710048,1.1556128675,1.286472958,0.766214443,0.7670232575,0.985090343,1.5066203745458135
bv_direct,1,float,vienot,1,8191,1.143785863,1.156757417,1.321572458,0.765993163,0.7669126175000001,0.847637651,1.5083301416670196
bv_split,1,double,brettel,0,8191,3.783878647,3.8296606035,4.521731168,4.037289403,4.139493804000001,4.239332804,0.9251519110378644
bv_split,1,double,brettel,1,8191,3.780826517,3.8441582225,3.989134416,4.054793371,4.1451936575,4.333437614,0.9273772325557506
bv_split,1,double,brettel,2,8191,3.780826517,3.8533146135,4.088328653,4.086215053,4.193661488,4.293683616,0.918842549530073
bv_split,1,double,lookup,0,8191,8.490263704,8.508576486,8.630661702,5.835078135,5.9161121965,6.165249969,1.4382040440398873
bv_split,1,double,lookup,1,8191,8.502472226,8.540623855500002,8.759614211,5.812988341,5.907394548999999,6.017473446,1.4457513857688333
bv_split,1,double,lookup,2,8191,8.503998291,8.599758881500001,8.81226346,5.810996826,5.945927695,6.128242889,1.4463275240853735
bv_split,1,double,lookupApply,0,8191,11.527133439,11.612211574,12.174948114,10.15658955,10.212970028,10.280353437,1.1370063303978981
bv_split,1,double,lookupApply,1,8191,11.524844341,11.57138933,11.755280186,10.15567391,10.220920828,11.055983702,1.1321278703480826
bv_split,1,double,lookupApply,2,8191,11.346294714,11.54353864,11.706446099,10.16760774,10.258454401,10.387689232,1.1252707463294596
bv_split,1,double,prepared,0,8191,1.913685753,1.9354321815,2.018221218,1.163899402,1.199059944,1.27902576,1.6141246241981042
bv_split,1,double,prepared,1,8191,1.898425101,1.9094890735,2.10978513,1.163823099,1.200742431,1.28254334,1.5902570144953925
bv_split,1,double,prepared,2,8191,1.88926871,1.937339763,2.561500427,1.163899402,1.1991782135,1.406765047,1.6155561710427955
bv_split,1,double,vienot,0,8191,1.075875961,1.1048712,1.2429801,1.179717068,1.209952234,1.372520144,0.9131527418627008
bv_split,1,double,vienot,1,8191,1.077402027,1.0899920645,1.713771212,1.177969723,1.208540624,1.401942681,0.90190767513662
bv_split,1,float,brettel,0,8191,2.360059822,2.42415456,3.107068734,2.114966121,2.1179076119999998,2.66385362,1.1445988230387456
bv_split,1,float,brettel,1,8191,2.421865462,2.4279697225,2.552344036,2.092029361,2.0991408255,2.24859602,1.1566492790790608
bv_split,1,float,brettel,2,8191,2.422628495,2.427969723,2.50045782,2.079416433,2.0890115675,2.157619644,1.1622576728503442
bv_split,1,float,lookup,0,8191,6.712397754,6.974880967,9.116713466,4.462260408,4.534874405,4.697472836,1.5380538343707448
bv_split,1,float,lookup,1,8191,6.685691613,6.9489378585,7.638719326,4.460490172,4.532665425499999,4.636094494,1.5330798120254951
bv_split,1,float,lookup,2,8191,6.99624588,7.069497009,7.201501648,4.460574106,4.530822702,4.540455988,1.5603119949671338
bv_split,1,float,lookupApply,0,8191,9.659229642,9.7340068365,9.92018679,10.031681113,10.0702829325,10.435317727,0.9666070855949113
bv_split,1,float,lookupApply,1,8191,9.615736784,9.731717739,10.376480283,10.024722256,10.0553007875,10.236173849,0.9678196549920959
bv_split,1,float,lookupApply,2,8191,9.634812599,9.7221798315,10.26965572,10.026484861,10.042039281000001,10.207048895,0.9681479587412898
bv_split,1,float,prepared,0,8191,2.13038701,2.153277988,2.450097668,0.76637468,0.7673704370000001,0.922552191,2.8060476194758595
bv_split,1,float,prepared,1,8191,2.152514955,2.154804053,2.245604932,0.766756196,0.7673704370000001,0.966128983,2.808036313496919
bv_split,1,float,prepared,2,8191,2.151751923,2.154041021,2.241026737,0.766222073,0.7671758635,0.890069894,2.807753897747592
bv_split,1,float,vienot,0,8191,1.117079722,1.155994384,1.311653034,0.766222073,0.767137712,0.926603895,1.506892916248654
bv_split,1,float,vienot,1,8191,1.14607496,1.1579019655,1.354382859,0.766298376,0.766985106,0.892351361,1.50967985745997
bv_portable,1,double,brettel,0,8191,3.783878647,3.845684288,4.420247833,4.018099133,4.118353986000001,4.302710292,0.9337915830142532
bv_portable,1,double,brettel,1,8191,3.779300452,3.8510255155,3.991423514,4.126655781,4.19896838,4.404224148,0.9171361074883826
bv_portable,1,double,brettel,2,8191,3.783878647,3.8609449395,3.978451959,4.076509278,4.1606717735,4.324113356,0.9279619132878952
bv_portable,1,double,lookup,0,8191,8.486448541,8.544057502,8.709254059,5.811302039,5.9030757845,6.094455805,1.447390786415881
bv_portable,1,double,lookup,1,8191,8.488737639,8.5509247955,8.722225613,5.841342632,5.9741713465,6.056006593,1.4313156251384729
bv_portable,1,double,lookup,2,8191,8.484159443,8.6138749845,9.588267611,5.827279941,5.955747924500001,6.192078196,1.4463128886072114
bv_portable,1,double,lookupApply,0,8191,11.555365645,11.6618086925,12.675497497,10.294576364,10.3366995785,10.631630753,1.1281946044708684
bv_portable,1,double,lookupApply,1,8191,11.539341961,11.6129746065,11.73315224,10.303671713,10.342891588499999,10.486616408,1.1227976728879354
bv_portable,1,double,lookupApply,2,8191,11.489744842,11.5591808085,11.780460261,10.220119644,10.3249679525,10.557631852,1.1195367251189539
bv_portable,1,double,prepared,0,8191,1.900714199,1.9232236600000001,2.004486632,1.180258821,1.2079721645000001,1.281169882,1.5921092526134943
bv_portable,1,double,prepared,1,8191,1.890794775,1.9243682089999998,2.016695153,1.186675925,1.2160717554999998,1.413952814,1.582446266263932
bv_portable,1,double,prepared,2,8191,1.893846905,1.919408497,4.107404468,1.1804801,1.2131264499999999,1.29446954,1.5821998580609633
bv_portable,1,double,vienot,0,8191,0.898852399,0.90800879,1.179648395,1.171544988,1.19989928,1.370917776,0.7567375071681017
bv_portable,1,double,vienot,1,8191,0.900378464,0.9061012085,1.545141008,1.181098157,1.200021365,1.275202967,0.7550708970085711
bv_portable,1,float,brettel,0,8191,2.376083506,2.4306403364999998,3.007111464,2.115423941,2.1249046209999998,2.27527164,1.1438820888610606
bv_portable,1,float,brettel,1,8191,2.410419973,2.4352185325,2.517244537,2.091571542,2.097004334,2.284985045,1.1612844537401894
bv_portable,1,float,brettel,2,8191,2.425680625,2.4291142715,2.563789525,2.080492309,2.0864554085,2.16128983,1.1642301395965828
bv_portable,1,float,lookup,0,8191,6.904681968,7.1072671225,9.097637651,4.464618178,4.563926871,4.682952326,1.5572701586567557
bv_portable,1,float,lookup,1,8191,6.881027958,7.056906971,7.562416066,4.464007752,4.535679404,4.633790136,1.5558654707333457
bv_portable,1,float,lookup,2,8191,6.894762544,6.974117934,7.116041997,4.475170919,4.545850629,4.603596936,1.5341722601946055
bv_portable,1,float,lookupApply,0,8191,9.634812599,9.693184593,9.974362105,10.032444146,10.112100934,10.498534977,0.9585727690284939
bv_portable,1,float,lookupApply,1,8191,9.66457087,9.7206537665,10.455072641,10.03512239,10.0880959285,10.380577768,0.963576658607901
bv_portable,1,float,lookupApply,2,8191,9.63786473,9.69967037,10.212428275,10.032596753,10.046396197,10.240454462,0.9654875419801244
bv_portable,1,float,prepared,0,8191,2.076211696,2.1509888905,2.292912953,0.76614577,0.7670232575,0.938453791,2.8043333360070894
bv_portable,1,float,prepared,1,8191,2.146410695,2.14793676,2.276889269,0.76637468,0.767137712,0.953058235,2.799936343111235
bv_portable,1,float,prepared,2,8191,2.145647662,2.14793676,2.228055183,0.766450983,0.7670995604999999,0.838160786,2.800075597227513
bv_portable,1,float,vienot,0,8191,1.124710048,1.155231351,1.268923208,0.766069466,0.7669507695,0.916974423,1.506265326199663
bv_portable,1,float,vienot,1,8191,1.143785863,1.157520449,1.326150653,0.766214443,0.766836314,0.834948419,1.50947526593009
bv_compiler,1,double,brettel,0,8191,3.785404712,3.8395800270000002,4.55148944,4.019022403,4.127647723,4.227795751,0.9302102031636967
bv_compiler,1,double,brettel,1,8191,3.779300452,3.859037358,3.970058601,4.061141802,4.133877884,4.257073312,0.9335150834852285
bv_compiler,1,double,brettel,2,8191,3.78158955,3.8403430595,4.008973263,4.056929862,4.1642236905,4.265710841,0.9222230468216966
bv_compiler,1,double,lookup,0,8191,8.509339519,8.5322304965,8.708491027,5.866499817,5.959036595000001,6.093769076,1.4318137437952754
bv_compiler,1,double,lookup,1,8191,8.516969845,8.578012453,8.861097546,5.813140947,5.9440887865,6.133751984,1.4431164743841094
bv_compiler,1,double,lookup,2,8191,8.508576486,8.615782566,9.820992553,5.807860762,5.928877732,6.185584788,1.4531894492439839
bv_compiler,1,double,lookupApply,0,8191,11.5332377,11.61259309,12.155872299,10.158581065,10.243895739,10.438530094,1.1336110192716207
bv_compiler,1,double,lookupApply,1,8191,11.520266146,11.60534428,11.759858381,10.227917837,10.2741690575,10.364523562,1.1295652441623258
bv_compiler,1,double,lookupApply,2,8191,11.371474789,11.5351452815,11.787327555,10.234876694,10.302683586,10.629952082,1.1196253078348202
bv_compiler,1,double,prepared,0,8191,1.906055427,1.919026981,2.013643023,1.163281345,1.1955423635,1.435897632,1.6051518035563113
bv_compiler,1,double,prepared,1,8191,1.906818459,1.94077341,2.142595532,1.169782383,1.1947030280000002,1.272982542,1.6244818708202016
bv_compiler,1,double,prepared,2,8191,1.898425101,1.9201715295000001,3.388627762,1.169629777,1.1949319374999998,1.277347088,1.606929624391264
bv_compiler,1,double,vienot,0,8191,0.898089366,0.905719692,1.003387865,1.170469112,1.216220547,1.301115554,0.7447002060885262
bv_compiler,1,double,vienot,1,8191,0.901141497,0.9045751435,1.534458552,1.180022281,1.208429984,1.308921377,0.7485540374509609
bv_compiler,1,float,brettel,0,8191,2.352429496,2.428732755,3.010163594,2.115576547,2.119132279,2.665227079,1.146097758534497
bv_compiler,1,float,brettel,1,8191,2.42720669,2.429495788,2.524874863,2.091571542,2.0999038580000002,2.211901782,1.156955723827238
bv_compiler,1,float,brettel,2,8191,2.425680625,2.431784886,2.514192406,2.078798376,2.0818657675,2.242629105,1.1680795774456674
bv_compiler,1,float,lookup,0,8191,6.710108656,6.8024356,7.756226346,4.464084056,4.5356412525,4.620650714,1.4997737301755438
bv_compiler,1,float,lookup,1,8191,6.727658406,6.7875564645,7.41057258,4.465617751,4.535950281,4.887368758,1.4963912838576372
bv_compiler,1,float,lookup,2,8191,6.719265047,6.9142198755,7.110700769,4.464007752,4.533191918,4.56155384,1.5252431400589115
bv_compiler,1,float,lookupApply,0,8191,9.624130143,9.704248565499999,9.891954584,10.035648883,10.058894671000001,10.310172751,0.9647430341901825
bv_compiler,1,float,lookupApply,1,8191,9.619551947,9.68212062,10.294072763,10.025943108,10.0471248935,10.106519351,0.9636707737418353
bv_compiler,1,float,lookupApply,2,8191,9.624893175,9.675253327,10.229978025,10.030223721,10.052130387,10.128075021,0.9625077425888348
bv_compiler,1,float,prepared,0,8191,2.083842022,2.147173727,2.252472226,0.766450983,0.7673322855,0.898783726,2.7982319623119785
bv_compiler,1,float,prepared,1,8191,2.150225858,2.15098889,2.250183128,0.76637468,0.7674047735,1.018114394,2.80293915841794
bv_compiler,1,float,prepared,2,8191,2.150225858,2.159382249,2.726315468,0.766534916,0.7674047735,0.835711452,2.8138764880904144
bv_compiler,1,float,vienot,0,8191,1.124710048,1.1556128675,1.270449274,0.76614577,0.767065224,0.907344952,1.5065379466349005
bv_compiler,1,float,vienot,1,8191,1.144548895,1.156757417,1.240691002,0.76614577,0.766908802,0.862471005,1.508337645862617
bv_vienot_index,1,double,brettel,0,8191,3.785404712,3.867812233,4.471371017,4.007470089,4.121760927,4.204248565,0.9383883008991413
bv_vienot_index,1,double,brettel,1,8191,3.780826517,3.863615554,4.046361861,4.094394763,4.1680846355,4.53090282,0.9269522794938457
bv_vienot_index,1,double,brettel,2,8191,3.778537419,3.7937980710000003,3.967006471,4.068863692,4.1772639179999995,4.335047613,0.9082016711111718
bv_vienot_index,1,double,lookup,0,8191,8.497130997,8.509721035,8.854230253,5.818947625,5.9121749480000005,6.024974057,1.439355416550843
bv_vienot_index,1,double,lookup,1,8191,8.484159443,8.523074106,8.685600049,5.830263399,5.9126327675,6.002189904,1.4415023630164934
bv_vienot_index,1,double,lookup,2,8191,8.485685508,8.6161640825,8.93282261,5.833933586,5.922151599499999,6.255455683,1.4549043430815671
bv_vienot_index,1,double,lookupApply,0,8191,11.547735319,11.6232755465,12.222256135,10.199555915,10.227307411,10.356580393,1.1364941992453033
bv_vienot_index,1,double,lookupApply,1,8191,11.528659504,11.594661823500001,11.71255036,10.189155781,10.245883439,10.495246307,1.1316410041681717
bv_vienot_index,1,double,lookupApply,2,8191,11.511872787,11.606488829,11.759095349,10.189926444,10.2867438345,10.548299963,1.1282956993712432
bv_vienot_index,1,double,prepared,0,8191,1.912159687,1.927038823,2.00982786,1.180106214,1.1954317235,1.688621658,1.612002413118159
bv_vienot_index,1,double,prepared,1,8191,1.902240264,1.917882432,2.154041021,1.178885362,1.1961566045,1.305853986,1.6033706830567436
bv_vienot_index,1,double,prepared,2,8191,1.908344524,1.9201715295,4.117323892,1.179182945,1.1958513915,1.329324869,1.6056941047595044
bv_vienot_index,1,double,vienot,0,8191,1.059089244,1.0709162495,1.294103284,1.172308021,1.198949304,1.31648303,0.8932122867306822
bv_vienot_index,1,double,vienot,1,8191,1.054511049,1.0671010865000001,1.684775974,1.172079111,1.199021792,1.275737089,0.8899763904374477
bv_vienot_index,1,float,brettel,0,8191,2.360059822,2.424536076,3.09714931,2.115958064,2.125091564,2.778674765,1.140908992851284
bv_vienot_index,1,float,brettel,1,8191,2.421865462,2.424917592,2.592784764,2.092258271,2.097080637,2.17368148,1.1563301616617807
bv_vienot_index,1,float,brettel,2,8191,2.420339397,2.4264436575,2.508088146,2.082781406,2.0887025395,2.168324991,1.1616990029039032
bv_vienot_index,1,float,lookup,0,8191,6.694848004,6.7864119155000004,9.273898181,4.460719082,4.5529964295,4.734632524,1.4905374999921246
bv_vienot_index,1,float,lookup,1,8191,6.694848004,6.7848858505,7.365553656,4.465388841,4.5319710655000005,4.657573862,1.497115880141093
bv_vienot_index,1,float,lookup,2,8191,6.704767428,6.967250641,7.180899768,4.473187035,4.541833262,4.912144427,1.5340172655153714
bv_vienot_index,1,float,lookupApply,0,8191,9.662281773,9.712260408,10.144518374,10.044294042,10.116080148999998,10.267290319,0.9600814015851865
bv_vienot_index,1,float,lookupApply,1,8191,9.651599316,9.6874618485,10.470333293,10.037876938,10.050982023,10.221882249,0.9638323724320524
bv_vienot_index,1,float,lookupApply,2,8191,9.630234404,9.680976071,10.238371383,10.039021487,10.053812874,10.130745635,0.9629158800076548
bv_vienot_index,1,float,prepared,0,8191,2.128860945,2.156330118,2.606519351,0.766298376,0.76778629,0.971485472,2.8085030249758693
bv_vienot_index,1,float,prepared,1,8191,2.152514955,2.154804053,2.394396289,0.766603589,0.768137285,0.969493957,2.805232990350156
bv_vienot_index,1,float,prepared,2,8191,2.154041021,2.155567086,2.248657063,0.76614577,0.768289891,0.835940361,2.805668942479942
bv_vienot_index,1,float,vienot,0,8191,1.059852277,1.0785465754999999,1.36048712,0.76614577,0.7683623795,0.883721463,1.4036951889834164
bv_vienot_index,1,float,vienot,1,8191,1.078165059,1.079691124,1.276553534,0.76614577,0.768053351,0.938377487,1.4057501638320433
bv_vienot_static,1,double,brettel,0,8191,3.783878647,3.864378586,4.390489562,4.013437004,4.113623184,4.220150165,0.9394099588485789
bv_vienot_static,1,double,brettel,1,8191,3.780826517,3.8674307165,3.977688927,4.056632279,4.1553191,4.374343792,0.9307181045373868
bv_vienot_static,1,double,brettel,2,8191,3.777011354,3.8731534610000002,4.048650958,4.058539861,4.161781985999999,4.276866378,0.9306478508554918
bv_vienot_static,1,double,lookup,0,8191,8.496367965,8.541005371499999,8.848889025,5.802511903,5.904868911,6.146593822,1.4464343747901365
bv_vienot_static,1,double,lookup,1,8191,8.495604932,8.51849591,8.731382005,5.819100232,5.9139337385,6.027110548,1.4404111183296107
bv_vienot_static,1,double,lookup,2,8191,8.479581248,8.561225735499999,8.779453058,5.833780979,5.9200494445,6.167851911,1.446140917531318
bv_vienot_static,1,double,lookupApply,0,8191,11.539341961,11.630142840000001,12.376388719,10.161717129,10.307536472999999,10.633927481,1.1283144978884618
bv_vienot_static,1,double,lookupApply,1,8191,11.526370407,11.603436699,11.756806251,10.15987822,10.3012261935,10.504654499,1.126413155195222
bv_vienot_static,1,double,lookupApply,2,8191,11.389787572,11.6080148945,12.097881822,10.155757844,10.362726621,10.618712611,1.1201699435915284
bv_vienot_static,1,double,prepared,0,8191,1.903003296,1.929327921,2.053320718,1.164738738,1.2167623,1.307006165,1.585624341746946
bv_vienot_static,1,double,prepared,1,8191,1.896899036,1.9232236600000001,2.120467586,1.164433525,1.211711024,1.292180442,1.5871966350947386
bv_vienot_static,1,double,prepared,2,8191,1.897662068,1.9247497249999999,4.066963741,1.164204615,1.2183646685,1.408291112,1.5797813042048172
bv_vienot_static,1,double,vienot,0,8191,0.898852399,0.9110609205,1.151416188,1.170316506,1.2062896775,1.278644244,0.7552588217352129
bv_vienot_static,1,double,vienot,1,8191,0.901904529,0.9167836650000001,1.552008302,1.170621719,1.2068238005,1.552550055,0.7596665433845162
bv_vienot_static,1,float,brettel,0,8191,2.348614333,2.4291142719999996,3.0734953,2.114050482,2.1162289405,2.742133134,1.147850417084871
bv_vienot_static,1,float,brettel,1,8191,2.426443658,2.4302588204999998,2.517244537,2.092334575,2.094860212,2.263421743,1.1601054841648784
bv_vienot_static,1,float,brettel,2,8191,2.424917592,2.428351239,2.566078623,2.078493163,2.080335887,2.161213527,1.167288058709531
bv_vienot_static,1,float,lookup,0,8191,6.700189232,7.0931510195000005,8.658893908,4.469059028,4.5397654435,4.662464901,1.5624487889910517
bv_vienot_static,1,float,lookup,1,8191,6.711634721,6.9386369185,7.698998901,4.468295996,4.537167318,4.556815407,1.5292883052764688
bv_vienot_static,1,float,lookup,2,8191,7.012269564,7.103451959499999,7.512818948,4.472187462,4.5446984495,4.663609449,1.563019425476185
bv_vienot_static,1,float,lookupApply,0,8191,9.630234404,9.7336253205,9.962916616,10.029697229,10.119479459,10.248023746,0.9618701594223967
bv_vienot_static,1,float,lookupApply,1,8191,9.647784153,9.671438164,10.271181785,10.03160481,10.057937065,10.211176901,0.9615727461305206
bv_vienot_static,1,float,lookupApply,2,8191,9.627182273,9.6889879135,10.567238432,10.02785832,10.045743804,10.200318948,0.9644868615544477
bv_vienot_static,1,float,prepared,0,8191,2.082315957,2.146410695,2.28604566,0.766527286,0.7671758635,0.97729215,2.797807904445367
bv_vienot_static,1,float,prepared,1,8191,2.146410695,2.150607374,2.236448541,0.766222073,0.767137712,0.847179832,2.8034176137595486
bv_vienot_static,1,float,prepared,2,8191,2.145647662,2.151751923,2.225766085,0.76637468,0.7672140155,0.835032353,2.8046306239565824
bv_vienot_static,1,float,vienot,0,8191,0.913350018,0.923269442,1.099529972,0.766229703,0.7669088024999999,0.907344952,1.203884267582129
bv_vienot_static,1,float,vienot,1,8191,0.923269442,0.924032475,1.133866439,0.766077097,0.766908802,0.961772067,1.2048792145692442
default,2,double,brettel,0,8191,4.548437309,4.620162373,5.539616652,4.000518862,4.1167172815,4.37969265,1.1222928506075505
default,2,double,brettel,1,8191,8.285007936,8.6367659625,10.526034672,4.085986143,4.156772677499999,4.341014528,2.0777575856504127
default,2,double,brettel,2,8191,8.203363448,8.6123489195,10.852612624,4.065269808,4.1543271575,4.255463313,2.0731031989023125
default,2,double,lookup,0,8191,8.488737639,8.564659382,8.708491027,5.818558479,5.9090426995000005,6.164631913,1.4494157205404368
default,2,double,lookup,1,8191,8.483396411,8.540623855500002,8.7359602,5.817032414,5.909347911999999,6.053633561,1.4452734857862608
default,2,double,lookup,2,8191,8.494078867,8.576486387500001,8.802344036,5.828195581,5.8964259555,6.181449152,1.454522867280327
default,2,double,lookupApply,0,8191,11.51263582,11.615263704,12.20623245,10.191605115,10.309753082499999,10.504349286,1.126628699160216
default,2,double,lookupApply,1,8191,11.49508607,11.589320595499998,12.89677695,10.191528812,10.289876083500001,10.434318154,1.126283786262857
default,2,double,lookupApply,2,8191,11.375289952,11.548879868,11.601910634,10.200090038,10.3263032595,10.409939263,1.1183944125769552
default,2,double,prepared,0,8191,1.906055427,1.913685753,2.074685631,1.178496215,1.1996360335,1.27153278,1.5952219669633656
default,2,double,prepared,1,8191,1.893083873,1.91292272,2.05103162,1.175215175,1.1989836409999999,1.284069405,1.5954535613217764
default,2,double,prepared,2,8191,1.906055427,1.91292272,2.101391771,1.179572091,1.199063759,1.27948358,1.5953469576925143
default,2,double,vienot,0,8191,0.893511171,0.898089366,0.995757539,1.171384752,1.202081553,1.340106519,0.7471118442493893
default,2,double,vienot,1,8191,0.891985106,0.9034305945000001,1.584055671,1.171079539,1.2018144915,1.35134599,0.7517221675139037
default,2,float,brettel,0,8191,3.660267367,5.928381760500001,9.921712856,2.118254792,2.1236036499999997,2.315636064,2.7916611277721253
default,2,float,brettel,1,8191,7.187004029,7.8744963985,9.436424124,2.092334575,2.0953561835,2.217632157,3.7580705660012197
default,2,float,brettel,2,8191,6.798620437,6.989378586,8.713069222,2.079263826,2.0815605545,2.16503632,3.3577589519988185
default,2,float,lookup,0,8191,6.696374069,6.774203394,8.857282383,4.463397326,4.5382393785,4.998977536,1.4926941549387907
default,2,float,lookup,1,8191,6.691032841,6.774966427,7.376999145,4.462405384,4.533729856,4.641824869,1.4943471803980373
default,2,float,lookup,2,8191,6.711634721,6.863859724,7.028293249,4.464931022,4.533428458,4.642969418,1.5140549338299494
default,2,float,lookupApply,0,8191,9.621841045,9.656177512,9.74087413,10.026942681,10.0515542975,10.334940789,0.9606651097135955
default,2,float,lookupApply,1,8191,9.626419241,9.664952386500001,10.303992187,10.022967281,10.0427641615,10.126388719,0.9623797025475935
default,2,float,lookupApply,2,8191,9.635575632,9.675253327,10.323831034,10.025027469,10.037754853,10.124488768,0.9638861945416352
default,2,float,prepared,0,8191,2.131150043,2.157856184,2.280704432,0.766679893,0.767290319,0.928053656,2.8123073243154004
default,2,float,prepared,1,8191,2.152514955,2.157093151,2.237974606,0.766908802,0.7674047735,0.857038213,2.8108935798794588
default,2,float,prepared,2,8191,2.154804053,2.162052863,2.336405811,0.766450983,0.767255982,0.926458918,2.81790290818482
default,2,float,vienot,0,8191,6.789464046,6.9260468809999995,7.150378464,0.765993163,0.7670232575,1.046621292,9.029774277737594
default,2,float,vienot,1,8191,6.788701013,6.8615706265,6.874923697,0.76614577,0.767145342,0.836474484,8.944290280915244
bv_direct,2,double,brettel,0,8191,3.744200952,3.8292790869999997,4.477475278,4.02199823,4.1351407035,4.249351422,0.926033564893906
bv_direct,2,double,brettel,1,8191,3.74343792,3.8010468805,3.942589427,4.053725125,4.1454225675,4.3768618,0.9169262767805878
bv_direct,2,double,brettel,2,8191,3.744963985,3.8300421195,4.053992187,4.077806434,4.1945351605,4.321206202,0.913102876229901
bv_direct,2,double,lookup,0,8191,8.466609694,8.504379807500001,8.901538274,5.808623794,5.8901576425,6.020922354,1.4438288962144703
bv_direct,2,double,lookup,1,8191,8.489500671,8.514680747,8.713069222,5.820328714,5.895086833500001,6.018396716,1.4443690122787738
bv_direct,2,double,lookup,2,8191,8.475003052,8.62875412,9.154865096,5.815430045,5.911335612,6.040791723,1.459696198348753
bv_direct,2,double,lookupApply,0,8191,11.534000733,11.6389177145,12.206995483,10.154529361,10.287235990500001,10.400843914,1.1313940620442888
bv_direct,2,double,lookupApply,1,8191,11.5332377,11.606870345499999,11.824716152,10.159725613,10.3116644795,10.674131669,1.1256058969504799
bv_direct,2,double,lookupApply,2,8191,11.356214137,11.5351452815,12.293218166,10.165684898,10.3717113295,10.561752228,1.1121737691147335
bv_direct,2,double,prepared,0,8191,1.897662068,1.9167378830000001,2.161671347,1.162747223,1.205519015,1.33497894,1.5899690167890055
bv_direct,2,double,prepared,1,8191,1.906055427,1.9125412035,2.110548163,1.163205042,1.2052557685,1.406002014,1.5868343081072753
bv_direct,2,double,prepared,2,8191,1.897662068,1.9098705895,2.936912465,1.163205042,1.2047178305,1.329706385,1.585326074826449
bv_direct,2,double,vienot,0,8191,1.075875961,1.0980039065,1.835856428,1.169095654,1.2191315165,1.380242034,0.9006443452895511
bv_direct,2,double,vienot,1,8191,1.075875961,1.08732145,1.708429984,1.168706507,1.220772036,1.33941216,0.8906834510747261
bv_direct,2,float,brettel,0,8191,2.322671225,2.425680625,3.039921865,2.114508302,2.122611708,2.320992553,1.1427811388478406
bv_direct,2,float,brettel,1,8191,2.421102429,2.426825174,2.589732633,2.091884385,2.104569802,2.358983946,1.1531217314311728
bv_direct,2,float,brettel,2,8191,2.421102429,2.4298773044999997,2.504272983,2.079416433,2.0854939875,2.155330546,1.1651327306931398
bv_direct,2,float,lookup,0,8191,6.729184471,7.080942498000001,7.599041631,4.462481687,4.5367094980000005,4.690903125,1.5608102086152134
bv_direct,2,float,lookup,1,8191,6.70247833,6.9260468804999995,7.714259553,4.460650409,4.5327379135,4.697549139,1.528005151118914
bv_direct,2,float,lookup,2,8191,6.938255402,7.0385941885,7.183188866,4.465465145,4.5430541145,4.722401111,1.5493089034610046
bv_direct,2,float,lookupApply,0,8191,9.66457087,9.746215358499999,9.969783909,10.025637895,10.063480497,10.294126175,0.9684736171949078
bv_direct,2,float,lookupApply,1,8191,9.630234404,9.77177695,10.262025394,10.029994811,10.1094646565,10.448617385,0.9665968755048884
bv_direct,2,float,lookupApply,2,8191,9.657703577,9.735532902,10.233030155,10.029697229,10.0494521425,10.112715175,0.9687625518238543
bv_direct,2,float,prepared,0,8191,2.128860945,2.1574746675,2.30359541,0.76637468,0.766916433,1.363188255,2.81318090819942
bv_direct,2,float,prepared,1,8191,2.152514955,2.1574746675,2.367690148,0.766222073,0.7671415269999999,0.861013613,2.8123554671027478
bv_direct,2,float,prepared,2,8191,2.151751923,2.1574746675,2.658405567,0.766527286,0.7673284705000001,0.838313393,2.8116702956351465
bv_direct,2,float,vienot,0,8191,1.123947015,1.1552313515,1.433738249,0.766222073,0.7670232575,0.923551764,1.5061229763296975
bv_direct,2,float,vienot,1,8191,1.155231351,1.158283482,1.265108045,0.765993163,0.766756196,0.848248077,1.5106281345263497
bv_split,2,double,brettel,0,8191,3.78464168,3.8521700645,4.865858869,4.055327494,4.128796087,4.209444817,0.9330008029771707
bv_split,2,double,brettel,1,8191,3.778537419,3.863234037,3.941063362,4.111440911,4.18364287,4.296064278,0.9234139139127809
bv_split,2,double,brettel,2,8191,3.779300452,3.856366744,3.998290807,4.094310829,4.1727887315,4.336115859,0.9241701394773812
bv_split,2,double,lookup,0,8191,8.497130997,8.523074105500001,8.648974484,5.818260896,5.9719204005,6.069695397,1.4271915119274539
bv_split,2,double,lookup,1,8191,8.488737639,8.525744719999999,8.627609571,5.82490691,5.9146967705,6.123664693,1.441450855523617
bv_split,2,double,lookup,2,8191,8.468898791,8.5806830665,9.439476254,5.833017947,5.9781467465,6.529437798,1.4353416586040977
bv_split,2,double,lookupApply,0,8191,11.55689171,11.652270784999999,12.24743621,10.217136186,10.282264833,10.661831583,1.1332397068399842
bv_split,2,double,lookupApply,1,8191,11.537052863,11.624038579,11.686607252,10.259263216,10.3224804665,10.410542058,1.1260896658244115
bv_split,2,double,lookupApply,2,8191,11.358503235,11.540104993,11.630905872,10.255669332,10.3373519715,10.770380601,1.1163502050443848
bv_split,2,double,prepared,0,8191,1.919790013,1.9369582470000002,2.055609816,1.186904835,1.204336314,1.297826883,1.608320055190165
bv_split,2,double,prepared,1,8191,1.906055427,1.915593334,2.132676108,1.186530949,1.2077814065,1.370612563,1.586043073432593
bv_split,2,double,prepared,2,8191,1.898425101,1.9300909535,3.551916738,1.178191002,1.2043019780000002,1.499343792,1.6026636082632089
bv_split,2,double,vienot,0,8191,1.077402027,1.089610548,1.18422659,1.186599622,1.198373215,1.361280674,0.9092414069017724
bv_split,2,double,vienot,1,8191,1.077402027,1.08732145,1.703088756,1.195237151,1.199292669,1.325730985,0.9066356178985363
bv_split,2,float,brettel,0,8191,2.326486387,2.4222469784999996,3.186424124,2.115271334,2.1262818945,2.458674155,1.1391937187470604
bv_split,2,float,brettel,1,8191,2.423391527,2.4252991085,2.607282383,2.093708033,2.103726651,2.287045233,1.152858479663763
bv_split,2,float,brettel,2,8191,2.422628495,2.447045538,2.575235014,2.078966243,2.0873710475,2.153880784,1.1723098013315718
bv_split,2,float,lookup,0,8191,6.719265047,6.811210474999999,7.447198144,4.465465145,4.553797613,4.690361372,1.4957209463054806
bv_split,2,float,lookup,1,8191,6.690269808,6.7738218775,7.37547308,4.467677939,4.5391168660000005,4.618659199,1.492321541275778
bv_split,2,float,lookup,2,8191,6.697137102,6.780307655,6.826089611,4.467067513,4.5396166524999995,4.701524539,1.4935859509780491
bv_split,2,float,lookupApply,0,8191,9.635575632,9.6989073375,9.985807594,10.031452204,10.050444084999999,10.54142504,0.9650227647129884
bv_split,2,float,lookupApply,1,8191,9.624130143,9.6863172995,10.412342815,10.033359785,10.0620650715,10.414441155,0.9626569924434026
bv_split,2,float,lookupApply,2,8191,9.644732023,9.678305457,10.255921133,10.027171591,10.0656971065,10.342662679,0.9615136790426727
bv_split,2,float,prepared,0,8191,2.129623978,2.1551855695,2.270021975,0.766222073,0.7672140155,0.866896594,2.809106098114549
bv_split,2,float,prepared,1,8191,2.152514955,2.1693016724999996,2.609571481,0.766298376,0.766988921,0.847332438,2.8283350816484605
bv_split,2,float,prepared,2,8191,2.154041021,2.179221096,2.26849591,0.76637468,0.7672140155,0.841594433,2.840434418523732
bv_split,2,float,vienot,0,8191,1.123947015,1.1563759005,1.266634111,0.766069466,0.7668744654999999,0.913075327,1.5079076857071336
bv_split,2,float,vienot,1,8191,1.155231351,1.167439873,1.36048712,0.765993163,0.766946954,0.854901721,1.5221911592597575
bv_portable,2,double,brettel,0,8191,3.785404712,3.8594188745,4.434745452,4.031635331,4.1277583625,4.263498047,0.9349914737166256
bv_portable,2,double,brettel,1,8191,3.780063484,3.8666676840000003,3.939537297,4.052504273,4.210703821,4.393755341,0.9182948619458362
bv_portable,2,double,brettel,2,8191,3.780063484,3.822411793,3.970821634,4.082468563,4.196297766,4.379005921,0.9109009908616672
bv_portable,2,double,lookup,0,8191,8.487211574,8.537571725,8.749694787,5.806105787,5.909801916999999,7.046140581,1.4446460041987226
bv_portable,2,double,lookup,1,8191,8.493315834,8.520021975,8.658893908,5.823838664,5.919431388,6.103863997,1.4393311479666737
bv_portable,2,double,lookup,2,8191,8.491026737,8.563514833500001,8.780979123,5.827508851,5.9534588265,6.046911244,1.4384100206391175
bv_portable,2,double,lookupApply,0,8191,11.527133439,11.602673666000001,12.366469296,10.152537846,10.271414509500001,10.453897571,1.1296081620762868
bv_portable,2,double,lookupApply,1,8191,11.524081309,11.6270907095,15.016481504,10.152461543,10.288922292999999,10.880921133,1.1300591430659763
bv_portable,2,double,lookupApply,2,8191,11.355451105,11.548879868,11.720943719,10.172262239,10.313461421,10.619017824,1.1197869848511262
bv_portable,2,double,prepared,0,8191,1.909107557,1.9239866925,2.083078989,1.163517885,1.217983152,1.361120437,1.579649676878289
bv_portable,2,double,prepared,1,8191,1.901477231,1.9251312415,2.389818093,1.163670492,1.2239081005,1.295156269,1.572937739944307
bv_portable,2,double,prepared,2,8191,1.886979612,1.9045293614999999,3.898333537,1.16993499,1.2203523685,1.300886644,1.5606388864889558
bv_portable,2,double,vienot,0,8191,0.898089366,0.9144945675,1.036198266,1.180022281,1.215266756,1.284374618,0.7525052117034954
bv_portable,2,double,vienot,1,8191,0.900378464,0.9061012085,1.519960933,1.186988768,1.2201234585,1.412197839,0.7426307577218014
bv_portable,2,float,brettel,0,8191,2.350903431,2.4275882065,3.110120864,2.114889818,2.1450067145,2.258454401,1.131739210926372
bv_portable,2,float,brettel,1,8191,2.425680625,2.4291142715,2.605756318,2.090884813,2.119361189,2.35065163,1.146153984562751
bv_portable,2,float,brettel,2,8191,2.426443658,2.431021853,2.52411183,2.079263826,2.0909992675,2.236135698,1.1626124842724268
bv_portable,2,float,lookup,0,8191,6.770388231,6.9184165545,7.191582224,4.473263338,4.548712001,4.674009584,1.5209616596915871
bv_portable,2,float,lookup,1,8191,6.694848004,6.860426077,7.602093761,4.473713527,4.541451746,4.576005677,1.5106240164375844
bv_portable,2,float,lookup,2,8191,6.914601392,7.050421194,7.114515932,4.463862776,4.5359121295,4.646029178,1.5543557707272382
bv_portable,2,float,lookupApply,0,8191,9.642442925,9.6939476255,9.847698694,10.026019412,10.073647906,10.443268526,0.9623075688128979
bv_portable,2,float,lookupApply,1,8191,9.638627762,9.7015779515,10.303229154,10.03160481,10.0582041265,10.215610121,0.9645437524915198
bv_portable,2,float,lookupApply,2,8191,9.638627762,9.689750946,10.358930534,10.025714199,10.039021487,10.104764376,0.9652087066999223
bv_portable,2,float,prepared,0,8191,2.080026859,2.148318276,2.259339519,0.766527286,0.773028324,0.860403186,2.779093869269401
bv_portable,2,float,prepared,1,8191,2.146410695,2.152133439,2.359296789,0.766450983,0.7730206935,0.907573862,2.7840566974420846
bv_portable,2,float,prepared,2,8191,2.145647662,2.153277988,2.36845318,0.766679893,0.7737913565,0.850460872,2.78276304059491
bv_portable,2,float,vienot,0,8191,1.124710048,1.1552313515,1.383378098,0.765993163,0.766908802,0.833956477,1.5063477541101424
bv_portable,2,float,vienot,1,8191,1.14302283,1.157520449,1.288762056,0.766222073,0.766946954,0.838313393,1.5092575085707947
bv_compiler,2,double,brettel,0,8191,3.783878647,3.861707972,4.501129288,4.007172506,4.0968440975,4.190330851,0.9426055471226045
bv_compiler,2,double,brettel,1,8191,3.78158955,3.8628525215,3.961665242,4.057700525,4.1359457025,4.269144488,0.9339708012039599
bv_compiler,2,double,brettel,2,8191,3.785404712,3.861707972,4.005921133,4.073060371,4.143698114,4.227406605,0.9319472282386447
bv_compiler,2,double,lookup,0,8191,8.482633378,8.5749603225,8.716884385,5.854268404,5.922647570500001,6.327089183,1.4478255240461804
bv_compiler,2,double,lookup,1,8191,8.476529117,8.556266023500001,8.737486265,5.808242278,5.912056678000001,5.961825479,1.4472571034949067
bv_compiler,2,double,lookup,2,8191,8.487974606,8.571908192,9.177756074,5.80969967,5.9444741180000005,6.180998962,1.4419960490775914
bv_compiler,2,double,lookupApply,0,8191,11.502716396,11.577112073999999,12.12382493,10.164616652,10.2312828105,10.515657429,1.131540617968142
bv_compiler,2,double,lookupApply,1,8191,11.488981809,11.574059944,11.8094555,10.160488646,10.2215694055,10.318733976,1.1323173071419204
bv_compiler,2,double,lookupApply,2,8191,11.369185692,11.528277988,11.813270663,10.202379136,10.318962886000001,10.581179038,1.1171934733519302
bv_compiler,2,double,prepared,0,8191,1.907581492,1.927420339,2.006775729,1.1661885,1.1939781470000002,1.268320413,1.6142844354755177
bv_compiler,2,double,prepared,1,8191,1.907581492,1.929327921,2.143358564,1.166417409,1.194935753,1.281085948,1.6145871576411022
bv_compiler,2,double,prepared,2,8191,1.897662068,1.927038823,4.065437675,1.166417409,1.194016298,1.275813393,1.6139133328647413
bv_compiler,2,double,vienot,0,8191,0.900378464,0.907245758,1.040776462,1.171316079,1.198640276,1.298826456,0.7568957727898007
bv_compiler,2,double,vienot,1,8191,0.901904529,0.908771823,1.533695519,1.171079539,1.1981824565,1.355245086,0.758458628792317
bv_compiler,2,float,brettel,0,8191,2.345562202,2.430640337,3.019319985,2.115576547,2.123031376,2.674406361,1.1448913871351092
bv_compiler,2,float,brettel,1,8191,2.426443658,2.4314033695,2.576761079,2.091571542,2.096046728,2.209299841,1.1599948307545556
bv_compiler,2,float,brettel,2,8191,2.428732755,2.4344555,2.516481504,2.081560554,2.0894312355,2.257920278,1.1651283175239004
bv_compiler,2,float,lookup,0,8191,6.739103895,7.0786534005,7.486875839,4.467304053,4.5468006039999995,4.576471127,1.5568427157928655
bv_compiler,2,float,lookup,1,8191,6.755127579,6.9683951895,7.677633989,4.471271823,4.543706507,4.743651569,1.5336367300054576
bv_compiler,2,float,lookup,2,8191,7.024478086,7.091243438,7.222866561,4.468753815,4.536060920500001,4.652453913,1.563304277055068
bv_compiler,2,float,lookupApply,0,8191,9.628708338,9.694329142,9.963679648,10.049337688,10.0963137895,10.44242156,0.960185008520827
bv_compiler,2,float,lookupApply,1,8191,9.633286534,9.68936943,10.24905384,10.030147418,10.066578409000002,10.219967037,0.9625285808470175
bv_compiler,2,float,lookupApply,2,8191,9.644732023,9.6714381635,10.305518252,10.034359358,10.0648577705,10.221722012,0.9609115582186258
bv_compiler,2,float,prepared,0,8191,2.083842022,2.148318276,2.255524356,0.766069466,0.767294134,0.906345379,2.79986276553497
bv_compiler,2,float,prepared,1,8191,2.146410695,2.148699792,2.260865584,0.766222073,0.767137712,0.834185386,2.8009309911230122
bv_compiler,2,float,prepared,2,8191,2.146410695,2.14793676,2.50656208,0.766222073,0.766988921,0.83380387,2.8004795130541393
bv_compiler,2,float,vienot,0,8191,1.124710048,1.157138933,1.362013185,0.765840557,0.766946954,0.930815834,1.5087600608685643
bv_compiler,2,float,vienot,1,8191,1.144548895,1.157520449,1.243743133,0.766222073,0.767061409,0.836169271,1.5090323087808997
bv_vienot_index,2,double,brettel,0,8191,3.78464168,3.8388169945,4.388200464,4.001052985,4.103566413999999,4.229092907,0.9354830913429931
bv_vienot_index,2,double,brettel,1,8191,3.783115615,3.8735349775,3.986082285,4.054869674,4.1504623975,4.502006776,0.9332779354496007
bv_vienot_index,2,double,brettel,2,8191,3.78158955,3.8094402394999998,3.970821634,4.075517336,4.175890459,4.325639421,0.912246208779204
bv_vienot_index,2,double,lookup,0,8191,8.467372726,8.5223110735,9.036595043,5.834612685,5.9329637715,7.22449182,1.4364340322518687
bv_vienot_index,2,double,lookup,1,8191,8.488737639,8.549017214,8.714595288,5.830492309,5.9256272125,6.240088207,1.4427193793031743
bv_vienot_index,2,double,lookup,2,8191,8.505524356,8.6169271155,9.238035649,5.83239989,6.0036396655,7.633095776,1.4352838603917708
bv_vienot_index,2,double,lookupApply,0,8191,11.534000733,11.6251831275,12.277957514,10.160725186,10.24683723,10.573914968,1.134514276606695
bv_vienot_index,2,double,lookupApply,1,8191,11.537815895,11.6217494815,11.940697107,10.155986754,10.2424803135,10.583468136,1.1346616371995433
bv_vienot_index,2,double,lookupApply,2,8191,11.354688072,11.5492613845,11.660664144,10.162785374,10.276000336,10.524073678,1.1239062871611023
bv_vienot_index,2,double,prepared,0,8191,1.943444024,1.9468776705000002,2.134965206,1.166341106,1.1990256074999999,1.271837993,1.623716506404973
bv_vienot_index,2,double,prepared,1,8191,1.905292394,1.942299475,2.138017336,1.165883287,1.1994834265,1.425344891,1.619279960097056
bv_vienot_index,2,double,prepared,2,8191,1.893083873,1.9400103775000002,2.075448663,1.166112196,1.198754731,1.278407704,1.6183547203869182
bv_vienot_index,2,double,vienot,0,8191,1.048406788,1.059089244,1.151416188,1.170850629,1.2018907950000002,1.338046331,0.8811859183928601
bv_vienot_index,2,double,vienot,1,8191,1.049169821,1.057563179,1.650439507,1.171468685,1.2026156755000001,1.427870529,0.8793858258668605
bv_vienot_index,2,float,brettel,0,8191,2.32419729,2.42415456,3.011689659,2.115500244,2.356347668,2.554610243,1.0287762680018913
bv_vienot_index,2,float,brettel,1,8191,2.415761201,2.424536076,2.526400928,2.091655476,2.0989119155,2.1765047,1.1551395073301254
bv_vienot_index,2,float,brettel,2,8191,2.422628495,2.4283512395,2.52411183,2.07842449,2.0799543705,2.158390306,1.1675021692501115
bv_vienot_index,2,float,lookup,0,8191,6.72002808,7.073693688500001,9.321969235,4.472034855,4.5450456290000005,4.577989562,1.556352623473299
bv_vienot_index,2,float,lookup,1,8191,6.700952265,7.0168477595,7.704340129,4.471805946,4.5423292335,4.645800269,1.5447686415485364
bv_vienot_index,2,float,lookup,2,8191,7.072549139,7.0996367965000005,7.650164815,4.468906422,4.5352177695,4.568970516,1.5654456207695453
bv_vienot_index,2,float,lookupApply,0,8191,9.640153827,9.725994994499999,9.804968868,10.02832377,10.073762361,10.741858442,0.965477906462598
bv_vienot_index,2,float,lookupApply,1,8191,9.641679893,9.701959468,10.265840557,10.03182609,10.0609205225,10.500671469,0.9643212513509845
bv_vienot_index,2,float,lookupApply,2,8191,9.617262849,9.725994994499999,10.317726773,10.033283482,10.048078684,10.151935051,0.9679457436959695
bv_vienot_index,2,float,prepared,0,8191,2.132676108,2.153277988,2.333353681,0.766222073,0.767061409,0.921483946,2.8071780990875013
bv_vienot_index,2,float,prepared,1,8191,2.153277988,2.1551855695,2.253998291,0.766069466,0.767137712,0.867201807,2.8093855063926254
bv_vienot_index,2,float,prepared,2,8191,2.153277988,2.155948602,2.332590648,0.766222073,0.767137712,0.83357496,2.8103801550561758
bv_vienot_index,2,float,vienot,0,8191,1.059852277,1.078165059,1.207880601,0.7661534,0.7668706505,0.903285618,1.405928181365444
bv_vienot_index,2,float,vienot,1,8191,1.069008668,1.078928092,1.172781101,0.766527286,0.7668706505,0.877907154,1.4069231770658301
bv_vienot_static,2,double,brettel,0,8191,3.78158955,3.8617079725,4.469844952,4.004570565,4.108075937,4.231237028,0.9400283811014666
bv_vienot_static,2,double,brettel,1,8191,3.780826517,3.8353833475,3.953271884,4.086443963,4.1583788605,4.321290136,0.9223265787376662
bv_vienot_static,2,double,brettel,2,8191,3.780063484,3.8330942495,3.944115493,4.068329569,4.192742034,4.317619949,0.9142213421232392
bv_vienot_static,2,double,lookup,0,8191,8.508576486,8.5444390185,8.721462581,5.837443536,5.9672887925,6.775904957,1.4318795881370947
bv_vienot_static,2,double,lookup,1,8191,8.479581248,8.513154682,8.974789403,5.819481748,5.915307197000001,6.185203272,1.4391737231022457
bv_vienot_static,2,double,lookup,2,8191,8.494078867,8.6020479795,9.213618606,5.825448663,5.9194733545,6.131997009,1.453177920458194
bv_vienot_static,2,double,lookupApply,0,8191,11.525607374,11.6213679645,12.310004883,10.193215114,10.250469265,10.355275607,1.1337400917030114
bv_vienot_static,2,double,lookupApply,1,8191,11.525607374,11.5958063725,11.634721035,10.191910328,10.251651965499999,10.328981504,1.1311158837154733
bv_vienot_static,2,double,lookupApply,2,8191,11.453119277,11.5675741665,11.834635576,10.234800391,10.3190430045,10.521166524,1.1209929216745713
bv_vienot_static,2,double,prepared,0,8191,1.896136003,1.913685753,2.041875229,1.17345257,1.1960459650000002,1.269777805,1.6000102078016707
bv_vienot_static,2,double,prepared,1,8191,1.897662068,1.9190269805,2.091472348,1.172536931,1.1967326945,1.275889696,1.6035552377899873
bv_vienot_static,2,double,prepared,2,8191,1.88926871,1.9133042365000001,3.989134416,1.179793371,1.196576273,1.276271212,1.598982262704452
bv_vienot_static,2,double,vienot,0,8191,0.904193627,0.910297888,1.06671957,1.171773898,1.19944146,1.278491637,0.7589348195450906
bv_vienot_static,2,double,vienot,1,8191,0.901141497,0.907627274,1.616866073,1.172002808,1.1996360335,1.411816323,0.7565855381585618
bv_vienot_static,2,float,brettel,0,8191,2.372268343,2.427969723,3.020083018,2.113508729,2.1173391524999996,2.26777866,1.146707989663928
bv_vienot_static,2,float,brettel,1,8191,2.427969723,2.431021853,2.650012209,2.092029361,2.095470639,2.174894702,1.16013167054449
bv_vienot_static,2,float,brettel,2,8191,2.42720669,2.4348370160000004,2.513429374,2.078119277,2.084273135,2.160068978,1.1681947894031655
bv_vienot_static,2,float,lookup,0,8191,6.707819558,6.932914174,7.740202661,4.46301581,4.5454271455,8.159969784,1.5252503124736312
bv_vienot_static,2,float,lookup,1,8191,6.730710536,6.9283359785,7.425833232,4.462176474,4.5330431265,4.779277561,1.5284072498664767
bv_vienot_static,2,float,lookup,2,8191,6.691032841,6.78183372,6.945885728,4.464007752,4.5343860639999995,4.592517702,1.4956454135750008
bv_vienot_static,2,float,lookupApply,0,8191,9.618788915,9.715312538,9.936973508,10.035198694,10.11037648,15.561965877,0.9609249029666203
bv_vienot_static,2,float,lookupApply,1,8191,9.62336711,9.672964229000002,10.397082163,10.038174521,10.1048750155,10.246573984,0.9572571866710391
bv_vienot_static,2,float,lookupApply,2,8191,9.633286534,9.6992888535,10.338328653,10.029079172,10.070321084,11.421705225,0.9631558688739821
bv_vienot_static,2,float,prepared,0,8191,2.080026859,2.1525149555,2.253235258,0.766450983,0.7674047735,1.371146685,2.804927764109093
bv_vienot_static,2,float,prepared,1,8191,2.149462825,2.151751923,2.346325235,0.766840129,0.7672559825,0.866599011,2.8044772176149175
bv_vienot_static,2,float,prepared,2,8191,2.146410695,2.150225858,2.223476987,0.766679893,0.7673361005,0.839992064,2.802195617538263
bv_vienot_static,2,float,vienot,0,8191,0.913350018,0.924032475,1.064430472,0.766061836,0.766908802,0.953439751,1.2048792145692442
bv_vienot_static,2,float,vienot,1,8191,0.920217312,0.924032475,1.121657917,0.766222073,0.766908802,0.992354413,1.2048792145692442
default,0,double,brettel,0,65536,15.773582458,16.146326065,16.508102417,4.168696404,4.1898460385,4.209465027,3.8536800437613503
default,0,double,brettel,1,65536,16.790008545,16.812849045,16.864776611,4.200657845,4.2268428799999995,4.670144081,3.977637570715664
default,0,double,brettel,2,65536,16.637611389,16.6739463805,16.757774353,4.216039658,4.228662968,4.277812004,3.943077636283261
default,0,double,lookup,0,65536,8.520126343,8.542776108,8.589839935,5.87631321,5.9005713465,6.013832092,1.4477879524441746
default,0,double,lookup,1,65536,8.5272789,8.5421562195,8.618736267,5.879199028,5.902578831,6.015381813,1.4471905355396686
default,0,double,lookup,2,65536,8.530330658,8.557319641,8.667850494,5.883172989,5.9168953895000005,5.9901371,1.446251636658245
default,0,double,lookupApply,0,65536,11.606502533,11.626672745,11.685752869,10.291921616,10.3130126,10.412806511,1.127378894601564
default,0,double,lookupApply,1,65536,11.607551575,11.6346359255,11.665916443,10.291768074,10.312295913500002,10.39394474,1.128229447941743
default,0,double,lookupApply,2,65536,11.604118347,11.624336242999998,11.716651917,10.291395187,10.316184997499999,10.420182228,1.1268057179875133
default,0,double,prepared,0,65536,1.919841766,1.9525527955,1.995754242,1.209024429,1.2207350735,1.27699852,1.5994893878995278
default,0,double,prepared,1,65536,1.918029785,1.9347190855,1.977062225,1.21175766,1.216803074,1.240794182,1.590001806241328
default,0,double,prepared,2,65536,1.918315887,1.9359111785,1.964092255,1.211565971,1.2167220115,1.244875908,1.5910874959131946
default,0,double,vienot,0,65536,0.92010498,0.9343147275,0.982284546,1.215447426,1.225531578,1.244377136,0.7623750740268562
default,0,double,vienot,1,65536,0.914669037,0.942516327,1.006221771,1.21561718,1.228556156,1.311892509,0.7671739890740493
default,0,float,brettel,0,65536,13.311004639,13.3473396305,13.676166534,2.156561852,2.2051172255,2.237714767,6.05289345897407
default,0,float,brettel,1,65536,14.14937973,14.17927742,14.264583588,2.161326408,2.175876617,2.193146706,6.5165815511863645
default,0,float,brettel,2,65536,13.953113556,13.976192474000001,14.046573639,2.163953781,2.1737508775,2.215858459,6.429528157372763
default,0,float,lookup,0,65536,6.773757935,6.9301128389999995,7.063484192,4.513780594,4.537267208499999,4.574206352,1.527375955733289
default,0,float,lookup,1,65536,6.780815125,6.946325302,7.089996338,4.507818222,4.532643795,4.573566437,1.5325107412284533
default,0,float,lookup,2,65536,6.782054901,6.7974090579999995,6.843852997,4.513800621,4.5344824795,4.562500954,1.499048477688577
default,0,float,lookupApply,0,65536,9.684753418,9.750938415499999,10.015010834,10.068647385,10.091139316500001,11.147471428,0.9662871663615088
default,0,float,lookupApply,1,65536,9.695339203,9.7271442415,9.905147552,10.06609726,10.086443900999999,10.155910492,0.9643779648182669
default,0,float,lookupApply,2,65536,9.690761566,9.726333618,9.909915924,10.066469193,10.085129738,10.12962532,0.964423251924258
default,0,float,prepared,0,65536,2.151679993,2.188253403,2.250862122,0.776325226,0.787609577,0.824957848,2.778347885680928
default,0,float,prepared,1,65536,2.174091339,2.185630798,2.21862793,0.776648521,0.785880089,0.820400238,2.781125045146678
default,0,float,prepared,2,65536,2.174663544,2.1827220919999997,2.201557159,0.776220322,0.78606987,0.807683945,2.7767532827584396
default,0,float,vienot,0,65536,6.863880157,6.971311569499999,7.096195221,0.774470329,0.7866773605,0.828349113,8.86171627599546
default,0,float,vienot,1,65536,6.862545013,6.871414184500001,6.914138794,0.774078369,0.785554886,0.79833889,8.74721080214884
bv_direct,0,double,brettel,0,65536,3.845024109,3.8576126095000003,3.872203827,4.168504715,4.191431999,4.264472961,0.9203567206673894
bv_direct,0,double,brettel,1,65536,3.844451904,3.863143921,3.903102875,4.192279816,4.220197201,4.250132561,0.915394171647857
bv_direct,0,double,brettel,2,65536,3.828620911,3.8546085354999997,3.882026672,4.210698128,4.226636409999999,4.252375603,0.9119801566986455
bv_direct,0,double,lookup,0,65536,8.527946472,8.568048477000001,8.615112305,5.881635666,5.9027748105,5.976818085,1.4515289422457633
bv_direct,0,double,lookup,1,65536,8.525753021,8.568954468000001,8.718585968,5.876016617,5.9034399985,5.979311943,1.451518855138238
bv_direct,0,double,lookup,2,65536,8.519458771,8.560276031499999,8.747673035,5.915094376,5.9557404515000005,6.804176331,1.4373151585784814
bv_direct,0,double,lookupApply,0,65536,11.607456207,11.6243362425,11.687088013,10.270260811,10.293970585,10.393391609,1.1292373673030074
bv_direct,0,double,lookupApply,1,65536,11.605930328,11.6253376005,11.713600159,10.27442646,10.2994036675,10.355872154,1.1287389033196178
bv_direct,0,double,lookupApply,2,65536,11.611270905,11.629295349,11.66305542,10.274044991,10.2970666885,10.341596603,1.1293794340467722
bv_direct,0,double,prepared,0,65536,1.923656464,1.9392967225,1.977157593,1.209008217,1.2148861885,1.354245186,1.5962785163393929
bv_direct,0,double,prepared,1,65536,1.922988892,1.946258545,1.958656311,1.213985443,1.2321534155,1.264318466,1.5795586170657334
bv_direct,0,double,prepared,2,65536,1.912307739,1.9389629364999998,1.964855194,1.210689545,1.2222924235,1.302708626,1.5863331059091688
bv_direct,0,double,vienot,0,65536,1.095867157,1.1172771455000001,1.177978516,1.214635849,1.2247762679999998,1.256912231,0.9122295840402422
bv_direct,0,double,vienot,1,65536,1.103401184,1.1161804195,1.163673401,1.214864731,1.229013443,1.254304886,0.9081921974550771
bv_direct,0,float,brettel,0,65536,2.38609314,2.453517914,2.497577667,2.166298866,2.2114019395,2.33023262,1.109485286313325
bv_direct,0,float,brettel,1,65536,2.451324463,2.462434769,2.485275269,2.162619591,2.1761569979999997,2.201755524,1.1315519841919055
bv_direct,0,float,brettel,2,65536,2.447891235,2.4610042575,2.560710907,2.162940025,2.173125744,2.230438232,1.1324720920061033
bv_direct,0,float,lookup,0,65536,6.783103943,6.97889328,7.089614868,4.529575348,4.548154353999999,4.612671852,1.5344451258260883
bv_direct,0,float,lookup,1,65536,6.774902344,6.920289993,7.102203369,4.522162437,4.545934677,4.703403473,1.5223029992078347
bv_direct,0,float,lookup,2,65536,6.789588928,6.931257248,7.125091553,4.521166801,4.537620544499999,4.602678299,1.527509226482435
bv_direct,0,float,lookupApply,0,65536,9.704303741,9.7309589385,9.79347229,10.065867424,10.080915928,10.193470001,0.9652851990831522
bv_direct,0,float,lookupApply,1,65536,9.697628021,9.725522995,9.84287262,10.069116592,10.124786854,10.672836304,0.9605657022950304
bv_direct,0,float,lookupApply,2,65536,9.698581696,9.7362995145,9.848213196,10.063019753,10.080582142,10.201142311,0.9658469498437424
bv_direct,0,float,prepared,0,65536,2.150154114,2.174949646,2.236557007,0.777166367,0.787861347,0.801576614,2.760574121679814
bv_direct,0,float,prepared,1,65536,2.176570892,2.184915543,2.22158432,0.77764225,0.7878894805000001,0.804213524,2.773124400155003
bv_direct,0,float,prepared,2,65536,2.174282074,2.1861076355,2.262020111,0.777709007,0.7874655724999999,0.821738243,2.7761310612725234
bv_direct,0,float,vienot,0,65536,1.138019562,1.1592864989999998,1.194477081,0.774003029,0.7859268189999999,0.810091972,1.4750565459454055
bv_direct,0,float,vienot,1,65536,1.167869568,1.1734962465,1.210594177,0.775541306,0.7856545445,0.816357613,1.493654246277958
bv_split,0,double,brettel,0,65536,3.837585449,3.8546562195,3.889656067,4.171257973,4.188985348,4.228242874,0.9201885180477838
bv_split,0,double,brettel,1,65536,3.846168518,3.8573265075,3.888225555,4.191638947,4.220436573,4.242917061,0.9139638615059457
bv_split,0,double,brettel,2,65536,3.844547272,3.8582801815,3.872966766,4.217876434,4.2283997535,4.25667572,0.9124681691475272
bv_split,0,double,lookup,0,65536,8.518218994,8.542442321500001,8.61120224,5.887002945,5.9037861825,5.975958824,1.4469430391672218
bv_split,0,double,lookup,1,65536,8.525466919,8.5492134095,8.652305603,5.894562721,5.928648949,6.267948151,1.4420171413492135
bv_split,0,double,lookup,2,65536,8.525848389,8.56924057,8.628082275,5.877008438,5.917407513000001,5.979502678,1.4481410231041492
bv_split,0,double,lookupApply,0,65536,11.612129211,11.629056930499999,11.833000183,10.252375603,10.301149845000001,10.372740746,1.1289086272387874
bv_split,0,double,lookupApply,1,65536,11.602115631,11.621809006,11.690616608,10.257201195,10.320318699000001,10.399207115,1.126109507366871
bv_split,0,double,lookupApply,2,65536,11.609077454,11.6461753845,11.708831787,10.266975403,10.308344364,10.425013542,1.1297813667510108
bv_split,0,double,prepared,0,65536,1.927757263,1.9533157349999999,1.974773407,1.211403847,1.221990585,1.281525612,1.5984703638285396
bv_split,0,double,prepared,1,65536,1.932811737,1.951313019,1.971340179,1.211040497,1.220376015,1.239857674,1.59894409183386
bv_split,0,double,prepared,2,65536,1.919174194,1.9491672515,1.973342896,1.210582733,1.2242980005000001,1.288050652,1.5920692925284246
bv_split,0,double,vienot,0,65536,1.098060608,1.1129379275,1.17855072,1.216629982,1.228454113,1.253071785,0.9059662186177239
bv_split,0,double,vienot,1,65536,1.091098785,1.114797592,1.148509979,1.214710236,1.2258315085,1.254457474,0.9094215512245498
bv_split,0,float,brettel,0,65536,2.369689941,2.4533271790000004,2.47964859,2.167320251,2.211421013,2.231791496,1.1093894670340643
bv_split,0,float,brettel,1,65536,2.442359924,2.4627685545,2.478027344,2.164382935,2.1752905845,2.217558861,1.1321561229788886
bv_split,0,float,brettel,2,65536,2.441501617,2.4626731875,2.508449554,2.159740448,2.1711096765,2.198389053,1.1342923916538494
bv_split,0,float,lookup,0,65536,6.809139252,6.9949626925,7.189655304,4.522628784,4.529897213,4.576115608,1.5441769125413487
bv_split,0,float,lookup,1,65536,6.810474396,6.982755661,7.161712646,4.513456345,4.538142204,4.650032043,1.5386815456874123
bv_split,0,float,lookup,2,65536,7.101535797,7.128381729,7.241439819,4.527816772,4.542010784,4.569159508,1.569433026031318
bv_split,0,float,lookupApply,0,65536,9.703826904,9.721946716,9.932041168,10.070655823,10.092535019,10.118579865,0.9632809495035353
bv_split,0,float,lookupApply,1,65536,9.709262848,9.737157821499999,9.773349762,10.072756767,10.086218357,10.154842377,0.9653923281109864
bv_split,0,float,lookupApply,2,65536,9.711551666,9.736490249500001,17.208194733,10.071879387,10.087692260499999,10.132102013,0.9651850986399351
bv_split,0,float,prepared,0,65536,2.153873444,2.176618576,2.201461792,0.777795792,0.7870397570000001,0.813340187,2.7655763976863494
bv_split,0,float,prepared,1,65536,2.17628479,2.188682556,2.216720581,0.777327538,0.7866768835,0.800879478,2.782187454476028
bv_split,0,float,prepared,2,65536,2.175617218,2.1841526030000002,2.208042145,0.777786255,0.7873306275,0.807977676,2.7741237628914672
bv_split,0,float,vienot,0,65536,1.138305664,1.1648654935,1.213169098,0.77767086,0.7913599015,0.810578346,1.4719794259123198
bv_split,0,float,vienot,1,65536,1.16891861,1.179265976,1.204395294,0.776180267,0.787083149,0.837283134,1.4982736925549398
bv_portable,0,double,brettel,0,65536,3.842067719,3.858947754,3.891468048,4.161952972,4.1844592095,4.271974564,0.9222094327599156
bv_portable,0,double,brettel,1,65536,3.844738007,3.859996796,3.875541687,4.202388763,4.2163186075,4.24774456,0.9154898278165758
bv_portable,0,double,brettel,2,65536,3.835296631,3.86428833,3.93447876,4.214111328,4.2341189385,4.289860725,0.9126546481400879
bv_portable,0,double,lookup,0,65536,8.51650238,8.547115326,9.229850769,5.87711525,5.900939941000001,5.98785305,1.448432861791094
bv_portable,0,double,lookup,1,65536,8.52432251,8.543205261,8.622932434,5.866558075,5.911383152,5.986085892,1.4452125739996358
bv_portable,0,double,lookup,2,65536,8.52804184,8.563804626500001,8.642959595,5.884300232,5.911664963,6.000360489,1.4486282088209068
bv_portable,0,double,lookupApply,0,65536,11.601066589,11.6218566895,11.674976349,10.275679588,10.305685997000001,10.381010056,1.1277130598470726
bv_portable,0,double,lookupApply,1,65536,11.599063873,11.614561081000002,11.677932739,10.283752441,10.30621624,10.5175457,1.126947156020472
bv_portable,0,double,lookupApply,2,65536,11.60697937,11.6240024565,11.702251434,10.282731056,10.3090109825,10.343039513,1.1275574811426872
bv_portable,0,double,prepared,0,65536,1.933670044,1.9631385805,2.007961273,1.212101936,1.216138363,1.246087074,1.6142394979279178
bv_portable,0,double,prepared,1,65536,1.924228668,1.954317093,1.999950409,1.211489677,1.2174572945,1.273164749,1.6052448836019522
bv_portable,0,double,prepared,2,65536,1.928806305,1.9543647769999999,2.009105682,1.213744164,1.223982334,1.296851158,1.5967262947440546
bv_portable,0,double,vienot,0,65536,0.919532776,0.9455680845000001,1.090621948,1.215130806,1.2210545540000002,1.239092827,0.7743864362181478
bv_portable,0,double,vienot,1,65536,0.922012329,0.96077919,1.16186142,1.217394829,1.2312822345,1.284257889,0.7803078474450286
bv_portable,0,float,brettel,0,65536,2.425479889,2.4676322935000004,2.684879303,2.155564308,2.217932224,2.257054329,1.1125823714530243
bv_portable,0,float,brettel,1,65536,2.456665039,2.471637726,2.631282806,2.164526939,2.1773252485,2.458943367,1.1351715724156313
bv_portable,0,float,brettel,2,65536,2.450180054,2.470636368,2.479171753,2.165215492,2.1741771695,2.235536575,1.1363546644950637
bv_portable,0,float,lookup,0,65536,7.101631165,7.1309566495,8.388328552,4.521025658,4.5438656805,5.344597816,1.5693590327950278
bv_portable,0,float,lookup,1,65536,7.107543945,7.1251392365,8.876132965,4.523805618,4.5365276340000005,5.463447571,1.570615195441351
bv_portable,0,float,lookup,2,65536,6.977653503,7.0670127869999995,7.388210297,4.51286602,4.532778263,4.636674881,1.559090777655364
bv_portable,0,float,lookupApply,0,65536,9.699726105,9.725999832,9.840488434,10.063996315,10.080573559,10.119346619,0.9648260364427941
bv_portable,0,float,lookupApply,1,65536,9.698200226,9.7259044645,9.861755371,10.07036972,10.118319511500001,18.188209534,0.9612173694896666
bv_portable,0,float,lookupApply,2,65536,9.711456299,9.7276687625,9.769916534,10.067053795,10.09512043,23.366843224,0.9636010615179953
bv_portable,0,float,prepared,0,65536,2.100086212,2.146577835,2.203464508,0.776456833,0.7872686385000001,0.830136299,2.726614182282075
bv_portable,0,float,prepared,1,65536,2.167701721,2.1799087525000003,2.198982239,0.775206566,0.786371231,0.859735489,2.772111525148102
bv_portable,0,float,prepared,2,65536,2.167224884,2.1820068355,2.268218994,0.777269363,0.7889218330000001,0.829133034,2.7658086571169846
bv_portable,0,float,vienot,0,65536,1.140403748,1.160669327,1.194953918,0.775932312,0.7858691215,0.812793732,1.4769244588521473
bv_portable,0,float,vienot,1,65536,1.170158386,1.179742813,1.2342453,0.776486397,0.7953472134999999,0.93551445,1.4833053953988615
bv_compiler,0,double,brettel,0,65536,3.840637207,3.856277466,3.945732117,4.166558266,4.1938319205,4.241342545,0.9195116874260054
bv_compiler,0,double,brettel,1,65536,3.84721756,3.862476349,3.89957428,4.197811127,4.221014499500001,4.285054207,0.9150587730645153
bv_compiler,0,double,brettel,2,65536,3.839683533,3.8540840144999997,3.878498077,4.216806412,4.2309851645,4.244190216,0.9109188202401696
bv_compiler,0,double,lookup,0,65536,8.513641357,8.539438247500001,8.814144135,5.882026672,5.8975429535,5.922423363,1.447965417942759
bv_compiler,0,double,lookup,1,65536,8.511161804,8.550071716,8.605766296,5.872098923,5.8964152335,6.016880989,1.4500457273469256
bv_compiler,0,double,lookup,2,65536,8.522510529,8.561229705999999,8.705711365,5.878586769,5.926804542499999,6.389855385,1.4444933428475721
bv_compiler,0,double,lookupApply,0,65536,11.600208282,11.643362045,12.200546265,10.286589622,10.3199844365,10.410227776,1.1282344577787775
bv_compiler,0,double,lookupApply,1,65536,11.600112915,11.64188385,11.836719513,10.2797966,10.3146386145,10.378256798,1.1286758833832724
bv_compiler,0,double,lookupApply,2,65536,11.60364151,11.635589599500001,11.720848083,10.279175758,10.327331543,10.446745872,1.126679195981343
bv_compiler,0,double,prepared,0,65536,1.925754547,1.9623279574999999,1.980495453,1.214260101,1.2299113275,1.295895576,1.5955036055231389
bv_compiler,0,double,prepared,1,65536,1.922416687,1.9642829895,2.024459839,1.216028214,1.226194382,1.295541763,1.601934422743098
bv_compiler,0,double,prepared,2,65536,1.923465729,1.956272125,1.990413666,1.214260101,1.2261037825,1.308879852,1.595519199044637
bv_compiler,0,double,vienot,0,65536,0.916862488,0.942993164,1.1095047,1.216974258,1.226003647,1.267967224,0.7691601622127965
bv_compiler,0,double,vienot,1,65536,0.918197632,0.9519577025,1.044559479,1.21790123,1.227198124,1.270813942,0.7757163932072634
bv_compiler,0,float,brettel,0,65536,2.439880371,2.4639606475,2.693462372,2.151695251,2.2135138515,2.245159149,1.1131444448970957
bv_compiler,0,float,brettel,1,65536,2.449226379,2.4671554565,2.481460571,2.164669991,2.178085327,2.301760674,1.1327175413729786
bv_compiler,0,float,brettel,2,65536,2.452754974,2.4677753449999997,2.485656738,2.163141251,2.173235893,2.214010239,1.1355303641674206
bv_compiler,0,float,lookup,0,65536,7.109260559,7.123565674,7.204055786,4.524742126,4.537092209,4.59657383,1.5700729334681238
bv_compiler,0,float,lookup,1,65536,7.100963593,7.1214675905,7.186126709,4.517958641,4.5371155739999995,4.694806099,1.5696024212628974
bv_compiler,0,float,lookup,2,65536,6.972026825,7.076883316,7.179737091,4.520758629,4.546593666,4.564231873,1.556524254393311
bv_compiler,0,float,lookupApply,0,65536,9.701919556,9.721708297500001,9.757137299,10.065391541,10.087357521,10.149559021,0.963751733520024
bv_compiler,0,float,lookupApply,1,65536,9.704875946,9.7245693205,9.778499603,10.067483902,10.0826854705,10.904164314,0.9644820667025885
bv_compiler,0,float,lookupApply,2,65536,9.706020355,9.7341060635,10.814285278,10.066566467,10.089235305999999,10.139775276,0.9648011735548674
bv_compiler,0,float,prepared,0,65536,2.100753784,2.167272568,2.195453644,0.778608322,0.794004917,0.810481071,2.729545524968078
bv_compiler,0,float,prepared,1,65536,2.168560028,2.1827697754999997,2.246761322,0.777070045,0.7871537205,0.814962387,2.7729904828671894
bv_compiler,0,float,prepared,2,65536,2.168560028,2.174472809,2.198886871,0.777403831,0.7877988815000001,0.807232857,2.7601877332698392
bv_compiler,0,float,vienot,0,65536,1.139831543,1.163959503,1.194000244,0.775741577,0.785935402,0.807137489,1.480986223598056
bv_compiler,0,float,vienot,1,65536,1.170349121,1.1795043944999999,1.200199127,0.776047707,0.7867913245,0.827421188,1.4991324354644684
bv_vienot_index,0,double,brettel,0,65536,3.844833374,3.8615226744999998,3.92665863,4.17547226,4.194223404000001,4.225137711,0.9206764405580526
bv_vienot_index,0,double,brettel,1,65536,3.844261169,3.855752945,3.92999649,4.204680443,4.2240672109999995,4.251737595,0.9128057751920085
bv_vienot_index,0,double,brettel,2,65536,3.846263885,3.860330582,3.913974762,4.215697289,4.2417383195,4.359828949,0.9100822095161781
bv_vienot_index,0,double,lookup,0,65536,8.513259888,8.536863326999999,8.599853516,5.878481865,5.8987708095,5.979474068,1.4472274992022638
bv_vienot_index,0,double,lookup,1,65536,8.51316452,8.539676666,8.610916138,5.882838249,5.9001750945,5.97789669,1.4473598713977962
bv_vienot_index,0,double,lookup,2,65536,8.518028259,8.577775955,9.211540222,5.874670029,5.9235749245000004,6.017300606,1.4480741890378024
bv_vienot_index,0,double,lookupApply,0,65536,11.604690552,11.643600464,12.401294708,10.317260742,10.3288035395,10.415893555,1.1272942136494202
bv_vienot_index,0,double,lookupApply,1,65536,11.603069305,11.635541916,14.341259003,10.315444946,10.3460206985,10.388442039,1.1246393425142633
bv_vienot_index,0,double,lookupApply,2,65536,11.612510681,11.64894104,11.964416504,10.313066483,10.335925579000001,11.172774315,1.1270341442538747
bv_vienot_index,0,double,prepared,0,65536,1.925468445,1.9570350644999999,2.001667023,1.210887909,1.218641758,1.259148598,1.6059149882667978
bv_vienot_index,0,double,prepared,1,65536,1.938819885,1.9519805909999999,2.004241943,1.212340355,1.219067097,1.254055977,1.601208494432854
bv_vienot_index,0,double,prepared,2,65536,1.927185059,1.9518375395,1.971149445,1.212035179,1.2191047665,1.291969299,1.601041676757319
bv_vienot_index,0,double,vienot,0,65536,1.069736481,1.0863780975,1.152229309,1.219046593,1.2324810025000001,1.276165009,0.8814562620408422
bv_vienot_index,0,double,vienot,1,65536,1.070022583,1.0900497434999998,1.171016693,1.219162941,1.229567528,1.247481346,0.8865310108449772
bv_vienot_index,0,float,brettel,0,65536,2.403068542,2.4615287785,2.500629425,2.153654099,2.213828564,2.26139164,1.1118877127741316
bv_vienot_index,0,float,brettel,1,65536,2.452087402,2.46629715,2.481460571,2.164144516,2.168759346,2.196659088,1.1371926325291788
bv_vienot_index,0,float,brettel,2,65536,2.450752258,2.4651527404999998,2.495098114,2.162940979,2.1714491845,2.198656082,1.1352569326035729
bv_vienot_index,0,float,lookup,0,65536,6.790733337,6.9781303405,7.166481018,4.522248268,4.536413193,4.630531311,1.5382484010203787
bv_vienot_index,0,float,lookup,1,65536,6.784534454,6.9794654845,7.158851624,4.514145851,4.5382528305,4.608651161,1.537919050607641
bv_vienot_index,0,float,lookup,2,65536,6.797409058,6.905603408999999,7.040691376,4.51239872,4.529940128,4.651484489,1.5244359117057187
bv_vienot_index,0,float,lookupApply,0,65536,9.709453583,9.745645523,9.792327881,10.066250801,10.08150053,10.141819,0.9666860100834613
bv_vienot_index,0,float,lookupApply,1,65536,9.714984894,9.73982811,9.764671326,10.067358971,10.079555988500001,10.194645882,0.966295352802484
bv_vienot_index,0,float,lookupApply,2,65536,9.700584412,9.723472595,13.380241394,10.069022179,10.0812187195,10.139295578,0.9645136035181922
bv_vienot_index,0,float,prepared,0,65536,2.15215683,2.1735191345000002,2.201271057,0.777719498,0.7894086835,0.810567856,2.7533509320714233
bv_vienot_index,0,float,prepared,1,65536,2.177047729,2.186727524,2.207183838,0.777040482,0.7869148255,0.798156738,2.7788617689475723
bv_vienot_index,0,float,prepared,2,65536,2.175617218,2.185678482,2.239131927,0.777671814,0.787660122,0.809574127,2.7749005198463
bv_vienot_index,0,float,vienot,0,65536,1.073455811,1.0887622829999999,1.124382019,0.775578499,0.788339138,0.823170662,1.3810836358602812
bv_vienot_index,0,float,vienot,1,65536,1.091480255,1.095676422,1.107406616,0.774795532,0.786217213,0.806669235,1.39360523260383
bv_vienot_static,0,double,brettel,0,65536,3.842067719,3.8627147675,3.989028931,4.174803734,4.191643715,4.291484833,0.9215274556081874
bv_vienot_static,0,double,brettel,1,65536,3.845119476,3.8558006285,3.867340088,4.196252823,4.2127451895,4.242690086,0.9152703178227676
bv_vienot_static,0,double,brettel,2,65536,3.840923309,3.8610458375,3.88584137,4.212965012,4.2412223815,4.250285149,0.9103615632940373
bv_vienot_static,0,double,lookup,0,65536,8.516216278,8.545923233,8.588790894,5.882579803,5.908698082000001,6.08118248,1.4463293122107435
bv_vienot_static,0,double,lookup,1,65536,8.515644073,8.5505485535,8.608627319,5.87642765,5.8983979225,6.025622368,1.4496391504688282
bv_vienot_static,0,double,lookup,2,65536,8.519268036,8.5507392885,9.080219269,5.879198074,5.9238371845,5.996585846,1.4434460337420167
bv_vienot_static,0,double,lookupApply,0,65536,11.606502533,11.630058288499999,11.667537689,10.266420364,10.3034114835,10.35781002,1.1287580144813694
bv_vienot_static,0,double,lookupApply,1,65536,11.611175537,11.628437042,11.782741547,10.271943092,10.2960395815,10.372619629,1.1294087352669138
bv_vienot_static,0,double,lookupApply,2,65536,11.613559723,11.632680893,11.755275726,10.266907692,10.302555561,10.407341003,1.1291063488203983
bv_vienot_static,0,double,prepared,0,65536,1.931858063,1.9516944885,1.982021332,1.209253311,1.213687897,1.267824173,1.6080694990237676
bv_vienot_static,0,double,prepared,1,65536,1.936626434,1.945257187,2.017307281,1.21217823,1.2163004874999999,1.24403286,1.5993228704514517
bv_vienot_static,0,double,prepared,2,65536,1.934814453,1.9514560699999999,2.188873291,1.210830688,1.218923569,1.265053749,1.600966721482764
bv_vienot_static,0,double,vienot,0,65536,0.919723511,0.9745597834999999,1.052379608,1.216515541,1.2269968985,1.345312119,0.7942642599108412
bv_vienot_static,0,double,vienot,1,65536,0.919723511,0.977230072,1.186466217,1.217432022,1.2217178345000002,1.255412102,0.7998819730743645
bv_vienot_static,0,float,brettel,0,65536,2.395915985,2.4634838104999996,2.492427826,2.152870178,2.2097630505,2.357578278,1.1148180842025532
bv_vienot_static,0,float,brettel,1,65536,2.456283569,2.467727661,2.50120163,2.158431053,2.1791739464999997,2.247231483,1.1324142641129913
bv_vienot_static,0,float,brettel,2,65536,2.455615997,2.467107773,2.503871918,2.158669472,2.1662607195,2.198980331,1.1388785065398035
bv_vienot_static,0,float,lookup,0,65536,6.790733337,6.8031787875,6.873035431,4.52020359,4.5471096035,4.592494011,1.4961545642672565
bv_vienot_static,0,float,lookup,1,65536,6.792068481,6.809854507500001,7.674598694,4.522573471,4.542083740500001,4.601771355,1.499279823218398
bv_vienot_static,0,float,lookup,2,65536,6.79769516,6.8245410920000005,6.895923615,4.515483856,4.531779289499999,4.575372696,1.5059297145852322
bv_vienot_static,0,float,lookupApply,0,65536,9.690761566,9.7178459165,9.77191925,10.065285683,10.082775593000001,10.122766495,0.9638066251565338
bv_vienot_static,0,float,lookupApply,1,65536,9.693717957,9.709835052,9.749221802,10.064798355,10.086210251,10.170539856,0.9626841807146858
bv_vienot_static,0,float,lookupApply,2,65536,9.694385529,9.715795517,9.983444214,10.061712265,10.0795407295,10.133458138,0.9639125211890439
bv_vienot_static,0,float,prepared,0,65536,2.101325989,2.1601200105,2.225971222,0.777833939,0.787794113,0.811991692,2.7419854691145678
bv_vienot_static,0,float,prepared,1,65536,2.168464661,2.1784305575,2.19078064,0.776935577,0.787665367,0.814991951,2.765680260637891
bv_vienot_static,0,float,prepared,2,65536,2.167034149,2.1747112275,2.203559875,0.776180267,0.787727356,0.819386482,2.760741024080926
bv_vienot_static,0,float,vienot,0,65536,0.924777985,0.9362697600000001,0.959300995,0.775157928,0.787612438,0.817054749,1.1887442539346997
bv_vienot_static,0,float,vienot,1,65536,0.935459137,0.9370803835,0.981044769,0.77528286,0.7849659920000001,0.800660133,1.1937846901015807
default,1,double,brettel,0,65536,15.776443481,15.790319443,15.819454193,4.174275398,4.2022275925,4.271761894,3.7576069109588572
default,1,double,brettel,1,65536,16.780471802,16.809892654,16.914558411,4.199500084,4.2163681985,4.27780056,3.9868180060698273
default,1,double,brettel,2,65536,16.666126251,16.7026519775,17.092609406,4.208939552,4.23538208,4.28018856,3.9435998127233898
default,1,double,lookup,0,65536,8.516120911,8.559131621999999,8.597660065,5.879014015,5.90626812,5.961039543,1.4491606964161998
default,1,double,lookup,1,65536,8.535289764,8.5599422455,8.635807037,5.877322197,5.903172493,5.992780685,1.4500579570816212
default,1,double,lookup,2,65536,8.531856537,8.558988571499999,8.630752563,5.878190994,5.9203128815,6.091059685,1.4456986890414905
default,1,double,lookupApply,0,65536,11.606121063,11.629295349,11.751651764,10.291275024,10.3195238115,10.353295326,1.1269217031158356
default,1,double,lookupApply,1,65536,11.606502533,11.6211891175,11.683177948,10.302206039,10.3302249905,10.419020653,1.1249696040683734
default,1,double,lookupApply,2,65536,11.612033844,11.629676819,11.738014221,10.299530983,10.3307561875,11.684006691,1.1257333546475201
default,1,double,prepared,0,65536,1.917743683,1.942205429,1.978588104,1.212244034,1.222395897,1.296172142,1.5888513972981702
default,1,double,prepared,1,65536,1.918792725,1.9441127775,1.978588104,1.214584351,1.225739956,1.323976517,1.586072778311226
default,1,double,prepared,2,65536,1.93271637,1.94439888,1.981925964,1.212330818,1.2172842025,1.306882858,1.5973253214053766
default,1,double,vienot,0,65536,0.916290283,0.941133499,1.098632812,1.216275215,1.231119156,1.2821064,0.7644536228790513
default,1,double,vienot,1,65536,0.917434692,0.9338378905,0.96654892,1.216543198,1.2284107204999999,1.254255295,0.7602000494752277
default,1,float,brettel,0,65536,13.31205368,13.340806961,13.443946838,2.169685364,2.215681076,2.240275383,6.021086295092769
default,1,float,brettel,1,65536,14.153575897,14.174032211,14.234924316,2.161783218,2.1769704819999998,2.212011337,6.510897749049039
default,1,float,brettel,2,65536,13.938713074,13.973712921,14.032936096,2.162500381,2.174070835,2.230108261,6.4274414136096905
default,1,float,lookup,0,65536,6.773090363,6.808376312,6.945514679,4.515728951,4.5345373155,4.612833023,1.501448954610549
default,1,float,lookup,1,65536,6.778526306,6.817674637,6.908321381,4.515166283,4.525470734,4.599046707,1.5065117062361275
default,1,float,lookup,2,65536,6.795024872,6.8093776705,6.872653961,4.515423775,4.534433365,4.605075836,1.501704209187337
default,1,float,lookupApply,0,65536,9.689617157,9.715080261,9.762954712,10.064324379,10.094564914500001,10.252274513,0.962407032228313
default,1,float,lookupApply,1,65536,9.691047668,9.704875946000001,9.826946259,10.06360817,10.082478522999999,10.124662399,0.9625486356218249
default,1,float,lookupApply,2,65536,9.690475464,9.709787369,9.784698486,10.071032524,10.0851774215,10.14396286,0.9627780417923312
default,1,float,prepared,0,65536,2.151870728,2.1740913390000003,2.24647522,0.778693199,0.789422989,0.824747086,2.754025876234015
default,1,float,prepared,1,65536,2.17628479,2.1856307985,2.252674103,0.77725029,0.7873592375,0.799082756,2.7759003697470432
default,1,float,prepared,2,65536,2.175045013,2.183008194,2.215385437,0.775548935,0.7882332805000001,0.80115509,2.769495082236635
default,1,float,vienot,0,65536,6.865024567,6.973695755,7.090091705,0.777097702,0.7875738145,0.839250565,8.854656702149663
default,1,float,vienot,1,65536,6.858921051,6.870603561499999,6.903266907,0.775702477,0.7873306275,0.799446106,8.726452803336421
bv_direct,1,double,brettel,0,65536,3.842353821,3.8513660435,3.897094727,4.174430847,4.1892633435,4.225031853,0.919342072270468
bv_direct,1,double,brettel,1,65536,3.844833374,3.856611252,3.963375092,4.197475433,4.2105321885,4.258615494,0.9159438948200787
bv_direct,1,double,brettel,2,65536,3.826713562,3.8550376895,3.884506226,4.212848663,4.226202011,4.270415306,0.9121754425051312
bv_direct,1,double,lookup,0,65536,8.516693115,8.5476875305,8.686637878,5.882341385,5.9046316144999995,5.973798752,1.447624185310638
bv_direct,1,double,lookup,1,65536,8.529186249,8.559465408000001,8.802700043,5.884241104,5.9027104375,6.023711205,1.4500906826839415
bv_direct,1,double,lookup,2,65536,8.525753021,8.560466766000001,9.997177124,5.880171776,5.9481520655,6.016667366,1.4391808870609986
bv_direct,1,double,lookupApply,0,65536,11.601829529,11.623382568,11.693286896,10.276582718,10.303967952499999,10.47733593,1.1280491769367236
bv_direct,1,double,lookupApply,1,65536,11.610221863,11.627197265500001,11.70835495,10.273964882,10.298398495,10.397948265,1.129029651663329
bv_direct,1,double,lookupApply,2,65536,11.612987518,11.6304397585,11.724853516,10.273640633,10.301440716,10.393015862,1.1290109877966703
bv_direct,1,double,prepared,0,65536,1.928424835,1.9540309910000002,1.983833313,1.209206581,1.2230744365000001,1.249240875,1.5976386495262997
bv_direct,1,double,prepared,1,65536,1.927947998,1.949930191,1.987457275,1.210648537,1.2208433155,1.309902191,1.59719938360919
bv_direct,1,double,prepared,2,65536,1.919937134,1.9518375395,1.970767975,1.209435463,1.229920387,1.256797791,1.586962505972348
bv_direct,1,double,vienot,0,65536,1.091861725,1.1240959165,1.186656952,1.216714859,1.2281575205,1.263887405,0.9152701487691619
bv_direct,1,double,vienot,1,65536,1.092529297,1.1163711545,1.136875153,1.216830254,1.2285685540000002,1.336522102,0.908676321614528
bv_direct,1,float,brettel,0,65536,2.407646179,2.4449348449999997,2.491092682,2.150720596,2.2000746729999996,2.235947609,1.1112963005324321
bv_direct,1,float,brettel,1,65536,2.451896667,2.463150024,2.47335434,2.162308693,2.1759486194999997,2.200910568,1.1319890561414059
bv_direct,1,float,brettel,2,65536,2.449893951,2.4610519405,2.475643158,2.159500122,2.1693463325,2.190257072,1.1344670528766296
bv_direct,1,float,lookup,0,65536,6.787586212,6.945180893,7.89604187,4.515969276,4.5309853555,4.559042931,1.5328190996180322
bv_direct,1,float,lookup,1,65536,6.782913208,6.9409370425,7.070446014,4.514174461,4.537639618,4.637878418,1.5296360281602248
bv_direct,1,float,lookup,2,65536,7.033252716,7.05242157,7.105255127,4.515655518,4.5480918885,4.674358368,1.5506330441195086
bv_direct,1,float,lookupApply,0,65536,9.695911407,9.730863571,9.820461273,10.068731308,10.08353281,10.167803764,0.9650252301802151
bv_direct,1,float,lookupApply,1,65536,9.691238403,9.719800949,10.043144226,10.068721771,10.0809817315,10.143737793,0.9641720625907475
bv_direct,1,float,lookupApply,2,65536,9.688472748,9.719657898,9.808921814,10.067307472,10.085120678,10.198381424,0.9637621807741744
bv_direct,1,float,prepared,0,65536,2.152633667,2.1760940555,2.205181122,0.777069092,0.7875604629999999,0.80870533,2.7630818936882062
bv_direct,1,float,prepared,1,65536,2.175617218,2.1867275235,2.209472656,0.777145386,0.7884197235,1.027285576,2.773557609381648
bv_direct,1,float,prepared,2,65536,2.174854279,2.185678482,2.203273773,0.776399612,0.7887401585,0.858951569,2.771100797196191
bv_direct,1,float,vienot,0,65536,1.138782501,1.170063019,1.193904877,0.775559425,0.7855677605,0.798786163,1.4894488774020915
bv_direct,1,float,vienot,1,65536,1.169395447,1.1788845065,1.210308075,0.774776459,0.7872304915,0.798166275,1.4975086956473662
bv_split,1,double,brettel,0,65536,3.848934174,3.8581371310000003,3.872776031,4.168094635,4.197280407,4.270864487,0.9191992806974738
bv_split,1,double,brettel,1,65536,3.844165802,3.8569927215,3.942012787,4.193863869,4.2152376175,4.236611366,0.9150119332507595
bv_split,1,double,brettel,2,65536,3.845596313,3.8605690005,4.016876221,4.212848663,4.228704929499999,4.368628502,0.9129435760741227
bv_split,1,double,lookup,0,65536,8.527565002,8.550024032500001,8.614635468,5.879435539,5.9037613865,5.944454193,1.4482333334221724
bv_split,1,double,lookup,1,65536,8.513069153,8.546924591,9.848308563,5.878603935,5.909418583000001,5.987689972,1.4463224208871377
bv_split,1,double,lookup,2,65536,8.512401581,8.557653427,9.000587463,5.888149261,5.9163212775,6.032385826,1.446448396834886
bv_split,1,double,lookupApply,0,65536,11.609268188,11.624193191500002,11.675071716,10.272321701,10.303585529500001,10.417591095,1.1281697189991768
bv_split,1,double,lookupApply,1,65536,11.611843109,11.6308689115,11.682891846,10.269264221,10.3055534365,10.420189857,1.1286020671443053
bv_split,1,double,lookupApply,2,65536,11.610221863,11.645221710000001,11.737728119,10.276869774,10.296663284000001,10.333711624,1.130970430789509
bv_split,1,double,prepared,0,65536,1.927375793,1.9537925719999998,2.009296417,1.209377289,1.2212781905,1.237593651,1.5997932225417888
bv_split,1,double,prepared,1,65536,1.936149597,1.9420623775,2.02665329,1.213094711,1.228453636,1.262950897,1.5809000198197143
bv_split,1,double,prepared,2,65536,1.939487457,1.9474506379999998,1.969242096,1.212855339,1.2270021435,1.25832653,1.5871615614663348
bv_split,1,double,vienot,0,65536,1.100540161,1.1112689969999998,1.171875,1.21720314,1.219898224,1.235614777,0.9109522213715427
bv_split,1,double,vienot,1,65536,1.099014282,1.1106967925,1.150894165,1.215961456,1.2231225965,1.249822617,0.9080829637832628
bv_split,1,float,brettel,0,65536,2.400970459,2.4576663969999997,2.633190155,2.157493591,2.2141332625,2.242386818,1.1099902786452087
bv_split,1,float,brettel,1,65536,2.44884491,2.4647712705,2.621078491,2.166571617,2.1857275965,2.203346252,1.127666262917132
bv_split,1,float,brettel,2,65536,2.450370789,2.464294434,2.519893646,2.160131454,2.1693701745,2.194289207,1.135949255210893
bv_split,1,float,lookup,0,65536,6.797027588,6.821727752499999,6.883335114,4.515254021,4.5468878749999995,4.637379646,1.5003070099897724
bv_split,1,float,lookup,1,65536,6.78396225,6.812095642,6.871700287,4.518119812,4.5438165665,4.586330414,1.4992012864742918
bv_split,1,float,lookup,2,65536,6.784343719,6.9900035855,7.19127655,4.52364254,4.535704136,4.560876846,1.5411066012926555
bv_split,1,float,lookupApply,0,65536,9.708690643,9.7207546235,9.777355194,10.066456795,10.083050251,10.344822884,0.9640688463826639
bv_split,1,float,lookupApply,1,65536,9.702110291,9.729194641500001,9.938716888,10.065367699,10.0833601955,10.197280884,0.9648762369752442
bv_split,1,float,lookupApply,2,65536,9.703063965,9.729909896999999,9.771060944,10.06785202,10.080994606,10.14306736,0.9651736041212596
bv_split,1,float,prepared,0,65536,2.153968811,2.176094055,2.205562592,0.780479431,0.7899289135,0.818297386,2.7547973213921355
bv_split,1,float,prepared,1,65536,2.175521851,2.1815776825,2.233505249,0.776161194,0.7888307575,0.876666069,2.7655839503697344
bv_split,1,float,prepared,2,65536,2.17590332,2.186584473,2.221870422,0.777823448,0.7867813109999999,0.800258636,2.7791515157126048
bv_split,1,float,vienot,0,65536,1.138114929,1.162815094,1.204299927,0.775807381,0.788338661,0.817103386,1.475019749158287
bv_split,1,float,vienot,1,65536,1.169490814,1.1805057525,1.35602951,0.775359154,0.7854909895,0.797458649,1.5028889806252832
bv_portable,1,double,brettel,0,65536,3.847789764,3.8587093355,3.895568848,4.173493385,4.1955695155,4.235330582,0.9197104996698272
bv_portable,1,double,brettel,1,65536,3.846645355,3.856420517,3.888607025,4.201890945,4.2230100635,4.273635864,0.9131923578235157
bv_portable,1,double,brettel,2,65536,3.83234024,3.852558136,3.892612457,4.213794708,4.227582931500001,4.284213066,0.9112909665933066
bv_portable,1,double,lookup,0,65536,8.508968353,8.542108536,8.604621887,5.879713058,5.8937392235,6.03090477,1.4493529849336064
bv_portable,1,double,lookup,1,65536,8.517742157,8.536195755000001,8.640003204,5.875594139,5.906804562,5.985319138,1.4451461302639934
bv_portable,1,double,lookup,2,65536,8.524513245,8.5431575775,8.700561523,5.875870705,5.9060878755,5.986122131,1.4465002481489069
bv_portable,1,double,lookupApply,0,65536,11.598968506,11.6413593295,12.558746338,10.291002274,10.3177108765,10.604107857,1.1282889653377273
bv_portable,1,double,lookupApply,1,65536,11.602401733,11.622428894,11.785793304,10.295350075,10.310904026,10.356412888,1.1271978542999583
bv_portable,1,double,lookupApply,2,65536,11.601829529,11.6200447085,11.661720276,10.292139053,10.311878681500001,10.385381699,1.1268601064272517
bv_portable,1,double,prepared,0,65536,1.927185059,1.9528865815,1.974487305,1.210456848,1.2165675165,1.273002625,1.6052430753028413
bv_portable,1,double,prepared,1,65536,1.924610138,1.953029633,1.992797852,1.212397575,1.2274317739999998,1.434341431,1.591151275671637
bv_portable,1,double,prepared,2,65536,1.913166046,1.9472122195,1.96762085,1.212272644,1.2224583625,1.289884567,1.5928658833973168
bv_portable,1,double,vienot,0,65536,0.917720795,0.976514816,1.101207733,1.216439247,1.2304034229999998,1.251838684,0.7936541769520095
bv_portable,1,double,vienot,1,65536,0.921821594,0.940847397,1.047039032,1.217355728,1.226948738,1.503364563,0.7668188310243814
bv_portable,1,float,brettel,0,65536,2.404975891,2.456474304,2.478790283,2.14895153,2.2060508729999997,2.269770622,1.1135166165318076
bv_portable,1,float,brettel,1,65536,2.454090118,2.468061447,2.513885498,2.160990715,2.175003052,2.226918221,1.1347393028853552
bv_portable,1,float,brettel,2,65536,2.451038361,2.4654865260000003,2.517795563,2.157168388,2.169470787,2.219599724,1.1364460589991805
bv_portable,1,float,lookup,0,65536,6.983184814,7.077741623,7.203292847,4.513266563,4.5325803755,4.632183075,1.5615258940045242
bv_portable,1,float,lookup,1,65536,6.981468201,7.099246979,7.623577118,4.513266563,4.526088238,4.591718674,1.5685171401203248
bv_portable,1,float,lookup,2,65536,6.796550751,7.0227146145,7.164001465,4.520002365,4.543635368,4.609566689,1.5456158000617093
bv_portable,1,float,lookupApply,0,65536,9.71364975,9.72738266,10.330295563,10.066562653,10.080332279,10.092303276,0.9649863110430111
bv_portable,1,float,lookupApply,1,65536,9.701347351,9.736919403,10.617351532,10.06310463,10.076394558,10.256557465,0.966309858844255
bv_portable,1,float,lookupApply,2,65536,9.710121155,9.727334976,9.815502167,10.060811996,10.077188015,10.160408974,0.9652826722614244
bv_portable,1,float,prepared,0,65536,2.101516724,2.1471500395,2.231502533,0.777814865,0.7881999015000001,0.816357613,2.724118634643092
bv_portable,1,float,prepared,1,65536,2.1692276,2.1799564365,2.203464508,0.775874138,0.7859783174999999,0.799168587,2.7735579824057934
bv_portable,1,float,prepared,2,65536,2.168369293,2.1782398225,2.233600616,0.777709007,0.7874455455,0.838639259,2.766210101699026
bv_portable,1,float,vienot,0,65536,1.139068604,1.1693954465,1.194953918,0.773457527,0.784860611,0.82907486,1.4899402901746588
bv_portable,1,float,vienot,1,65536,1.170539856,1.1720657349999999,1.196098328,0.774929047,0.7854819295,0.81525898,1.4921612973911196
bv_compiler,1,double,brettel,0,65536,3.841209412,3.851699829,3.904056549,4.17860508,4.190223694,4.255003929,0.9192110279256132
bv_compiler,1,double,brettel,1,65536,3.845119476,3.8751602175000004,3.902721405,4.200618744,4.2181711195,4.249739647,0.9186825540542181
bv_compiler,1,double,brettel,2,65536,3.838157654,3.851556778,3.873825073,4.213231087,4.2260055545,4.282359123,0.911394158935434
bv_compiler,1,double,lookup,0,65536,8.521366119,8.549642562999999,9.934902191,5.876951218,5.9065561295,6.077111244,1.4474835040167036
bv_compiler,1,double,lookup,1,65536,8.516025543,8.569383621,8.613967896,5.880839348,5.9063549045,5.970509529,1.4508751606631465
bv_compiler,1,double,lookup,2,65536,8.52060318,8.5488796235,8.757305145,5.885645866,5.9156808855000005,5.999059677,1.4451218361785312
bv_compiler,1,double,lookupApply,0,65536,11.60736084,11.636590957500001,11.744689941,10.318070412,10.3396968845,10.464962959,1.1254286356251066
bv_compiler,1,double,lookupApply,1,65536,11.605548859,11.623764038000001,11.82346344,10.323238373,10.3418135645,10.480956078,1.1239579949401244
bv_compiler,1,double,lookupApply,2,65536,11.607074738,11.636590958,11.715126038,10.331483841,10.3444399835,10.415143967,1.1249126077932743
bv_compiler,1,double,prepared,0,65536,1.92861557,1.949644089,2.004337311,1.213372231,1.2244267465,1.26557827,1.5922913270009982
bv_compiler,1,double,prepared,1,65536,1.930999756,1.9441604615,1.965522766,1.214662552,1.226714611,1.284840584,1.5848514756950263
bv_compiler,1,double,prepared,2,65536,1.918029785,1.9394874574999998,1.964759827,1.214977264,1.226255894,1.365653038,1.5816335456488333
bv_compiler,1,double,vienot,0,65536,0.91791153,0.927734375,1.027584076,1.216963768,1.2249670025000001,1.237956047,0.7573545843329766
bv_compiler,1,double,vienot,1,65536,0.924777985,0.956439972,1.112174988,1.218119621,1.2212109565,1.245771408,0.7831898059129475
bv_compiler,1,float,brettel,0,65536,2.419948578,2.461194992,2.484607697,2.148550987,2.2078418735,2.263635635,1.114751478147468
bv_compiler,1,float,brettel,1,65536,2.4559021,2.4659633635000002,2.479839325,2.164143562,2.1719737055,2.194403648,1.135355993148325
bv_compiler,1,float,brettel,2,65536,2.454853058,2.4671554565,2.506160736,2.163408279,2.1724905970000004,2.240160942,1.1356345845210578
bv_compiler,1,float,lookup,0,65536,6.796455383,6.8262577055,6.924057007,4.519562721,4.534792423,4.749885559,1.5053076455887868
bv_compiler,1,float,lookup,1,65536,6.794166565,6.816196441500001,6.863975525,4.510752678,4.52772665,4.605086327,1.5054346183862493
bv_compiler,1,float,lookup,2,65536,6.797218323,6.984424591,7.17830658,4.51479435,4.535820484,4.598809242,1.5398370847429683
bv_compiler,1,float,lookupApply,0,65536,9.683036804,9.7056865695,9.838008881,10.061738014,10.088371277,10.121922493,0.9620667502223609
bv_compiler,1,float,lookupApply,1,65536,9.694671631,9.713172913000001,9.780216217,10.065751076,10.0921654705,10.169819832,0.9624468545816242
bv_compiler,1,float,lookupApply,2,65536,9.68170166,9.7068786625,9.764480591,10.0666399,10.089905738999999,10.115426064,0.962038587236796
bv_compiler,1,float,prepared,0,65536,2.100658417,2.1439552305,2.240848541,0.77726078,0.7877793310000001,0.805226326,2.7215174937104307
bv_compiler,1,float,prepared,1,65536,2.168560028,2.178812027,2.204322815,0.775454521,0.7875642780000001,0.809850693,2.766519619875395
bv_compiler,1,float,prepared,2,65536,2.168083191,2.1777153015,2.198028564,0.78027916,0.787660122,0.844563484,2.7647906002533413
bv_compiler,1,float,vienot,0,65536,1.14068985,1.1664390565,1.200962067,0.776247025,0.7859215735,0.801384926,1.4841672449649328
bv_compiler,1,float,vienot,1,65536,1.169395447,1.1756420135,1.181697845,0.775043488,0.7858548165,0.809468269,1.4960040821993232
bv_vienot_index,1,double,brettel,0,65536,3.845787048,3.8620471954999998,4.049682617,4.174419403,4.193040848,4.224532127,0.9210611905538966
bv_vienot_index,1,double,brettel,1,65536,3.843784332,3.854227066,3.877830505,4.205147743,4.2269363405,4.267166138,0.9118251980923109
bv_vienot_index,1,double,brettel,2,65536,3.845119476,3.8565158845000003,3.885555267,4.220959663,4.242061615,5.967622757,0.9091135948764385
bv_vienot_index,1,double,lookup,0,65536,8.512783051,8.5620880125,8.676147461,5.883906364,5.9108738899999995,5.982539177,1.4485316675399416
bv_vienot_index,1,double,lookup,1,65536,8.536338806,8.555650710999998,8.632659912,5.909263611,7.0485148429999995,9.77315712,1.2138231814176799
bv_vienot_index,1,double,lookup,2,65536,8.520793915,8.574438095000001,9.300327301,5.894445419,5.929710388,5.975496292,1.4460129642000994
bv_vienot_index,1,double,lookupApply,0,65536,11.607837677,11.6230964665,11.742591858,10.308254242,10.329844475,10.380030632,1.1251956885343135
bv_vienot_index,1,double,lookupApply,1,65536,11.608982086,11.628341675000001,11.707401276,10.31182766,10.330566405999999,10.762213707,1.125624793258795
bv_vienot_index,1,double,lookupApply,2,65536,11.60697937,11.634016036999999,11.776924133,10.310471535,10.328836441,10.383289337,1.126362693751169
bv_vienot_index,1,double,prepared,0,65536,1.927185059,1.9536972045,2.00138092,1.212081909,1.2168784145,1.282403946,1.605499104282123
bv_vienot_index,1,double,prepared,1,65536,1.933670044,1.9517421719999999,1.989650726,1.212942123,1.224530697,1.281543732,1.5938695344931804
bv_vienot_index,1,double,prepared,2,65536,1.921463013,1.946735382,1.98764801,1.213075638,1.225224018,1.309357643,1.588881178788645
bv_vienot_index,1,double,vienot,0,65536,1.075077057,1.096582413,1.459121704,1.215502739,1.2266669270000001,1.250997543,0.8939528643540251
bv_vienot_index,1,double,vienot,1,65536,1.065540314,1.085472107,1.113319397,1.217107773,1.226647854,1.268348694,0.8849093107368693
bv_vienot_index,1,float,brettel,0,65536,2.37827301,2.453947067,2.479839325,2.157197952,2.2161593435,2.233921051,1.1072972140732713
bv_vienot_index,1,float,brettel,1,65536,2.451324463,2.4670124055000002,2.487564087,2.165480614,2.173970699,2.223286629,1.1347956100028376
bv_vienot_index,1,float,brettel,2,65536,2.451324463,2.4606227875,2.494049072,2.163083076,2.169446945,2.222503662,1.1342166228914163
bv_vienot_index,1,float,lookup,0,65536,6.783771515,6.8147182465,6.917858124,4.518109322,4.547820568,4.625465393,1.4984580294241725
bv_vienot_index,1,float,lookup,1,65536,6.779289246,6.821489334,6.868076324,4.520909309,4.5433249475,4.573812485,1.5014310912877973
bv_vienot_index,1,float,lookup,2,65536,6.787395477,6.8260669709999995,6.916046143,4.527684212,4.549019336500001,4.587246895,1.5005579150278907
bv_vienot_index,1,float,lookupApply,0,65536,9.699249268,9.727668762,9.976387024,10.066858292,10.081936836,10.150251389,0.964861109550399
bv_vienot_index,1,float,lookupApply,1,65536,9.69581604,9.723997116,9.985637665,10.068950653,10.0827002525,10.145666122,0.9644239015822115
bv_vienot_index,1,float,lookupApply,2,65536,9.69209671,9.721517563,9.784317017,10.068196297,10.0839514735,10.174061775,0.9640583444443923
bv_vienot_index,1,float,prepared,0,65536,2.152442932,2.1769523619999998,2.247714996,0.777164459,0.7912812235,0.817590714,2.75117404198079
bv_vienot_index,1,float,prepared,1,65536,2.178382874,2.192020416,2.23531723,0.775607109,0.7873258590000001,0.801948547,2.7841336480223493
bv_vienot_index,1,float,prepared,2,65536,2.176570892,2.186012268,2.217197418,0.776486397,0.787311554,0.798452377,2.7765530137259993
bv_vienot_index,1,float,vienot,0,65536,1.072883606,1.0924339294999998,1.109886169,0.775243759,0.789366245,0.813147545,1.3839379836922212
bv_vienot_index,1,float,vienot,1,65536,1.091098785,1.092529297,1.110458374,0.775424957,0.7860164645000001,0.831587791,1.3899572672373708
bv_vienot_static,1,double,brettel,0,65536,3.847312927,3.859615326,3.887557983,4.180792809,4.1924152370000005,4.228995323,0.9206185713516907
bv_vienot_static,1,double,brettel,1,65536,3.848838806,3.8621902465,3.881168365,4.200483322,4.2193455695,4.286791801,0.9153529102755328
bv_vienot_static,1,double,brettel,2,65536,3.837871552,3.8584709165,3.871154785,4.211730003,4.2284464835,4.258777618,0.9125031927343299
bv_vienot_static,1,double,lookup,0,65536,8.514213562,8.5480213165,8.612632751,5.885539055,5.9119439125,5.969677925,1.445890123961828
bv_vienot_static,1,double,lookup,1,65536,8.518314362,8.545541763,8.599090576,5.876844406,5.9064736364999995,5.98635006,1.4468094312977977
bv_vienot_static,1,double,lookup,2,65536,8.518123627,8.5649967195,8.655834198,5.894091606,5.938625335999999,6.017440796,1.442252412789693
bv_vienot_static,1,double,lookupApply,0,65536,11.568164825,11.615419388,11.672019958,10.287856102,10.313910484,10.355854988,1.1261896645330627
bv_vienot_static,1,double,lookupApply,1,65536,11.568546295,11.6080760955,11.692523956,10.290338516,10.3092823025,10.385761261,1.1259829496263811
bv_vienot_static,1,double,lookupApply,2,65536,11.568927765,11.6178512575,11.678218842,10.295451164,10.314040184,10.395095825,1.1264112850289822
bv_vienot_static,1,double,prepared,0,65536,1.927947998,1.9608020785,2.001667023,1.211153984,1.2247176175,1.270393372,1.6010238200888784
bv_vienot_static,1,double,prepared,1,65536,1.926136017,1.9559860224999999,1.984882355,1.212004662,1.2269535065000001,1.283349991,1.5941810444632358
bv_vienot_static,1,double,prepared,2,65536,1.929187775,1.9554138184999998,2.000236511,1.210342407,1.2249851225,1.281152725,1.5962755649711982
bv_vienot_static,1,double,vienot,0,65536,0.916671753,0.9351730345,0.988483429,1.216888428,1.226867676,1.263485909,0.762244415427895
bv_vienot_static,1,double,vienot,1,65536,0.919914246,0.9479522705000001,1.030063629,1.212950706,1.228606224,1.306509972,0.7715672051649969
bv_vienot_static,1,float,brettel,0,65536,2.402496338,2.4606227875,2.491569519,2.157723427,2.2095422745,2.232525826,1.1136346273604643
bv_vienot_static,1,float,brettel,1,65536,2.452373505,2.468824387,2.493953705,2.16385746,2.1749019625,2.20308876,1.1351428384211595
bv_vienot_static,1,float,brettel,2,65536,2.45475769,2.4676799775,2.477645874,2.167402267,2.1781077384999996,2.22919178,1.1329467013415142
bv_vienot_static,1,float,lookup,0,65536,7.112598419,7.12594986,7.179546356,4.520019531,4.5464668275,5.183628082,1.5673599149338566
bv_vienot_static,1,float,lookup,1,65536,7.110023499,7.126903534,7.220554352,4.515968323,4.543925762,4.586959839,1.5684462967245107
bv_vienot_static,1,float,lookup,2,65536,6.973075867,7.0580959320000005,7.145214081,4.517028809,4.535986423500001,4.631054878,1.5560222789542482
bv_vienot_static,1,float,lookupApply,0,65536,9.707260132,9.725713729999999,9.802436829,10.060081482,10.093635082,10.311896324,0.9635491724229147
bv_vienot_static,1,float,lookupApply,1,65536,9.710025787,9.7301483155,9.800243378,10.062098503,10.085255146000002,10.135087967,0.9647895045430909
bv_vienot_static,1,float,lookupApply,2,65536,9.703159332,9.7304344175,9.811019897,10.061095238,10.080569744,11.940684319,0.9652663157547814
bv_vienot_static,1,float,prepared,0,65536,2.101135254,2.1466255185,2.221679688,0.779628754,0.790855885,0.834951401,2.7143068152043908
bv_vienot_static,1,float,prepared,1,65536,2.168464661,2.1782398225,2.22864151,0.776017189,0.788004398,0.807682037,2.764248306263895
bv_vienot_static,1,float,prepared,2,65536,2.169704437,2.1774291989999996,2.203178406,0.779085159,0.788243294,0.809039116,2.7623821421308525
bv_vienot_static,1,float,vienot,0,65536,0.924110413,0.936603546,0.955295563,0.775558472,0.786155224,0.822509766,1.1913722855322524
bv_vienot_static,1,float,vienot,1,65536,0.933074951,0.9366989134999999,0.981044769,0.776027679,0.786494732,0.804862976,1.1909792594770996
default,2,double,brettel,0,65536,15.784168243,15.806198120000001,15.888118744,4.166956902,4.1849198340000004,4.699379921,3.776941673191439
default,2,double,brettel,1,65536,16.787910461,16.823196410999998,16.858577728,4.201621056,4.213703155499999,4.24279213,3.9924968110393038
default,2,double,brettel,2,65536,16.641044617,16.681289673000002,16.715621948,4.205366135,4.2317757605,4.275316238,3.9419124776661243
default,2,double,lookup,0,65536,8.523273468,8.543348312500001,8.614063263,5.897568703,5.906359672500001,5.986245155,1.4464659767128327
default,2,double,lookup,1,65536,8.515930176,8.5503101345,8.61787796,5.886714935,5.903951645,6.165279388,1.448235122613373
default,2,double,lookup,2,65536,8.526611328,8.588695525999999,9.428977966,5.879357338,5.933212757,5.995943069,1.4475623709712857
default,2,double,lookupApply,0,65536,11.56206131,11.6105079655,11.689853668,10.274354935,10.302823543999999,10.360977173,1.1269248585997138
default,2,double,lookupApply,1,65536,11.558532715,11.610364914,11.640262604,10.281655312,10.2966604235,10.858496666,1.1275854924283741
default,2,double,lookupApply,2,65536,11.562824249,11.615180969,11.761665344,10.283804893,10.2906990055,10.344122887,1.1287067052288784
default,2,double,prepared,0,65536,1.934337616,1.9601345060000002,1.984119415,1.213150978,1.2270727155,1.251016617,1.597406968014358
default,2,double,prepared,1,65536,1.931095123,1.9513607025000002,2.002716064,1.210964203,1.224120617,1.345923424,1.5940918528782528
default,2,double,prepared,2,65536,1.936817169,1.9561290740000001,1.976108551,1.210399628,1.2256922719999999,1.2790308,1.5959381638330183
default,2,double,vienot,0,65536,0.929260254,1.0412216184999998,1.158714294,1.215942383,1.228491783,1.605130196,0.847560914048051
default,2,double,vienot,1,65536,0.916671753,0.9462833405,1.063156128,1.215005875,1.2255063055000002,1.263341904,0.7721570556211225
default,2,float,brettel,0,65536,13.302707672,13.334751129499999,13.452148438,2.172800064,2.2097997664999998,4.146080017,6.0343707749685835
default,2,float,brettel,1,65536,14.16053772,14.1805648805,14.344882965,2.161392212,2.1724710465,2.188546181,6.527389584015798
default,2,float,brettel,2,65536,13.95111084,13.9699459075,13.98973465,2.160417557,2.1689491275000004,2.205505371,6.4408822366443435
default,2,float,lookup,0,65536,6.784629822,6.951379776,7.107925415,4.513370514,4.5376434324999995,4.652217865,1.531936098418857
default,2,float,lookup,1,65536,6.784057617,6.929016112999999,7.131481171,4.521444321,4.535489082,4.610913277,1.5277329495730003
default,2,float,lookup,2,65536,6.797027588,6.9449901579999995,7.163333893,4.513465881,4.5393395425,4.628789902,1.5299560856765322
default,2,float,lookupApply,0,65536,9.687519073,9.731769561499998,9.901809692,10.069302559,10.092936516,10.205007553,0.96421586978899
default,2,float,lookupApply,1,65536,9.693336487,9.7119331355,9.788608551,10.065968513,10.0913028715,10.281568527,0.9624062679684879
default,2,float,lookupApply,2,65536,9.693908691,9.7175121305,9.787559509,10.063684464,10.079555035,10.165241241,0.9640814596236786
default,2,float,prepared,0,65536,2.151966095,2.175617218,2.188587189,0.77722168,1.087331772,1.849672318,2.000877077286398
default,2,float,prepared,1,65536,2.175712585,2.1921634670000003,2.211475372,0.777259827,0.7866902355000001,0.818334579,2.786564988450273
default,2,float,prepared,2,65536,2.176189423,2.184534073,2.234172821,0.776112556,0.786600113,0.807242393,2.777185048535583
default,2,float,vienot,0,65536,6.865978241,6.9880008695,7.123947144,0.776504517,1.0105071065,2.523043633,6.91534064881908
default,2,float,vienot,1,65536,6.861782074,6.8727970124999995,6.93359375,0.775253296,0.785935879,0.808169365,8.74472994062153
bv_direct,2,double,brettel,0,65536,3.845214844,3.8625240324999996,3.939628601,4.172794342,4.1868023875,4.250388145,0.9225474897100095
bv_direct,2,double,brettel,1,65536,3.845119476,3.8546562195,3.87802124,4.19948101,4.226267815,4.261165619,0.912070978043307
bv_direct,2,double,brettel,2,65536,3.8438797,3.857421875,3.906726837,4.214682579,4.2330179215,4.27015686,0.9112699134600155
bv_direct,2,double,lookup,0,65536,8.526420593,8.5537433625,8.625888824,5.888788223,5.908838272000001,5.98212719,1.4476184604735785
bv_direct,2,double,lookup,1,65536,8.519458771,8.5454940795,8.646392822,5.873157501,5.9165058135,6.020881653,1.4443481252061479
bv_direct,2,double,lookup,2,65536,8.526706696,8.5567474365,8.656311035,5.880361557,5.913749695,6.040277481,1.4469241814097444
bv_direct,2,double,lookupApply,0,65536,11.604118347,11.636352539,11.718559265,10.292394638,10.300291538,10.366920471,1.129710988865799
bv_direct,2,double,lookupApply,1,65536,11.602210999,11.624717712,11.811542511,10.286681175,10.303988456999999,10.381816864,1.1281765076224213
bv_direct,2,double,lookupApply,2,65536,11.60697937,11.627817154,11.673641205,10.287846565,10.300836086,10.35984993,1.1288226564252895
bv_direct,2,double,prepared,0,65536,1.925468445,1.952314377,1.982212067,1.21598053,1.2399377825,1.295502663,1.5745260807067956
bv_direct,2,double,prepared,1,65536,1.927375793,1.9476890565,1.969432831,1.212540627,1.2194867135,1.258525848,1.5971383984250354
bv_direct,2,double,prepared,2,65536,1.922512054,1.9463539120000002,1.966190338,1.213878632,1.2263088225,1.253023148,1.5871645675940655
bv_direct,2,double,vienot,0,65536,1.097106934,1.1149406430000002,1.139831543,1.215407372,1.2222051619999998,1.243917465,0.9122368957888597
bv_direct,2,double,vienot,1,65536,1.097583771,1.1257648470000001,1.24540329,1.217729568,1.2277560235,1.266943932,0.9169287915939107
bv_direct,2,float,brettel,0,65536,2.391624451,2.450990677,2.483081818,2.16193676,2.2146730420000003,2.259212494,1.1067054280782633
bv_direct,2,float,brettel,1,65536,2.449417114,2.4602413175,2.479457855,2.163388252,2.1780405045,2.218738556,1.1295663751050318
bv_direct,2,float,brettel,2,65536,2.44808197,2.4623394015,2.517223358,2.159748077,2.1726427079999997,2.208181381,1.133338395877653
bv_direct,2,float,lookup,0,65536,6.77947998,6.952571869,7.123565674,4.521577835,4.546687126,4.761713982,1.5291511547478316
bv_direct,2,float,lookup,1,65536,6.776618958,6.9554805755,7.089138031,4.518166542,4.541795254,4.594431877,1.531438602251884
bv_direct,2,float,lookup,2,65536,6.782627106,6.9633483885,7.953834534,4.519657135,4.542119980000001,4.561123848,1.5330613059895435
bv_direct,2,float,lookupApply,0,65536,9.691429138,9.719944,10.010242462,10.066522598,10.0901947025,10.133271217,0.9633058911729162
bv_direct,2,float,lookupApply,1,65536,9.697914124,9.7137928005,9.774780273,10.064468384,10.092210770000001,10.247927666,0.9625039569501578
bv_direct,2,float,lookupApply,2,65536,9.698200226,9.726524353,9.872913361,10.064401627,10.0904622075,10.136816025,0.963932489214469
bv_direct,2,float,prepared,0,65536,2.175998688,2.1836280825,2.211380005,0.777164459,0.7867569925,0.805236816,2.775479726670494
bv_direct,2,float,prepared,1,65536,2.174472809,2.1895885465,2.22158432,0.775119781,0.786389351,0.796445847,2.7843568122020517
bv_direct,2,float,prepared,2,65536,2.175712585,2.1865844725,2.213573456,0.774929047,0.7866044045,0.79882431,2.779776543318351
bv_direct,2,float,vienot,0,65536,1.139354706,1.168823242,1.236820221,0.774870872,0.7892837525,0.821889877,1.480865706785216
bv_direct,2,float,vienot,1,65536,1.169586182,1.171064377,1.190757751,0.774718285,0.7851614955,0.798442841,1.4914949137365079
bv_split,2,double,brettel,0,65536,3.838062286,3.853559494,3.888702393,4.169020653,4.185889721000001,4.352421761,0.9206070276212133
bv_split,2,double,brettel,1,65536,3.845691681,3.85761261,3.910732269,4.196642876,4.2160868645,4.238912582,0.9149746516091971
bv_split,2,double,brettel,2,65536,3.841495514,3.8633346555,3.903388977,4.211605072,4.223004341499999,4.257294655,0.9148308509973623
bv_split,2,double,lookup,0,65536,8.529663086,8.5534095765,8.648586273,5.876968384,5.903458595,6.076506615,1.4488810989111376
bv_split,2,double,lookup,1,65536,8.523082733,8.5552215575,8.614063263,5.882193565,5.917360306,6.064993858,1.4457834431385392
bv_split,2,double,lookup,2,65536,8.522033691,8.5534095765,8.727169037,5.875555038,5.949168204999999,6.012461662,1.4377488216438823
bv_split,2,double,lookupApply,0,65536,11.604404449,11.629056930499999,11.744689941,10.295804977,10.3142967225,10.361691475,1.1274696902147416
bv_split,2,double,lookupApply,1,65536,11.606025696,11.6285800935,11.714553833,10.287731171,10.305951595500002,10.323052406,1.1283363778437996
bv_split,2,double,lookupApply,2,65536,11.602687836,11.627960205,11.670017242,10.286786079,10.3155007365,10.452758789,1.1272317749787988
bv_split,2,double,prepared,0,65536,1.927852631,1.9443511965,1.997280121,1.214097977,1.233579636,1.312729836,1.576186198083445
bv_split,2,double,prepared,1,65536,1.919174194,1.945304871,1.974201202,1.214385033,1.223083496,1.24441433,1.5904922904789158
bv_split,2,double,prepared,2,65536,1.923084259,1.9405841824999999,1.956558228,1.21711731,1.2250232694999998,1.307178497,1.5841202618886254
bv_split,2,double,vienot,0,65536,1.114940643,1.1362075805,1.195716858,1.218606949,1.226963043,1.244299889,0.9260324400007214
bv_split,2,double,vienot,1,65536,1.089668274,1.1068344115,1.15776062,1.215549469,1.2289743425,1.276202202,0.900616370272189
bv_split,2,float,brettel,0,65536,2.370166779,2.4487018584999998,2.4766922,2.161229134,2.2075638775,2.233519554,1.1092326176640837
bv_split,2,float,brettel,1,65536,2.453136444,2.4643421175,2.50453949,2.16387558,2.175670624,2.217476845,1.1326816156433064
bv_split,2,float,brettel,2,65536,2.451610565,2.462720871,2.494621277,2.162423134,2.176196575,2.204932213,1.1316628742511463
bv_split,2,float,lookup,0,65536,6.790351868,7.306814194,7.868289948,4.520467758,4.541847229,4.615841866,1.6087758626810476
bv_split,2,float,lookup,1,65536,6.795310974,7.377767563,7.84778595,4.515921593,4.5367827415,4.744706154,1.6262113447735176
bv_split,2,float,lookup,2,65536,6.79359436,7.318735123,7.817745209,4.52217865,4.544736862000001,4.575284004,1.6103759899047811
bv_split,2,float,lookupApply,0,65536,9.697723389,10.105895996000001,10.505485535,10.062777519,10.081406593499999,10.157664299,1.00242916524325
bv_split,2,float,lookupApply,1,65536,9.698677063,10.108041763500001,10.47744751,10.062774658,10.080027580500001,10.152998924,1.002779177217153
bv_split,2,float,lookupApply,2,65536,9.697437286,10.1423740385,10.529899597,10.064408302,10.07961607,10.106203079,1.0062262260848196
bv_split,2,float,prepared,0,65536,2.153491974,2.1791934965,2.224159241,0.77956295,0.7880420685,0.832284927,2.7653263494523705
bv_split,2,float,prepared,1,65536,2.175426483,2.1898269655,3.052616119,0.777526855,0.7875118255,0.804385185,2.7806908983362306
bv_split,2,float,prepared,2,65536,2.175712585,2.1865844725,2.238845825,0.776686668,0.788018227,0.823036194,2.7747892086511343
bv_split,2,float,vienot,0,65536,1.13735199,1.157283783,1.188087463,0.775272369,0.787254333,0.836585045,1.4700252948623656
bv_split,2,float,vienot,1,65536,1.168441772,1.1703014375,1.193141937,0.775215149,0.786886215,0.813987732,1.4872562451738973
bv_portable,2,double,brettel,0,65536,3.842067719,3.855037689,3.901481628,4.171485901,4.1954727174999995,4.52487278,0.9188565743545443
bv_portable,2,double,brettel,1,65536,3.846740723,3.8570880890000003,3.907585144,4.198467255,4.2215180395,4.472943306,0.9136732457163292
bv_portable,2,double,brettel,2,65536,3.841018677,3.8534641265,3.883075714,4.21370697,4.228732109,4.27665329,0.9112575654292884
bv_portable,2,double,lookup,0,65536,8.499240875,8.5443496705,8.586788177,5.881468773,5.911268711,7.965247154,1.4454341509801822
bv_portable,2,double,lookup,1,65536,8.51688385,8.541679382,8.574581146,5.875411987,5.899454594,5.949336052,1.4478761122574377
bv_portable,2,double,lookup,2,65536,8.517742157,8.542203903499999,8.623313904,5.888807297,5.9257116320000005,6.023000717,1.4415490381560974
bv_portable,2,double,lookupApply,0,65536,11.60030365,11.627101898,11.823272705,10.284281731,10.309362887999999,10.42992115,1.1278196358316028
bv_portable,2,double,lookupApply,1,65536,11.599826813,11.625432968,12.469673157,10.284491539,10.3419537545,15.444592476,1.1241041338965116
bv_portable,2,double,lookupApply,2,65536,11.600780487,11.6221427915,11.679267883,10.283603668,10.301299095000001,10.435090065,1.1282210801102848
bv_portable,2,double,prepared,0,65536,1.924324036,1.9490718845,2.020359039,1.213582039,1.2267093655,1.253950119,1.5888619907173926
bv_portable,2,double,prepared,1,65536,1.939582825,1.957511902,2.136230469,1.213715553,1.227971077,1.925831795,1.594102612565035
bv_portable,2,double,prepared,2,65536,1.919460297,1.9480705265,1.979541779,1.213074684,1.231525421,1.278705597,1.5818354158846064
bv_portable,2,double,vienot,0,65536,0.919818878,0.948190689,1.154518127,1.21836853,1.233688831,1.4323349,0.7685817243165104
bv_portable,2,double,vienot,1,65536,0.920581818,0.9485244755,1.152324677,1.217489243,1.2284865379999999,1.257886887,0.7721081559788326
bv_portable,2,float,brettel,0,65536,2.4269104,2.4628639225,2.706718445,2.15662384,2.203547001,2.233433723,1.1176815930780322
bv_portable,2,float,brettel,1,65536,2.452373505,2.471971512,2.48374939,2.16546154,2.1758284569999997,2.188975334,1.136105883736955
bv_portable,2,float,brettel,2,65536,2.441215515,2.467346191,2.501487732,2.162548065,2.1745815275,2.213215828,1.1346303460218279
bv_portable,2,float,lookup,0,65536,6.799602509,6.9918632505,7.297611237,4.525313377,4.547421455,4.579305649,1.5375445886618397
bv_portable,2,float,lookup,1,65536,6.794071198,6.9813251495,7.200908661,4.526725769,4.554731369,5.113437653,1.5327633144329131
bv_portable,2,float,lookup,2,65536,6.791496277,6.9179058075,7.057476044,4.52680397,4.5375990865,4.612030983,1.524574047998588
bv_portable,2,float,lookupApply,0,65536,9.683513641,9.715986252,9.819889069,10.071269035,10.0847897525,10.177480698,0.9634297283779689
bv_portable,2,float,lookupApply,1,65536,9.685993195,9.719371795499999,11.526966095,10.063806534,10.0817317965,10.187924385,0.9640577622660227
bv_portable,2,float,lookupApply,2,65536,9.690666199,9.714841843,9.756565094,10.068548203,10.08551693,10.107816696,0.9632467934392729
bv_portable,2,float,prepared,0,65536,2.100658417,2.1692276,2.18744278,0.77838707,0.788037777,0.804738998,2.7526949383798387
bv_portable,2,float,prepared,1,65536,2.168178558,2.1815299985000003,2.218723297,0.777794838,0.7874641419999999,0.808904648,2.77032296729011
bv_portable,2,float,prepared,2,65536,2.170372009,2.1779060365,2.195072174,0.776878357,0.7873301505,0.807624817,2.7661915844539986
bv_portable,2,float,vienot,0,65536,1.139450073,1.168203354,1.196193695,0.776199341,0.7874307629999999,0.795384407,1.4835632653584812
bv_portable,2,float,vienot,1,65536,1.168346405,1.1713981625,1.194763184,0.775234222,0.7859544755000001,0.8171978,1.490414774665915
bv_compiler,2,double,brettel,0,65536,3.838348389,3.8552761075,3.915596008,4.176427841,4.194068909,4.21450901,0.9192209739871013
bv_compiler,2,double,brettel,1,65536,3.836250305,3.858041763,3.903007507,4.200521469,4.2169122695,4.271027565,0.9148973268674259
bv_compiler,2,double,brettel,2,65536,3.829479218,3.8514614105,3.888320923,4.211933136,4.2356204989999995,4.260900497,0.9093027601054682
bv_compiler,2,double,lookup,0,65536,8.521938324,8.5397720335,8.561134338,5.878470421,5.906322002,6.009394646,1.445869702093496
bv_compiler,2,double,lookup,1,65536,8.514118195,8.5388660435,8.627700806,5.879327774,5.9087777135,5.972631454,1.4451154633877903
bv_compiler,2,double,lookup,2,65536,8.510780334,8.55140686,8.648204803,5.882062912,5.9071817395,6.001206398,1.4476288756817246
bv_compiler,2,double,lookupApply,0,65536,11.600971222,11.620140076,12.781143188,10.297665596,10.3211221695,10.511673927,1.1258601424502788
bv_compiler,2,double,lookupApply,1,65536,11.600589752,11.6231918335,11.842060089,10.300556183,10.3227849005,10.452661514,1.1259744289486273
bv_compiler,2,double,lookupApply,2,65536,11.607646942,11.634206771999999,11.853408813,10.293696404,10.3121027945,10.455939293,1.1282089602719194
bv_compiler,2,double,prepared,0,65536,1.919746399,1.94067955,1.960754395,1.2140131,1.2219586370000002,1.254590034,1.5881712287451182
bv_compiler,2,double,prepared,1,65536,1.920413971,1.9461631775,1.967525482,1.213439941,1.24170208,1.301312447,1.5673350386108718
bv_compiler,2,double,prepared,2,65536,1.915836334,1.936388016,1.97429657,1.215025902,1.2265872955,1.25705719,1.578679335016804
bv_compiler,2,double,vienot,0,65536,0.92792511,1.024436951,1.094818115,1.217460632,1.222462654,1.239066124,0.8380108362803204
bv_compiler,2,double,vienot,1,65536,0.919628143,0.96116066,1.129722595,1.217843056,1.2328400615000001,1.283178329,0.7796312676849201
bv_compiler,2,float,brettel,0,65536,2.405357361,2.4610042575,2.493572235,2.152457237,2.2146968840000003,2.227404594,1.1112149365809103
bv_compiler,2,float,brettel,1,65536,2.449321747,2.46925354,2.491378784,2.164888382,2.1768341065,2.200182915,1.1343324383915334
bv_compiler,2,float,brettel,2,65536,2.449703217,2.467918396,2.496623993,2.1658535,2.1754107475,2.193863869,1.1344608823120654
bv_compiler,2,float,lookup,0,65536,6.814575195,6.923580169999999,7.048892975,4.510377884,4.5298609735,4.553174019,1.5284310513067447
bv_compiler,2,float,lookup,1,65536,6.811618805,6.94270134,7.058811188,4.516263962,4.5378923415,4.613320351,1.5299396322181347
bv_compiler,2,float,lookup,2,65536,6.96849823,7.0829391479999995,7.150554657,4.521471024,4.538579941,4.584255219,1.5606068946841978
bv_compiler,2,float,lookupApply,0,65536,9.689426422,9.725856781000001,10.576248169,10.065580368,10.082730293000001,10.13095665,0.9646054687937292
bv_compiler,2,float,lookupApply,1,65536,9.686183929,9.720993042,9.951877594,10.066086769,10.085890293,10.130966187,0.9638210172429446
bv_compiler,2,float,lookupApply,2,65536,9.687995911,9.731578827,9.798049927,10.066067696,10.078984736999999,10.178124428,0.9655316563061486
bv_compiler,2,float,prepared,0,65536,2.106380463,2.1525382994999998,2.233028412,0.777177811,0.7901535035,0.839603424,2.724202689686612
bv_compiler,2,float,prepared,1,65536,2.168941498,2.1809577940000002,2.225780487,0.780718803,0.787820339,0.850749016,2.7683441084655724
bv_compiler,2,float,prepared,2,65536,2.167797089,2.179002762,2.211952209,0.776094437,0.7873563765,0.838657379,2.767492366907884
bv_compiler,2,float,vienot,0,65536,1.137924194,1.160764694,1.189613342,0.776236534,0.7869243619999999,0.80419445,1.4750651397421093
bv_compiler,2,float,vienot,1,65536,1.170063019,1.173734665,1.189136505,0.776208878,0.7863292694999999,0.806850433,1.4926757918426947
bv_vienot_index,2,double,brettel,0,65536,3.847312927,3.8602828980000004,3.883647919,4.1760149,4.1932377815,4.237203598,0.9205971850752296
bv_vienot_index,2,double,brettel,1,65536,3.846263885,3.8566112520000004,3.88507843,4.20595932,4.2274909019999996,6.258676529,0.9122695569079667
bv_vienot_index,2,double,brettel,2,65536,3.831005096,3.8527965545000002,3.899383545,4.214624405,4.246380329,5.183971405,0.9073131128146765
bv_vienot_index,2,double,lookup,0,65536,8.517456055,8.550739287999999,8.582210541,5.882662773,5.891439914999999,13.594704628,1.4513836025432842
bv_vienot_index,2,double,lookup,1,65536,8.515453339,8.545684814000001,8.621692657,5.8910532,5.906956195999999,6.099640846,1.4467154538553821
bv_vienot_index,2,double,lookup,2,65536,8.526706696,8.5627555845,8.666419983,5.880084038,5.9128713605000005,6.28225708,1.4481552299111613
bv_vienot_index,2,double,lookupApply,0,65536,11.60030365,11.6363048555,11.758518219,10.268497467,10.322401046500001,10.390137672,1.1272866461089015
bv_vienot_index,2,double,lookupApply,1,65536,11.601924896,11.621618271,11.676597595,10.280058861,10.3158192635,10.411559105,1.1265821913069232
bv_vienot_index,2,double,lookupApply,2,65536,11.602783203,11.62314415,11.771869659,10.277555466,10.318026066,10.387818336,1.1264891245332893
bv_vienot_index,2,double,prepared,0,65536,1.938724518,1.956701279,1.980304718,1.213983536,1.2232842445,1.246965408,1.5995475195544382
bv_vienot_index,2,double,prepared,1,65536,1.937675476,1.9527435305,2.015399933,1.210705757,1.2180395124999999,1.26065731,1.6031857016625315
bv_vienot_index,2,double,prepared,2,65536,1.930618286,1.952123642,2.011966705,1.213734627,1.2252240185,1.274512291,1.5932789535010246
bv_vienot_index,2,double,vienot,0,65536,1.070785522,1.085948944,1.148796082,1.218835831,1.230330467,1.312739372,0.8826481771584058
bv_vienot_index,2,double,vienot,1,65536,1.064586639,1.0904788975000002,1.113891602,1.216859818,1.2239627835,1.85915947,0.8909412215800434
bv_vienot_index,2,float,brettel,0,65536,2.398777008,2.4503707885,2.47926712,2.151741982,2.2001886365,2.260329247,1.1137094101158447
bv_vienot_index,2,float,brettel,1,65536,2.448940277,2.4670600890000003,2.506446838,2.159968376,2.1716256145,2.202591896,1.136043005077568
bv_vienot_index,2,float,brettel,2,65536,2.446365356,2.459526062,2.476406097,2.160225868,2.168835163,2.220554352,1.1340308862375266
bv_vienot_index,2,float,lookup,0,65536,6.79769516,6.9802761075,7.165336609,4.522752762,4.544901371,5.043851852,1.535847653821397
bv_vienot_index,2,float,lookup,1,65536,6.784915924,6.973838806,7.266330719,4.523602486,4.541059017,4.603345871,1.5357296128265667
bv_vienot_index,2,float,lookup,2,65536,6.799411774,6.975221634,7.087612152,4.510752678,4.535034656500001,4.635162354,1.5380746041273388
bv_vienot_index,2,float,lookupApply,0,65536,9.705162048,9.7269535065,9.797477722,10.066961288,10.089002132000001,10.449882507,0.9641145258209762
bv_vienot_index,2,float,lookupApply,1,65536,9.707927704,9.730291367,9.785175323,10.060149193,10.082388401,10.138633728,0.9650780132646866
bv_vienot_index,2,float,lookupApply,2,65536,9.711742401,9.7375392915,9.805679321,10.057675362,10.082971096,10.143429756,0.9657410696498936
bv_vienot_index,2,float,prepared,0,65536,2.153015137,2.176141739,2.21452713,0.77694416,0.788902283,0.809936523,2.758442694226555
bv_vienot_index,2,float,prepared,1,65536,2.175426483,2.187919617,2.251815796,0.775788307,0.7871723175,0.819367409,2.779467174288684
bv_vienot_index,2,float,prepared,2,65536,2.174663544,2.1847724915,2.304363251,0.776486397,0.78719759,0.80728054,2.7753800561051007
bv_vienot_index,2,float,vienot,0,65536,1.074314117,1.088380814,1.119804382,0.777297974,0.786274433,0.812841415,1.3842251106236847
bv_vienot_index,2,float,vienot,1,65536,1.090908051,1.093530655,1.125144958,0.775616646,0.7864656445,0.913041115,1.3904366486284576
bv_vienot_static,2,double,brettel,0,65536,3.844261169,3.8605213165,3.897571564,4.169537544,4.1983203885,4.239934921,0.9195394727555105
bv_vienot_static,2,double,brettel,1,65536,3.844356537,3.857135773,3.896427155,4.205300331,4.224080562499999,4.285234451,0.9131302577991494
bv_vienot_static,2,double,brettel,2,65536,3.828716278,3.857755661,3.885936737,4.214634895,4.230319023,4.267529488,0.911930197232314
bv_vienot_static,2,double,lookup,0,65536,8.50982666,8.5337638855,9.871578217,5.877170563,5.9092068675,7.345611572,1.4441470872232924
bv_vienot_static,2,double,lookup,1,65536,8.519458771,8.545732498,8.759117126,5.882998466,5.9071478845000005,5.962398529,1.4466765798133285
bv_vienot_static,2,double,lookup,2,65536,8.514499664,8.539915084499999,8.611392975,5.878087997,5.9243602755,6.064258575,1.4414915176270662
bv_vienot_static,2,double,lookupApply,0,65536,11.610412598,11.650848389,12.620258331,10.289861679,10.328683853000001,10.430556297,1.128009004324009
bv_vienot_static,2,double,lookupApply,1,65536,11.60364151,11.638689041,11.721897125,10.286613464,10.3259949685,10.404880524,1.1271251900184382
bv_vienot_static,2,double,lookupApply,2,65536,11.605167389,11.639404297,11.689376831,10.290979385,10.334145069,10.53808403,1.1263054872255926
bv_vienot_static,2,double,prepared,0,65536,1.916313171,1.9495487215,1.998519897,1.213151932,1.223341942,1.249497414,1.5936253426517442
bv_vienot_static,2,double,prepared,1,65536,1.923561096,1.9464969635,1.984024048,1.215492249,1.2288212775,1.256883621,1.5840358554501022
bv_vienot_static,2,double,prepared,2,65536,1.919174194,1.9482612609999999,1.968383789,1.215071678,1.22201395,1.238347054,1.5943036174014216
bv_vienot_static,2,double,vienot,0,65536,0.907611847,0.9373664854999999,0.993251801,1.215730667,1.2369618415,1.284926414,0.7577974146423981
bv_vienot_static,2,double,vienot,1,65536,0.922203064,0.9454727169999999,1.117610931,1.218014717,1.227851391,1.25784874,0.7700221084816933
bv_vienot_static,2,float,brettel,0,65536,2.42061615,2.4634361265,2.491283417,2.152172089,2.2079463004999997,2.229105949,1.1157137861288309
bv_vienot_static,2,float,brettel,1,65536,2.440071106,2.471780777,2.488517761,2.161362648,2.174835205,2.230434418,1.1365370448838215
bv_vienot_static,2,float,brettel,2,65536,2.447986603,2.471160889,2.499198914,2.161295891,2.172150135,2.248903275,1.137656577776103
bv_vienot_static,2,float,lookup,0,65536,7.039642334,7.1100711825000005,7.213878632,4.52172184,4.539692879,4.597929001,1.5662009241616806
bv_vienot_static,2,float,lookup,1,65536,7.040500641,7.100629806500001,7.172489166,4.515633583,4.539712429,4.575752258,1.5641144494397228
bv_vienot_static,2,float,lookup,2,65536,6.817436218,7.0084095,7.221508026,4.524501801,4.543653965000001,4.607893944,1.5424611015685035
bv_vienot_static,2,float,lookupApply,0,65536,9.710121155,9.775257111,9.894752502,10.064849854,10.084524631499999,10.177060127,0.9693324641665337
bv_vienot_static,2,float,lookupApply,1,65536,9.701538086,9.7613811495,9.831619263,10.073059082,10.078716278000002,10.203518867,0.9685143306203899
bv_vienot_static,2,float,lookupApply,2,65536,9.717941284,9.776115417500002,10.439586639,10.071615219,10.0816926955,10.313289642,0.9696898837100646
bv_vienot_static,2,float,prepared,0,65536,2.107048035,2.1718978885,4.790592194,0.776753426,0.7871155734999999,0.806725502,2.7593125604698767
bv_vienot_static,2,float,prepared,1,65536,2.16999054,2.1811962124999997,2.283859253,0.776036263,0.787053585,0.84264183,2.7713439771702455
bv_vienot_static,2,float,prepared,2,65536,2.167510986,2.1780967715,2.208328247,0.77646637,0.7874069214999999,0.827125549,2.7661641167069675
bv_vienot_static,2,float,vienot,0,65536,0.925922394,0.9356498719999999,0.963306427,0.775770187,0.7859025,0.820466042,1.1905419209125814
bv_vienot_static,2,float,vienot,1,65536,0.934505463,0.93832016,0.958347321,0.778711319,0.790239334,0.812621117,1.1873873137274131
